0.47629338588257,0.265033285487771,0.560323782603109,0.169742800352697,0.482520649241314,0.004268251667859,0.0755997753349916,0.0334175172842583,0.0871244131010622,0.311289306618162,0.0786843742275126,0.242863541355629,0.282861479732557,0.354500203976395,0.606970297643014,0.419536248104155,0.629225179220269,0.0782780438701109,0.259941456126304,0.606088419764418,0.177179754899954,0.417587683829035,0.0789946198647131,0.0005515636761787,0.532954374428378,0.0755390876814391,0.0846502631794932,0.319951610496472,0.255624570780352,0.105871554369962,0.219623975574482,0.357669830035923,0.0118812769010043,0.243528593720567,0.0013413450528359,0.203742595822063,0.237199877990326,0.296573436924747,0.163481531483735,0.211603769424148,0.0513977704870269,0.167559769167354,0.197453840317005,0.218360972707667,0.469751461421004,0.150241493549775,0.101266796989241,0.0719104040347852,0.324212578433292,0.326388387707997,0.412655239840048,0.50768571663546,0.0007802892821798,0.355098598858329,0.436635103695651,0.196931106758349,0.359205563111031,0.175585975230205,0.102506040334905,0.0042391448340517,0.0001099009642003,0.150277749025291,0.326182057889375,0.185317609065483,0.0579024294601002,0.49811007457054,0.247210297725719,0.0312346246840544,0.0159557549301336,0.30134744162671,0.135465300308618,0.0043788346668366,0.0751865825958045,0.550457059475397,0.155310710900474,0.431906666785457,0.321744386487273,0.135698470041787,0.0930219514060628,0.0488261538562899,0.0676123141481484,0.11529547735019,0.280769004940488,0.0160049496628302,0.0885195357031817,0.421831832177913,0.279061614420521,0.233383319029891,0.0058607654459146,0.447104892507236,0.279293395052333,0.0022417666943303,0.261539395410951,0.283963844765473,0.702362215990385,0.733984280494538,0.0694112639437992,0.231681168704069,0.202293387650409,0.312211107387431,0.108101848758958,0.22225779924597,0.101124841376421,0.319698915035626,0.268611372712711,0.0003715902744491,0.301004694237346,0.150501672240803,0.0567302472528399,0.206467385789497,0.386621693700331,0.266422072049597,0.145533436922806,0.332738703583264,0.0818120256200446,0.140571338601273,0.412416575519213,0.22946812457714,0.0155208767573511,0.462094093072575,0.106718070707899,0.0754216914952313,0.0100605243911569,0.000479490350892,0.43543917843561,0.152669732430391,0.109334792741065
0.107518844434521,0.125699157660941,0.220006029897606,0.0799161384398932,0.134878408119162,0.0047528633364519,0.0881810158067881,0.221009847723822,0.0431302034582984,0.0684110323936784,0.0353001257711291,0.251823572068421,0.196640501210681,0.435145604140384,0.641039737355592,0.27378882456526,0.4752234115683,0.386377372523622,0.153697084455917,0.318970645726038,0.514366743422078,0.232440770359721,0.0215825694063569,0.0343935764958142,0.259004133044676,0.135093181276077,0.109482359463389,0.483740487305749,0.528287846412537,0.162894759487135,0.183776313675076,0.211261237109717,0.206577295552367,0.193557314183257,0.0997284594161332,0.0484736914720408,0.324131770447514,0.11986044004843,0.142510435880012,0.3000948236574,0.034611170630886,0.0756794911771867,0.173749781118468,0.19505912099353,0.557354349748493,0.087678630256028,0.0663413733126049,0.117201609463945,0.949553507393381,0.110883374514,0.349252206387514,0.43166052408612,0.0274674910590684,0.124588090295797,0.443929773702426,0.23608243582127,0.549485514870031,0.164005988538067,0.04073253732392,0.0713929055465542,0.0059498781329095,0.292329875243886,0.42719881744272,0.234422306161875,0.0813236368821632,0.216764785798388,0.129008179347227,0.187108997539949,0.0274639699914449,0.322856250254683,0.459199671599272,0.0336140159788648,0.026262600555241,0.260210503091357,0.0879408530805687,0.168874673699028,0.624198735886931,0.0900660928629697,0.0175458277031334,0.0969179987745546,0.139051869368061,0.11332217532428,0.301671713401387,0.0391241731064853,0.235076173696756,0.154882151354602,0.394156281003411,0.246494638499574,0.024538507409363,0.530863678877114,0.0545890821835633,0.0371131307815315,0.274213912832342,0.123156464150374,0.389229096320037,0.206825640039454,0.0606989059701893,0.148435322099444,0.222295866405858,0.395388467691452,0.0672830681114689,0.0975278034440592,0.136872127835204,0.455510580117807,0.251305420730116,0.0482473691848321,0.0960300771044415,0.0412486064659978,0.133495628483473,0.149689562650292,0.486141649494822,0.0639070693304332,0.314286551936439,0.084340177769519,0.147075421122429,0.0360260182442605,0.390518263329906,0.474846679325171,0.0046943251227955,0.53673392915514,0.173069272414076,0.0304445495388981,0.0534468957494716,0.0016544958574066,0.169295203632038,0.0753144174828048,0.0449546145364232
0.151410723733067,0.385732006651007,0.121041925598187,0.0854286269377507,0.0080757426103557,0.0032730396922945,0.379796196742357,0.0144414441958035,0.245491441412423,0.177326548378193,0.121256407400667,0.210561788167043,0.425910963732341,0.723495522617145,0.710537522842011,0.157801997215357,0.282510065795934,0.124720037806651,0.171894502682182,0.236890860571448,0.210577828337104,0.402866385119957,0.049345112173209,0.0723173430050868,0.38465100663371,0.132100990195454,0.0721680136645828,0.446132037262049,0.165053725387422,0.098528525944411,0.266900208902459,0.420326881489822,0.711778156384505,0.270651408000335,0.0802026194396886,0.0376147267886115,0.269924615451654,0.161008232405084,0.0882732089681968,0.304479498978257,0.0389148044396019,0.148344360960066,0.23097514154339,0.185220495277757,0.357333518499987,0.035906090584433,0.15452460479936,0.144269529584098,0.332628354191293,0.0278287706553959,0.163408318213046,0.236039575176962,0.0001012549591451,0.0797483134405812,0.22764727198248,0.132502387156607,0.475758897641836,0.383845972225203,0.169619630569444,0.032262337847615,0.0007294847304029,0.223900718218578,0.245021074289367,0.191935065309535,0.0426536905334831,0.199532047217945,0.163631038055854,0.0274757687130518,0.0665732555333757,0.343421034759104,0.242591200443143,0.070859023307822,0.211909897414036,0.301844785309913,0.361634881516588,0.0414613828924744,0.526569507563038,0.0918307889523366,0.0242459781250797,0.177119388690804,0.318351279221156,0.171649855176084,0.0755835898640317,0.0005337871679644,0.147528241268525,0.0245451221441465,0.313094680189874,0.370210764536828,0.151537958373066,0.551307535659561,0.802872261368622,0.0081776410339453,0.14482214398446,0.0691105726016956,0.481113718308247,0.1408583073306,0.0931414467166963,0.677965800103205,0.528996295093387,0.255703554288099,0.112827296251264,0.0952579893289258,0.284724703389308,0.150542482186786,0.518515068827093,0.0150241203864539,0.146222307185794,0.356744704570791,0.300223549206114,0.0748353419530533,0.130176016208687,0.0138051675158581,0.0536222111466182,0.0955514261822912,0.122188990152648,0.215605042264886,0.443523509493526,0.312490451559397,0.0324997935785821,0.053552208819332,0.101478549749815,0.0016020335776779,0.0012381297905545,0.0017578489012385,0.350742993081034,0.28115350464503,0.166249826446286
0.384749234331089,0.137100883755586,0.0551086844518963,0.20841134863821,0.284108536124572,0.007327267279387,0.0102383053839365,0.0165815834975477,0.081989639504788,0.503853694096664,0.0382610443621665,0.280558162351235,0.273737078005059,0.478964850087447,0.611228977607086,0.335831517985819,0.681233428262791,0.421639094873695,0.135806624000769,0.6438563391294,0.281141690407081,0.335999041543116,0.0029087988717386,0.0153347475991697,0.461967113158981,0.0865275222884517,0.0668796466782396,0.56281842211848,0.61344502449541,0.0386082666437197,0.193784348385023,0.465000089360713,0.0149748923959828,0.134165257774873,0.0029716790804698,0.0115833707438853,0.385724868185978,0.102437270135992,0.131755101672224,0.0836910659943253,0.0292726009062518,0.0276644639889966,0.163452621065807,0.0945891276864728,0.281963882971952,0.253573152352715,0.136638601135961,0.0811555506109659,0.549041943815954,0.414519826424473,0.31403456233375,0.583611454844861,0.0381458088251534,0.602413077322263,0.496762300893321,0.436191843080971,0.372220368992328,0.155991757711048,0.046548505526128,0.0232745355792649,1.77637437695133e-05,0.218620370339454,0.340744291963804,0.265260517286122,0.0142862235531077,0.256308305407119,0.392143165347536,0.0712351310409432,0.0285991620418102,0.68076024503878,0.373768497269922,0.0501972735120479,0.0296559754149991,0.615633790810672,0.105956398104265,0.489315592063648,0.33098270985844,0.095077163833719,0.0086505366749101,0.0516717507278703,0.145424909188454,0.117958368709909,0.0615589796928342,0.0141095430631642,0.112680070473624,0.537575682015575,0.314917215515002,0.235957938716111,0.0051081391347293,0.441086270599187,0.100421706703435,0.0057688804323624,0.232645380599733,0.420782788152473,0.310747295827849,0.258152865056668,0.0588135292080012,0.462947146153253,0.158110306576981,0.409067196974966,0.0291855395071461,0.278745981066924,0.139770473221876,0.292942341053209,0.224466821442822,0.0013148578942045,0.356252256844878,0.234113712374582,0.191611678507244,0.0380052718893139,0.42365531981842,0.15422174799648,0.253393532498754,0.413452878689337,0.0797522643266274,0.000472343314866,0.211143349292325,0.209192692987625,0.0109353004790991,0.819411778775243,0.103589738331556,0.0967742571135808,0.0478724323203704,0.0043128716897375,0.275105124725671,0.0274063373842056,0.0164967863767028
0.0015361915070208,0.0404460803521217,0.0054714324059927,0.101500669312604,8.36907452950886e-05,0.274872655671944,0.0282756960603386,0.0029982503783139,0.146259573226419,0.272787753108788,0.145457163114017,0.614405152924114,0.34363804969133,0.286755805922182,0.436700529624927,0.213584795048931,0.591770598055583,0.100602895241898,0.567368909615729,0.343259735182636,0.606307669655627,0.173675382633959,0.0005941654261014,0.0005013800497274,0.472452157403012,0.21072842868757,0.0383387249383282,0.0405368676856174,0.316496764233832,0.0668617158592204,0.0074883496705768,0.0188524297177989,0.0047973457675753,0.139267500296507,0.0042257821786497,0.0038258657426126,0.0057083097302714,0.0006366924633071,0.154092061506785,0.408142338395496,0.0038756984299931,0.141610318270549,0.0561033899074536,0.201551275377408,0.279911392310274,0.600775537409337,0.432019332892084,0.319638056034563,0.0796221590998324,0.0880395859276279,0.0454771257949161,0.395482095349936,1.94953578055559e-05,0.163839517384536,0.685394379585427,0.648434084086734,0.119576095045033,0.143633690356093,0.134128171674862,0.214474233947806,0.490074166558327,0.406778222606578,0.23453386868021,0.0138404313601107,0.0638602213785359,0.0098873894272861,0.0003924322928313,0.297036546308447,0.412110360409766,0.0963074394534168,0.419428068370658,0.0042868316309681,0.0280695726680622,0.138561980072909,0.104778009478673,0.0078134048448455,0.138776332579641,0.0637121880566701,0.0068811666624174,0.118444151492845,0.0929780377871712,0.572259618704831,0.0186631325543747,0.0006603016590729,0.0320240439423774,0.0530096271609776,0.427760326599611,0.279650120484871,5.64798104379944e-05,0.245175926396809,0.0020682430678043,0.0027478088375199,0.507988345271337,0.711293836783708,0.0279180735992674,0.0589698575070874,0.596488469802655,0.0988866943065416,0.201088301009089,0.349179876949926,0.325944532777503,0.0063855675196004,0.137857750070842,0.101141809842107,0.180994960000828,0.0025373679095518,0.178614668960683,0.0836120401337793,0.17409526635399,0.0900114924355232,0.0345010187988534,0.0022521149257201,0.0562901287050339,0.0542116510266654,0.0079851020005078,0.0318044498676455,0.0251599719680645,0.0187258560859032,0.287193615234505,0.0084270782673863,0.0398152325486014,0.0042188854733191,0.003057892645509,0.0819869199098626,0.0195841919217302,0.0863405648249997,0.0225747463936628
0.365867183745977,0.169020032199319,0.377058147803731,0.141503572869675,0.0934887771539181,0.0025392428439519,0.129214474845543,0.0019371729093819,0.0444148442325693,0.153121527605755,0.0175020169560127,0.24064966087958,0.245886385711575,0.28232218037976,0.365088890265432,0.15008871331277,0.140037317097123,0.0850196475219893,0.226682766540124,0.293236788876991,0.0536479388758927,0.042172102914308,0.0218894460550027,0.0004580396450648,0.340059660943693,0.0082297742993764,0.0521380333469091,0.12760599859308,0.184877695116796,0.0451768350400138,0.202783223525631,0.332429002913159,0.0213190459110473,0.227519552007293,0.0067339883750095,0.123036537750825,0.187066974595843,0.125451188176308,0.020440553299183,0.315454050954852,0.0045433990209081,0.0596089855580093,0.327454877977599,0.117133933219305,0.161035762352216,0.108993322673251,0.181153508704419,0.0830653983794107,0.438618129201737,0.247074816720882,0.252548135360333,0.184122497145469,0.001192455257668,0.210073949143747,0.0318675720670332,0.120367592706967,0.482810294834621,0.145541329498379,0.0241341920483163,0.0127174345021552,0.0002742643955622,0.113957236333201,0.136853039292064,0.1749805368934,0.0224854285867066,0.409253388883857,0.259462626020844,0.0525252440007258,0.0121717814289161,0.256730416593092,0.0804210849093931,0.0127946791191347,0.0685758641971381,0.339893795724751,0.105219336492891,0.377277424872821,0.431955047124404,0.134233439326086,0.0187594013716442,0.0501156865998202,0.0373224348087575,0.0371250929269868,0.0675060183360035,0.0105024358372226,0.0764716550937921,0.215492720173245,0.450394342376508,0.341914380915441,0.0084575232420987,0.138863891142985,0.08486959324553,0.0018470538226423,0.0890251305086804,0.121689545327073,0.166306587306129,0.253155997791577,0.0381293483498799,0.250255046056573,0.101259119591133,0.0800884620005438,0.107113112337382,0.121723229051994,0.125137063092143,0.126283188442728,0.147637593817233,0.0097339061833501,0.0625969115741626,0.103678929765886,0.0500035403720425,0.0719020570751634,0.500462392699951,0.373694702171227,0.0709392437968474,0.230111183375143,0.109153240597049,0.0181261747079836,0.327069811308397,0.124598965494664,0.0159337195931182,0.263089078283332,0.189151833319662,0.181764798612753,0.0150533547558581,0.0001609596584266,0.317423062103165,0.0740421697125515,0.21240235074225
0.637912623950997,0.27197055366181,0.0396294030019731,0.555023473977937,0.271148485611821,0.0162765313422979,0.0086656503249618,0.0110372610327649,0.110183525524183,0.3807973501872,0.0170592373868943,0.20566906965832,0.162343732918841,0.503960373377782,0.673405705082541,0.657945226468766,0.524815869586566,0.17748436780564,0.204306284682992,0.433566195842469,0.248318518866985,0.202653727498727,0.0338511060617932,0.0007769337804238,0.313401329829314,0.002272866346717,0.128401240714386,0.413274605103281,0.191165583614378,0.109141496715716,0.152608066848787,0.278785766625561,0.0690459110473458,0.177941289327848,0.0009542088790499,0.0108749732353047,0.0955379319360321,0.280319276125266,0.52069905157097,0.155834227664986,0.0079577770426326,0.10585133420757,0.119118572179022,0.154339257827025,0.529995295950092,0.209534097488314,0.284513676174058,0.0399436316775139,0.413949792223103,0.399417915755246,0.261169341342681,0.48340355702272,0.0132462428419059,0.639692527244421,0.719005530084605,0.457416459322263,0.287911523953709,0.145112043615446,0.0954716251974188,0.0036990614777903,0.0007564231550204,0.185670854883786,0.433171530732506,0.404400103803235,0.0116704989038019,0.219675150197748,0.220052471284098,0.0478895466839953,0.0412617632219712,0.402826639138289,0.243469078895307,0.0004762373771023,0.0313229708148553,0.467018006588877,0.164828815165877,0.30189855937564,0.473378256359742,0.136647410391729,0.0022639777681462,0.0455810593813956,0.12569069741217,0.154111536758463,0.0167926253365655,0.050062766207575,0.0434760078764639,0.701537056031145,0.313856671243682,0.358895265204152,0.0021462327966437,0.490966539380847,0.0468891296367592,0.0080005262838289,0.510671360932378,0.503325735077337,0.154119927888743,0.312330568668929,0.0742327155688661,0.428249019852073,0.172342085887407,0.417646240523058,0.120759456462194,0.225829732430287,0.133314647578449,0.356664151091335,0.233930474919019,0.0057827362236753,0.107563881985599,0.215161649944259,0.16930396285644,0.113687797487711,0.477891489288222,0.0963170742694369,0.101292913893694,0.334914676824925,0.0894726446770689,0.0011316558585331,0.533137284439001,0.202536065824221,0.0036732943045813,0.0878425244560668,0.227594126814863,0.0041045952549854,0.0097898634601984,0.0002236492096033,0.579821078554556,0.235723657182236,0.148208956803648
0.0008178460313839,0.171580141993719,0.181192062415801,0.851109436346984,0.883521126527149,0.0054744302373221,0.654529407044853,0.0575885023392519,0.257443526964193,0.268456328338984,0.0569039657294046,0.159983790470503,0.280966609828947,0.47895946457206,0.606668318518289,0.322814310489933,0.774781498576058,0.287089446171358,0.114434226900965,0.534750905104278,0.256962208600801,0.387830592745679,0.0550582412703387,0.0247583202171582,0.569345234649656,0.326688321338344,0.0208367853542432,0.844244953209269,0.331163402843801,0.216705389668129,0.736281536236542,0.374603685235823,0.303779591104735,0.220847567597737,0.0356710542099696,0.170380290148767,0.118545470390867,0.310736285966957,0.0342707752464764,0.262709310360036,0.0131567366437119,0.154359721326391,0.180366488751111,0.128355767085595,0.41022787071283,0.111564219335025,0.126910585374113,0.0972835660380857,0.341382310537728,0.129832604853239,0.323917064491694,0.424145983670362,1.32128006389814e-05,0.5974993513233,0.477493658521214,0.60215951892177,0.351789792409741,0.31305673012943,0.305898848144463,0.293092028165857,0.0001585072520971,0.310313999419014,0.436187850821997,0.440168968599521,0.35196424433631,0.223050448328956,0.340035967710948,0.0954837185162055,0.119617434795007,0.198116026677171,0.217921579488803,0.0010175952909277,0.117347144369013,0.305951551194171,0.480865971563981,0.0390603422930606,0.649316826732932,0.297051625684652,0.058437651378018,0.069685079692884,0.124829568171023,0.165383631038223,0.093072412954311,0.0004217149703615,0.260881956679449,0.212084606704963,0.34416782692878,0.25431928338225,6.17337462926915e-05,0.776638814141329,0.268110556993079,0.0010930510292897,0.178608716765813,0.25698763905168,0.523947662107251,0.115262932612081,0.0612306461282031,0.263824385961791,0.435412499687706,0.288641264140325,0.382017467676781,0.0690143436394889,0.327861076545887,0.388625025727475,0.285512560901427,0.0135685419149432,0.378194099279934,0.0914158305462653,0.2461738693569,0.106119780912174,0.311088599046051,0.181327026713975,0.214997019359504,0.443309486202732,0.223780367371124,0.0477165152871946,0.578204515237453,0.343612911674196,0.0391314592282457,0.105980275693819,0.9494945041424,0.0040021281626862,0.0078146145385231,0.0006379085410277,0.561372736258397,0.332772307406867,0.241325271724411
0.384965223342345,0.156308812990172,0.0642413078517154,0.477575359048316,0.483628515839924,0.0020729760965676,0.0533739870015245,0.0586264570546237,0.115655564692463,0.0595783230591749,0.0573657603720435,0.145590368126946,0.321502752461886,0.612506782383441,0.532466627435191,0.347565213722473,0.414023372287145,0.560189335378676,0.228182421674917,0.400455526660208,0.216042756572118,0.500614011441579,0.0276515448301079,0.0056333401765551,0.613157051838645,0.0384414131234304,0.045147787790144,0.915297051864168,0.692603170534346,0.0521182915985429,0.3587273019444,0.600317230532769,0.0157146700143472,0.1049982907255,0.0648643932867316,0.121356810540621,0.407599459671445,0.140486998569102,0.137399168741802,0.123921289013687,0.0359040817751124,0.112651585372626,0.139223246191461,0.199409533724994,0.72703235719192,0.0122120327595057,0.0270291070851355,0.111331145352395,0.309371371495041,0.363672746883894,0.417355153522293,0.38166941759921,0.0003217273776504,0.237558380902958,0.549558065888359,0.155003421427745,0.355926201534474,0.46101547575608,0.054969043782647,0.0228363547430528,1.77637437695133e-05,0.61862766048618,0.447913545474521,0.44003921455552,0.0363973406056717,0.366594209461703,0.215510209223734,0.146358239059526,0.0482100160133371,0.265678271145461,0.367034798607264,0.0004563072484255,0.115118121258009,0.34226559091798,0.0859207582938389,0.455320153595324,0.317580424903177,0.159688348011387,0.0,0.0681368018749435,0.0771428278527469,0.115516877165757,0.609969887350171,0.0623317833863943,0.240387604933154,0.433360538173909,0.306340413900414,0.165887358098141,0.0004518384835039,0.467062306666696,0.0721288578105274,0.0313897941420562,0.139990287726114,0.206727692407257,0.412779717278086,0.215128938406089,0.0500500423730438,0.192622051400677,0.340951832295048,0.331625007113635,0.0410058388894085,0.161212708926072,0.245543139453226,0.643882741519734,0.27539921554017,0.0010334167395921,0.0889356188534166,0.0668896321070234,0.230855859652909,0.0179418865057096,0.522979574138242,0.388877397416231,0.306947335502849,0.443700331382204,0.172794221382015,0.0140522136172641,0.421864254697642,0.350313188851786,0.0094208721254558,0.141458514378652,0.0941380936756624,0.0143966264680381,0.051874758852628,0.0009378017993595,0.284932401869629,0.0299375803437719,0.0331486036942192
0.507384882710686,0.235219477136656,0.108222668598609,0.310095625236181,0.215883177663023,0.0014293751108339,0.458252427184466,0.0848168292538801,0.159138191726004,0.911198714727552,0.0858068774804484,0.259512434415391,0.223128470420302,0.549134076444698,0.555626103385263,0.454172190430509,0.43319257586173,0.365065368571162,0.196134920884408,0.372240069348835,0.126867591112175,0.205079821487405,0.0020338739585781,0.005778416478478,0.73107810335313,0.0189147437842725,0.078797442381577,0.518537762998017,0.575394403836626,0.144537188423257,0.508134340350313,0.276674172966597,0.0647193328550932,0.273923447757827,0.0303492949759539,0.0465325082150722,0.559414353566604,0.221031916226074,0.115570174943503,0.261393540230223,0.0128987614154039,0.168027500010679,0.144910923323367,0.172660072878709,0.426681153234256,0.0199422341737725,0.0064956054612341,0.127818879679591,0.641529623258449,0.460252017808944,0.452861697817394,0.400621207107925,0.0284234544569335,0.273362091333679,0.426830100885969,0.338425280527665,0.530466244130251,0.213266543604714,0.172771942824018,0.0329450847319454,1.63973019410892e-05,0.3939726068563,0.548730548730549,0.262247340042098,0.0690693902286865,0.266231923436887,0.260501343277471,0.167644638735458,0.0574451049641345,0.411417937816656,0.206897404447258,0.0101421180396633,0.11517326359948,0.586264648217142,0.151024834123223,0.498777206596402,0.612251598797078,0.173656084039489,0.0559671621242638,0.0566400155247045,0.179682133960272,0.122300039405105,0.1484578800359,0.424637512875305,0.249533630428024,0.473384131999702,0.42334406017168,0.297525860726208,0.0021711889919536,0.331081693616325,0.0438091486180376,0.0077120822622108,0.313803569260653,0.398088691062581,0.251076661134322,0.45384644015856,0.0515072149214469,0.251559932857643,0.214832167191565,0.421098724604324,0.0604153583724151,0.314776357746287,0.199018689861643,0.372000666464114,0.287212108876861,0.0084168495301252,0.221606236326175,0.370122630992196,0.215352401889547,0.0097650304301757,0.419917805380639,0.185658185626449,0.344835673869067,0.514745578989749,0.1409666770125,0.120339299947845,0.580257789013839,0.28669329317532,0.0112877272901198,0.113362938395427,0.135727175785415,0.113636005359817,0.272745596001129,0.0007056810287863,0.46296761655861,0.111546973773142,0.33253327406046
0.158454635027108,0.124123705479772,0.121258187748622,0.22422505983249,0.442382236349294,0.0024994955146667,0.0739468827730081,0.0366958099001354,0.016412328004032,0.70548434812765,0.0240839488331536,0.30606257731519,0.188265628592933,0.558041718894946,0.701408461609936,0.378298436469499,0.379200628498478,0.121174849690866,0.125323831202812,0.220267536926555,0.249508645217103,0.333333333333333,0.0086447804852568,0.0008239239033737,0.417229123493523,0.063619027637805,0.111010798179501,0.204088593293684,0.27310134270427,0.071910047901787,0.317846697734212,0.174362411309492,0.0288737446197991,0.1961223887053,0.0159162041025529,0.0211828772427339,0.193058521068456,0.148122563773622,0.0838098807295747,0.333158142338395,0.0664999438524503,0.0504519262394867,0.229050605410103,0.174684316204358,0.36665175802803,0.192922318206742,0.0448381485985192,0.05119133707886,0.605156887524068,0.129183074417817,0.160850494125108,0.544053491134219,0.0021015909356215,0.328107161390763,0.444791059433967,0.25044262883293,0.390007954632932,0.136392174118354,0.0520211367806492,0.010057778728868,0.0026483594694613,0.23877233929122,0.256666866422964,0.141878838557135,0.0271509544944121,0.36376234036772,0.148348225393456,0.0366273255495027,0.017795643494856,1.0,0.390848797182876,0.0349627758497825,0.0152192862460154,0.279570970831432,0.127763412322275,0.300167939203336,0.342206004163962,0.139660712204705,0.0587894857609056,0.0678115736911362,0.0641233738496919,0.0860656237178107,0.417181825044666,0.0039542999618145,0.0752927764535185,0.192188054944698,0.368223772440016,0.411682604061363,0.216882472081898,0.480342190274243,0.272945410917816,0.0039167661882881,0.283343450285298,0.197131598438163,0.571653408115378,0.633438998517379,0.0475805183699608,0.584535905146592,0.110673981444605,0.33953694979987,0.0505146328536626,0.14318633923607,0.111960525829463,0.292724760121924,0.199305922085269,0.0327571118860515,0.125172582255358,0.0,0.0979368060449324,0.0890651953832031,0.299381046120314,0.118652342491501,0.117290646652399,0.350682895103596,0.085254366411783,0.0,0.414191494796408,0.316615377899998,0.004243218804689,0.458825311530826,0.115610901484702,0.0220461890123749,0.0039965677890457,0.0008785008725707,0.287860816538507,0.0788396040128815,0.0982840129478853
0.694348853802135,0.464953294745583,0.378860756434117,0.341846875793941,0.238829357056207,0.0019705502864865,0.159271443472679,0.0012357827180539,0.0549951304914604,0.384024686290191,0.324378139184905,0.282916009043211,0.219945641862049,0.379956188832326,0.781421315080373,0.401625929602267,0.628184228616321,0.120429912928296,0.258267981530758,0.616898679312631,0.138831782238647,0.314418785754935,0.0402432813601818,0.0002249138894591,0.402819423380452,0.121798161975446,0.137922624144996,0.845044339280766,0.18204843223638,0.0273355706623067,0.467228025068295,0.151300198380784,0.0123072094691535,0.171836737541482,0.0017284812266218,0.106058234123366,0.205106976338838,0.354295159619085,0.123711177284662,0.16527248937828,0.0019545417297694,0.0647711108927893,0.148511929854144,0.253202944894772,0.36269790537031,0.170706881663236,0.247387135007004,0.130099571674918,0.275250730019862,0.244350725440204,0.220758539292194,0.780622851929701,0.0034923461505919,0.180118059159315,0.744219144701254,0.232911978134234,0.524507967462985,0.196384876258344,0.064766123661984,0.0050136039864265,0.0002902712855523,0.249528644711639,0.712590639419908,0.391078688619129,0.0110511024365898,0.424735078344353,0.320529626118479,0.0172777409731335,0.0180479083949372,0.103407995001426,0.110424744797025,0.0062886508345741,0.118795691262272,0.831467153394475,0.0530820853080569,0.220167404648842,0.399979105569112,0.210514925000416,0.0001682686179027,0.0763962800603978,0.147212094081787,0.15386271586482,0.0271349365453493,0.0307430213393552,0.0545134210799047,0.716118710888676,0.448632238064575,0.266040980126868,0.0003454462824463,0.490842717622268,0.124909346488911,0.0019533226727121,0.377552506980697,0.292909173276191,0.26023722314428,0.491402038448893,0.0552396217998126,0.187764313718512,0.181685916211208,0.174691900573517,0.0230972391094246,0.337874994536386,0.266841819951458,0.120069390675383,0.219653352007663,0.002049243407021,0.26859109156949,0.109253065774805,0.131351174560572,0.358474314288613,0.41289173871167,0.0989114457286042,0.0506415706509523,0.0810412214686116,0.0908975480375836,0.0393816238769546,0.416716333842013,0.358824941618106,0.0025354591718574,0.156223839781869,0.401977893528012,0.104766690312919,0.0017679341660476,0.0001812914047542,0.567333433850999,0.0800455888784341,0.244904058261748
0.609308641016556,0.477688876617326,0.109781028212034,0.44881092933041,0.55201711268586,0.0096754171940831,0.298643986199149,0.0012357827180539,0.195928560330748,0.607333696644561,0.154554517574003,0.153857228170456,0.319508615500991,0.457922295091237,0.686746987951807,0.334168282159409,0.452283217126584,0.149547906320426,0.349591616724391,1.0,0.110446535650944,0.593000269565999,0.0278147770900259,0.0021911996167795,0.468025824775886,0.009926931093436,0.112862888052317,0.543803692097802,0.350746340035696,0.0725697731118951,0.317698859071188,0.347278966275267,0.125515602582496,0.37014048608511,0.0161124985005289,0.12103984630365,0.322105538367685,0.20170625989198,0.227370113084528,0.351402508048985,0.0019424017190255,0.325881320239717,0.183983708728671,0.310112292704693,0.571665281320565,0.141147589606529,0.0860898610063571,0.17954794088743,0.560790316518185,0.350385584885755,0.405788574347772,0.230797183912113,0.0005651710704693,0.239510897768552,0.386150105297432,0.191307808894144,0.752436427086808,0.207852175406212,0.0780939848963682,0.0094871246165917,0.0,0.160052667136352,0.330077305687062,0.480998241111848,0.0185818940163628,0.669604202517888,0.140718157394955,0.0822180119584619,0.0550431043937965,0.357594979693294,0.165582713460473,0.000333713782495,0.0910845438137716,0.515722545091688,0.198859526066351,0.627832025159698,0.494630877491474,0.207268550119034,0.0177268439436045,0.059443087164148,0.143839337887295,0.137885367706501,0.0685880606279201,0.0186114947947086,0.119973572390921,0.419391777991738,0.512541836470477,0.276397487073455,0.0056203978805622,0.413701762027847,0.0997233389143067,0.0014725826366819,0.190469831249241,0.182771613682613,0.148031963600984,0.597831278962289,0.0849301515842917,0.306067130494611,0.285144073986441,0.299618393014094,0.147606767945343,0.204215165773683,0.219491911737529,0.276874675343768,0.315701960459637,0.0061873078834305,0.177361456275622,0.148272017837235,0.215783990100445,0.216586392673159,0.404112033338322,0.368948273024003,0.110528013134363,0.250886060268203,0.0961457069495782,0.0152625933616083,0.49498961901456,0.325869180907484,0.119778796794728,0.067217310191423,0.413662743007136,0.043954441554347,0.013210556928056,0.0041527591874078,0.390755725318725,0.148336138462966,0.341459694134538
0.492837173407627,0.295992138980869,0.056730650580155,0.437047253256361,0.635958101595593,0.0149602832455835,0.0287731685789938,0.0148550845650482,0.157199862062171,0.426921361992455,0.0539321813820699,0.270846308066374,0.291160331376055,0.43755023676072,0.517630935051259,0.318220981642229,0.417440832760483,0.345870436392249,0.356109846502623,0.497458909115632,0.15554242696577,0.460358822296103,0.0667848468228473,0.0181724035675996,0.518170346272735,0.0341454459626026,0.0468899291838881,0.664993285156999,0.53250591581843,0.0940538679975906,0.386360276394022,0.916438796847354,0.0959469153515064,0.202368798647464,0.0864077034645961,0.101103676395752,0.516863479890191,0.112105317093722,0.116712534118385,0.15383484512136,0.024547101724185,0.142349290287857,0.281230341195774,0.198313378448725,0.460254862837121,0.127488675030563,0.113596133421583,0.178112773729395,0.453971318516905,0.301309951987235,0.494857928021562,0.397947415430341,0.0007184352399728,0.222976128697457,0.553250040701003,0.150493803196339,0.459793179543763,0.316244177810213,0.0873449194914781,0.0548745070465593,0.0028402469433672,0.387783494885211,0.493338127484469,0.691790894149534,0.0464636472202912,0.450230957340821,0.0808826262098158,0.182702004751315,0.0475245135674644,0.407940669102566,0.255319201551001,0.0007429766574161,0.138451815137421,0.425107934231573,0.107876398104265,1.0,0.334512376219153,0.427505951687283,0.0074063687122351,0.0633302527496156,0.130310724134514,0.124749655713131,0.400775044246303,0.277222134605642,0.327754171416727,0.399326549235348,0.392848009598526,0.20040497576559,0.0324929662933745,0.278525990408236,0.13166918855035,0.0325486306499605,0.284241835619764,0.194413484147929,0.32685428947519,0.136615157474209,0.089251818589687,0.212961974412356,0.466998016505768,0.265600991482608,0.139220323432608,0.140690865141734,0.124884497394261,0.699054209014907,0.257450471055364,0.0095843905699623,0.32407230399966,0.316610925306577,0.299191783639435,0.0626939495984727,0.50784916404772,0.432699236137427,0.207530759232656,0.462271981170058,0.150616517592619,0.0289113470640911,0.468899615543315,0.236059276719265,0.0136036749053986,0.160321775665915,0.384533672381265,0.0342378024749744,0.005776019441517,0.0071211941512343,0.411447286860666,0.154723882476112,0.165822090477053
0.414276630959719,0.248681878442495,0.0803795527953155,0.506154046512422,0.345234267797127,0.0043798499385445,0.171242878921608,0.395393947490796,0.160686202806504,0.820819148860878,0.0546792021275151,0.248462227530606,0.281303363896697,0.579434332391317,0.596567503948958,0.45059034879099,0.668545615241088,0.725152249227702,0.166807509740362,0.441350942498258,0.14878717693843,0.298020187498128,0.0285852333568388,0.0030931362485458,0.548876822919682,0.0147411617344218,0.0601611751788986,0.625772739869114,0.685318631623852,0.138972549694519,0.459225453961112,0.270268797026075,0.0414499641319943,0.162813628615348,0.058893772014962,0.0877013371263845,0.334502592705565,0.224592080342808,0.176207773912219,0.221630084826745,0.0361893720275943,0.170517792993862,0.172960186260077,0.172579757566744,0.416770652719261,0.0716425392009754,0.0043714501208305,0.131471695314383,0.518355458161407,0.75380959441745,0.525752637976289,0.342075114802822,0.0125865311603285,0.278551504929943,0.506362485754649,0.270241813572382,0.409581483667342,0.276025456652858,0.0947274623247584,0.0275850121773511,3.31850158331567e-05,0.368112341717559,0.509518387567168,0.311957556010496,0.038077286419621,0.30415723213477,0.295734582229683,0.167930730377616,0.035876456007195,0.356107632333166,0.286584038933291,0.0062230668064865,0.0962467153191787,0.593565565344712,0.108072037914692,0.492975063032884,0.449506369070272,0.168828141908203,6.3738112841955e-05,0.0431984484878686,0.108020462071016,0.137037345477147,0.292981823367081,0.094577380942065,0.154847652606488,0.532097346532745,0.314390545227811,0.284894037449569,0.0126606719258565,0.42613479325083,0.0445433301399422,0.0037143493310122,0.306919995143863,0.35915781601674,0.34835531963601,0.370410233187139,0.0381894247619632,0.213564001731941,0.23248766623215,0.395486477770682,0.102191699067826,0.291289423154137,0.109484149962423,0.515306132449942,0.335111074314403,0.0012862740269392,0.363941460098983,0.333333333333333,0.183637411954319,0.052978475871785,0.413590124366368,0.667136536890904,0.471449373088237,0.427149183932609,0.221057532236675,0.0530992609795219,0.581927916008986,0.351338964185163,0.0087905316006017,0.142925479753486,0.104257238946764,0.0774592102151809,0.216137150228334,0.0020958641839345,0.357688763800238,0.065162940482659,0.194725710418391
0.393322056603682,0.22818069786847,0.68755589422491,0.235139018469612,0.252965221109292,0.0083255367418196,0.0091310278424135,0.0182489909487266,0.106640342267713,0.468551166724466,0.059432970507621,0.128812438681056,0.348628418273683,0.29307705460778,0.508021804441416,0.250745569330731,0.415339290975155,0.236343406073027,0.328307978498163,0.493141604201724,0.177122936752849,0.343561865396711,0.119887565619368,0.009721937087981,0.567573929788408,0.199661317937786,0.091336988991215,0.508577412547164,0.296812440339665,0.106416544760921,0.572142053671862,0.291383840008579,0.07756456241033,0.329120223624267,0.0474650759550268,0.102037415268886,0.461719464900431,0.314564980586099,0.135733040142863,0.178147189838432,0.0209840085708476,0.313811087997471,0.330493277904963,0.194345207109392,0.38618683996087,0.158220138362178,0.214462727230748,0.263110270530863,0.279778999508958,0.263421988770341,0.458692550249265,0.340518271866089,0.0036161837722671,0.171685262065387,0.228561075136677,0.211877550140092,0.620640989453696,0.249162892528279,0.099767329333591,0.0149592899432403,9.52605160387086e-05,0.196616648469125,0.320948442899662,0.26997491421816,0.196959164394061,0.5569211725991,0.134733407452434,0.109671838539667,0.0820902888981508,0.30533407587509,0.152926426367017,0.0028235893930001,0.211646910862405,0.729655462901212,0.243054407582938,0.371450780895022,0.297126269523234,0.327917159172258,0.0440532340718456,0.0563070010307877,0.15531422674353,0.120992968016867,0.110393477549719,0.0333998256526328,0.16420095346668,0.0769282347480898,0.347867325511452,0.222144172594197,0.0013752177099669,0.330046897491062,0.150229655561425,0.0320223468210433,0.160058273643317,0.150553330409083,0.173678675671035,0.409612843592782,0.0686826776695976,0.352267537382041,0.288737289642574,0.148496335687683,0.0964018011036436,0.139860395758812,0.1404881294122,0.243351530417226,0.296091614605074,0.0011763360759187,0.356995688098728,0.0602006688963211,0.147711065179935,0.0877248045460016,0.261959854336706,0.450260608519576,0.209993452363501,0.26349221096968,0.146807369995203,0.0310368919809882,0.508841848797836,0.206093541980401,0.0093141371484039,0.148689696960033,0.334371667623657,0.162751241428234,0.0145177916371531,0.0016688975110553,0.485491950210249,0.178724306558702,0.198297025585086
0.300842357143897,0.0912483225291692,0.0224632767786608,0.0011785025758394,0.317618393402849,0.006318296612916,0.0206691807750943,0.016170512323143,0.0941349895978203,0.171254060710722,0.0222856661659364,0.241692616132748,0.21479946169611,0.51676039707405,0.463921237649828,0.207634674358855,0.279328292251792,0.145059625301251,0.237570521698771,0.179372121088505,0.222580509176131,0.194312157426543,0.0793504661913343,0.0026679440680672,0.604925693954023,0.11302889412564,0.0338424515723407,0.449769243887361,0.484182717967063,0.0626452112554858,0.342985698216294,0.133157292727825,0.179183106169297,0.0685849300127672,0.0249239359207843,0.0474981369379672,0.634058128894505,0.0737993934816355,0.0191198416049018,0.0540531600535129,0.0594405276048669,0.106017923275056,0.180496196325384,0.131989291291738,0.268652306720392,0.0161553876647306,0.0597380208413502,0.163698058630472,0.464772157372285,0.203663876528857,0.280032413197809,0.223588656850013,6.15086095105523e-05,0.331275947067981,0.240330229553654,0.187947162959957,0.258741115188217,0.1742390907725,0.0680781275201331,0.017547613952493,0.0,0.50646875309553,0.518966860430275,0.370923560450967,0.06926100208545,0.543235818011654,0.0718125899586466,0.267141235595201,0.0641438348652028,0.306264516917727,0.222906939938276,0.0021677491121243,0.17413951436564,0.648192070281356,0.0203162085308057,0.493730121254778,0.468893416015581,0.279154943646262,0.000594039211687,0.0471263424646786,0.0812947009797054,0.0578127729412864,0.0939615329771261,0.0058554834788827,0.943957923100839,0.103429381437358,0.342123177614752,0.290043276822009,0.0033270548799869,0.196721818941634,0.187323729283994,0.0392840515758152,0.192096637125167,0.198623684986373,0.320058089623991,0.149158503979504,0.0623746544008528,0.245085914933243,0.235539572644925,0.242402638051939,0.0043468772408018,0.0778943687670325,0.153871031330467,0.462865207632974,0.121123265523899,0.0008179383555921,0.452324815735254,0.129319955406912,0.10047238678396,0.196747192376763,0.44724310344166,0.35969380561837,0.352301933995915,0.400655331537056,0.161959312660478,0.0145245569321302,0.407422568327843,0.655666863091731,0.0139842958613009,0.248770220602891,0.120459765400705,0.0033341215417356,0.0282869466567616,0.0069094051269887,0.40323164296125,0.0372132472799078,0.0661639679453295
0.652109654466119,0.209539200539227,0.0224111194364972,0.536163162827638,0.331898023241169,0.00905474735986,0.154746048302977,0.0087558160148191,0.107000344844574,0.21111449257925,0.0794422607292552,0.194017403915881,0.28077687152958,0.713259004245132,0.734513891039738,0.570343328292552,0.465933418442502,0.317645626621404,0.260074594436668,0.527442081824826,0.192012346033513,0.351813580135981,0.0052724019953511,0.0019197518191564,0.393337732652597,0.0198675992911654,0.0433622864328223,0.773954935942529,0.586763105187747,0.302727820325273,0.438643740960951,0.711388129322825,0.0436692969870875,0.117302741583277,0.0411891078419612,0.0956192076051871,0.284783650703734,0.149453829833264,0.256161628019858,0.155264550653475,0.0059152202349699,0.134405341101795,0.140614359925548,0.17020153194021,0.717629022694488,0.0626777820461886,0.0347099296565949,0.0589716489588548,0.446781578266819,0.565914217368313,0.227364489932531,0.621933889640109,0.0313039529439491,0.509117151011936,0.488396275464385,0.253840528135116,0.397485309589182,0.201284101397326,0.123417655823074,0.0497793810440932,0.0001538223086854,0.307544021912734,0.3117796288528,0.394884807243159,0.0029231948380657,0.400344171723576,0.166010828107727,0.12782979657112,0.0353582161581153,0.653251110416865,0.35137888739416,0.0001121649102275,0.024809811943407,0.416573483028878,0.14647355450237,0.646352111044787,0.392673517055079,0.141308871759868,5.86390638145986e-05,0.037411423235667,0.125519838435752,0.189395355072493,0.295858881554115,0.0930401432213362,0.272852109026842,0.542226347765868,0.279832810198194,0.308297727432374,0.0040232013807343,0.309994405909836,0.184557118427061,0.0022974313300811,0.275767876654122,0.313435250634586,0.292032707606021,0.593451653525723,0.11256785758567,0.276738316814653,0.389214572534704,0.429894338811359,0.267266143794343,0.331173299748623,0.113475920016756,0.666640530819065,0.167592908814307,0.0004881245025307,0.206057902674228,0.192865105908584,0.115692614783919,0.0207618989184839,0.792809697583662,0.482636260858336,0.272538039813539,0.803975347641612,0.0832510369346237,0.0043298137196052,0.734318817419097,0.176018682206072,0.0160344129676956,0.161366191231693,0.220207530145189,0.0239457712619216,0.0168788763540245,0.0037156266413649,0.449397731651338,0.0353446333673483,0.307608781600006
0.735129520601469,0.362213916358919,0.0881242820414638,0.559365999773693,0.819323281605271,0.0032623384882561,0.40576105271604,0.0216968504240456,0.247984932944783,0.244329159972539,0.274246256067846,0.307969329863925,0.35641145818281,0.563201042635779,0.657722148233035,0.36922058859451,0.393793577531179,0.38165657645132,0.402451224225255,0.606615334931076,0.129976093611869,0.537799143379159,0.0126243829820575,0.0008576837975318,0.701155014259197,0.0638300795128573,0.0587372649464117,0.808022105689497,0.964562478120558,0.0730573960932794,0.23955005624297,1.0,0.0275062769010043,0.0841521184538856,0.0185988942082247,0.111034526832382,0.457841300274522,0.185260427143784,0.104171417089784,0.188515311447935,0.0294334560486086,0.181184832706133,0.14640904580623,0.264326615601993,0.634210764581704,0.0080552573140313,0.0009235458001754,0.267875618846304,0.310781678778697,0.243030669646196,0.590314795567847,0.336016050400399,0.0015050934374933,0.6180559159315,0.30823000530426,0.21871452351962,0.313776911036412,0.321269505677306,0.336149228609709,0.0088043777322613,4.54829922889736e-05,0.769754906380047,0.630610655000899,1.0,0.138972069229809,0.696449596956797,0.355880027841906,0.0950946676399971,0.0581552854980587,0.211165971665693,0.183372734826304,7.18411615093596e-06,0.182712027605104,0.794370872549855,0.0994911848341232,0.772943524317775,0.276910907639153,0.686217057618992,0.0128521530734518,0.0661572822663194,0.145961406374407,0.113992468343889,0.258834581736133,0.0585987393610845,0.671364908280651,0.878155490855297,0.245122596916738,0.220458300628842,0.0331996206658313,0.301691714776579,0.140246577550162,0.0030564945448657,0.147760106835013,0.243983116051975,0.20082412865564,0.540728655529432,0.0586563079593577,0.247898835685095,0.498690325554646,0.47097478927833,0.0317687247527045,0.133123123947301,0.252063646555866,0.58673344375729,0.271705745921027,0.0035312069867766,0.609464941906158,0.11371237458194,0.220676447084925,0.0652095422612488,0.483010425900131,0.532829987596519,0.165821337476912,0.241503917742885,0.133771620439604,0.0384270967614961,0.513796558883438,0.338222134922194,0.0080232480863224,0.0752935923909144,0.0909943811008121,0.0264365098131946,0.023559018479807,0.0068839904440792,0.829681191469401,0.120439455583975,0.262286202059483
0.244844172422329,0.434717200242815,0.438385005145767,0.252156851860945,0.058168796775669,0.0043599762739019,0.0206852282756961,0.0015672088524177,0.0894492718474195,0.420417147346295,0.0282075033480112,0.206339845582903,0.309624632303511,0.452628333465727,0.818595719639484,0.295981586713655,0.393518609447118,0.032617715188609,0.247058475455398,0.437832508966056,0.248612384767605,0.403180878785156,0.0719723680430411,0.0007960948014325,0.602494491203291,0.0580430121223701,0.187517131057038,0.276134595297478,0.0815627325437924,0.0580558184895161,0.682847501205207,0.562616839132844,0.0154680774748924,0.379593820565712,0.0027535741938298,0.0292151236072719,0.1982657196392,0.138265691480277,0.304612557371942,0.519905617382867,0.0080973871661876,0.0825107108227364,0.376138994636592,0.153904960214174,0.687298452565001,0.0504110260712343,0.0560438376406483,0.138009679034322,0.690048591210865,0.0379391383421097,0.256088924903553,0.544196934893746,6.73809653500996e-05,0.267193175921121,0.297322136618823,0.131422039484649,0.964476148931257,0.324668913262787,0.0425562154367486,0.0015081572967299,0.0006170460885212,0.0678907435170562,0.359621262060286,0.121363282488971,0.0068490098568704,0.226833318238082,0.036556044433666,0.0185849856743197,0.0427259964463553,0.222847421252088,0.126587599905041,0.0009520112628401,0.0714920457172428,0.519383032387791,0.112787109004739,0.225682225172171,0.422582402411814,0.13581500657599,0.0036407210055324,0.204409806677899,0.142130748123114,0.231994507659621,0.23697564985447,0.0,0.0465074100943103,0.155981171037426,0.521587278591373,0.369147932210844,0.348454160723152,0.687752480304602,0.200476322645919,0.0082990911483108,0.0681558819958723,0.10165603629905,0.580896239913009,0.798512416176078,0.0833374875533178,0.129489255443454,0.065064881178947,0.216505845826984,0.0322274628221744,0.0802099247698421,0.115385563098303,0.129852691828954,0.442376929383667,0.0294127994160096,0.105609719832622,0.568561872909699,0.303251410248197,0.211375859277841,0.091599801996155,0.204500798438292,0.0280375658428372,0.112790114280405,0.123896052594453,0.0181163342222572,0.315729321535469,0.260874309784151,0.0027449013909782,0.0435226303326982,0.656779591501928,0.0018739654764719,0.0087820833981192,0.0002143304925365,0.154993215057546,0.0421167022277589,0.0651017880857788
0.276044877177485,0.0682073343795744,0.0458781070192333,0.240021691279294,0.150625111863867,0.0090425174123877,0.180967664286287,0.13783473397272,0.0891366380306722,0.709759152965823,0.0158422726815872,0.10750223947447,0.0059327773540428,0.638932160009048,0.663463623130052,0.519005078531822,0.581027202199745,0.285169641946071,0.0724734694179452,0.421022215423317,0.141140554044139,0.252433581933088,0.0538894982893259,0.001539724902484,0.446515469009883,0.0054011796426105,0.0743538203999337,0.252683272579992,0.325089765490645,0.114677451739667,0.361182709304194,0.248478187049845,0.353411944045911,0.0908171262328288,0.0947011417790816,0.0155840580172317,0.251492439757724,0.258099563139776,0.422803837062557,0.219950456476676,0.0435613935518333,0.0403230973606312,0.0222124220943882,0.0576128504499145,0.18492430291903,0.16456146456836,0.0061261871411639,0.0827650145556359,0.431398025988602,0.0876852965992161,0.268969647858791,0.772639728566155,0.0036100307523617,0.605857550596783,0.317121204959745,0.267375264940071,0.580795976495343,0.29890102813969,0.0278438279993676,0.0243241315357729,5.73905567938121e-05,0.0909367894193815,0.674357284113382,0.23253366396586,0.0804101384952676,0.163707997463998,0.224619929639347,0.032473511205256,0.0538558141575449,0.217821681313756,0.341882962728496,0.0003884057635151,0.0288882243529789,0.323236071344402,0.0795404739336493,0.138476341509047,0.43050736155574,0.172457422544825,0.0023175177829334,0.0226204287621504,0.0207012735828102,0.0441235614089966,0.171054949294995,0.0443309087610996,0.143369779251736,0.40768391816756,0.110816871218309,0.598408194803727,0.0014605941676058,0.695130930454183,0.223388158189258,0.0012853470437018,0.524389947796528,0.42401863849799,0.454333113947233,0.414631422881992,0.0147979706954931,0.218768720677118,0.0567826048192688,0.342014075512024,0.0165858307835513,0.115537909351776,0.138230438478692,0.20335584283208,0.122004086734442,0.0250526602785388,0.0810977293485418,0.0,0.145182228006703,0.0495401845869213,0.206560987870346,0.0353388622426493,0.270710565148983,0.648913252191149,0.464278660308682,0.0393914643626809,0.706185364447908,0.642877408935158,0.0033651725783746,0.359039775490517,0.164657329177262,0.0234807283045637,0.018358873359478,0.0004752545704071,0.346008611013386,0.184634957658004,0.0697925636202775
0.570956030461731,0.104121959488953,0.0284193908276861,0.232367829441642,0.0460634690725408,0.0014385475714381,0.11207574420284,0.0069291184835584,0.270450988491286,0.516267614106856,0.365157322568991,0.297934351405537,0.769545872061098,0.607021634961689,0.235021061108186,0.19971487385833,0.150741431798095,0.0276540371499815,0.122557512976362,0.131405843659171,0.250715267158317,0.37656872435379,0.0049100263783332,0.0212774014005794,0.30740822209616,0.276840116340785,0.0175491709729821,0.0236671569567905,0.285927717020149,0.347388348679115,0.326170657239274,0.0444971672653835,0.0934809899569584,0.33468990039697,0.0034351519645797,0.320987677258126,0.0148808226937993,0.0278664445043287,0.289601596593693,0.187651607591773,0.0046314140988014,0.0734924757271186,0.326681496565992,0.418877072953075,0.0465918783999695,0.0064967401380557,0.289485431065002,0.121377315458642,0.10436692698545,0.625831103716233,0.189997709937111,0.284950072008767,0.007626722146612,0.15354177477945,0.60028464443079,0.0795163336411638,0.18577916912576,0.377967438665779,0.0401097400699769,0.0009680739404685,0.000169243580749,0.0253641456114986,0.146081780228122,0.313110925290505,0.0413391440742919,0.103619841197959,0.310174578828183,0.0714089802394224,0.162809572904556,0.114162399315413,0.155181708475113,0.0340068249103434,0.106844649178061,0.554929874089266,0.175836208530806,0.49544292294397,0.199392569044901,0.244993091048329,0.0107411467761263,0.142085784773212,0.560277338290522,0.301711075271875,1.0,0.0155012024653573,0.10520520261167,0.114048698410769,0.188913750536776,0.0662407193053719,0.0002351136294976,0.231498044279545,0.191504982585572,0.0044835333886606,0.450455262838412,0.989738759015439,0.0330402621186974,0.106854175842582,0.0765718609755131,0.397702806099753,0.167194014540399,0.390968529279721,0.0311451972796387,0.454364335151827,0.0283212389271502,0.0521959012456998,0.28713736556265,0.0011411559315922,0.242549756791776,0.231884057971014,0.130420562480823,0.308613191050531,0.0385762142125318,0.002432417991053,0.458832957088549,0.0297005172040014,0.160068846815835,0.0024404404601411,0.0391759396920417,0.341845086099653,0.0187632034187415,0.838865015267601,0.0638903699450414,0.0110979743044061,0.0042211587743091,0.0031090628759255,0.753904273676098,0.182024199212797,0.0548747269058377
0.742333603521834,0.331933156974726,0.177510517337228,0.492567107395317,0.284746988790412,0.0023114600722789,0.0114258204284683,0.0087635235993392,0.211196459090444,0.222919748324404,0.339840110396084,0.289115087659429,0.437658403207708,0.389926124192678,0.814619661163936,0.501422299795482,0.65819503093391,0.352261786476836,0.303971404849563,0.566144850679041,0.137679534653266,0.618848653667595,0.144408315704249,0.0162106799881384,0.656733466856532,0.314418589549061,0.0730878643204797,0.28937242864147,0.298306459480709,0.118807905229039,0.304245540735979,0.116069737100781,0.0261163916786227,0.324997034931989,0.0597552863171899,0.107701693946571,0.190465815503944,0.437177146630938,0.394619623743913,0.0710074829831964,0.0088864878645417,0.303309569474048,0.267684006407554,0.219898862199747,0.62471008143929,0.104253197751095,0.214570474240768,0.276590458178042,0.288975836316407,0.723890516724425,0.218732714429158,0.543158402074771,0.0001965727938201,0.334814478463934,0.351000194314464,0.391415255450266,0.454933155423264,0.252500590268089,0.151751737045418,0.0156827978355905,0.0006693612899523,0.189881331993282,0.295179880545734,0.208644502753669,0.0377609040514767,0.441213054373094,0.285979836665018,0.0639469675551824,0.158463487397723,0.289353581179283,0.155658977605444,0.0104547429650701,0.121552808335825,0.538974160971182,0.492925876777251,0.382422511871564,0.510025595677838,0.121131403266353,0.203913520128496,0.130294316532672,0.200585021135255,0.194996364168166,0.0353215510950436,0.0693830887675351,0.0816794486475282,0.313851314894807,0.399089612789283,0.245963222336582,0.0032915908129677,0.461282483864477,0.310442389134113,0.0152723518814647,0.128602646594634,0.47199910834346,0.122868139415098,0.471489010614078,0.116917645464806,0.262795304780038,0.261234861099068,0.501389529994246,0.154550191734698,0.309795574421543,0.155722153091774,0.291589810939812,0.383655132048438,0.0034212690357562,0.378194099279934,0.0445930880713489,0.124826774653634,0.0335829260637582,0.103410961584952,0.184720124980376,0.156078063463211,0.4113952119917,0.0778759064360486,0.0608240422747267,0.664183307899373,0.292782470154303,0.0260997226904464,0.094061182023296,0.628450291198425,0.155584456530307,0.0075209186347171,0.0015697802477084,0.399690070529896,0.290523079369707,0.257015772686039
0.551070480369268,0.352669843287173,0.13829201242108,0.320945534820268,0.321367490205697,0.0045373105122513,0.0206852282756961,0.0759916449783802,0.127488280968748,0.3762040582336,0.0504062434635685,0.203573561404257,0.220419987610466,0.463952725945932,0.779121627899774,0.645369920080297,0.720082490425219,0.418881051667066,0.176164174329824,0.47854095490626,0.285989561345576,0.471695570132087,0.0174332053592416,0.003891055909122,0.524923687246991,0.0047355544982148,0.0685064195974647,0.71441133209695,0.282287360521548,0.119295528210424,0.319479350795436,0.363701678194199,0.0264526542324247,0.183976074808085,0.0078517759190394,0.0957081581438265,0.299664473397534,0.1954389667174,0.30340698464588,0.357338174975375,0.0040972536260694,0.0740605871623902,0.144388850336915,0.138894920800179,0.503880670984045,0.167837196245112,0.097541828928533,0.207175835790176,0.67980789667379,0.435001686154767,0.386566138777811,0.668071140454392,0.0009506523701573,0.190869875454074,0.608204271767159,0.302350295379994,0.455933899566344,0.224068449634034,0.080931704691899,0.0333323143081328,6.20755002055519e-05,0.255901958100021,0.580791434449971,0.283108906894265,0.0198295991301713,0.43980013887631,0.306803314572592,0.059071594644432,0.0239267773707417,0.175877127450048,0.292387928305769,0.0002433329664026,0.118027940200252,0.546129661480141,0.170661611374408,0.235313115294495,0.382383009842769,0.0533570845888758,0.0002396553042857,0.0506481504219282,0.13701181318963,0.173327618916075,0.267801273286976,0.194691359522411,0.147528241268525,0.364144299503293,0.469698649346845,0.323617172682766,0.0015827481762275,0.506338126267238,0.0734897796560091,0.0009260571220371,0.444287968920724,0.319252590477971,0.257457935099868,0.607629605275401,0.0709809199871667,0.259862275129451,0.154605757864782,0.357463309452598,0.0550084844274014,0.274942288985048,0.176586543792428,0.251253050543462,0.360637640963016,0.0115105034718405,0.151851143822086,0.156075808249721,0.14994992902397,0.0584792699589623,0.315620431233955,0.164530528632662,0.276359123203065,0.207911053299885,0.171975960046274,0.0016433611163047,0.45348205104694,0.274231214125145,0.0044808551686916,0.149120219406995,0.840320728406201,0.025271931898794,0.0463924353149169,0.0006573931312583,0.410887738520045,0.120028625574831,0.229968788349145
0.43629173562945,0.32304281534929,0.274931527586782,0.165711979948376,0.214160888414549,0.003161441421609,0.241867929070047,0.0535291744920059,0.0854342957402221,0.158719823345813,0.0874367409250562,0.147274239645097,0.32955594955223,0.491360960129683,0.609432588967696,0.477995989580905,0.511028184228616,0.262669589741258,0.170363412112997,0.472965852497748,0.1932947255042,0.503953634648216,0.0159706443103763,0.002547503364584,0.374003882206297,0.0599399813425147,0.118336309168929,0.538823516872375,0.472859927575461,0.10664601439922,0.32352884460871,0.429612353225028,0.0664678981348637,0.226573055787464,0.0254201245378903,0.0382142457838017,0.212994030240969,0.390429117436075,0.15087042802347,0.267002102291939,0.0374215831181011,0.181190172099321,0.170928641378013,0.227237302000446,0.377367597333328,0.254731095591607,0.0967722074283867,0.109703139196381,0.568823937741268,0.38374389342977,0.480099353497631,0.654849450992918,0.0053328115572453,0.262921639854696,0.474510668914412,0.151109464120105,0.496990069538888,0.224237480950439,0.0516538460924263,0.0182609315928383,0.0008598823220297,0.101366151236598,0.46583168534388,0.255774054958046,0.0433443844357699,0.566283247290402,0.302984816082795,0.0552865769008427,0.0390791234343124,0.254183588921639,0.260532068528923,0.0122987433590378,0.0754071519616888,0.540162565750876,0.182081516587678,0.271916734228415,0.373704358727529,0.118101453377062,0.0125411110827831,0.0705649327352649,0.141283287600081,0.150979440285017,0.170040010401027,0.135953396451933,0.08217172764017,0.4284332840573,0.444835089367864,0.19878629434958,0.0011256557568688,0.525572509800713,0.145188872673227,0.0010424468149707,0.204164137428676,0.337466832533958,0.341956160934012,0.283500102356685,0.0369073685636752,0.124398714093371,0.337567792246982,0.380108380177936,0.132361521228884,0.255486739426763,0.127936846255252,0.58911311268144,0.374781375805934,0.0074471968021248,0.070222392149366,0.21850613154961,0.177952585988893,0.186651783923333,0.397101315804621,0.197956570388728,0.214576797912574,0.212417851280622,0.094565616094354,0.0638745928499031,0.552478009994564,0.362251467731727,0.0105788459330953,0.241252023056869,0.14991387088836,0.0173386143296288,0.037207239891966,0.0008768065603768,0.362076359920256,0.129689757080191,0.14941682839071
0.0079976605235185,0.104802083819741,0.0572356863079344,0.263867153724132,0.228766995021644,0.0134345972984046,0.295434486078793,0.0019012041816215,0.11796337068518,0.0304615232177107,0.0683157262807331,0.250338054003327,0.340773127025394,0.310460151898461,0.567070337906898,0.202279676768215,0.289246783855445,0.187391138155261,0.197525476570431,0.26913466931824,0.440979691483571,0.124449636085902,0.009000626811878,0.0117899587125619,0.275019198783627,0.237428364123179,0.0252130445353283,0.553588177612927,0.56850584695199,0.0544129879815277,0.480649204563715,0.464900005361643,0.0713997489239598,0.131051354977942,0.151168496930174,0.129580675962503,0.804239836158438,0.133856287788789,0.0116561273120921,0.286830537628085,0.0175544555356931,0.113569961001072,0.238203096119798,0.206333011080538,0.461346120724573,0.0284265214969207,0.0266596887650653,0.145808533125661,0.329994105397174,0.0603538431862945,0.157024327514225,0.157059441181365,8.56241296310462e-05,0.276975220550078,0.175219128946028,0.252113148282129,0.55371943239845,0.206186009573075,0.118117491500414,0.0983359318475946,0.0,0.378030280264404,0.296258564551247,0.523975663908192,0.132929611607222,0.331316607795188,0.0959670180499957,0.100332085726221,0.0568363787921995,0.697779845424539,0.328398255123843,0.0025860500686546,0.0829977073511104,0.301037472358307,0.161272417061611,0.253147189579751,0.565560008059281,0.316496578820317,0.0258113861764781,0.0920347844419941,0.115818465754735,0.0850926832438932,0.113597664801751,6.35460914243394e-05,0.6131464400456,0.0933611458301685,0.361850901882846,0.515815739080772,0.0121838772470427,0.304437904493624,0.17356230246488,0.0752029228994191,0.122738861235887,0.05985963600279,0.358724889830023,0.18870850677105,0.0600981418493565,0.374699727753163,0.35765746832851,0.240908774747545,0.286706839651003,0.058061702757016,0.26867138122636,0.517134988385883,0.156673485556717,0.0005452922370614,0.08460247668812,0.241917502787068,0.132858361515819,0.110214108557499,1.0,0.625156890017938,0.476902479306537,0.216589550620955,0.122358285601422,0.070635006543923,0.550729288787881,0.373753246469805,0.134856622703939,0.144376499852506,0.212635345746862,0.0010561992590841,0.0,0.00496348757222,0.37205776415205,0.206196906847609,0.180229383530982
0.333547704449374,0.233865319140729,0.0749182974316961,0.259543842644287,0.34195707079077,0.0037331914659426,0.133980582524272,0.0309279674842701,0.0623486568114382,0.183285796182401,0.0321979523482258,0.242611867081858,0.265189430445835,0.486505918008221,0.66683185182891,0.556178066160812,0.616831974860061,0.313701312347542,0.186095922454331,0.481668451379328,0.212788237543843,0.542306885913679,0.0171034761942072,0.0064075366682634,0.442023532499006,0.0136933953251385,0.0525236273087245,0.583429259661913,0.485395532481047,0.0435992312767117,0.38366061385184,0.401387771879971,0.0130469870875179,0.14294651017309,0.0087569111985954,0.0513983190104302,0.313608436097433,0.120792231403077,0.200919757169658,0.124097705120477,0.0131051415980503,0.0766587358879838,0.164527572587601,0.145863017773481,0.454138917197149,0.244969568419889,0.008973786691705,0.0787858560011867,0.487353825890394,0.101460590560945,0.320080328359786,0.401877774441382,0.0004892406458822,0.385109626362221,0.393933187334898,0.214100987998533,0.50763388160427,0.194898473888686,0.033386723559462,0.0325374746517481,0.0006102138793791,0.112929381294708,0.203172130001398,0.23373028459387,0.0221779583979466,0.222193038070223,0.144556183013288,0.130222332870579,0.0353116019917959,0.316428057211937,0.25170877186041,0.002515599381239,0.066641640527076,0.518996926193544,0.0725687203791469,0.441836016499915,0.389576663905617,0.146902625401635,0.0003135915151824,0.0695311503314872,0.108539873359327,0.132449900674762,0.397872822285038,0.0143764366471465,0.150352368121049,0.633586418673067,0.431267326391904,0.197265344641706,0.0137206534845416,0.496613696013161,0.130576869700687,0.0219925915430237,0.211278378050261,0.257494588939144,0.391933268471356,0.382897748773271,0.0452247560833758,0.190440814486616,0.266548509391103,0.355616926024521,0.028766885346659,0.167747699945415,0.139286902312516,0.555346904372201,0.331542943483705,0.0062334818228591,0.108264831453514,0.451505016722408,0.203355598339734,0.0867690681215885,0.353440700534534,0.254024360956042,0.184193810040361,0.276024652358388,0.110973166671369,0.0069080209799155,0.397244617933889,0.268949562408608,0.0085528952365992,0.261335097943857,0.425163030104175,0.0129699692598723,0.0089721219241112,0.0029362430321411,0.266495786634501,0.081185310839286,0.118055127508279
0.396239121677045,0.120280495455348,0.0545883831605568,0.155383002662306,0.21859774084705,0.0041535959103055,0.13027360988526,0.0061814827851099,0.0820521662681375,0.446738338063457,0.0130497733131592,0.315579277396238,0.215495587642131,1.0,0.827480874655434,0.483128926313545,0.402612196798586,0.323104843110838,0.174161552244767,0.385259973144324,0.341686619204167,0.30908736933537,0.0537948235785735,0.001267820890075,0.287981754402214,0.0144202130250228,0.0368675833169443,0.446390505425167,0.475327641649657,0.118951323752976,0.3790454764583,0.525756438439405,0.0010536226685796,0.116474848083868,0.0246240417016543,0.0656401528483299,0.1486992897294,0.2528570506811,0.164687104209797,0.0321702121403684,0.0455371803004046,0.105146534306669,0.118817002068836,0.134489477206812,0.654190382634636,0.123595665483551,0.0,0.0729932691772821,0.479119180911957,0.391162974403252,0.588274878010111,0.426364580484381,0.0010488416141215,0.269719771665802,0.888363714662339,0.385205707215977,0.429237125041698,0.21274066839812,0.0633576437184509,0.0046977061742736,0.0005514568807568,0.390053457365998,0.510537144683486,0.340114183558721,0.0035292230362012,0.376786522959877,0.185764093390067,0.141846599180546,0.0247109921688201,0.361646133576018,0.410075571733798,0.000307990011761,0.0175437480249498,0.35340249815722,0.0969827488151659,0.334023057117148,0.694195079361526,0.0520085904073784,0.0001325752747112,0.063916621795559,0.0696011126336544,0.113774115314774,0.112482070810861,0.0198685520214301,0.0554850243548554,0.461884761133468,0.313654967729439,0.430373793242463,0.0168664475775415,0.702062737831749,0.0532192069048877,0.0015434285367285,0.23260895957266,0.275496703028037,0.808472357351342,0.31167920794536,0.069191409840005,0.511202749752368,0.303447184628581,0.278331236128412,0.0531824396848514,0.27262368352306,0.257435287740091,0.604218325802942,0.1358235505834,0.0010949819921636,0.0572442065464432,0.0,0.158278232781148,0.0015787349825489,0.794233329879778,0.459511652205812,0.283356298924038,0.696432221499582,0.0099743235236026,0.0085021796675883,0.350183059017703,0.14934852353827,0.0062973636460668,0.0794074735507737,0.327763308998441,0.0098368408607235,0.014719347649569,0.002071296657122,0.197857298420197,0.0579800416131042,0.0419025596293204
0.315879075275811,0.269599254502525,0.11156073849708,0.332856523716297,0.515930657660106,0.0079968569034996,0.0149402230602584,0.149064684618487,0.0608593829934783,0.294848293970685,0.0279983375392865,0.193468199462526,0.187899345717003,0.424012397456421,0.665507789512807,0.550505521543234,0.589472650495925,0.376835073222248,0.26910026239342,0.570751109071439,0.215220420808638,0.339338664749753,0.108575570007052,0.037944296174639,0.332553804832305,0.0243621300504152,0.0802314183198943,0.610587069130907,0.44331622512439,0.118463700771592,0.343217097862767,0.180291494647293,0.0195928981348637,0.237058931598788,0.059520823564052,0.0428838818289931,0.460564730489346,0.189607205347078,0.349679304109107,0.16547095749842,0.0152751685185241,0.097250639659304,0.14059166110005,0.171032944151112,0.369687265776097,0.0527685021927592,0.0062801114411932,0.0706272830097717,0.484378255511663,0.280595835919427,0.310624130216499,0.828506291443293,0.0011475705966738,0.246377140633108,0.628465493427445,0.325596397011103,0.41297888173257,0.156109811328854,0.0513168968088827,0.0399254073553239,0.0092921948452348,0.230227563877824,0.498591718103913,0.320867333698567,0.0087874088729658,0.278884762853606,0.13386791472314,0.128798626084975,0.0232220808563845,0.315317640347184,0.36311525678563,0.0019237209086748,0.0332868865149404,0.367227105657709,0.154349194312796,0.307183966928895,0.393449595916631,0.108978307556562,0.0016520918848634,0.123646604539898,0.134999094447425,0.132429588765077,0.102903060753739,0.109630872308751,0.1671028085812,0.377510641842162,0.338165546558494,0.332300024127515,0.0028581411049552,0.529561339309207,0.0961956862358871,0.0017964496083233,0.236214641252883,0.195294354519764,0.531280404051966,0.301124062505816,0.0729417118198423,0.544434361228254,0.210422823753139,0.246041657445288,0.0670381108899073,0.1877684159381,0.107171017778161,0.337319050092619,0.283495641314884,0.0009696527280003,0.0713269185836573,0.0,0.204555953051295,0.0271004372789122,0.513186825837199,0.149562065896904,0.249171772845876,0.547522685744371,0.103129144211506,0.0084726582104092,0.505534342395683,0.3058119993889,0.0075661001657412,0.198064243516252,0.098106184890493,0.0069677622763458,0.0167521840033631,0.0024406567154063,0.227846744065269,0.0366433862994818,0.212937798971566
0.0024838736294405,0.0652127571022237,0.0070844936221747,0.0284441844527329,0.0006293378321942,0.333243137470725,0.339051592714435,0.0095908043378285,0.176257261630925,0.264662792919678,0.307835025222137,0.790680586955595,0.322805789656875,0.153977270432309,0.259202620249636,0.157553289054398,0.403417460473338,0.260678846209953,0.404098810816008,0.340353203134295,0.406450753634681,0.174633839518375,0.0015376478884274,0.0018385455872624,0.419660326244255,0.259955966336602,0.0282281105741014,0.0531085459700283,0.278187894427749,0.105068410635918,0.0110429053511168,0.0091871749504048,0.0172838952654232,0.0816963444781131,0.0139859758557891,0.0029137600476886,0.0459061397010763,0.0012287879880518,0.249603222085009,0.501047470634069,0.0047467442008686,0.111585842492172,0.245432672040884,0.140858183981557,0.20817905615383,0.448965676504806,0.211061000200102,0.27110567206245,0.102217438601377,0.122812427419895,0.0771046558740113,0.256240281685292,0.0004118853114223,0.234032823040996,0.293178511971346,0.283347156293564,0.134269071873958,0.140151108630793,0.0501766987593559,0.265802533296648,0.473883782951257,0.156484668988384,0.103034298156249,0.0450534875003604,0.0493021763542057,0.0146544697038312,0.0020100344244378,0.436197766122192,0.428644679404216,0.125168090626316,0.3693791050091,0.0007995226038944,0.143690337577173,0.106023758066862,0.265788056872038,0.0335098848035067,0.278052639041244,0.0838230642449265,0.0540830635086556,0.108964618407915,0.09364780497473,0.34982389574303,0.0928207752120048,0.000592711725467,0.776246243134003,0.169387325338114,0.339329744024633,0.214762374514014,0.0074737237533067,0.0539663868147516,0.0107351663995559,0.0008956945934457,0.280927522156125,0.409076200680248,0.0424690951754135,0.043011519779654,0.442819398801284,0.0180000237252146,0.175719267718815,0.286336446470689,0.324875628537962,0.0041808085336065,0.0367883499451748,0.120153678783899,0.106145855253248,0.007200935791839,0.25009027379511,0.100334448160535,0.252951152981162,0.0093685768022711,0.0884071818603919,0.0066289747218333,0.076167580403999,0.0343454427204311,0.0804435540757879,0.145845838950611,0.0231820176444005,0.163840328248107,0.392639717091895,0.062609125481348,0.0227596177507998,0.0025183258453535,0.0024417071218377,0.205548872435235,0.0209478815901895,0.102879785838292,0.0266360589516048
0.409614665896548,0.274122588857736,0.461130694850289,0.0625887346255586,0.151208461217211,0.0014538350057786,0.275038112813929,0.0089587824071814,0.0673886928874859,0.208368425895126,0.15205267718653,0.259429253935077,0.306461908465721,0.281467229812059,0.504955554867284,0.271981249181151,0.361936560934892,0.0150241749010811,0.250621774400831,0.457294375605527,0.081621406634038,0.25195435349088,0.146455248243621,0.0004425283423435,0.570163353670537,0.371860915565513,0.0605367034348834,0.284163096075547,0.421707466843679,0.0075438143590626,0.675686967700466,0.207089879005594,0.0209827833572453,0.172750676151784,0.0014340396296579,0.453101827446186,0.413155257309687,0.335757066242585,0.0498032478219545,0.0763624468914012,0.0732710348448658,0.183942095348748,0.42564999708158,0.165982003420837,0.0922626888512656,0.144300741280676,0.211045607770099,0.110259405536704,0.0858214385553093,0.299411223623488,0.179921433227051,0.16811608616571,0.0003596170265416,0.188281655422937,0.236801058751241,0.238235288350872,0.465104821533961,0.192679602481272,0.0665754295304907,0.0017629135968532,0.0001124386418817,0.476088875236095,0.390683366293122,0.332213603990658,0.0676389854374989,0.42801678591915,0.288263880796329,0.0103870676450607,0.0619200649307917,0.345998424362614,0.0451649916910659,0.0045700248547244,0.307571255569907,0.51476480115531,0.0637907109004739,0.174658998779434,0.383860544598417,0.276291474520119,0.0215842745327996,0.0705445685395937,0.0606036789354802,0.0524006646056849,0.212357090732182,0.0302144333970527,0.184539848688983,0.369420432127415,0.38850618137228,0.331322707046151,0.0013095435117832,0.0943853465793134,0.254957963631154,0.0032386697164139,0.0656306907854802,0.122879619176368,0.118611572139873,0.512828704536572,0.064995008544911,0.274003985836047,0.0920906636647273,0.050570039267264,0.0696480187414543,0.126752803723593,0.209108997498984,0.0504062490811616,0.0949723047273422,0.0023812560191028,0.079164808088532,0.241917502787068,0.113325623189774,0.310689852910984,0.289411782763689,0.35012639487233,0.191161667985967,0.292608628325436,0.184320419852713,0.0305448676946694,0.390475691465324,0.158013051354242,0.0041566225025525,0.131819595149447,0.0625051267328357,0.130897769370221,0.0073423975951488,0.0003481811558597,0.485662830242415,0.0920921849530196,0.240105570467166
0.661548859626557,0.249859407134606,0.0394500326301421,0.508442732674197,0.336712726959358,0.0060140766695407,0.328251624809436,0.0120469546048964,0.142600810195273,0.310588634964223,0.122451640593379,0.239732542763298,0.288983367113452,0.611303119694426,0.63500015486109,0.565539041629749,0.456289894922911,0.366826410925779,0.189415134497431,0.382608400047592,0.216966509673442,0.332659418336478,0.0024517485439682,0.00099546066288,0.40078956203619,0.0068460732487377,0.0637151436221365,0.65979461107203,0.501225248732188,0.122307317213091,0.282789651293588,0.375083552267081,0.0151318149210904,0.20505015034639,0.0266578697695722,0.0533381533751105,0.260403503420628,0.183220354422308,0.21753137536884,0.231388100733597,0.0302316617550207,0.132332588665963,0.0925447328996777,0.201609280880494,0.530774765869701,0.0901783867377193,0.0,0.089436502197252,0.654425506564159,0.445541137583668,0.490478623143728,0.614216615377554,0.0042994064667462,0.255588349766476,0.591566752270066,0.206130727950418,0.353052269636396,0.203156861061624,0.136001354184798,0.0109443306532971,1.11267406028819e-05,0.271717959248636,0.367631489582709,0.345823361494767,0.0069203072919451,0.302557135525164,0.230001858226748,0.0632093743538675,0.057297036435826,0.274619334157374,0.488533176386801,0.0003999930476295,0.0534392914633293,0.46547859617805,0.146516018957346,0.489605142414226,0.36067518860955,0.0499109327917159,0.0003824286770517,0.0486800108050026,0.134677879571759,0.129198979529657,0.910995730546306,0.244715998075131,0.0673904031505855,0.593455961160288,0.264643815205964,0.243541308444325,0.0070455279811488,0.460221154505233,0.0497452748256319,0.0017357245511406,0.366444093723443,0.481677896265829,0.304044096606192,0.41469966067208,0.0454497230733047,0.361659756697925,0.321863945718195,0.591307454456929,0.0707792757283024,0.30663430173992,0.0894729385094928,0.644129725279572,0.290707796187631,0.0010554043297962,0.105439792688885,0.124860646599777,0.2689165450015,0.0018147192848731,0.35612679920645,0.201619950143721,0.306634612565599,0.256717148254824,0.160238142264609,0.0981982070635006,0.582871046547422,0.302145398197254,0.004927933751815,0.224230441126055,0.0939361004019358,0.0289804524316229,0.0080910342126934,0.0017561545890445,0.295069608483691,0.0888850603655062,0.140014108438228
0.21702527314116,0.123567424683844,0.137928183156232,0.516478753861624,0.445630845922852,0.0064207224229971,0.0290941185910295,0.0155282136131358,0.124325942543589,0.200172690791476,0.031062480815149,0.203348547540844,0.346914490854237,0.529226518816318,0.543968934865426,0.247593415451439,0.325758617303349,0.202874419212201,0.169327891921278,0.289123451124369,0.246945108171366,0.563857189924222,0.0318204967484134,0.0064864618262277,0.594934608364109,0.0884332333022375,0.0686891508725418,0.347642344013131,0.672325830079713,0.0152884146516364,0.317338904065563,0.463598913373724,0.0297704447632712,0.206696635171055,0.0383755548043054,0.072082920531996,0.560438363327378,0.0927502457575976,0.0991572279051706,0.38440702136105,0.0199278276361275,0.100131776223896,0.114014579131348,0.156229642299398,0.76147675852158,0.0298985759924876,0.027136854095156,0.199295395968923,0.735882007431597,0.12351969389402,0.564049535821868,0.408231376696701,0.0003122063889547,0.201115723923197,0.217668961678037,0.127184959050706,0.612927561520105,0.284798986885316,0.0785538967146646,0.0466509736785791,0.0008497316113043,0.262634213827238,0.418689199177004,0.533447709120268,0.0326497691745539,0.263028711167467,0.0736720765211476,0.115683982665716,0.0627426678658389,0.539611659716657,0.294608589855187,0.0004542215372849,0.0830295202404206,0.334026987318668,0.0876830331753555,0.581506196377502,0.665211518801257,0.196347412056537,0.0002880962700456,0.07850637010009,0.0810384125150783,0.106729945035972,0.226994019409658,0.0012345272488528,0.396504819152244,0.173559199863382,0.412612552762078,0.388941657224358,0.0027005230293143,0.443299584533778,0.212169506397228,0.0020191081513268,0.1691513900692,0.0985963600279002,0.377850826990214,0.217498650752787,0.0377791156496497,0.273603622840264,0.220463742812956,0.264005956483525,0.0871112417549626,0.103054439961739,0.289230845047864,0.589144475698562,0.258442832288652,0.0092128002955132,0.192187599566686,0.338907469342252,0.276476082258016,0.0447402638776469,0.523259695856885,0.457555939054871,0.330088832859363,0.565097091888879,0.150503653960103,0.0031686364038929,0.468971660237224,0.375957572186211,0.0207206826205249,0.15290722241268,0.113047535066853,0.0023409789548356,0.0201210487823138,0.0016824520086071,0.431862424821162,0.0857309461017533,0.188293482910174
0.140222978318586,0.142742870368303,0.287138889913661,0.111607609881488,0.0664094350128934,0.0020729760965676,0.0129663804862393,0.0024638578515878,0.033146763576834,0.0719143906633733,0.0269660906910349,0.213670392014674,0.130052410493156,0.514895662371269,0.810895251958993,0.374449011496091,0.537680447805166,0.226553929941289,0.159812201016659,0.30163343701664,0.295031589056947,0.29439602240393,0.0226337851602288,0.000978124501015,0.338751442320679,0.0213237323462599,0.211378273870821,0.33149474536889,0.251810135226905,0.198806757880848,0.30511971717821,0.165239576072775,0.023269368723099,0.214859292988254,0.0213688262685525,0.0235976743977113,0.29569915900475,0.122867412352783,0.171060384744764,0.433527881095544,0.0038392783977613,0.0516885297019764,0.196652896045865,0.183862571577303,0.617151605878224,0.0261642637702763,0.032447242446165,0.111531401234911,1.0,0.0711150534911277,0.44390226716226,0.60613977542445,1.67318962340042e-05,0.118866761805916,0.417466244426588,0.124253707200292,0.552523671448,0.203138079804246,0.0257550618246043,0.0254450592563154,0.0002244868718125,0.0777430150933862,0.612992149577515,0.253539401978028,0.0020854499759371,0.190345077438638,0.08172733199583,0.042021714271247,0.0235511220304034,0.200377609649421,0.394377621270871,0.0002060219115542,0.0226444146110238,0.238934547478526,0.0179457819905213,0.209090990084014,0.528450006342952,0.108229144122397,0.0013639956148178,0.133289650137129,0.0932069888155714,0.13726483886562,0.159907397310831,5.8346865762348e-05,0.120932220955539,0.0857581088060916,0.452001567204289,0.239461009629627,0.0178909650692075,0.53848756144102,0.117594391569447,0.0015889723296156,0.165290761199466,0.0747337614243494,0.726807073770961,0.202613507360376,0.0625791698462427,0.207978196527815,0.184656503769325,0.372438301074317,0.0145281901224341,0.103363451825152,0.178838074586963,0.338702943223138,0.320222206123662,0.0398107308235232,0.0469423734573802,0.0891861761426979,0.121178505558384,0.0085756695464617,0.421422020636912,0.064597160367132,0.104488551408719,0.294087769828734,0.0943822126915155,0.0006199506007616,0.371642553525933,0.32975403217006,0.0135694391580423,0.166707858629185,0.068342424739562,0.0030326318278552,0.0162166208846581,0.0008920553701224,0.069447655425441,0.0196403249532847,0.0786237237186755
0.349973790097511,0.405922563276941,0.370357837531151,0.193485784312679,0.166552455039012,0.0046122189405196,0.162416753590628,0.0152558789600927,0.147515792744622,0.155676502020624,0.214919226684124,0.378282429723158,0.357968317473641,0.394249346669664,0.543666955740701,0.353556415671279,0.503171953255426,0.175351301366019,0.250044841722588,0.669794163139735,0.132033765864024,0.429852936771797,0.200370863694534,0.0138716667807204,0.345481628983024,0.182818379246482,0.225646024743054,0.290630129393959,0.184713180845182,0.078564667412443,0.275262735015266,0.201097349561239,0.183263091822095,0.349047806198504,0.0488827577181867,0.202082287570652,0.196086975467341,0.362336841625834,0.289102661064742,0.301050410902515,0.0121794657788272,0.202775203003729,0.20784990239505,0.270289283855135,0.581419887851638,0.0949042836238589,0.141410254436868,0.171619291316682,0.380540062882744,0.128432505914663,0.485947821797876,0.296440873438615,0.0022550278214732,0.0935359366891541,0.370568185995704,0.159169916532849,0.430268661312258,0.348094507287128,0.220832727836003,0.010801667125228,0.0005696110364773,0.0578297845344267,0.396056810690957,0.402367290447219,0.0128469065825357,0.576955589771458,0.347540054235025,0.040312759771633,0.0353582161581153,0.166810420939678,0.158755044709979,0.0015406452958523,0.104286892877518,0.390990186885427,0.18703317535545,0.252944504334346,0.453371838784541,0.155160071253767,0.318366774596538,0.155388396121938,0.340241731279836,0.411138441914032,0.0369823601942643,0.0236778513564491,0.0496813141258161,0.195883233611354,0.396696384584569,0.177679299507982,0.0028029747784809,0.532440195196158,0.20312653887133,0.0066038499686253,0.157581643802355,0.149111579310692,0.205685200022892,0.272737141829145,0.0738019549120136,0.165560478537578,0.297554017028952,0.316020854015568,0.239701775717168,0.26293656819963,0.349125876279769,0.19232782193647,0.504007966487398,0.0040061389351849,0.133074194439134,0.406911928651059,0.204373876774822,0.24036653081837,0.179504299676517,0.216842037396171,0.0968757024050348,0.141182446034253,0.134618097683474,0.240324342409541,0.39111754419287,0.335035683886597,0.0053528597925313,0.0678072853965191,0.27719014026741,0.0185918656892882,0.0251541903494981,0.0030243472662272,0.271818197048131,0.262255324224393,0.402221861105975
0.269807891122124,0.26099923460635,0.435120718804503,0.270011592878599,0.0469940107256733,0.0075015440308683,0.0239749658990612,0.0187474147476922,0.107491085199347,0.406375404301699,0.194350350013175,0.316501727594591,0.297029653206137,0.564889401709632,0.67214358720228,0.264717638516012,0.587842482568988,0.0875799788840788,0.230626988984654,0.337990583516054,0.195172779097764,0.588612334142031,0.0012111833685915,0.0034357535527726,0.774203009288738,0.0405144670440624,0.131463538142057,0.315736181279444,0.347920903068574,0.0508562085879012,0.359993572232042,0.184286812145908,0.0204447632711621,0.284653505640606,0.0223502982584325,0.057655881237822,0.346354961000479,0.110039624854348,0.070544065489239,0.429444583290454,0.0782423692444968,0.0794597815547459,0.348295642474042,0.240725812448873,0.322635874541423,0.0630816393761991,0.037141933597057,0.123194452170366,0.639869083279326,0.0880815757739582,0.637218806701076,0.317787217439701,4.45392282977429e-05,0.368717566165023,0.336993797692384,0.177000554879113,0.601708963075107,0.249720964176093,0.104808793258459,0.0182405510888284,0.0003072542054199,0.262963383429441,0.667505643115399,0.283454917678268,0.0550639003261858,0.40480028982882,0.109317904802099,0.0383236211268973,0.024113234036019,0.182264571250051,0.187678048587481,0.0023772472089129,0.223158935074135,0.772232445957669,0.0765088151658768,0.307520290797644,0.451192848134799,0.184593870178301,0.0042679040358973,0.110350581607418,0.204853078366178,0.139987650358911,0.191815063035254,0.0001686859881446,0.177919991708985,0.151656334764119,0.526952031782711,0.249438806207185,0.0109032303824603,0.454341832075584,0.232583334079453,0.0553660708863834,0.0888066043462426,0.105438385814032,0.693101499456304,0.241645523290798,0.0525962596681481,0.289913225027729,0.0969859607406286,0.226905979879479,0.0316796493994094,0.160152513618376,0.143013786391021,0.203738079603258,0.364225320045122,0.0285662771931522,0.337475307461926,0.94314381270903,0.255210247522583,0.18121942528383,0.318229784229531,0.007125144753125,0.109501890996511,0.117807922202608,0.219646736830225,0.0300725243798034,0.308292344268845,0.486326633056156,0.0097108690442386,0.0724872238477545,0.229526905093922,0.028018838180815,0.0437203784646039,0.0002177191169244,0.324073981002161,0.0860622606252568,0.100589553405046
0.198299753918138,0.118195457581559,0.05517992374851,0.142229462137402,0.223045779666298,0.0101447414283356,0.0578351921688197,0.0073196360992428,0.0709565078992144,0.207773916612996,0.0317877700479995,0.188454975898989,0.307183793584835,0.191438915464911,0.352955523895066,0.148257821538571,0.252381420013748,0.107341833116097,0.239330906024693,0.311712814236908,0.123544034980428,0.263380956659778,0.0015376478884274,0.0048322270124774,1.0,0.0655584569984927,0.0491043844666028,0.296156551768242,0.824162937995336,0.0408455956171299,0.619276876104773,0.441517881078763,0.0327295552367288,0.182855162822931,0.0190132934928407,0.0113544917184249,0.796592444115212,0.0747662930645118,0.0492817360247255,0.145965951691389,0.184804348551849,0.0330625905027146,0.296577989921721,0.222562653379936,0.264759722440633,0.0831158085519252,0.0062493265811873,0.530889469878178,0.434759938897154,0.100488263181859,0.362960875156341,0.199579996672105,0.000229950228114,0.261572392319668,0.0687137958017572,0.0964783803019875,0.525544635754792,0.256670029406083,0.0522367204454757,0.0758562359247144,0.0014197330597326,0.293775939844603,0.234513893050478,0.296560076122372,0.11527012815714,0.294849500347191,0.134320188216323,0.0790634085413968,0.0621558777721719,0.367918121188248,0.191909175437208,0.0003795994275881,0.111164839546391,0.367653326781228,0.100129668246446,0.428663702858976,0.342011984448574,0.290425691311369,0.0021849425082222,0.0800953763093729,0.135450162145169,0.0967832028631668,0.261233528212785,0.0021825193945559,0.428969323245932,0.154747000221061,0.301988980744918,0.161553567665464,0.0021711889919536,0.239847168572269,0.205651407032026,0.0021203165799647,0.163056938205657,0.0581050860376653,0.226202569678933,0.2097257461182,0.0478885697595793,0.462021862785222,0.184783870650115,0.147747032823892,0.0051351941174636,0.0661935938994553,0.172640974780391,0.573349276200371,0.27253942134876,0.0020052682266129,0.127063021729434,0.415830546265329,0.226924360794257,0.0247051966103215,0.473114070936029,0.413148221160425,0.155618751649125,0.2311796587073,0.325385852543664,0.0116708160714813,0.318293457686841,0.394421528186997,0.0208596394774417,0.266493394669494,0.0324245344926585,0.0431445574209821,0.050515695454624,0.0008319072872367,0.270570102695549,0.0261738473567727,0.0679807562396841
0.240366647413714,0.173650968314327,0.184652256822753,0.191107429476655,0.142311969268095,0.0033769942458097,0.109973521624007,0.0126070390800227,0.0687927029372421,0.141995711040179,0.119330452096955,0.147869300004266,0.195916103001509,0.522408456336261,0.782060117074984,0.377758828584562,0.540233722871453,0.251835276858043,0.201245952687822,0.418098686111536,0.333165729981837,0.486371941174709,0.0118735145864347,0.0064577202947147,0.326661032450768,0.324022074277772,0.101212994981084,0.470262838140308,0.358430686885343,0.363049651492987,0.375535915153463,0.275658141654603,0.223435258249641,0.19907815454167,0.0223557508805985,0.0534751295693758,0.314327421674147,0.435172182137693,0.211270976175264,0.25980211993355,0.0658929433152548,0.108561610190125,0.135996770281401,0.217828511935748,0.502290416196091,0.203072380208145,0.148490772238213,0.123743301626152,0.749550575796949,0.238363235790046,0.424778480455194,0.62538227761914,0.014714957898555,0.381742994291645,0.51165624195827,0.230698343793687,0.453403813091786,0.184794157419133,0.117167326459142,0.0439199861412573,0.0006637003166631,0.262340660209044,0.487025828489243,0.32001672385456,0.154407963923498,0.38732904628204,0.170861114873058,0.122859903707798,0.0605847061662316,0.39251708072425,0.439503046609164,0.0083569810489968,0.0187590003966007,0.300591193770151,0.142695734597156,0.181784164714058,0.370107531696105,0.101270248222818,0.0168702037070086,0.11901494791857,0.156035251624015,0.218797859937196,0.226792709215813,0.0128299558585741,0.172712198155249,0.228562568164889,0.305807340327056,0.302901104673714,0.0016024504356826,0.647766896695065,0.100538101334957,0.0067910855616055,0.293832706082312,0.168609375337068,0.545813540891661,0.48969919541442,0.0715458939050563,0.374676002538598,0.321724821894563,0.472337445541174,0.156220354608981,0.0939487548549931,0.153116414306307,0.834901157491351,0.257015809935801,0.001048808052735,0.0752777246755454,0.175027870680045,0.159572997413843,0.25165601984156,0.35573923354093,0.157774645480588,0.197513852648861,0.204102325869491,0.144423125758303,0.127404768699383,0.458083087180629,0.284859992579498,0.0161351063422729,0.350469189740809,0.101887663030104,0.0077126192165208,0.0308956573317439,0.0037495128852442,0.325377360071033,0.161588719403104,0.129002553340917
0.294866256692019,0.621268198401403,0.409882925848797,0.106001182772513,0.0402871504046986,0.0083851577357475,0.104421086415791,0.0093518692177058,0.276838192104954,0.0559334149604014,0.410054627589785,0.72240220961481,0.422361224025644,0.419151969819572,0.348294205098027,0.219679255296707,0.548404203083571,0.0308990290793396,0.402109132733348,0.978209508269169,0.109502010323796,0.511351723724803,0.451562459191935,0.0250867948630215,0.293561943572942,0.407496212930112,0.34771361363485,0.129311355545608,0.0898458348238454,0.109657803401887,0.165399325084364,0.0934310939538541,0.28411944045911,0.312748397119117,0.0898264975626779,0.378196006214983,0.120854939213038,0.344067278751741,0.36107354670917,0.150030872818688,0.0260524630564298,0.276098953906086,0.299084588794563,0.469490592697256,0.295237336677225,0.0330955062389938,0.182800498714732,0.227390554597541,0.0592517518906179,0.0455891634704083,0.666905068085331,0.163701843539197,0.0008194527141391,0.0586728074727556,0.305215505243865,0.0934314469404201,0.318067280798543,0.523930004936788,0.443961820931417,0.0099966372168383,0.0014499899859334,0.0045109869745668,0.451289426899183,0.463048931691704,0.0192012904835749,0.837575098873894,0.458897599108051,0.0133745732888302,0.0491779454669094,0.110362532429606,0.0561965854237556,0.0020738921107976,0.160279698922816,0.464937044632873,0.210731374407583,0.16066258029454,0.452745005857903,0.365891421246275,0.600815847844377,0.295167037314993,0.604779267288366,0.714147448214786,0.0148801784950385,0.0038012116506559,0.0433723701938025,0.114092701105411,0.341474844890398,0.0783502887666564,0.0024128700412696,0.414895757556997,0.30991413657567,0.0235562617654798,0.0739468253004735,0.123361401338923,0.0593701711211584,0.133550660355705,0.109204856730539,0.121409337058192,0.389634883241311,0.199954788898936,0.443519545359397,0.436149915479156,0.561610629935811,0.009030588742637,0.628997186201694,0.0015677151815515,0.223496675800251,0.0,0.334271812906511,0.453790733840385,0.115928181396081,0.0007051707895493,0.0756398604473893,0.0392183096410542,0.207217629299399,0.538018716603851,0.176902471133001,0.503371963595888,0.0085025485493105,0.0215899034513549,0.0504347469444672,0.0354792307085994,0.0690358136240347,0.0072406431609088,0.156527784758171,0.364353207787217,0.534254677856289
0.311388202631668,0.270183958404814,0.361283732124979,0.186444658415725,0.231871838809967,0.0044348847021702,0.0128540479820268,0.0057858267797455,0.0677221689586831,0.16065905600419,0.0647925048013061,0.33043979012925,0.331779405980903,0.581962831865556,0.587059033047357,0.386126081713955,0.353471472061279,0.196731282649297,0.204971976234812,0.361803749596315,0.174144566138462,0.404603588222961,0.0397307320640393,0.0012979310659458,0.453365286283772,0.251940990395266,0.114810989273055,0.313140841167317,0.285897109713803,0.0670338180879442,0.383737747067331,0.415778421174915,0.057209469153515,0.354482601446023,0.0411563921089652,0.0888252189105842,0.548280970848403,0.14368848943527,0.132328538886493,0.26175372311492,0.0531580720448938,0.148184179164406,0.350691989908751,0.2837153268387,0.379302997317126,0.114206256176883,0.1257869379839,0.166831692347629,0.537120816323967,0.533889086445284,0.47391970687195,0.525667826329771,0.0006747164143291,0.214115204981837,0.52784211162053,0.225151513369057,0.424053783582664,0.218128206228938,0.0822906802383238,0.0098335931847594,0.00162020959656,0.184254006519951,0.529254309742115,0.242164297453937,0.0161176764165909,0.302149563747245,0.189365903743854,0.0587990058526417,0.0419911378243798,0.2469132448622,0.227926920946427,0.0369835981993361,0.0819775740338956,0.529040701610113,0.174283222748815,0.458986306495728,0.569246382651653,0.149616261840944,0.0637814547586875,0.0903637225030951,0.270821729161185,0.181566129484362,0.412769776629564,0.0321855176146877,0.126541610529589,0.519757733735504,0.419926706385717,0.285385750106131,0.0157197760772539,0.418548499435063,0.15861006903097,0.0015029451652733,0.198676702683016,0.230022219505706,0.374374034224232,0.376781161407187,0.085790394676463,0.245711667467393,0.10972803741843,0.263131769809102,0.136975624529571,0.189890839526277,0.120452277403378,0.156438729405769,0.311512885172421,0.028764165504989,0.0786550266573207,0.084726867335563,0.141992521385533,0.199656878824421,0.284561456018972,0.2483814174206,0.156596010828032,0.374530025705349,0.106120030473181,0.0070851497229903,0.275868957251298,0.276042689713874,0.007255964572043,0.619067360817674,0.335636945287507,0.137589658705762,0.0235129485341119,0.0014274580234153,0.24291936807894,0.122361079820295,0.130389115209158
0.596849229962772,0.296794076624634,0.366968882420813,0.246825835680019,0.369461495628194,0.0074556817278469,0.0042044451576666,0.001944880493902,0.0589892643442079,0.0815680890065325,0.0713309736532574,0.136926801177324,0.394987390570635,0.236025597354635,0.702895128070121,0.261690949021489,0.178729254640086,0.0402591669059696,0.472979394997328,0.430557680213486,0.0643444132793174,0.271932189175428,0.0250822690589987,0.0006300326193571,0.453029548761051,0.199044397072248,0.145089406696327,0.968696041440174,0.217397958110075,0.0321544330665749,0.935696609352402,0.317150108126463,0.014167862266858,0.367305648512699,0.0233208650039804,0.279569583232241,0.462264150943396,0.170768319853039,0.133732782773404,0.155867305685009,0.0,0.206735964871064,0.541310241061527,0.328125232393843,0.398031378940152,0.284137162645058,0.093647544137793,0.0917987799224936,0.259212803538018,0.0763782182920893,0.245371430584671,0.288113485052204,0.0009263209546015,0.09212506486767,0.117491977963689,0.274406347973907,0.639413923173642,0.258379123827513,0.0252903592582006,0.0070720348914228,0.0005625836213597,0.211306850623224,0.143504923992729,0.497722095671982,0.0624922018430387,0.496757540077892,0.0501192099701739,0.0108191588568149,0.111180270691206,0.387603401203461,0.101579192055076,0.0005133166862684,0.128835839128581,0.420509760463729,0.197634123222749,0.471165239703144,0.204534091502683,0.171558426423827,0.0043596869183897,0.0814801416150125,0.102231759949972,0.115162434341752,0.0894907690888197,0.0044470710162233,0.121955643071821,0.200281407709063,0.914950752726299,0.521957566113973,0.0024575284960345,0.307836369546038,0.103456920556187,0.0057638200109305,0.0622071142406216,0.0711958983799176,0.109075430664454,0.303748115706478,0.162697149693802,0.509645782546546,0.132087783213731,0.0783780280372059,0.022086233849525,0.173835436951923,0.128291054246184,0.156254471680176,0.187225102714562,0.0092787630661254,0.0960937997833429,0.423634336677815,0.0983717660387283,0.21898871287082,0.180816650741939,0.6357324514858,0.0357676859479903,0.287427297221964,0.067534776106769,0.0110410249849933,0.725660355114846,0.197101639058033,0.0059811864498939,0.0365067089747985,0.217118160938397,0.0110447702372507,0.0014684795190297,0.0017214211890683,0.458806185187047,0.0813045840677472,0.267609553641639
0.342377772061215,0.221271852800793,0.178688509991947,0.339082091671275,0.47209286523967,0.007684993242954,0.17531894407446,0.0045371980874913,0.0531098538389538,0.219968434388115,0.0351670202564862,0.198333191144478,0.168959442496102,0.333219339924307,0.623737882119739,0.543088688886076,0.71837376018855,0.271665700815921,0.222573970350838,0.485730797341628,0.252812040070846,0.326549255698326,0.122616809005197,0.0009279408745637,0.415805133310951,0.0669958576386417,0.0674255176482795,0.716332523288781,0.326467094276242,0.0367725095373318,0.354973485457175,0.224535771093596,0.0130245695839311,0.221463836635218,0.0223557508805985,0.152305973360803,0.159571223146978,0.332327846328438,0.233903685124271,0.193256494317931,0.0178670608123488,0.0818539654605333,0.174151874598717,0.131559455640663,0.519327790587407,0.372075180942312,0.031415949635969,0.0773692310544956,0.469479463643493,0.238036502298288,0.316676942589885,0.741709428845201,0.0003342061338095,0.379271536066425,0.466491258474999,0.212675556496693,0.337928203022761,0.206993603640344,0.0301992791521015,0.0094871246165917,0.0,0.0946394605068822,0.399972034118376,0.215377295925723,0.0114120457016559,0.308395978625125,0.18072798394996,0.05712634026339,0.0293751508105381,0.215655179907907,0.400656306876632,0.0021019333383544,0.0528645385964577,0.348613778475332,0.0748481516587678,0.275478203540533,0.344168588208079,0.107779646061898,0.0038115391479489,0.0606140284152403,0.0786224665885272,0.118687566267605,0.25411218010552,0.0314402952698023,0.0636983107057726,0.40195937713138,0.454285539338789,0.324539515678304,0.0018822225199452,0.633828104443653,0.109849671856673,0.001275226200838,0.215746024037878,0.207213069959084,0.624957076632519,0.244328509128355,0.0711560363372818,0.388853301067042,0.204997484504104,0.361914864018919,0.0292790686281059,0.232535493163621,0.149752978427193,0.451852868245925,0.313254979342098,0.000565081068245,0.0683531935682576,0.107023411371237,0.130818432862745,0.202210228975569,0.393148913473087,0.182223271820893,0.136699013945489,0.362864752702159,0.0637397364634181,0.0131370484447112,0.441931976709915,0.154739300290273,0.0057435500858914,0.45334810928892,0.520576654909359,0.0358063371955545,0.0201440837551613,0.0019323630572169,0.186535658642006,0.0506778695150881,0.089529434398564
0.490671216188012,0.300042431637354,0.0548517141319683,0.567455395171982,0.0670333868070241,0.0046748974213155,0.0181818181818182,0.0292220221104908,0.0710853509267224,0.318593277798617,0.0983704081992997,0.185933967495628,0.187173062690288,0.398244052708039,0.893083903738347,0.77922709497765,0.535893155258765,0.416705628982098,0.202344343748324,0.340880118300954,0.228416282736875,0.42217030580765,0.0331949123769229,0.0228554483450809,0.330466057708263,0.0111832517224456,0.0648107569875356,0.324337575408753,0.307762204185167,0.0968361873619597,0.123348867105897,0.698772183797115,0.0194808106169297,0.129730446248549,0.0719037285030371,0.0418430205475235,0.281951283280317,0.220193114232686,0.26699597916662,0.122645947575014,0.0205621431974967,0.0888603172026706,0.0875282924646385,0.190277385290399,0.662388772365511,0.0206262743668798,0.0067418843412809,0.176162133095993,0.300710598035202,0.337657412716887,0.373699508517272,0.748413033873766,0.0373761847774762,0.2179164504411,0.284024725202586,0.136423794314352,0.315044520284314,0.242506278306038,0.0839019685183973,0.0354620769771636,0.0014601406966588,0.372342296318309,0.451728890753281,0.156007612237248,0.0099281678341621,0.241988950276243,0.255278781255216,0.149872355867621,0.0862828218571084,0.190662311025387,0.382572010762048,0.0019424923089401,0.0206062688358815,0.431837213617013,0.0863757345971564,0.343845495932931,0.309924108442096,0.102102652038557,0.0508732121459348,0.0425725489444459,0.132795013651632,0.134948265566032,0.267012808361083,0.128330176247973,0.112939164680278,0.643780376264947,0.324079117403051,0.318260253430536,0.0009929938765377,0.592701591772929,0.0506674784446096,0.0166690281966682,0.500971227388612,0.47351636261658,0.403633463057288,0.530080458557949,0.108028892919547,0.183169036222471,0.173958175655584,0.627568022156601,0.0310427606233493,0.228110727895741,0.150486034964949,0.311381834932521,0.258641764494166,0.0031398278811438,0.0203062936765862,0.100334448160535,0.136594296966407,0.0393669013137246,0.319607369119842,0.137657408865302,0.16501021235842,0.276029607606306,0.100378093168929,0.101504610267563,0.408070970573017,0.332045657914839,0.0037035023169545,0.111943808848034,0.0630629152653597,0.0501615827224718,0.144118307620545,0.0006963623117195,0.360292171349115,0.0590932584120758,0.133775513952473
0.365592950506967,0.137054188652278,0.0880823017416736,0.123236782944164,0.207103106998204,0.0056578794494077,0.0127898579796197,0.0020913245997836,0.0487898229166272,0.214646160814761,0.0499417323818553,0.257110864650429,0.239877587383283,0.491474055952812,0.558595564778394,0.326358401783593,0.426711185308848,0.405076025757929,0.294716443136073,0.469311440858022,0.287641564246356,0.10812591727319,0.0271096137271801,0.0017085243732749,0.337543559049284,0.0323121669532726,0.0499228037791305,0.296662829613523,0.617775958343456,0.0843587757794797,0.247584766189941,0.331400461101281,0.0210052008608321,0.161411325862137,0.0365380211343635,0.0708581517849446,0.347749357270469,0.134326927821278,0.126429359985371,0.132334132106261,0.0524266363975732,0.0852818558876421,0.143033406185754,0.119129917453707,0.447850739339132,0.0654172262115446,0.0272446011051765,0.124711205058315,0.757749622818709,0.236855537870249,0.472806383990699,0.330142506593632,0.0002129376678141,0.227053061754022,0.452012205049025,0.221226184804155,0.519801903979883,0.129810684925626,0.0499387582700289,0.0410259545718566,0.0001624113716069,0.383345687627786,0.295060026767344,0.453490383783628,0.0092998591875657,0.367297648159889,0.133920826942398,0.135377889926452,0.0138197293087942,0.432346069735537,0.31842011553375,0.0025320533246815,0.026128986420138,0.462078855922217,0.11779336492891,0.439388202382331,0.466214451483878,0.169360880350276,0.0007801545011855,0.16141020857129,0.0969932237329953,0.0975408370944219,0.464867177211686,0.0004679303095792,0.11198051611566,0.253261699740279,0.440438433003818,0.245361561508367,0.0011033265294864,0.333451995851971,0.125571900545264,0.0063710705827581,0.213500060701712,0.156356288695377,0.42179004750186,0.327327373899666,0.0505766696449228,0.32408791378257,0.31179118493818,0.196614542166465,0.106151098521795,0.158614569706063,0.108892776621041,0.466824788544658,0.203243169898453,0.0003583977203266,0.0360882771511714,0.204013377926421,0.144902370026199,0.0866581554994962,0.493083295919816,0.212835016232469,0.209113919102485,0.279331041531172,0.0794136734290793,0.0,0.426773118159848,0.232960125712041,0.0056146625664324,0.384767478015451,0.0704536133213026,0.0030385433908725,0.0111374093717787,0.0004735602582131,0.283682632222613,0.038869819897425,0.132049004720038
0.722602157948638,0.212399783172303,0.0528023122240272,0.206410883215092,0.17051533612192,0.0030727743024343,0.13252025996951,0.0233282891474641,0.140143318920599,0.2482217802722,0.210529461139981,0.31580642409248,0.167358604129258,0.371130675491731,0.595928701954347,0.665392037341754,0.516115093783757,0.255918507768743,0.14373020261062,0.476671255927796,0.0601698068366283,0.3656213496271,0.0145929640366685,0.0012874381258696,0.494375431731441,0.0069035193212371,0.023982705568813,0.13267677090661,0.227791051571398,0.132174511659926,0.664444801542664,0.242725144317552,0.0226192611190818,0.178741276304804,0.0178191692384868,0.0986493796024428,0.404614580155998,0.308325204671482,0.309606427915104,0.0092728716131782,0.0043005988060299,0.0748412064465698,0.0871991594949187,0.209854986242285,0.287843604976898,0.0014326537804438,0.000600304770114,0.125501103261575,0.150402413960262,0.568942735034884,0.501164408899537,0.495217585057368,0.0074971417063585,0.437785417747795,0.426052843030675,0.431952801943449,0.234456390649457,0.147086758676941,0.111632415479227,0.014551679863043,2.94761022988627e-05,0.158029234044874,0.369908711372126,0.141936507021135,0.0310901377822933,0.291984421700933,0.340206672608793,0.0750750041141497,0.0257282777984952,0.491846755681124,0.217825136503917,0.0014996263100873,0.0735810921152814,0.565008750068947,0.12045345971564,0.484373190310309,0.304536330191706,0.0181796993357418,0.0001708181424164,0.0938633694238789,0.256254292831782,0.280505441560605,0.0314798815625026,0.439132954020937,0.122940201057104,0.334656207994451,0.232897923214194,0.140810012613499,9.98247812392459e-05,0.390847803158782,0.0828998379428592,0.0048630649960528,0.399283719800898,0.612542875017078,0.107548074171579,0.585942394898295,0.117365023001596,0.512448323517026,0.175538994595235,0.460160483600701,0.0017815070659024,0.36126942886679,0.216032993704338,0.132406817535847,0.233116347742694,0.0017216283129801,0.211941630026126,0.0746934225195095,0.125828194174233,0.0031598298081211,0.250812544848255,0.100760677359417,0.152335160807998,0.749476292235746,0.161507858130414,0.0067702541797463,0.533533530255497,0.344485911957921,0.0058180631830786,0.0420078291304244,0.646074973340989,0.122180184440766,0.20917482968517,5.08293658189458e-05,0.496935886482049,0.102614734219489,0.0906351972535241
0.59197491615258,0.182066238019153,0.501112477944441,0.627687124645862,0.317550446461124,0.0028816813731785,0.0030650726149402,0.105308727297952,0.104919908900401,0.373309364228943,0.0249559257760187,0.155936740178305,0.168209913386351,0.561994687189071,0.682356676061573,0.506473074010663,0.418285377590101,0.12712234779187,0.17533205989005,0.326908367752792,0.113545873933361,0.23110791625483,0.0027455666118206,0.0010351513492552,0.407365386619123,0.0025875709178009,0.0490308273855336,0.419515145701435,0.113428764363913,0.0651406935719818,0.500048208259682,0.322870087394778,0.0182926829268293,0.233658986946724,0.0,0.0779672468082727,0.21515098697111,0.358213048115352,0.349214232982573,0.145565340115553,0.0056906300362075,0.0931873614427468,0.189598425350048,0.222758979698074,0.358009512936818,0.114470022075345,0.238721196915357,0.205922382303314,0.342440826249514,0.380135391010761,0.45432733806613,0.506341170462826,0.038376234023225,0.323696159833939,0.427265995494005,0.362545855954951,0.447543044828206,0.209716885960205,0.0997274064326972,0.0707713001742533,0.0042785245707713,0.308983686766325,0.281097061584866,0.0732966177445864,0.0600680890504964,0.279026658213326,0.247096914398738,0.0269255275605835,0.0398660802421743,0.236817619972562,0.139263670174883,0.0002632630950794,0.0701283331954775,0.637887547824517,0.237022938388626,0.275994939550796,0.26480706231764,0.105598748064661,0.160836753945389,0.0540699342416164,0.127457379228333,0.140333968419043,0.041612494652698,0.0250793315182259,0.0566379935744637,0.174966238408695,0.40403655155826,0.347659172884338,0.0010048152322108,0.443299584533778,0.205669313898414,0.0044177479100459,0.165023673667597,0.3990378738306,0.36747767984891,0.684201710907501,0.062721052436482,0.372530353446384,0.129884826048683,0.413570918196362,0.176770038614166,0.227704133338619,0.101602252146808,0.185106487244073,0.291182703707153,0.0025835418489804,0.102912126425795,0.494983277591973,0.0985572140980987,0.0169649114940874,0.0542937287270578,0.167131324374293,0.0756203152638111,0.494753631267614,0.0797945881888208,0.0064455181507759,0.554803088752513,0.118728038586613,0.0019212295869356,0.0832343397459917,0.50216143056353,0.0218924883739261,0.0137346025603372,0.0002295793022822,0.36542192290295,0.17757133201691,0.174985103954783
0.285021768780123,0.174221460663436,0.256020038596433,0.109148126244953,0.191748341100276,0.0051319917080956,0.13441386504052,0.0059759471979076,0.118420005532671,0.267069140014013,0.100250184038747,0.241206330247835,0.350368733138736,0.455062586420692,0.512059807352805,0.310274533838744,0.485416871256015,0.130669164994015,0.189479854509413,0.428008090697398,0.243472480771945,0.29903854793782,0.0101661051476925,0.0111795433289993,0.612744133276219,0.0617720115241817,0.0703770923118139,0.215112127219629,0.288341868308239,0.0415913719416,0.349477743853447,0.258426715278895,0.0235383787661406,0.204605971530696,0.0243132422381923,0.0460287096707611,0.349644864699987,0.127262582978772,0.158462827045466,0.285217065318064,0.0412426514997466,0.0694206544814595,0.146918148035255,0.208431620435785,0.504853476674107,0.171695182934237,0.0798713192851756,0.12081363223378,0.60691479838469,0.264138440523351,0.185378829249388,0.428313503030489,0.0047133643743472,0.273699403217436,0.349498196026532,0.17116354032481,0.387298247414744,0.190924896434781,0.0664269163391658,0.0499933763361968,0.0001050208148131,0.160637826623616,0.372205908791275,0.3125054064185,0.0391601162148192,0.460553089997887,0.170880642001594,0.0332136361910147,0.0245080834448417,0.268174162263485,0.242873110706655,0.0014384454499632,0.0539037596472587,0.380625492034679,0.108167582938389,0.329517208200066,0.461610214391786,0.0992391829124145,0.0548122275195676,0.0742550447802673,0.0986368870861368,0.122521439220673,0.176892944916498,0.0014632931779804,0.226836977925174,0.281771255134957,0.288971500173889,0.244246809212435,0.0992035033244279,0.420500903235507,0.150516165423632,0.0107129121713256,0.155080733276678,0.28808775626137,0.60279431122303,0.705643885583836,0.0551437551847861,0.283446621232881,0.152184807384536,0.374128184537171,0.116087454181865,0.267820785317057,0.108193600847635,0.407021395458243,0.211751258849896,0.0086037440468599,0.243017056437053,0.216276477146042,0.172139632273357,0.0991488046215166,0.329407791988519,0.258369753308707,0.128734351637398,0.426592957353898,0.143195733754691,0.0277796912055579,0.298212636639312,0.264737336039634,0.0058522989304349,0.180596193862663,0.0568667459601345,0.0462500985260503,0.0192284435844721,0.0012546381796309,0.378365247692282,0.0697085757451264,0.0536394602930894
0.511201093050007,0.240327515394157,0.0962939028067011,0.217495639326973,0.272573714145559,0.0073868882733148,0.091855893444596,0.0332402428402963,0.103474214341745,0.68624772635587,0.194551366504676,0.141434543360491,0.231202400503623,0.3728540404156,0.72461826741413,0.600447008507151,0.557537071589905,0.506324927790747,0.196114580309214,0.499770536943552,0.210215536280831,0.429538443106598,0.0023733970592076,0.0120221720385958,0.407843909065299,0.0056284662772822,0.108895451384964,0.588641256848074,0.419836595243242,0.0906405071279006,0.262111521774064,0.274099690811931,0.0173511477761836,0.198713044206257,0.0207799430746246,0.112987595611967,0.31164756634276,0.126956097635034,0.236924389819909,0.37318622190206,0.0047163941740088,0.0886232481450948,0.256334593658597,0.160168067226891,0.368960214357632,0.209118201050905,0.088137054196746,0.132372846785708,0.859057219527364,0.463163751215409,0.15369140521782,0.572489782022863,0.0021030806141249,0.260119356512714,0.504219774910327,0.249368163271708,0.48997459649483,0.17061162506171,0.0380592998800716,0.0423710678365076,0.0005456007014921,0.153866894163765,0.326541619224546,0.371586747786973,0.0112783630108907,0.282851794825348,0.143778877316091,0.0790532814036213,0.0244888893763573,0.264764808953967,0.322421262957981,0.0017807338227029,0.0461498980927113,0.75141781203147,0.104580853080569,0.619263562092959,0.456729872320103,0.171258761050161,0.0004946077556535,0.102719398753112,0.133936351614105,0.15966582846186,0.063127521619876,0.43600821939808,0.0965644108197741,0.7116534850658,0.404587634373961,0.296487461327258,0.0038169843984374,0.515231181856575,0.189794876845526,0.0011993198793595,0.78566225567561,0.334399965484263,0.356596606192411,0.500666869312225,0.092726024718248,0.331438281819961,0.16753545575544,0.317187490119952,0.0928566020424979,0.240998758870114,0.0968404647208841,0.318271897756564,0.339312798470177,0.0342302804297255,0.0881072240276981,0.241917502787068,0.126782408734266,0.0087337790290189,0.350251917682588,0.107410579085206,0.205937826771038,0.38712812412896,0.101139922688412,0.0978341090916248,0.350621876698781,0.284794517558218,0.0073042973918402,0.150068963317893,0.334918177343942,0.0879088831086939,0.0039159453840793,0.0005972450483726,0.3185723140842,0.0609486197436951,0.439297292686587
0.720835416373423,0.347829794318221,0.0975189642823977,0.533447482978964,0.229660248718952,0.0031706138822133,0.186552194495707,0.0074352498670441,0.123727201415757,0.314792664887857,0.0552659529675739,0.281899714200401,0.284337291869023,0.569519598563683,0.553279957877784,0.509581926022646,0.489286065010311,0.354996874375671,0.243613521674732,0.531130487991433,0.163771283130937,0.325216401593435,0.0148769881689258,0.002836743538858,0.404887875244567,0.016263482655657,0.0808818177735588,0.532774828931381,0.385665450663892,0.154748587327539,0.37087578338422,0.283733669329616,0.009661944045911,0.166534498275609,0.0385118703584554,0.434139837729276,0.277855244237222,0.204816659138956,0.208706312098848,0.179609973390571,0.0078515519486234,0.124475137649556,0.228620949070321,0.265190748865918,0.580952205899873,0.0349429619925379,0.0005849123401111,0.108260555153808,0.584938295130095,0.37233052832412,0.35462152306798,0.273078666470308,0.0017506313160344,0.158945251686559,0.392819817974613,0.189868652467251,0.413019937902543,0.260136512910773,0.0409688808972113,0.0229178767590923,3.80651652203856e-05,0.143886349395029,0.296038832624199,0.374571090798997,0.0020542573480919,0.427566947438336,0.245998355941759,0.125015296197682,0.0314892403536096,0.365496937015254,0.296975152330458,0.0011058903958795,0.0355858979824266,0.420775521870158,0.134924739336493,0.403472822358633,0.635757833546009,0.115770722692993,0.0,0.0529738613569622,0.183871596062042,0.128522592937143,0.11162650248702,0.156594900021779,0.104117006943725,0.3497700859205,0.637110565142031,0.204088239515984,0.0025271431461093,0.476528037889458,0.243810939304676,0.0057688804323624,0.313281534539274,0.291668763977076,0.336129313798432,0.548603916849151,0.108343335416834,0.271159925740078,0.402672353108021,0.41292120621953,0.0472232985494079,0.363673419185774,0.16348392819742,0.572831786417853,0.283901555005905,0.00080694456049,0.0748741477091697,0.0,0.207674852231615,0.0809520550692968,0.558954109922832,0.365596490202912,0.249406315048814,0.272303261172536,0.0444823791653734,0.0211570443117072,0.6556132640831,0.27538793950108,0.0093967057155573,0.175398033947492,0.414444057091297,0.0288090171041223,0.0357560366025719,0.0008996797749953,0.487356552914175,0.0944909021031846,0.238183560369609
0.504746904561979,0.29833298481191,0.167692215707502,0.247398007220463,0.463722962088921,0.0017993310218732,0.153751103265666,0.0418136460214733,0.123046986020532,0.846751077548074,0.0950563525285973,0.130458985624707,0.200376209581658,0.539201839692056,0.737893734320315,0.463681946674306,0.547127565550427,0.51302106512332,0.254329306515826,0.653323814865807,0.118110265084149,0.569053823344415,0.0125101204001149,0.0063714957001756,0.507611980040983,0.0099731377169682,0.0847485973826068,0.770272430773166,0.532169235448617,0.141381980896653,0.44039852161337,0.383878433685415,0.0302860473457676,0.287269742120477,0.0303220318651239,0.0738061686065986,0.674473833282496,0.210516527435657,0.135642735069749,0.224945237500184,0.0388571393885684,0.171157452297861,0.124939199574559,0.216417044693984,0.505821517045884,0.0397881554883554,0.0039866393707574,0.112358383860859,0.581412003421592,0.226655941760083,0.387499779801645,0.528661019445236,0.0056486449895127,0.233954981837052,0.501368078860162,0.179872985622161,0.566739370300993,0.383306681834768,0.0764938750285449,0.0322215768395952,7.82775961711519e-05,0.324083194486646,0.488164439383952,0.316816124102535,0.0195488654795644,0.403115659813423,0.206813708044232,0.12183031136729,0.0762415820299647,0.29787017291262,0.312611280367176,0.0011522395323372,0.0627265342826299,0.514774829887628,0.183984834123223,0.355567830510589,0.268418813942555,0.259210548221153,0.0011319888840731,0.0613088068557862,0.110443242356624,0.145535848489403,0.175005661849202,0.359280357845372,0.280093792102809,0.470607771504484,0.400808094714207,0.253458022704297,0.0015985099837916,0.580202227464993,0.0424750870721378,0.0020494706799182,0.244761442272672,0.285553006824049,0.301171807932238,0.291908859126184,0.068493500882612,0.160935544523331,0.263577431960367,0.354255850569407,0.085022424720192,0.205100525421816,0.152180073182451,0.433383971538062,0.362795997897988,0.0014533797124902,0.162768962807196,0.197324414715719,0.189389673577698,0.0123089412092308,0.420478048817925,0.211473222225048,0.186206963948909,0.452964786769488,0.120298524308005,0.1284183387292,0.461066392460195,0.458958074161374,0.0051192511635119,0.156335456712562,0.415558608809778,0.044202727201072,0.21392003409176,0.0008869724335406,0.320373255599672,0.0386445260214427,0.126178375238383
0.539471385096273,0.282359199036863,0.0881433639959139,0.875036027592332,0.422236382438533,0.0227385298380143,0.0509347669100538,0.0495828912177213,0.16048346451322,0.489769486103346,0.0326027017703033,0.236195239517127,0.231019573201915,0.630027210316493,0.531936228203302,0.33046985856944,0.371599725031916,0.288531631895793,0.198389026444597,0.401033433617188,0.17419649670302,0.339997603857789,0.0033070855859385,0.0009283970893496,0.694173989217809,0.0135322965566075,0.0347793364996431,0.777197778772569,0.862787445648119,0.0940538679975906,0.267607263377792,0.588702124997766,0.0581734218077475,0.203887378577558,0.0828853095453604,0.0221652271398452,0.27741949540285,0.173145241791317,0.114062080222512,0.15207803472457,0.0134238168800779,0.214469541965495,0.140645165474438,0.18524577972782,0.822115433708636,0.009032613941943,0.00163159758031,0.0912202629285569,0.552077193122056,0.250880146544564,0.342050839396128,0.366326673080197,0.0006999330011695,0.29326349247535,0.348400581893043,0.151140835377367,0.51990967642606,0.300913305715941,0.0496529102996294,0.0089368510083254,1.77637437695133e-05,0.338937007567284,0.346876810291444,0.2250223465298,0.0345747999215728,0.207438939709567,0.226430283426822,0.153900424917822,0.0750186456665277,0.45660205647845,0.296668513096463,0.0003738057855309,0.0969805326326014,0.507799846560395,0.181456682464455,0.426376255089404,0.525711343437283,0.190587177651622,0.0007189659128572,0.0701923877438687,0.0971196593755446,0.0921074012536511,0.093600852213154,0.0464354397707257,0.0786480464296818,0.519753543002681,0.273602012552842,0.264000830719519,0.0067013951826662,0.551672367626801,0.0792199769001423,0.0039825516669028,0.161915746024038,0.295850201701338,0.185572025410634,0.325106544004069,0.043235843376959,0.215703719520513,0.194117413648929,0.416172927719147,0.0282680633682063,0.19700217833034,0.152552761590301,0.396604953396517,0.312892761742462,0.0019766843593475,0.100363219269738,0.40133779264214,0.260018409934621,0.0292691330172717,0.540316422423552,0.285822943466968,0.472338678941042,0.323223388770169,0.198879828447279,0.0394406667913128,0.573783590838535,0.619175451232022,0.0098478120336638,0.0962616300855464,0.317867689278976,0.0269843146527942,0.0130032421724283,0.0045272021822741,0.389164195607378,0.0920656797911393,0.0716467087678402
0.467975382106402,0.213138783937697,0.150507007529739,0.600502571569479,0.342890098307624,0.0037622375911895,0.232207333707775,0.0710664984700445,0.124462364572715,0.653549715838718,0.0370467960959338,0.225261272021499,0.254764504613405,0.613696981283988,0.702639607272277,0.634541122339988,0.536541294314053,0.370922378329834,0.153911585067059,0.302959223565006,0.181593241939613,0.233683769131698,0.0824420851941811,0.004174821505965,0.466513076397652,0.0129715729359064,0.0665304441144269,0.510008313615144,0.361835749716404,0.0923902131199266,0.437602442551824,0.23637249119797,0.0177994978479197,0.173120437574272,0.0680596298760074,0.0519512884962724,0.244062922131683,0.23591306064045,0.286646363076062,0.238102938798312,0.0208140484204329,0.107185114626093,0.115438119759003,0.115596043727225,0.445194414774665,0.128466031658475,0.0045869441408715,0.0658990191170199,0.570759838385277,0.445845563969563,0.395701728116687,0.501825560912914,0.0012524310095881,0.485965879605605,0.635613114650786,0.359814595869582,0.356660080572734,0.256122689905342,0.135044801479383,0.0159681248917286,1.15171525538603e-05,0.355825940234153,0.430394918199796,0.372826619762983,0.0289556708197423,0.22321649609033,0.198133584456406,0.090671640216552,0.041930813609143,0.3018805775526,0.36092674289784,0.0001645394344246,0.0553713942741041,0.590281155510538,0.0982460663507109,0.242957244549772,0.411612826195646,0.0810761316529875,0.0001325752747112,0.0383188278368972,0.076944631440102,0.124038738874151,0.333000612318506,0.0358347963376654,0.0617421494455384,0.41277356318106,0.294585981525719,0.333417830539326,0.0021777564117719,0.594729173069652,0.0875019026045537,0.0072515839119081,0.483659099186597,0.407476252453853,0.584376609626281,0.585315847916576,0.0350654513336324,1.0,0.251149853503593,0.390016883026551,0.0392555081971594,0.253816652283384,0.100678231300898,0.453722888141839,0.270067142494104,0.0022031565384497,0.0576265426198517,0.0869565217391304,0.188469176846641,0.0918852077959774,0.382945575803623,0.202849988657487,0.225776188102847,0.547712223977206,0.147089529076493,0.0054909910353175,0.617724304604966,0.288679368820795,0.0107741910797753,0.104991668593387,0.713455623000574,0.0145798849215733,0.0274749638638863,0.0008268243506548,0.289985089879546,0.0739759068078508,0.16861638309702
0.403289100078144,0.323672184133004,0.0673160467787753,0.963387426316902,0.446282970839161,0.0094155308102951,0.0158709780951617,0.0016314387234184,0.0688495454493779,0.104364688979638,0.0252438683178994,0.160063771701574,0.206826055215102,0.464444154225004,0.780283086071794,0.614047125755285,0.514779534518315,0.52464563298965,0.229031178403487,0.40749239372461,0.242313512760562,0.403989576781382,0.0043713599206038,0.0020064326284814,0.384963589844519,0.0148548050517577,0.0875151179158724,0.745086440280531,0.391478925913102,0.0779909933166968,0.151386790936847,0.543147820492199,0.0128900645624103,0.187531830877172,0.0469143611162608,0.0447558389156901,0.171271079349863,0.15816731253155,0.212612006510996,0.250801223151674,0.0072020613738243,0.163432418232533,0.117831224504355,0.229059269725589,0.593697390035175,0.0362355243414335,0.0019702310403743,0.139018375331442,0.373862305009575,0.140294637502969,0.468296721686896,0.673808890835474,0.0007075756995783,0.315282823040996,0.390860918109583,0.128518237484339,0.269384927253599,0.346165403850694,0.0795998767180821,0.0316305422233092,0.0013418458755124,0.268890384018218,0.35966121331975,0.191127706813529,0.0161310446856674,0.193237327536757,0.154811075031417,0.0835176613063164,0.0622545901243776,0.281584058896239,0.452639075729999,0.0017093561525581,0.0315350567435902,0.209344772773997,0.04988663507109,0.329612982546796,0.307066048788496,0.0698886243694541,0.046046962241542,0.0661207465034975,0.0858292982138403,0.113848253785124,0.239492027277531,0.188982032053804,0.115711472691471,0.294234494550476,0.145593918799128,0.204189025339999,0.0046970186540992,0.883424025401149,0.0477576126565732,0.0168562637896484,0.264137428675489,0.233729065845959,0.314292050592342,0.242535716279676,0.0867848510296714,0.277236546320516,0.275521016270139,0.509288826218645,0.0032156202539538,0.134969063236635,0.20509258688876,0.669173094451686,0.303729231420249,0.0015413300733066,0.0426304721850507,0.212931995540691,0.136928103473274,0.0808317030751114,0.205532595807384,0.13963262567618,0.16773676546757,0.238029050140915,0.0594368104737451,0.0875901634504679,0.443877183445439,0.301141447870971,0.0051031402235795,0.228511747681956,0.094032482979247,0.0181031764798613,0.0155313304424442,0.0022500465935853,0.269812869611834,0.0606438103820719,0.0734684779759559
0.412204107188794,0.209466112551441,0.346519387901786,0.633643686578094,0.29598682160779,0.0047635645404903,0.111161036668539,0.0855516189781284,0.0717996718292299,0.730071553438599,0.0770952573690201,0.168793456468882,0.280331426316828,0.621764483333849,0.705845231827051,0.422914904058606,0.452676028675243,0.197387952550934,0.183884347187731,0.464994135944113,0.224530654612259,0.300895558151376,0.0119975711039724,0.0165884258308812,0.296969486475952,0.122672341339567,0.0556029590078002,0.300041568075718,0.314501550451362,0.0639359779709147,0.312993732926241,0.311238896931353,0.12331868723099,0.177029676261084,0.0544716954383363,0.0483931905983022,0.245326593751362,0.277178513005226,0.162824562076836,0.214397024448332,0.061039974020377,0.0927292415071612,0.141060229712114,0.139281624154086,0.564880148841313,0.150720868917104,0.073037080363877,0.108649941592034,0.456178391830897,0.322924225385749,0.382229111984075,0.461378245893205,0.021828518185056,0.303386092371562,0.460162909045076,0.14793704572949,0.43292704831798,0.232364399321728,0.0568965214377993,0.0321706255795706,0.0008674953550738,0.369454340865001,0.283574039671601,0.328162394394625,0.0230335276188439,0.441469673640673,0.0927015782329208,0.0899467059374565,0.0360300085550705,0.394744705994214,0.440383397958376,0.006883542001008,0.0477681137289584,0.42197395538217,0.183100663507109,0.515695856311752,0.540643399225414,0.153495263622288,0.0020013767432373,0.0791700033001976,0.0822583456067031,0.114519562400218,0.0895998121104858,0.0494273052933316,0.0684785988185304,0.356521356498307,0.39765407607184,0.248858524190125,0.0074868585929434,0.645865348259752,0.115938006428565,0.0121905552294395,0.331759135607624,0.22983525926352,0.381359812281806,0.399674939981762,0.113411483797903,0.306793715190662,0.261947135886255,0.322227105161653,0.166446205167261,0.177161380429181,0.230367637093893,0.890664601934706,0.244123163183053,0.0153143565771479,0.0819261241742603,0.217391304347826,0.116815418488834,0.0645417066856713,0.452891585220318,0.33021677414004,0.163475915447536,0.598483074731333,0.0583504980107785,0.0201729957390697,0.447554737593576,0.27294353870665,0.007255964572043,0.164475520015307,0.0995642277089656,0.0225624655158824,0.108984215284856,0.0005811490825299,0.3718064699871,0.0662363995388102,0.0993748330615622
0.469865892665596,0.422511506282522,0.277419814447075,0.0460534041004204,0.0824399415324853,0.0014492487754765,0.378303779186392,0.0020065411700627,0.239680241921732,0.112022534732789,0.25341116836761,0.148179627180822,0.430608557322956,0.471509950412867,0.524003468888407,0.287625436627162,0.50696258469999,0.0353545802725639,0.263214439589416,0.356823551408223,0.125425754260903,0.385179860424716,0.113537830708559,0.002182987750633,0.383489431986138,0.4395511213848,0.333505482712537,0.0764666069791733,0.048357631071007,0.431890542982532,0.127636188333601,0.0645997533644309,0.244149031563845,0.489887373926471,0.0180154636364628,0.0994221421788973,0.07791189158569,0.724613904376573,0.620436489570893,0.0673909527939901,0.0086224426308617,0.335162253480216,0.239303989156447,0.572741875511266,0.337422657182322,0.0338025301825895,0.253667246448197,0.386894365021973,0.0619153166490596,0.195768473236066,0.389483326580584,0.355499538111094,0.0003656189196424,0.140380124545926,0.305514854552998,0.153183888506552,0.442903697621308,0.412425679881517,0.264406178787526,0.0008661714204192,0.0021451184646503,0.0501848692169937,0.573040890114061,0.190248262737522,0.0039169028394203,0.609386227092957,0.421142211037867,0.0039335490976298,0.0492437537017132,0.144211570068323,0.128684616602042,0.0056601565442083,0.180983527285915,0.432624469103983,0.317455165876777,0.17972612991456,0.414545508816704,0.183495097141525,0.544292889376131,0.250510751995841,0.638790455134141,0.652770950719245,0.0155763762487523,0.0025678397852835,0.0127085708363561,0.161506652264515,0.153140991957072,0.128734038426886,0.0003375653786642,0.583815169492088,0.311955519343892,0.0004959213003258,0.10258589292218,0.202700856421725,0.0817511303153437,0.146100210296462,0.148130537095906,0.274469593171883,0.471693445553353,0.249364515292734,0.373043125832298,0.600162027931013,0.402481919992115,0.0144113063676726,0.733276758393962,0.0018733426853883,0.110049066462754,0.0412486064659978,0.274729498717037,0.474439360293753,0.038944593458966,0.0006909373493587,0.0385724197914529,0.0660862832543591,0.205030896419401,0.482154279135218,0.214287117753777,0.283223117047513,0.0039270416085162,0.0081480359406516,0.0541331720121401,0.0192165208481122,0.0030348576726615,0.0137324003320852,0.0880652024593322,0.31192599758803,0.357750395204376
0.680748826621495,0.181347539472589,0.219920797167729,0.0223595244144315,0.017836900823981,0.0044226547546978,0.814378560539196,0.0014233339413761,0.181812669817005,0.0259319286871961,0.225353069168688,0.290587808727552,0.540612163607189,0.938762650912239,0.157207235110106,0.116009033435703,0.259628793086517,0.0094601044895991,0.267606154688225,0.224312885625414,0.133924649361773,0.710740707460988,0.124213220507195,0.0002390565478227,0.22123559126465,0.206185193649462,0.257744786351522,0.0958357314915478,0.0535321788002319,0.105068410635918,0.0453800417804917,0.0296838417957929,0.205456420373027,0.26695379377545,0.0036750673398837,0.203246356164727,0.0838816506165846,0.151054575266348,0.20070979787467,0.0315196777465783,0.0100124738610394,0.224927277464771,0.415623601590215,0.277708038967799,0.194791234809697,0.0685036155628447,0.330552434312805,0.317390740019655,0.016517451898261,0.125453851190609,0.387150985607836,0.0596324397105879,1.56524190576169e-05,0.0399390243902439,0.393113915541481,0.0696265447893322,0.230586846629545,0.244397819227715,0.359331658700717,0.0007336981443551,0.0,0.0019285498840811,0.391342562074269,0.292797208846342,0.0355640518332353,0.345131781541527,0.212617044663582,0.017686202196745,0.107632110031369,0.0214069355211149,0.0457708514679117,0.0004998754366957,0.350262032164952,0.448028601944571,0.156185781990521,0.433084913981273,0.26884416485706,0.181530624136381,0.169974249802412,0.890788016509373,0.487122358947372,0.631470866627939,0.0142259203650425,0.0060386117605329,0.152684215980931,0.125763892017387,0.145583113253722,0.0676089632192825,0.0005989486874354,0.0795134689328997,0.176122984358352,0.144930469809526,0.0307514871919388,0.0764415713289278,0.0,0.0558960552353894,0.105114547822741,0.141044917762475,0.135979331294483,0.0292923672279588,0.101140609898944,0.373278199111388,0.212420072196829,0.0002117003655751,0.373268111167456,0.0003737890334695,0.34903035323605,0.177257525083612,0.328442000276486,0.370266449875754,0.0,5.34715726077982e-05,0.0042413048364556,0.0464114713989284,0.135238847662312,0.0546638982100156,0.0938840604389487,0.169209279993016,0.0048514067871362,0.0005261941018424,0.0092455499958986,0.0013537479309529,0.0387045131270552,0.0074109215364023,0.237794642408403,0.346621254489312,0.168943255562591
0.489881278849094,0.411509733898818,0.476864402359547,0.0487968385387422,0.105505856694928,0.000229311515107,0.385140014442751,0.0082317002674531,0.358318143750924,0.0565633116998011,0.230009045742118,0.183208207140724,0.370266751944189,0.423693305669736,0.311224331774398,0.17314196128591,0.347756064028282,0.018357285592612,0.378258883746216,0.288103615317934,0.131064802624143,0.36788270883877,0.117804721982815,7.71002988206848e-05,0.402989221667805,0.350674554262186,0.232693567394546,0.15947752126367,0.0994125310138096,0.137739150388664,0.225550377631368,0.128531982199346,0.179026183644189,0.538556349082689,0.0011886716321879,0.24022359136769,0.104514357924093,0.299478880028542,0.164325883917344,0.100983519795357,0.0072657964302298,0.355613197271356,0.33774230996219,0.741128876329293,0.653442227663762,0.0422660226838673,0.176412640263518,0.397389256642747,0.0693155036430321,0.140575444600303,0.230059717793789,0.281010150080424,0.0017964659169438,0.115279579657499,0.266200311953491,0.119302930663639,0.469210438531216,0.401403764837193,0.28013580173968,0.0002751368041331,0.0041151371692869,0.252124437796127,0.503585625536845,0.307834260834463,0.00658164447534,0.558050297376445,0.243873678375595,0.0051639963373518,0.0810894553271766,0.137437008462259,0.0356319735696763,0.0096751504898524,0.156947828982391,0.406604923104695,0.299984075829384,0.17793759967214,0.385688807301111,0.217407228594736,0.344491752288198,0.315350351012849,0.501488181684601,0.494701638358635,0.0122715338997979,0.002804115707034,0.0203907140636335,0.174057897069316,0.220510766125175,0.0565591719681028,0.0004518384835039,0.373092647419754,0.189472553250544,0.0143159322308362,0.0936870219740197,0.152915501161311,0.0664203342299548,0.135557471727843,0.119301528625132,0.191936985830116,0.317338012596584,0.0795699570652621,0.321348244547475,0.444691450637896,0.328732736210529,0.0133155609569641,0.668526050344797,0.0023482746337966,0.300579876378003,0.0,0.50074347812893,0.389805950108199,0.0610895583670055,0.0011714121276835,0.016007505350494,0.0665898603239493,0.209418470133461,0.0712549571446846,0.186982178762534,0.388201401165455,0.0076245023229961,0.0037232219024308,0.0320102944795341,0.0241211476314338,0.0503083806989963,0.0077557140678741,0.177271280427535,0.212332851822893,0.32355455439189
0.325836411378981,0.348666245733996,0.288772305214589,0.0003800243813395,0.0029150895242388,0.00429882653654,0.353943673272888,0.003982252002045,0.18090697912364,0.0411273028387818,0.118306354565927,0.0871859403659941,0.6333564956467,0.280745570750189,0.211036949855979,0.168956114112634,0.245644701954237,0.0330316512226811,0.280764657695857,0.385616915676576,0.1200078690079,0.343397130619702,0.0872966126041422,0.0102301603594973,0.33595748868333,0.0903177142457518,0.102542442435777,0.119569503954296,0.0726177472639938,0.184608324011129,0.063416358669452,0.0541409754615481,0.0634639526542324,0.391472696956096,0.0214778787118725,0.165203445152347,0.149178613447209,0.114884560350095,0.264526135416972,0.108290086884933,0.0011077759803817,0.231132720228612,0.674250776624101,0.423254257455195,0.164472237596047,0.187579143450342,0.150399433558576,0.237303220782111,0.0626314637775086,0.0196407506209905,0.231733225289341,0.255002840186439,7.76791776128351e-05,0.0128048780487805,0.251957586929464,0.0489332792179146,0.274414308075235,0.4050044001803,0.090947562068134,0.0081420113519407,0.0050187456298262,0.023488184953805,0.272607418948882,0.307978431994464,0.0047457355221645,0.108350692872022,0.176490597057703,0.0124226223379341,0.0856823217145239,0.0508007226199047,0.0522424230434439,0.0059570227632196,0.3139762506177,0.393948662919264,0.298784454976303,0.312701014762613,0.245173759579723,0.237002014417234,0.0435764729877878,0.510264453038667,0.475859335221895,0.277832394246042,0.0300119947323833,0.0314518491046067,0.0357420458078557,0.0476559659796309,0.0773068738876792,0.0227470550687634,0.0021882642834813,0.264286488171705,0.219591902515019,0.0049794546889865,0.0561005220347214,0.154335679924065,0.0760745149659475,0.0451827221915497,0.160180331493973,0.0343111087385897,0.179878286249227,0.0316999374000139,0.157926147624583,0.505780249872685,0.182543398179063,0.0136174299967657,0.497635236528093,0.0015677151815515,0.146201066292827,0.0,0.408794958510211,0.304879919387762,0.0502300451648305,0.000766836207456,0.0534267593108368,0.0209836167115736,0.12382551282413,0.0297379478651066,0.0354492641616945,0.253955782535629,0.0178871710599186,0.0158974399859682,0.027135796899352,0.0062288168991881,0.0,0.0043425221531319,0.0879512824378885,0.13915209987145,0.222527925804309
0.179795077392018,0.304766757958977,0.517745581573447,0.125081395671565,0.0692387622387357,0.0007628429735894,0.223557730883415,0.0081623320067724,0.35058566735004,0.0510216358913747,0.0949802922345156,0.199276969671117,0.363996592249882,0.745021427619346,0.363613838386967,0.253100524729807,0.215869586565845,0.0227309381715816,0.30239593484359,0.193377866163548,0.0875506552109878,0.249318597058735,0.154440570398809,0.0090745683067588,0.296016300635586,0.134360119437878,0.243073632961005,0.135322738803266,0.0426321518275431,0.232051171729341,0.413344046279929,0.0731971476060265,0.24222112625538,0.402658561372257,0.0128681883117591,0.44745108859298,0.0209595189332869,0.263372439471517,0.183506681446597,0.0702724158715691,0.016234229367293,0.537424874737836,0.340772603166162,0.345669666096527,0.199421762664004,0.0199772570316596,0.145335324087614,0.46413009215479,0.0372920006156352,0.0451338360742643,0.329952260996706,0.209355210738009,0.0003108462477125,0.0785547483134406,0.154117628523263,0.185437462379,0.684719406738344,0.392922685612484,0.808612806947224,0.0023845189691541,0.0008799885375051,0.128683054471309,0.190807215197459,0.283469334794268,0.0143887136160277,0.871403556441144,0.228954322266911,0.0015857409900121,0.0606861605282208,0.056352806943671,0.0791327055472027,0.0014124899335469,0.144320232785515,0.37294849744518,0.337025213270142,0.0656633375800718,0.349601140238943,0.186608287412389,0.592991357111899,0.394093904097815,0.477667023192397,0.336934973452334,0.0124980078678734,0.0005996440263496,0.0157011089232045,0.132638789213473,0.132814560432414,0.0990052744581235,0.0009286331623177,0.593150445647776,0.262371406315752,0.0006780964718741,0.0451620735704747,0.0758699044345531,0.030772477536771,0.158615641342175,0.124607426211466,0.142788721032996,0.42400140691416,0.0970742410542091,0.435605200219125,0.270041808085336,0.282704177806251,0.0271250894336035,0.566512925418821,0.0011257646184493,0.378746362497079,0.0,0.374304991250223,0.367609266631584,0.0273483217639226,0.0002524704539748,0.0054726514018782,0.0978791538914181,0.320843091334895,0.0449119768551776,0.228581439976946,0.210938693555075,0.004261343612113,0.005469229603999,0.0508694938889345,0.0039804524316229,0.0,0.0040383931143152,0.161024275016334,0.254542322117232,0.228442138281373
0.254553970557543,0.560223486824875,0.0372632406501604,0.0312794225337378,0.0526721377765109,0.0171509725865727,0.612661477974805,0.0271949273817078,0.549591302337743,0.0506394513528625,0.372268960065629,0.548457961864949,0.357487060727565,0.287177222501222,0.35793043639855,0.218955336899631,0.428360993813218,0.0223207046065083,0.356217096808194,0.310268046844458,0.0726728539388722,0.658624614370863,0.539120243411946,0.0092050457355322,0.554437716830483,0.472060603108832,0.569471178787067,0.33750346400631,0.127016495425164,0.317471244585951,0.112132412019926,0.110943112969814,0.509796449067432,0.470457457669294,0.0713475610421052,0.0819834081667386,0.030328118872282,0.466755354479241,0.427845117769103,0.138699813292954,0.0261799331692409,0.949188198659599,0.51645502714131,0.305523908678516,0.471870666538684,0.0268745711067989,0.323164067911401,0.542634106543546,0.0250180345530519,0.0288063467652728,1.0,0.265919866578178,4.76697121092662e-05,0.0684743124026985,0.231591330423868,0.0736753976797034,0.293141053603962,0.581245036381979,0.625706834960325,0.0044429498741503,0.0001858360886656,7.09537181417803e-05,0.472064081820179,0.857832819122863,0.0368652300233499,0.341825921565076,0.477137196975185,0.0097760636659394,0.232527913659596,0.19862878798169,0.0247759555274195,0.0017807338227029,0.44367740033552,0.480962958877183,0.33434691943128,0.141603485295297,0.363600408933862,0.746416501573243,0.28676796777401,0.139340212039193,0.66383154671797,0.678806756553638,0.010702991972756,0.0015424369463907,0.0384625349777179,0.074844392851867,0.210932250430921,0.102908434551824,0.0005687385562709,0.415735976633065,0.749223289670424,0.0040027933526304,0.105997329124681,0.170525717819468,0.0260008298517713,0.0604648854535642,0.12981617896124,0.033452552536522,0.545364408892756,0.321836645652463,0.458310507774051,0.321466871183729,0.606567324158833,0.0092991345767462,0.776520940201899,0.0044876671606545,0.849890609401219,0.420289855072464,0.392337286186817,0.419046765009191,0.0637871688903726,0.0002547401106538,0.0263762252386956,0.0548719378116386,0.411655991648091,0.316686511646215,0.398498850559656,0.665313516226893,0.0600958198152478,0.0129555365983943,0.0605231318185547,0.0129502640498148,0.0047624806362259,0.0206231680249403,0.191504581930274,0.667505996792875,0.62524165214419
0.167812540952973,0.781422251637881,0.136166282695339,0.0005807114141817,0.0218358269308532,0.0013621103997358,0.926406162240231,0.0384634159500754,0.21479269535824,0.0182103855109595,0.328998802050368,0.262781000725163,0.599020146186449,0.250321447949667,0.343249605104222,0.120031665878351,0.182107433958558,0.0048334992286276,0.241692261890453,0.29379769857053,0.133008838582088,0.770314793182975,0.518892501762908,0.000196628572732,0.704141920495811,0.460061866922427,0.674837438850837,0.291765257615485,0.194792549416453,0.0119324211915211,0.101790133376185,0.135540542955695,0.270287840746054,0.291369675377378,0.0026445217505098,0.0030282377366157,0.115756677850887,0.465841591674226,0.167996785139397,0.432759735963893,0.0045646440397099,0.483820570759774,0.39225678208479,0.309550085520934,0.148145576389073,0.281081418294409,1.0,0.777990395134524,0.0503124767697158,0.0354866688798815,0.851582785773425,0.354376851619863,8.46310106287698e-06,0.063031914893617,0.154716327141529,0.117322620048978,0.405296245926458,0.526784756058297,0.432428893321218,0.0042595253380616,5.07535536271808e-05,0.0214683691107023,0.65352270230319,0.348418442374787,0.0856683243320322,0.46958306916644,0.507513220180972,0.0022667910054138,0.220698883453616,0.238675106287608,0.0943138205270238,0.0006210784285325,0.257998290587414,0.361826633304417,0.393222369668246,0.573666063807988,0.251248069130717,0.610584846920938,0.0992325931213829,0.185266264853135,0.305379665731498,0.513312425607631,0.130247695417677,0.0006689670351762,0.0321017722043735,0.023467056125437,0.1107184206935,0.0532943220931688,0.000862958964134,0.468225346756202,0.311194477522406,0.329742120923831,0.182165837076606,0.0766429131282044,0.152059606249642,0.0685603687322039,0.149707862468476,0.16440980563118,0.601011978855138,0.294409631545334,0.129119178368941,0.117927668861261,0.646602067342639,0.0073154237437641,0.685800955104566,0.0009850440411431,0.597655005416428,0.127090301003344,0.43395857427532,0.366490701038567,0.2816374457504,0.0006136920847569,0.0040751707760415,0.0260615070147728,0.335247312434751,0.553665088908789,0.313476287471428,0.720967284314367,0.0815475363352042,0.0172448157922012,0.0443390616028218,0.0253881926381335,0.0,0.0062486233713424,0.340853730043055,0.514213393058298,0.546149722531973
0.558488125458067,0.487415669658537,0.138294556681674,0.0058028442049484,0.0255294061105845,0.0018299058905542,0.419914948246811,0.041343483365748,0.512689143459132,0.140014013433079,0.826623276079852,0.421069189096959,0.367623609475857,0.439020482461396,0.269198903583486,0.0933343992254517,0.126504959245802,0.0028802246835907,0.31283249906156,0.307055564054187,0.022401623654922,0.248405067840776,0.125936953171929,0.0,0.561719747926724,0.765736165174942,0.391051897230692,0.0380001492187333,0.0698018750801051,0.568138140722256,0.133112646633457,0.134923060425714,0.37275824964132,0.458592534540135,0.0011941242543539,0.0805999027932225,0.115451653666826,0.355039074509149,0.194411019025021,0.075414210317402,0.0106923144626983,0.323828857498003,0.296235886194574,0.552530675987209,0.187520720625046,0.0,0.438176304893253,0.677180100498786,0.0391567053462896,0.296604464832848,0.501946553455353,0.149608016019799,0.0005120392038475,0.105925661650234,0.0857662029378246,0.131835747939791,0.271755921069513,0.514872072806886,0.422508850907128,0.0008356006644044,7.12501810535423e-05,0.0055655540010662,0.460877729170412,0.215766558057726,0.185627328306864,0.650532862361501,0.259000903917079,0.0031081873689274,0.11027266545287,0.29082055391804,0.0699261098361953,0.0041521873895587,0.424182461766209,0.75851314014652,0.292674123222749,0.425906292597311,0.39494205526577,0.577804784657133,0.390105295362415,0.213999545998226,0.543454563472401,0.525531054878718,0.0006794219042266,0.0099490071500906,0.0297051507928283,0.285678065809173,0.214949512089604,0.0937491410299089,9.06303934935258e-05,0.169702142337534,0.532612880408993,0.0,0.0370523248755615,0.126798593483716,0.0161928403823041,0.0946737303118467,0.119144307376489,0.0237044550021649,0.601485195804535,0.142786458168666,0.400157663375332,0.361273494812362,0.668821688617295,0.004871068596799,0.566066765327842,0.0032101881697969,0.413900040357697,0.0668896321070234,0.307000832830376,0.135601299801537,0.0447273801712196,0.0001801491903038,0.0246562490838195,0.0604812784539626,0.597232019412545,0.0357898465868275,0.140886673696482,0.580174163556603,0.0141131833807599,0.0016822265983145,0.0446764006234107,0.105403168597777,0.074996112848332,0.0136722522491994,0.217128210282957,0.425911446254158,0.54098077927641
0.001094506113217,0.299985585424631,0.10592774554341,0.0391830756782261,0.0028790445002751,0.0059773868271235,0.493171788493942,0.0014824254226967,0.368502427175268,0.102255596526367,0.0966128721181977,0.205869555944205,0.542936143638175,0.545146102300557,0.378375971753337,0.0928214386434746,0.120946675832269,0.0753615349903314,0.218119384383246,0.301548450699437,0.108555652153194,0.204915086710396,0.0449378411554232,0.0120755491685486,0.398134534270311,0.203224223260414,0.0902607327524131,0.137958048218968,0.0812910926999661,0.101540314947079,0.223159247951149,0.101908744839419,0.183801111908178,0.319455264681738,0.0098365303874633,0.13070422688633,0.331386988539806,0.166090385659143,0.0602538024079848,0.731571867511504,0.0369117026668569,0.15119132540825,0.38990258961172,0.242581988547631,0.28549974914003,0.0120664690064125,0.0145612387827666,0.171315199050639,0.411984575614771,0.007720882993981,0.233131925238255,0.104763671624721,0.0002049279471653,0.0063732485729112,0.10010345932263,0.0855062830746185,0.486371917579739,0.35171928996115,0.208617917078538,0.0095176953726065,0.0003671824398951,0.0630077364595263,0.303589620662791,0.11370779389291,0.051753025684901,0.474220330284093,0.178105679559821,0.0241110271871453,0.0254677868690635,0.213624509311202,0.111871389570309,0.0001561965898622,0.331812677224304,0.198308152857938,0.196420853080569,0.0814571955489429,0.465587618557239,0.0110376745967004,0.0020141243658057,0.579724328685305,0.213802671550955,0.170822144856415,0.125667888507704,0.0002720928096442,0.35467405948803,0.0043688389679482,0.308557551735551,0.305362722072401,0.0103896581526636,0.406763321341786,0.267465909803114,0.0374673602817643,0.0872162194973898,0.0138134855860844,0.0946746408744921,0.121971948064838,0.123289579810235,0.260599239606873,0.55301425970205,0.0619423700734127,0.206498937776412,0.0488381052287044,0.696055663015758,0.0805206260842293,0.270447758448007,0.0092391854037581,0.196435778160114,0.138238573021182,0.21230093836718,0.0099632572441281,0.0719874444073507,0.0051475044105391,0.0474947960948723,0.044306110440088,0.690005925340707,0.278544788970784,0.13734338465972,0.339007835177546,0.0191176440972537,0.0963094659129866,0.0352165531949799,0.0035843777094663,0.0033573472925268,0.0011504379797021,0.136471159806336,0.364207429396875,0.208638025167312
0.472323071023982,0.357800213985386,0.0686492393296891,0.0001238281692005,0.0231757074768152,0.0011236264240245,0.288116825804381,0.0013539656806953,0.278854206535373,0.0514392078871565,0.115807230617528,0.571076654011859,0.372676177037142,0.710037119664806,0.444900424319386,0.16437388830783,0.450849454973976,0.0100541286157757,0.331699307126043,0.274539799092346,0.264384002697946,0.448752508461377,0.0107015069602236,0.0739031456009489,0.444196178766724,0.0272157012604418,0.141581121071858,0.0691868644880732,0.0193112973480682,0.0118463700771592,0.0183769885907119,0.0508471395635623,0.181581779053085,0.130249042457448,0.0025681850401858,0.0781539029600271,0.032899036995076,0.105067540640146,0.18391982715609,0.0321003807647638,0.0085131825341665,0.201919832214908,0.398278456220451,0.391114746783669,0.39025506025745,0.0157394912273213,0.0127141471824157,0.356774396914576,0.0640700400267613,0.0927122685145698,0.109260662004333,0.0483042078748711,0.0002668683475464,0.0213933575505968,0.114220142532285,0.0380043174692807,0.29445998306433,0.409908991392818,0.137053721852359,0.0011311179725474,0.0004597100722769,0.0542353526483267,0.500908891152794,0.0053343329200426,0.0068846585744077,0.129260634604353,0.288963077979383,0.0215522370425382,0.0612427885142694,0.0121636489588569,0.0320858392023423,0.0294011112205466,0.133058469969693,0.609044913677687,0.284331374407583,0.0725167716472297,0.22735379495101,0.172141109094844,0.064102694847411,0.356572873573683,0.244471857817994,0.209418835640089,0.0059050990194516,0.0007810392327791,0.0644237744844025,0.0974429195997431,0.222541008045329,0.0043307363167973,0.0,0.230629080866664,0.107566546392214,0.0003238669716413,0.0359839747480879,0.0449064120172291,0.0167973444743318,0.0740007816328683,0.156616649858053,0.116652431537928,0.203467612316769,0.324844922761734,0.0332518293850683,0.202241149198856,0.138523045079897,0.0116376395409238,0.127616734683083,0.0008377271867757,0.493192293804032,0.108138238573021,0.325478203109458,0.0730135431391104,0.0038219346817548,0.001447617804895,0.0043194855707682,0.0157180463935086,0.166262238650151,0.0880920282225131,0.0839451674384182,0.143979571793361,0.0025616394492475,0.0026628610608392,0.0134843327044541,0.0073047213683297,0.021030930209791,5.84537706917877e-05,0.180874838752911,0.120996063983461,0.118641007489426
0.394399574817137,0.245638575839954,0.167526838768934,0.0065863776204068,0.0355093203317137,0.0003347948120562,0.188124849554682,0.0144722745338838,0.125822795363167,0.128435237414451,0.300544102746592,0.175761421319797,0.394563306623375,0.523538068188703,0.337438442716883,0.170459466121285,0.255523912403025,0.0082964925326383,0.242940433550115,0.368432682338144,0.120990273099784,0.385584209422829,0.000907571365144,0.0008184493259426,0.268111495729959,0.579647106278981,0.115802074154829,0.0,0.0168435832738723,0.141668817944526,0.0453736140125341,0.110341715368256,0.178174318507891,0.580767289834817,0.0011450506548599,0.168313914416958,0.158329338969018,0.222671565371521,0.341093549282865,0.0213536995927728,0.0036541432339167,0.271816760568795,0.459685264571025,0.473321930542128,0.151850270976421,0.438603288427463,0.239167577385442,0.508460811036324,0.0144265954428333,0.873956978778069,0.187298958902179,0.0956329981849583,0.102398945877584,0.0687564867669953,0.378860687032923,0.062493505169395,0.237063457442714,0.322608341024705,0.177267261464659,0.0004076100801972,0.0014089967310807,0.0105175670276124,0.230358962066279,0.119042126812952,0.0069559560094825,0.280892431241132,0.163248684280976,0.0035858507006713,0.138770373132691,0.0628760815528178,0.0221299556856849,0.16969114094193,0.31587229882059,0.525034223049035,0.343200758293839,0.295686590700534,0.231032707246636,0.199843508082641,0.587759732809831,0.398199086366351,0.670717163467617,0.870140883405576,0.0276465999547052,0.0208852894842195,0.0206238988496217,0.285735688385489,0.193985953591383,0.0389033280700736,0.0,0.162814557016603,0.497363213924379,0.0011487156650405,0.196709967221076,0.375995023981246,0.0106879185028329,0.0903747495362932,0.103503988690296,0.0459275669199333,0.152634510448248,0.156247035985507,0.225115686615092,0.49906330778903,0.237667401776584,0.0017288863188638,0.386587369759775,0.0012203112563269,0.188831538477878,0.0,0.17498204525607,0.0624390865519626,0.0413467331284224,0.0004051144828292,0.0092448718324586,0.047089101551612,0.287435456110155,0.0054122671495065,0.0647419817530439,0.296339946310482,0.0226962866297323,0.0040660453324191,0.0365300221474858,0.21634941278474,0.0093752339489429,0.0056937361278189,0.0599403595181853,0.196840584703871,0.187333411782725
0.629097117396095,0.396546998621479,0.356753676138525,0.010933173353032,0.0338272192134064,0.0021799881369509,0.494728396052315,0.0753673306322532,0.364009973966129,0.0488983884551959,0.59150460843889,0.366793925692104,0.315536676664577,0.472426834407519,0.396761854616409,0.249454285441468,0.47396641461259,0.012799435329048,0.272894704238791,0.41735080652015,0.0487236994601054,0.915940336058945,0.517922902138996,8.66808093250302e-05,0.556131840652025,1.0,0.735875104722055,0.0434679499477734,0.130796497758971,0.343659467056765,0.42787722963201,0.12487355459046,0.416786226685796,0.362040617943429,0.0026608796170078,0.137482079775068,0.0618981219225239,0.737792774157308,0.270384677035194,0.0453426147807295,0.010061033904015,0.733535447163501,0.242348874462524,0.318680746634937,0.329313446979367,0.0010594414510845,0.466298274508597,0.566360720179489,0.0147448830554773,0.146165342893022,0.936153046664435,0.284657446739332,4.27041170978843e-05,0.190020108977686,0.197171411615804,0.123194927267701,0.233881604269842,0.657824271823821,0.407687873179316,0.0007540786483649,1.19075645048386e-05,0.0332205308339817,0.549829208365794,0.472766067875782,0.227412081350373,0.699378075657398,0.551180288938512,0.004385050656787,0.142581766731744,0.319966449790141,0.108347511276411,0.0007320846103486,0.316298591537347,0.720288626916115,0.478340853080569,0.312344645100363,0.486123859201385,0.479181580568365,0.0633072431991434,0.178968936815291,0.661436103868589,0.568574022692465,0.0049488755986881,0.0061853454625491,0.022618924240854,0.207863491069025,0.199272666732567,0.113918522296573,6.04202623290172e-05,0.368197265750238,0.44909525557575,0.0021405582656923,0.0607502731577031,0.218682361739305,0.0105698792422595,0.16960812898183,0.127429739357847,0.0653985539481723,0.636026604002161,0.310230355302345,0.159516142680901,0.476933382531275,0.737183830867224,0.0061863551273632,0.570933130031519,0.0031574179533071,0.663650459865333,0.134894091415831,0.24687520019961,0.48927097369483,0.0553604936281902,0.0005232905051682,0.0200826761265355,0.112287776022794,0.424592985525239,0.156916385392783,0.457139956642193,0.703550928654052,0.0242127288508671,0.0030694655940811,0.0767953818390616,0.063052731142114,0.0730842101019873,0.0310558953592789,0.362803437704177,0.400280954715931,0.635941900131434
0.0800409165699974,0.383671331439813,0.39864619893828,0.0460640789425928,0.0159360436981697,0.001074706634135,0.0148439380566477,0.0338003273154226,0.257502264226733,0.0340710438592145,0.121009211444901,0.187590112187007,0.323151967812343,0.45452538126083,0.364523647288382,0.178821167729228,0.217656879112246,0.0308732598951076,0.348323104489535,0.34657420155355,0.357477787464695,0.71971126486357,0.0060918279401394,0.0010447318597595,0.349969706441916,0.10355778512921,0.0682764569334905,0.224219799194219,0.176510422744289,0.111579611622637,0.238656596496866,0.156870945257627,0.0325502152080344,0.350887311136795,0.0041385402239937,0.877474997836046,0.146259096256918,0.280962610685806,0.179490363319885,0.307684391584952,0.0530791619750584,0.134495042907364,0.288631779652773,0.316028854019484,0.269292220890202,0.159591502141319,0.0658642079825142,0.458723183326844,0.0561683406431294,0.0312942451603422,0.419765004315888,0.29371161684068,5.44056496899234e-06,0.0495361961598339,0.401175339919018,0.102452644106811,0.901434399938416,0.396303311940587,0.448859562413068,0.0042799058420714,2.18630692547856e-05,0.0435903471779341,0.365374243423024,0.210706150341686,0.0165632853858082,0.961959967394258,0.261839266535856,0.002221218885424,0.0671216574900739,0.258781461811168,0.0328895307430561,0.0003770502250829,0.206340520925458,0.429841495885713,0.362552417061611,0.0117624261646606,0.385920138500228,0.267784307523266,0.0892282589297096,0.228795930994126,0.22384234500528,0.35298544448552,0.0271517123948364,0.0,0.0213104984972536,0.0125921044498249,0.340967784667091,0.0907316745411955,0.010113826520292,0.467809659423831,0.776253704482984,0.014179300852175,0.137452956173364,0.0496235627431382,0.0382447204257998,0.071091370400928,0.101223641474198,0.185393275087932,0.387021902694642,0.103057598310433,0.354034445439119,0.175297144384777,0.167768304852957,0.0168223383089453,0.540604592919163,0.0005189071288164,0.304488200683957,0.0412486064659978,0.616402375083873,0.367682421765304,0.164523543654859,0.0004976703128252,0.0413185180841811,0.0657765802595311,0.103764002144409,0.110646421507366,0.217935199072588,0.316178877758135,0.0150939368491432,0.0322174297809916,0.0780750143548519,0.0045065815401592,0.0009962625756554,0.0007149997458531,0.0497897505486589,0.263090236823621,0.110870782022139
0.508293735347936,0.50589880968091,0.263019299488731,0.0728536628585946,0.0187827719700636,0.0060935713281111,0.221519698306989,0.10336384680405,0.620170754906456,0.0208361348403672,0.798263652143678,0.458539862645566,0.412903837865482,0.441499165918304,0.405314058289714,0.169491280780411,0.345222429539428,0.0101087770581988,0.264802853597785,0.284772151683579,0.0342393485829982,0.30669122712433,0.449224973229909,0.0004210862474052,0.628859534366787,0.369289579407331,0.413579721164463,0.136599091897423,0.102783160625231,0.181252330551014,0.043811666398843,0.0542178256751202,0.54911675035868,0.360782498889553,0.0068757565513255,0.193814417719212,0.120985663863349,0.464937317579544,0.342402972843007,0.0989216565472427,0.0064979407506775,0.259778564685681,0.177285933862108,0.478161671748345,0.564369579024975,0.0043691015214148,0.471131497529515,0.256976507018227,0.0777103394265169,0.0582635361486651,0.52366691916078,0.275174857942864,8.15221163607741e-05,0.175301634665283,0.170875938092462,0.138800167051945,0.250971235020913,0.467489643478074,0.492674147685989,0.000285327056138,0.0001268838840679,0.0086802831025528,0.681528535187072,0.401603183299213,0.0569666506247438,0.281740784349244,0.728738578991959,0.005993577706794,0.139121350384978,0.241982586490268,0.0605241552583683,0.0007800559665822,0.484045836010918,0.608794195369734,0.404015924170616,0.341350908297177,0.689755012797839,0.31594719230193,0.180457894602657,0.0993467285818075,0.299888258229423,0.249843598295425,0.0073729858495709,0.0094926306753158,0.0395895947766608,0.111745890724546,0.209215769532924,0.144261163557068,0.000185201238878,0.33382788333337,0.345906938015382,0.0048782462603485,0.0566225567561005,0.121110687654152,0.0540727121845132,0.0614822488694239,0.0667231640584556,0.040203858906149,0.404687199187595,0.241531612992975,0.351967897242672,0.470177813964693,0.490910714945729,0.0186061099077731,0.529968044358432,0.0014401871583678,0.432634507954714,0.0,0.488143125440439,0.362611119108357,0.0837180210359899,0.0012626600199322,0.0392467286248986,0.0546179813558797,0.28826782539996,0.133171293335039,0.203948704177937,0.544512101966433,0.0209200555021881,0.0111537204314792,0.0630680419981954,0.0441751399069914,0.0315060841122034,0.0404364548211654,0.133743780469417,0.477251944816253,0.759566311838823
0.591938513510234,0.259805464139176,0.0270582114102455,0.0017293244319382,0.0038626179128025,0.0023619086056025,0.273738265265185,0.0012717514458144,0.1813086662094,0.138711755005556,0.455679938282504,0.239503263234228,0.2989571932805,0.426917883007756,0.397303868430018,0.260195369142867,0.301561425905922,0.0555685800187226,0.560419829472014,0.508031206975677,0.162201147237813,0.649324587414263,0.288803572827705,5.47457743105454e-05,0.465023482331331,0.41380279262842,0.235474025058962,0.159219053100552,0.40481605965364,0.109743854516249,0.0194054314639241,0.0680598001894447,0.295642037302726,0.271997897708642,0.0109706757979913,0.06466080614537,0.058782517756765,0.298190313165396,0.304779621757201,0.0556813337057673,0.00402137855892,0.263585552029183,0.230955685407249,0.426953223767383,0.23619912767445,0.0627248440114744,0.298397648036696,0.225128404813558,0.0346870677858385,0.574128481056674,0.0865009600648264,0.335319870020828,0.0010886527323866,0.125360015568241,0.452264288677769,0.064442444526794,0.112883939339509,0.487314602159308,0.292152594908712,0.0029755535854401,1.26883884067952e-05,0.132215714885144,0.418129881544516,0.421051872783368,0.0643013742580611,0.361184071491109,0.330400274639614,0.097201956225447,0.194696404676772,0.113785468820038,0.0553928938830419,0.0018831654142743,0.165509737925418,0.489286806701199,0.271150710900474,0.506828933652878,0.257949211608349,0.224249587960111,0.0042908497565204,0.152584725535563,0.967663230123121,0.373771637261792,0.01765658158515,0.0217339186506045,0.0188361488237123,0.133511509323857,0.244687973868189,0.104020132731876,0.0003218035711002,0.235402851880432,0.343122420292061,0.0048023399388701,0.0946218283355591,0.189444656172924,0.0109168431293996,0.04574103138318,0.10306172403964,0.0317102320919115,0.294815139219349,0.283026235085079,0.0569725959675587,0.536288055979939,0.158589697783582,0.0119297076378748,0.304796335967748,0.016890866794781,0.37279891246628,0.0479375696767001,0.288860640841058,0.25838865198687,0.192393736017897,0.0008447739096886,0.0341161179356377,0.0314757347703552,0.160689596794673,0.023981263715177,0.104962569506756,0.284925467600777,0.008353522354936,0.003260808903842,0.0557214338446395,0.0201682824938914,0.0069162505974696,0.0161222276816726,0.220694912130807,0.0945969227507057,0.247682162911992
0.0008142057671492,0.446813262221428,0.016302349751871,0.0032536918941653,0.0018221381079594,0.021621018387726,0.0130787129904517,0.0057241661035848,0.497709246760924,0.705165861012223,0.0509196504486199,0.378217378321887,0.359552820755108,0.618420078278466,0.566381206058166,0.240403084869439,0.457468329568889,0.0598838816862702,0.10121655131095,0.286675845188925,0.46387435002789,0.389193398628209,0.0991309514481966,0.0051260293346107,0.29873307323323,0.348846270563509,0.0777297032784778,0.0746466713563983,0.141717567254773,0.418122364684623,0.0895388076490439,0.0698657802083892,0.0138091822094692,0.223480082882372,0.0159162041025529,0.240905698202046,0.208571179572095,0.343918305999522,0.130420844216976,0.0450890166272181,0.0100853139255028,0.18542217514064,0.25363829745838,0.435225700899829,0.226291350198476,0.0105353134381611,0.2642110610002,0.239706291372309,0.137018629248328,0.0,0.231574682473973,0.186842190826102,2.01214545678606e-05,0.0763103269330566,0.279161611864736,0.176035888718308,0.393112827487106,0.298367103822791,0.688880833334664,0.007051654387413,0.0002875384018955,0.212476891347876,0.23938794670502,0.0412906202243303,0.0041575316827977,0.341747426259699,0.330038707808017,0.0125213619312452,0.0246753460416347,0.23458659893237,0.116579785550368,0.0001457680341593,0.110723700814622,0.400758172163248,0.464021232227488,0.0144953360120453,0.422955517249099,0.105648692293605,0.0007954516482675,0.433157222970573,0.238915523904879,0.254965246322529,0.256653721302812,0.0,0.0409887034925899,0.0959206359017986,0.477673542061786,0.168526114217826,0.0001760068511323,0.883326736876552,0.248377190233595,0.0288848855332672,0.142454777224718,0.172560708147871,0.0722257196817948,0.130327975632905,0.110587892429989,0.538185732842221,0.428893274881732,0.142792781399584,0.315251036614424,0.0602623957974386,0.861316791306812,0.0938381472297635,0.212374503100698,0.0035949709983685,0.105461033581852,0.0,0.311842713071391,0.23450704059166,0.0514503014186438,0.0030402243559474,0.0373606184096084,0.0746892130446901,0.161663045625123,0.0966630912901861,0.192428102670238,0.162312577751588,0.00968670263434,0.118975675481747,0.0446651218111722,0.0033498857097816,0.0042096412878853,0.0002202605852154,0.132291300196009,0.310136899161112,0.136326364412367
0.397397939125075,0.568224591265579,0.157856104253622,0.0216806044522632,0.146917031812427,0.0012138222866332,0.558148118430554,0.0319556454202817,0.382093471826956,0.0118406432024233,0.245457434757925,0.122485390095124,0.51889592414489,0.53806549594538,0.412290550376312,0.211230949954144,0.457762938230384,0.0367135344939043,0.310043991116716,0.415974028181463,0.0782098740164504,0.527330997094678,0.155406905377524,0.000578936563334,0.549085211726887,0.82402144986394,0.420401172577301,0.138650849480932,0.0965928329166276,0.560393540429682,0.113064438373775,0.0627428377388165,0.394435975609756,0.383528640231438,0.014242249097591,0.675122804553728,0.0691969148982527,0.683743182361626,0.164152046651601,0.059658046779671,0.0165862896788664,0.398526968207117,0.30955036869378,0.550076597010486,0.411982188601767,0.008799493044132,0.513814705927625,0.325204427880069,0.0415836483926999,0.382371350327849,0.589522081491007,0.193633774693843,0.0002818946698417,0.203496367410483,0.388733962492057,0.0667952888214407,0.398829899155783,0.590120522011634,0.379037602581894,0.0037602029898199,0.0002393225259497,0.0272576360113214,0.626295918978846,0.446714339263574,0.0433934014223838,0.454128551157806,0.623046421023788,0.0043166924768025,0.151139579266019,0.201382757637087,0.0495370736725489,0.0089829261368574,0.405143507943678,0.69840091863188,0.291712606635071,0.300971998253789,0.439865081674838,0.418665823164133,0.0705045509012569,0.198640150886711,0.365549362866877,0.437305259565894,0.0156267037972135,0.0060241694670273,0.0393045911493419,0.117891600409435,0.277738935621761,0.118753187733449,0.0001155865888033,0.451858763595519,0.286142771445711,0.0117553589862964,0.038229938084254,0.276111514593685,0.0569557317003377,0.0749157883635957,0.0971908525354163,0.0808421858040179,0.456895863368648,0.301614953176475,0.347371609012644,0.469058662446215,0.354589919548585,0.0064078564357891,0.664437016108909,0.0018117774328169,0.559718770577115,0.129319955406912,0.431180225167662,0.565132847362993,0.102002678424104,0.0010043038460948,0.0349565608294976,0.0981145281674874,0.348057334725318,0.327058383601815,0.307093782542916,0.563870883258037,0.0467257535388686,0.0150045045404173,0.0662681486342384,0.0310790573027508,0.0,0.0173167177784178,0.13543917843561,0.48849013345349,0.540685660136066
0.478778472933422,0.387457695251514,0.116057719095821,0.0820959412115092,0.11076511570867,0.0003699559110393,0.769654176362032,0.0166252598098282,0.370713600897354,0.0184510202203931,0.134338777982718,0.235713219297871,0.476326691655159,0.37741826470616,0.251095642208939,0.0743470855622692,0.24440734557596,0.0067127243936873,0.264980371344937,0.313293559736882,0.0376924256522326,0.119687303441459,0.396504217921596,0.0006067656652752,0.510668349213332,0.695719393419428,0.241498737141061,0.0776790091876106,0.0989285529822038,0.222413446920804,0.691409288124699,0.0911649062606116,0.401945839311334,0.354708179169176,0.0020283754457518,1.0,0.089110636629047,0.226175746097293,0.172717482836392,0.162633598447538,0.050047194291767,0.163808311513013,0.535564195521197,0.400795716516695,0.191452108210848,0.0134914615366936,0.39926424184586,0.502779477480484,0.0264754567793691,0.232703791814342,0.367283809255377,0.0609731607163008,5.75361335014468e-05,0.0858004670472237,0.0958968137679675,0.0585995478617547,0.73812321983013,0.692065187061323,0.297665149064127,0.0017119623368285,0.0006543304298396,0.447840669669539,0.51231497572961,0.579279720884634,0.0571359820330464,0.380717326329137,0.440339268110624,0.003888820905788,0.209404545155417,0.160541829097676,0.0277459048824879,0.0011533982607486,0.399103300693309,0.589709517768406,0.343836208530806,0.197379792058302,0.330840926220272,0.550518587577206,0.110366366672616,0.35157346353641,0.251480493030662,0.351197996433229,0.0174301076170745,0.0005389863936264,0.0250803192040626,0.19159192320063,0.257170379838933,0.090899650914555,0.0,0.437886804801631,0.185756878475051,0.0008147278505353,0.0674881631662013,0.158840702682879,0.554659331540091,0.238698891446083,0.136566466880641,0.505784503876107,0.208839065577778,0.0202264348991761,0.154465570149068,0.269194058433737,0.381543607623788,0.0154306044241456,0.23960406741617,0.0012510938826126,0.198113808704518,0.342251950947603,0.386119718523564,0.217164554213854,0.0655523194462032,0.0011239032124528,0.0142093484613054,0.270488401622844,0.454233797014757,0.0422747266805089,0.309834755670245,0.288941268905912,0.0388696564543446,0.003826866195218,0.0488792962021163,0.0051509419090407,0.0049870716214893,0.0051261415428406,0.204280377276306,0.27059119763574,0.351042349596639
0.305187619218654,0.341357446955378,0.522925696141502,0.0205298564660721,0.042528570860374,0.0013896277815486,0.276723100377116,0.0525426036734348,0.375213633108111,0.0387634206931695,0.299202181843864,0.164790129249669,0.297350700461026,0.642683171476156,0.19455198686778,0.0636148842951899,0.185623097319061,0.0190523130730774,0.161112148685906,0.122448285825982,0.0738244905764354,0.293227903076048,0.29102353156259,0.0006177148201373,0.538530704547121,0.485044664321368,0.212074356143255,0.129500543582529,0.253564316471896,0.266012678197516,0.379109754137876,0.1456999624685,0.426560258249641,0.407318950621734,0.0074973554782494,0.0823427734330014,0.113120397402937,0.390279195812822,0.350566551452444,0.21923376604284,0.102030720297187,0.221301829489682,0.364003229718599,0.201299918197367,0.112645316679227,0.0471560892163526,0.575753844259393,0.308490478574475,0.0544732497060551,0.129966447488417,0.523163105325277,0.129554578437917,0.0001640805308108,0.104044499221588,0.16873322724814,0.132641597110707,0.5438505555413,0.418408851874906,0.588179308120159,0.0031691683735338,0.000268603422273,0.250282423623192,0.494976129122471,0.74370692886595,0.157767855551397,0.63238233251819,0.396384961591398,0.0052964930565811,0.0733679557768662,0.169184064329471,0.0475637018279655,0.0004753103943732,0.794416625840125,0.591815551555206,0.345410426540284,0.106347389146762,0.570977635496653,0.623670234904357,0.0705504423425031,0.118102751741887,0.202724175520009,0.20633853453634,0.014871790570295,0.0007741069318964,0.0579205098973987,0.062085706772329,0.355380781417023,0.219899397422937,0.0018257427095072,0.243897908960052,0.412762223674668,0.0075299070906625,0.0456234065800656,0.100879432216126,0.182302695587478,0.0729275872978455,0.0634215178369424,0.237105345883972,0.405626284997112,0.0463160856671325,0.406397391873656,0.188758473684692,0.409064028484483,0.0227107447736472,0.493778481514829,0.0022537279959191,0.341128741052274,0.084726867335563,0.196349033478432,0.24544019331834,0.171657054270705,0.0058432118857996,0.0363540414553344,0.127647186348292,0.229268361502215,0.256777634544041,0.403093337175717,0.35878129160392,0.0385494515231887,0.006091095360722,0.0559367566237388,0.0072042247970363,0.0061445790070775,0.0097956659494078,0.461255465648088,0.382058655923241,0.36720728259401
0.0020045721718787,0.408754722803655,0.0195653639628385,0.0005892512879197,0.0005046303354921,0.0018772969370096,0.0299767311241274,0.0037715780251626,0.441418106992766,0.244937824237577,0.098709963083593,0.290697649618223,0.443703013069325,0.995275556626675,0.603594325889677,0.252847375351689,0.529824216831975,0.0562105881431244,0.201521475024547,0.491220913432937,0.263019145271783,0.564890526252733,0.112620465407819,0.0058801523757385,0.274069871995246,0.265314685838669,0.200631971469144,0.123323953870094,0.159418155106351,0.262513266213464,0.174128233970754,0.314263757081837,0.0205568507890961,0.360852265195683,0.0452076903783029,0.108850492061909,0.226219007364155,0.535402378250358,0.277132723623581,0.0953639317269667,0.0220978545566013,0.327578179395068,0.610454106217533,0.365807986911579,0.305275139266427,0.0151397247860049,0.0904151338371789,0.191003319055831,0.105662064409268,0.000925088801964,0.169640812443849,0.118209133351057,0.0001162596918969,0.107190581214323,0.21062112355774,0.191874452228438,0.299504759949706,0.409959969091416,0.385800541993303,0.0124015366900023,0.000251815708381,0.136585072673302,0.29224346297517,0.014244110608114,0.00971873161863,0.502928478700601,0.179977134362392,0.0337402473553402,0.0647799811349727,0.17913027532905,0.167078816174725,0.0004683580239045,0.140901407614309,0.341889513456052,0.600106161137441,0.0130030380513707,0.726491899676883,0.306557677260393,0.0007929021237539,0.5454376115913,0.341212210265891,0.173979631216968,0.0458483966481853,0.0005089464231349,0.0578816457664007,0.0733860178294728,0.293940450239063,0.199656717375171,0.0002915934399356,0.485082794745535,0.458353105498303,0.0071857984332935,0.153150418841811,0.0685317149287753,0.0454558461626509,0.164133597186122,0.252530559081317,0.157986203787731,0.592778199884684,0.133805889457277,0.474994321446227,0.223230576723885,0.759905503468158,0.0943027119208868,0.520007635317021,0.002425231199511,0.243675524119034,0.0434782608695652,0.3591758013885,0.0044317851976486,0.0373367715396334,0.0012308848264257,0.041298972900603,0.0909659636408684,0.266287632967467,0.215299987207369,0.233663865656294,0.419520286344093,0.004070026200416,0.0349281266692711,0.0746206217701583,0.0069677622763458,0.0,0.0005963978922756,0.271317284012665,0.777939753767046,0.324427459528519
0.518952429026982,0.733529317419101,0.296204090407756,0.002297226035513,0.0190678176768112,0.0017060776723964,0.270031292626173,0.004506367749411,0.293184203844828,0.073535136206323,0.295896275490385,0.182807234568955,0.726006586809042,0.119427842845275,0.203158391922446,0.161567039062726,0.174192281253069,0.0238744086971885,0.281053124034978,0.374891642445566,0.131326288290391,0.807275286788271,0.156033717255609,0.000972649923584,0.371649860495271,0.426678205834273,0.282174254402198,0.0433720236191938,0.133950963269319,0.225941542609643,0.0758283785955327,0.0848194019981055,0.0638226327116212,0.580113812100733,0.0249239359207843,0.0770845113341184,0.0802649352912981,0.196365064845846,0.301081629013214,0.178393437320827,0.0021487819016719,0.364005655485265,0.639897725577685,0.58960809102402,0.152205627568592,0.355703089344405,0.265688734280481,0.490500825128405,0.0653829764289177,0.0286449482934408,0.41089012982895,0.356088613816885,0.0005319447629801,0.0466268811624286,0.162557178343916,0.0929706815993851,0.379697723948577,0.649887849063084,0.222958223079589,0.0014062547766806,0.0011165781797979,0.0093055105718257,0.329977427538403,0.362893226838903,0.0100395700764665,0.491800259638318,0.33767255525075,0.0072138978087405,0.152115734748942,0.073949688268293,0.0596438039091557,0.0043308633106029,0.441550178470309,0.423468236497565,0.334741232227488,0.44600108692747,0.194236121993627,0.361396440641284,0.177602427147337,0.342314941869206,0.607048274495197,0.691535214757821,0.0718593512779003,0.0024274606924097,0.0487874391128614,0.0988258614313239,0.140969545570787,0.0673554716013035,0.0002272327257156,0.360783437955349,0.435315921890249,0.0010019634435155,0.0794342600461333,0.214339131497767,0.140202025982945,0.0836998529785795,0.152015052336781,0.0555273818632597,0.38855716348078,0.104602047462171,0.171189467730226,0.558261442333202,0.0961536092254241,0.0042222461800825,0.852162324080111,0.0035487970589399,0.330869389749145,0.0,0.406765145205831,0.276811946469321,0.0702645039735074,0.0003966128874722,0.0188024666021676,0.0451367338722165,0.162156824017381,0.0165221755345844,0.0960617750502676,0.169231105000109,0.0195043066556307,0.0039225378500984,0.0184029201870232,0.0399089619295342,0.0,0.0133257654055336,0.166837546698832,0.372424029579761,0.225332802866018
0.550389750957389,0.456190857098772,0.758071348699819,0.0193940532589226,0.0559236475244112,0.0021906893409892,0.541587097809516,0.0187088768250918,0.501794328633089,0.148691017955596,0.563446509239968,0.170109414324105,0.312115732823344,0.479578798841576,0.594476879239322,0.288794587044525,0.610173819110282,0.007678920703629,0.335926448480097,0.53306817602366,0.0763984137350845,0.362087039865816,0.424984982632088,0.01541412897192,0.53211696014757,0.335897176525537,0.262886039175727,0.24898211506896,0.174266524597753,0.452514126724608,0.0549574160372811,0.0900175146998374,0.310953192252511,0.382937952172872,0.0612983783901678,0.34273721651597,0.078500152512092,0.544400522258617,0.677999200800103,0.199317122653298,0.0421349422894239,0.318013190436933,0.353506644270492,0.293527180783818,0.281831134819704,0.130633070990238,0.24778733818708,0.270230479687007,0.0627340696526372,0.0392854377900744,0.43357936829496,0.293072813964919,0.0032922542611767,0.208134405812143,0.267712813725954,0.132016132669047,0.62130815221575,0.384717959174913,0.559648806225418,0.0008457909164093,0.0001163427613915,0.0017123497311549,0.409979824613971,0.366411003142931,0.0144288184232572,0.575965341303626,0.384075311725411,0.0014591517678184,0.0658274288722662,0.243171106070279,0.105671836670096,0.001022693695938,0.323761895369528,0.519774152948197,0.554391658767773,0.223180955605249,0.758176811659092,0.328216824545924,0.364074650077761,0.119869645189827,0.240972665980953,0.345090205190912,0.011650827468776,0.0064967213105283,0.0370245621307908,0.14407110835454,0.208623465562527,0.155628582859691,0.0155936816167411,0.50872832842837,0.561245959763271,0.0100297552780196,0.0685807939783902,0.125989630897337,0.0893342585703657,0.211865931352783,0.049196190388541,0.11859789913225,0.68615232980968,0.185664287024098,0.628805187748576,0.425071230283976,0.48688198405756,0.0046515274769432,0.509441230481933,0.0017524109392658,0.346332759829223,0.0,0.362948826450962,0.329762104224827,0.0731578159715427,7.59373268545278e-05,0.043585759379245,0.0945752423425935,0.207866595186366,0.429301030298855,0.408516337771723,0.572971911215871,0.0111326594932707,0.0111776383451993,0.0851540070543844,0.0135926538976906,0.0441925954079782,0.0349621321224649,0.170655542711632,0.398107531441748,0.782243789578808
0.685698372559203,0.285298960323374,0.305357067892322,0.0176583239216808,0.0541201533943641,0.0039334568558028,0.284730803177405,0.0008966489991701,0.257758055531345,0.102078659240019,0.193326252482146,0.228861493836113,0.531679384996601,0.51418612071902,0.256689999070833,0.13596120152689,0.173995875478739,0.0059395007679661,0.502353034721362,0.381588564241157,0.056442414196961,0.300071884266331,0.204915249810651,0.0038303793425944,0.523881743210963,0.325509428024442,0.22679893520318,0.0660932403913794,0.0949916882033702,0.392393081490405,0.0585698216294392,0.169603059710829,0.412280308464849,0.496724471927201,0.0082716278258214,0.310685550581819,0.143099917207721,0.212286171912658,0.0813490674872388,0.0770754619896797,0.013284206756523,1.0,0.617101619399065,0.400569643786718,0.203298689469395,0.0811917402967531,0.388905136453892,0.240499898017838,0.0658405148720934,0.380052723500798,0.529670407102718,0.0734661558793772,0.002028467151693,0.0598501556824079,0.0903299669665411,0.0673678142664714,0.52637089117549,0.453054905664427,0.294348354457871,0.0009273129324488,0.0006076762016977,0.0645870827503998,0.319929685783344,0.513566506156109,0.0345346951143433,0.538402318630559,0.234362706963941,0.0059623523653196,0.0725480948516024,0.245313837084528,0.0364974875365989,0.049463334936241,0.726296746389767,0.593695938864848,0.453967772511848,0.494050853950803,0.386166394292835,0.476734313350092,0.123539759834791,0.651502727903799,0.372021500893592,0.361726674818513,0.0703327489745762,0.012816668948549,0.0690226966525029,0.11348504484608,0.131042851191231,0.133721409657725,0.0005293340373607,0.146819439131656,0.318822802603658,0.0189462178410218,0.0613451499332281,0.110648104870314,0.0171693469925027,0.193587508762353,0.0928091091179377,0.0833481615924364,0.486953957362467,0.0698764440678609,0.485629918629665,0.357540956777982,0.558613722325576,0.0075251639207691,0.332012101517519,0.0027484487755111,0.301471993882623,0.0,0.335199053203362,0.170564734033892,0.0422139592710696,0.0015453284483653,0.0320931914353006,0.0511350614760445,0.357481448040405,0.205272532252192,0.209214516350871,0.184443134944019,0.0194197242209857,0.0059077246888678,0.0547412025264539,0.110656577599117,0.0433978888447385,0.0301003032818827,0.162758204754486,0.208343824959911,0.540663246024141
0.566721189735426,0.529942727440682,0.425937210192817,0.0265654122303802,0.0682514600306258,0.0064314236270355,0.211361630426061,0.0324103929069669,0.283043499679787,0.0773003616598133,0.297058911414205,0.561272021498955,0.6304670703527,0.4709956336934,0.274816489608821,0.255241191400915,0.418796032603359,0.0122947147551239,0.252637340488285,0.311831795080992,0.1198612415315,0.425360170126097,0.12888166314085,0.0010976527749264,0.52190976764648,0.325046112961457,0.288389440610013,0.109795676920125,0.0350166714171757,0.175659008117488,0.0833167282661096,0.0390899504941647,0.339042324246772,0.563748962226196,0.0097056674554793,0.145036054745583,0.039064883001438,0.592940019964247,0.588558798761917,0.117412269740227,0.0023855121111782,0.323310936358705,0.368161978818753,0.466331523759947,0.334699618161853,0.0450021834562964,0.471085320239506,0.41767443585322,0.0472154545387918,0.0384128362960232,0.746578117568305,0.273306263902091,0.0012058407746552,0.0953197976128698,0.251127811651515,0.135890482940899,0.364768674142311,0.54099948485694,0.3077720306544,0.001192259484577,7.55447125143037e-05,0.0072244797562085,0.469347396176664,0.254231423546034,0.0261349660445965,0.386845998248951,0.446355513421751,0.0015291978040989,0.0774288722662162,0.119334157373575,0.0974222521167999,0.0126845999200477,0.316148010527945,0.539275022940725,0.421558293838863,0.339281736945734,0.333549739938958,0.284332495380159,0.27380618514647,0.348677555122583,0.913934916398703,0.615074077534622,0.0200974676855199,0.0135405166990463,0.0162970255985076,0.0411184227757947,0.17971062749403,0.0776478421144255,0.000866899416025,0.452760893550876,0.475704859028194,0.0025403315588122,0.0892800776981911,0.297946313647379,0.0180600068677388,0.0772886024280246,0.143052162942568,0.065020433341044,0.299992113050843,0.179625601497341,0.194104102365396,0.649071287207214,0.163345325070534,0.0034185688663249,1.0,0.000301229985796,0.408271203721404,0.142697881828317,0.510845339690268,0.753094344164226,0.0860203913262036,2.8851567953848e-05,0.0102319036031546,0.0446288209606987,0.120862842470585,0.0819220436720756,0.161069012267247,0.444880944586307,0.0077110986251326,0.0003428234299882,0.0455264129275695,0.0444096319066761,0.077812138278942,0.0179148099828874,0.103988876044965,0.415349139244868,0.311856255809769
0.169699411247931,0.367819358977743,0.453011959296919,0.0095347690284399,0.0572709856615381,0.0046504375263708,0.198250822434406,0.0037047789593219,0.132833371859925,0.0419907567961612,0.227569683453355,0.301303160858252,0.419201641550426,0.334367801080604,0.588669588379224,0.255860741194732,0.646135716390062,0.0563637222609171,0.345529049115092,0.658592966532388,0.120631646730421,0.45230179411148,0.532590953015226,0.0023070781724035,0.574979450548178,0.320394229916666,0.314699647080868,0.0821635650487093,0.21886328290142,0.260505406878352,0.137747067330869,0.0672823619823781,0.272753766140602,0.550179415683931,0.0165541608959749,0.290854314313638,0.181641901607913,0.803849380007667,0.33855823435521,0.227073256788345,0.0023764071031202,0.27935064435797,0.29130699837217,0.300603852160333,0.388650509514639,0.0748285248043919,0.285083196084166,0.195950381042443,0.297639750772423,0.0474327801608474,0.369905050469463,0.688662013988635,2.55836090803807e-05,0.116544499221588,0.324016742554342,0.133108244562479,0.550044905185908,0.35176758462298,0.20352375492449,0.0053295017985794,0.0068974079379338,0.0186229858882793,0.51579073530293,0.338384129638707,0.0005035381352155,0.256441143616218,0.341615145492855,0.0064062585711452,0.0554187597341347,0.135576126376985,0.144370202579726,0.0004491231322746,0.153278742415277,0.311357037913623,0.260348056872038,0.192083247953102,0.51516711813562,0.284748697288028,0.013270275093695,0.218058609353035,0.285891490881256,0.323581924025333,0.114889405212256,0.0003662565633002,0.0298476526064877,0.0507330115548981,0.204317255615582,0.217266749535011,0.0003782833815381,0.585327563829011,0.158108676772108,0.0035625366880553,0.0978997207721258,0.0821546448834015,0.295262691008985,0.164248360742179,0.115346711199905,0.101446051827731,0.483996106492429,0.255393715973114,0.171639298264367,0.192028510410345,0.391322828243005,0.0116846840666072,0.555910873772341,0.0116732116393508,0.304339514433187,0.159420289855072,0.333644661287549,0.591109999362842,0.126308034121128,0.0007063633210247,0.0242164824533114,0.0380655950943046,0.216105640360035,0.820411135493648,0.203434567044137,0.584299089897204,0.0126249353045068,0.0854507330840555,0.0625020506931343,0.0054938125640419,0.000967468859596,0.0031827654563629,0.0674272503392471,0.203135560650437,0.316580652512155
0.505133985992263,0.401149511630126,0.155146466721708,0.0535535482107897,0.0272777969281353,0.0016556291390728,0.317596084409853,0.046995712013812,0.244871858030142,0.0485869788312231,0.563609495584428,0.113046538412319,0.614727587320455,0.274526646856946,0.283674543934091,0.114051566972444,0.261258961013454,0.0120013311116545,0.11065457820119,0.213570615130964,0.191857776235474,0.22120885374547,0.251981639635404,0.0003157006318574,0.457903531418472,0.244369348274308,0.0665807726435796,0.0693041077785594,0.193979542841621,0.163755270630755,0.113732926241363,0.0993074544707165,0.153582317073171,0.175415749045946,0.0009705667455479,0.0766786729109012,0.148132816244717,0.461670354612083,0.327475544257387,0.248651151850164,0.0390544145631569,0.355518156072599,0.379908621013924,0.264334052204953,0.180976577099106,0.0206437857958233,0.351640063416812,0.390506387791808,0.0592904908434726,0.237813431239658,0.163950886958973,0.182776038389375,0.0006907358556267,0.038051375194603,0.224060332015146,0.0945863013483758,0.712139796258757,0.581540170426495,0.114551577992581,0.0015998695647743,1.44452421861976e-05,0.02467213817221,0.310081700325603,0.570283440500562,0.0085423239398962,0.239057452525436,0.651575555814517,0.0044407499145522,0.125043872156536,0.0299982341994811,0.0597921777320567,0.0177167256652549,0.494775263145616,0.400407166532115,0.215299336492891,0.113690831499514,0.400904430365578,0.275742088001731,0.545427427784718,0.335916990746869,0.425783986413294,0.473895133672678,0.0056702371266325,0.0093840246281542,0.39256658721111,0.0726295905549263,0.167804517278267,0.104175892641719,0.0002955338918267,0.20974963682636,0.187663959745364,0.0006477339432827,0.130265873497633,0.004188628502808,0.392895467292394,0.0786564599475189,0.151545945033918,0.12004513722071,0.162660733329512,0.135130606334613,0.0781190848398202,0.192821369796733,0.509825421661513,0.0074232341151218,0.656329091362778,0.0021503863219598,0.458357229337921,0.0546265328874024,0.26671477076934,0.481212109770458,0.0022026009109711,0.0004916307179335,0.0976770549317385,0.0586856204899501,0.394204452470303,0.118784503203078,0.186202786164799,0.253933957528536,0.0186625100441641,0.0043690055728739,0.0340322779099336,0.0171001812879325,0.0053038024981428,0.0024796258958675,0.206496791811161,0.219157931007064,0.341367547229958
0.261339423090924,0.288973661931513,0.0517197293415581,0.0270158905700579,0.0892155774164253,0.0029504748277106,0.581112091791703,0.0675955162411652,0.395333987653806,0.0272837295548966,0.663403317858685,0.113597875698503,0.402610849261089,0.164904481152716,0.204215318858984,0.0913869255008027,0.164784444662673,0.0278721866233942,0.209334105042429,0.223157071711454,0.019529557960925,0.387920448078593,0.0022362819608764,0.0005492826022491,0.468701158873311,0.619786925024134,0.166223517515102,0.109747713755836,0.103709031642216,0.627312623698477,0.0437988108629278,0.0391390988865655,0.258608321377331,0.284900013255598,0.014880205891013,0.0731793409052681,0.116344938777289,0.421351875538484,0.0998841837437322,0.0955109451492921,0.0073871965376689,0.309120965020567,0.290896798168529,0.309123224511043,0.181905133405085,0.0032374254259381,0.265981190450536,0.568259442621127,0.0662101054223017,0.325753291282252,0.483700036993324,0.214976293528009,0.0001935502577262,0.093237545407369,0.0684039430080929,0.127245740861651,0.21577583331195,0.396686986198459,0.214164006470704,0.0053804530586041,0.0005584842958744,0.0031550753333711,0.334012504744212,0.302586430610421,0.066382368144306,0.251649910938019,0.455710897712491,0.0147594593796284,0.248982714370325,0.193127640211353,0.0423780367175754,0.00292486225616,0.416560093487477,0.453338815707001,0.373171563981043,0.341448909954296,0.471535069063556,0.480463482444604,0.0393009203783494,0.128996398532101,0.342954971825355,0.414134448592588,0.153071238644847,0.0025811266953086,0.175005181884133,0.126367357543895,0.0604738351722104,0.0413374584258476,0.0,0.167922204557967,0.167375480127855,0.0044430500172054,0.0379992715794585,0.166725391358122,0.0434956790476735,0.0420158683879132,0.0718117639840631,0.026440268806681,0.260582840643947,0.205854363345495,0.166103265057075,0.272628765955025,0.31657262187835,0.0183022806794014,0.408377920595003,0.0025769455719192,0.271564816584889,0.0,0.236726133677705,0.25106605908575,0.0487757145981788,0.0020912001140521,0.059593264729739,0.0687169004924278,0.459058717304816,0.0914082719123016,0.141695539123544,0.276413714834457,0.0228271880166829,0.0114327627582138,0.0408856943646953,0.0731595333806258,0.0,0.0312702258518155,0.110715183193446,0.392157122599626,0.362136712385229
0.389741250018201,0.722511303260333,0.220386396856312,0.032526244099481,0.0094189376412799,0.002867922682272,0.1810799967905,0.0057806883900654,0.280070636295081,0.0349840402567714,0.503551744089708,0.775398839738941,0.680728243236961,0.392034553466724,0.326272958156534,0.253203783028777,0.774270843562801,0.0132844587678983,0.275788613346006,0.492580694508184,0.0614809008547771,0.328900470242909,0.237359293791951,0.0029170373411802,0.407735855609711,0.743872939278253,0.439050602626065,0.0856115836371,0.0674814586677022,0.299429194274733,0.0377631367507633,0.0261657105070327,0.485316535150645,0.238031008797531,0.0323940282882038,0.153310185493305,0.0240751230990457,0.539404716268584,0.622319350345304,0.137773628732303,0.0141127624897948,0.333572182188639,0.284388720629341,0.321940953372499,0.482515026069695,0.0215259240288545,0.651115181553712,0.324314401735551,0.0216728736241128,0.0813395810725519,0.610787957792379,0.279537460815946,0.0002305763248763,0.118286196159834,0.599743714977444,0.182508171232165,0.323892124913397,0.684206572366868,0.425245964992407,0.0068376590953094,0.0001116578179797,0.0006505482079038,0.487764926789317,0.421369049335371,0.0103381280858421,0.289083114452193,1.0,0.0064391717689155,0.14043477307127,0.217536436614553,0.0760811505895387,0.0012101759529092,0.565433811162931,0.592216700847929,0.511056682464455,0.156733604768226,0.653898676934787,0.531689613265187,0.0418759401371644,0.153362757599588,0.420002118651308,0.573554502947258,0.0084382522920004,0.0033090182879874,0.46138200849829,0.0490389078112117,0.210111829390843,0.193114801161786,0.0001142731048396,0.37447016448394,0.26582743152862,0.195732040564338,0.0630447978632998,0.470690386648162,0.0659767927659818,0.0631044472428831,0.142952461662941,0.0598127487440465,0.838523778661835,0.141442771598576,0.26641102040271,0.581097825633957,0.490303941256915,0.0030696553008399,0.859357230495732,0.0007695656571431,0.515304063382825,0.0423634336677815,0.547226877155834,0.666289878397289,0.0302224473428728,7.84377960771947e-05,0.0208156205107157,0.0697240546316083,0.407183770209644,0.0731640113756015,0.142533877379931,0.43261529059997,0.0317486210042352,0.0105956357780099,0.0634894594372898,0.0044238196579175,0.0,0.0039401230070652,0.193774605886985,0.496826006864837,0.595637591205201
0.364867324502861,0.569503631051838,0.278586357929125,0.0586006135899281,0.0785930674232531,0.0011373851149309,0.262922249859584,0.0423017930410789,0.64162880323775,0.0678165231115483,0.452479973052924,0.083475877660709,0.439264267754667,0.330987043796357,0.406762009477499,0.227599055797232,0.440813119905725,0.0119145452383213,0.40977198215207,0.510019886798226,0.0504777306465477,0.580525354179771,0.221819582647758,0.0005830424964073,0.719709336204468,0.32835925275148,0.336409825987175,0.148347402528192,0.221958446755721,0.385050053064854,0.0772232042423269,0.0771656568906046,0.25112087517934,0.542956277455948,0.0059760738939355,0.0815629355347323,0.1217482243235,0.708203179856607,0.200377926730979,0.147057526352156,0.0135391469821451,0.586647672665297,0.269259953434981,0.498311891128133,0.411496126136614,0.0197627420271011,0.610232887465944,0.48082549924904,0.0888221369034594,0.0316564075849409,0.471911497877288,0.446035501374191,0.0001905061320888,0.149435651271406,0.182308981004448,0.132192595991145,0.397993379692592,0.727534933138724,0.368959465480265,0.0053498823025893,0.0017033673421183,0.0029249626866917,0.644673498332035,0.429500302759436,0.137973905138763,0.267735410439876,0.628192134346644,0.0053277183980555,0.293918770702174,0.127752271770283,0.0634792672311466,0.0013204868976784,0.661735668823581,0.689585662924278,0.590950521327014,0.299773705264471,0.28905952674114,0.466129488737576,0.14395890166484,0.105719523933021,0.336223128154484,0.308530798948656,0.0090505707982788,0.0031859699473202,0.0937273292569178,0.107774123691575,0.0880163700010846,0.123367956827018,0.0020464080154045,0.49071889586369,0.425386564478149,0.0043671436957269,0.0692849338351342,0.197818317789267,0.101474417672981,0.0705392646447603,0.116521396789363,0.0943833520169398,0.522146406269978,0.176609420349422,0.383652000409747,0.497228549850017,0.374277723705447,0.0079779674804716,0.706661239152158,0.0059938170896346,0.570636589562225,0.27536231884058,0.758455588561564,0.556061610781651,0.0409399810438179,0.0009454081787116,0.102455852316593,0.0644293722320295,0.469639682853193,0.428946772812706,0.220568105159055,0.77011720028809,0.0254009106708797,0.0174521043777755,0.0665470429005004,0.0306278079924332,0.0066801421257824,0.0375739143694617,0.160203380744166,0.376731118385306,0.538969112731153
0.576503793155332,0.543890351776546,0.695866721453078,0.0019897905809462,0.0127346655353225,0.0011847761613863,0.387065714514964,0.0137657459528758,0.319176389894159,0.0236954413877545,0.627399634367301,0.831380369406646,0.485880203510033,0.407811420793206,0.411891783070586,0.290041458762188,0.524599823234803,0.0128120237236442,0.264630883280232,0.379327928203559,0.0599413123525706,1.0,0.415641568074382,0.0002144209493829,0.423357298046162,0.558815412031955,0.693533326003435,0.15477180192279,0.0590893178587894,0.574792760232912,0.0674208581070223,0.0932318195628474,0.337316176470588,0.344578111519115,0.0007088408815799,0.122617973928661,0.0332694235042921,0.827518019060921,0.415832285418214,0.0903765013745755,0.0030016176564316,0.487336027235177,0.182853631487811,0.497473042314271,0.606033437557652,0.0009499950201873,0.310018932688904,0.509543676178821,0.0240160567724589,0.0563044473808177,0.446227561787658,0.219482340160619,2.63608326473796e-05,0.14247210690192,0.233298146660154,0.108738659780676,0.322911908855303,0.424392023868295,0.329215419182475,0.0004993223482416,1.05411226764145e-05,0.0013809541299516,0.482910848764507,0.266341800986131,0.0042154608487959,0.48210307037406,0.585658898858923,0.0018591737099503,0.109112795314454,0.281030548348977,0.116228634169502,0.0006792465947868,0.112142555677858,0.360272179795113,0.397756966824645,0.246102206819134,0.420291477310887,0.27970433016465,0.806496188460852,0.167668006111654,0.8856919275968,0.681614878067606,0.0005871547320477,0.0056307613919366,0.0133433516426573,0.106330416234061,0.194942444462498,0.0952639825060242,0.0,0.474613222837155,0.359014764211337,0.0011841386150638,0.0566346970984582,0.136685913983907,0.0098222972586276,0.144096500642056,0.164934037377754,0.0319637953225739,0.816682318096825,0.77945202880864,0.336940885141786,0.419480555123549,0.380342380524105,0.0034126883006145,0.770250551088205,0.0001121367100408,0.37592132373245,0.0,0.29725300847329,0.596853857281414,0.0233844075809379,0.0001911127861262,0.0044465292640261,0.0579602960760631,0.191261533252448,0.311225042068076,0.332679473156802,0.332503983063794,0.0168701679766875,0.000430522446962,0.0572061356738578,0.0159021045164341,0.0106191224827094,0.0280984734247132,0.233393643932921,0.541063122043018,0.547093605689698
0.0018286260672041,0.545177512450336,0.527328539098289,0.0135976139592776,0.0004002240591834,0.0002522426666177,0.707726871539758,0.0020887554049436,0.345765422320918,0.161947159448805,0.126490985496932,0.179654907648339,0.304455206054537,0.189777483967994,0.381388019946108,0.0417518825209237,0.056034567416282,0.0262814578427253,0.0807354412333045,0.30307820440909,0.0470417601162267,0.141731811783029,0.0,0.0002614110723328,0.613959734651585,0.0642759109885595,0.024772476333977,0.0306164865383386,0.0557741639901215,0.0461807647075696,0.392029567732605,0.0202947116329777,0.248677367288379,0.267772385100708,0.0248257887217963,0.0063620632035443,0.0590439670573881,0.0184953941800046,0.0758833529370596,0.0575557548404169,0.0042520387630543,0.0,0.180204354283268,0.190519818546888,0.0193744226306327,0.0010911809160447,0.0533963396801453,0.38756559307263,0.0457360453392328,0.0018593628828129,0.404671728292846,0.0304751048573882,0.0002152477489716,0.0473728593668915,0.0414835121551575,0.116477556806484,0.516866387826846,0.309625126102728,0.239134982521754,0.0208186848460762,1.63973019410892e-05,0.0800694622988114,0.527856015660894,0.451789164095614,0.327870167370729,0.155665247713069,0.0,0.0181672412410807,0.0814431745892469,0.103920756305945,0.0089494144179789,0.0043491712195037,0.694437198175213,0.455765768927979,0.635432037914692,0.027064048537548,0.352839777026573,0.33534220120865,0.0,0.0985088018246319,0.103957435611795,0.242705993232072,0.0459826034440819,0.0,0.096849414447093,0.0795422043464185,0.315091705063038,0.105971712778726,0.043605040626059,0.110537452765316,0.673145967821361,0.0047669169888468,0.187446886002185,0.0978089697771578,0.0198878269329823,0.0520499252486027,0.0963536174308514,0.0323834350551908,0.694892147194965,0.0343525327701442,0.565459250252751,0.0007979418183518,0.385449135732502,0.10648332369574,0.122091478917211,0.0056310218512671,0.12886849763164,0.246376811594203,0.0983313046439566,0.0,0.0744663297531475,0.0196385313997961,0.0659161316172662,0.0189017931803401,0.631584887559606,0.0976963422914555,0.0769994039938958,0.68532704773129,0.0155289322273173,0.0081400633027449,0.0287773767533426,0.0011389611413257,0.0089778806673231,0.0003871503363209,0.0020572615637198,0.270021336655314,0.0505419545479167
0.384341524736809,0.51901810348853,0.30630226070275,0.0333695566311052,0.0256694431002367,0.0023175750460151,0.435657546337158,0.0145159508461643,0.31635700129222,0.129475628658178,0.185443146288393,0.324505182783773,0.403927708451396,0.535884362213608,0.38383095363459,0.172501315710584,0.282726112147697,0.113560944342857,0.392077530876069,0.35818333248347,0.154221557782528,0.668388893880852,0.243477238893677,0.0381924770181802,0.485900953571746,0.477475519855735,0.300351370561992,0.203025409818593,0.150224485462486,0.140033846771649,0.145498955487707,0.109793040587636,0.117759146341463,0.539767957265812,0.0576451215389481,0.28737776077212,0.330559065754499,0.203295618872665,0.149046265546583,0.138560150541744,0.007642136763291,0.248931053483634,0.487784789192765,0.604763887856027,0.493095394183725,0.0596417380531012,0.190804562316253,0.244972279394041,0.145309812157959,0.153857357867651,0.450138284566738,0.419540482697814,0.0004973799037922,0.0536261027503892,0.205301108642792,0.113889428082373,0.440809832952708,0.516157247418919,0.347188709164861,0.0022214749370751,0.0018359121994755,0.122259099605664,0.622560476219013,0.384057553127073,0.0198251430404791,0.642260664794856,0.265580916326254,0.0177267107478469,0.117676091868296,0.24866206652993,0.0697381696605207,0.0022006569990092,0.309586071892888,0.54607951781855,0.263770995260663,0.309903512913946,0.396591222846568,0.230009822365026,0.0848864186829156,0.416897610621006,0.353561897081387,0.402935477187694,0.10932821110729,0.0049837466428888,0.028992641724531,0.137472799524771,0.345521321542215,0.143323549982133,0.0006173374629269,0.42279160576921,0.237838999364306,0.0126662348440378,0.102476629840962,0.0924302674250541,0.0921815086132891,0.0967984069577732,0.117183515543813,0.114508265271624,0.415718640681863,0.0659528792831985,0.274307550472322,0.543000932118022,0.368715118213067,0.0292185708265135,0.543158514470881,0.0038478282857155,0.424138150767858,0.0,0.517015702392954,0.417260363840597,0.126722460773366,0.0012408867033163,0.0497522647981471,0.0640490569543807,0.165669704579442,0.120496747719467,0.25475331241854,0.347890613064449,0.0196553467174967,0.0120705737907501,0.0397834468050201,0.0150114290218334,0.020305328565094,0.0057310109960861,0.157935032081888,0.136448573359662,0.349366272116035
0.614305510389314,0.429984753033659,0.277347303020165,0.0346548076286692,0.0697914526061795,0.0035283398457803,0.465746609965498,0.0490356527167951,0.500841269179611,0.101172740333916,0.38950748243143,0.388004948172162,0.313949032020537,0.406004580380837,0.283732616842692,0.183896368638789,0.342531670431111,0.0757249693472592,0.302928488085046,0.268250811619329,0.0772115852812895,0.430841345433851,0.187034788059234,0.0093738452063231,0.38044849902173,0.324113238697173,0.34609768070652,0.143337916480143,0.116323067770315,0.115107707311476,0.0570335850875783,0.0645818812217397,0.420507532281205,0.461562253637731,0.0931744075726017,0.148185870943738,0.137958080962133,0.224655654702035,0.37019210146678,0.0888438864468326,0.0070017511965498,0.376199761649488,0.269817696004358,0.638823529411765,0.326684352805105,0.026487130741423,0.290901534625271,0.248992230813447,0.0810125734076982,0.14446212975125,0.554318530131943,0.264297995803792,0.0013580686460694,0.130478074727556,0.291907590343096,0.0951509839790911,0.174345025788407,0.432551138680805,0.354710183693252,0.0071739374114721,0.0018653883017743,0.0075619968546634,0.574918599308843,0.344050056226752,0.0255378500258453,0.325314735984059,0.391710418982889,0.0122951891875926,0.177399806962511,0.148660029067793,0.037840270633853,0.0056564486132917,0.212616143556723,0.504896528554308,0.310061800947867,0.323777429327441,0.279119747475878,0.220370586178767,0.387277872676746,0.165709449645633,0.671581709888292,0.466131921791023,0.0292403056559777,0.0172077038659709,0.0509897398694165,0.186002533297991,0.206594024053144,0.0805553604314855,0.0039233765994951,0.243110756351946,0.362452882557817,0.0070188045260409,0.0785115940269516,0.267327978600243,0.0459530418359755,0.0507347969305401,0.118234213644504,0.043374140702385,0.300098415409041,0.158211979993297,0.346226990722802,0.644285669269888,0.322390873138098,0.0111162293812665,0.561384384166836,0.0013126591351841,0.320822447375688,0.147157190635451,0.392654233779195,0.339432740934073,0.120985721466917,0.0003441799713107,0.0478661545828569,0.0468078912323082,0.310798228040969,0.153058914988044,0.163197605496355,0.540714550732229,0.0090966394593168,0.010189031244768,0.0435454433598556,0.0535843777094664,0.124118192445681,0.0052667694549397,0.149940527047629,0.36752057463191,0.340553790444241
0.490686990666362,0.623580621126083,0.0775757776214471,0.0169858088648159,0.0337953172956454,0.0030850042499067,0.184642541924095,0.0105850827409198,0.353192843906672,0.094590673281762,0.370946054236423,0.810643902230943,0.558358977323132,0.455535165395909,0.49884628488246,0.211338649470274,0.502445251890406,0.0044352616631105,0.257147400751862,0.308755290398246,0.367989144679164,0.864213616078114,0.210135417482828,0.0014179155546431,0.335409503301419,0.135571482271018,0.174773947475598,0.120302274519835,0.0440974766188874,0.0357112124602014,0.0672344528362526,0.0439198970564581,0.5625,0.297341671182097,0.0071974612591195,0.0960459156826773,0.0163841561723822,0.652470290847949,0.465633275613341,0.0673541994384087,0.0244499816382338,0.466275324741894,0.242585590785574,0.525216033315981,0.408939873256149,0.0164377594564452,0.18226176366463,0.376084255808348,0.0254692910038728,0.0891549412207761,0.383060580971339,0.444377291514058,0.0008000868935947,0.113852490918526,0.186148004600526,0.100042939408377,0.312201380513715,0.545716263495675,0.352399446189519,0.001640630572794,9.56509279896869e-06,0.0146598729177171,0.506522043107409,0.182073757965457,0.0069247633816373,0.412082238927633,0.415716188934417,0.0091262389920122,0.0437515081053809,0.132540307792613,0.235560754134684,0.0014423851265621,0.127200656618035,0.874520501236041,0.283121137440758,0.131460313783488,0.819509428611938,0.216141974794812,0.157626902582668,0.235068103260847,0.855583158772412,0.395672953879778,0.0155260487002911,0.002436126068513,0.0588791584620168,0.0477953078459948,0.143353969257023,0.0876195304602247,0.000241681049316,0.562489082679768,0.60702486368398,0.0002125377001396,0.219291004006313,0.155834957250822,0.245299891260802,0.120597887109881,0.126831531680082,0.068301927080553,0.427818494356912,0.356399425850633,0.140935023983539,0.500397954422783,0.338930846279892,0.010020483970558,0.685243254990841,0.0017084357588577,0.487117398415429,0.107023411371237,0.472548629538841,1.0,0.0046622998376828,0.0014273063010554,0.0154016046595718,0.0483954287837963,0.1316272114218,0.0040050776906348,0.22926258981026,0.574390536676924,0.0207186687530334,0.002910012835947,0.0360296530227217,0.0023725072909277,0.0268933307994863,0.0003430982192778,0.13875458611851,0.319307685171687,0.424253687899679
0.358313635459086,0.616939765346955,0.181638580149933,0.0788870836544682,0.0218151113998396,0.0040802162254713,0.263740672390275,0.0159110236443001,0.543217361976907,0.103713559765877,0.390629371769135,0.436696455231839,0.258713825639299,0.462454206289474,0.559106606374082,0.377412413646084,0.821486791711676,0.0332244758081416,0.30866637943309,0.564547107915626,0.103475010095913,0.605594992062779,0.67591540651362,0.0364743721344009,0.525903886451254,0.374362317374565,0.344507299185297,0.340367930762508,0.145564523071214,0.667125605943264,0.0712903744174835,0.0519301914106482,0.377936692969871,0.286813935587095,0.118452763934176,0.13421712416724,0.0808531962177001,0.8188292070095,0.901953524494122,0.173883800590994,0.0245379967161271,0.217063419176537,0.156672157620644,0.326096527106418,0.513840186201408,0.0174359109062274,0.350070035556513,0.133055200163171,0.0643914686355827,0.0832225632439256,0.481741152430109,0.404652933042366,3.82998502182239e-05,0.135385313959523,0.333475130374502,0.184257118824519,0.33309897102974,0.622139882804954,0.547076286275944,0.0108322378812428,0.0008428994021621,0.001264367432299,0.62947204410619,0.516478763588132,0.0192369392011122,0.351671044289467,0.631250964545664,0.0080215370463358,0.0730389146028473,0.195294141617202,0.125408028012978,0.0004797135623366,0.165265839107373,0.413780481078289,0.404399620853081,0.140819472038345,0.400673099166461,0.305658681139394,0.375264513168294,0.146252658575692,0.290795143504454,0.364979627154586,0.0182353483924542,0.0006626124260337,0.0363379624831589,0.0683801874724328,0.180715943422164,0.167105950333968,0.0029290692389936,0.703895742079277,0.452220003760442,0.0146043762524543,0.11040427340051,0.0798823588629941,0.100040061809649,0.14495567645362,0.0963830165261262,0.0908868485204363,0.844900450535847,0.213494407102253,0.494265774131627,0.464681672038797,0.484750575972994,0.0090776332683204,0.618397434349497,0.0021305974907762,0.520231950551201,0.0,0.684104403885643,0.710180598786569,0.136150667111792,7.20135136128045e-05,0.0449343770461364,0.0594109449038372,0.163299568296606,0.500713435215162,0.272862728660034,0.679303345773587,0.0105264853783151,0.0258552647314417,0.078927077352145,0.0073047213683297,0.0,0.0048643703088731,0.117471645641722,0.474932743151729,0.446308551419529
0.541119211373156,0.420820331454025,0.143059956773013,0.0399623391568156,0.122739935566412,0.0012306384644078,0.415758645590949,0.0037690088303226,0.384514962843945,0.0461664767539793,0.195233192712337,0.120201126135734,0.623953140922781,0.339493465350267,0.184385356335367,0.0711549607285372,0.110792497299421,0.0162969356441282,0.350066846526662,0.225332721431849,0.0365389561712145,0.223110791625483,0.158632374833503,0.000260498642761,0.45921560909347,0.559136360741354,0.264362600792558,0.0636977467971265,0.0742208049338978,0.139775693428563,0.127674754941347,0.0987051632620235,0.253250538020086,0.507317322741258,0.0010032824785439,0.0947823599196355,0.128131944747048,0.274849983489644,0.163960148371235,0.110892224460093,0.0068105460273332,0.270707234664195,0.561366274733613,0.519104633003644,0.330643651540866,0.0551237893856662,0.289977988825096,0.420222135691903,0.0919495220974316,0.458226007723507,0.545056106540772,0.0966925694219982,0.0013724041029718,0.0531590555267255,0.190506950680888,0.0785673531089896,0.475897462215494,0.458729528429458,0.279896264334318,0.0003566588201726,0.0045061347381917,0.134456182879174,0.492059687181638,0.369323260574955,0.0551262855818762,0.465126951061196,0.276699411351561,0.0062746057800638,0.112137232105644,0.133110797191019,0.0280772730869668,0.0269457657167025,0.488805044251729,0.578432208276713,0.24239317535545,0.585967499086803,0.244502152872611,0.495097141525297,0.189814649567856,0.29909373339794,0.617621027955946,0.712602727483232,0.0400858923493738,0.0062026762147557,0.0232018862058244,0.158883253517334,0.204312052945572,0.0988525686641603,0.0005713655241983,0.259596739065544,0.399797652409817,0.0030160111734105,0.0921330581522399,0.152962241221857,0.0610155668746065,0.0988021166121798,0.0960903037949119,0.174619062023642,0.332038110130223,0.0650391724155374,0.248872083338901,0.296971582089916,0.310698929367846,0.0063529711558251,0.518682953809782,0.0024933927291436,0.27594044053612,0.169453734671126,0.391136931475256,0.238447978440474,0.0862813266257612,0.0022778505243349,0.0714669637534571,0.0860231038434142,0.591899212776163,0.184853524369963,0.155387305724933,0.280604116196338,0.0233850293118413,0.0043769782107806,0.0226488803215487,0.0266079451406952,0.0061503377502893,0.008678267057488,0.127835017004238,0.449991385822389,0.345970534159418
0.344877420169005,0.471843867816314,0.315423434929899,0.114184516781919,0.147078612954333,0.0051900839585894,0.351745165690444,0.0358813751358462,0.267586125879638,0.12434444735408,0.209345093703566,0.115904534402594,0.426614000676021,0.326902130375249,0.460231672190046,0.299403544535415,0.535893155258765,0.0771341290482241,0.259249876569691,0.405588700219265,0.130226582217386,0.376748435019618,0.338223771840476,0.0806505622847237,0.437936796446585,0.132682943886427,0.19704083734284,0.140819850354927,0.187150287613032,0.155092791784987,0.0984476940382452,0.0826818937322396,0.227851506456241,0.491822226149807,0.0856497889835222,0.278415440449345,0.171728615625953,0.468652147674697,0.334546431482155,0.159325796445215,0.0102309940544297,0.404580772204401,0.333977547618893,0.386679556778464,0.309294344860638,0.169791909500935,0.219757723151754,0.326257625484415,0.135340290290867,0.149070515385998,0.328469004879596,0.451193738966784,0.0026906400412325,0.144178126621692,0.301134901503574,0.117779463982856,0.40605578507095,0.436020305222263,0.139003556332012,0.0245381268278765,0.004158668101821,0.0095589962080107,0.331155989692575,0.0944032755687552,0.020284120278773,0.258889593333937,0.318479907529598,0.0141501432568031,0.137747603483449,0.168358892163921,0.102610390124238,0.0313503241542731,0.0911163567030818,0.295747316060513,0.414823127962085,0.180768511176644,0.444029043258934,0.166147801621523,0.431142441934579,0.202436875485521,0.407129603367972,0.298120945235029,0.0426274335466662,0.0116693731524696,0.0320240439423774,0.118267718680296,0.095940836837465,0.132218784645127,0.0037197865851255,0.560384112783933,0.34377602091522,0.0751270165779406,0.142988952288455,0.171870393407494,0.121548245865049,0.108271660845776,0.120318992965947,0.0598557506954454,0.420160315713105,0.223159465560523,0.321196816446873,0.575364842378537,0.232813212266069,0.0163264106006998,0.466134954228344,0.0076055074515943,0.111535928970454,0.0,0.373209161808489,0.646403481240428,0.0764578800541824,0.0007714139895713,0.0726885377270906,0.0565362817058441,0.162072176292994,0.109908385077887,0.220044143748813,0.264977411117659,0.0116945285234122,0.0333734622774637,0.0537045771470757,0.0419464806494837,0.0236914695736802,0.0103929109977805,0.0569951919049773,0.366195316537896,0.349028192594502
0.741487848797985,0.719733959724458,0.354130543466784,0.0943890894573124,0.009165379541673,0.0010212006139433,0.291567038433764,0.0072656830076022,0.664079700781016,0.0741508779628149,0.439028166756762,0.203650343386085,0.438525419277662,0.57062228283919,0.44457521603122,0.228439556144757,0.847490916232937,0.0174701740204859,0.491640948166667,0.530382608400048,0.061389869629845,0.310854524216012,0.424048029460158,0.0107611943703095,0.54672347191189,0.681054410172451,0.528773981544141,0.38046780072904,0.0811189266017664,0.520781344118406,0.0869291338582677,0.065467445892088,0.462114418938307,0.428348840832824,0.157760717128867,0.164444960473511,0.0515926619896292,0.551694493891168,0.594336065814337,0.157513856015054,0.0156606138596433,0.375218381181416,0.312259635651424,0.345827322079274,0.74072175510757,0.0180028434182747,0.523234873089415,0.383297176021212,0.0530126864835605,0.0029589719835872,0.387453978543872,0.148366749354025,5.6240760889782e-05,0.132352750389206,0.377127612085309,0.145674393799471,0.392312232172641,0.671459464680504,1.0,0.0004687515922268,0.0003451241646648,0.0151342889547043,0.805257585745391,0.735993771805888,0.0113585726253498,0.464212178848534,0.586128179851153,0.0065606974222214,0.132543268914384,0.208313524673666,0.0423953469969138,0.0003603645359582,0.461891339895272,0.57666213702257,0.442367393364929,0.181621571055656,0.742588073757341,0.578603892320243,0.284756392932718,0.182329628047966,0.403049491011109,0.568008336007735,0.0037661782098491,0.0014084124626594,0.0465851383563064,0.108870000324782,0.259993828832957,0.126064741148409,0.0027530623878613,0.464546071644154,0.433596862717009,0.0097564925206971,0.0634332888187447,0.0994340857284618,0.0713422137011389,0.110585542273311,0.126581000259479,0.138325415042972,0.889167789699644,0.114561136158131,0.681511074293298,0.597159327126667,0.771169317579805,0.0214444629573365,0.805042988904642,0.0001583106494694,0.402684848871047,0.112597547380156,0.618027574440537,0.735994921617814,0.139857483279036,9.99418313921293e-05,0.0117368827386711,0.0861222088017591,0.256101690132897,0.552011887306757,0.428728149171814,0.638534232523626,0.0230547550432277,0.0149566687129771,0.0408426298088754,0.0049933002285804,0.0,0.0104310330221447,0.149288837513193,0.573333156632254,0.603606430608711
0.537068810701406,0.663407483803905,0.343592216089141,0.0574135711403507,0.0679543993158903,0.0083805715054453,0.375254754072053,0.0260130977552945,0.626952066604266,0.0834648567161855,0.63488070757805,0.145137141150877,0.462118937013167,0.580341791734042,0.471230681079072,0.221966482134094,0.382735932436414,0.0236974306790432,0.297697261973664,0.413628405826662,0.0415670567161188,0.58054033006859,0.106084645720703,0.0043700814343392,0.550763899340488,0.572478835493181,0.382094193326592,0.169272665259747,0.120227412286155,0.275765137825202,0.0275044190904708,0.0895519453827319,0.552658715925395,0.460736685681861,0.0700498369665972,0.209809735179612,0.316767615146629,0.536766854796163,0.464743770643175,0.0461034092412637,0.0191569369538892,0.640706892943031,0.238050689720026,0.6366728638358,0.303652888769983,0.0049064834971199,0.404851693936922,0.346594722886651,0.0621561263559942,0.54014951009659,0.527838356791798,0.296394971435566,5.33477620570638e-05,0.234567981318111,0.246164915210621,0.0782516798327912,0.231823663749968,0.518816136856339,0.438575423142827,0.0010088349484882,0.0009606086053821,0.0025056401249675,0.664469347396177,0.336394567630691,0.0612088480116928,0.36871358270688,0.514066146573146,0.008019005261892,0.105153333187093,0.264530500808193,0.0459810477170214,0.0016929022091157,0.439959534004797,0.746082526438246,0.276801516587678,0.333194497652415,0.380032386367876,0.293455641200659,0.261119751166407,0.0906853570053133,0.421222051742932,0.345469022306539,0.115065551631871,0.036642987082235,0.0500699554357965,0.179402129101811,0.132188239004257,0.120087836372688,0.0004570924193586,0.396985824619746,0.488508268495555,0.0057435783252029,0.0410707781959451,0.218053168616566,0.0576353516854576,0.0587527372658978,0.0774103743016117,0.0334629323178941,0.596782418667674,0.261691653967511,0.503489526965336,0.881635241989833,0.505972254734067,0.0066528800070566,0.570959577665778,0.0039357786465319,0.258501667410098,0.0479375696767001,0.39287677145044,0.580516664031509,0.0448424986857303,0.0003230990923258,0.717308237317619,0.0624565641549754,0.443822126915155,0.251178398165733,0.18198489681235,0.571618760776097,0.012695420666711,0.0238302147031388,0.071351816914117,0.0822377236541342,0.215630380825689,0.0334169194015689,0.144582935450905,0.373232437017109,0.693993204788401
0.464255032058594,0.317650546028175,0.410876459610499,0.0655328560967226,0.0449402729809815,0.0004662667473843,0.392377437214154,0.0508417966893355,0.52241868678639,0.0694160361801363,0.47325258265445,0.1034946465896,0.481650044670176,0.608513422723913,0.364066807074055,0.176952525609168,0.466935087891584,0.0143162628284997,0.296909526970678,0.475141502218143,0.0308498100868707,0.489247311827957,0.365101595758573,0.0191628458678346,0.629457687424507,0.340502852946796,0.259485379175139,0.172800622455288,0.228665272758923,0.755098528525944,0.0438180941668006,0.0847586367129555,0.283715925394548,0.433744101840203,0.0830270777216763,0.169897310357134,0.126846485685651,0.553791498874639,0.461752415096299,0.14551021008218,0.0535890424263026,0.259994276170502,0.230076916591544,0.24283185840708,0.295557974521885,0.0458744715105468,0.565779549617498,0.406222766127088,0.0660729485892216,0.161486388072784,0.590385259041344,0.200320166471264,0.0001267953891384,0.165704462895693,0.267854610767122,0.103013405330369,0.634671935541813,0.480226019017365,0.389114142767487,0.0019055771249223,0.0011936845401161,0.0005537172513809,0.577115918579333,0.390977768807128,0.0613202502539971,0.458050297376445,0.482260233632644,0.0029284306734124,0.12876203742295,0.202221512883552,0.0510579053572842,0.001151312549608,0.467416178338816,0.659173532169666,0.40230672985782,0.258443733684951,0.483168789690091,0.354853746649575,0.246029115569946,0.142953658876963,0.369790082661573,0.370821332380028,0.0034558249943381,0.0021368817470784,0.0885195357031817,0.23079937180915,0.158400891337434,0.119342632098147,0.0134041038492961,0.332930175583676,0.38365461236111,0.0007742444790802,0.0443122496054389,0.149550216801973,0.100530103588394,0.0670064081488328,0.0554518065744046,0.0977048820560271,0.377646720523262,0.141422221098092,0.516735032000321,0.457101733007651,0.674827824115712,0.0034969764091305,0.531717037910959,0.0025659517768171,0.195076361010217,0.0,0.435297172085684,0.373851051428059,0.120149193594806,0.0002507778286548,0.0374583443274991,0.0627675059617827,0.31249118252871,0.885151691087472,0.172206466993706,0.695846701150178,0.0097813544064427,0.0102926755375551,0.0761463374620622,0.0363462599511311,0.0,0.0360752952338998,0.141347941900789,0.451952767801529,0.644788625585335
0.206603196637367,0.426957692206181,0.119806687080117,0.0430324237656146,0.0909747403101032,0.0020424012278867,0.269164727593677,0.0946773990499118,0.684783638451307,0.0150113593737836,0.264602897353917,0.181951968604701,0.28977059257407,0.604652008191369,0.456240127605538,0.202458435758904,0.545222429539429,0.0122905679898452,0.326444042153068,0.320517396699131,0.0744317727078612,0.509479737622428,0.581495338086657,0.0217299664682132,0.541185732313,0.289488242911966,0.354456087971172,0.214805695892221,0.158366028950686,0.55049766227806,0.0526562751084686,0.0466311011027112,0.189203730272597,0.371112563283853,0.043675503549657,0.560736000425945,0.0550350777811669,0.577782754079197,0.425962256994692,0.117562958498111,0.0137576671755355,0.353968664169255,0.142272995531574,0.381503681118465,0.301557510243732,0.01555999908065,0.320978342850986,0.403612022769836,0.0527477958059325,0.202817518688762,0.630929941691476,0.236358976614842,4.90082638079866e-05,0.123735080435911,0.278552409761939,0.148282129559371,0.394857714710939,0.704619116100367,0.66263711520312,0.0023641384651442,2.7328836568482e-05,0.0011577977301488,0.616707616707617,0.469363628499755,0.0766625670641499,0.366974609787761,0.790949490877367,0.0059370345208808,0.164761883870402,0.136007389196017,0.0332975587560339,0.0005633737536427,0.321301698596203,0.553575995226323,0.368492890995261,0.195406395053589,0.390696008417471,0.300764146702849,0.4252377431609,0.139413882511768,0.254586709221942,0.285341707256633,0.014234308289786,0.0004055396016353,0.0464037724116489,0.208805358270987,0.172781471451149,0.138766809090271,0.0001392293001494,0.535044874331971,0.280027576574237,0.0061382911968908,0.0536724535631905,0.0858363234987452,0.0482422881016425,0.0671552905999342,0.0788637121854137,0.116793299999407,0.551691603632308,0.14182216545366,0.467048799932303,0.431953859649658,0.451815392955265,0.0104105614960159,0.695331302614981,0.0012313050514289,0.457465111833301,0.154960981047938,0.684697837675628,0.551042224671215,0.137785350017843,0.0002016532256187,0.0041142611431977,0.0808324816500976,0.209178634914365,0.485972387597052,0.216346941047792,0.687465898426417,0.0095497596449148,0.0196764703537459,0.0613444344188336,0.0129798218649011,0.0,0.0176894664610901,0.130750029317653,0.339252819486595,0.327691825884688
0.526055797970189,0.549118173125141,0.802135397915996,0.0444030735005583,0.0081055729750154,0.0035298685892144,0.343496750381128,0.002296860186986,0.168932156567015,0.074341970232071,0.260302774299227,0.264163076398072,0.452206053280022,0.235079093025354,0.491037414439248,0.264867529595161,0.452145733084553,0.0175387437463447,0.450048170180347,0.451090374449714,0.170811845789439,0.235870248899272,0.367031001070804,8.25748762517393e-05,0.584750570174931,0.504165464670041,0.302271597520429,0.0294387243929995,0.0596918992024884,0.245618564093738,0.0782580748834967,0.107538469787143,0.110720050215208,0.504229000923241,0.0038113828940337,0.114625710767614,0.0940781733408863,0.416303881641623,0.304827031920586,0.277701004101674,0.0153601485937315,0.466066020528899,0.763183153580253,0.450747378597457,0.575333895640891,0.249277379940001,0.353179306417104,0.428425209990544,0.151530031587952,0.396649210262843,0.383335388517977,0.348040462615687,0.0003714696859384,0.0698786974571873,0.308214250077463,0.228853321725968,0.368473993482333,0.451560454184464,0.293308762118597,0.0029857438374451,0.0014802469121342,0.0120201163529678,0.444297956493078,0.219269917245754,0.0298602570272534,0.722147752317121,0.373336020938121,0.0077776418115761,0.094832408362033,0.0564512842803005,0.163292810793701,0.0022182696708632,0.463354732803543,0.273152582147854,0.333655355450237,0.247503185053856,0.304387084256793,0.506018279587794,0.950223083394947,0.516116164559472,0.360895164349249,0.546767156454516,0.0077756062372608,0.0008440076324632,0.0512747434967354,0.183583432775931,0.0991869027184751,0.145714922715598,0.0003874777692839,0.493526996460024,0.382293690515628,0.0008501508005586,0.109554449435474,0.122120992039808,0.119502232015109,0.107459010800181,0.161498177895204,0.154998309578462,0.475597730322184,0.119339917924463,0.0988246507132709,0.205277394054164,0.711569973018591,0.0258646881830032,0.671541080650336,0.0070360288653084,0.342509399095138,0.0713489409141583,0.458242154704143,0.131865668295745,0.0375785204201058,0.0013734500408749,0.0114143872096319,0.05910000309703,0.236392878304788,0.0722291652315958,0.17118146748492,0.206966542264126,0.0058100077131124,0.0124293424965518,0.030475350668526,0.0167829274060061,0.0052116626067527,0.0068263838294844,0.141696403142852,0.231178021919769,0.349279106125216
0.559848370860413,0.589497256155125,0.295856798836764,0.0485427772950377,0.069125241128781,0.0007536705129851,0.463676482387868,0.0802744927767087,0.488226020986255,0.0175380238228362,0.340641459923016,0.180950603591691,0.526184513585137,0.358408741768576,0.330911047790132,0.236539225940261,0.372935284297358,0.0210141773461917,0.263543587078927,0.441061989019768,0.0533003095672595,0.523137748225357,0.422350413957011,0.0001227217774128,0.515488305142959,0.545621547772029,0.325104489769371,0.107365543262774,0.183171337787972,0.318274388319995,0.0601574803149606,0.0640108662627562,0.352201398852224,0.395079614983012,0.0037732145388717,0.210269834703939,0.105778029543771,0.466437482683104,0.598115333124127,0.0750687287749371,0.0108470995996831,0.45000085430291,0.278496754067954,0.378854763144196,0.3522067167842,0.0384332086738485,0.640648329151723,0.5579610984406,0.0605510773093389,0.21392514522582,0.539355611534871,0.287755831945117,0.0001394252721021,0.223031266216917,0.385882266441892,0.2629087821874,0.324667060121629,0.681437678421945,0.644154409005329,0.0013247327606411,0.0027391302480638,0.003771677056517,0.686662272028126,0.182016089501456,0.064016184517762,0.411819581559641,0.903122135889917,0.0050441585403418,0.143686796674491,0.128224283832059,0.0284333702619293,0.0051867001152934,0.71254297391131,0.568117657087556,0.433225402843602,0.187419259998396,0.395546501302171,0.41969800389565,0.129204803304184,0.0979583695945788,0.450623464404949,0.370136821023639,0.0175139868645099,0.0025060267690798,0.0680381386672194,0.0917791441894965,0.117706406928035,0.200264486435144,8.6689941602503e-05,0.368593053157123,0.385695995129332,0.0053083820820597,0.0933835134150783,0.330854911661286,0.103506123733761,0.0864355680175681,0.0408877504195762,0.0540994205116343,0.443483151076226,0.134929843752964,0.287976163435458,0.793520102543147,0.316862148410068,0.0042947731571777,0.62559349066226,0.0025967344031028,0.526391809511672,0.0,0.631339373320431,0.471704302229816,0.0402300835376687,0.0007597194873607,0.0284773324733453,0.117123478584038,0.599475184108801,0.125121776010864,0.177721160836504,0.387459350924289,0.0300227365639796,0.0146218179208955,0.07223258961529,0.0259635847718137,0.0092830940575528,0.0110350553192931,0.136067413847984,0.294021760737904,0.520738345751374
0.602979434933917,0.553259825766358,0.298865386988397,0.101718436092922,0.0120000928055789,0.0008698550139727,0.294696301051111,0.011571653559491,0.49442753906028,0.0826651001818915,0.270991962056779,0.156176683871518,0.589182655155039,0.616976760154726,0.48055719020039,0.296337994390743,0.443582441323775,0.0136597410256224,0.254732419733317,0.353849030306121,0.100017045444132,0.663252164015934,0.254851262764763,0.0003467232373001,0.528450860761545,0.552033028994032,0.477126844927736,0.45016893692311,0.103957716006282,0.303645698878467,0.279447211955648,0.0966722070309009,0.130828550932568,0.430632524586809,0.0042694031559777,0.11825346749942,0.104470783040655,0.637595788530806,0.684365708454587,0.158395936549007,0.0564692599752951,0.304534426271523,0.23648447076067,0.344576485461441,0.398997377032664,0.0097144652064323,0.405359644127018,0.39179321725909,0.0348462115921605,0.0121534361472217,0.490503285359452,0.248341311994002,0.0001884335359101,0.126660612350804,0.300961594008812,0.181431744967364,0.276118139129096,0.629134559660006,0.717915960696703,0.0002547563001233,0.0004938711179875,0.184541995140644,0.52318171830367,0.345751275914766,0.0740423863251519,0.654569332487999,0.687544526577367,0.0067910898066138,0.0753120407133613,0.241690550250608,0.126716190551555,0.0006836497627503,0.349441259620748,0.63860961655142,0.270694218009479,0.328428053419812,0.410277075078168,0.350958096791916,0.151719654284476,0.240490369831762,0.415580288341609,0.395359134875143,0.0151318162373447,0.0353426029749969,0.0320499533630428,0.0982653509162514,0.232023074241701,0.146490668148931,0.0003244305390275,0.504071745864685,0.420578570852994,0.0142906301236767,0.0737647201651087,0.124278225603486,0.0593129399645167,0.209592372255755,0.0747197179732008,0.163208716643831,0.760929425521482,0.21255382650319,0.410762084185116,0.715781256194214,0.575147535328397,0.0059452519332359,0.68950937338655,0.0011807335939595,0.565135198283736,0.180602006688963,0.501195297037214,0.66764442829263,0.12518370996274,0.0009374836147137,0.0459995895511449,0.0863235157483973,0.201475691995147,0.778933488156975,0.407602680062613,0.311311901176368,0.0151181032590418,0.0116001881542546,0.105066237388237,0.04722944746591,0.0553875922118757,0.006747598312465,0.262270694074484,0.43285579866679,0.864035997063751
0.563306621883327,0.54608908207578,0.533288469538204,0.0472233668025218,0.0889649194911603,0.0034381439831715,0.18152932680735,0.065550437148502,0.307739676452421,0.149986198891665,0.642589961671045,0.31958260461545,0.514549534889857,0.335448943294562,0.328855266825657,0.259498098048751,0.421427869979377,0.0164142298620119,0.285818366060086,0.353679057671715,0.102415626578918,0.447943810465151,0.0130618454386377,0.000184766988298,0.419471232696976,0.66921802158224,0.397534211785548,0.107711943893756,0.169246926356908,0.194704988096262,0.0629985537522095,0.149763194109342,0.318418220946915,0.485536281967503,0.0060905789594215,0.106678113756871,0.166717504030677,0.50905697401232,0.241809894275336,0.1227525323062,0.0110807948065034,0.499204430414892,0.38522663155915,0.705400461069383,0.289742924693675,0.0189375159381365,0.368387027259994,0.476872299790473,0.0676141307136029,0.35321333859956,0.45455986752867,0.359634543552394,0.0005801110345905,0.143857031655423,0.290011711385252,0.167326443420957,0.272063842344307,0.400832278005538,0.238949740261607,0.0014266352806904,0.0035279575950155,0.0108809613644483,0.400631229899523,0.181641244485453,0.0240807086965046,0.32293270537089,0.682541802227982,0.0091625279023743,0.141885296246737,0.186271580119803,0.126179571892063,0.0444972567104859,0.242127900540183,0.558154111529532,0.322682843601896,0.435802232655934,0.312849328766408,0.403948923701866,0.238362695357316,0.14504997313723,0.6628713192705,0.492429751260354,0.0185540895327087,0.0105122565968064,0.0219582340138875,0.166927365171029,0.206686871702558,0.0513885537845077,9.32573614208744e-05,0.363452239073283,0.4641370233416,0.0004098941359836,0.229148962000728,0.314988458800434,0.0619598809591942,0.131298813282796,0.136548571779169,0.111002864819659,0.40031802530388,0.271016838763935,0.231475666840364,0.654945562071233,0.273602572474035,0.0040164263802177,0.727774500570924,0.0005782736223675,0.312347331081799,0.0,0.418741718058258,0.462264930136847,0.0662929152228886,0.000658854405794,0.0240601209846864,0.0660311561212797,0.127013910442708,0.165330000688834,0.122413759226633,0.325650930836552,0.0123490354581649,0.0080364190099578,0.038116233286851,0.149631512571924,0.11646482271709,0.0035402653292895,0.132656514382403,0.745166121102085,0.365823211182649
0.482520664566639,0.527585639834578,0.375882699409604,0.0212706905128408,0.0503760283189595,0.0014385475714381,0.289898098371179,0.0795294262731003,0.750186632914846,0.0472847204037001,0.42578280983025,0.217140511026746,0.291731431091699,0.541630707131634,0.615112119428872,0.301667454982713,0.737385839143671,0.0111635364265931,0.307466285496615,0.513844271072357,0.0458620198790201,0.58143888339773,0.821495729844081,0.0131522160633226,0.618984220336432,0.237987838916217,0.450423301644427,0.42084212658012,0.172881543985569,0.410062243639388,0.0457078579463281,0.0637141886940825,0.492736728837877,0.306292688258563,0.163475065158835,0.216361203221084,0.0839034380583032,0.666075203722611,0.774971045935933,0.123399391364432,0.0038999784514809,0.409416126676035,0.134879663797967,0.36089090503458,0.630322264860475,0.0046153559909334,0.466298274508597,0.352049841464093,0.0449696422719454,0.112464554664875,0.553913365159336,0.353648157321465,4.40642583401324e-05,0.202299558899844,0.347880659408759,0.140170698853577,0.261358446023967,0.607935886153384,0.559618464820738,0.0027717485453415,0.0002848055182386,0.0043020213183924,0.651105651105651,0.593941927856752,0.0531477817585512,0.26811882981614,0.855929475570617,0.0067016334229303,0.145260710290214,0.179656619714484,0.0460774907019071,2.59555164162848e-05,0.222817476728871,0.510663049637211,0.473261800947867,0.225555268479994,0.41967956897774,0.409709158106781,0.421908064146037,0.125775261934467,0.397910053000454,0.301392178289818,0.0116088878450583,0.0026804896746266,0.0569100424914499,0.079886892121108,0.159288947087645,0.168694090591185,0.0002075304662605,0.603889772101631,0.505591419029627,0.0118616278363662,0.0682044433653029,0.11389474138365,0.0692854690093287,0.147927122040186,0.0633997880708697,0.0679238064734248,0.927093727817956,0.357069688327948,0.559081454956821,0.532033043939657,0.540804760555398,0.0101635777361782,0.676124570657155,0.0018667464083271,0.677499522079908,0.102564102564103,0.539755006254657,0.777315772954783,0.0979581812809621,0.0001039041133911,0.0154993305774624,0.0716727058750658,0.387912304957535,1.0,0.27433637012634,0.999279774765927,0.0123792434705381,0.0072072646676605,0.0809664916741859,0.0166942539607472,0.0024820183243209,0.00800393080429,0.141733259620378,0.392806499065693,0.915916572184959
0.0004077095942804,0.0583120329220781,0.0053111439886118,0.16952076363551,0.0001561951038428,0.645507328796023,0.0074620877798282,0.00265140907491,0.332632907267126,0.0824103104895501,0.392685716148415,0.667909397261443,0.40133608432925,0.232514241322252,0.484018335553009,0.368154696476116,0.774251202985368,0.0492004814394489,0.789513878744284,0.567317661856441,0.57835314127985,0.315152604307066,0.0003884927786048,0.0017650950067291,0.637060019835527,0.14621773809836,0.0373964200155786,0.0449388203193281,0.775061166788777,0.373691305969079,0.0126691306443837,0.0086903293835898,0.0047076757532281,0.154046329478357,0.0051363700803716,0.0112094730720251,0.0088892762211861,5.12390357952108e-05,0.240434999537186,0.0762815895091222,0.0066405858769185,0.189632820609203,0.100740630249103,0.153928757343645,0.524174800043841,0.71420472392685,0.305739837148091,0.554245239287237,0.0652740885614342,0.131300937292101,0.177712403332922,0.50424115382335,0.0001778978386686,0.439423326414115,0.501462610220941,0.529740932236124,0.160940186292371,0.22193006932967,0.113091996735904,0.558150673066145,0.476170425748137,0.192775408943841,0.14270589880346,0.0221446901761772,0.114182842272249,0.0159949279956526,7.36991625381488e-05,0.434279517441885,0.694219294974445,0.297085749989813,0.767124812059824,0.0006368371349281,0.015301999758222,0.137338474730102,0.535692132701422,0.0067042042710904,0.175162491511637,0.157507450014151,0.0058792035285419,0.134070676935811,0.159681382180776,0.79292414314209,0.0677828198525403,0.0005412971605873,0.130337340657063,0.11194180748402,0.290896488077682,0.339477196443787,0.0002232922738246,0.0877829935236798,0.0005998800239952,0.0,0.80331431346364,0.582456657582316,0.0211719510101299,0.0920993045948846,0.647207022037817,0.0395988659347438,0.424583865457465,0.595585120173004,0.510918411430149,0.005480894630004,0.0529463944706593,0.0581921180817595,0.191024362870741,0.0008707085720819,0.500754051700333,0.0,0.442900542519868,0.003266022744167,0.0594472008933197,0.0027460537690899,0.0474361605441379,0.0386404038527053,0.0813746790440451,0.0538372974090001,0.0307565347812134,0.225692398350029,0.322091924995519,0.0389144456226232,0.0433290952341892,0.0060751162607393,0.0,0.414812524355738,0.0127121341575782,0.191035954252091,0.0494324560076357
0.0009052123730154,0.0355167016203201,0.0020404969958643,0.139050494138444,0.0006135940286238,0.183407936012915,0.547572815533981,0.0019577264681021,0.359708890547848,0.671661016469323,0.480853179184471,0.682974661945997,0.502849844125589,0.202705413654705,0.354736426425496,0.214751724857714,0.572149661200039,0.0139223201270213,0.297099988720226,0.238420614281101,0.511013250847232,0.343007757510408,0.000173026195513,0.0004370537649125,0.641250950291551,0.158877104118509,0.0126185236861544,0.015198993839398,0.480789132875882,0.0742621116943464,0.0210702233649365,0.0086724572408986,0.0057164634146341,0.125307262439914,0.0023827958865418,0.0274540556469989,0.0070373436751056,0.0002969966334055,0.246828598713604,0.603438643948192,0.0120368206525863,0.245605679405747,0.127162063128676,0.257946010262512,0.199506857633393,0.865588838215191,0.550972031954685,0.529265172164432,0.0170409512611623,0.272056150922005,0.0947874645480649,0.547828930884972,4.85764729374316e-06,0.675003243383498,0.403407330381854,0.899886475262783,0.150871160606605,0.211737212646762,0.16717794595078,0.54012411726942,0.745799850628388,0.554139912941179,0.356085575597771,0.0021769845160174,0.0622382047305848,0.0212480753554932,0.0003823537748774,1.0,0.812090069537368,0.121690821912226,0.441770693202501,0.0009742588483398,0.0656045403355624,0.0861167244154503,0.320465592417062,0.0897249717131581,0.239144223809204,0.186175437428205,0.0005608953930092,0.134649259671645,0.127853772053622,0.630883852438039,0.0059973661916305,0.0,0.732342729816561,0.132263718625817,0.253107894971699,0.236654277136583,0.0001983360785148,0.101078354851049,0.000411857926922,0.0002175981215715,0.907527012261746,0.812137315107107,0.0108667658673382,0.0959702483235216,0.60530308549896,0.0841251623694372,0.407213962153421,0.466545366020222,0.536852700542024,0.0030921516069125,0.0189793881749972,0.0304574100028423,0.16693286785497,0.0042677912586136,0.690074130716455,0.0,0.420599570434859,0.113003443010971,0.0529391675396487,0.0015338262899411,0.0157729631475564,0.0992994518256992,0.062949691035806,0.318713651705848,0.0218000694248869,0.0970776315502303,0.124587912364542,0.77970006936195,0.0438540726765647,0.159807283045637,0.0008868464546297,0.467271818505278,0.0343837429428222,0.261142107425421,0.0545603067246694
7.7658970339127e-05,0.0921395899357841,0.0009515534619117,0.0044620840280876,0.0001972118552498,0.358979533182905,0.280943593035385,0.0022403379005053,0.281768332657539,0.0976198396240436,0.402174237835107,0.486763639465939,0.448687098926534,0.109506377123408,0.396444389382724,0.285600241602213,0.58825493469508,0.10636053073264,0.516639515080687,0.660870599833427,0.397716643623751,0.448018689909246,0.0048022930867873,0.0005292091516686,0.533189776599481,0.311937168982618,0.0,0.030595169576432,0.532681907829923,0.151880216848808,0.0869355616262253,0.0109574106839669,0.0,0.108912180499387,0.0002344627531379,0.107453268708328,0.0020698069632663,0.0,0.0707833739329891,0.695435968303906,0.0070958362798151,0.191951185131712,0.104721031434631,0.186042983565107,0.334647199660709,0.607788864701228,0.123247187033417,0.596669818842595,0.0240390907444266,0.243600156937051,0.021868338999771,0.508634358031799,3.47591650796733e-06,0.932803580695381,0.379658951857279,0.424360957686056,0.143142336609274,0.21656131275623,0.0848457458955266,0.477240072146984,0.989422178600193,0.0684747900048193,0.106769740916082,0.0547129552204377,0.0578400442044097,0.0177942819189083,2.20467580242325e-05,0.756803537746796,0.641150437624762,0.163784789665992,0.487054383951887,0.0033834869614085,0.181549796715637,0.0746488690097128,0.745405876777251,0.0,0.160737871902214,0.26135815006576,0.0052877138413685,0.107283374371181,0.169963675381614,0.595882369668632,0.0511915047098198,0.0004113165190375,0.709866307389367,0.0449194174462303,0.170723215154017,0.232705305304694,0.0004781081627774,0.0596157545498969,0.0001790686638791,0.0,0.536056816802234,0.541756851014259,0.0099260287300406,0.0733308106029119,0.247641361714964,0.0346239850056644,0.430438333120239,0.297281959189868,0.417162148319371,0.0175567529765263,0.0481907671837077,0.0398290715566838,0.128824126681868,0.0057915312597569,0.547165402833535,0.0,0.444637010712154,0.0742619000984054,0.018549429971489,0.0008537755988902,0.0237962610063815,0.0817386726129642,0.0712451680257329,0.0181655366508891,0.0187578184866685,0.154193675112944,0.428323435174612,0.0815600857855839,0.0366622918546469,0.0079668164262631,0.0009501926299604,0.694532454550075,0.100174230621032,0.108671163709132,0.0443706023979364
0.0009039989516039,0.103423563161218,0.0246449802374558,0.0554195106225354,0.000261430001392,0.545140736120538,0.204541442670304,0.0029751276247536,0.231979976277725,0.120734926712576,0.248187456027643,0.223665913065734,0.399928125624346,0.105253166346453,0.434586675751851,0.242694752923986,0.631071393498969,0.128937890490149,0.549093827375086,0.493243587782367,0.513243210384158,0.295309551621889,0.0054421635456658,0.0010570496589794,0.457876518054575,0.280883820313681,0.097082184165251,0.0978741659738654,0.31558045800008,0.0168086510053639,0.0089538807649043,0.0337890729719586,0.0064114060258249,0.131683902820187,0.0012759135868439,0.0380157295602288,0.0280840123752669,0.0140091319348239,0.170121211984386,0.174997427265109,0.0067255659521258,0.0862611005984392,0.168109122982237,0.228932847475273,0.635242796370461,0.565875259524849,0.698108270352641,0.476223322393429,0.171803067915666,0.205983815538605,0.142279845684993,0.278925434108631,0.00152545237704,0.159950700570835,0.391674938160735,0.295572143107833,0.274860793923687,0.225275816179785,0.0741176639673463,0.43136355762078,0.3533130553366,0.13139320825445,0.0314815924572022,0.0483261728323866,0.0200078427178582,0.0371312984934939,0.0001247216596799,0.34792288184584,0.691331958672429,0.269287974898466,0.31785134921263,0.0015297532487847,0.297959521279642,0.140953832730774,0.874264265402844,0.0880210792655221,0.169073257367152,0.0866365891421246,0.0009892155113071,0.155734587448348,0.116888042947112,0.485562294595813,0.146444778097451,0.0115671217144504,0.155106746813141,0.225952789299383,0.357441839151853,0.189911033604437,0.0311427047787174,0.106462390246383,0.0046378783944703,0.0038408598668097,0.446849581158189,0.493844693564972,0.104604246551823,0.04901334358968,0.718719682182998,0.0097199238420612,0.674488462765027,0.348704053823342,0.455290853297347,0.0041980888022842,0.0907604075547944,0.203457772637728,0.173919642887944,7.47578066939019e-05,0.203169141230697,0.107023411371237,0.318410946155999,0.0001935071279058,0.0482730304181488,0.0055199589184447,0.0334906720611373,0.0967989098454582,0.134180751107474,0.301059820312731,0.0435903145733317,0.110849211025994,0.395473228652501,0.134817307002368,0.035422647854975,0.0042307085993536,0.0078376495113706,0.200374442994866,0.0023805933892881,0.0537259631313198,0.0303013888655409
0.0005812288561319,0.0599382406503207,0.0359872939625968,0.0492729364996339,0.0013245510530118,0.458094084985905,0.052459279467223,0.0063561880342319,0.135711497724405,0.142795467574473,0.288314694033885,0.600811542891268,0.404682892013777,0.206910154793176,0.35613404775916,0.288572526186527,0.644662673082589,0.0450962205048361,0.736657969529818,0.528359934050618,0.641306426376817,0.374996256027795,0.0012960641437488,0.0016975752184128,0.421431631105503,0.474944146182771,0.0395946153119517,0.0737620174372748,0.206281767036314,0.0905544560135387,0.0135947292302748,0.0089450074169392,0.0024210903873744,0.114560925752371,0.0008724195465599,0.0033470089802376,0.0210248812584426,0.003130325538674,0.437932194435853,0.498206436247629,0.0037421583118101,0.109116907081744,0.238436569753491,0.209087528816836,0.467920898439494,0.777105776692069,0.134068065325473,0.293022565871206,0.122041312475723,0.0837172561210043,0.0752796519104409,0.498604770365667,1.05572867850685e-05,0.30851388168137,0.550088491857174,0.672944839526216,0.114290113161069,0.216488870763485,0.0800789515288076,0.36305829843172,0.669980678512546,0.131256031066042,0.202572861109446,0.0326403506242611,0.0238400798531273,0.0087039217462186,0.0001940114706132,0.476747669703401,0.675941057757694,0.132988549462789,0.978780070428108,0.0005647642277364,0.158385771579213,0.103526603719657,0.425322464454976,0.0153461685806687,0.195743505936257,0.0939450946443139,0.0907732707849986,0.144286914746493,0.0923629454720663,0.474894479629186,0.0291228747095681,0.0001923713494936,0.594362110063219,0.119202252099819,0.299107902175396,0.394304684708347,0.0021357249249343,0.162471836077681,0.0082998325707992,0.0008754529077181,0.433895835862571,0.453508021313468,0.0453163452183369,0.0904243770199937,0.631084813833425,0.056316245247543,0.23897064046436,0.608285329471947,0.34990580281389,0.0079407917005919,0.124086759397292,0.0659348629338142,0.175896316074527,0.0022185478515925,0.388814545763504,0.0,0.385742078839028,0.0649641185868316,0.0869413394422891,0.0012438872663835,0.0369306243708894,0.0503855802285608,0.0713015998419909,0.451196111040041,0.02306740108591,0.169231105000109,0.269894493482118,0.0947308836074592,0.0385868673611681,0.0034799400961614,0.0017852103956832,0.244060588604056,0.0082927074433331,0.150562572060909,0.0224496009354156
0.0001856534759669,0.0555062662798417,0.0051317736167809,0.144093289580714,0.0008741954087754,0.347234197379122,0.233089946240873,0.0087789387683793,0.446418353310318,0.0077427756505984,0.151359985222571,0.204909781171352,0.349289989231409,0.157102215735668,0.421860965713755,0.257710508141861,0.499931257978985,0.144526914061696,0.576335404990098,0.583448064861557,0.341185031045313,0.285605175667176,0.0020338739585781,0.0001158785556239,0.539140434760797,0.527699621979866,0.0122073783172308,0.0368330455543476,0.27154802190718,0.226314430771878,0.0157351759601478,0.0184699658642075,0.0050439383070301,0.188066705890834,0.0040022246698437,0.0063600271397128,0.0355135300013072,0.0037252676765184,0.266180975881773,0.417705561517767,0.010731769497616,0.112300253300813,0.164054139941502,0.152201978136387,0.25032897715166,0.862409419397629,0.110671571721028,0.528686655170496,0.0188637760427846,0.224566946905151,0.0904504377543291,0.523604148776042,0.000404264202557,0.187629735339907,0.378062422208568,0.542095325486598,0.128639244566473,0.293387387580759,0.10284618345052,0.307898464329023,0.58772283250117,0.100408971666372,0.160124647929526,0.0089386119200715,0.0414772828547493,0.0241765540560939,0.0001839329526593,0.419194301797145,0.455985258955404,0.1371925130058,0.467122833742186,0.0010317317775473,0.20087506654196,0.0826969266949811,0.121628815165877,0.0246919629731921,0.114814897729223,0.0863868679974029,0.0155317033373276,0.148870655613301,0.176962059055697,0.680570845909791,0.0239055855190867,0.0003939857668309,0.371852005389159,0.0361220215676065,0.164764156965355,0.255931856566502,0.000761820698931,0.0948474670711511,0.0118453921156067,0.0,0.378827242928251,0.561937771002466,0.0258720597493275,0.0734641844653569,0.920966284350606,0.102559654086372,0.135792689826864,0.329636350989902,0.400407074364559,0.0100235723194491,0.0651311493587295,0.0242494928012075,0.118188728018279,0.0003166212989388,0.316701714140062,0.0379041248606466,0.388712619571851,0.0442234582555568,0.0637833316065556,0.0022127229182737,0.0479541079089585,0.0625655796091548,0.0891058378713919,0.169098906722036,0.0190492720211156,0.0782863004430476,0.585223851441023,0.0321058128502978,0.0332171273890575,0.0023330968708126,0.0027354030256436,0.507994612087223,0.0121324822837614,0.124136925666274,0.0260620086406401
0.0018516810740235,0.0579039583236052,0.18102032482575,0.0425926202681093,0.0009110690539797,0.0851999290663046,0.113905159271443,0.0028749290259925,0.262534721301163,0.609916981025245,0.190115421496269,0.566929360576718,0.329656473154544,0.108361955103651,0.307716728094899,0.189908666369105,0.462633801433762,0.049646999200711,0.559905767662553,0.481702445906209,0.388266502769732,0.311094138437116,0.0022558698320666,0.0041948949565455,0.378862428655776,0.310901890849965,0.0736623838378833,0.0688191468951845,0.157954743271653,0.0299171040931647,0.0231271091113611,0.0335192036173217,0.0128900645624103,0.2922231498557,0.014961995223503,0.0228401822999932,0.0988278356355397,0.0074068872855077,0.121047177627821,0.355008012231517,0.0036420032231728,0.207348927209121,0.198131562392586,0.301078307429166,0.675473655618617,0.349452603675868,0.169609186202226,0.307800708312473,0.120982796763936,0.216512769505924,0.193119241813025,0.205872396256692,0.0005593203041733,0.176384924753503,0.303939331873349,0.305656041613973,0.336886402709707,0.188349181137178,0.120543206958721,0.149113957588171,0.476731447721692,0.119185551485687,0.23719062743453,0.0195640264121565,0.0311792595761368,0.0861999215046946,0.0004598323816482,0.439815686092486,0.317447956654309,0.098154738457777,0.333804008071536,0.0009995191277092,0.149391207341567,0.195058843586876,0.349581042654028,0.0865465997879601,0.282253912109069,0.152696155959179,0.0172781276291972,0.123349526861871,0.0989820222185013,0.305256519107413,0.0408911331247536,0.00091390833303,0.554811379417556,0.110450954282248,0.247134029183777,0.145284292376621,0.000471540742959,0.14330599673199,0.0046736921272461,0.0018166912940509,0.251475051596455,0.678352880266346,0.105595060951182,0.0643544394885888,0.339627296165208,0.0835602056976103,0.267696280936068,0.177880389763954,0.389116773334402,0.0019475879286141,0.20193859573472,0.137446462349678,0.228249983039017,0.0047141393397566,0.173750504471208,0.0434782608695652,0.305274479986783,0.0038158661685824,0.059834766558839,0.0023015472788143,0.0194670028438242,0.0355390380624981,0.10868767811292,0.228486238080712,0.0347320919814256,0.179859883454462,0.173450379311942,0.045547680361001,0.021198014929046,0.0035725545834318,0.0042326762607328,0.293033835414513,0.0137307131728401,0.193991279801741,0.0229557862963855
0.0018941508234277,0.0834400891673451,0.0307728318765321,0.0688249774227088,0.0005626338223303,0.394530461741667,0.222370215838883,0.0022377687056653,0.259433014888949,0.0437813621340052,0.291892244294799,0.54249029561063,0.402309906726662,0.171915075807861,0.495083160405117,0.365189073717543,0.671825591672395,0.71608904941478,0.783102899271622,0.613788180103003,0.487152683802124,0.331671009674424,0.0002448483898769,0.0010196400465339,0.473409202295364,0.5502234777103,0.0334467919046948,0.0586722730276481,0.230947430038393,0.136993374064194,0.0217579945363972,0.0196781227101317,0.0069718436154949,0.163892680816824,0.0041276349796617,0.0260600899955484,0.0266678286635583,0.0023835640355105,0.201899567212937,0.622469531468223,0.0047983392465302,0.11865306331666,0.0857237358375542,0.171438982672715,0.89620115633852,0.838102461559677,0.233441593424354,0.507029352320558,0.0963689037190442,0.150881327508992,0.188105765673719,0.531262132951327,0.000749696899001,0.451787104307213,0.501052974324232,0.548318598645938,0.162787713941136,0.227867629697997,0.079368323892898,0.562287915380147,0.507026634293708,0.198466453638562,0.119094704460558,0.0236729044721894,0.0445831773701941,0.0154816894604957,0.0008743114325038,0.598397380447029,0.400374558536425,0.165177055459719,0.640920511197278,0.0040027114244827,0.0942594701669328,0.0936934316817682,0.284490616113744,0.022415651755566,0.199280634593715,0.111592055537983,0.0169619865895011,0.138977849145632,0.13419605725826,0.612590946575615,0.0581534822469573,0.0010958812311997,0.696497046326044,0.0366668168345928,0.365807332322948,0.332660409801269,0.0001878282068054,0.216195001580939,0.0011370860156326,0.0041444851527235,0.391550321719073,0.393152221591032,0.0384772219996566,0.070114329315575,0.595078591450999,0.0612006737960937,0.28319976956392,0.444466224462051,0.41471702987142,0.0078899673809516,0.0099393842325082,0.0623594789818781,0.179394303179581,0.0052374439866139,0.319632957369528,0.0345596432552954,0.456734967748897,0.112767458708647,0.111027969961742,0.0027872922768853,0.244578654705014,0.0866394128031218,0.106472729324793,0.174383247557099,0.0317553362194874,0.18040550863179,0.306867086759425,0.181265895446826,0.0457489131326388,0.0057322456057381,0.0042269175175209,0.273328137442605,0.0211304886833861,0.138078640815299,0.0273906673864087
0.0,0.0612213408803448,0.0192918559490537,0.0421485468337351,0.0002042551357944,0.636093326729162,0.457674717162802,0.0025229493329085,0.339573377998916,0.224908523422958,0.0754056322647768,0.197725333788338,0.268139169901223,0.22105521095737,0.354751912534457,0.485047532126655,0.477324953353629,0.049174267958937,0.660621201166439,0.348409906005133,0.721687608939633,0.202833438164555,0.0008031027187965,0.0010898971235657,0.238678506238158,0.238507351224038,0.0611638743366313,0.0845217539596257,0.37032927722759,0.0167512835957892,0.0097766350634742,0.0276294389934409,0.0310930774748924,0.454213536058715,0.0057797794959596,0.0111077971344387,0.0191947361540808,0.0005133392289853,0.347283962044778,0.48648946648829,0.0085071125287945,0.136276264475095,0.104866952455689,0.200617238045661,0.596920106715899,0.595511164083184,0.321794141641141,0.232523038697595,0.0880850498004944,0.278765341055966,0.0545739602233692,0.567102034415027,4.09553640721368e-05,0.222697197716658,0.611954015744723,0.986402520680521,0.195986759385184,0.227247848204512,0.154450525145838,0.388646021216105,0.600456313488303,0.10942732836713,0.176304908012225,0.0249271935641994,0.0091572643174161,0.0084412643782266,0.0001688151757284,0.683933717883259,0.441156470046285,0.15462300158922,0.31967882013136,0.0034581090711053,0.0512823775680955,0.14648969297036,0.320941800947867,0.012412800798268,0.18127411254636,0.120698553282168,0.0242026362083471,0.0609188924033764,0.0705989290559358,0.32308021985611,0.0086395624858453,0.0030057301243712,0.0386957197637061,0.102684478678075,0.100565210065806,0.278523151725423,0.0012530637013452,0.189635234365845,0.0004745319592797,0.0052223549177175,0.333895835862571,1.0,0.0574565043209523,0.0330425989913214,0.217548192147374,0.227385422041911,0.325804970933408,0.355585309869931,0.444143072832463,0.0185193655905125,0.0536517303830374,0.145689055287119,0.215166453360747,0.0190588431889042,0.0772106459355551,0.0490523968784838,0.454428668246909,0.002232411499987,0.0155985587161983,0.0023610969150711,0.636801626159274,0.0429942085539967,0.0,0.0663543952529497,0.0192228342382584,0.022283332242083,0.247105568947774,0.043554520884325,0.0410323189237962,0.0383108693938677,0.0023668434600832,0.314013656156283,0.0031964617781575,0.119843089441669,0.026047688513577
0.0004064961728688,0.0542130149404028,0.0062118122386567,0.141164112888591,0.0007167573730717,0.227452563091242,0.384786969429511,0.0162296038044637,0.310830014362208,0.326838555342444,0.415487505738478,0.474329224075417,0.293238656853888,0.0400386141453254,0.393745934896398,0.240834993238247,0.459903761170578,0.508304563915056,0.770526876371833,0.826984855438275,0.252067294680294,0.24055770209962,0.0002415837446786,0.001088528479208,0.61622499816695,0.993573532846041,0.0300879432975562,0.117741574470806,0.319551755998554,0.0096377248085362,0.404139482564679,0.0152047253945275,0.0386253586800574,0.256977211998874,0.0091331421280493,0.0130600514884912,0.0652969628306244,0.0015162959111249,0.106882826910009,0.639394451713441,0.0060457253504669,0.137237355249051,0.272633971710778,0.274632259983639,0.246166812008874,0.614572354488234,0.261655917619715,0.384216869703881,0.0775313026444047,0.177826999208754,0.101481494530273,0.375633304198312,0.0001272055904654,0.233500908147379,0.293231029394001,0.625484048696034,0.136409124733776,0.260702633668892,0.0263634868342257,0.355466560688046,0.547889296348828,0.322471571210264,0.144623559257706,0.0491479484443932,0.032342298985794,0.0402439392567098,0.0004856585839052,0.391592787790048,0.719333362581438,0.169571182135532,0.194525500514363,0.0003687073805206,0.462616673771545,0.12100668415009,0.329871469194313,0.0222396942348298,0.205414642518674,0.326934922669686,0.153068352752212,0.150982542493787,0.147967290757555,0.592378565247947,0.0470562578112549,0.0001346021754715,0.493833557881646,0.0885847580951862,0.303110756440205,0.151264251268222,0.0004859890665594,0.0206141117004928,0.0064464718996499,0.0,0.423236615272551,0.283726549073468,0.0265767183654782,0.0419476305978251,0.926203157974121,0.147465553954104,0.12457362711974,0.371364932625975,0.392483821688958,0.0095793677657934,0.0300645582564343,0.061242171496898,0.156860918790814,0.000360596479347,0.512925083370505,0.0,0.392556452075164,0.204445000318579,0.266426452699721,0.0043647036688153,0.214879748258036,0.0837820929728391,0.137693631669535,0.453331496442664,0.0501365574425444,0.28355049215391,0.533237876014234,0.027760725191144,0.0266118448035436,0.016063687238906,0.0012496472769782,1.0,0.0198773684475046,0.279907762036657,0.0277978570863771
8.00858131622247e-05,0.0720931790635398,0.0038202072809105,0.0402569648007754,0.0005978502250535,0.568466303437227,0.279451175479419,0.0034709822288792,0.183101100092085,0.123098808858188,0.418831442238998,0.592649191656358,0.366446855056274,0.243771314860118,0.524038312633568,0.370757249731862,0.828616321319847,0.039535704463593,0.709053959847704,0.471606071422501,0.628113619187672,0.437206098181927,0.0,0.0008896188325463,0.47381440275382,0.271541340566543,0.0148856303532134,0.0716756197906674,0.622326882205869,0.120127355649256,0.186167443355295,0.0046869694207638,0.0036764705882352,0.0753894704039702,0.0031188998789517,0.0052828475696485,0.0110680203930454,0.0006101240743763,0.215203762109346,0.0225812616691904,0.0041852687039628,0.117042702330966,0.165910579598296,0.266862497211274,0.243070035882847,0.98166225050318,0.184293564425016,0.335677068847231,0.0572645483090447,0.0005996674929043,0.137724382123417,0.568138654650542,1.8804492412668e-05,0.617533731188376,0.645418117460468,0.532970211030526,0.126673680429037,0.235221833480006,0.120824264181014,0.654020563928546,0.727847733092527,0.230685841422057,0.0983600007990252,0.0169256941841354,0.0924683172022887,0.0473990882468375,5.60617561187627e-05,0.444155164629283,0.76896099765284,0.20378356718871,0.813988684023107,0.0011140014947596,0.11054130691591,0.103466431325748,0.512039431279621,0.005220815551972,0.149559351377167,0.150698386801405,0.0372256074242154,0.18121678464923,0.152078157730173,0.696415151059672,0.055519673877486,0.0003188858406021,0.671092859363665,0.133037956514861,0.318860839382771,0.494314763290749,0.0002193518219336,0.0908343154315078,0.0086848301981394,0.000242900228731,1.0,0.519907670403475,0.0192654381045041,0.112480691807123,0.727172561185269,0.0558565692153478,0.241633588018108,0.42373076947397,0.4411813173354,0.0050153438620993,0.111880444022817,0.0512060060177789,0.136772215725303,0.0009674539689799,0.439431593704199,0.0,0.33159798906868,0.0026784218313797,0.0331234339085422,0.0021073954608636,0.0523713193976175,0.0329951376629812,0.0488417369713044,0.161925192627508,0.0505688256059941,0.270390012876754,0.0913711819589695,0.140406126174968,0.0593429579197769,0.0078544967289351,0.0,0.517509022212433,0.002943492318775,0.173847356772731,0.0312832514906941
0.0001067810842163,0.109108184433477,0.0513826148129396,0.102950312879624,0.0004035385441456,0.437462163600007,0.090459760892241,0.0023148445508662,0.519375717636716,0.231016398547699,0.322913978523833,0.428422130273429,0.257064610288842,0.106065032791057,0.299931086815127,0.317424893466303,0.460041245212609,0.119815747370766,0.666294372502501,0.484489997110465,0.462810689876167,0.248180429508491,0.0024582778343649,0.0012486598690663,0.505555105332824,0.237876693254208,0.0362922895144768,0.064657010082923,0.235525135293859,0.0517167197315205,0.0177920617065724,0.0302700480760638,0.0056267934002869,0.27179092433379,0.0046947076849256,0.0261098972070269,0.0254695193690357,0.00057027149098,0.303754659177366,0.710118933858661,0.0039060484568528,0.142977202926842,0.116978397203505,0.189109838625716,0.692308163602907,0.89149480840855,0.243154216756199,0.925070923958391,0.119507575559281,0.160566548001611,0.155798263075378,0.493655004370253,2.14815958101087e-05,0.64272184743124,0.494824407997353,0.491330749126016,0.133319647943343,0.216660585116658,0.0830587968515204,0.711972527080595,0.669102056416869,0.139630517555898,0.158167036215817,0.0213229145641706,0.0570735967773559,0.0245750686833922,0.0001329104555175,0.396933165110323,0.843757540526905,0.120987897474905,0.678755836037034,0.0021591745218796,0.065517585104781,0.133056206030277,0.539633744075829,0.0324185027128641,0.259329736506302,0.266568997952287,0.0341967723019657,0.0562393200275276,0.124788562016683,0.285453422759901,0.0256083342420252,0.0008971552725636,0.0994403565136283,0.135085129498883,0.20298257065526,0.279442440605081,0.0094991160252924,0.144429236970524,0.0061599620374432,0.001715482865413,0.41589170814617,0.456567697584617,0.0468758942368225,0.0550896086252567,0.298653904902874,0.0323745380997289,0.608974368394986,0.207104782259543,0.485197903166183,0.0087722775699063,0.0122093954439612,0.0387960521802197,0.238260987554663,0.0017721997704495,0.387051551647231,0.0356744704570792,0.561317557885083,0.0136139344010836,0.0754947218161097,0.0021949118836569,0.0799007104674231,0.0366081328006442,0.0579413673429079,0.157605219393629,0.0331896805800253,0.316659027914184,0.320047849491599,0.109488236372769,0.0319744073496842,0.0034070308189485,0.003495557129612,0.774293895393165,0.0260223484277362,0.22172893170945,0.0246019782944231
0.004919210402419,0.364800419037797,0.0213488906387748,0.0334101210313605,0.0016008962367337,0.0313453553716987,0.674315975286849,0.560143566607661,0.303984281150644,0.375666168883101,0.514800518296575,0.359213837819392,0.315895420270333,0.6647543599113,0.601298510236318,0.528940081318686,0.581321810861239,0.308566728339927,0.187577086157129,0.502286131932759,0.880722213635011,0.0764519124210022,0.0096111154639713,0.319848536691074,0.177030150773161,0.125372306747041,0.0517710222266271,0.917394107991729,0.183869566964004,0.674612052892752,0.082429696287964,0.0556440226618769,0.706196197991392,0.282483773519966,0.245460692046805,0.0789135838263641,0.0553836768486644,0.444175070501118,0.284061380358195,0.303891445288955,0.492417045789086,0.0755908572502552,0.440649056701666,0.215530601621179,0.202587976285053,0.436536939812124,0.397878923145597,0.276716545215182,0.10567881638888,0.274520430028514,0.102006447407825,0.694334736532065,5.02388677890682e-05,0.314731447846393,0.766134665175172,0.398809068646193,0.109209412126966,0.231245572989332,0.27907225565987,0.789520344838128,0.0857248993420387,0.0222204785230051,0.652563872076067,0.532712436204262,0.560357734880488,0.160963680826012,0.748472947053136,0.167237865368143,0.151438458332419,0.366899390119667,0.245182796549814,0.0034555598686002,0.0477150922467747,0.26518475432113,0.541772132701422,0.0626186042782178,0.704261717671465,0.114272395824662,0.0041378782856997,0.0369897645958875,0.23570337514822,0.371896847997855,0.0222531643446095,0.0036279041285895,0.153772411648876,0.301514845147184,0.209900921152736,0.262198902350753,0.873787325930538,0.647693930301617,0.315778635317712,1.0,0.428930435838291,0.580752443067011,0.0880859039661192,0.0767737172846322,0.102473742134144,0.220281203105631,0.63260680325295,0.330546896242104,0.493415104507658,0.235363358308404,0.412202619291091,0.0957630524056414,0.275823527585457,0.422396999133689,0.0710932687610187,0.0,0.275518495915085,0.434619369119566,0.207646939190563,0.0012958200887004,0.260263664526469,0.0447235900771161,0.15071527327107,0.510534239970085,0.172438974869501,0.378554748030293,0.0291688567475637,0.0886477608846439,0.0894163727339841,3.94104201150781e-06,0.0055974984019487,0.0155004151064875,0.087666482384279,0.575453569582676,0.201512828032085
0.0114789665532522,0.342360376565555,0.011895690404194,0.0632932742089408,0.0005038017142516,0.040929047959739,0.679451175479419,0.676846673021142,0.301947424465775,0.338381943903803,0.767703712557283,0.429616516657425,0.380115551880859,0.593285877966914,0.441907733762815,0.397979690313927,0.507866051261907,0.575155307467095,0.265760709775126,0.548348715856747,0.528947013106663,0.19405756731662,0.0053376948993183,0.365453591550902,0.261288691819968,0.151169339782279,0.0598894011214745,0.825206241606446,0.174264611641106,0.62312480279953,0.0740671701751567,0.0756384822976427,0.597247130559541,0.296290525503073,0.100524542252369,0.0750735419893245,0.0806571092422328,0.272470214938266,0.0737995633749715,0.35304905837903,0.517859473305634,0.139266324660735,0.520672144649887,0.246617089313602,0.324050493312557,0.500713043497295,0.314528914679761,0.27012664330348,0.122913462414316,0.311167068413269,0.0822872443497102,0.517916125564929,0.0012172832327249,0.278613129216399,0.675999012672454,0.195054713433368,0.120540915039388,0.17765727961536,0.334878083445251,0.565130995689523,0.0464724913787281,0.0819306757131266,0.817183036695232,0.674014590121392,0.970286793932588,0.26098481417746,0.502789544797438,0.166561878921629,0.151432974312852,0.355428478287445,0.238812613753264,0.0029628685480553,0.098874459976204,0.327232521173161,0.487269004739336,0.0382473740010513,0.538785287335736,0.182879118317878,0.0035973790887999,0.0414231697828877,0.208540215077279,0.384661867639472,0.0541272783700585,0.009970959436219,0.240167374857498,0.297386973316556,0.195760064064878,0.164925311596173,0.732227905229505,0.617076789390244,0.304398821728192,0.481408011659211,0.315478936506009,0.460846210819245,0.0886975619527271,0.0571925732470642,0.150307348367775,0.170304038624649,0.759744423657516,0.228521565379046,0.42018625656374,0.270936316111004,0.555142484014439,0.124411208358244,0.337046351203885,0.402520217589193,0.0977293485418127,0.212931995540691,0.311765162064745,0.545947323584035,0.216181058399622,0.0016111869608146,0.149921330636098,0.0354603735018118,0.0529048277418809,0.200234203560288,0.153111348349194,0.293371745345817,0.0311202943468726,0.0624496727232139,0.0550365023377902,0.0043193820446126,0.0077743033360399,0.0136375188492232,0.10797775208993,0.384271836940244,0.215479932832378
0.357171805910818,0.239968166120875,0.0412869887785387,0.0531628489872777,0.0051229508196721,0.0306925819253606,0.331637647436412,0.163143872341847,0.148980434807323,0.896279362742669,0.249795587959655,0.257681397432069,0.255243876541938,0.47742863182328,0.515404806888221,0.320809100942204,0.478896199548267,0.323202440193648,0.186362199075059,0.352217293015824,0.50171095936525,0.138467068020487,0.0478858157695422,0.503282009169917,0.159853510386638,0.285192275751139,0.131252932604679,0.23493157255228,0.219898192447265,0.439319622522445,0.0242841073437249,0.0679454184762211,0.499461979913917,0.257151627764199,0.865631031963271,0.0328822781742178,0.487559370778683,0.252987994883687,0.288177034065331,0.210148336543126,0.109129591579689,0.0780555211461328,0.298299857970206,0.224271584740091,0.191170273672229,0.475208741705329,0.231071159203904,0.163735143053161,0.30841127366348,0.537211533036168,0.053982067045995,0.477807337817704,0.409201061886016,0.135109626362221,0.677185906424456,0.296479948864851,0.097036257730107,0.159235549163966,0.12199480363522,0.170788623602662,0.0799147886875795,0.0363558504262232,0.438664828908731,0.280484991782244,0.59487014954637,0.162455091628174,0.519346660073636,0.187209424989556,0.0696141443832672,0.268469594273373,0.266748931708475,0.370007473798254,0.0424998992591838,0.397453704864437,0.23454028436019,0.416012579849077,0.592200407441402,0.0777798125426607,0.05202049817709,0.0894305631838102,0.260163546212227,0.374324121205227,0.069426853102274,0.58232078413566,0.125829101461291,0.394083942473811,0.232534536724247,0.207411117592624,0.266814564960976,0.381696048538129,0.110762922042457,0.14011294860636,0.496709967221076,0.374722256178676,0.109229239397928,0.0839355835261568,0.0930890396338151,0.0988659347437973,0.295830155284721,0.423288143309705,0.248141665441881,0.485440357152659,0.172212845121786,0.050510139075379,0.153901083548077,0.276095971433723,0.0152509611504068,0.199554069119286,0.162176013810823,0.204107542766255,0.171933338705531,0.000827424500159,0.366286512846072,0.05371736504692,0.094932422900031,0.321872447624015,0.0756403790860803,0.176236932277003,0.0113662681222901,0.164858206634829,0.0726150438848331,0.342823362497044,0.644449435355228,0.0205723386591213,0.117503476235948,0.239460885007355,0.128843164100562
0.392267593397046,0.295811449233287,0.0107711272219346,0.0373363279823908,0.0032676678620909,0.0335100560743092,0.486897215758646,0.328892908251483,0.41701372178243,0.516317156547033,0.550744440128325,0.279586656997825,0.401454199561968,0.365308933358286,0.525474649239632,0.245721442418509,0.490719827162919,0.281507603908682,0.321336708636053,0.596535957710808,0.369729124065784,0.262931679995208,0.0460674083940557,0.620517803782021,0.344061497852438,0.314818214401231,0.0911728405576711,0.308944064291957,0.445843240854633,0.265926627083154,0.0383030692591997,0.094670527049488,0.399210903873745,0.308448467117977,0.625601151593801,0.018205312044725,0.766830798727614,0.172009443164523,0.186380640398426,0.351600976169124,0.635043962013906,0.189894450875447,0.378191616999475,0.436558340150219,0.0906241001206987,0.745586299057995,0.201025135838195,0.351452782258812,0.108606224826224,0.92921168000063,0.0483027110821428,0.501280474626712,0.519298968522856,0.124387000518941,0.551159847279335,0.196352699202582,0.0952195222088219,0.263259567709116,0.177053274715869,0.375092986049545,0.098169865897399,0.0833119080929533,0.48420926469707,0.257359937718059,0.77366183626544,0.150466443256951,0.689601804054714,0.184925755421183,0.196692587799153,0.427591991415493,0.252208297064177,0.542615365897464,0.117315331479702,0.656144855009602,0.42319317535545,0.719367800219167,0.446722932384129,0.20300664258245,0.039716492874079,0.0660123371088951,0.264886088320422,0.477950406441313,0.131262634311645,0.608866297290568,0.30545911493419,0.493964820893318,0.161408434808744,0.114211717420982,0.462672099236341,0.378096373128025,0.0776710329575876,0.336796348399895,0.416632269029987,0.513471923605169,0.0486536370400046,0.0604648854535642,0.151326090930123,0.0764144676358417,0.436558801614816,0.394125402315567,0.506233047846826,0.651395991587559,0.0987039067601365,0.0666679734590468,0.210256392565685,0.697255069238922,0.219694555959133,0.0,0.258433671972729,0.237414367196294,0.078890717994175,0.000873279258827,0.376625914958906,0.0588361361454365,0.0923365593521628,0.819446767892463,0.0840794325497927,0.356860690979725,0.0272254746182211,0.132002965821301,0.0635099663686326,0.805221880665248,0.417768026305939,0.0490698226055133,0.132061784858689,0.225399896629869,0.137849901409038
0.519409888899136,0.272608043333056,0.0177932864595723,0.0252609465169057,0.0036285324123484,0.0222080558664001,0.261590307309637,0.305148409539934,0.269641930068552,0.776068170397684,0.579006272257823,0.239015910932901,0.303496462197471,0.29084475847983,0.481648960882089,0.25966797460512,0.425414907198272,0.288908395141117,0.246557357648334,0.50434280080907,0.277089884475877,0.136565130140474,0.0478564339627569,0.322005063984124,0.226923833890966,0.390945499911958,0.104508352212984,0.2948881925348,0.241365391936122,0.278404038665634,0.0186983769885907,0.099050989223098,0.513114239598278,0.306960119253873,0.333149761720411,0.0169294126447047,0.738528911935161,0.189728660839333,0.184181711868118,0.168363446582673,0.31440806825114,0.165824466381045,0.329132969719767,0.379904811482115,0.0452664391567565,0.784224172557621,0.180476241784291,0.200011125326807,0.106271417667685,0.763454137246437,0.0558105941832403,0.505742531839733,1.0,0.137996237675143,0.463030360322037,0.186537417086747,0.0652125939801391,0.179615896456245,0.118510332845209,0.175486329776935,0.0624497100605646,0.0268124362112161,0.339865364255608,0.188936305181511,0.383673778585815,0.110910847447393,0.401833660360244,0.12547861275091,0.117903678680326,0.272802597085071,0.247890618817757,0.762531821578999,0.0625165692131824,0.594633625336589,0.282596398104265,0.808335486400043,0.436663756370936,0.136830539231192,0.0188103918619178,0.0888921098923872,0.32564012315515,0.488608065453098,0.0616260830907825,0.972562530798191,0.1539408228832,0.547442762447262,0.117397848575889,0.116722200673738,0.188390377941876,0.281794000393576,0.109419907063363,0.137537194097524,0.636044676459876,0.478341375020673,0.0465253534023923,0.0544258410307628,0.0918721727337452,0.0592893111977081,0.374053994739748,0.350506174634992,0.296870337461976,0.946663942483134,0.127927606046792,0.057208103419549,0.198514792851779,0.360304044397342,0.111089870218144,0.0780379041248606,0.180764652925527,0.0958827818773495,0.0621601605519549,0.0002914777738484,0.277180020913346,0.0558747561088916,0.0741090827008267,0.256187205400459,0.0594434219919703,0.13985464545276,0.0131847904671568,0.142160106514442,0.0622057255352309,0.805213998581225,0.643804456115497,0.0187314684603785,0.152480273408051,0.189843221967478,0.154011721335308
0.129240301122657,0.289477156958484,0.013134745313154,0.0433697487782643,0.0055612914559206,0.0509209150446699,0.623637968386424,0.499834286932818,0.483307248936098,0.413785537853963,0.498002059060818,0.240534487906838,0.330968306164736,0.291915129663015,0.502268714962679,0.256627961459117,0.500775802808603,0.461130665906821,0.275827445353196,0.635306715618785,0.458647080494208,0.234582322460838,0.0391071848311526,0.633956978945688,0.409441556587209,0.210624775991538,0.0519227820991488,0.592371725181727,0.663593182987694,0.418724722485156,0.041002731801382,0.0988713741890515,0.423421807747489,0.197108419165269,0.856208900860424,0.0272937156202669,0.710553836768487,0.181131889278137,0.14609328965578,0.384631216830097,0.949764635541703,0.14556360498742,0.370156232773213,0.263057931137057,0.115913644263544,0.820039422604409,0.270183323841335,0.461804898852237,0.127359019004074,0.53016904849696,0.0597037010939454,0.613300487900041,0.119331862351375,0.196737156201349,0.492245802544994,0.183135596377404,0.124959585332683,0.285923179291249,0.228641647250829,0.763453680209512,0.0896743066381354,0.0538741843104912,0.513034098399952,0.293287390790346,0.999492005775092,0.136476164598617,0.700793368335186,0.221185972226325,0.302608199706057,0.532572228032762,0.257980038775026,0.13428294989079,0.185685472325968,0.40032693667357,0.509807014218009,0.241217715135911,0.380442812688889,0.367572876954068,0.0127629197154731,0.0541723541669037,0.172048154893914,0.327693054545602,0.100327967857472,0.159602940913111,0.562143745465851,0.218537287569134,0.170248571566928,0.141601028626228,0.452692248080343,0.502077331110438,0.0616802012731782,0.606354877234176,0.312079640645866,0.360955510653138,0.0620993819035083,0.0745932097195427,0.192037446778051,0.090697046803917,0.539685805499996,0.42301308276477,0.50196633842399,0.238696417190411,0.0999359345546836,0.0664111887563584,0.213738281110755,0.810933109353081,0.425497567917755,0.0445930880713489,0.395304455136743,0.307848601911001,0.102325010264734,0.0012018409146854,0.232568139396249,0.0599083279135309,0.127211421799611,0.88996368860767,0.113250984065024,0.391737052314542,0.0448790370491202,0.107726283395387,0.0699768271675826,0.241641049893592,0.121158198434774,0.0525584114128869,0.127324052202175,0.2994685715043,0.125029652002234
0.412257497730902,0.246146131310691,0.099991985579131,0.0458676618466196,0.0073279119407635,0.0337500687934545,0.324576747171628,0.275962356157204,0.326666338243263,0.633506260041191,0.393655484897957,0.157692061596212,0.317927253582096,0.299024009973974,0.513337411342026,0.270129261625441,0.436236865363842,0.25019389830147,0.260416685928575,0.511617629561641,0.336751993675468,0.227813220714649,0.0667064953380867,0.394642669768927,0.375532066792472,0.495648460008167,0.104355043770335,0.284261687024365,0.430503241505038,0.316180477870522,0.0424361240559216,0.0907377620502922,0.417122489239598,0.36219875490399,0.698862583016173,0.031721467282274,0.710837073510828,0.211955964793089,0.219468419187119,0.300899722144632,0.188309776654152,0.241270092136569,0.331702801035066,0.328425671153417,0.105997016910753,0.593877128869889,0.246325057336802,0.361061356177338,0.196345765047204,0.614035893445516,0.0921204220762062,0.646290640007803,0.470588683594639,0.10590295796575,0.429156622709584,0.232296317210468,0.215934925970594,0.262612955847947,0.183054485178224,0.252300449390113,0.0392791511819527,0.0492716531270277,0.419188589920297,0.265606528070125,0.562612516264727,0.181384536424841,0.341979861861313,0.10944313401157,0.10057143483888,0.337868950435338,0.228431391944291,0.524215222215141,0.121177416241965,0.504580623486288,0.389820663507109,0.462218133870264,0.382845672241002,0.22932725123612,0.019157127195778,0.142775172691374,0.274854001004651,0.463881362197911,0.0786451823954236,0.601781485788494,0.189488548036066,0.338463488764121,0.118275098780694,0.14583097911901,0.244415722928439,0.525594620829031,0.0933216341806266,0.164048741979232,0.530326575209421,0.362986905592268,0.132626051622503,0.0816465158404724,0.127266127001535,0.0868669074775945,0.376790913058877,0.385584298152984,0.296531851119455,0.66090217233307,0.115801372478963,0.057306112848056,0.273176464365263,0.191507513159573,0.247052826100809,0.0434782608695652,0.301703761898179,0.139412446284073,0.130590442860925,0.0009987258762904,0.350249689720211,0.0547449595837592,0.153720267486809,0.258607964889147,0.113781494992894,0.294593945743032,0.0143508197447624,0.171308070701353,0.0705325650069723,0.678974540868606,0.808049571261568,0.0277308076786229,0.154115360774656,0.181600116622712,0.161425188854458
0.659117163117813,0.29469888764143,0.167875402470223,0.456840545612533,0.217578951031799,0.0043844361688466,0.2189200032095,0.0764926379721859,0.125021315942051,0.303836708117175,0.110053812658063,0.272523781086039,0.422499443978825,0.473225237063655,0.48405705082541,0.352419464078325,0.502622017087302,0.391530616974991,0.193350111225963,0.645437084629375,0.20606720059433,0.658774373259053,0.0919715845281935,0.0484413421839002,0.412447758083749,0.0925518669349149,0.105449108565606,0.423983713841103,0.369537313175871,0.0812322519576628,0.197769564518721,0.688577019998928,0.0397462338593974,0.240203066461709,0.0785177591903947,0.0779148181646111,0.46607695324415,0.173072178721757,0.209408434042303,0.147053851016598,0.0912503907565958,0.200671482087404,0.178381962864721,0.20447683498178,0.441209927927965,0.149964594079605,0.0165468622531439,0.111479483043148,0.375471542051133,0.544975718059177,0.463575668962601,0.464486194016291,0.0399436996519701,0.292715360664245,0.547231544064744,0.162803100264499,0.459228657206641,0.270181802571422,0.102927626168344,0.0294498282942537,0.0035997933939955,0.218601449347949,0.449771279039572,0.356751535422854,0.0675320392848867,0.436379554992,0.260774093169599,0.110775696557195,0.0725371268124685,0.361985710598878,0.232716922529081,0.0300499991309537,0.0498189846598248,0.710575799666043,0.248042464454976,0.521364361251927,0.451297320289239,0.101736394359632,0.0134716875302756,0.0697353912351304,0.181066091669258,0.209384305393625,0.126481517207828,0.0447485798892796,0.175756555083428,0.290068906124442,0.317604994883374,0.149602812229902,0.0098025308209012,0.41359341798909,0.0723347867739885,0.0206414590207072,0.236651693577759,0.313287839674401,0.184169862072912,0.467698711546454,0.0874252400180485,0.31843093293475,0.307957441826402,0.314906384566258,0.0796467271488316,0.358550327766037,0.218189042344795,0.448518587488116,0.316022781762171,0.0215918135804152,0.174281526795386,0.123745819397993,0.246801020975861,0.0610161012089476,0.324039431928504,0.307830227064533,0.215534511907903,0.440818235312336,0.090149826472165,0.274549551765875,0.255814334274281,0.444880944586307,0.0044486332888268,0.0814245509411699,0.290486834550078,0.154662252699614,0.189485686643747,0.0014105149014757,0.462342731735102,0.11992260492731,0.13099740930223
0.334662838726587,0.196476752944329,0.34104922762609,0.209141507842807,0.296066783557503,0.0099582347293818,0.0195298082323678,0.0120366778255363,0.0557719781573173,0.0983063562950748,0.0636651825854524,0.224861365866143,0.249464397681423,0.394396101963963,0.550631833245579,0.399405321022279,0.651890405577924,0.341416958581664,0.17724777224473,0.416738905036289,0.442509504820684,0.354344505346392,0.0128594374363394,0.0151344693081503,0.576117870883839,0.0545025856976763,0.0454791817974873,0.314052141288823,0.655598937161287,0.178297908957921,0.390756869677005,0.188966632709596,0.0670283357245337,0.0965542421402442,0.0533648131386384,0.0972256110666585,0.691163013638939,0.236058237908536,0.0436196079405251,0.203212978344923,0.0082552073058584,0.120605145466428,0.109512104959369,0.182546292853425,0.390613139888641,0.0525102086158419,0.119568396262718,0.187509966438597,0.400808911215555,0.132984467693406,0.339313333450772,0.500526916743329,0.0027028381333257,0.201829268292683,0.393660096737093,0.157530768340911,0.584434579559159,0.241760394084441,0.058423173167978,0.0718514668867761,1.30788003577735e-05,0.286829431713585,0.467969077725175,0.182679276837461,0.0738151257508511,0.247450412100353,0.142174503239299,0.0547599657365172,0.0389776690723233,0.364518955189416,0.420973629025876,0.0023832725966524,0.109809610461775,0.656320357825169,0.0902779146919431,0.326198515720357,0.476840762049744,0.226913280170476,0.0164367845396834,0.0664280062793596,0.119946418624995,0.0841877876674209,0.292746961474262,0.0030981608028066,0.403293087366566,0.317320193989022,0.336391436084999,0.283702932256656,0.0328962058702225,0.515469980962405,0.112499888082085,0.0266583001032326,0.1691513900692,0.137440945731194,0.492753104790248,0.402792166301698,0.0566034841762565,0.368924120832518,0.238983377152439,0.357360556950179,0.0458248155026745,0.081903391100255,0.107879433760026,0.545757661887074,0.26188332453662,0.0013148578942045,0.244801291446292,0.147157190635451,0.165294912991142,0.168089258702511,0.421552488286691,0.354555072084488,0.453409168645617,0.350858186998668,0.183318755114133,0.0428159533954596,0.529295992350163,0.301599773019926,0.0122141063362313,0.332506836537005,0.507774177672053,0.0361373847245212,0.0227067244844485,0.0029159112858135,0.274811948199896,0.0373855308321296,0.129289578496399
0.528819971945697,0.279726001254677,0.145311627398125,0.24514348055364,0.192238884874679,0.00214941326827,0.232672711225227,0.0924755990720068,0.0933808789368177,0.46994543254089,0.16470313395576,0.163775967239688,0.178423739653922,0.422267490471004,1.0,0.495685357529084,0.589295885299028,0.320376271557441,0.177342078547905,0.370098414155321,0.0782630264766456,0.336747835984066,0.0051777272845987,0.0011487488309496,0.425896554252482,0.0145401004806738,0.107106852887386,0.1498289313807,0.138446411388979,0.130769010125348,0.177239273662221,0.105128411345236,0.228725789096126,0.235738022869395,0.0023119117983838,0.0612191965493605,0.142424506514445,0.301650845823639,0.618111133938227,0.433549933108893,0.0012352460931927,0.0667840621249076,0.13195800068745,0.135659998512679,0.621655512418079,0.112024988809102,0.111194914341127,0.0901262724592535,0.716337682217041,0.12585669127884,0.467246815931791,0.486960962258991,0.0017917593964548,0.184992864556305,0.594817580732408,0.279113997266779,0.576731415668061,0.194890424778381,0.121966059146576,0.0053295017985794,0.0002826582525082,0.244393821517174,0.463294780367951,0.247066116893977,0.0037965884177316,0.273818796606588,0.246523068782735,0.042636937891108,0.0192543926996732,0.265026283261569,0.262940670254016,0.0004417072704414,0.0308478983344892,0.353161808581586,0.10935355450237,0.15524576142833,0.322654786690247,0.112257978590574,0.0203859980113709,0.0641747679230377,0.126596249987186,0.164578263819208,0.0719851701490534,0.0474198264960627,0.0330345113483263,0.455811341589775,0.452772362776577,0.322896401335259,0.0020647967908959,0.700924019873392,0.143792137094969,0.0016901807582535,0.452239893164987,0.344348407602091,0.398504120643278,0.919578662663383,0.0452196431972411,0.320581030504695,0.142577915464642,0.544044464959816,0.0217967389513159,0.19705300264998,0.272348984193083,0.17752839823191,0.41810605041379,0.0116248389409018,0.0679071348159477,0.0,0.136897757427195,0.0696554865170369,0.187025375957882,0.0867011928892349,0.126340066649076,0.187761157050389,0.113569030219238,0.0,0.592616728777926,0.268076562124883,0.0044868967711662,0.14296534294302,0.599418628496432,0.0095057933317569,0.0043075399224873,6.60781755646295e-05,0.291397363086562,0.137164212730429,0.346413212869934
0.0934273815822044,0.174278306876159,0.550415159722319,0.496676921631714,0.341448711659695,0.0042254468517057,0.0485115943191848,0.0092747933725049,0.0595349524607124,0.221058368072021,0.0233097636969649,0.243872371283539,0.201752126388325,0.511228126392661,0.62320748288785,0.467152757884826,0.54001767651969,0.139076435399099,0.168928476990187,0.432325395611307,0.203177417413601,0.3041453260251,0.0018804356342552,0.0004621455781381,0.310954690870641,0.0560311507572267,0.0665738040780046,0.279449382873953,0.2711348232715,0.04575050913576,0.23517274626386,0.478370239307991,0.0051336083213773,0.162618282958184,0.0094712047023413,0.153405396928226,0.109765131378274,0.103322566810009,0.117918106844447,0.410972346775261,0.0089229078967734,0.0866135005488896,0.141296946035164,0.127741503681119,0.502551827942057,0.101401023761915,0.030199947665738,0.0525968366987447,0.419577410374292,0.113568100313743,0.5300931879437,0.339085746854278,0.0051009182702138,0.38908277114686,0.434366351036956,0.154493638497238,0.454666290318442,0.198356908283071,0.018436395632754,0.009446363608572,3.53322815635374e-05,0.218790381013119,0.326102155370448,0.306825062714455,0.0036762739960429,0.147208888083809,0.0746345749857483,0.0407887352470811,0.0244943733959243,0.204031458415398,0.233676406583841,0.0016488705294809,0.026724947879883,0.465959975329318,0.04544,0.143412061331219,0.373950614520137,0.12174738209,0.0161231930245009,0.0569784205410048,0.0788274973602288,0.116689889950073,0.200429461746869,0.0129281634544117,0.0935070991812623,0.502571538428496,0.562560706154398,0.290739615242482,0.118237199442032,0.708083570842629,0.216682036726983,0.0039623099811752,0.38685200922666,0.131368333249441,0.28926415040348,0.16080855577819,0.0719728198973077,1.0,0.112566849242192,0.3116578246821,0.0409167635361134,0.151179988229088,0.484858378405017,0.313273416902706,0.247309528162706,0.0179792525098834,0.0665052358801164,0.26644370122631,0.0552163167317983,0.164625009144392,0.38402001527239,0.283474733585583,0.0808193340955955,0.563461860076187,0.0335628227194492,0.005609076864034,0.301529967317907,0.2019686156398,0.0089999738197226,0.198781780927856,0.307024649331474,0.012804445495389,0.0,0.0003176835363684,0.4840780017088,0.0401553202486184,0.111456039389066
0.289369457697703,0.220579547138707,0.246115232106533,0.0723071109393648,0.252584469649261,0.0086114117639864,0.009532215357458,0.0034427210856389,0.106422445971192,0.285605090131854,0.0569338465592224,0.159841957087404,0.234156537866613,0.314269057655981,0.711517019233747,0.482071916629471,0.484356280074634,0.150238194640572,0.2341459084933,0.52205394931416,0.153022878162953,0.490160841045916,0.0674116587009324,0.0011309564542986,0.489898931428505,0.027505429278265,0.0683654997158374,0.274429238344951,0.218916845687526,0.0536958953618449,0.413305479672184,0.224854788840634,0.0104913916786227,0.320197113070252,0.0119248846770412,0.161698132209209,0.225630746437753,0.31961582109606,0.342007888148136,0.301145969627027,0.002139676893614,0.131580802105002,0.148153612680212,0.164522941920131,0.30936514387517,0.437825124303784,0.0672341342527745,0.187617511264393,0.501070556197133,0.267456950566141,0.301925414413303,0.732332032139053,0.0005998222878314,0.194975998962117,0.404630986329715,0.285976459792832,0.630232737163532,0.221793234454485,0.0591976774453176,0.0236108138954276,4.45069624115278e-05,0.101277389526452,0.143464972733265,0.223840143017791,0.0057706361513644,0.314506536243698,0.226797519424769,0.0483140425424179,0.0325037839735012,0.201233343747029,0.211096383635356,0.007078903611177,0.0582939383720708,0.423959644381152,0.168765876777251,0.305584758069546,0.428962666129381,0.0773802587111059,0.0639216786069398,0.0740555954520762,0.145168620723827,0.18083794752215,0.272221709626821,0.0267274860530772,0.059513939268318,0.313732926692558,0.375486699774324,0.292452974250749,0.0015315223016442,0.493098042510663,0.186088155503228,0.0002479606501629,0.178669418477601,0.246115181890743,0.368311108567504,0.494844945130613,0.0802275745618576,0.629091858099492,0.257906666529502,0.270768651950401,0.151744318105902,0.266746359199863,0.0609946160385378,0.206437259264341,0.392265561845493,0.0140918465618005,0.120202213301047,0.0423634336677815,0.146976016508249,0.294473011655265,0.17153426118856,0.160976592492107,0.0696297164971122,0.396116943850847,0.0736011963545047,0.08177443638618,0.289508327711664,0.232108950435409,0.0048352958472038,0.155920879541414,0.180719383151505,0.0289745408686057,0.0132393506441154,0.0002338150827671,0.217776549228527,0.120797275269359,0.274752806589251
0.584332788102646,0.204544854707171,0.388252894414458,0.242782205465092,0.268384205153361,0.0037836399992662,0.203883495145631,0.116410218201718,0.0745243229109429,0.955956770682199,0.192242393291482,0.189496864735742,0.274311947355789,0.312621089947532,0.368062223185802,0.307886269310967,0.304566434253167,0.17984787591575,0.126041298764218,0.285282069586797,0.170596792157385,0.421676101476623,0.0105186868291154,0.0009133420014142,0.377392129849381,0.172963880157502,0.0992463109188131,0.326735733623244,0.266794324640221,0.0190459799787741,0.332636991804596,0.317022322306221,0.210545193687231,0.161315978577093,0.0068212303296655,0.0490038824937679,0.302257178962046,0.238135316600309,0.317173993041994,0.137442848532071,0.0142098825757461,0.0602454412260956,0.441892628070016,0.243444634490965,0.224134703294265,0.222929246165818,0.228669940123447,0.158079768593202,0.260373925124933,0.340990356769354,0.358493490936636,0.475783824516642,0.0013624081443185,0.24463868707836,0.417676314117208,0.251419059215209,0.508927150958405,0.190251454205928,0.0207982344496309,0.0036684907217755,0.0006291488590015,0.0852120764897776,0.274285371846347,0.416323058735331,0.0149947418141632,0.499912447544003,0.201925626836574,0.0400013502850367,0.0067316340184701,0.181646541068445,0.212058340587165,0.0376329496011077,0.351038266664122,0.426476856192993,0.10354654028436,0.422563099703322,0.4292760825927,0.22508199177585,0.0070545343293475,0.0708913588129351,0.192100164366335,0.160446821389253,0.532138333654871,0.0326829102030182,0.0382293501917297,0.800994670435532,0.500018209345036,0.258549233875032,0.0056808181428912,0.333872105390005,0.203654791429774,0.0008046070076715,0.364962971955809,0.0711563490979168,0.464291335202884,0.376809076866769,0.124374789892335,0.30040718399497,0.111298569033094,0.254851498921889,0.0513519411746367,0.240135761922623,0.115573447336972,0.192339583067891,0.295620156776976,0.0041886359338789,0.481573525351006,0.270903010033445,0.113747096051979,0.283716847155327,0.311353371629426,0.20987688420454,0.0983904541323404,0.331298584657314,0.0707090657712819,0.0427569104811013,0.471286914718731,0.214234269626138,0.0028496225005387,0.760701273230274,0.139429702239357,0.0320643178056278,0.001647000558598,0.0006023279849545,0.602357139267226,0.119352743946884,0.176590203414292
0.524384916686486,0.155196251398315,0.394495237780234,0.423575602434718,0.137349356658469,0.0032394073367454,0.0504693893926021,0.0144748437287239,0.20258102900105,0.164806465996192,0.0847746306321969,0.121790086593013,0.26035801480964,0.364812119563827,0.668368848143216,0.273130414121294,0.365275459098498,0.105619444537829,0.191502817169664,0.230516886781228,0.126187606190368,0.369140683499566,0.16174358170754,0.0005757430598325,0.804349923397818,0.007895088485684,0.0815422829330538,0.246983649890218,0.157308163925081,0.0599776267102659,0.323143178531255,0.416470966704198,0.0570525466284074,0.382572841837458,0.0164396558304889,0.0525312867294781,0.207067846093512,0.241394688599504,0.267300758788377,0.238690992487614,0.0050775594936401,0.230457820929567,0.212274552022465,0.160010411244144,0.50385344059384,0.0169543466102799,0.20910616158973,0.251502846229441,0.408045766408302,0.10916703954525,0.513971145207603,0.280378997538505,0.0005119096665864,0.238618967306694,0.266069018396853,0.330002097952829,0.497339046983654,0.342529889029599,0.158937859206301,0.0071229861514475,0.0005098780079776,0.145670209344076,0.530073310561115,0.198120008073585,0.203999786107695,0.290082420070646,0.451908776814369,0.0652862815259909,0.111429793581504,0.21263294440445,0.0954538260663132,0.0003390439331877,0.190504064626824,0.648457831687785,0.302531943127962,0.295737818839482,0.390890028132859,0.24840594669286,0.132414654666905,0.0399910876696592,0.12854745949788,0.125819077758053,0.0654090371501187,0.0254692734428752,0.112356202715307,0.226064891402397,0.241928957941215,0.26757109218238,0.0015880021120822,0.40832657104384,0.176105077491964,0.0038104973382183,0.120322933106714,0.275313338175124,0.386371115435243,0.333105874033039,0.0346308560121789,0.219249156272057,0.162858151994737,0.334146395442215,0.12905237185397,0.199485454587962,0.220961104882526,0.0875008575824994,0.358022774862789,0.0073504514052268,0.453301896811742,1.0,0.229325070217379,0.0181637117498944,0.156576528869805,0.22354594925717,0.0834774790622221,0.331013657902072,0.358031658248921,0.0044872614912272,0.765435575669852,0.45195224688448,0.0046057149531675,0.0449656777938116,0.365548355344106,0.016696224481753,0.0,0.0006345199166398,0.505163257442495,0.24280053540427,0.133065111127299
0.449137014692106,0.165164640843598,0.161016075910559,0.343712838205687,0.18095182064659,0.0024903230540624,0.242911016609163,0.0591402960226295,0.0928560330747631,0.137572278881473,0.0404124641090487,0.2606332380668,0.269821055422432,0.373641672040962,0.658724873788212,0.447716881288486,0.679858587842483,0.154661756501647,0.207721652172466,0.351962334064216,0.25934918172704,0.502800491209153,0.0195846065449607,0.0014270398503615,0.574497069050017,0.0397864005165151,0.0667031096836736,0.21329752083733,0.526357673156053,0.134669993976422,0.405302908565001,0.272233839114972,0.0289409971305595,0.194134048980598,0.0279555938450801,0.0468487343789047,0.428558978604732,0.314760448018947,0.173850811503963,0.15842901456903,0.110993083228879,0.102481109226899,0.115744553903225,0.168290324979549,0.432014225155843,0.178081382177087,0.0032939800206258,0.0859579833490942,0.532358019120291,0.437392483030197,0.420367467014286,0.728350033374581,0.0038799648150891,0.490626621691749,0.428269078266715,0.383103832979426,0.397223576505607,0.204890102813969,0.0677220152441605,0.0084680994160985,6.73460615437591e-05,0.264138989151594,0.443478955674078,0.292105187278337,0.0545870987291232,0.332394408719017,0.274634574985748,0.0737711351255554,0.0276339745980214,0.268391491558115,0.306453766716784,0.0039162702849892,0.0535665430205702,0.603168076539285,0.1158536492891,0.350086419643096,0.339788220018357,0.159704996087702,0.0056752415674476,0.0641837521270103,0.0916077487962985,0.117370338924525,0.173042887459214,0.0196958221911039,0.085941548346979,0.38921850166634,0.23778042891612,0.330892076707174,0.0097473644944268,0.407603540417854,0.104092614312958,0.0051312673319434,0.160641010076484,0.274083715043828,0.439910862473531,0.337041953834033,0.0342703975396792,0.468223040742125,0.240085590543891,0.425985001296262,0.0423686917948238,0.276814656920595,0.122814690699422,0.40627456361302,0.303049642209504,0.0012840752679187,0.227468722785106,0.0512820512820513,0.163747264641124,0.0819951056855698,0.264665139427707,0.260745929976629,0.187936712695574,0.687361020781071,0.148669619931717,0.1067791106169,0.500389696298868,0.300464872651084,0.0089395577949762,0.755056645592327,0.348261012222131,0.0517655868211555,0.0209445490616128,0.0023796614764236,0.263694694342531,0.105291755569397,0.0643801782046421
0.338142931334909,0.12050178964059,0.0545374979486899,0.137107672863057,0.172835061284827,0.0020424012278867,0.101885581320709,0.0129692955524668,0.0471489690663049,0.303044029074335,0.0191780598648843,0.244089920232052,0.167405096295328,0.422305189078713,0.552567596865612,0.502010761069179,0.56971422959835,0.398656240711431,0.209785295983106,0.375792497407917,0.318289761553176,0.481909126306646,0.0739833894852308,0.003885125116905,0.281475392755016,0.0325519418645746,0.061642382506113,0.217491633092452,0.546717270746493,0.152798095402002,0.226045315764101,0.315397744535592,0.0326398852223816,0.125721209189618,0.0614946727881438,0.166578348156175,0.185018955074295,0.348179685809823,0.271687327714853,0.211614795430823,0.0707307375967028,0.0837099385329056,0.112852074996919,0.135658511192087,0.309728669584403,0.0880978100863642,0.0468237720688965,0.0686173073000686,0.51567095342845,0.198274742188904,0.425271724769672,0.513346963678128,0.0001376765190764,0.396922029060716,0.595857425700976,0.30955588103235,0.543912139796259,0.15490781085664,0.0565212461693977,0.0250476394281231,7.86680081221302e-05,0.401592479684977,0.289486826072192,0.440486145151524,0.0080655223428337,0.213670259336413,0.326122573675541,0.132973538632921,0.0178449996709588,0.257776313823501,0.332100182005223,0.0009719413915169,0.0186296279800724,0.44062739749382,0.0816303317535545,0.278496209117718,0.208048833269904,0.156125659680024,0.0255538842005966,0.0759009509480432,0.0692423087831765,0.0638921275100442,0.226834648839531,0.005347114747488,0.169693750647736,0.35047622440117,0.306712604908839,0.355358599015964,0.0013042895759285,0.427786487066154,0.139011003769395,0.0074995445620711,0.235801869612723,0.201079335859694,0.685994105190866,0.220842302467106,0.0228021939394404,0.445028677853105,0.257128258938828,0.282019260561376,0.0825416761309229,0.208360397283542,0.141538433107051,0.761572463270967,0.198153725149285,0.0029177532200825,0.149812018097241,0.0746934225195095,0.0859197717977335,0.0951205525808423,0.383463609118921,0.216063891374077,0.282887214518162,0.400424912508904,0.0607488502017437,0.0166402613633009,0.379515073714821,0.321067679346996,0.0084803960069035,0.187891157547298,0.845359281437126,0.005949002916371,0.0108034022654896,0.0008530861896613,0.144172488314821,0.0642750175596697,0.119338958030198
0.256433560324032,0.152757954916893,0.328123111681591,0.154035837580141,0.175857042949096,0.0060752264069025,0.0080718928026959,0.0044035999558098,0.0426546211067616,0.106608253770534,0.0450249776572886,0.269941986947063,0.246524082313752,0.413063644674466,0.447060736519342,0.238414529886061,0.420210154178533,0.206357405848805,0.230911757037377,0.457498342766815,0.297097203630741,0.395123850600533,0.0185399200814855,0.0026829991560026,0.300836256565212,0.0768853239021868,0.0826479620042834,0.288493103962823,0.324820038603465,0.147835814473797,0.188172906958059,0.207388343788537,0.0414051291248207,0.229749748259912,0.0355947174996456,0.108702648376943,0.393873371388732,0.132460498498886,0.102392407149453,0.217590891048353,0.0486571630615893,0.101699422064081,0.218670756778842,0.173838030787536,0.374020982377172,0.0963073868679605,0.0657256761124879,0.0973911108638816,0.749405042974063,0.274411518864595,0.251582785773425,0.411471293078552,0.0016087232464265,0.138294628956928,0.398701769311969,0.218961572170558,0.47315183084858,0.13913960376913,0.0670720704176095,0.0496163370120143,0.0006336385964378,0.273694089861354,0.391382513333733,0.344352815662755,0.0211396894996702,0.302448449717719,0.107510070644112,0.067329431572196,0.0333839691140018,0.357245215359748,0.243946348025639,0.0015751754025132,0.0338616393818119,0.316446619565054,0.11166028436019,0.325171725630997,0.544717813248562,0.134300031631345,0.0360834204420876,0.124969678311593,0.127043900505401,0.10829700886818,0.658678566335903,0.0095480890823771,0.213092030262203,0.260691869035409,0.349940389407844,0.245022554645768,0.0042530610743773,0.312214353152922,0.0891403808790481,0.0035524158451915,0.216340900813403,0.138738881258674,0.419826303439593,0.377978424451461,0.0686673390111934,0.466236054022314,0.20520372087646,0.235458149696169,0.177571716793822,0.151257241194941,0.147091798390972,0.492701237859082,0.206200705346907,0.0024054423683273,0.104441470719429,0.0,0.161950104356681,0.111176924510982,0.370340098464703,0.235025603458434,0.207706665884859,0.248459227600731,0.0782144973335967,0.0334871729268557,0.288430932061854,0.276610139898295,0.0152107411636529,0.388889331813217,0.0917879993437782,0.0386616221328919,0.0212555211950544,0.0019628606767082,0.230957765827344,0.067270100852141,0.0739254768135351
0.0687925000849395,0.114869954137288,0.135873692727104,0.0628940351116909,0.0765973331653994,0.0105024673919026,0.0493460643504774,0.0077718143910879,0.0437062075812753,0.116424734417133,0.0638716319551027,0.0700411636735913,0.168720070668092,0.301401715017375,0.582924241954967,0.352202954741776,0.410802317588137,0.749325669321238,0.175598336510778,0.471691057739704,0.435967475581943,0.540315092700752,0.011576431873384,0.0118743584479573,0.530214447518823,0.030694935129647,0.0716113027036486,0.718562810428258,0.901027449014923,0.0441442216676706,0.166884139482565,0.129636480617661,0.0272372668579627,0.111551672414635,0.0345041930664457,0.0254655084551496,0.520698069632664,0.124059194370538,0.0720747364785085,0.297624998162332,0.0015205363456746,0.111776992768326,0.133953875986588,0.219919684688034,0.371820086088879,0.0789874891784841,0.0251820154847846,0.196020841445551,0.366012955562233,0.100967209866564,0.311381612556591,0.693676807821701,0.0001600001070841,0.077234691229891,0.349918335407771,0.127475143180379,0.536660593774858,0.414510399450514,0.0084157475084117,0.12522800688861,0.0001501133951511,0.167246817656179,0.460777851021753,0.307199907730458,0.0606607489795555,0.137958518250159,0.0672356829928159,0.153947684894108,0.0949064426261873,0.361231849608128,0.92526905119886,0.0012321917927266,0.102087561796537,0.22157481183591,0.0585342180094787,0.197722797858218,0.300536539136015,0.231058651172857,8.66838334650588e-05,0.0641052900789831,0.0736504703747621,0.115060874793326,0.323287395465488,0.0127537005488649,0.501269561612602,0.0875119304925054,0.222344507201096,0.197130963543019,0.017517935623524,0.765906120995969,0.0455550680908594,0.0487976438677813,0.22158552871191,0.118633464445195,0.46412321868025,0.152654139862656,0.087202829471187,0.196879244589168,0.185791048753593,0.406816126768133,0.0103104721439101,0.0649727937416966,0.121745906587653,0.732416618478698,0.292441841077316,0.0014313921222861,0.142144055736103,0.0568561872909699,0.188243267392499,0.0484381378950672,0.394303935902011,0.0501552579809111,1.0,0.0786168664250983,0.246917412036906,0.0031686364038929,0.364634569663944,0.243763504223139,0.013041805875257,0.427197856954931,0.136132187679436,0.015326712382754,0.0096113424206301,0.0094720523203605,0.10482484796703,0.0348675404535033,0.0120357554894339
0.652843774420106,0.381176188745668,0.366245040282006,0.011323872576544,0.055551182276786,0.001400328985587,0.418631148198668,0.0179740871008435,0.23576379283557,0.0724664349967797,0.219675711503305,0.206128695132876,0.354718263756341,0.518262955867048,0.321011552637284,0.236905626355959,0.525208681135225,0.0569130205615875,0.284989949906711,0.499328608094097,0.0369959451393297,0.626411477521191,0.345908746637415,0.0053623485937179,0.49843129536798,0.672251423975743,0.735875879007119,0.364943723220567,0.102752553318884,0.286177322662995,0.0598553752209545,0.0941629581970582,0.60321018651363,0.303155530026255,0.0040240351585077,0.454638852032599,0.0591964791494183,0.441113063676837,0.695915727305771,0.19531100689493,0.0206046332351004,0.408560755887215,0.367717730376865,0.372347735554399,0.557173267653632,0.0235638165721597,0.637646805301153,0.644779440396062,0.0593711097453594,0.0173575527267813,0.491898462134691,0.146289683716073,8.25368249065783e-05,0.156538661131292,0.436073167273243,0.0883826352248241,0.366872802853404,0.424858872265986,0.298875611419227,0.0009476934364586,0.0015315860836879,0.0207215464460256,0.659275683665927,0.862201205270898,0.0464235424130617,0.392310479123268,0.519022887684366,0.0051369906366172,0.140031697633097,0.322513277461594,0.100458969692174,0.000996969925204,0.378747293253335,0.674823368952048,0.31631317535545,0.375758399187477,0.482862835523517,0.536534203472789,0.113614460903042,0.203965987001654,0.356514340193891,0.47149528154338,0.0049992031471493,0.0115728986318527,0.0241734894807752,0.148029255505837,0.358459161241549,0.12352371673686,0.0001536776237498,0.324910505612885,0.166703972638308,0.054207234378479,0.0789000849823965,0.177169997195596,0.0972178503977566,0.101026048225507,0.0991746523556984,0.0319430357598297,0.293579190603067,0.357270450909597,0.312748019186831,0.321718959809145,0.449302056254389,0.0051317736766276,0.42517791783525,0.0062840532803285,0.42182289343444,0.0568561872909699,0.267878035869026,0.523653886543467,0.0831961504368747,0.0003853030728343,0.0343213423632081,0.0495958375917495,0.239355548658334,0.178575294476535,0.243478317821892,0.369082694951876,0.0271489476535423,0.01061955369173,0.058903084242474,0.0140104043509104,0.0041232601397071,0.0027727419054234,0.148915246854635,0.569344129769273,0.546295414259484
0.646872527653874,0.59778056143756,0.0542041998109614,0.0642241204463792,0.0473035007590171,0.0006130261170528,0.395490652330899,0.0183157900145673,0.60840435489433,0.0198877509855407,0.542630436613252,0.325575864863712,0.487727324702544,0.42213554534402,0.199348809118221,0.0816451156603979,0.375174310124718,0.0083127833962333,0.62109021784756,0.329576938112964,0.01674852349186,0.249273669392278,0.436463475149521,0.0092018522320308,0.507550235209218,0.747992821738593,0.291591109349182,0.167316834004818,0.12348135154213,0.198089665261165,0.0698762654668166,0.0733642521401891,0.542189741750359,0.298755601652996,0.127482306241071,0.319668816911261,0.151074120876727,0.372245901826007,0.179300722666348,0.0894613428205995,0.0128593063804861,0.239924565053031,0.291473996874047,0.530988324533353,0.474923193280629,0.0077148789139411,0.38220942940262,0.330744840629694,0.053927763369912,0.205826353614867,0.60892772209206,0.0897269404593643,5.36068365793968e-05,0.0827614167099118,0.202570202664734,0.0750714186278604,0.24593672217803,0.548651505720234,0.772532086035448,0.0018138648568779,4.95823177742458e-05,0.0026959630395126,0.782565270370148,0.97004123295176,0.0965055344633977,0.539788062675482,0.331101361544785,0.0090545050994358,0.120237129006076,0.217825077083984,0.0316778111893646,0.0004238628529052,0.764162568106094,0.557091065903814,0.424967582938389,0.415700756394608,0.618661711701628,0.492466745467561,0.0604007852535502,0.213361667516173,0.314428357122598,0.472689621832865,0.0106610523490383,0.0015493692472734,0.274238263032439,0.0552610983701192,0.34582827907282,0.18229712271743,0.0002521889210254,0.217280653071332,0.198667729140739,0.0014827034795457,0.010258589292218,0.0544090258652304,0.0533966691466835,0.0296462180755703,0.0859770150203812,0.0368052219197257,1.0,0.0555195482683832,0.56704033777374,0.309894173601645,0.343575591065334,0.0041124756201546,0.530548742414991,0.0008751060901227,0.295949361711166,0.311036789297659,0.577367244477863,0.560002548630465,0.207700661164002,0.0002078082267822,0.0059612809913317,0.050511319644461,0.295603961513501,0.691864870450005,0.242479516383618,0.493572535411074,0.0522739584780801,0.004392923486594,0.0260694364695267,0.004940096161425,0.0030175814430258,0.0233967570864608,0.165396793486455,0.578302874484806,0.665247106244758
0.0008918647374884,0.822550486542674,0.566726414386267,0.144469044025184,0.0003322771174587,0.0006420722422997,0.422755355853326,0.0075071873225649,0.324280847483961,1.0,0.0644638156733102,0.112127287463209,0.475031822002857,0.209989323215745,1.0,0.405363213842386,0.455072179122066,0.173781454510503,0.16283000271824,0.807794945013853,0.090243102246394,0.65986761314284,0.146651126955522,0.0054175505828143,0.52083695119457,0.166653553976205,0.0195747007001086,0.106627443456759,0.0795675187613223,0.0919312738433296,0.418531255021694,0.0545270137436777,0.0086083213773314,0.343661847365275,0.0053381171005136,0.0146988029140858,0.322149113251122,0.0019584698126169,0.147899391118045,0.0481983505094015,0.0,0.0132203375350798,0.0742527222377151,0.6848798988622,0.136917805747927,0.0031323568522768,0.0014622808502778,0.718755446774582,0.0582550091036539,0.0017819441036414,0.104969436468371,0.20283903888856,0.0001687006931258,0.0412655682407888,0.104714489031736,0.437242780199247,0.213425367581022,0.347877181308893,1.0,0.0035054466896966,4.78254639948434e-05,0.007285694728723,0.292942610015781,0.0665782416885326,0.0299538349107891,0.136461069347583,0.0003571574799925,0.0134226771932638,0.0850790795621559,0.544440444981731,0.0166895821793147,0.0006342879324229,0.277968301637091,0.292984400306879,1.0,0.0235916716409932,0.843612647100525,0.0703048262773237,0.0006450297019605,0.339856264715377,0.190224132805265,0.4437492129135,0.0360093609240138,0.0,0.0302492486268007,0.0890205943087753,0.181047313481279,0.138415585764155,0.150228414861283,0.536283091917756,0.380252307747406,0.0300386616197397,0.331334223625106,0.0518023686424529,0.0340990385165684,0.235470003287821,0.789807972778994,0.0255238823941114,1.0,0.157462677129506,0.525954331066366,0.0131309712222537,0.452262003030788,0.0623241955876155,0.344253906488065,0.0011829323529799,0.212026593597995,0.0602006688963211,0.100212759500841,0.0005970402848802,0.027739724713259,0.0534022903759517,0.240777116499067,0.0457134008485862,0.366976101125815,0.289979433384832,0.117059528565721,0.947598157969401,0.0135110370007874,0.0368415597668801,0.163297719629235,0.0011015212422164,0.0,0.0002532996729977,0.0013017037744383,0.236863379143088,0.0006425378751795
0.360860607001927,0.350903550249007,0.436256731159432,0.0215952057148835,0.121895156211676,0.0017442962582475,0.149835513118832,0.086039765997734,0.269710141083115,0.232941476223167,0.297265360783856,0.162692488162778,0.333879720996742,0.255005499957589,0.372096354569951,0.251883631227974,0.382500245507218,0.013120217243109,0.23691037757655,0.317559872860469,0.14316279132283,0.258783358792344,0.0736895714173784,0.0053527680832135,0.45942013884869,0.478565746405562,0.201801141915612,0.0306564558419134,0.0807210316192604,0.257235464532599,0.0846794150731159,0.0847559558915518,0.20599444045911,0.441404442253266,0.0124101680498152,0.207946736773774,0.103817159789098,0.396003734756387,0.411208665674816,0.0952720483380133,0.0067346709601838,0.552488370801635,0.297153567282561,0.587220941473935,0.249588991297848,0.279335747721599,0.254652361968384,0.575153436798873,0.0550114070511176,0.426612902167595,0.318209523138443,0.310245900855499,0.0017770785068559,0.163362740010379,0.233602747711553,0.0872532699633937,0.369536321880373,0.441423941273691,0.205135043204563,0.0013145425086362,0.0016120109455894,0.0103859548367063,0.261461017558579,0.155099333929241,0.0125037876762383,0.239317090843221,0.395813635604884,0.0028119685889943,0.175735407023932,0.0674264136591462,0.0465226121706101,0.0659650179892586,0.160413313057919,0.341197530926103,0.430779146919431,0.19690760225582,0.330214093293634,0.229377195465064,0.588504193967825,0.183431690401935,0.587044105536173,0.699476155849221,0.0993717444367089,0.0034788596596124,0.0159731578401907,0.136063665613047,0.147693396250956,0.0736011385743998,9.45708453845487e-05,0.389499030431408,0.616900500496916,0.0010373863935388,0.133337380114119,0.332289471981131,0.0455059234247124,0.121038331027723,0.127001535144062,0.0405686340800845,0.399255001721902,0.22500268737314,0.308548116278966,0.777715772107817,0.249125260265872,0.0075428056179004,0.558038183484487,0.0016688580964903,0.215807472546146,0.0345596432552954,0.320572258993388,0.199734753644188,0.0095011147309488,0.0002177716349156,0.0116977923715149,0.0425377063396203,0.392455066166305,0.0754076421212151,0.15123163678995,0.470459852899452,0.0104902357634672,0.0094475759194444,0.0473094906078254,0.0652853314416332,0.0101699405121826,0.0198463258840074,0.0502119247457741,0.316352359622036,0.387781569498378
0.502594294977891,0.558442982233528,0.128738313893062,0.0235636466114848,0.116316049399084,0.0042972977931059,0.490636283398861,0.0018703738435411,0.327808872737194,0.0322945935042783,0.372214631284142,0.336408522799983,0.336647261422937,0.532898093931467,0.539253414687026,0.433586038589736,0.678778356083669,0.0439023964008447,0.253696899541597,0.438733363928408,0.111697756782895,0.197067720969239,0.511481757162632,0.0002262825338169,0.482443242992926,0.474524540087992,0.599987301724952,0.352177527658758,0.0387603275746962,0.760863953188194,0.0757641009159569,0.046515825782353,0.549408177905308,0.352277986172318,0.0260907970643082,0.325512854574472,0.033705172338664,1.0,0.611374375483979,0.0227245997559577,0.0084919375153647,0.467266316117706,0.177206487972865,0.359894400237971,0.696897845871907,0.0023990657652658,0.475764618960395,0.592902041497469,0.0046099353897086,0.104767290959455,0.462955590395829,0.195657287994905,0.0002317853393138,0.157703035806954,0.3846481070095,0.209438434887975,0.205701675604937,0.514721822747859,0.386014528742093,0.0003464685681676,2.22534812057639e-05,0.0116361315253769,0.505882822955994,0.467402900723739,0.0090948790617257,0.281662289043867,0.724118208417452,0.0052154759543772,0.0635652708008862,0.254937449912389,0.145099707208989,0.0015214104042224,0.212620385275298,0.451453414031199,0.324152417061611,0.214229395151591,0.581350227973166,0.399520535402134,0.767149376641256,0.158269929809409,0.616790653330554,0.70048057978315,0.0024996015735746,0.0039046184721555,0.0307156181987771,0.231311688896758,0.233351756121241,0.133211372305888,5.64798104379944e-05,0.491727158754972,0.635890732301301,0.0014978847438414,0.087701833191696,0.179046790395996,0.0148586390430951,0.199527298217753,0.122246551038747,0.0561546172233195,0.771393104650998,0.601704426893966,0.410966957497695,0.585880394112104,0.801560363201794,0.0047201340768982,0.703998077371979,0.0001759007216327,0.492852439516557,0.167224080267559,0.260712997211536,0.869609233593781,0.0331618067467124,0.000303172276059,0.0495470403705767,0.0549419306884698,0.250613696001806,0.436553468279194,0.448255535979775,0.540670900718043,0.0161693420896292,0.0146457358346156,0.0742125338364367,0.0205249467959328,0.0061100265478062,0.0398612358313143,0.0952287614548257,0.448997442251879,0.679925236484446
0.704517325230914,0.551146364786207,0.182468009103364,0.0136830126966573,0.0815413017971138,0.0137372884983459,0.103618711385702,0.0052206039149391,0.193531701069018,0.165514215141585,0.596160585012319,0.425982169517553,0.287301481592244,0.509763266207372,0.546524142843869,0.216233981084856,0.809113227928901,0.018305451026628,0.303078268684205,0.263661550490371,0.33361599852395,0.539401563482793,0.13672334090731,0.0042925249207326,0.460080036738175,0.434950440274193,0.27813016351352,0.0506597599710089,0.219584467557212,0.085219286923099,0.0380138197011088,0.0908414204779011,0.690279770444763,0.228535814533252,0.014024144210951,0.101998246490927,0.050851888971197,0.287692004053577,0.519633451708233,0.201706090766087,0.0067286009548118,0.493367405781068,0.303186590830972,0.165378151260504,0.214605428242135,0.0235769501438673,0.216925516031216,0.305468098125382,0.0654164803881434,0.0902781696101112,0.216210122077968,0.166957060588731,0.0008717641781069,0.13823624805397,0.410628475996912,0.11474625554634,0.342249364912371,0.572063684560733,0.141477179271391,0.0075509767356546,6.65652376418025e-05,0.0014808458351002,0.27003056271349,0.366137077938929,0.111500276277561,0.417685596111463,0.265898389641803,0.0117643583825273,0.0627728299734573,0.123955800654705,0.0613303196961304,0.020223518710567,0.175895585855565,1.0,0.25957308056872,0.134427091221724,0.663413105285545,0.326785089982853,0.01540167758713,0.140398551267162,0.406497425155225,0.319239237734653,0.0240817319387011,0.0016071384212955,0.147878018447508,0.0809387660596739,0.738298494787525,0.131531608572292,0.0013568289344755,0.363682193767786,0.81019616972128,0.0838663643908265,0.2295010319291,0.146562448316279,0.172752246322898,0.140380642799983,0.135837880606439,0.0547637265194517,0.219790657835243,0.204961206978318,0.173469796774581,0.417551263950005,0.595962644917269,0.0069410277268673,0.572505039424223,0.0029353432922458,0.176894156630345,0.0278706800445931,0.19387751661446,0.523019088770215,0.100851493278997,0.0007244051681852,0.169837872702219,0.0265626064604045,0.22332891284106,0.092205351256138,0.124624221426092,0.427922914074947,0.0209563051170359,0.015012477178324,0.0532636781232056,0.0187475368487428,0.0155543654152918,0.0021272089595228,0.0796133420448644,0.296672276925931,0.341024486794664
0.630446442005737,0.498255024291605,0.510014845760562,0.0730970492601267,0.004547059057493,0.0082215821883045,0.0102062103827329,0.0295585866345346,0.658653135622445,0.0600383600036803,0.469661450198164,0.402587126221047,0.517225347528941,0.439945444729129,0.253755381422864,0.143519042828878,0.269488362957871,0.0421656422428609,0.382587727976242,0.316659017898118,0.0754483898775722,0.570716147003325,0.176065580192745,0.0002901526038458,0.587486638032501,0.553780138894613,0.327140859487392,0.0943995011830914,0.0938936510881854,0.0831827438831999,0.0560051422143661,0.125138062302289,0.245381994261119,0.498001195329378,0.0198966182837326,0.129708820729899,0.0848838729356399,0.255666657810537,0.704142519466387,0.0876347010482057,0.0092780032110328,0.404249729826705,0.3756574552671,0.488865918048635,0.575815192787759,0.0320196478232747,0.338972093524405,0.638323042406037,0.0551004019428108,0.192659912424927,0.545193510314091,0.172757926224006,0.000264968467716,0.096101453035807,0.235020718123237,0.135931657716055,0.297903569320777,0.563958230483591,0.489239181293087,0.0,0.0009836429104898,0.0383077732998098,0.552525918379577,0.477595801735821,0.0279575067286954,0.497092654650847,0.420585372920912,0.0032752851422229,0.183467874613377,0.259280640034773,0.0400881340508032,0.0036268199278112,0.369580939413413,0.565189267250673,0.365379336492891,0.265869586522099,0.375286365637616,0.327217939967037,0.271419830201667,0.175023673377468,0.671773071941881,0.426158083530697,0.0026254204447277,0.010098629310808,0.0141335889729506,0.252425648542096,0.201581851806347,0.0880501607992011,0.0005477228128521,0.260176048007465,0.330247383359149,0.0010323259721069,0.0414835498361054,0.174013245414081,0.0242946259943914,0.0653842097753736,0.0799553133751823,0.0635806093821361,0.706071040347378,0.122392457650161,0.628529054153361,0.436094008727552,0.603182327793315,0.0066273975556448,0.623358090618794,0.0016270816751025,0.374200811402111,0.0579710144927536,0.62700663229696,0.314003072515616,0.0247696670388832,0.0003457571903589,0.0351226948899118,0.0612716404967636,0.213523884766231,0.0682339280266874,0.235658193774029,0.304480673956219,0.0164895470207851,0.0055489559830661,0.0405001640554507,0.0138034996453062,0.0210885176419098,0.0230341742769523,0.182952203849827,0.426335528844242,0.439659031548485
0.516464915133306,0.453180038046358,0.0572891157803947,0.376298861421334,0.119476410810524,0.0016067093491833,0.0212147957955548,0.0361537097888893,0.241408254290662,0.0310772649742025,0.213093779626164,0.20612976154929,0.400098387475764,0.561462867544595,0.48878031405829,0.347383123818914,0.373838750859275,0.0134753580694793,0.42300999831728,0.326602417010861,0.161796699782075,0.425839398568305,0.0036400793961712,0.0027245147015214,0.537859229501681,0.0393230854535305,0.285448705937373,0.12185308349854,0.0672385131735759,0.0322118004761495,0.417605656435803,0.125092488338427,0.17741212338594,0.315180915659513,0.0065431465991995,0.0245085330035385,0.0703298618676195,0.181827411745505,0.29565203649228,0.0742895576366122,0.0031624727987884,0.538084823735952,0.180244887900229,0.466233360600878,0.417730523973976,0.0456172723979385,0.150291686548555,0.198394244497599,0.0606170382290645,0.425071087497654,0.132823647541706,0.275232235446674,0.0007506252493727,0.0668818111053451,0.133278715213772,0.0953941112228712,0.243185958789869,0.417142458520252,0.157583674407983,0.0067561370792699,0.0001173187912689,0.0977027133814817,0.658916122330756,0.166964620397336,0.0504607596741707,0.274114663526855,0.230612238470333,0.0130175916822442,0.0718050102002764,0.259029353037856,0.052759258526549,0.0015181659646703,0.192981228274448,0.506220321220296,0.348818199052133,0.250441007457035,0.31502831941615,0.312700817420547,0.000451265838921,0.430572766961129,0.231510495866921,0.144179012922437,0.589629169847088,0.0031877030225409,0.379858016374754,0.0891326964117898,0.22946055915896,0.117626218974,0.0002994743437177,0.240508288318965,0.594964589171718,0.234960427504403,0.0879810610659221,0.0681937483371325,0.430600068677388,0.318428545728624,0.177578204788985,0.180161865276369,0.120535607126079,0.219520446167174,0.0735227966097921,0.212342990970551,0.164093781955721,0.0344405131773677,0.120464374461704,0.0010356154986125,0.512776397119735,0.147157190635451,0.659797220976536,0.73800078818757,0.173698489261361,0.0344046100035464,0.0188122391939566,0.190370095078819,0.131302728478316,0.0330640320406215,0.392483118618314,0.616731050437591,0.0068753436161407,0.0131947157355954,0.0759638257731113,0.016607551036494,0.0035761795345783,0.000240592331543,0.715958854768726,0.469591953032853,0.335766509705622
0.381570070232831,0.278469293909131,0.185194184329136,0.0287452150019962,0.0383684779222157,0.0010945802987776,0.116761614378561,0.0754726676206944,0.131344098041965,0.092899152824273,0.177320993456098,0.13691080493111,0.421906354725175,0.294179738883286,0.277383312168984,0.193084136638487,0.218088971815771,0.0190163250744085,0.361489004069964,0.343038770757908,0.0784133196399562,0.377901578458681,0.122776776619917,0.0006692670909464,0.374949349942693,0.064098577460409,0.112532268330037,0.088641256848074,0.0147718512255357,0.200126208301064,0.0580684557287482,0.0930995657069326,0.0817566355810617,0.486329292313846,0.0053217592340156,0.196877803007719,0.146738419974727,0.174620736248012,0.213223823381338,0.0759508093088899,0.0010926009669518,0.488360122848759,0.55664167634069,0.522290473711609,0.293896239959645,0.174973103539607,0.116874721012206,0.3981680295192,0.056483487259596,0.550585299092363,0.252248665597971,0.157897152737003,0.0488801082776059,0.0328035806953814,0.296513368309937,0.0666188254993422,0.335403248569449,0.264815729034751,0.10302663496256,0.001497967044725,0.0033700359608448,0.0118665224219314,0.222928027806077,0.197687494593582,0.0069782364579434,0.353419074359207,0.162158314619835,0.0056062146868815,0.0747718647860136,0.103333288056397,0.0372393566511039,0.0984476515471921,0.290175967695071,0.625988456929102,0.239956018957346,0.325937920404836,0.325721790652727,0.153345430935455,0.32414909619356,0.524843420298431,0.549745590984114,0.92449555372297,0.0215989062146134,0.0583561088301916,0.0164524821224997,0.15891154096389,0.170878895048939,0.0229211396738815,0.0004045530608116,0.184153910445913,0.439192758463233,0.0024947877659251,0.0927886366395533,0.215662234750156,0.0492974875522234,0.0800429277734009,0.10386956004893,0.0370454397171954,0.306571102316265,0.0844752034499548,0.348925973927644,0.398524671649483,0.0854257272044057,0.0081602650174946,0.41004642134761,0.0022735168271027,0.261199260816925,0.0,0.248014862819013,0.0820706206623135,0.0276361180501993,0.0008498902544058,0.0200826761265355,0.0344426894608071,0.0696509692164442,0.0184804321941331,0.0777329499682348,0.0501756913070997,0.0211999830835131,0.0091206977652695,0.0324655483553441,0.147320091432175,0.0116326612880005,0.0022890157740465,0.0596337806369469,0.0726639012947772,0.181128438464857
8.12992345737736e-05,0.175878121719923,0.0275670635289149,0.459393967860185,0.0003782655963089,0.637330080167306,0.191494824681056,0.0138453909929167,0.47901184976903,0.151911276567134,0.140953307128751,0.132028750586529,0.367941515368174,0.150636904513466,0.510445380493697,0.326177422184324,0.462830207208092,0.0982524198226636,0.595914133186388,0.351146465419068,0.279737732320545,0.488258903165903,0.174390817205986,0.000833504413878,0.392836055894509,0.30779355879668,0.0742183205137536,0.0272750527594807,0.359614807049628,0.0930499383300347,0.0059649686646312,0.053944381891945,0.0129573170731707,0.433395270309553,0.0055616746093196,0.0514483298282919,0.014684735718332,0.0192393090700684,0.209072047644957,0.303729730524397,0.0061883704767078,0.133041660081415,0.27461525490781,0.545607198631665,0.374720122645678,0.413947196474949,0.186448504625425,0.192928000593351,0.0767690875720204,0.279738980617749,0.0546796554336146,0.598036159302902,0.0001813953447201,0.111118318629995,0.247294039797703,0.393897506181118,0.150686407841728,0.236032110584043,0.139771672945208,0.457002231665189,0.656195037317526,0.12107959838526,0.193064461357144,0.0110146766240881,0.0338038964048268,0.0488633275971379,0.0006242382057718,0.264065117495896,0.515297672582096,0.234352290786596,0.215656405792514,0.0045598280447037,0.467643110282562,0.0884032753839751,0.424427677725119,0.0107445453168572,0.0940249389957241,0.164999084355803,0.0006883716186931,0.0972534090561974,0.0770608155440662,0.311420168101365,0.0373849805819542,0.0002674712757224,0.351331744222199,0.0776720898241673,0.317460920944629,0.16846503190024,0.0107705685021292,0.130488233616281,0.0030352138527518,0.0021861020585794,0.500267087531868,0.414408162971805,0.0213007211125737,0.0166252070396586,0.775309105922384,0.0636710617626648,0.315171795877918,0.141973922995694,0.595976466291659,0.0259752932817365,0.167749824436039,0.0530662249708422,0.212793065660277,0.0134300200966574,0.542853501561206,0.0,0.567471061673281,0.0825213506797528,0.026247021308437,0.0027649803976677,0.0658281782911646,0.02482455325343,0.0345362715498998,0.0246307357731178,0.0107641322216619,0.0720443484144132,0.287390974248676,0.0263734861953775,0.0453059634156345,0.009832899818712,0.0049582779054299,0.22244794225784,0.0384647601816019,0.136395563035901,0.0442784554933564
0.0038780948313101,0.379537799686128,0.120454201401124,0.055265792895252,0.0020462801535269,0.0371713965988516,0.675712107839204,0.520662749500934,0.365474616028831,0.365750603356146,0.700686444154087,0.416033570788722,0.441728352556378,0.680987649666838,0.406634249078577,0.370730602428902,0.605970735539625,0.416873869173406,0.298418427821469,0.603844780990261,0.49500336326774,0.176865246952407,0.0036237561701794,0.33314354798239,0.335054470518772,0.156401927690381,0.0394939582536465,0.625423674617893,0.204382201086177,0.542408857528038,0.128581070223365,0.0861196003788894,0.572005021520803,0.344524624017749,0.258585153600366,0.16784839387268,0.105995903960957,0.234598874259406,0.156397098498001,0.432120227576778,0.754440967680256,0.130527873768202,0.548283644523422,0.37187625492675,0.294276784662755,0.545834523563269,0.255483553188542,0.230765237062172,0.118290963039898,0.192120605336122,0.115475540366762,0.494861844533741,0.0002608664544457,0.176002205500778,0.775603556479862,0.215389170249852,0.223196736034487,0.236697503702591,0.237448639188,0.58293336594214,0.0624641553027508,0.0140009772135612,0.586684245220831,0.823087569562585,0.328266759353332,0.238139661262567,0.50336339041344,0.0941638148928,0.170407682014609,0.377568900177938,0.213012878847828,0.0019380891409766,0.154602158610583,0.419968208918552,0.600426161137441,0.0454772235239614,0.699620169095644,0.173955749413155,0.0154373709303215,0.099832474543258,0.27329234996019,0.431250279288758,0.0409917882216761,0.0040369098806662,0.176132241683076,0.433900095024867,0.35975382566333,0.181814572408506,0.418345955914224,0.634133236634436,0.204227811154187,0.560294921361051,0.232354012383149,0.400292664686806,0.104268013506553,0.0702197877184385,0.132947821718773,0.160453626102481,0.812238193702492,0.154073425357421,0.535672452110863,0.214208243501348,0.243501053383764,0.117419215728553,0.432630401210612,0.54667525648524,0.131651054610336,0.110367892976589,0.408538703009991,0.347595437951467,0.259619111208322,0.0015928758323533,0.29896312801118,0.0378785344854285,0.110013825794983,0.36912646008207,0.152515342245044,0.392435452541522,0.0423838552270938,0.0393928038970254,0.0532124107948486,0.0015842988886261,0.0008926051978416,0.0053929957133901,0.0895528639158332,0.57007302172098,0.263457339407558
0.451188910299036,0.268937402168683,0.0066939496210959,0.0228804567124475,0.0019617607869913,0.0175484458794249,0.269533820107518,0.492756155148538,0.308724946662776,0.892266425088292,0.501479101075981,0.192152241607303,0.289796980019677,0.254773922795944,0.533775203642333,0.284779726731908,0.499617008740057,0.174364963624723,0.264449667246681,0.536501623238659,0.292898770223136,0.167999520771558,0.0554206168873567,0.355517233513538,0.295367979902057,0.407618598041089,0.0938905811319119,0.321137366502526,0.277365323069683,0.448727877692683,0.0184991161819058,0.0906930816935643,0.382577116212338,0.25538886576265,0.530174811066642,0.0143124089004596,0.72552180922916,0.202194928474102,0.241037785900217,0.17894106231899,0.433750443869143,0.141928546104592,0.368572179022394,0.381551275377408,0.0149542495406574,0.85562811853924,0.238798159065372,0.2599655114869,0.103483260060872,0.783808715255042,0.0394066975531559,0.600157214360442,0.924974565898509,0.142562921639855,0.454412251264357,0.244574243021366,0.0799107028303097,0.223601601236343,0.0964265809867983,0.28359471329726,0.0582344322258517,0.0494653150400735,0.397754739218154,0.161500533433292,0.35022191326667,0.135386287473961,0.557284091374363,0.144503284990316,0.146672845328712,0.263117860393094,0.233582436496004,0.653465582869359,0.0785523862848272,0.633785796306418,0.317688720379147,0.748298334862753,0.365339124075608,0.163583997869046,0.0758458047574127,0.0892946022303586,0.296187452800208,0.464056044621203,0.107960979374093,1.0,0.234713441807441,0.461733894751841,0.110387050634386,0.131687368482135,0.268468241271242,0.474044969409392,0.0725138554378676,0.217694269578771,0.909044555056453,0.571835877670475,0.0494620271275682,0.0748692625976266,0.0976612380598131,0.0928352817665795,0.462689586826737,0.413431807116164,0.314712130726989,0.981915690585608,0.0614720268089248,0.0527604355539003,0.207877255379506,0.405473150953602,0.15561078187727,0.0,0.199447701961366,0.148080149708441,0.0643359004762069,0.0004233486737761,0.321186001739521,0.0479996283564062,0.105569820264665,0.383956072071717,0.0695100305862473,0.317968528339772,0.0149006055699547,0.186719179775012,0.0736414157985399,0.816319854969654,0.883483348594003,0.0197455143084665,0.144891189626577,0.204911406496415,0.15231447497122
