0.67443693,0.090302118,0.428690227,0.075833806,0.030467916,0.674734707,0.545809362,0.026523233,0.014986037,0.739911146,0.023596478,0.076764435,0.059579121,0.085872055,0.031828747,0.11246313,0.019851062,0.103736261,0.217206966,0.09436228,0.038966392,0.026812507,0.043520125,0.062769597,0.337774124,0.048432657,0.036487499,0.073957547,0.068937618,0.085976898,0.014095002,0.08493203,0.610868852,0.054214345,0.04990651,0.934273459,0.04585702,0.032791673,0.041706078,0.026778586,0.090596812,0.083638929,0.043624954,0.156003819,0.028465912,0.796299175,0.897379316,0.028164922,0.612573164,0.203954386,0.178719798,0.073614665,0.068362583,0.169863064,0.770727692,0.545443698,0.507661416,0.102701348,0.03801825,0.073765784,0.341739425,0.858282147,0.120036706,0.891572835
0.825268715,0.064074281,0.440281152,0.074516744,0.029710494,0.048411165,0.490753612,0.030646271,0.013835372,0.763211411,0.021280503,0.058852223,0.035974363,0.068501422,0.035294415,0.059811785,0.023014595,0.088950552,0.571642462,0.122156988,0.040982023,0.028682219,0.041939495,0.038918794,0.141619391,0.039776869,0.034890164,0.089410688,0.054133045,0.043463993,0.018577857,0.078761937,0.052040871,0.047529618,0.034846559,0.930520429,0.039497959,0.031955291,0.026263002,0.037420508,0.062041245,0.046151122,0.047284136,0.098169881,0.029217331,0.93696666,0.929499418,0.035727778,0.598591787,0.072734706,0.12740523,0.042735464,0.077362357,0.093017437,0.85892744,0.065592267,0.554990271,0.052479503,0.031890717,0.061942381,0.201730329,0.915599394,0.063668606,0.923992827
0.763530287,0.037147551,0.334997242,0.098569971,0.025122097,0.428190235,0.474477064,0.022021418,0.012477293,0.629501849,0.017658054,0.04532391,0.036947317,0.062156616,0.043344722,0.043288665,0.022849872,0.064444322,0.480308876,0.115925581,0.249962846,0.02426363,0.028737958,0.047828356,0.260815281,0.04040952,0.073662502,0.072514048,0.074833578,0.053688663,0.018425065,0.070711104,0.457041773,0.027989913,0.033130381,0.921248095,0.045306679,0.029170548,0.046494868,0.039504148,0.060446188,0.034904878,0.061880894,0.105027123,0.026531931,0.919671586,0.905027174,0.028578178,0.863280038,0.046079402,0.041489213,0.048811398,0.040245846,0.07029542,0.881702394,0.496559979,0.346246616,0.037244007,0.023610234,0.045531055,0.156773911,0.766242545,0.043343124,0.901752079
0.803594478,0.035081172,0.360089704,0.044031834,0.023603861,0.557202607,0.363827334,0.025216426,0.013376354,0.799436252,0.015606677,0.061985122,0.025181743,0.06717298,0.051707766,0.084876984,0.027091013,0.039243941,0.422319928,0.149210568,0.033105273,0.024850673,0.03369403,0.039044615,0.121353574,0.047089749,0.065936004,0.071763743,0.05363823,0.046715186,0.016119152,0.076981698,0.542158348,0.020687749,0.041309611,0.9159107,0.042448105,0.024204346,0.064671404,0.03066647,0.072956121,0.059284754,0.051927296,0.106659776,0.025969178,0.903470358,0.925109285,0.024152176,0.094881865,0.129975011,0.079013773,0.039263035,0.050356349,0.063617818,0.863154926,0.555609147,0.241942759,0.052562016,0.036850137,0.044323548,0.179303295,0.815877024,0.066311924,0.92371267
0.610644474,0.032658235,0.087618153,0.082120461,0.021159385,0.59490012,0.245694015,0.023985565,0.013401728,0.890691216,0.018113785,0.116341364,0.034618866,0.087133981,0.033842599,0.068497769,0.018527579,0.072102199,0.165537671,0.151575075,0.025464465,0.02147749,0.032297971,0.043153463,0.172151985,0.050103321,0.071690115,0.066332414,0.075340765,0.054325195,0.015410985,0.063571026,0.450390227,0.028260107,0.034122824,0.869062579,0.062663184,0.029781371,0.057536531,0.045007585,0.06857061,0.036535319,0.047057661,0.180712834,0.02838091,0.942245856,0.83437223,0.021731982,0.082989677,0.089119209,0.066901753,0.051280986,0.052045418,0.157678273,0.625832097,0.59345791,0.608385403,0.046873423,0.037323334,0.041603399,0.445738842,0.855670054,0.082999514,0.899579137
0.705050881,0.034852586,0.269756866,0.078823151,0.020660743,0.05837063,0.451852851,0.021913642,0.011534752,0.72331232,0.01773357,0.080776593,0.031744137,0.067757438,0.031540647,0.06985955,0.015003883,0.071251822,0.141892314,0.215610901,0.061487299,0.02441929,0.03024286,0.048097304,0.299150342,0.029932367,0.064367303,0.070278285,0.100154468,0.06615189,0.022779854,0.069284652,0.03629319,0.026211715,0.038509482,0.918403538,0.043462738,0.029471231,0.052960652,0.034224169,0.067966911,0.040787358,0.042465368,0.135331227,0.022428952,0.928218016,0.892490369,0.023937155,0.833897686,0.083344296,0.037982306,0.041108397,0.053879587,0.077213478,0.659545577,0.059029464,0.391447312,0.062009481,0.027813273,0.051274984,0.262570711,0.859994313,0.059263935,0.932677246
0.790743908,0.042540187,0.647063914,0.101382236,0.02873662,0.047224231,0.665881959,0.030163632,0.013215992,0.752383595,0.018983871,0.047826215,0.030348088,0.065996061,0.034157488,0.025567761,0.019243118,0.040642346,0.114989282,0.148059168,0.041248856,0.032064376,0.043087993,0.036409155,0.233806749,0.040432762,0.032488103,0.069000775,0.041397577,0.052123767,0.019817021,0.065011792,0.043973175,0.031236121,0.042005841,0.898924929,0.040729735,0.036428067,0.049246843,0.031533627,0.047381167,0.0476575,0.055831447,0.05917643,0.030083428,0.914792654,0.877789683,0.026792152,0.754893039,0.077716313,0.053350567,0.052600812,0.063934484,0.079035491,0.83719709,0.071838534,0.752282489,0.054441662,0.032362693,0.050579164,0.151520308,0.87211568,0.048960048,0.92818678
0.775953062,0.063619546,0.291868987,0.082485838,0.029661403,0.552303081,0.244966113,0.028265388,0.012680953,0.686619217,0.022488221,0.060264001,0.054231366,0.063973034,0.030990076,0.035505378,0.024336636,0.067652273,0.159021083,0.148224152,0.03787904,0.029382905,0.043468646,0.028523102,0.150997942,0.037816807,0.036498952,0.088680019,0.054395485,0.080978232,0.016845439,0.081657401,0.51311965,0.036120964,0.074378953,0.882169573,0.0414853,0.050487589,0.043375881,0.048997441,0.083389502,0.05818437,0.059047204,0.079318108,0.028719391,0.941395947,0.916552447,0.03446804,0.652331297,0.146458169,0.101296886,0.045900799,0.071196402,0.052012571,0.83000573,0.388154032,0.421246383,0.0499328,0.028777245,0.05065378,0.218503646,0.833041928,0.302480565,0.913162695
0.522041065,0.049326601,0.35699101,0.088500872,0.029851185,0.486545838,0.515429941,0.029577106,0.012733631,0.570137278,0.021208533,0.082690526,0.039353427,0.073387441,0.036815008,0.037017688,0.018822856,0.051478632,0.194505015,0.111112683,0.036663254,0.031556212,0.053916629,0.040641409,0.13340521,0.04878246,0.035835082,0.081267165,0.061093756,0.063037125,0.014626484,0.065908473,0.36572932,0.037016266,0.048693459,0.917637476,0.060873531,0.047532374,0.042488295,0.037795841,0.070388947,0.0672315,0.050084007,0.101724865,0.035925984,0.878003157,0.900147599,0.027626154,0.074391035,0.090888548,0.125138683,0.055809954,0.067672558,0.099314858,0.583722771,0.494074986,0.642617552,0.060924553,0.02952536,0.060601037,0.340552562,0.866284034,0.110854521,0.925500384
0.727444708,0.06999026,0.441991829,0.159421496,0.026517898,0.652467657,0.610153382,0.034907441,0.012417367,0.764567831,0.019785517,0.086750085,0.034887667,0.074623421,0.032279228,0.06330584,0.021602603,0.080863989,0.505829864,0.247322666,0.5554797,0.031538527,0.038180335,0.032009147,0.574769279,0.033460173,0.053122795,0.08522959,0.058875623,0.067561942,0.018321875,0.06746461,0.210939882,0.033181516,0.043074571,0.908036983,0.140722633,0.063483757,0.056274568,0.525678115,0.066503844,0.048393087,0.056388527,0.136235454,0.029394473,0.94948541,0.89984628,0.031583106,0.728965326,0.104222169,0.070898282,0.045855169,0.068735376,0.400375376,0.760234454,0.265231611,0.466167757,0.053632811,0.041360737,0.045636477,0.435717039,0.843517371,0.233268141,0.905151841
0.739684506,0.049538771,0.386349939,0.077077189,0.021724842,0.422301215,0.355179447,0.027546702,0.014828809,0.881073665,0.017078072,0.043415734,0.090365116,0.074791987,0.049018645,0.023126565,0.023687124,0.079584177,0.195242731,0.166806713,0.040742067,0.047543284,0.030972808,0.04839631,0.394992787,0.033898512,0.066749225,0.062035723,0.026806266,0.066234754,0.019733524,0.069326114,0.502112719,0.037763092,0.045002023,0.904031835,0.042537403,0.043060151,0.060692208,0.028717455,0.010717835,0.041484787,0.037383142,0.08853833,0.031775918,0.90664955,0.863433343,0.038053656,0.567777597,0.07925235,0.040763273,0.047702899,0.063827664,0.034829899,0.801519484,0.528714167,0.565155065,0.085208486,0.035238209,0.04063743,0.420194267,0.850321504,0.059498635,0.913435188
0.643085022,0.05232464,0.37193066,0.094221762,0.025669861,0.624917845,0.433496909,0.026987269,0.014233585,0.809360856,0.016973871,0.149641863,0.039245584,0.104409821,0.041822893,0.106265724,0.020573404,0.092674304,0.236627675,0.110600726,0.064897279,0.021425371,0.041515002,0.055059387,0.313147171,0.048484743,0.044504475,0.089363816,0.070109977,0.043828529,0.014795511,0.056604282,0.04991333,0.035987052,0.050461188,0.950035527,0.085611767,0.033928892,0.043464061,0.027788382,0.1144159,0.060838962,0.048929957,0.190593127,0.032282832,0.90325419,0.80347501,0.023053557,0.57185915,0.162211529,0.161940275,0.040444514,0.075505173,0.207173162,0.736020166,0.084694679,0.671710469,0.054620818,0.049516941,0.05797902,0.601265977,0.854171698,0.150566,0.948332125
0.50643284,0.048568751,0.369764135,0.108292766,0.027715532,0.058563173,0.536619248,0.026101852,0.01251874,0.844888707,0.022241257,0.042140141,0.041761423,0.091905639,0.048126564,0.032993222,0.042629901,0.042729952,0.244757308,0.107748527,0.053419174,0.021295363,0.044712712,0.027734032,0.21843465,0.064811428,0.078581737,0.078338709,0.069142043,0.042294525,0.026222408,0.110816573,0.053705779,0.03946987,0.097378555,0.936634534,0.117817119,0.046152977,0.054222452,0.029023371,0.07137158,0.05922728,0.072270742,0.057986505,0.037925655,0.918262944,0.906041753,0.05097569,0.866674179,0.112944162,0.092186592,0.04678849,0.07492798,0.089516126,0.915308143,0.073109537,0.910901692,0.04948052,0.022367194,0.080224422,0.113086268,0.867982394,0.076117117,0.926021203
0.661414477,0.058943222,0.318709425,0.097924598,0.037140534,0.062089185,0.371269644,0.035586911,0.014275242,0.811559565,0.01769999,0.098057615,0.063560852,0.108491077,0.042548805,0.062700384,0.01446067,0.08186726,0.141046133,0.144990148,0.060178055,0.023703093,0.04392336,0.057670916,0.185054565,0.055032345,0.069096072,0.097273729,0.074877347,0.052723647,0.016910377,0.070884838,0.044375841,0.036486956,0.037252288,0.930748756,0.099425905,0.039550333,0.064862804,0.040563637,0.096630738,0.100525543,0.048999874,0.197838569,0.036474403,0.909112012,0.796874308,0.024357309,0.606659323,0.142811723,0.146724698,0.052281698,0.060765083,0.140887106,0.711911453,0.073914803,0.603862684,0.057783977,0.06288261,0.051879861,0.342516314,0.878141758,0.159034632,0.934895918
0.876739382,0.040268435,0.567145251,0.084475749,0.034364942,0.034106344,0.767888077,0.098546383,0.020426683,0.902846065,0.022093594,0.044634125,0.031147007,0.061085124,0.040475692,0.018260491,0.468743122,0.070652454,0.180962444,0.119632655,0.026099403,0.038540153,0.043519497,0.090029338,0.549185468,0.051836073,0.052919609,0.070667458,0.034571749,0.041189948,0.03830428,0.176754211,0.146007784,0.349591797,0.090800173,0.904588397,0.075102197,0.03771488,0.030252653,0.036260429,0.07907481,0.253777111,0.067494821,0.086408498,0.030079343,0.925841344,0.885024459,0.062571692,0.884527083,0.130446038,0.086778245,0.047474527,0.0783149,0.208340586,0.793188728,0.090929718,0.273995341,0.071639736,0.028658397,0.055632613,0.227162052,0.877725762,0.099024971,0.905209676
0.468531092,0.053442876,0.570489772,0.083126387,0.031462371,0.256205655,0.581449178,0.033426144,0.012247374,0.776702708,0.016512339,0.063198926,0.029919633,0.082843878,0.03544801,0.043977133,0.01917267,0.023597698,0.232113507,0.113089107,0.414597602,0.028762347,0.038655067,0.0443216,0.322167722,0.032360744,0.064659256,0.061131514,0.055881222,0.082069103,0.015005313,0.077665899,0.186704766,0.026157586,0.036431612,0.925345319,0.051973046,0.035149903,0.042816242,0.036111942,0.068590204,0.055586526,0.045716274,0.077440863,0.032115193,0.941659431,0.940622966,0.035386866,0.377125268,0.071394158,0.061721214,0.049422391,0.067500403,0.077482254,0.831279274,0.243597251,0.379172187,0.059064407,0.036140717,0.038292922,0.156888931,0.917491258,0.066805914,0.919294493
0.610818523,0.106528792,0.590574043,0.095369999,0.021580218,0.711471341,0.525773792,0.039188292,0.012958406,0.752678281,0.018316336,0.111331725,0.028499005,0.058437983,0.03888354,0.049887395,0.015986791,0.059079524,0.135865779,0.111539235,0.030045262,0.028653772,0.030338662,0.03361195,0.260222116,0.040150688,0.043877701,0.062916354,0.072550797,0.042574994,0.019737655,0.050678319,0.036276161,0.031178489,0.071969179,0.928933496,0.037331004,0.041201444,0.044108036,0.034338161,0.077703453,0.030556328,0.062508967,0.104235394,0.025076615,0.944897847,0.863538178,0.031396657,0.794980006,0.146966036,0.092278754,0.056908431,0.045892142,0.135466345,0.611027133,0.119804541,0.526176128,0.043415871,0.030303814,0.030803752,0.371417609,0.875645892,0.104626921,0.931572003
0.69984059,0.153721067,0.159214111,0.100026213,0.029854062,0.371258128,0.419207661,0.043561347,0.014600645,0.796095869,0.022428644,0.05096435,0.036272481,0.068239424,0.045267245,0.025574088,0.020610124,0.053866515,0.128541663,0.155424835,0.032998272,0.030755496,0.037962256,0.060960848,0.144495369,0.032489372,0.04053867,0.072682506,0.053036481,0.06880317,0.018633255,0.064833218,0.468168867,0.032407025,0.061102136,0.924771233,0.039638761,0.053754482,0.045851023,0.029865201,0.050350771,0.025497357,0.065385672,0.0519244,0.028345822,0.914170968,0.83176689,0.03233438,0.53398994,0.084556198,0.085588536,0.042721302,0.050498572,0.085907015,0.676318796,0.562345586,0.660948167,0.046618938,0.034612427,0.042079445,0.386824712,0.881915774,0.057695249,0.925307525
0.729388359,0.054031148,0.208042091,0.073754595,0.028151413,0.058831916,0.425861884,0.029658117,0.012804852,0.81240653,0.015331873,0.050060179,0.026485944,0.081096289,0.037979179,0.080226189,0.017090797,0.086446727,0.375456559,0.125535938,0.062847041,0.02481208,0.036849824,0.031464563,0.186668691,0.076471556,0.036955307,0.081546724,0.058077236,0.049112296,0.021767171,0.068683809,0.0472217,0.036407028,0.047612159,0.941087971,0.046935314,0.03207694,0.050437366,0.026976126,0.086690058,0.032450215,0.053367516,0.111977624,0.030542686,0.876714885,0.939095482,0.029369695,0.066664808,0.115211999,0.069084644,0.041668394,0.055204634,0.068784525,0.638795036,0.098322375,0.703163337,0.053574855,0.030135618,0.068801481,0.286185428,0.894422063,0.08130141,0.926537479
0.724901127,0.055556491,0.304859571,0.119505236,0.03311483,0.417315868,0.469307359,0.035525721,0.013781883,0.846776956,0.017018319,0.124518257,0.036668924,0.101342292,0.061050668,0.083156662,0.017153745,0.113280883,0.30021832,0.126748606,0.065664877,0.03094331,0.037080391,0.060751383,0.344223146,0.465559582,0.062075677,0.08687306,0.080768124,0.075418658,0.015239462,0.073373345,0.415385083,0.024786291,0.042946328,0.931229545,0.085644263,0.034286692,0.067006774,0.058338773,0.086514239,0.059127281,0.051695929,0.188836785,0.02185742,0.955034185,0.887406221,0.030994994,0.24142959,0.159211035,0.136077238,0.044125768,0.073740071,0.172023361,0.73668143,0.476306734,0.72744549,0.056083792,0.027479051,0.04528623,0.370888255,0.884053251,0.136279038,0.944117398
0.818240467,0.076270238,0.741683896,0.06684486,0.025841944,0.859655687,0.745406553,0.028103945,0.013066432,0.951694235,0.015422558,0.04889597,0.027886942,0.089539674,0.028456826,0.052821353,0.019230208,0.033299312,0.405417161,0.197721,0.021690569,0.018529869,0.037692052,0.03650321,0.600265793,0.032246304,0.038014364,0.088708673,0.056911716,0.05693262,0.02504727,0.074296293,0.040097307,0.031190418,0.05088884,0.927215205,0.04285284,0.046791893,0.055712903,0.033406951,0.060417456,0.058518607,0.056234241,0.056239371,0.034283852,0.959926563,0.905548549,0.031083729,0.893472144,0.090780344,0.084695621,0.047384051,0.060658874,0.569428886,0.929812897,0.111267192,0.396052096,0.053757977,0.05089892,0.047233147,0.203242037,0.922775251,0.658517268,0.93963031
0.509487039,0.061767078,0.472094136,0.133487673,0.028257068,0.428553611,0.371430946,0.201076469,0.014633484,0.824530461,0.018831515,0.118956081,0.041182373,0.106342336,0.052038559,0.075642682,0.015885832,0.068138852,0.241755553,0.175121812,0.027648386,0.030755657,0.041369467,0.052635097,0.412398035,0.048966105,0.072796774,0.093433016,0.083413835,0.068886155,0.021247348,0.094709702,0.419041249,0.02870045,0.045914966,0.934051131,0.094864979,0.039504683,0.067571367,0.097666957,0.080400576,0.148493118,0.069569248,0.21359801,0.045375793,0.93015441,0.848991585,0.024099179,0.613798624,0.085606193,0.096283449,0.051191589,0.10254933,0.208842812,0.769297492,0.524859966,0.79730902,0.058169334,0.029764369,0.042479753,0.564828567,0.894643809,0.14313454,0.904809084
0.777957378,0.044979405,0.418643147,0.10487126,0.025503655,0.43635737,0.379517225,0.033386514,0.016890553,0.680504754,0.01712227,0.071251888,0.030725781,0.081606066,0.041253541,0.114829849,0.018780384,0.085140238,0.215336873,0.15028741,0.059097374,0.024588093,0.037301783,0.046781437,0.178029139,0.044028212,0.066534141,0.083900769,0.08206664,0.069960535,0.01423947,0.095919309,0.035352678,0.030280542,0.049866537,0.932590156,0.047151817,0.038005719,0.057077223,0.044105192,0.093410589,0.059361651,0.041028979,0.184703943,0.041746711,0.951544625,0.911022289,0.023427152,0.766018163,0.081099881,0.078167239,0.052811982,0.070486468,0.092119694,0.59360958,0.099283113,0.444743703,0.065307321,0.02913535,0.040786175,0.295495369,0.853742656,0.08305724,0.931627402
0.71468445,0.034871788,0.230255706,0.08499006,0.031525495,0.640195199,0.461528689,0.033249396,0.016739213,0.783590301,0.020163368,0.089438656,0.026568658,0.072810139,0.040298058,0.038902855,0.019392863,0.065984607,0.686504292,0.197142179,0.274510576,0.022431224,0.037113079,0.051418758,0.421425909,0.034888858,0.048746277,0.080684311,0.072775341,0.053995676,0.014642005,0.069793543,0.574822491,0.020944322,0.031534665,0.930425966,0.062688639,0.041725179,0.051438737,0.038407463,0.051177086,0.046533853,0.052776943,0.103247402,0.030532637,0.927433519,0.786839818,0.031966674,0.631066192,0.070981694,0.066103105,0.045791547,0.066389055,0.240488194,0.648187586,0.567848675,0.726744433,0.04827627,0.035441726,0.041480177,0.383192589,0.869187317,0.099798044,0.931031884
0.62384635,0.055292972,0.31497088,0.108274097,0.026160903,0.073834081,0.257817409,0.030125215,0.012853496,0.882426663,0.020323423,0.20357405,0.04497793,0.092340036,0.056987084,0.170723678,0.014915441,0.141638442,0.312981845,0.112185298,0.093570652,0.027058262,0.036109318,0.068399148,0.211707865,0.064268596,0.062994331,0.082399539,0.160339293,0.053410388,0.014225646,0.080554724,0.042819377,0.027972365,0.036654296,0.930325489,0.070976057,0.035108117,0.044693935,0.048437927,0.284910546,0.053326525,0.06342851,0.241485586,0.034312054,0.840380284,0.852785839,0.019947441,0.085334803,0.132067634,0.088624225,0.058258346,0.182473979,0.16484001,0.616056549,0.091046855,0.613156564,0.071448499,0.048504988,0.041631238,0.619026374,0.855276468,0.182238931,0.94669378
0.824600487,0.04652064,0.563600524,0.10769429,0.027206402,0.375962658,0.277684527,0.02701152,0.012520501,0.732191813,0.018171897,0.090255178,0.039472324,0.10919334,0.044252106,0.108614234,0.017623162,0.07609207,0.386976221,0.153067165,0.653274897,0.031885112,0.047613733,0.058471933,0.339624061,0.069337002,0.062289737,0.06868699,0.088197724,0.059678839,0.016588938,0.084728813,0.316326736,0.026110857,0.082041522,0.952651427,0.062071154,0.031017167,0.056966908,0.041400875,0.084285989,0.086036826,0.055968417,0.224063119,0.0304652,0.861816486,0.91357414,0.028436066,0.833837001,0.146309661,0.088883358,0.04703375,0.077317082,0.155516801,0.686796421,0.461978373,0.382583295,0.066741426,0.026830485,0.080461965,0.322979494,0.903956901,0.086518083,0.944850356
0.82360651,0.044945974,0.357925839,0.077986121,0.030891321,0.05250284,0.583618533,0.026380762,0.013757062,0.647068861,0.025481313,0.045911348,0.048096383,0.076918003,0.024897939,0.036602689,0.022001749,0.067721571,0.259336904,0.132392205,0.035065762,0.024011094,0.049662154,0.040964674,0.192555431,0.034885736,0.03327752,0.076014843,0.050382245,0.091342937,0.025278569,0.068850925,0.040675211,0.03759907,0.078832961,0.888963557,0.0476651,0.040512051,0.045665959,0.033298124,0.095183964,0.059558129,0.05104289,0.069780589,0.040900107,0.93795683,0.931914902,0.033292721,0.897150649,0.062929796,0.09038211,0.04739834,0.076080321,0.082669878,0.266048665,0.072577398,0.173373518,0.055660984,0.03094626,0.05464479,0.180517415,0.808135971,0.073421437,0.916606377
0.482706331,0.041293722,0.559834674,0.132063577,0.035014331,0.78005914,0.698352674,0.042317478,0.013163631,0.635938201,0.016578951,0.053672785,0.054138497,0.100463294,0.045866239,0.07926744,0.024027494,0.052250553,0.380472842,0.16714682,0.044114541,0.032089215,0.031914711,0.041819531,0.400233766,0.057630789,0.06707724,0.073942305,0.077449995,0.086263341,0.023035076,0.079154714,0.046169673,0.037774806,0.042060491,0.923230424,0.052333676,0.03920647,0.049597349,0.053371268,0.074100459,0.074577721,0.060725252,0.106327143,0.03782118,0.949018238,0.924668388,0.031356514,0.519489007,0.071501371,0.086794599,0.075379459,0.088211625,0.078153906,0.714413178,0.11814665,0.619540562,0.069903292,0.031376421,0.03414484,0.314224944,0.928925038,0.091439384,0.929791801
0.753809781,0.057942688,0.62828023,0.08121998,0.02679154,0.336172994,0.633900679,0.02752538,0.014260235,0.618256822,0.016983123,0.052548979,0.0301704,0.088314194,0.040729316,0.042696928,0.024197526,0.031523502,0.326242048,0.098562286,0.026473611,0.023730259,0.028541142,0.043979205,0.312698851,0.035863857,0.061380173,0.077972175,0.067330447,0.05577087,0.0151354,0.075800668,0.058922869,0.027284951,0.039003755,0.903846545,0.061333707,0.036077918,0.027686427,0.067364588,0.069684528,0.05428363,0.044666864,0.125465128,0.032136478,0.936928672,0.925680004,0.024470377,0.887931645,0.096106841,0.116225116,0.052252939,0.068196876,0.08392307,0.524093011,0.080862044,0.213182739,0.069329698,0.030364422,0.063737796,0.176558198,0.867522137,0.06626085,0.930011602
0.526056192,0.055417603,0.763017732,0.075733717,0.026074437,0.827791392,0.545214319,0.029865784,0.021583246,0.911123586,0.02951887,0.043579778,0.062771408,0.08172931,0.038512596,0.016845331,0.017658327,0.072404585,0.956494979,0.174767353,0.05159075,0.024531543,0.044358355,0.047029681,0.480926823,0.036782399,0.056810038,0.053911398,0.035430941,0.10854927,0.021656799,0.067247349,0.028589351,0.144885123,0.032289186,0.920460127,0.030881273,0.024662084,0.057711464,0.022916995,0.011980898,0.053466832,0.038352017,0.080912857,0.037245421,0.945725465,0.950560747,0.030030921,0.787293598,0.046446199,0.044408284,0.056114272,0.064705635,0.142030044,0.887284636,0.04010471,0.16215957,0.053549036,0.027588228,0.047263722,0.072854091,0.759629434,0.478159391,0.896389922
0.711716448,0.04599784,0.621964943,0.07307719,0.021709884,0.592682729,0.481641336,0.028522804,0.016643468,0.896835396,0.017791056,0.046339946,0.056731222,0.075591253,0.040939804,0.03423622,0.022926431,0.071990513,0.126198525,0.137256327,0.048335766,0.019424667,0.036107984,0.048926647,0.125540287,0.031741468,0.058644643,0.049886246,0.028396329,0.060033442,0.011173265,0.041828796,0.561862046,0.105572792,0.041478308,0.910677269,0.039696822,0.022583659,0.040441518,0.025040892,0.011568667,0.056586939,0.055827681,0.156932773,0.033297182,0.922093641,0.906373676,0.024669909,0.565396696,0.03626765,0.176238122,0.050720661,0.065095305,0.03373689,0.681469957,0.275897681,0.258965819,0.035087525,0.023181365,0.041837539,0.182520104,0.777409368,0.063262234,0.913205498
0.74348039,0.050248083,0.350375534,0.069420602,0.023432031,0.2091385,0.517160242,0.027931092,0.016370431,0.89443067,0.016328908,0.059098108,0.063576904,0.072884827,0.043725698,0.079461943,0.02980012,0.161500631,0.159948048,0.180175614,0.056014036,0.022065886,0.038024717,0.046605188,0.162182705,0.037034011,0.055908469,0.081416486,0.027139483,0.054680423,0.021255745,0.067856152,0.402722281,0.115716401,0.027937294,0.901449315,0.056780023,0.032147991,0.053589714,0.028837057,0.052049513,0.04686727,0.029251584,0.222070665,0.037614007,0.894147822,0.895680581,0.029162303,0.468404087,0.032936591,0.034048541,0.065864266,0.065177865,0.076474968,0.823267958,0.340511436,0.238984908,0.148834382,0.027411419,0.040680011,0.238504434,0.784894917,0.096645144,0.905456218
0.38375408,0.044464302,0.457907173,0.071570404,0.01901728,0.025439646,0.733332241,0.027794923,0.01471254,0.594158995,0.013643696,0.048752347,0.058142402,0.0605161,0.040981836,0.04024145,0.023977388,0.080405216,0.178318729,0.142685131,0.03484988,0.016508949,0.034876868,0.036723779,0.104752987,0.031391886,0.044944035,0.051063254,0.031227402,0.041365103,0.01325657,0.050869435,0.019449299,0.141393265,0.030566978,0.928957421,0.039421286,0.031460063,0.044310225,0.026113307,0.014819886,0.044088245,0.031804758,0.144247268,0.032231773,0.833975074,0.947925691,0.022334624,0.066474386,0.061551587,0.040298578,0.045476515,0.067696359,0.023175059,0.544682115,0.043526969,0.195562553,0.043410045,0.024677347,0.039775759,0.0855705,0.783106155,0.062776085,0.922339213
0.806601569,0.045142841,0.438213921,0.075930136,0.022601852,0.368692401,0.720744666,0.030803329,0.017260859,0.675291874,0.019537977,0.039467369,0.062401938,0.073678784,0.043751028,0.015009923,0.024805947,0.058271133,0.25874931,0.155868357,0.046232958,0.025380589,0.035740694,0.02422276,0.457963807,0.02618683,0.04464661,0.074804375,0.03013071,0.069740343,0.010071348,0.059304852,0.54204679,0.068027413,0.031677415,0.9022053,0.035396071,0.02851705,0.053191644,0.029665903,0.013548008,0.044096267,0.047515144,0.102451678,0.03382616,0.772098808,0.965674342,0.030079716,0.562217522,0.06243613,0.128917967,0.059408354,0.064851921,0.027216299,0.103760614,0.627756213,0.169169633,0.042129279,0.028283856,0.0429852,0.029011367,0.772577466,0.054098738,0.902299123
0.709101146,0.05283963,0.332490479,0.068724474,0.02099447,0.704182157,0.676405941,0.033653037,0.011231364,0.8436835,0.017182564,0.087211347,0.028083939,0.094638613,0.039660565,0.222863766,0.02231019,0.04859792,0.22374933,0.186732265,0.039698004,0.021066482,0.03422819,0.039145676,0.507951677,0.066471479,0.073591121,0.09299013,0.063373946,0.065112172,0.027804403,0.062650111,0.052046748,0.363044379,0.04094627,0.919214013,0.078453325,0.034148322,0.044237263,0.328141485,0.114911591,0.035608949,0.057928051,0.161040781,0.037450703,0.748591973,0.794643926,0.041722454,0.819607621,0.071468923,0.08895468,0.057450513,0.062777987,0.224996255,0.873038215,0.062185784,0.435159241,0.056338086,0.048897058,0.072833688,0.779031181,0.827530178,0.181250713,0.930708935
0.624819657,0.043717704,0.435153575,0.065622361,0.024658733,0.527538882,0.571460612,0.026403549,0.016737441,0.878469676,0.014461648,0.048207103,0.062970444,0.073757736,0.040834715,0.031516242,0.018060738,0.09043945,0.814463302,0.182466749,0.05002097,0.01928675,0.032913796,0.04558761,0.325004522,0.032909999,0.057960177,0.072097797,0.032138385,0.077290078,0.031195002,0.060681025,0.022679465,0.105189982,0.030365885,0.899349829,0.067330394,0.028572812,0.05376065,0.482407377,0.013519272,0.047636897,0.054274627,0.13683106,0.032990414,0.944604748,0.758822637,0.027427521,0.395727963,0.109496987,0.047622473,0.057222688,0.064223353,0.236744622,0.775582877,0.045011011,0.433416848,0.039188317,0.025603686,0.032647734,0.777955185,0.807366927,0.213781858,0.889133808
0.83778831,0.047994345,0.355595988,0.116661486,0.023438381,0.39221213,0.661915402,0.027780185,0.015589296,0.871143328,0.016147626,0.042119893,0.07077796,0.085292102,0.039683511,0.096445273,0.018169502,0.314894273,0.57732935,0.169021202,0.046849359,0.020755021,0.069146545,0.0447641,0.66193645,0.602412858,0.057397707,0.063587379,0.028312475,0.063045896,0.019633862,0.080558939,0.285432988,0.133426866,0.029557288,0.869828282,0.038804927,0.023195038,0.047972086,0.276631745,0.020140713,0.045219595,0.030311948,0.181423299,0.030386853,0.894428507,0.933586741,0.025878355,0.097075858,0.060978946,0.04685751,0.051438854,0.064982839,0.505705422,0.794096582,0.329388046,0.793986733,0.055417332,0.027902129,0.02860307,0.192202013,0.746361061,0.115489329,0.907570182
0.624567261,0.046930134,0.363945253,0.081965056,0.02273371,0.289306533,0.359246954,0.028521031,0.016816161,0.882789887,0.018738291,0.035477479,0.056060508,0.078266565,0.040286126,0.042799901,0.025327826,0.103758703,0.293919397,0.167769659,0.050616926,0.021622931,0.038268558,0.044352846,0.258114809,0.032907076,0.049535888,0.072012525,0.031283771,0.063063097,0.011327981,0.064033454,0.411862899,0.105247094,0.028727827,0.937616409,0.045282105,0.029169529,0.051538897,0.033567906,0.011375645,0.054462794,0.036613459,0.102181583,0.03457215,0.87144698,0.887419762,0.031140859,0.148528652,0.048425832,0.036177811,0.050361712,0.064167137,0.031343388,0.78663161,0.586011001,0.490367821,0.035403211,0.030763945,0.039462661,0.133812006,0.855621271,0.063155118,0.902310511
0.828005403,0.049975939,0.523763877,0.084044739,0.0234211,0.575906623,0.56479934,0.031688056,0.016149917,0.726212914,0.018983117,0.050201335,0.050280695,0.088059044,0.039085286,0.030660617,0.026441826,0.114816571,0.232159541,0.173442942,0.047517146,0.020880603,0.04478373,0.039317628,0.488751687,0.027562707,0.06529399,0.055048955,0.03494106,0.086683559,0.008532951,0.046351598,0.58091467,0.177298101,0.027706487,0.886839793,0.048281889,0.024962242,0.05020688,0.032745744,0.014175605,0.045407756,0.050761236,0.193918567,0.033752844,0.949880442,0.937455835,0.022653484,0.710921897,0.049931667,0.038686752,0.059146823,0.062620654,0.16030882,0.587139785,0.566360869,0.172416975,0.03875656,0.020634757,0.041203187,0.093995539,0.816441495,0.104688393,0.891352042
0.750903366,0.048302646,0.671015887,0.070889561,0.026707748,0.597608451,0.501980897,0.024828562,0.015936967,0.541855517,0.018234278,0.036312091,0.047791018,0.062713743,0.035907728,0.01523122,0.025138758,0.054669553,0.766942829,0.124844561,0.046769048,0.017676608,0.036375777,0.034546118,0.122481428,0.029130626,0.056665863,0.050318087,0.02821594,0.056683605,0.011032315,0.048175305,0.520092868,0.096746046,0.035979668,0.927676252,0.04117824,0.023006444,0.04089404,0.041359829,0.009248714,0.048331139,0.053351988,0.095026371,0.033915985,0.916772178,0.926727962,0.026185103,0.669368966,0.029121264,0.036964626,0.047363293,0.06632355,0.024000699,0.823841201,0.632256209,0.264717529,0.054599632,0.019734426,0.040180501,0.151080859,0.834600729,0.077953548,0.927122265
0.732997073,0.042174334,0.42193705,0.075196761,0.021646434,0.061248268,0.534302347,0.030035015,0.016605777,0.754137458,0.01733208,0.049194327,0.059122237,0.083326647,0.028176701,0.068658714,0.022126184,0.138681463,0.446745015,0.155242081,0.050626866,0.018678103,0.035796776,0.048671863,0.415030034,0.030224037,0.054591875,0.064397584,0.031007087,0.062292425,0.020689201,0.04907021,0.024031305,0.128730273,0.026559504,0.917456677,0.043532107,0.030231674,0.044608961,0.029066581,0.016249416,0.051200613,0.035883541,0.170995067,0.032552374,0.917709781,0.874042347,0.022566749,0.559755718,0.035811028,0.039333508,0.056246404,0.066884838,0.065224405,0.762135162,0.033732644,0.231828079,0.035811613,0.02103569,0.045848324,0.318865603,0.789158742,0.080641292,0.916334141
0.606270405,0.048800907,0.335346631,0.088612054,0.026728909,0.557745627,0.577486727,0.029283045,0.016956198,0.877289002,0.018863416,0.063981616,0.057500468,0.079787271,0.037610695,0.043385729,0.024023389,0.112446769,0.748795571,0.172713285,0.049331879,0.020314334,0.041360697,0.056960554,0.295470822,0.367880677,0.058210911,0.064623463,0.029840918,0.06618502,0.018620129,0.071501818,0.457429854,0.171269268,0.028240455,0.902056785,0.056524133,0.026179258,0.05032949,0.26419974,0.021226652,0.045280891,0.039847496,0.212958999,0.032421336,0.886445412,0.819058955,0.035626451,0.289161019,0.08513377,0.052357577,0.060862457,0.067525151,0.056499818,0.763993401,0.600845694,0.734903042,0.058368068,0.02493463,0.035360207,0.361714904,0.801323583,0.228419734,0.865795495
0.69455828,0.048718086,0.56734463,0.074346996,0.024773348,0.778413694,0.532176967,0.030657446,0.015914577,0.89469812,0.020658892,0.04556209,0.053119324,0.079252328,0.035547738,0.048416371,0.028518377,0.161719607,0.296668896,0.17345337,0.054229589,0.017761235,0.036980699,0.038634572,0.306919454,0.031850075,0.05924706,0.060794795,0.027924207,0.069392478,0.013236481,0.071150546,0.021003107,0.138909276,0.027991158,0.922492948,0.054642194,0.024590027,0.053349723,0.026371069,0.044333998,0.046340291,0.048564726,0.195259992,0.034539973,0.92348149,0.915235855,0.026625166,0.603326228,0.046335599,0.039889907,0.050718561,0.067936369,0.060134771,0.794815405,0.044700464,0.417523506,0.039697554,0.027234194,0.037306659,0.287145324,0.833735306,0.082560734,0.914713266
0.840471432,0.047975053,0.449437188,0.080508456,0.029432952,0.520751848,0.68687002,0.025054555,0.016058614,0.921804938,0.017953978,0.037246463,0.066867269,0.077812072,0.03766104,0.017853532,0.034834328,0.052872302,0.402366761,0.142354502,0.038740157,0.019177494,0.032791618,0.023023663,0.493942917,0.029407762,0.062542829,0.065178409,0.028292444,0.04418123,0.011471374,0.070837823,0.507971544,0.110063666,0.033399962,0.911783591,0.045181336,0.02603382,0.048991024,0.032283689,0.030009321,0.0545145,0.052862934,0.123703425,0.029483925,0.926052736,0.946295841,0.022928987,0.790535827,0.057164229,0.031816924,0.039232493,0.064163624,0.034690165,0.861190046,0.472635109,0.162503879,0.057851222,0.026320378,0.02981095,0.109098513,0.807429242,0.046621871,0.90674525
0.744804432,0.047603229,0.585216014,0.076967231,0.025559301,0.668116227,0.543344074,0.025989258,0.015812246,0.89326589,0.018901297,0.04644546,0.074092037,0.069762842,0.040776807,0.037606285,0.028539121,0.148691607,0.91395345,0.139303549,0.045194611,0.022034858,0.038104348,0.038578445,0.319366716,0.041770443,0.066066765,0.05971116,0.026760306,0.063577689,0.017117922,0.07283432,0.406612723,0.128961039,0.03329971,0.917090285,0.047965948,0.021616617,0.04635803,0.369155394,0.073391049,0.039399745,0.044935575,0.243077179,0.031097207,0.880722057,0.84443624,0.026583844,0.514772395,0.075206341,0.056063395,0.051941118,0.064171201,0.165091468,0.818228545,0.345378036,0.305473114,0.046654369,0.029921758,0.034048712,0.205177496,0.809310512,0.403499424,0.91890732
0.805793722,0.045219652,0.820443189,0.080184373,0.022005342,0.507270636,0.235909897,0.028317676,0.015982926,0.820835869,0.017604437,0.035531357,0.061664686,0.08789689,0.042554241,0.030899572,0.029161725,0.13883401,0.611521121,0.160004974,0.048688173,0.021329565,0.036132741,0.037572099,0.553223173,0.032772559,0.057446985,0.050997956,0.033192228,0.062628425,0.012781943,0.066471597,0.514636427,0.138338258,0.038299667,0.923940244,0.038073136,0.033027104,0.050975211,0.024731322,0.010995661,0.047662278,0.040937319,0.130818998,0.031575092,0.952990166,0.950276114,0.033345612,0.857305641,0.044105705,0.036334421,0.055448601,0.065769137,0.127831373,0.770986353,0.571255115,0.149425598,0.041757195,0.029342119,0.040584069,0.077628904,0.836983305,0.302580427,0.915227538
0.610562243,0.046504272,0.410901506,0.071209019,0.023928708,0.124999967,0.491773392,0.030063316,0.015617637,0.852088959,0.019657688,0.068633113,0.069494725,0.067666732,0.042057834,0.197176253,0.023208503,0.241032742,0.239910058,0.159835177,0.046779726,0.023247643,0.035222887,0.04086715,0.193958597,0.055249399,0.047360759,0.065139834,0.031919062,0.056684077,0.027215774,0.072918163,0.022335202,0.127205344,0.033518886,0.915320731,0.046367141,0.022248848,0.051256806,0.030134484,0.10168731,0.045404859,0.032507796,0.337835597,0.031242559,0.904088632,0.880961854,0.02717452,0.39037131,0.039311049,0.047597766,0.047972754,0.065643537,0.094004265,0.728827466,0.033945245,0.233094993,0.058565484,0.030409739,0.026205214,0.368923546,0.780052785,0.138894365,0.907021771
0.705120118,0.03922632,0.420447641,0.087655363,0.018968442,0.663857173,0.511370951,0.028703279,0.015876121,0.864148962,0.018869629,0.035470245,0.05852795,0.073932095,0.039593232,0.041438574,0.019841561,0.091175426,0.668340782,0.143852922,0.048607515,0.022037103,0.036427484,0.054422599,0.397452844,0.033226542,0.056535406,0.062207035,0.026873686,0.047493744,0.027198579,0.062631548,0.023632383,0.117288159,0.029257422,0.925404746,0.046496677,0.024559811,0.05381383,0.028386977,0.02275914,0.046481774,0.045317485,0.159476223,0.035482117,0.949492133,0.861859641,0.028419904,0.585865288,0.053015665,0.031731846,0.05303274,0.063900461,0.063281674,0.82298989,0.051141067,0.283795408,0.040646149,0.02772798,0.043252573,0.230607742,0.731730556,0.056992511,0.915181901
0.846763673,0.051315762,0.317258643,0.093883934,0.022816653,0.417815417,0.44873661,0.031315595,0.016431713,0.602201935,0.022320856,0.033040662,0.044416779,0.085624215,0.034582159,0.01741353,0.022449635,0.077607463,0.118896235,0.168389448,0.049898384,0.018752967,0.040528387,0.03839999,0.099315206,0.033905385,0.043574862,0.073136935,0.034175863,0.056884487,0.013036219,0.047740214,0.527479601,0.125720858,0.024016498,0.908367978,0.037361648,0.019933864,0.046490409,0.025587417,0.011706421,0.050212555,0.037176759,0.105478112,0.03339734,0.944970656,0.94187885,0.021871924,0.835343205,0.027878057,0.030650483,0.057235971,0.063892154,0.024091282,0.737867754,0.601917414,0.108907069,0.035699688,0.018871194,0.038770222,0.067027355,0.729205671,0.060835539,0.801472034
0.452636503,0.045949213,0.287598642,0.064378663,0.020473688,0.040139352,0.447359747,0.025671812,0.015202148,0.880165397,0.020335261,0.045937064,0.0598213,0.084784082,0.035051515,0.062845413,0.022550509,0.18834398,0.220372263,0.168069848,0.053594862,0.018492663,0.041998029,0.045417026,0.205083247,0.031101892,0.059239752,0.072175919,0.039247765,0.051691717,0.01796232,0.054124287,0.02477778,0.086067086,0.023005648,0.933509327,0.043488665,0.023684334,0.048979671,0.025277766,0.014157327,0.045170692,0.045617755,0.187062333,0.031034801,0.930961015,0.916981244,0.025408472,0.430114339,0.043842863,0.034429705,0.055949644,0.065004209,0.032026264,0.774225313,0.042695569,0.233253094,0.048547068,0.023318149,0.042428817,0.291343626,0.828085853,0.070113565,0.919432152
0.775907864,0.049008143,0.479905023,0.079175952,0.022718711,0.05439184,0.66212014,0.027976894,0.014473016,0.690286706,0.019155873,0.02976618,0.064206252,0.090257392,0.041841605,0.014921506,0.021893995,0.050428122,0.612957976,0.153365817,0.044035685,0.018092475,0.034832716,0.023809464,0.384392881,0.032165942,0.114553821,0.068051684,0.024410933,0.050403374,0.025620556,0.076419825,0.021448859,0.079274201,0.026054793,0.902749465,0.043895544,0.018563822,0.049079917,0.357734164,0.012872274,0.039734843,0.040359858,0.059407372,0.032393975,0.91589772,0.904605165,0.019998736,0.680145871,0.22528637,0.03929852,0.05304965,0.064462646,0.038527344,0.824646456,0.046388627,0.434440076,0.058940197,0.030609678,0.031993856,0.350451211,0.703882617,0.061035571,0.855857628
0.74071709,0.047488995,0.548530283,0.075301626,0.024120921,0.320914724,0.612947907,0.026288697,0.015132412,0.91909951,0.017138699,0.044194674,0.069095603,0.08662894,0.041310866,0.041457371,0.027105023,0.144365675,0.170810139,0.164941229,0.040771054,0.017417223,0.032624546,0.037770279,0.234268867,0.03272179,0.044396557,0.046844036,0.026247945,0.057035201,0.014811651,0.078591558,0.385032023,0.082321303,0.034647079,0.925241673,0.041876436,0.026179466,0.051110295,0.028408101,0.024422734,0.039972514,0.054080895,0.15864442,0.030930811,0.919318847,0.84731111,0.026409827,0.351583514,0.126634962,0.036523496,0.0427728,0.064791615,0.052327362,0.654633871,0.483064811,0.4421035,0.056113929,0.028281259,0.031200367,0.317147554,0.835268584,0.0735667,0.923705211
0.788806266,0.048576288,0.564125245,0.064841845,0.023981502,0.796193051,0.73523845,0.025231132,0.015127268,0.858727987,0.025429848,0.03148095,0.084810095,0.110764706,0.046267173,0.018465025,0.028938802,0.046502971,0.934884448,0.177786994,0.041841333,0.027014511,0.07726795,0.037705537,0.585385229,0.076021378,0.0625066,0.058055844,0.030961762,0.058558883,0.020841379,0.065087439,0.590524113,0.10993724,0.046465833,0.916089216,0.104025402,0.03685021,0.052451918,0.708576198,0.009160271,0.040681235,0.036915974,0.063480975,0.031662518,0.943067693,0.906995418,0.027168989,0.712701294,0.058909438,0.04023698,0.051916815,0.066415884,0.374700207,0.830472268,0.625925148,0.427767607,0.11954754,0.031233682,0.039681524,0.117914039,0.778975801,0.069021642,0.906820588
0.544567605,0.046486578,0.309006424,0.082645461,0.020736526,0.640972283,0.52824013,0.024976076,0.014932271,0.749904625,0.018541661,0.060162953,0.095803318,0.075364225,0.038963628,0.016461088,0.027868508,0.076687039,0.81834278,0.177534152,0.334193984,0.025611789,0.035723901,0.053380741,0.511498561,0.330637657,0.049240636,0.061769898,0.029086933,0.060352341,0.016692952,0.075178162,0.552814475,0.159383696,0.038973168,0.907967749,0.045758361,0.026604701,0.050155035,0.136758153,0.008051219,0.038026453,0.030923556,0.145143251,0.030655566,0.918877882,0.604174147,0.026797772,0.199744816,0.072738461,0.048475964,0.048290175,0.064853006,0.30691639,0.694245079,0.565052864,0.51057132,0.110479703,0.033552057,0.044955488,0.554427112,0.821233547,0.197964001,0.918122857
0.411547758,0.048123712,0.43324561,0.069501077,0.021224277,0.044220079,0.655569685,0.026863532,0.015544746,0.832064265,0.018888948,0.047403987,0.081183468,0.074437569,0.048204016,0.111643005,0.033603803,0.172553502,0.286551064,0.141624453,0.039422178,0.020173614,0.034156739,0.050209975,0.119046188,0.03387288,0.056604357,0.058404888,0.031155475,0.059942633,0.030155106,0.073369186,0.019395598,0.063391697,0.049791535,0.919021497,0.044738677,0.02861629,0.058028957,0.035636763,0.011941447,0.043652584,0.040658878,0.278421729,0.032417158,0.907293892,0.903384237,0.028547329,0.074146259,0.049768478,0.041181608,0.056238504,0.066327935,0.046656036,0.620414437,0.032093634,0.369831538,0.063519064,0.038156623,0.041191467,0.238701012,0.825448907,0.074482689,0.926830372
0.344428636,0.046751771,0.35487913,0.079964819,0.021625023,0.024933193,0.479803607,0.024231699,0.014412502,0.815432695,0.020866011,0.025071773,0.05983903,0.074282686,0.037283387,0.011059413,0.033348531,0.10030357,0.170230178,0.147473543,0.040204794,0.01803826,0.037626593,0.030133291,0.184787913,0.034778122,0.0595372,0.081100309,0.022463345,0.047193208,0.01434861,0.081050258,0.021432498,0.142580792,0.05871966,0.92167917,0.036431121,0.025026216,0.047769606,0.029406809,0.009352742,0.033562109,0.040792003,0.032873365,0.030909554,0.924031528,0.919346682,0.028341331,0.859458458,0.07083878,0.042826622,0.048775951,0.064616298,0.03263392,0.860722011,0.040472149,0.326748376,0.066053737,0.030664431,0.033022252,0.109181405,0.807255485,0.049916119,0.89812092
0.870295544,0.046565075,0.506953885,0.073152907,0.025900254,0.033618457,0.478404,0.030451557,0.015133674,0.750307223,0.01411729,0.028479799,0.052405585,0.066858879,0.029352002,0.018840338,0.024429171,0.096479629,0.246328344,0.145217202,0.03596786,0.019275362,0.034323692,0.043341539,0.166274343,0.021846684,0.044091185,0.05170195,0.028619473,0.042821707,0.014911603,0.048396734,0.020712685,0.067681794,0.023112678,0.918435057,0.031663086,0.025823096,0.053170747,0.020288072,0.010135921,0.04197488,0.038711212,0.136834125,0.031445236,0.930247018,0.926984456,0.02254911,0.562141717,0.037931764,0.038258999,0.04987648,0.069049059,0.087631885,0.801770383,0.046683101,0.399713423,0.065315215,0.020763576,0.030925753,0.155869824,0.824258227,0.056565128,0.912691133
0.675116222,0.046761022,0.446727461,0.078867688,0.024184178,0.044086805,0.679983043,0.027156441,0.014942144,0.882898429,0.025119491,0.053895016,0.077573115,0.081274468,0.041953764,0.054096726,0.027828503,0.13976094,0.219205064,0.149555859,0.18982331,0.016714877,0.035444612,0.040491282,0.336100961,0.033898317,0.072677315,0.062463625,0.029902303,0.066937758,0.027271112,0.078362177,0.021887371,0.138703523,0.033886367,0.92237295,0.064746583,0.028047866,0.049626282,0.032340516,0.015011101,0.044519756,0.048364825,0.187148577,0.031639853,0.909021966,0.906808436,0.024280744,0.49982922,0.077721922,0.046538447,0.05505033,0.063973728,0.099276956,0.745390957,0.032646628,0.347519608,0.066705355,0.028815393,0.040750229,0.398049779,0.831865083,0.106931639,0.91130721
0.699186288,0.047430189,0.500908908,0.067172021,0.020813676,0.217347014,0.474813531,0.0279829,0.015372913,0.831558798,0.021270218,0.072303344,0.066981399,0.06940616,0.041016867,0.194846423,0.021221799,0.214195185,0.200375913,0.155930353,0.050297715,0.018053836,0.036942281,0.061067935,0.250189122,0.041435306,0.056409901,0.061379289,0.036272972,0.081879666,0.026845749,0.121181757,0.025930554,0.153927495,0.03200253,0.906687842,0.055787076,0.025294165,0.048294175,0.026875739,0.057444871,0.043727287,0.034774477,0.398456092,0.030814134,0.789986413,0.87129593,0.026507431,0.482039309,0.089233728,0.042019566,0.050398557,0.064249931,0.065950312,0.77378519,0.04361484,0.232619707,0.054259258,0.030312395,0.029871303,0.503285792,0.763145526,0.265570089,0.91118122
0.831037931,0.045504951,0.546466746,0.061713608,0.020490262,0.040554446,0.653975679,0.028525225,0.015776421,0.747236712,0.022053058,0.046676687,0.061496711,0.06680052,0.040309602,0.077597631,0.021213344,0.180566433,0.151526341,0.16845312,0.326829539,0.017524119,0.032675093,0.048008594,0.332500785,0.042066309,0.058399329,0.069075163,0.025910826,0.058549104,0.020853813,0.047150135,0.027209951,0.080745629,0.025694753,0.918476739,0.118260318,0.020826171,0.048171501,0.02590121,0.038346956,0.073215563,0.024946919,0.164628933,0.032706627,0.924033816,0.909077745,0.025244233,0.673728801,0.039187631,0.034914253,0.059015185,0.063978926,0.038725218,0.802464277,0.057199062,0.230124664,0.035355964,0.02349362,0.033282274,0.252351196,0.70893148,0.096569315,0.886347134
0.711816844,0.047905836,0.323818226,0.088616883,0.026709306,0.632190407,0.427996943,0.023195545,0.015572404,0.808544763,0.022274963,0.082503185,0.074341975,0.067622242,0.037912166,0.028973001,0.023399855,0.12392917,0.846624627,0.173263832,0.059663008,0.020243583,0.041092175,0.046672689,0.284639513,0.037091524,0.06445883,0.073163849,0.034884959,0.060769964,0.013293289,0.045930348,0.589513096,0.022495729,0.037696395,0.927266702,0.065571366,0.047666773,0.048164673,0.038217517,0.019325217,0.042202643,0.068778845,0.161815131,0.032547465,0.952228228,0.786949273,0.028201157,0.443254339,0.062238392,0.051128719,0.053441476,0.055074419,0.106166299,0.5898357,0.599783733,0.398896955,0.049789238,0.030961345,0.033201351,0.491070929,0.807908926,0.164236204,0.943615157
0.740589575,0.04824034,0.457228663,0.082947066,0.021184491,0.040881367,0.688192057,0.026127613,0.015356716,0.673189618,0.015793129,0.056977865,0.0725893,0.081779189,0.035315638,0.018695755,0.017207019,0.115978771,0.876111413,0.143465211,0.04557447,0.033594865,0.030252118,0.03773124,0.369248048,0.030170952,0.053756876,0.085141589,0.029337013,0.054551807,0.020316936,0.055970842,0.024537055,0.023385151,0.033408315,0.938896307,0.0528955,0.034924859,0.048756839,0.033496608,0.009261152,0.056580361,0.072364471,0.138036004,0.03001871,0.94344896,0.820774687,0.023952337,0.647800687,0.107052678,0.052289313,0.028543006,0.064190338,0.16677966,0.835980768,0.043323213,0.303534337,0.05623048,0.032268222,0.035520579,0.831419139,0.787881495,0.512452922,0.923602405
0.906449244,0.044515265,0.457209497,0.092823642,0.020171931,0.574326822,0.780208821,0.025796453,0.015258085,0.868934148,0.015115261,0.021181973,0.060655012,0.069539756,0.039246659,0.009761911,0.020294149,0.073691695,0.165730834,0.157568152,0.050467558,0.02304777,0.039151043,0.025756585,0.474747534,0.034526864,0.062358945,0.058924433,0.029282692,0.053740952,0.014769529,0.047768832,0.62421795,0.035031399,0.077257455,0.937980402,0.054671077,0.035665172,0.051731855,0.030692852,0.008445224,0.039107929,0.086386767,0.037988827,0.029452857,0.921349751,0.96284966,0.024558623,0.357805541,0.190343257,0.03682028,0.039670542,0.06756232,0.063257344,0.531051736,0.659981543,0.176495911,0.063861894,0.03270052,0.030974965,0.056716093,0.821262777,0.054709949,0.935928369
0.844871391,0.049843066,0.573230428,0.068071295,0.026554854,0.259977157,0.632411956,0.030107704,0.0143235,0.918538865,0.018546013,0.040063527,0.058200088,0.064057076,0.040111856,0.02638961,0.023205855,0.127968922,0.129971152,0.129726061,0.038766042,0.025768038,0.030909373,0.038822003,0.153045833,0.03108686,0.058196542,0.064042775,0.038723238,0.096413324,0.019769292,0.062887863,0.370561858,0.021207081,0.056113597,0.915835813,0.04574831,0.036694175,0.042079464,0.039412425,0.01161982,0.050129657,0.066714798,0.09669688,0.034647924,0.933288758,0.92635588,0.035177326,0.631175779,0.044231545,0.034240985,0.056434588,0.059223881,0.047527871,0.843405176,0.307995458,0.283767125,0.055347702,0.033930296,0.03771925,0.083054658,0.836542318,0.071380864,0.928333082
0.790418722,0.040768091,0.490071924,0.063562826,0.013802484,0.042812532,0.644041336,0.023583208,0.014027005,0.753672278,0.014369868,0.032883208,0.057141627,0.09005824,0.029504712,0.012208748,0.016919483,0.119664535,0.167190128,0.139434476,0.042704141,0.016450616,0.033173456,0.030801671,0.143539962,0.031705162,0.048645041,0.077038073,0.031939285,0.041825213,0.014273449,0.061228017,0.022078061,0.048157635,0.023726951,0.924777874,0.039294739,0.01797056,0.044919463,0.02883085,0.010552434,0.035714019,0.030828645,0.094188158,0.031758487,0.915401505,0.913857579,0.023689268,0.687738448,0.033983647,0.02841707,0.050331433,0.0578473,0.038524423,0.552644448,0.035865869,0.222245648,0.039169201,0.027628758,0.033447798,0.237087181,0.691549521,0.051684309,0.896430938
0.883891904,0.044050715,0.428677858,0.070483221,0.016335719,0.53045545,0.567289793,0.021989057,0.015881225,0.71860473,0.012026115,0.032682714,0.04993773,0.056841312,0.03315303,0.013112774,0.04690985,0.080523161,0.148981948,0.111359263,0.043920408,0.014499012,0.037135927,0.037013894,0.126038053,0.028182785,0.04690267,0.064195092,0.030314503,0.03570686,0.011430818,0.056202992,0.566236549,0.039926497,0.020957619,0.932500541,0.039495863,0.016862289,0.044438888,0.025471884,0.008734525,0.045138852,0.037894967,0.073831228,0.032184083,0.828015702,0.941401272,0.019299307,0.764296554,0.038664498,0.02978436,0.03034708,0.060908918,0.029683529,0.747712621,0.633890671,0.167590728,0.038570119,0.022310649,0.033004659,0.13995126,0.597291423,0.048421803,0.894564206
0.891083904,0.046899187,0.221019244,0.090112194,0.026895073,0.113526713,0.588453134,0.027183931,0.016592034,0.626587779,0.015067982,0.03072602,0.056543033,0.079173421,0.048770103,0.013787323,0.028243656,0.043675354,0.154950709,0.120176879,0.046031995,0.022162327,0.036993775,0.026705766,0.106511191,0.029143395,0.051427536,0.079322017,0.026841901,0.050053009,0.021026513,0.044618988,0.168647009,0.037770491,0.049539365,0.790606631,0.039866885,0.033619245,0.058677135,0.024831483,0.008927047,0.051716106,0.048806004,0.023795872,0.029386108,0.935570416,0.932351063,0.03654135,0.216305534,0.040196478,0.031179842,0.03766759,0.060357092,0.018862851,0.765225977,0.12295868,0.11792596,0.041595562,0.035794418,0.035278218,0.026830649,0.831471101,0.058085114,0.922071607
0.193766845,0.044725842,0.7219144,0.090601774,0.021595491,0.261241613,0.707178684,0.030453818,0.016961351,0.856122496,0.015409269,0.04244672,0.065899078,0.063368749,0.048123759,0.031711009,0.025746965,0.145755209,0.644782416,0.136555853,0.045336772,0.024176394,0.038821875,0.03089688,0.304710643,0.273539608,0.048132078,0.071253926,0.02911213,0.066620106,0.014921506,0.062575506,0.326390409,0.042639533,0.042273468,0.917641631,0.036542074,0.032486007,0.050905843,0.025535799,0.008644249,0.046325543,0.046736653,0.124993031,0.032776971,0.91904923,0.638612496,0.031573348,0.731313492,0.059471793,0.029602916,0.055082541,0.060276369,0.027876571,0.419418649,0.509431396,0.464170534,0.039693158,0.028855513,0.036354497,0.08145092,0.857416933,0.045783006,0.921273672
0.898028113,0.034865483,0.627662666,0.102445271,0.025072424,0.581821775,0.549912432,0.033032697,0.016293696,0.897819191,0.016617686,0.05025363,0.080488495,0.085098646,0.04019289,0.014703502,0.033054278,0.079741921,0.650809514,0.141591491,0.040990413,0.027049802,0.03887624,0.033303562,0.643696298,0.035629812,0.06389258,0.062142401,0.034262773,0.073038061,0.016431742,0.069878896,0.024230599,0.052340181,0.04402111,0.924223769,0.048560421,0.038802601,0.051569941,0.041381821,0.016383865,0.034172718,0.088848989,0.06936473,0.030777637,0.947908069,0.931304249,0.033489959,0.84093912,0.059626472,0.03984792,0.05595709,0.055143491,0.042490253,0.841013952,0.057295965,0.396119357,0.047520356,0.035947745,0.029798622,0.112931496,0.852496876,0.164232487,0.924404711
0.826679623,0.038712337,0.475673983,0.077976995,0.026708957,0.82188867,0.698992319,0.02647407,0.014327697,0.785028783,0.01321351,0.045143798,0.086297496,0.067025772,0.03952392,0.014543616,0.02235348,0.146137441,0.255218532,0.124738336,0.035926449,0.033024175,0.027013989,0.030563639,0.393005566,0.026592499,0.061069981,0.06985046,0.027673648,0.071959456,0.018577936,0.041131381,0.018765002,0.041049612,0.068272702,0.908492897,0.048302112,0.067852049,0.050903064,0.027853822,0.036405802,0.046186478,0.086013881,0.238693153,0.025097748,0.816039493,0.936054742,0.028778482,0.791432998,0.05325268,0.030548396,0.039983558,0.04967619,0.044774834,0.871531073,0.036121894,0.214384564,0.062831442,0.03697927,0.031722778,0.184375064,0.756794835,0.354143201,0.909124028
0.799995851,0.046876987,0.393554772,0.088855553,0.022656115,0.605955123,0.690492262,0.023040972,0.014834802,0.841195453,0.0211137,0.063210561,0.074072774,0.083338242,0.042555334,0.087299498,0.021971147,0.172109925,0.947253996,0.165362666,0.049883526,0.025658441,0.040262751,0.048686908,0.15528143,0.032252891,0.056529648,0.085056994,0.03207642,0.063138271,0.015838288,0.063872886,0.580628446,0.039427041,0.046125925,0.912937534,0.047673598,0.042543317,0.057581245,0.024106099,0.036132056,0.047179289,0.05259532,0.284358564,0.03138605,0.932381144,0.890022939,0.03019721,0.656588623,0.046874424,0.036297778,0.042852061,0.063094872,0.055165546,0.549817415,0.650912312,0.179003338,0.057015386,0.035114478,0.035627203,0.228078438,0.754849697,0.059540467,0.897274744
0.671167114,0.272359796,0.574263717,0.10141981,0.022815239,0.698202389,0.563177551,0.019774994,0.012362641,0.851986328,0.020021548,0.158652457,0.059003764,0.079741038,0.041783009,0.058682319,0.10348341,0.10278356,0.779218846,0.0,0.061550911,0.044983376,0.048325843,0.040987143,0.525545615,0.270811344,0.074415182,0.093404026,0.065791575,0.054483299,0.036787652,0.074216327,0.039253671,0.025540435,0.038504916,0.725330829,0.305769883,0.059740212,0.054641322,0.046555408,0.106241125,0.066149919,0.032905338,0.158872181,0.024947903,0.867979297,0.818357503,0.074229372,0.664913961,0.101658174,0.131643865,0.040739388,0.104947302,0.550826955,0.869656029,0.045258049,0.468453989,0.040603948,0.082939859,0.065952225,0.288459998,0.84073264,0.241563642,0.889338572
0.715180394,0.05514784,0.321870316,0.118841227,0.030043869,0.351830575,0.518882519,0.040694802,0.014889825,0.729834262,0.019696929,0.094884317,0.040428819,0.113436584,0.054138228,0.112700982,0.018267866,0.11013052,0.333393889,0.0,0.064243185,0.026713837,0.045818276,0.058597708,0.40627872,0.363748016,0.067803126,0.094570948,0.096471619,0.071448517,0.014288693,0.094152126,0.495385293,0.030012185,0.043272231,0.92834647,0.07713255,0.045363082,0.068132549,0.048193364,0.091748593,0.069227484,0.067033414,0.218723181,0.037722649,0.881011144,0.872979615,0.024917478,0.79230555,0.083368942,0.150629307,0.056109901,0.08059157,0.398567515,0.843648704,0.539972234,0.591076364,0.085539605,0.069760356,0.105214917,0.651946963,0.866911686,0.152158238,0.935280076
0.837486758,0.052139263,0.784486077,0.098827652,0.031800178,0.896588913,0.785006327,0.031224749,0.01522242,0.760234338,0.023443335,0.052229991,0.086041992,0.107570239,0.036915121,0.036363756,0.020869133,0.039910624,0.90391694,0.160028396,0.039134002,0.030198374,0.046286353,0.032236276,0.278520315,0.047927343,0.070697127,0.103215168,0.060520607,0.080380475,0.023036262,0.083874198,0.048841922,0.037299078,0.051657514,0.922834697,0.057133012,0.040732328,0.065297011,0.06337347,0.071404491,0.074211514,0.063994595,0.07097591,0.047800154,0.899982481,0.92928835,0.038100139,0.913262191,0.186974789,0.132973701,0.060007532,0.080125511,0.104568419,0.902039578,0.086409413,0.260695562,0.078915538,0.049273472,0.050992623,0.356660289,0.870137138,0.749928169,0.931110675
0.739798997,0.054238608,0.554830301,0.173962163,0.024013461,0.059263227,0.397932222,0.033049525,0.015068718,0.724721977,0.020186251,0.098672668,0.047003791,0.095535955,0.031912504,0.08921841,0.02191606,0.083681265,0.159049186,0.163412372,0.040632655,0.031804649,0.043404178,0.051215956,0.268508765,0.066785959,0.072962207,0.084914231,0.077021723,0.085976628,0.018773938,0.075032933,0.064711541,0.034867282,0.049253292,0.919164604,0.058638353,0.051357764,0.053906024,0.043171876,0.141538541,0.047293372,0.057746556,0.21134316,0.037901675,0.860548723,0.905344119,0.044174957,0.782686693,0.08771772,0.213925432,0.06195019,0.082661813,0.146332178,0.706572346,0.085371609,0.365721351,0.098147942,0.029390873,0.067552853,0.359600225,0.817054679,0.096425818,0.896120644
0.818384662,0.065457214,0.517764798,0.101657374,0.02627486,0.073186773,0.436354401,0.029166323,0.013755908,0.658614093,0.023656851,0.049591779,0.035350492,0.095009315,0.042858647,0.034400286,0.024460559,0.054676749,0.118802666,0.138894902,0.0397544,0.032288,0.047286985,0.040902398,0.321338341,0.040895812,0.05525233,0.075853687,0.059847752,0.059682401,0.020596442,0.051829342,0.045144318,0.033330601,0.037354951,0.936839562,0.049334796,0.041815778,0.048607254,0.047793728,0.060930164,0.055499251,0.053955546,0.099561215,0.037162098,0.938013189,0.933317094,0.039349516,0.916932238,0.248695792,0.158047209,0.062774777,0.090849919,0.084944002,0.697892536,0.073710113,0.214652415,0.072561743,0.03976796,0.066832133,0.137333245,0.842137013,0.066446941,0.910634324
0.456030987,0.034496474,0.251598317,0.071454722,0.01742107,0.375383372,0.455284369,0.023194486,0.012657668,0.746594311,0.014997637,0.077596925,0.035134374,0.065690602,0.024285764,0.05111012,0.019072993,0.047745516,0.227771682,0.23228089,0.024334002,0.019575224,0.032710474,0.03650065,0.227006795,0.116739516,0.040081641,0.062459611,0.052295958,0.051503339,0.015282272,0.051884303,0.289235853,0.017529197,0.042777543,0.844241107,0.041214567,0.046428735,0.044479918,0.037531467,0.062041806,0.035456117,0.034790708,0.154193482,0.022891762,0.944337583,0.91126309,0.020524439,0.236798422,0.124710158,0.07047282,0.034928268,0.0582562,0.126884436,0.680683974,0.335138669,0.376505499,0.04672215,0.017885075,0.030453199,0.313745246,0.87068556,0.058246003,0.913126666
0.786992542,0.053006125,0.597090941,0.173498336,0.027657686,0.535388451,0.469483305,0.031282771,0.015302255,0.43329474,0.017609954,0.067632179,0.035062371,0.080687412,0.041751828,0.054913684,0.025724372,0.073511782,0.220685114,0.142587433,0.053132576,0.028224263,0.047070946,0.038044091,0.14371245,0.055595841,0.070844472,0.091680456,0.087451234,0.058306293,0.013637683,0.07394291,0.569652415,0.02347011,0.04399361,0.938701378,0.046184573,0.034371888,0.04252386,0.048696218,0.088447899,0.048422194,0.063231892,0.173011566,0.046662388,0.926975445,0.918289906,0.023613598,0.80766999,0.077817523,0.035760714,0.042662511,0.068818894,0.103878815,0.867202223,0.606632801,0.524505588,0.073216366,0.034540057,0.045110914,0.234570899,0.814712851,0.078601923,0.914897168
0.539783848,0.058090078,0.438434387,0.086170257,0.02996306,0.035920773,0.534564364,0.03063612,0.015453666,0.762697739,0.017383724,0.048551087,0.029968091,0.076268577,0.044282147,0.034717439,0.02077127,0.04199025,0.13746774,0.155231191,0.038842375,0.024339037,0.043144339,0.039720545,0.191265595,0.033274683,0.061128787,0.073091661,0.081363101,0.048495052,0.016665647,0.081604548,0.047290187,0.02423646,0.035229321,0.935051127,0.05003497,0.039716938,0.06307183,0.036186353,0.098558678,0.068077798,0.04961091,0.11331444,0.040601176,0.899625138,0.823096399,0.027444581,0.483089631,0.10413407,0.07711551,0.047084736,0.049403094,0.078569165,0.823062266,0.09830603,0.440919277,0.054076883,0.03055478,0.051372289,0.251230174,0.871236249,0.077543877,0.927344702
0.801411823,0.053964358,0.224902425,0.095985793,0.024804829,0.041775597,0.710322728,0.024931965,0.013973671,0.622809098,0.016366856,0.055173575,0.030997604,0.084840598,0.034624516,0.032716595,0.029882256,0.054437216,0.136438936,0.152548852,0.024319576,0.025626623,0.035128704,0.02996649,0.17768843,0.045161091,0.068874326,0.077966566,0.063681546,0.055454095,0.015817829,0.082060613,0.04121292,0.025499875,0.036646998,0.93622324,0.048082576,0.040063382,0.036300771,0.044855202,0.05597971,0.04146345,0.048473544,0.095260751,0.032427739,0.905190411,0.938360552,0.026728967,0.06768948,0.073904986,0.074496062,0.047380444,0.067299242,0.103055038,0.786326563,0.070187668,0.335283477,0.065477912,0.038254915,0.044749239,0.558992563,0.719808768,0.074003944,0.913746713
0.461693307,0.045726066,0.468710879,0.089781247,0.025040136,0.477498331,0.549950798,0.03586355,0.01237223,0.753592532,0.01561577,0.05019286,0.024911168,0.07881586,0.035040596,0.083415329,0.019857622,0.058913791,0.088223988,0.162824814,0.023727342,0.023753951,0.030324242,0.040145224,0.170522052,0.041961374,0.042459611,0.059056614,0.074267201,0.049184931,0.01412161,0.075563635,0.479628231,0.037692621,0.035699176,0.886861113,0.036326717,0.029479074,0.043150322,0.031911828,0.071847975,0.03345527,0.043772985,0.090316,0.034099768,0.931065921,0.925657706,0.024782455,0.558032671,0.04547435,0.047452585,0.037867023,0.052192114,0.088008632,0.805754744,0.526650403,0.348161283,0.036407913,0.026462619,0.032024318,0.177200397,0.795221162,0.050411536,0.929801875
0.796304711,0.050008265,0.605237125,0.105964635,0.018679096,0.244139931,0.715795179,0.025304434,0.012646008,0.583280617,0.012306901,0.036860355,0.031787372,0.076347208,0.029368981,0.049229589,0.025483847,0.034240675,0.162606424,0.142013329,0.044775929,0.017423983,0.01879836,0.036996655,0.172679889,0.029222695,0.033573976,0.05861481,0.061536707,0.052089105,0.013038427,0.065197793,0.192574007,0.018086733,0.046323354,0.926626609,0.042803059,0.043819935,0.032288264,0.025559057,0.07135457,0.034739601,0.048061029,0.068354645,0.023503567,0.909218297,0.958085166,0.025261826,0.195827054,0.098957055,0.097921429,0.040187496,0.061290615,0.106504357,0.861073476,0.218892054,0.158225404,0.048375,0.026366549,0.049345564,0.471668856,0.632835706,0.074318522,0.900205551
0.671205597,0.041145936,0.423511695,0.073645858,0.018612957,0.492715611,0.293619926,0.025593199,0.012789683,0.601251927,0.013014272,0.032726406,0.027294726,0.062173209,0.033552049,0.051962404,0.023195597,0.030474745,0.103846917,0.122586591,0.029176912,0.014655236,0.024565078,0.035706384,0.088445545,0.035027314,0.044515144,0.053688869,0.043231522,0.051409705,0.00973829,0.052925541,0.492802955,0.01781168,0.026101316,0.914726602,0.042076562,0.033177808,0.029431496,0.02630555,0.074912371,0.047274508,0.039510736,0.084229135,0.026294313,0.927075665,0.907970785,0.01900341,0.410309737,0.040795417,0.044407221,0.0421915,0.057600414,0.060532005,0.858560343,0.516476704,0.205552097,0.053542749,0.020342609,0.027582482,0.142892243,0.839077569,0.052641032,0.901883076
0.62028563,0.061231482,0.315342223,0.121387163,0.018000251,0.622544901,0.528627425,0.026453719,0.011099191,0.708902309,0.014645819,0.100061473,0.032684265,0.071806787,0.029134408,0.058705836,0.01480472,0.085627841,0.120012397,0.150573832,0.050983816,0.01693671,0.034285614,0.056456752,0.222525929,0.078475678,0.041260704,0.068936053,0.057520347,0.050744234,0.013564258,0.062145539,0.032575879,0.02902863,0.035261422,0.935091775,0.066899702,0.031078667,0.040530341,0.029186964,0.074700773,0.044675086,0.03508941,0.146482286,0.028431591,0.828121347,0.849288745,0.022284745,0.624838467,0.117340164,0.082885676,0.035193855,0.063028447,0.150283094,0.580121568,0.060683936,0.55808188,0.054503495,0.02009,0.039757831,0.463086005,0.848940892,0.136036593,0.953634509
0.49973533,0.049260679,0.370753928,0.075574658,0.023598625,0.641596267,0.490563801,0.029957221,0.015687385,0.793899073,0.016129675,0.062741202,0.049390583,0.084222392,0.032162093,0.063999045,0.020792052,0.07166724,0.392665388,0.117021903,0.049143748,0.017320048,0.037071266,0.047679641,0.273019011,0.028617379,0.056548594,0.070198506,0.030687703,0.060253313,0.016274489,0.062035452,0.030493543,0.116689361,0.025411964,0.896790075,0.036269363,0.023877284,0.047807702,0.028659225,0.013019609,0.049361244,0.040671783,0.207636424,0.034292053,0.936269256,0.888058602,0.024230649,0.299563179,0.040599055,0.042024492,0.056148211,0.065896995,0.316640788,0.684449999,0.048402814,0.441400346,0.02809494,0.021243446,0.039376465,0.33928998,0.815105619,0.355987675,0.913468453
0.829675698,0.046424446,0.358005695,0.075630244,0.024912687,0.405968358,0.661904259,0.032647218,0.019539499,0.89761494,0.024028577,0.045662157,0.053328824,0.078539248,0.033137442,0.014117138,0.035945357,0.060482282,0.459501476,0.144301633,0.050488383,0.019147175,0.040316741,0.044122501,0.474466715,0.031145096,0.056312993,0.065808125,0.028789779,0.082788355,0.012723069,0.058850475,0.404720916,0.127385882,0.032278588,0.92830669,0.041716317,0.028132953,0.040858562,0.047097289,0.020971176,0.049838899,0.048707549,0.083594692,0.034265631,0.950048038,0.879744085,0.024416275,0.622140587,0.046595752,0.069003047,0.061189803,0.064316901,0.095621291,0.805344906,0.477689431,0.300175676,0.033399359,0.01925334,0.042931548,0.634234245,0.880797255,0.055960517,0.877236439
0.408379252,0.04985396,0.571320023,0.088329191,0.022885225,0.27832587,0.454665895,0.027953648,0.016989419,0.748573298,0.023633707,0.047466412,0.054102146,0.073006099,0.040980537,0.07103136,0.023567272,0.162024927,0.371402037,0.122903218,0.526630428,0.018215576,0.037369563,0.038644861,0.268581721,0.028779541,0.068919421,0.071343059,0.032508489,0.061347188,0.010982932,0.059125418,0.494353899,0.114195949,0.03656823,0.924516724,0.044309786,0.024506033,0.052026302,0.028867667,0.020504457,0.048287938,0.041869734,0.252756089,0.032389346,0.929194711,0.899316084,0.025812558,0.075138215,0.062528779,0.034986681,0.050155023,0.069003364,0.066229049,0.825934585,0.540342464,0.720520971,0.043842196,0.028386065,0.043538147,0.267658352,0.815136921,0.078206334,0.899728317
0.856086623,0.047895889,0.693480029,0.094930542,0.018120083,0.485030851,0.726423783,0.030004326,0.01608279,0.442510391,0.016841471,0.039716958,0.06434749,0.062986471,0.042901516,0.064536644,0.052911133,0.099015537,0.10218024,0.102731954,0.03701224,0.023620419,0.037926811,0.037686657,0.178431872,0.022708838,0.0412716,0.058287873,0.026956365,0.044975572,0.018331768,0.075524425,0.468457811,0.122265513,0.030613821,0.913592732,0.03341381,0.027723614,0.051972992,0.027424388,0.009607958,0.047368531,0.057298478,0.109390646,0.031249411,0.94361617,0.913066732,0.030140273,0.730635382,0.073897152,0.032746236,0.046294138,0.065888364,0.170322854,0.625019078,0.458007194,0.186736384,0.034884892,0.02787818,0.036932467,0.093921071,0.581127791,0.089038013,0.901471092
0.591145815,0.040985026,0.381786097,0.077043688,0.025726983,0.023589184,0.544775995,0.028095163,0.015049338,0.71389092,0.017976014,0.027998146,0.084113091,0.09339939,0.045441367,0.021641797,0.042748338,0.086321614,0.142155924,0.135136601,0.029974075,0.017428394,0.03289713,0.039042575,0.080641412,0.02957459,0.063531981,0.056372891,0.034689049,0.07817305,0.012890911,0.057584568,0.020263583,0.043605098,0.025909215,0.92176861,0.044158183,0.036661829,0.048090674,0.03924425,0.011217614,0.054832907,0.107933722,0.058036524,0.031941896,0.884744498,0.916621781,0.0275991,0.217858999,0.053457285,0.043105353,0.047508676,0.061498901,0.029551261,0.43245116,0.037418269,0.298711582,0.072643933,0.025902544,0.040994852,0.106719765,0.802142646,0.0402,0.901804745
0.757906592,0.050465385,0.518051934,0.073203999,0.030160658,0.358743656,0.527294182,0.026880847,0.015123801,0.905530842,0.021865005,0.032178589,0.091169416,0.065790903,0.035551444,0.022153015,0.031222625,0.161040774,0.189089089,0.150971364,0.042203567,0.028734155,0.039917415,0.043266642,0.117615053,0.036730754,0.058340855,0.068349243,0.026369965,0.063270702,0.014813913,0.041238185,0.644674906,0.065973756,0.036726865,0.933519099,0.051711344,0.028503743,0.04894604,0.036641128,0.01654705,0.05207457,0.093672358,0.135632572,0.032767243,0.659975691,0.791359477,0.029493874,0.495041197,0.070488608,0.049447861,0.041808182,0.048601035,0.059369956,0.701540301,0.576949612,0.483489764,0.048389719,0.034879753,0.040296804,0.443140289,0.837774162,0.054909817,0.926452575
0.571841036,0.042857404,0.478732359,0.072729488,0.031782988,0.570396267,0.615747748,0.025935756,0.013633374,0.724774654,0.019462317,0.045750493,0.052627752,0.06890348,0.044447807,0.014617433,0.028004018,0.091311271,0.15465303,0.127196147,0.038238985,0.018109173,0.032784059,0.041130627,0.077911472,0.030330673,0.066047863,0.059916479,0.031540078,0.067007404,0.009601718,0.068279001,0.611853964,0.052881136,0.036947411,0.921556749,0.058862696,0.036835288,0.050336941,0.033596514,0.036976615,0.050303565,0.102149973,0.089858819,0.035590155,0.92662496,0.942518716,0.023294373,0.581800246,0.050322279,0.034382693,0.04195117,0.065813634,0.03533233,0.615788553,0.551315994,0.348110782,0.077995815,0.035472385,0.038062256,0.22410241,0.888983759,0.066895547,0.898646068
0.420469452,0.047278497,0.366168634,0.084475619,0.022647788,0.447918781,0.401893343,0.031065686,0.014656099,0.846179416,0.019916378,0.032511596,0.063128664,0.082001922,0.044123169,0.016456334,0.028643952,0.09218667,0.25839568,0.136910741,0.046147734,0.018479803,0.035895814,0.040419878,0.216679245,0.028517951,0.071972892,0.061403353,0.035525477,0.066684342,0.009987769,0.055725181,0.020598858,0.053258302,0.028993903,0.921387139,0.049573912,0.036041845,0.046312561,0.052713938,0.014797684,0.05014359,0.051149817,0.085857243,0.03389729,0.936451189,0.912324774,0.030364512,0.683844223,0.054310554,0.041208457,0.048420307,0.063856849,0.036145748,0.560739045,0.040221616,0.316671836,0.055427025,0.021666137,0.050817949,0.189254275,0.874018621,0.068584777,0.947085968
0.887438099,0.059006227,0.230304943,0.083642545,0.019765179,0.190999353,0.799801726,0.024415596,0.0163878,0.819236065,0.022150662,0.037249695,0.053470641,0.066366735,0.036791953,0.036161252,0.019538556,0.092792876,0.161340923,0.136727137,0.03821802,0.01989898,0.038201644,0.038410798,0.227000568,0.029049563,0.060799958,0.072970114,0.031472656,0.078401691,0.008711951,0.081893774,0.436306793,0.032569897,0.029914363,0.943508221,0.049181315,0.023628118,0.050847283,0.045030818,0.013117214,0.046441958,0.06573041,0.124497642,0.039911699,0.932814573,0.942506356,0.019393508,0.101757795,0.06310867,0.040017299,0.047701717,0.066322215,0.031651734,0.565682303,0.62638775,0.172623706,0.066250356,0.02376988,0.037404798,0.141630425,0.873642027,0.047639038,0.934904545
0.524598673,0.031839283,0.241306317,0.069193583,0.021706021,0.27892106,0.134830888,0.02478891,0.011658403,0.666090632,0.015920297,0.047739585,0.024845185,0.069032991,0.025079868,0.025209349,0.01947334,0.021083926,0.09303455,0.15579846,0.017222214,0.016256914,0.025289642,0.038246459,0.187909942,0.027025802,0.037949462,0.060921439,0.037719015,0.044643319,0.01615882,0.057023859,0.191919373,0.017844812,0.027128103,0.88897662,0.030372583,0.04322293,0.035775809,0.038249329,0.056480889,0.046046119,0.036674518,0.057855589,0.026820603,0.385902222,0.87545233,0.01909532,0.882115098,0.039329309,0.060927532,0.03771079,0.05060898,0.046096203,0.757509879,0.315207715,0.494864347,0.058773861,0.026371638,0.055260044,0.116887256,0.744630355,0.041918747,0.918892874
0.924966577,0.035898981,0.684568673,0.091881602,0.017901788,0.526111606,0.748268635,0.027092602,0.012615781,0.840685069,0.014611317,0.027096042,0.044211199,0.061442904,0.025371008,0.00957956,0.017494458,0.038368941,0.100356946,0.166449409,0.049986993,0.012031097,0.03339138,0.020020246,0.162928232,0.033660055,0.039765384,0.049275004,0.020686968,0.047967067,0.008012989,0.055826285,0.626420873,0.016716053,0.027390995,0.898785752,0.038914107,0.014198763,0.039007723,0.016642732,0.006642804,0.029912562,0.036991699,0.0210636,0.027749311,0.916676526,0.959036458,0.015342337,0.80278686,0.030810382,0.033949112,0.033052994,0.058257186,0.021468667,0.88908158,0.594789581,0.087253724,0.040731714,0.020993102,0.023300281,0.269567627,0.71960581,0.04643095,0.916280608
0.475209172,0.039539199,0.721498686,0.081304102,0.01420462,0.374066086,0.649505881,0.020281497,0.013025661,0.894461032,0.010724607,0.037459593,0.03599261,0.053968289,0.025739096,0.02601665,0.014744548,0.034351544,0.621286896,0.173712304,0.042621423,0.008774668,0.03164549,0.029345433,0.194430705,0.027963572,0.029513289,0.061615226,0.021892255,0.034871682,0.005409585,0.051785645,0.460446041,0.015156249,0.012493018,0.939652235,0.049890984,0.009094251,0.030455047,0.017732119,0.006324843,0.03243098,0.012332273,0.142179389,0.0262595,0.951542927,0.908276123,0.012827765,0.69845242,0.015409341,0.02829289,0.032970852,0.062323657,0.090833681,0.849765763,0.509749584,0.158227085,0.037665853,0.016181831,0.026239696,0.240326403,0.826714761,0.07976015,0.920156738
0.6897978,0.041982557,0.432268232,0.085298295,0.015807299,0.399858082,0.586297914,0.03023539,0.013359241,0.900306414,0.013990042,0.069910234,0.043444404,0.067980545,0.024868556,0.106111999,0.017271445,0.127629589,0.093382735,0.163962112,0.051318218,0.014574107,0.032833809,0.038142663,0.338583894,0.041720983,0.044155699,0.04100408,0.027977663,0.040738441,0.012496495,0.048583037,0.018873813,0.024904971,0.021833776,0.928960295,0.045847949,0.015347704,0.039292297,0.022075107,0.0207064,0.042210442,0.036125067,0.211469429,0.028302822,0.876490625,0.92298491,0.01515002,0.422776811,0.082847833,0.036236591,0.036379542,0.064077135,0.164776322,0.77486604,0.033076932,0.219986888,0.043115549,0.02430654,0.022635125,0.251947602,0.823232054,0.080452761,0.927600042
0.919065352,0.036073638,0.720085189,0.084912045,0.013486649,0.276766969,0.477850403,0.016185641,0.012264918,0.535477458,0.012074999,0.021329579,0.035047958,0.064374349,0.020812178,0.023826366,0.012416279,0.046401441,0.074432961,0.177200684,0.033043408,0.010814374,0.031147979,0.022165795,0.094271091,0.023456053,0.029894975,0.080479217,0.024329923,0.037064933,0.006497269,0.062419569,0.623655242,0.019402531,0.012861798,0.919717592,0.036303966,0.010171498,0.028474693,0.018508921,0.00745023,0.041218843,0.01149928,0.158806364,0.02416766,0.909976564,0.947439869,0.012046395,0.663493961,0.0139449,0.025025299,0.026636832,0.056409311,0.022615111,0.456148881,0.613765074,0.15715498,0.032475562,0.014990228,0.021264042,0.062723939,0.637315559,0.042766857,0.833053973
0.54518691,0.040233694,0.264799202,0.090984446,0.013959282,0.026301496,0.409147088,0.018855401,0.011248418,0.832809881,0.012290926,0.024941513,0.035154124,0.060798732,0.019864238,0.008594171,0.013458386,0.020624851,0.06787396,0.124749539,0.03754194,0.009037158,0.031114429,0.019800114,0.326825858,0.026495055,0.02714032,0.051008638,0.022327875,0.059778474,0.010444747,0.04608008,0.016118917,0.036715372,0.012760891,0.949631844,0.027932718,0.010443176,0.030506674,0.020407928,0.010166075,0.034919472,0.012275003,0.071693995,0.028661472,0.962738305,0.971871019,0.011293509,0.802116283,0.017294127,0.023239052,0.028301388,0.055370398,0.018074184,0.411439389,0.024815273,0.135947289,0.033313689,0.015175545,0.025582057,0.029463034,0.826848178,0.053355526,0.940311805
0.770491886,0.045870433,0.439530196,0.071473216,0.017824922,0.458617881,0.53102117,0.028409615,0.015722164,0.850684271,0.013074799,0.026026359,0.046570096,0.086401999,0.039648722,0.010490793,0.020220026,0.047082521,0.150243514,0.127715488,0.037607146,0.016693434,0.036870196,0.031197128,0.405286807,0.030346263,0.051501497,0.061564302,0.02303541,0.062569018,0.009132081,0.072741046,0.54083705,0.051531853,0.023447822,0.921932124,0.046106398,0.019784971,0.044998062,0.028034452,0.008001585,0.046926206,0.034156276,0.079277345,0.029082286,0.938904372,0.869069783,0.02584172,0.589005244,0.043744763,0.030717461,0.037944759,0.061896683,0.02364221,0.742711827,0.573747075,0.328448608,0.048932177,0.021639175,0.035202214,0.114191958,0.873788428,0.057061526,0.917921813
0.788044099,0.068573538,0.180566565,0.069823021,0.029903981,0.321831689,0.305155578,0.030060769,0.014063513,0.5455212,0.025689332,0.061610885,0.0459558,0.103917815,0.038882892,0.077419451,0.033733722,0.05928188,0.146589701,0.113091478,0.061835972,0.023361589,0.056194413,0.033547844,0.166204983,0.035022536,0.03316921,0.070666975,0.065827689,0.095407392,0.023572129,0.074640424,0.278244653,0.055979766,0.063509129,0.923954258,0.060947192,0.043453389,0.046187646,0.038251356,0.066066917,0.045952304,0.081795426,0.087262983,0.027273448,0.940718216,0.919861607,0.030369016,0.075959495,0.126123972,0.141240329,0.056365051,0.079732224,0.092249508,0.839244005,0.273896734,0.249918589,0.058451066,0.028682456,0.074505737,0.452225343,0.832727076,0.088033783,0.910754463
0.819986744,0.057663331,0.590849563,0.091463927,0.029089008,0.625761606,0.72707308,0.030073964,0.013081835,0.648473423,0.02421284,0.051990991,0.049237729,0.090000012,0.032800412,0.051656712,0.027802852,0.029113697,0.535240381,0.094037282,0.029182263,0.025322548,0.044437708,0.024590313,0.20566742,0.06157046,0.045215613,0.114824095,0.075172068,0.0501546,0.015267869,0.076238808,0.52827879,0.039522926,0.052075915,0.904144668,0.047573698,0.044086747,0.038681476,0.039724123,0.070717414,0.063207805,0.051609675,0.099460557,0.03524612,0.891214969,0.927511532,0.050151454,0.098059296,0.081725215,0.195212857,0.063971266,0.085532673,0.076662766,0.88876496,0.508151599,0.286735024,0.064159693,0.036026419,0.04286847,0.248694243,0.863988119,0.060481282,0.915912347
0.734642696,0.053249618,0.603614979,0.066178868,0.026598048,0.062470684,0.280382057,0.028666715,0.014055394,0.683315316,0.023488403,0.050910415,0.029416282,0.064318586,0.042024898,0.026777879,0.029435107,0.030949689,0.142585769,0.148765205,0.030759629,0.023564418,0.040395673,0.02269553,0.490480485,0.222588984,0.037037882,0.069386045,0.035052171,0.114402129,0.020338747,0.065433714,0.052300598,0.051468992,0.064404926,0.853943168,0.034126247,0.043738844,0.043988801,0.029437604,0.084038648,0.042119497,0.053909634,0.073741735,0.031341521,0.93310631,0.923843066,0.040452722,0.92414058,0.054197981,0.054781275,0.052922888,0.069380846,0.131437399,0.871143501,0.062370145,0.132353615,0.049665807,0.029122598,0.066808534,0.100276063,0.878400631,0.055625264,0.906679604
0.462300486,0.061098473,0.149466302,0.062648159,0.023701957,0.059413759,0.724580751,0.031795312,0.013692538,0.82365259,0.026118823,0.081205115,0.03605782,0.077255095,0.030632426,0.042867749,0.020197614,0.034317264,0.184231835,0.12355149,0.040296345,0.023694097,0.034475786,0.027495406,0.137590412,0.038921004,0.038593801,0.067877492,0.061379618,0.072968833,0.025392183,0.068313442,0.044760944,0.057610262,0.04219018,0.920202868,0.044865824,0.044629319,0.054635732,0.038076081,0.066312122,0.04881114,0.046200275,0.109773603,0.031375693,0.903539185,0.92059859,0.038906431,0.077850275,0.094432406,0.07966153,0.048287934,0.072783994,0.112393474,0.67227286,0.080503563,0.200685718,0.051918864,0.033932783,0.048857233,0.89172806,0.792160584,0.072663462,0.908548299
0.636173467,0.052624835,0.367655553,0.116414421,0.031775492,0.215064376,0.661982141,0.03603491,0.015622577,0.864986269,0.017953887,0.08002256,0.037898684,0.110338009,0.051819001,0.053792889,0.02174885,0.046201221,0.631564899,0.234569462,0.033012108,0.049043098,0.037140923,0.044374017,0.405559316,0.046396936,0.061593653,0.088210109,0.080961031,0.068876327,0.018903206,0.084457076,0.048445596,0.025596169,0.040187499,0.927480873,0.062235379,0.054371999,0.055459092,0.053058686,0.076559637,0.064539834,0.060459171,0.10612753,0.032748972,0.889112808,0.917941211,0.024258067,0.685438473,0.069332249,0.066315466,0.055442758,0.093351678,0.390596858,0.853468824,0.098078556,0.804913274,0.062824833,0.053664943,0.064150685,0.240818427,0.883570125,0.085786991,0.845817167
0.619025405,0.047172734,0.244250284,0.111941826,0.026411609,0.605169899,0.487792536,0.033273456,0.01519972,0.802488896,0.01619683,0.121688521,0.030336516,0.094480296,0.041248552,0.204676477,0.015859058,0.219465925,0.335862907,0.135439577,0.102807055,0.024669413,0.032584176,0.089067048,0.231983884,0.103730412,0.05312893,0.080334693,0.102307876,0.061122517,0.011917014,0.072357095,0.566680722,0.023023635,0.036304518,0.962095427,0.084587069,0.033389886,0.048424105,0.038929336,0.164708493,0.054717908,0.061527598,0.359552734,0.034145228,0.84397878,0.870727937,0.025143752,0.330541436,0.111319949,0.119974735,0.076336427,0.07130376,0.21696655,0.745290214,0.62288033,0.716416781,0.070908002,0.03456337,0.061363099,0.548610739,0.879566724,0.146257895,0.928168274
0.523175495,0.048486382,0.470474331,0.09896015,0.025162287,0.068938483,0.592607048,0.019977291,0.014555516,0.796365884,0.017602537,0.061865012,0.050160637,0.096302891,0.041101869,0.027085337,0.019344622,0.029185914,0.223844243,0.17959037,0.033548032,0.02986334,0.032997388,0.042598908,0.272500669,0.039696655,0.068704093,0.070913473,0.085165569,0.054502635,0.018316382,0.076260497,0.057080569,0.033781255,0.049055762,0.938177732,0.035605693,0.035080697,0.059065023,0.058584175,0.045198677,0.035995593,0.071046936,0.080110565,0.033738077,0.945220576,0.892629271,0.0217456,0.697909182,0.035407187,0.079750895,0.040184484,0.048853609,0.368577147,0.87457928,0.100232509,0.460787305,0.060500575,0.041876181,0.05010988,0.28905835,0.893543551,0.065965765,0.922272112
0.7687878,0.082555544,0.550610403,0.121390114,0.039163972,0.039549287,0.45974481,0.024687798,0.015220132,0.761037628,0.015827636,0.065819829,0.035088791,0.094940489,0.038135458,0.040248587,0.018435459,0.035841578,0.113244128,0.122967678,0.02803978,0.027116462,0.037046333,0.046279225,0.088555841,0.035504726,0.071066465,0.079594796,0.063254301,0.053851723,0.016360615,0.065396995,0.04558907,0.025341392,0.038233899,0.935531497,0.046187725,0.036298607,0.062130454,0.059483951,0.065350015,0.055097532,0.052345526,0.113857106,0.029116729,0.929389043,0.898717178,0.027714626,0.802824689,0.049545838,0.074755802,0.043823163,0.071526553,0.091208667,0.720020085,0.096210136,0.489370514,0.066832244,0.022738616,0.04297734,0.249817694,0.893939121,0.064946498,0.903229073
0.836983849,0.07171942,0.659432316,0.088193021,0.029073335,0.040174966,0.36189115,0.027938179,0.010813933,0.851128621,0.012234718,0.041510968,0.024299243,0.105889773,0.034493434,0.035705249,0.020252637,0.036235776,0.494125472,0.127049126,0.539010791,0.025245299,0.027973497,0.033290777,0.334816227,0.034704126,0.079926083,0.076095429,0.06595098,0.059222838,0.012905011,0.090769808,0.036469855,0.023115103,0.03820511,0.942891248,0.049065219,0.027341898,0.044442601,0.050917303,0.069008323,0.055774884,0.06136442,0.100886284,0.024700227,0.925377226,0.944964693,0.024625326,0.943306428,0.239878485,0.099516377,0.051013245,0.053133843,0.142705119,0.711655801,0.071328415,0.607434915,0.069904612,0.023775811,0.049872847,0.105870365,0.895090485,0.061065784,0.929658339
0.816046596,0.050258269,0.287516095,0.098878476,0.033819076,0.535973669,0.711509213,0.034521679,0.014158426,0.769361178,0.02382085,0.052361461,0.041166387,0.092918674,0.040798103,0.03112441,0.078785852,0.037818298,0.210652148,0.10892356,0.040879605,0.031264865,0.043109099,0.036882535,0.333338433,0.051633953,0.039684125,0.059380885,0.088574109,0.042151884,0.013618384,0.073191264,0.568683143,0.030543244,0.052276455,0.887347405,0.072205767,0.035073606,0.045096596,0.036953948,0.06737834,0.051884081,0.07240132,0.122787133,0.028918037,0.871798918,0.939133458,0.029072426,0.865844335,0.158820686,0.050165529,0.045412063,0.078438632,0.129341288,0.601952116,0.587778849,0.428341798,0.055246568,0.062750836,0.062625711,0.244975263,0.899258851,0.091573851,0.853274429
0.706705385,0.044939471,0.353864693,0.086325893,0.041751726,0.568006247,0.510094345,0.0312103,0.012834562,0.699528313,0.018046451,0.081229102,0.040746469,0.069446189,0.058082198,0.080503468,0.018388395,0.047681047,0.867306462,0.326023678,0.058112223,0.021843416,0.043195332,0.046802805,0.328520336,0.036611514,0.045820838,0.078347055,0.08264674,0.050461847,0.011230257,0.079767313,0.473496046,0.026652547,0.045556445,0.91766346,0.043880535,0.033861573,0.049642394,0.045915117,0.096377616,0.053456507,0.050614609,0.108318108,0.028309432,0.879436076,0.897735148,0.03095764,0.772192306,0.195547714,0.048801634,0.044383425,0.074362159,0.35108365,0.750141333,0.557402107,0.537579641,0.048165964,0.028689667,0.053190457,0.543260324,0.859289679,0.194910445,0.922516562
0.801129673,0.038820355,0.412480684,0.067927222,0.032259194,0.448999459,0.388266088,0.025851116,0.012072831,0.730588301,0.018496062,0.086739026,0.033278364,0.076320802,0.044950699,0.045053589,0.021819628,0.066600875,0.202253799,0.131717474,0.045537438,0.029520157,0.054807421,0.030747284,0.1554511,0.042448529,0.048954973,0.105406702,0.079478487,0.046274047,0.012477617,0.082341997,0.379606794,0.026771856,0.046013145,0.945297198,0.071382427,0.037950889,0.055699546,0.041076284,0.075293605,0.053629943,0.051579684,0.159586885,0.033518512,0.846589901,0.885752754,0.029689758,0.655915998,0.102243378,0.113735884,0.051506881,0.070852193,0.147000118,0.644061119,0.448310859,0.45722959,0.047470289,0.024782975,0.045821121,0.438247753,0.807190812,0.086002023,0.885708905
0.634644246,0.058113195,0.429904391,0.081029797,0.024148821,0.645545369,0.466401666,0.028724451,0.011667924,0.751411322,0.0151598,0.120828662,0.030316617,0.092416025,0.031238451,0.057831114,0.015898998,0.063701955,0.140522961,0.172204769,0.039275158,0.031299144,0.029760864,0.047550078,0.1044315,0.03454295,0.074221382,0.080319292,0.081991447,0.0533543,0.017760984,0.072739081,0.037756175,0.025313328,0.034964498,0.947587604,0.082609141,0.036559879,0.05283433,0.04074221,0.079434212,0.052825558,0.056516031,0.190260708,0.032672446,0.949342755,0.815774084,0.023514231,0.644731566,0.144709798,0.123735541,0.040210234,0.07067244,0.173696558,0.791468402,0.073214931,0.507506279,0.053952414,0.029165334,0.047643378,0.511475569,0.8538635,0.112908825,0.949758861
0.74868347,0.177651222,0.5405107,0.082744267,0.036799921,0.060888328,0.377171839,0.030302664,0.011947807,0.791755573,0.018055559,0.067878849,0.031248934,0.134391729,0.049305339,0.47408641,0.030124479,0.079188018,0.792943046,0.164184723,0.018457148,0.026162155,0.041769184,0.038954051,0.465281598,0.042914822,0.066395066,0.142022742,0.104450062,0.106762851,0.044032208,0.136155962,0.044822847,0.020616046,0.057799295,0.928179664,0.122068168,0.037542158,0.054229948,0.395264564,0.126997946,0.127385587,0.120126412,0.134517679,0.038892271,0.926662234,0.9416326,0.048894029,0.783171914,0.107091203,0.058699784,0.044540731,0.101580466,0.3624644,0.655404076,0.076800174,0.749311117,0.077021119,0.035114594,0.078637638,0.495350025,0.884898567,0.081614591,0.914079472
0.770636779,0.044362308,0.382737913,0.068771644,0.031643404,0.545040903,0.59129526,0.026681365,0.012780577,0.701576269,0.017943952,0.075812268,0.024640639,0.081476659,0.037995404,0.042137264,0.017905256,0.062157153,0.628257106,0.118006088,0.028144508,0.031431516,0.033369577,0.040657016,0.159832576,0.027395897,0.060706807,0.079983642,0.067621168,0.053261107,0.012032332,0.077231371,0.537559434,0.024040455,0.027953544,0.92292664,0.046313591,0.030792347,0.051067702,0.03398767,0.079296382,0.037013912,0.043021932,0.164366177,0.028357985,0.880559118,0.805955853,0.023486091,0.838804933,0.071891407,0.074733384,0.036334119,0.059322281,0.178531132,0.860662223,0.57892172,0.536859223,0.060596066,0.034494533,0.032663857,0.324173852,0.85331213,0.070343313,0.929087682
0.792738312,0.038499053,0.268247812,0.072189555,0.020558361,0.490865605,0.683739985,0.029129967,0.014984022,0.671857947,0.022073257,0.053824785,0.02748366,0.080579936,0.035245424,0.086562718,0.028639131,0.055559535,0.373445917,0.16152209,0.023035807,0.02413171,0.031419373,0.032846967,0.13290888,0.039207844,0.04734943,0.078832872,0.06507743,0.056841289,0.013437778,0.072916134,0.565389109,0.028376875,0.032022222,0.914492089,0.042553773,0.041485909,0.04157444,0.039656925,0.069295227,0.035167293,0.04535381,0.151045526,0.032025383,0.898807468,0.918737995,0.029071474,0.88895931,0.033916109,0.032820238,0.039296285,0.046013756,0.058050017,0.563516775,0.569253748,0.378839871,0.044034997,0.021684028,0.032504415,0.265649368,0.823713882,0.062186404,0.926597724
0.776278375,0.040792415,0.573495207,0.070029099,0.028526774,0.329990285,0.704567398,0.032003095,0.015697169,0.743901122,0.023004879,0.068263646,0.042609371,0.094858308,0.039545138,0.058994416,0.022878399,0.095732499,0.817149706,0.104895934,0.070379932,0.024450262,0.051909667,0.044529237,0.415963851,0.660588241,0.03778056,0.089417966,0.06289099,0.044284742,0.018314046,0.075572147,0.556090716,0.049968733,0.062760211,0.928057658,0.049472141,0.034563382,0.03617174,0.032840225,0.079005489,0.056862088,0.058152317,0.131785974,0.031638014,0.917532793,0.944298417,0.035541393,0.830165073,0.152194968,0.200615037,0.061266272,0.079303902,0.365916671,0.853664482,0.484608301,0.612187126,0.075565086,0.045418167,0.045397058,0.281164202,0.887343364,0.072889424,0.925275154
0.454183331,0.034250214,0.262425819,0.088345015,0.02429007,0.030589639,0.402933415,0.0217901,0.012809127,0.647327474,0.014462883,0.207799173,0.027471747,0.07310512,0.039724159,0.045131638,0.021655345,0.033145125,0.16006642,0.201724844,0.019714593,0.023210632,0.032541197,0.063127671,0.098989225,0.040497811,0.067433661,0.063923991,0.05152346,0.063901479,0.01707468,0.070636215,0.041139453,0.026612584,0.032646229,0.921049873,0.045859109,0.033969783,0.064470293,0.039332362,0.069557952,0.04896481,0.039023966,0.095563613,0.028156674,0.943011146,0.895425085,0.024065764,0.575503996,0.038100001,0.03519429,0.047494265,0.047037687,0.065371483,0.875126295,0.070458428,0.416947144,0.048537208,0.034010632,0.052451412,0.135614309,0.738045932,0.075340088,0.903345572
0.467170274,0.043030968,0.454184389,0.097101859,0.032774321,0.263496518,0.304295802,0.027017291,0.012039841,0.635811907,0.016596602,0.063890401,0.042264289,0.087858556,0.037996476,0.030077269,0.020146955,0.030721825,0.195510753,0.15099043,0.046254062,0.02021268,0.035436046,0.038805642,0.181251501,0.03603579,0.033696396,0.066675531,0.04619457,0.073731055,0.013144472,0.061251183,0.292197624,0.04170254,0.092639988,0.905002797,0.041674116,0.038833196,0.035536376,0.027771976,0.054551993,0.044538684,0.070040122,0.056093319,0.026911185,0.873935243,0.918086621,0.026190156,0.151840158,0.10615656,0.083872963,0.046917767,0.07106504,0.079911698,0.733158958,0.263761551,0.470627261,0.049467466,0.020458203,0.062330766,0.226482956,0.830516948,0.063704685,0.940926274
0.569370481,0.055715003,0.179257442,0.090098912,0.028672088,0.242827277,0.419855261,0.032069477,0.013334568,0.790675321,0.022415703,0.124380108,0.050488172,0.092361564,0.045616701,0.080890449,0.016555403,0.13215366,0.229731355,0.165588139,0.055962264,0.024296898,0.039855282,0.07405267,0.216691627,0.101730517,0.085206472,0.097343857,0.071043271,0.060842184,0.01855384,0.08742383,0.07934777,0.035619575,0.04818029,0.928779173,0.09077967,0.043609133,0.063337433,0.070765641,0.151572004,0.06323498,0.058296193,0.285162848,0.037911232,0.936732369,0.779123638,0.024844099,0.405521741,0.175212517,0.155093615,0.060237382,0.084507277,0.22423927,0.751472555,0.092800793,0.628375541,0.07154443,0.046518575,0.056725084,0.679879888,0.841013776,0.164857954,0.92633884
0.658561067,0.053605172,0.427394962,0.122143711,0.027011284,0.737215211,0.588025311,0.033939847,0.01297603,0.708229897,0.023017825,0.062348701,0.038714551,0.080847999,0.0367906,0.049856112,0.024248498,0.035840534,0.742556913,0.176487259,0.040306586,0.029164918,0.044393421,0.033692942,0.398684121,0.035724878,0.03302107,0.084445934,0.077967763,0.089512146,0.026014505,0.073224746,0.048392348,0.034464866,0.046314828,0.860085886,0.193674206,0.053629562,0.055846247,0.026956016,0.070893125,0.045777008,0.046049968,0.103851704,0.03090773,0.909292334,0.858807026,0.032801521,0.741893902,0.123332465,0.05615418,0.047012295,0.073421761,0.222380392,0.820504241,0.06833916,0.299188331,0.042498551,0.031674684,0.034035561,0.302768167,0.760609144,0.143591446,0.910859017
0.709193262,0.063813865,0.471734975,0.162552665,0.031190196,0.496751437,0.407426561,0.034155417,0.012635403,0.847280334,0.018193638,0.089467382,0.052973017,0.11785866,0.051256468,0.07392532,0.015552749,0.077861769,0.443969225,0.209035481,0.067155817,0.028990047,0.036299105,0.056529516,0.361988559,0.048972663,0.080239751,0.107550249,0.092594571,0.065258058,0.013574314,0.099246511,0.492322269,0.032538737,0.043064093,0.931439218,0.080434089,0.043719452,0.064905235,0.071340253,0.091240506,0.063818529,0.079426308,0.14361863,0.037360657,0.840687789,0.852020817,0.030774861,0.782313222,0.199483301,0.107407938,0.046079885,0.098774572,0.282495954,0.811986321,0.568294648,0.577887727,0.077198641,0.044796916,0.049815699,0.375740451,0.901280895,0.109160806,0.9007193
0.80033032,0.051419189,0.521482152,0.089243646,0.029106478,0.102925293,0.353779741,0.027555122,0.013384354,0.827111401,0.01831736,0.039192909,0.030740722,0.047883355,0.028061113,0.034652837,0.022243404,0.048507436,0.145969552,0.148621967,0.02949947,0.026223788,0.038803971,0.03525025,0.251740815,0.035568952,0.04006011,0.066410947,0.062485906,0.059915209,0.014092655,0.060362076,0.046259851,0.031730478,0.089615213,0.8781967,0.033820987,0.034371486,0.045501904,0.03089874,0.07301723,0.042924928,0.078563622,0.069595271,0.03026511,0.924386103,0.91553807,0.025011418,0.653442906,0.059778562,0.060374607,0.041604082,0.054011883,0.070000435,0.812568895,0.065178101,0.420843934,0.052885999,0.034317112,0.042684579,0.211000363,0.874017212,0.055626163,0.932802877
0.788366067,0.080612359,0.559262238,0.07145653,0.018082854,0.586632733,0.670638312,0.019692661,0.011114423,0.879215782,0.014883228,0.068183059,0.024691826,0.096801355,0.025721441,0.088390634,0.015802469,0.038117154,0.818528693,0.122135072,0.072201869,0.020066693,0.027881006,0.06055848,0.572899257,0.038973736,0.044893311,0.088467359,0.069667604,0.05149036,0.014237031,0.069385176,0.5391714,0.023669847,0.038515747,0.914866582,0.060841052,0.028379278,0.051142917,0.060392165,0.093470084,0.03718935,0.044130782,0.146057138,0.024492254,0.855596775,0.941970563,0.025112462,0.837029634,0.047843401,0.051671678,0.040841615,0.056708197,0.125803222,0.683516745,0.578086225,0.450111295,0.069486269,0.027495845,0.042408075,0.285886594,0.855524261,0.082802565,0.920953672
0.807757743,0.049508786,0.741162875,0.071190866,0.023680682,0.843520326,0.544794463,0.030589802,0.011827429,0.798887649,0.016673052,0.079329755,0.027841416,0.072955854,0.035611797,0.061178922,0.016700047,0.029599922,0.918611406,0.152270097,0.022835566,0.029044574,0.052180033,0.03549033,0.449974232,0.555771455,0.048567297,0.104870046,0.066607441,0.056350419,0.017238927,0.071273961,0.404664259,0.025496552,0.070418592,0.918098686,0.061859638,0.042362168,0.047722076,0.031306293,0.063766326,0.036600527,0.048875828,0.076041355,0.028526797,0.925746641,0.924622419,0.032841169,0.910483565,0.07830793,0.078275068,0.048680842,0.064122018,0.339646529,0.854347946,0.343966873,0.267868442,0.052098718,0.035661001,0.064662982,0.581014491,0.860984738,0.559602586,0.939859498
0.888555171,0.051534316,0.824100196,0.069831461,0.023640508,0.030127697,0.796949885,0.047764745,0.011152287,0.776793698,0.017750623,0.055554806,0.037566552,0.063343289,0.047611348,0.04950872,0.016302376,0.092945836,0.151420744,0.114192689,0.03732549,0.023077338,0.035909293,0.029326115,0.206332342,0.045195316,0.040364841,0.090283093,0.0811011,0.04756021,0.021016139,0.075642935,0.03559553,0.025927832,0.036239396,0.938503854,0.047765396,0.043064177,0.049770015,0.027580538,0.073358671,0.073875824,0.057632794,0.090033783,0.030379135,0.944742595,0.949602711,0.038819581,0.957580062,0.059967617,0.075635476,0.050129403,0.053316704,0.072059865,0.610802962,0.11296015,0.25720658,0.054079821,0.036401174,0.054281264,0.191305638,0.791186875,0.070266099,0.927626431
0.420129929,0.046743884,0.377046331,0.074455847,0.025425797,0.379855766,0.248855846,0.036257665,0.013767413,0.664729924,0.017589045,0.058464944,0.027970019,0.094094682,0.033633714,0.033378032,0.020296554,0.037303271,0.132467674,0.118615386,0.041420294,0.022186508,0.040453617,0.040381996,0.097101231,0.035936014,0.048657895,0.082359078,0.05782784,0.062409198,0.011042786,0.072419202,0.230833863,0.026181363,0.043753344,0.942607,0.048918256,0.035315024,0.054167698,0.035521791,0.071031236,0.045685461,0.053192583,0.111743634,0.030712714,0.951310288,0.918671149,0.027494911,0.481127429,0.061149653,0.08585449,0.042378331,0.061734974,0.09302071,0.818459664,0.444740603,0.350211865,0.060506624,0.030003687,0.054155364,0.188768425,0.840484118,0.064293569,0.938410612
0.838800909,0.062750872,0.729121473,0.101876882,0.03239574,0.709138536,0.6579397,0.033366587,0.012843218,0.912237121,0.016977376,0.06880057,0.041807941,0.095122848,0.04654966,0.048506302,0.018259955,0.031006854,0.34341053,0.232187688,0.040907772,0.026807175,0.047681847,0.054657792,0.400196087,0.046049733,0.072341442,0.096163505,0.073409812,0.070919537,0.019643322,0.083175794,0.053477634,0.025085973,0.04439382,0.928873894,0.059250834,0.053293508,0.047829176,0.049921995,0.086748316,0.064012199,0.064704013,0.08692685,0.03094878,0.892445426,0.882447937,0.024523451,0.926152659,0.197700783,0.069186436,0.061807984,0.082802543,0.168798027,0.908093357,0.094869872,0.346992595,0.062820034,0.044107343,0.067548292,0.297548269,0.861527013,0.31147951,0.926253999
0.812764602,0.05191793,0.661967856,0.08168023,0.033079597,0.837214688,0.32320938,0.041805306,0.013747574,0.788761866,0.017308614,0.064005048,0.046237833,0.105996463,0.051556913,0.056110128,0.018289035,0.11447083,0.302235536,0.0,0.050631883,0.027300714,0.043939101,0.046807012,0.122268234,0.519916719,0.101416775,0.084229714,0.05807782,0.064738192,0.020111599,0.069855516,0.285608085,0.038392111,0.055563382,0.933827235,0.062213634,0.04575214,0.049057583,0.062777277,0.090586024,0.062681834,0.061075466,0.137608054,0.036856819,0.953723115,0.315423322,0.033265727,0.927402849,0.075544044,0.078239217,0.064617491,0.070699415,0.118715036,0.862826481,0.346005213,0.41094619,0.067824632,0.029079882,0.046482887,0.255111601,0.820611025,0.328077768,0.937006749
0.784666661,0.064368442,0.284456982,0.070486411,0.02999717,0.421666596,0.689727649,0.033520446,0.011494766,0.679675294,0.018425791,0.046854109,0.038348926,0.075738997,0.034410431,0.043383404,0.032184297,0.050558299,0.334984009,0.161393399,0.104855879,0.025130899,0.034322405,0.026978199,0.395286082,0.21125393,0.030634229,0.075464883,0.066191273,0.054263765,0.015344153,0.080752327,0.524451249,0.036038937,0.047470534,0.912757383,0.059981157,0.043371171,0.045039405,0.025602082,0.073002152,0.048251561,0.052792325,0.123120603,0.030176443,0.851756433,0.927873944,0.026825875,0.615251405,0.235209531,0.042310486,0.052603897,0.072731915,0.227994601,0.715668671,0.582363189,0.357569344,0.043913278,0.039074857,0.051009272,0.296044956,0.853813125,0.094924955,0.90162389
0.521033811,0.040685959,0.064763656,0.071296608,0.024338312,0.055233474,0.534675244,0.026185009,0.014858722,0.536761437,0.027950292,0.082594458,0.035640944,0.062735874,0.028982736,0.023276063,0.021178385,0.060862315,0.155505484,0.187445071,0.041546516,0.024515628,0.054722116,0.029476376,0.366563471,0.037519693,0.042414094,0.06723926,0.064415225,0.049104713,0.015969241,0.066853023,0.074243961,0.02321492,0.038849274,0.929030345,0.068604702,0.04806019,0.05884178,0.030700102,0.071103306,0.062627643,0.049021256,0.132642299,0.025881952,0.925864525,0.901109439,0.031123624,0.370007042,0.048994367,0.077899223,0.045634048,0.081960712,0.1466656,0.737314098,0.087793016,0.450114212,0.045064218,0.049955863,0.040697461,0.221758506,0.900981889,0.058586038,0.917828978
0.572593463,0.045515596,0.120738404,0.091571058,0.033645757,0.103221545,0.272751434,0.035037259,0.014853719,0.631400676,0.018972767,0.059585996,0.042308346,0.095007767,0.051298504,0.058326967,0.020387475,0.057915592,0.157469298,0.145194153,0.036528182,0.026884696,0.029487793,0.047999634,0.267755767,0.062576357,0.075528525,0.085820334,0.076764406,0.070216958,0.014771673,0.091548351,0.059038562,0.028076664,0.053863801,0.946166411,0.051759023,0.039878116,0.051529362,0.051813397,0.074804826,0.065288363,0.07401014,0.087921005,0.039873566,0.884601505,0.927833458,0.030914865,0.736505623,0.076822161,0.072817991,0.060021476,0.089852708,0.106502102,0.920385489,0.08995805,0.235776139,0.072605691,0.039598092,0.067294755,0.144365199,0.877383761,0.080666716,0.94296621
0.804814718,0.045531837,0.533085621,0.077816434,0.023055507,0.072221461,0.361259591,0.025452516,0.015700321,0.742770138,0.018939069,0.064275115,0.026905829,0.111789905,0.036938088,0.065010026,0.018089812,0.065608058,0.172798361,0.20914585,0.041282218,0.029200208,0.040920735,0.054470333,0.310052657,0.043985643,0.063995954,0.067038124,0.075529987,0.074136396,0.013847554,0.075169224,0.059842798,0.029572936,0.055956895,0.936019188,0.043521205,0.03748301,0.048003492,0.041916142,0.070120922,0.052953347,0.050425969,0.115821164,0.034736565,0.948312575,0.916512452,0.027876896,0.856033191,0.073212579,0.102421633,0.049859732,0.068514316,0.103086633,0.807295261,0.079989345,0.643999734,0.052688527,0.024781622,0.059683532,0.330692656,0.898385654,0.076362917,0.940896427
0.703238416,0.056926859,0.539491366,0.109804584,0.023658623,0.040589725,0.515210811,0.029976673,0.017661719,0.849825929,0.017904841,0.091171,0.03365494,0.094830318,0.038078121,0.043943738,0.016065447,0.047811903,0.153853757,0.147923862,0.028381882,0.027207958,0.041409502,0.054796556,0.305737188,0.208420127,0.098752727,0.084819333,0.06458597,0.060525691,0.017865429,0.071418917,0.058149713,0.023875562,0.040642263,0.954795625,0.074578133,0.033161063,0.052464618,0.048269767,0.073147163,0.049958652,0.061538918,0.118843462,0.039231939,0.905043592,0.841171526,0.019787832,0.660917071,0.172908417,0.060765983,0.044335869,0.070078481,0.202415358,0.808123824,0.122807077,0.54829516,0.070015015,0.039268173,0.043268144,0.390010164,0.871360682,0.086080756,0.93802829
0.83994554,0.046689897,0.683386461,0.068467577,0.029400368,0.122776633,0.469823951,0.032252737,0.01230756,0.736908732,0.013775758,0.051132867,0.020447816,0.071826694,0.056910337,0.028135963,0.024338349,0.040644018,0.19780621,0.161259933,0.043619833,0.026775671,0.039068732,0.035667948,0.335848725,0.045504312,0.071271117,0.081536108,0.060042228,0.037352542,0.021527238,0.064249951,0.066742941,0.031600044,0.060752872,0.94063035,0.049640285,0.031991721,0.040488457,0.037774866,0.079937049,0.045987709,0.057514839,0.066879433,0.038224725,0.936036043,0.912855472,0.050854738,0.932753878,0.103669484,0.067017076,0.034073648,0.076192241,0.119600292,0.656857962,0.071667605,0.39943639,0.043290846,0.027421871,0.049951867,0.212659089,0.929879657,0.07242143,0.924544897
0.824156681,0.068948579,0.455661247,0.069627155,0.026091963,0.805884964,0.689841463,0.034172402,0.015622741,0.505216691,0.018371352,0.072487486,0.033212701,0.091180144,0.046195936,0.034728907,0.018994166,0.057879118,0.903887891,0.179333455,0.042455248,0.021961448,0.09257482,0.043527474,0.406590509,0.063165142,0.051018055,0.092017413,0.071746921,0.065267605,0.011984431,0.07895548,0.622388181,0.02399736,0.04175777,0.93914905,0.036987446,0.036486854,0.0505729,0.530323376,0.06899703,0.103511584,0.044780808,0.085024955,0.049334637,0.935653946,0.901464484,0.023154339,0.079317791,0.444320401,0.060317103,0.049839485,0.067477918,0.138301791,0.463939802,0.61840122,0.933835032,0.066215052,0.048102111,0.049102757,0.250757737,0.833439208,0.115678188,0.823843217
0.760847876,0.070888664,0.462742343,0.11872387,0.027981635,0.582596464,0.555818903,0.031647493,0.015167109,0.70774887,0.019868449,0.064299235,0.03862566,0.117117995,0.044910911,0.036957081,0.017540145,0.050464019,0.641198994,0.157469773,0.026327659,0.023705358,0.042648535,0.044020656,0.222040329,0.056215875,0.06004436,0.09148075,0.088306874,0.062280186,0.014977495,0.092825439,0.569788505,0.025065155,0.036940056,0.923664865,0.059526855,0.048046415,0.061970267,0.054172612,0.08982282,0.06214914,0.051235683,0.092718708,0.033592313,0.943133965,0.938483086,0.024465333,0.892163666,0.051869512,0.054554096,0.058981258,0.074352953,0.068689048,0.849609976,0.626052169,0.28044363,0.057835197,0.035333739,0.043398383,0.190997257,0.833939479,0.107328727,0.939840784
0.859150493,0.064695069,0.799538715,0.189403191,0.035076863,0.381715068,0.516468632,0.037759056,0.015543476,0.645127234,0.015674322,0.060995848,0.046738018,0.091902947,0.038936077,0.049138097,0.019821933,0.031736386,0.219156576,0.0,0.034503977,0.029434505,0.037453258,0.066875179,0.251456172,0.058009755,0.047885102,0.088164888,0.069894327,0.060644006,0.020312158,0.084953175,0.32972382,0.044594355,0.054666052,0.949474074,0.067602936,0.054060911,0.078941968,0.046022686,0.065412191,0.106074194,0.062811777,0.100752468,0.059853383,0.946572205,0.923212449,0.038068176,0.133216658,0.157295071,0.092382451,0.084827631,0.055824157,0.173475606,0.874371781,0.316908864,0.958160018,0.08367803,0.037192519,0.051582374,0.163572925,0.910065192,0.072983232,0.902664312
0.769716152,0.06847643,0.507982596,0.084661352,0.025029396,0.6141648,0.437373284,0.031050951,0.012264591,0.664513813,0.018514127,0.104027974,0.040488004,0.094202231,0.060728288,0.048049156,0.018634299,0.048933662,0.331342892,0.199812848,0.026936336,0.031712617,0.041016814,0.060033515,0.454057549,0.04965149,0.075826415,0.10856461,0.078122793,0.105909103,0.015679145,0.082062277,0.603574321,0.033009864,0.048670557,0.941877169,0.04740446,0.043423583,0.066239392,0.114232741,0.089780806,0.073982444,0.05408942,0.124058682,0.034201016,0.927142652,0.952457765,0.027330437,0.847037555,0.065284061,0.130139926,0.072954833,0.089855957,0.105556295,0.840832942,0.626104357,0.476961942,0.073473288,0.041339136,0.057561701,0.218545928,0.901931024,0.10320522,0.91963029
0.807997764,0.044038195,0.481122278,0.067756109,0.023441793,0.294015589,0.50081306,0.025822386,0.012945008,0.755683506,0.014061694,0.056930385,0.025205826,0.092053306,0.040825886,0.035776358,0.018648651,0.027534805,0.150949688,0.121882807,0.027275401,0.020786393,0.030912939,0.044252479,0.277531643,0.035189236,0.07044892,0.069128513,0.074187618,0.071182049,0.009559282,0.077646695,0.352966564,0.025996091,0.035769777,0.934951566,0.058640152,0.035289449,0.05022505,0.042837004,0.070814897,0.062007745,0.045851241,0.132812919,0.041193502,0.962456148,0.950136505,0.025754571,0.760204415,0.056905961,0.068376678,0.054898464,0.080069597,0.089223748,0.64631295,0.401574782,0.337473218,0.064640923,0.041057165,0.049860772,0.220970566,0.866162619,0.084524473,0.955231191
0.589253524,0.11704005,0.36723567,0.058996567,0.022416732,0.593101596,0.437658022,0.024806519,0.012585152,0.781930396,0.015107622,0.083359752,0.042457027,0.082146689,0.031485233,0.027153655,0.021205657,0.028919171,0.665201114,0.231581273,0.026283501,0.023260017,0.035268366,0.037173666,0.342452221,0.030196222,0.039325453,0.067009795,0.076023285,0.070903916,0.023870712,0.08129203,0.035419308,0.022762326,0.047486277,0.908497411,0.06994839,0.03977585,0.057169412,0.067924723,0.062369942,0.043451564,0.051186855,0.134917605,0.026698836,0.961002196,0.766836814,0.024848372,0.572771002,0.201014689,0.092243421,0.041731107,0.071897376,0.189836876,0.878267887,0.065829141,0.697066332,0.044521779,0.037574245,0.037367042,0.506833044,0.80267087,0.366264964,0.866650963
0.755116904,0.061170269,0.300265913,0.073767801,0.025714506,0.709335279,0.645775108,0.031208838,0.014437342,0.714147234,0.018534078,0.076821555,0.035136525,0.073215273,0.03434419,0.048355955,0.019258177,0.035536339,0.638209012,0.250423344,0.025475869,0.029525299,0.045709417,0.035025787,0.474284452,0.031994295,0.03026244,0.066991204,0.064476492,0.073441287,0.018018888,0.069386113,0.041604782,0.02732923,0.046084379,0.900606717,0.069934736,0.040213484,0.045282827,0.041625038,0.071530731,0.038861904,0.066611592,0.092357984,0.027983537,0.902067867,0.858996685,0.026512409,0.844186236,0.084948943,0.079508381,0.045056191,0.053737625,0.197586254,0.714390379,0.072495353,0.390274174,0.04977514,0.030934188,0.048241823,0.401377692,0.866143744,0.206761466,0.913939791
0.744495213,0.060837446,0.5882885,0.092720995,0.028215074,0.063009664,0.606211872,0.031223576,0.014789546,0.795176459,0.022985548,0.047751278,0.057633036,0.073116519,0.030479016,0.039585027,0.020915809,0.036147292,0.328274965,0.175493267,0.027021564,0.024431759,0.040614215,0.053994833,0.349315231,0.050535687,0.042196022,0.075627814,0.048328495,0.099568769,0.021038908,0.070796878,0.051261395,0.03915803,0.050529637,0.900372923,0.046193629,0.052338414,0.056265183,0.037494683,0.060369712,0.032689872,0.058853282,0.080591266,0.025932265,0.897631594,0.924019732,0.029714495,0.171286132,0.081008478,0.088500885,0.046064883,0.081211324,0.067048076,0.841172257,0.076793036,0.280123959,0.05631105,0.033920215,0.077525352,0.589755805,0.855964221,0.078338213,0.923373546
0.68171714,0.057391831,0.432973965,0.087436218,0.024953132,0.169512242,0.407423374,0.030778707,0.013918072,0.728793929,0.021066057,0.341048329,0.056873568,0.072692786,0.035582702,0.051024064,0.024153662,0.05855965,0.449872247,0.153126812,0.035292488,0.027152043,0.034159873,0.037577865,0.133571468,0.03781767,0.043288473,0.079498094,0.049124878,0.073263709,0.020091469,0.067638235,0.048939679,0.028706914,0.0690662,0.884380121,0.042087327,0.052304624,0.050146511,0.032671548,0.061546129,0.049445496,0.058644248,0.091827999,0.030877708,0.933162888,0.875751065,0.032176612,0.809065598,0.063228248,0.104167118,0.050291655,0.082604286,0.085929576,0.780694436,0.062741942,0.886874416,0.051150142,0.031627954,0.035534241,0.225001302,0.826315456,0.081725652,0.919707962
0.459457957,0.050340316,0.450815013,0.06923609,0.028255014,0.633007513,0.617644597,0.04106547,0.014318747,0.78245708,0.021076805,0.050218534,0.043686095,0.072087296,0.031104105,0.027466779,0.029010898,0.038665504,0.604299086,0.128300629,0.045936883,0.031212458,0.044361436,0.034868314,0.34582194,0.04988458,0.051467212,0.092269471,0.053903134,0.12927965,0.014579354,0.078993671,0.318849329,0.03008076,0.047431237,0.888063016,0.063177292,0.046798041,0.037965326,0.038720322,0.078980458,0.038867685,0.052821559,0.101574936,0.044256544,0.907361504,0.908326076,0.036092277,0.860982428,0.128847888,0.074153035,0.0561023,0.080039216,0.115885093,0.823866932,0.325002849,0.32637224,0.049084645,0.035922826,0.055178575,0.258844669,0.859220735,0.076985763,0.877907293
0.729455713,0.052523048,0.549964377,0.075070944,0.027830842,0.406287649,0.472937007,0.025995616,0.014538269,0.80537694,0.023091989,0.068295652,0.040317128,0.095349036,0.032004807,0.042085786,0.022773802,0.033506397,0.170635734,0.125191137,0.31548259,0.02221988,0.03308587,0.036001725,0.271365003,0.029998882,0.040978593,0.081877453,0.046890602,0.051919978,0.01694681,0.074531626,0.329758699,0.034768514,0.042566086,0.913231919,0.06302896,0.046726243,0.039419292,0.051585157,0.06932689,0.044178942,0.05597601,0.08250373,0.02890792,0.905244651,0.875997373,0.026505327,0.759682551,0.063151752,0.097981453,0.053660392,0.077143131,0.155126959,0.620844589,0.34219456,0.796968403,0.054916643,0.034008538,0.056096894,0.277964271,0.889932432,0.069547245,0.909631165
0.745921209,0.043987584,0.244652377,0.085415246,0.032266408,0.467925279,0.578336558,0.033210155,0.011175166,0.729161457,0.014782053,0.093671921,0.031348466,0.093467156,0.032501135,0.035109016,0.011990333,0.033334367,0.60795335,0.089090648,0.034299612,0.024287784,0.030972848,0.031355977,0.309367472,0.034303863,0.056551375,0.081616832,0.075075277,0.041688232,0.019941522,0.072784119,0.039700232,0.025030925,0.047532727,0.933262623,0.063058367,0.038783441,0.050951708,0.040893662,0.069498812,0.052017738,0.056153037,0.104809964,0.029975248,0.943159725,0.855105539,0.022361074,0.784536628,0.081313714,0.113843723,0.045490253,0.059195677,0.339498491,0.657337588,0.077163228,0.870462071,0.060667064,0.036180377,0.04873046,0.27563528,0.894381312,0.105748301,0.94814753
0.494478095,0.05152755,0.49845337,0.098981142,0.021573258,0.683614937,0.605599573,0.034806496,0.013108969,0.850518863,0.013777726,0.085116393,0.032034239,0.118071739,0.027963174,0.046379992,0.020047764,0.050228073,0.225784553,0.1197873,0.041110568,0.020991432,0.034509066,0.032113559,0.281666362,0.050847545,0.070059735,0.096928991,0.060590621,0.05577865,0.013754632,0.075201721,0.552609189,0.023050764,0.038079569,0.945269193,0.097769242,0.035456066,0.041797819,0.055499785,0.072530378,0.057078359,0.064458511,0.156166952,0.029348722,0.904210714,0.915898394,0.036878428,0.312769322,0.174464847,0.06671855,0.049092938,0.090082744,0.117177208,0.841944979,0.603916221,0.627153506,0.051323675,0.024823461,0.059943834,0.338832608,0.854394199,0.090592018,0.939364583
0.515455473,0.0558178,0.565837648,0.11232009,0.026650893,0.086082335,0.416716073,0.030693563,0.014007746,0.78125038,0.016250878,0.076449629,0.031025012,0.067864294,0.050615333,0.044239546,0.016192021,0.029728665,0.185369472,0.123288733,0.336450642,0.022179004,0.046380798,0.043134981,0.184689194,0.049873913,0.05168754,0.07730505,0.084980918,0.045463606,0.017519263,0.060788459,0.045069843,0.024246321,0.042431853,0.940309941,0.065677212,0.031592235,0.053511811,0.044575627,0.079578063,0.058980552,0.054407594,0.082719416,0.038031886,0.925984045,0.900192182,0.029368235,0.801259056,0.112149484,0.081670492,0.04538826,0.065504341,0.083783824,0.771454073,0.084836859,0.542939066,0.048654664,0.031029842,0.053717943,0.252156641,0.871309032,0.110054938,0.900247815
0.88880972,0.062952974,0.493842799,0.087346776,0.054191395,0.809793691,0.498353538,0.039406723,0.013913975,0.741037668,0.023847656,0.089850392,0.021973333,0.10095743,0.050182727,0.039528631,0.277348557,0.031430657,0.515650807,0.221345115,0.031748077,0.024973956,0.053966678,0.043995258,0.100236102,0.041222062,0.055679895,0.087487649,0.033324794,0.059158894,0.023954595,0.061193816,0.606754618,0.042789234,0.053668062,0.912908621,0.080399706,0.040708109,0.080123232,0.436332878,0.047607589,0.04570726,0.05796327,0.084036626,0.141997196,0.926339075,0.779008758,0.525548672,0.885728511,0.08402875,0.105150172,0.042909574,0.071066781,0.127167436,0.694268233,0.635406197,0.505066774,0.034692261,0.059684764,0.046476127,0.348647018,0.841080143,0.342619546,0.891564375
0.633807806,0.046442586,0.410888363,0.123823778,0.028870492,0.472497625,0.510269074,0.029300896,0.015226518,0.793028115,0.019135421,0.08994892,0.032318641,0.090802428,0.042405525,0.061454891,0.016540447,0.083890161,0.301463674,0.17853774,0.035435401,0.022268129,0.032561025,0.051696992,0.304005088,0.031029271,0.07310048,0.077760792,0.087117133,0.06249685,0.015459573,0.098354468,0.499998778,0.024001515,0.040698991,0.922469295,0.051420181,0.044576893,0.065999051,0.029022298,0.078753446,0.061137939,0.058672362,0.133956163,0.040812819,0.912330691,0.770533026,0.03053805,0.579228137,0.068174306,0.099148173,0.048907193,0.069992928,0.135232881,0.722033688,0.573014796,0.526370591,0.06701911,0.031978151,0.050545812,0.393594798,0.867954031,0.095431648,0.896128372
0.789491581,0.052530586,0.201507265,0.087892801,0.030535231,0.610229554,0.256921448,0.032727227,0.012443121,0.699952379,0.018751314,0.062243808,0.030846228,0.077197225,0.044918964,0.044712624,0.021249184,0.04110427,0.156938202,0.106616441,0.030852724,0.022688555,0.032386683,0.06122892,0.220360756,0.054704236,0.043742398,0.068788389,0.053835251,0.045974596,0.012368964,0.068563254,0.638503266,0.028507228,0.035980617,0.940070153,0.031565742,0.03461267,0.048939086,0.040069012,0.069272457,0.054548315,0.052362939,0.074891711,0.032367901,0.934321953,0.88309183,0.030415598,0.519361886,0.099645487,0.104304455,0.053467892,0.054958571,0.117853146,0.755184817,0.6371102,0.426583095,0.052013277,0.026761083,0.065005928,0.278549661,0.889969107,0.079203335,0.941721094
0.756183441,0.060893412,0.563173264,0.074416066,0.0237345,0.507925144,0.590147909,0.023158308,0.013867147,0.610589715,0.016794685,0.083933451,0.02538468,0.072729035,0.046098812,0.050181861,0.015481923,0.037307178,0.509917371,0.103081157,0.041357141,0.020651101,0.047885947,0.02505486,0.398396147,0.652581259,0.041196727,0.078761663,0.07662109,0.048816387,0.013736988,0.068046644,0.590158419,0.032527968,0.034703341,0.945760273,0.099781033,0.032550686,0.043988655,0.030372981,0.0584524,0.050400833,0.057512728,0.110515886,0.030449099,0.873193634,0.893047855,0.026202306,0.732734173,0.132102621,0.092528009,0.044318563,0.076049976,0.284626452,0.763432379,0.593475467,0.67399395,0.05702736,0.036447156,0.04805231,0.353720536,0.81407186,0.074021528,0.952361348
0.700091809,0.041807492,0.130193592,0.065629778,0.029339709,0.544790772,0.510112716,0.029610777,0.012626419,0.733528428,0.019057717,0.097260533,0.032937436,0.07993545,0.043786981,0.049291451,0.018263076,0.056377661,0.571162339,0.123802129,0.032300125,0.024099417,0.040271417,0.047826449,0.157915824,0.031698068,0.040644007,0.096654877,0.072204952,0.043631468,0.016597071,0.073781195,0.566089042,0.02435409,0.046128739,0.939851659,0.030481899,0.034595123,0.044469621,0.039745635,0.071959916,0.060028074,0.039866872,0.171866747,0.034505642,0.91548795,0.809290708,0.030032774,0.070029646,0.140714674,0.107155525,0.052784168,0.066223412,0.142801792,0.742589979,0.627728099,0.593090738,0.056056289,0.0252271,0.047252992,0.572179928,0.84947851,0.090646348,0.924483634
0.559013096,0.05233247,0.423398961,0.089501874,0.035461953,0.494943324,0.582940981,0.029242099,0.013515279,0.756353046,0.017535676,0.092472308,0.033976493,0.079099293,0.029000194,0.063071852,0.021617872,0.075876793,0.23946611,0.098312982,0.365271872,0.022620153,0.033053173,0.047425138,0.190630623,0.062508824,0.038729734,0.083107683,0.071189392,0.039547117,0.013459703,0.081330498,0.484771102,0.030450368,0.039582199,0.944908048,0.07200213,0.037007303,0.052640772,0.041831428,0.105636702,0.072908363,0.055260724,0.106401054,0.032764217,0.926723863,0.823586004,0.039125888,0.650450816,0.147585147,0.105389104,0.040801719,0.070995789,0.115441795,0.654996628,0.578021109,0.734316098,0.049578383,0.038558227,0.053401858,0.480460714,0.877615687,0.100364049,0.930704021
0.839817036,0.04694663,0.719061901,0.090304687,0.045235225,0.571100597,0.484692995,0.03890638,0.012170099,0.737815927,0.01989413,0.052167153,0.034096078,0.08364491,0.04031347,0.024429556,0.02867131,0.032406273,0.113887249,0.114058994,0.411487899,0.023365319,0.037679497,0.033386415,0.325175497,0.048298846,0.050841207,0.097372357,0.079640793,0.039607025,0.018294042,0.073266456,0.55486925,0.031730575,0.060715753,0.944058602,0.053162422,0.045466031,0.073624853,0.05716522,0.073420483,0.065250981,0.079294788,0.095562992,0.031963856,0.934415362,0.929785739,0.027065159,0.933115343,0.075068096,0.059530014,0.052631985,0.093127413,0.072235272,0.825347643,0.636161185,0.598045124,0.0544166,0.030933876,0.037396956,0.207585058,0.918006036,0.124839129,0.872935966
0.674405569,0.052850806,0.196942807,0.128531783,0.030150489,0.484757419,0.424798142,0.026795388,0.013762603,0.818277144,0.018261376,0.078682406,0.031036879,0.087568919,0.041467802,0.067929762,0.0145268,0.04484573,0.226331529,0.117329217,0.040733469,0.026909199,0.033736875,0.048657633,0.306764189,0.039527138,0.060421041,0.075556245,0.066177883,0.045988696,0.011850447,0.061483129,0.50075271,0.025549491,0.037350102,0.940151984,0.069845715,0.044293603,0.051070825,0.052825041,0.069117319,0.054180369,0.058038242,0.143881492,0.030938017,0.915956207,0.883615166,0.037563649,0.203032984,0.152344188,0.136201559,0.052690057,0.062360439,0.116306709,0.611312165,0.559848551,0.823690713,0.046957018,0.024176786,0.047234488,0.450743296,0.876165679,0.117978059,0.946161166
0.675187438,0.063545954,0.292240573,0.081382979,0.025428869,0.56153288,0.490962029,0.02640835,0.014405506,0.816191084,0.020679462,0.107031277,0.032033489,0.09154366,0.041724831,0.063229529,0.020888092,0.046316478,0.256502901,0.112830818,0.042217255,0.023997268,0.038830151,0.059460394,0.3227422,0.038773973,0.060108249,0.07855965,0.071486024,0.047616133,0.012917865,0.058746059,0.534823818,0.032401691,0.032488038,0.921102934,0.057965372,0.040022303,0.039913387,0.060114171,0.078473229,0.066259743,0.055859602,0.179529061,0.030100933,0.907890269,0.842503426,0.02664011,0.557673004,0.147035851,0.084994329,0.046330459,0.062844624,0.126339114,0.728895823,0.579329777,0.618497769,0.05081299,0.046138321,0.051528539,0.46025207,0.873854264,0.10356251,0.935537686
0.732836179,0.037373146,0.466728699,0.076043824,0.046140975,0.45497415,0.408496878,0.039227167,0.017990945,0.677769835,0.018100373,0.072141071,0.036708192,0.048140688,0.0311624,0.053208236,0.036377803,0.058898042,0.12164545,0.094161465,0.037566346,0.016418169,0.025175502,0.044714945,0.321774838,0.053459502,0.038148088,0.056568228,0.079160591,0.057210036,0.016484498,0.058769145,0.046936421,0.035534991,0.034981197,0.894756665,0.050747604,0.030897835,0.044252002,0.029166065,0.075623301,0.060699637,0.04087922,0.126710335,0.024224876,0.906761784,0.885871941,0.033835596,0.557542677,0.084521971,0.102596132,0.059262608,0.075350026,0.169501967,0.743400916,0.069859446,0.531775115,0.043908694,0.036824144,0.058467654,0.315548129,0.759137385,0.07709893,0.921151416
0.767110104,0.065409095,0.697114246,0.104085714,0.033093437,0.321033846,0.65091795,0.025963545,0.013385337,0.778269035,0.016761467,0.069693928,0.024356604,0.111714041,0.042572273,0.066442475,0.017508704,0.07123304,0.214691846,0.096390401,0.05169743,0.025257015,0.041739723,0.037335747,0.14290708,0.046941313,0.05185251,0.086424658,0.052971712,0.05242902,0.014207959,0.074205965,0.577517467,0.022516124,0.0476983,0.922459347,0.06125781,0.032774217,0.053953581,0.046434821,0.080722073,0.048939289,0.059955079,0.144887011,0.03374825,0.927550573,0.880059211,0.035679205,0.636761823,0.063927075,0.096966289,0.051680909,0.059948746,0.098575842,0.814459357,0.618577196,0.394127681,0.047547852,0.025542118,0.073504509,0.292320846,0.861546404,0.076102503,0.934934837
0.771944346,0.050547897,0.644765454,0.079652029,0.028169365,0.615673439,0.698428025,0.03140701,0.013116173,0.552241453,0.01923161,0.052302505,0.029558663,0.074209461,0.057411019,0.027825095,0.018198147,0.048302599,0.812994359,0.134454415,0.048574666,0.023878146,0.0435842,0.041572924,0.164784016,0.035069579,0.052232928,0.087449544,0.08127375,0.052106536,0.018664057,0.07659706,0.575673904,0.032592306,0.031981776,0.950830426,0.060208472,0.034464585,0.065933045,0.035085113,0.078555096,0.056825798,0.054545313,0.079769624,0.030650305,0.919516588,0.836740663,0.031030781,0.450740722,0.062201034,0.052988339,0.039953218,0.057778111,0.385282251,0.879479563,0.650516457,0.379183473,0.049846254,0.03352435,0.038126817,0.203006765,0.627352868,0.104786766,0.93399928
0.825663015,0.047540848,0.559466937,0.099387609,0.027780336,0.406569629,0.365135377,0.036535881,0.014100415,0.795252551,0.019611614,0.044840641,0.029310211,0.072169827,0.038164143,0.040436984,0.031390937,0.036935192,0.209348381,0.138579735,0.046230001,0.023405202,0.035879251,0.031196391,0.343890639,0.407935442,0.060761576,0.114844758,0.077186493,0.038499872,0.0285132,0.07761666,0.383300621,0.042819392,0.039714223,0.946678991,0.04096787,0.050602907,0.068884576,0.046831113,0.074797731,0.047933199,0.059764856,0.072723003,0.027279853,0.898412332,0.884339031,0.028059546,0.76691889,0.251090605,0.062820316,0.041865628,0.082221652,0.399199612,0.711576665,0.46998859,0.915453882,0.044279243,0.037317187,0.040573906,0.202894988,0.850427571,0.075940084,0.945713115
0.51966554,0.080923722,0.330263412,0.120724413,0.032601196,0.050952705,0.302171122,0.033412354,0.016679155,0.667920644,0.020547493,0.104169662,0.03749039,0.116155298,0.049927554,0.040322362,0.016872229,0.042881578,0.532913452,0.180359787,0.037949014,0.031131286,0.05039608,0.06251122,0.262467223,0.038969826,0.087592914,0.114241154,0.078797845,0.059761463,0.021497707,0.096191624,0.050016536,0.036331375,0.030242184,0.932244683,0.055058894,0.04357406,0.066486332,0.260297652,0.087695679,0.067736647,0.055438531,0.132894377,0.040200243,0.744245022,0.818705452,0.033041854,0.111005059,0.081146766,0.122559137,0.062818727,0.086137217,0.14154395,0.780611265,0.092854002,0.859609528,0.063987072,0.047595308,0.065405304,0.473802189,0.864316622,0.106880438,0.936973754
0.839618479,0.178960531,0.357982714,0.08521908,0.035827117,0.329055596,0.773491422,0.046687388,0.016721987,0.608782283,0.021997387,0.060502984,0.056920798,0.121215728,0.045613696,0.048622162,0.019781402,0.037898486,0.946039411,0.209742734,0.036018264,0.03083319,0.043280158,0.053829965,0.709656277,0.045446907,0.093481975,0.10436815,0.090462987,0.065241082,0.024474236,0.085103052,0.061623259,0.030683707,0.048755445,0.946472589,0.067069798,0.045664153,0.057480051,0.063773007,0.081557689,0.067323614,0.06354018,0.07960254,0.035529809,0.95497426,0.954282459,0.02743524,0.954742821,0.136729314,0.08263307,0.053818058,0.082434274,0.085285678,0.514972337,0.102818309,0.271402126,0.079482628,0.062876005,0.050502143,0.154448773,0.891105104,0.468388316,0.854845118
0.714576455,0.0516374,0.449925023,0.097465131,0.03126355,0.301660286,0.506719149,0.036400322,0.014173966,0.760947856,0.016931105,0.078411963,0.040578761,0.102653427,0.05066093,0.039400138,0.017798597,0.057881455,0.6271432,0.162799657,0.038198926,0.025892809,0.047282825,0.047831874,0.320259558,0.045940766,0.053904382,0.087837792,0.094133714,0.062746576,0.019792512,0.085591837,0.050187968,0.028918672,0.063650542,0.934400824,0.05208514,0.046016355,0.056611645,0.038623227,0.088566044,0.061166184,0.062087199,0.121927544,0.029808914,0.934929606,0.905244271,0.026934606,0.736043963,0.06799543,0.089166932,0.059399629,0.080237526,0.142298257,0.677036035,0.09418077,0.654447823,0.066224978,0.024939604,0.067543259,0.239210639,0.875160597,0.092892004,0.922548282
0.809776231,0.086655997,0.452284305,0.095827496,0.034627367,0.473606151,0.499481488,0.03348942,0.014830692,0.854935248,0.017019765,0.08083047,0.046191052,0.084753675,0.058361969,0.077525809,0.021584132,0.12409119,0.783631081,0.0,0.038770053,0.027696975,0.037790331,0.057899743,0.353107861,0.096544652,0.075812725,0.099179469,0.08533219,0.068094549,0.016608947,0.099633815,0.503482077,0.036594251,0.049902785,0.930247544,0.060451954,0.03982912,0.06234525,0.05889242,0.08154801,0.100185771,0.057854369,0.199056753,0.031906067,0.940317283,0.945681506,0.033961015,0.907548099,0.103207577,0.112525837,0.06253972,0.068476173,0.141029466,0.618675223,0.546891586,0.606512822,0.062547719,0.038430554,0.044404099,0.382100595,0.905816619,0.204910462,0.94275667
0.790875278,0.069449232,0.545715915,0.112548115,0.032449331,0.750675256,0.47331873,0.038986184,0.016547043,0.668279841,0.019387962,0.069390558,0.030776872,0.141095937,0.055063054,0.038541538,0.017579575,0.047101768,0.226098719,0.136526922,0.028998429,0.03071426,0.042066016,0.058807848,0.166962549,0.305540826,0.066122074,0.110538513,0.072612386,0.069301027,0.010741981,0.088372891,0.605601275,0.03428473,0.073772643,0.944941429,0.048301999,0.045825344,0.057781082,0.082443237,0.076893745,0.057718994,0.057189037,0.109748137,0.037948836,0.917281064,0.900660479,0.029517319,0.826811136,0.074299009,0.119166028,0.053976353,0.100844861,0.12178892,0.814252425,0.620856335,0.571117381,0.071610019,0.042597831,0.057824445,0.247022249,0.886794963,0.074825964,0.934470162
0.677145857,0.041951822,0.517441067,0.096978513,0.032364592,0.79184478,0.427039667,0.031036924,0.015184285,0.705596979,0.018068041,0.098095909,0.041949521,0.110693234,0.044087352,0.07934509,0.01354498,0.073481614,0.146225656,0.107729228,0.068411444,0.03137313,0.032623609,0.050742207,0.129732054,0.065821195,0.076437754,0.072991467,0.072593882,0.069250667,0.013453425,0.072632349,0.050167805,0.02839347,0.054704057,0.934020488,0.05897635,0.048837863,0.053173161,0.041931905,0.089772733,0.05764852,0.067253508,0.176796801,0.034016183,0.901697926,0.886307079,0.035341287,0.782926896,0.084549562,0.118180461,0.056843723,0.078988886,0.133699852,0.78646194,0.087990232,0.431892112,0.065596375,0.029389845,0.052081075,0.327191022,0.9051492,0.110013082,0.934189056
0.758463596,0.047782897,0.577636933,0.089893721,0.025007829,0.287997908,0.258810664,0.035212091,0.013896715,0.758890073,0.017373438,0.087756352,0.046555819,0.117506831,0.05815488,0.059869234,0.019400979,0.050324465,0.155278288,0.178162211,0.421334288,0.023451093,0.039959341,0.04536932,0.172939463,0.042059107,0.068171821,0.088661335,0.07680363,0.060385316,0.014052845,0.08249427,0.624680979,0.033336397,0.045001364,0.939367771,0.052575855,0.039057877,0.061416883,0.045796706,0.07618143,0.079954683,0.057926097,0.162255901,0.039288991,0.702404576,0.926209448,0.025743939,0.851772189,0.059420049,0.110380751,0.047139487,0.089643679,0.107839777,0.83596367,0.639116007,0.420237648,0.069397245,0.032370519,0.033892391,0.340875782,0.783346367,0.093382443,0.918126657
0.764429351,0.036136769,0.185834375,0.07745043,0.017406988,0.28591215,0.413033198,0.02378374,0.012576386,0.571290649,0.021925722,0.066755145,0.028262134,0.091314014,0.043523371,0.045367562,0.019896053,0.047694661,0.17552637,0.162228741,0.039616415,0.025641216,0.033391974,0.046959766,0.291818167,0.034729285,0.077285906,0.079084973,0.052216988,0.03711296,0.010560936,0.058956669,0.526914966,0.026898419,0.041959246,0.949827703,0.047371617,0.040482867,0.040651885,0.050070218,0.095802516,0.048902654,0.063847175,0.100407386,0.036745874,0.490058834,0.869453463,0.032631186,0.827013228,0.102167115,0.08567119,0.041006941,0.050696364,0.197760288,0.82418306,0.518687232,0.501926505,0.056408496,0.024679498,0.062644276,0.48199458,0.844326478,0.084421641,0.927081844
0.46811154,0.041271889,0.65660942,0.079639836,0.031151927,0.535621312,0.401936759,0.030500965,0.010863808,0.748751656,0.016770064,0.069349715,0.025507529,0.068744246,0.036986678,0.064220553,0.023027155,0.046914199,0.135266908,0.112949083,0.033927998,0.021889961,0.031814146,0.036672263,0.2219819,0.031548976,0.046150243,0.075806141,0.065719771,0.048035948,0.014883667,0.065560647,0.053617485,0.02447901,0.034147032,0.948692853,0.055538644,0.028174926,0.04492112,0.032722621,0.080497787,0.036092458,0.050445193,0.096083734,0.032927066,0.927442386,0.857643516,0.025811508,0.820908093,0.047946496,0.083980303,0.041044555,0.068201145,0.116964963,0.83248575,0.082679084,0.542624965,0.043023336,0.034830287,0.083767826,0.308067776,0.830091839,0.079641607,0.917941794
0.817238955,0.045204687,0.498194333,0.082914697,0.027389256,0.099444466,0.455230018,0.031332332,0.012240153,0.752410452,0.02063729,0.073587708,0.028143854,0.076862046,0.05787819,0.060748929,0.02757273,0.06895768,0.266748097,0.131569432,0.038530663,0.028247089,0.043833955,0.044518712,0.369720305,0.228477486,0.051660116,0.077216788,0.075377901,0.042047098,0.020475586,0.075365316,0.061789539,0.034525844,0.04814294,0.956237925,0.065990305,0.027361305,0.046188488,0.044590529,0.074381492,0.057557012,0.050866713,0.120060417,0.034336392,0.934446476,0.904974963,0.031090126,0.900894045,0.109122366,0.117077001,0.040033825,0.074965352,0.256744374,0.808735465,0.111025005,0.367694861,0.05790733,0.035928806,0.057795959,0.310842135,0.865430931,0.069289453,0.919177202
0.697276595,0.060128447,0.471883592,0.06578287,0.032896425,0.056980417,0.537422971,0.036242711,0.014017805,0.885709332,0.018297696,0.122005023,0.031414998,0.075073934,0.041545005,0.17495204,0.016390046,0.141170324,0.261552267,0.140233375,0.051313868,0.031197872,0.063200494,0.057911387,0.516259379,0.123427871,0.054840072,0.095934265,0.073920459,0.064082077,0.022124303,0.073044311,0.041833799,0.029109316,0.063180524,0.942325691,0.099108193,0.039422664,0.047802455,0.037917156,0.105125779,0.135859179,0.069767789,0.197058775,0.032977649,0.935745736,0.822216995,0.047830051,0.682170384,0.20631097,0.091178002,0.047819286,0.068349093,0.18030598,0.811953102,0.095172075,0.619831045,0.048246492,0.037498709,0.067421135,0.500328851,0.867744594,0.136038988,0.94457757
0.794258001,0.051712565,0.66124721,0.074123831,0.023676123,0.891215748,0.416829138,0.036866075,0.010274358,0.881332652,0.015772742,0.047402094,0.024973086,0.086052177,0.026089725,0.033840378,0.015717755,0.043694939,0.162363909,0.138777825,0.027537958,0.022811896,0.029010594,0.044102528,0.626249926,0.403291321,0.067614393,0.080926222,0.071672897,0.058794389,0.013199479,0.058938956,0.037324577,0.027750483,0.036808868,0.935580374,0.044589798,0.028891932,0.042337607,0.047656067,0.076584283,0.058945979,0.047906963,0.106450329,0.032289767,0.943452374,0.919928266,0.026207405,0.840013988,0.18723579,0.058427894,0.040748938,0.065227569,0.316885506,0.799238364,0.091724364,0.384320026,0.070289153,0.070495416,0.052225767,0.205625443,0.881359581,0.302907263,0.920397332
0.800984732,0.038539495,0.412804902,0.05022695,0.02338313,0.067075255,0.45294079,0.025088396,0.012123886,0.858658999,0.015716257,0.053451988,0.0240455,0.072516947,0.032565572,0.057437123,0.021512466,0.071449401,0.143892396,0.114340093,0.046337507,0.01859844,0.033713742,0.041705118,0.113242758,0.054747121,0.073429815,0.088487248,0.073301807,0.053629602,0.011999875,0.076898836,0.034863042,0.01907778,0.029343828,0.952336819,0.032473738,0.032798728,0.038826982,0.046145546,0.079639875,0.041876957,0.050455965,0.140598028,0.023995367,0.939101162,0.92005868,0.02114799,0.865552067,0.045357119,0.066696324,0.047847642,0.069610251,0.072269527,0.843079227,0.086199968,0.686041833,0.056709246,0.021969642,0.035707483,0.21167228,0.895529588,0.080682017,0.945785973
0.433886556,0.054143107,0.464689407,0.07385952,0.021275256,0.81137681,0.570008363,0.028187882,0.01163866,0.832564718,0.015655585,0.056321475,0.022745097,0.061280004,0.022952607,0.073345328,0.021521438,0.054224008,0.133201931,0.082169934,0.032840395,0.020729848,0.030212593,0.030357073,0.371314023,0.036057645,0.056950591,0.067836477,0.066026124,0.055327222,0.011460513,0.066593322,0.615243241,0.018706919,0.040273035,0.938181034,0.070705027,0.026846621,0.046142393,0.044506521,0.093618408,0.040392985,0.049228069,0.131851039,0.027026592,0.935627127,0.898558737,0.02682634,0.442916225,0.129670305,0.043815798,0.038941829,0.0622561,0.127531458,0.838786342,0.626052972,0.345301657,0.05339657,0.025768511,0.033796899,0.231480223,0.880818176,0.083711343,0.935315773
0.739535282,0.054002913,0.518190398,0.05999224,0.03050621,0.544624359,0.302457488,0.030455834,0.012235217,0.84350973,0.017464766,0.067003612,0.038407049,0.093536101,0.034952831,0.046757576,0.019926659,0.066754115,0.429770506,0.094887534,0.041647542,0.024672682,0.040290472,0.039021291,0.278331798,0.043528778,0.050310462,0.068279958,0.06812201,0.104144697,0.014153413,0.082684488,0.531142324,0.01962246,0.041569517,0.941837259,0.05270942,0.035870705,0.057573433,0.043367627,0.095174613,0.059698493,0.042245734,0.162850201,0.029261096,0.943719987,0.912381949,0.036981978,0.556542161,0.110973167,0.088809693,0.047696369,0.069882104,0.19141052,0.815484365,0.340551746,0.704857201,0.06200611,0.025220234,0.050798352,0.348164802,0.868563183,0.109730062,0.935926944
0.786797327,0.046870493,0.176425675,0.064556047,0.027487191,0.073798116,0.544571609,0.026441899,0.011385435,0.765058398,0.017679842,0.065499763,0.02158811,0.075349065,0.038791665,0.033525063,0.019224651,0.02306004,0.328021842,0.112539186,0.307359272,0.021773752,0.028958093,0.039171221,0.37946005,0.404946642,0.046899636,0.085854113,0.060944589,0.054887991,0.014204118,0.076951762,0.054456601,0.025450795,0.030217941,0.959274518,0.041583338,0.031443341,0.040944004,0.056303159,0.060680016,0.055101888,0.042559062,0.082876259,0.033164105,0.785494955,0.909144805,0.026428957,0.852985638,0.129626226,0.051652221,0.042182292,0.056450821,0.065568253,0.687162694,0.091442585,0.409746213,0.057774851,0.032033099,0.042654539,0.206223075,0.865698839,0.055679742,0.93261332
0.853630829,0.046115374,0.493556847,0.099721142,0.043963161,0.537132005,0.717186802,0.026437378,0.012627526,0.638794312,0.018529695,0.030385238,0.022624493,0.120892537,0.026971555,0.020493187,0.025016694,0.028653622,0.616619946,0.10620817,0.022872865,0.025960096,0.025803385,0.027928856,0.201053471,0.027679312,0.051590309,0.064102535,0.070879218,0.074652169,0.018033521,0.071138679,0.445705749,0.024869401,0.034658635,0.919133133,0.048054893,0.03044276,0.042743898,0.038679305,0.063919876,0.133727095,0.036740215,0.054399228,0.029379083,0.933468081,0.946372559,0.02111501,0.91776821,0.116017812,0.056677863,0.040881476,0.060919038,0.036228785,0.881912063,0.475147123,0.522701352,0.052943668,0.023588529,0.050431174,0.05040839,0.832008999,0.067746052,0.914879843
0.58259656,0.041453704,0.268730385,0.074393368,0.029993797,0.539154201,0.619185413,0.034894933,0.011167627,0.836875355,0.014997689,0.074354873,0.026753234,0.109734926,0.03693487,0.109013531,0.0182102,0.067980951,0.333543765,0.10059652,0.042932169,0.018058929,0.029088678,0.05360607,0.12305267,0.036018946,0.076217237,0.084468667,0.072888305,0.050951103,0.016737401,0.068080367,0.516825504,0.021737332,0.032926188,0.908397199,0.092177209,0.037370334,0.044912765,0.03686566,0.0827655,0.052144691,0.053860419,0.19074219,0.031042454,0.824420384,0.922302518,0.023871531,0.400219041,0.061186593,0.067933753,0.041751073,0.06714442,0.103893622,0.894819604,0.521781336,0.770297608,0.06953149,0.026256532,0.044595605,0.34815956,0.909501148,0.104163725,0.927912083
0.733091886,0.057528667,0.600929812,0.088876702,0.025389157,0.89063886,0.666128191,0.038910211,0.013932364,0.918531713,0.020495013,0.044304278,0.031043462,0.093599052,0.027098053,0.027400167,0.017376258,0.022280955,0.855987465,0.213203904,0.025797473,0.02389097,0.04750878,0.040255888,0.215852123,0.03855801,0.061683845,0.091670774,0.0757747,0.072184138,0.016698554,0.069602115,0.041451197,0.022017396,0.047820214,0.931789519,0.052143489,0.034021306,0.058768261,0.05332792,0.070400892,0.046708384,0.049892436,0.103513197,0.03915168,0.951529521,0.859469073,0.022293783,0.874595342,0.213728008,0.055839857,0.042214054,0.068922124,0.376924891,0.885904338,0.088601328,0.440854849,0.052768761,0.04556194,0.051990572,0.204731241,0.88966002,0.44037233,0.932418224
0.679911629,0.043860502,0.481859519,0.075536539,0.025524884,0.047557502,0.33269206,0.032260681,0.01356896,0.660755466,0.016357776,0.070973573,0.024710905,0.095438079,0.055293555,0.047895489,0.021599294,0.041175283,0.126569057,0.102965391,0.033441792,0.019700271,0.035688053,0.057938684,0.138396993,0.035909859,0.060989929,0.073275973,0.077846264,0.05012395,0.021598634,0.08579476,0.047481261,0.020657797,0.032123188,0.922925295,0.049675661,0.028742831,0.046360722,0.040979422,0.072018351,0.044749589,0.045913113,0.107138237,0.025469376,0.671307713,0.843021047,0.021891951,0.648489297,0.081383777,0.083117678,0.041447737,0.067838776,0.087426316,0.664682581,0.089665848,0.489497964,0.051056314,0.028694671,0.042614748,0.353720861,0.867670986,0.119376931,0.928805224
0.723153693,0.049347393,0.32999319,0.094584912,0.027910817,0.327257915,0.627076182,0.028526494,0.014193034,0.636119241,0.022788379,0.076437695,0.071297649,0.107324113,0.03708603,0.047532728,0.024749314,0.061186144,0.215278965,0.124341601,0.041259241,0.03097099,0.043956704,0.039806835,0.146539,0.044173831,0.074709745,0.085646038,0.089540852,0.075305935,0.018947619,0.076427209,0.355545293,0.040922748,0.07780129,0.929470434,0.055932287,0.036822417,0.039402661,0.05701392,0.068660236,0.054192985,0.051749989,0.120421659,0.035267843,0.946899833,0.903075675,0.041451302,0.432926319,0.167075938,0.20135939,0.06638538,0.069303707,0.155106282,0.715541571,0.380572771,0.384712754,0.08513974,0.034367107,0.076508117,0.275164657,0.902821705,0.101987527,0.940164825
0.582556595,0.079090307,0.453917141,0.124938791,0.021851007,0.542102114,0.599825199,0.032306798,0.016606874,0.806163931,0.025814672,0.090880501,0.047447571,0.126339792,0.037934336,0.052050696,0.022259138,0.052925346,0.524355413,0.16715301,0.056436741,0.028335639,0.052729589,0.052539118,0.204119595,0.060152818,0.066228344,0.099058842,0.099669168,0.06556081,0.020297689,0.073630105,0.550004683,0.042060422,0.048289218,0.917662247,0.065875488,0.05100762,0.057621438,0.052271384,0.072947108,0.066026801,0.062091244,0.160885199,0.040637012,0.82348598,0.875529391,0.038658169,0.565044974,0.118861104,0.164359569,0.054916771,0.094189427,0.232294732,0.87790216,0.572769906,0.521955901,0.068857992,0.029235913,0.05945111,0.278164638,0.874769996,0.149554372,0.916460872
0.766615622,0.075070063,0.318400275,0.086328937,0.03473082,0.040397227,0.624128555,0.035926153,0.015284427,0.650658989,0.019824874,0.082574161,0.046246926,0.141571639,0.041922829,0.041031053,0.02473389,0.037281635,0.082302776,0.140309643,0.084370013,0.030987175,0.045926282,0.069241665,0.08691624,0.051963024,0.064409419,0.075098182,0.060673493,0.074571271,0.020096619,0.082109928,0.047533793,0.03879419,0.04153127,0.904544059,0.057371854,0.039848152,0.054886061,0.044911003,0.073904903,0.057664317,0.045233415,0.112344895,0.04578254,0.938816436,0.91543567,0.030750458,0.634485861,0.104678987,0.13294823,0.059483506,0.089896739,0.108773839,0.707586182,0.078831412,0.36334387,0.130281074,0.054259918,0.059362708,0.226307024,0.887847721,0.070114291,0.921527826
0.710534898,0.049456144,0.442587116,0.117235534,0.028464939,0.049403202,0.463721938,0.032079697,0.014065439,0.650939706,0.022435348,0.098114875,0.032148965,0.080966164,0.037021512,0.184952999,0.019883751,0.101519129,0.140571876,0.125803334,0.057071774,0.026308264,0.030678747,0.060594527,0.258425677,0.050519423,0.109925319,0.088580374,0.080398773,0.060474807,0.015875421,0.072462141,0.039023811,0.034838808,0.045810421,0.940108615,0.071193303,0.034408233,0.052914343,0.049817785,0.097351343,0.058189037,0.047862053,0.230983541,0.032003587,0.911425008,0.866149965,0.031465807,0.72670836,0.061954218,0.158935261,0.060987273,0.079942134,0.158078463,0.60930866,0.069252242,0.420786877,0.065375281,0.034595778,0.061407221,0.348976352,0.876783221,0.101366827,0.939454122
0.734415276,0.05299431,0.496438994,0.097795537,0.029561097,0.137070215,0.2461093,0.041680947,0.017055632,0.715703893,0.023831118,0.063621483,0.059566407,0.113491776,0.036757541,0.040712346,0.027371281,0.045693403,0.087217772,0.152728459,0.038365544,0.040290887,0.047766093,0.034930265,0.223197988,0.034619943,0.071848914,0.104269993,0.084182634,0.078145231,0.021217388,0.066716461,0.063586377,0.037547813,0.041130385,0.931752597,0.080124916,0.038004575,0.044737634,0.059533494,0.080333612,0.054745997,0.053862057,0.108967316,0.040203435,0.932515029,0.888347386,0.047397716,0.792886869,0.112220817,0.133817109,0.065848394,0.074492671,0.101854641,0.8152766,0.083581173,0.431159021,0.079319697,0.033896513,0.08204233,0.214594995,0.868602673,0.087898143,0.915615881
0.45048211,0.089925491,0.169417993,0.083211724,0.022973656,0.359519228,0.422292626,0.033281129,0.016506732,0.769411828,0.022254164,0.080938632,0.054604104,0.118596207,0.038964107,0.03986826,0.022959397,0.046824799,0.238893445,0.140119914,0.035345262,0.027632959,0.040209419,0.049404475,0.348692377,0.062223682,0.058731991,0.097954243,0.08797519,0.072584403,0.02992167,0.08189014,0.056700749,0.043404144,0.04456213,0.934058581,0.068950071,0.037137778,0.050738085,0.136168229,0.054333589,0.083161478,0.048415176,0.149754311,0.038007441,0.913681178,0.75269306,0.03547918,0.198780911,0.150265982,0.182703109,0.0669424,0.075417174,0.171251617,0.811999217,0.085339757,0.810808656,0.065728881,0.058421615,0.046861718,0.454806683,0.819434596,0.150200345,0.838107769
0.618239007,0.102457882,0.240409271,0.105722498,0.028788505,0.333316458,0.415833517,0.029519146,0.013754357,0.753810095,0.022648794,0.141218043,0.040860823,0.130646317,0.042562343,0.126703572,0.018232873,0.109612524,0.410691862,0.142143684,0.04247777,0.031703189,0.050523965,0.06621003,0.390866724,0.062806051,0.070984748,0.112897258,0.081044644,0.082781728,0.023247572,0.075152452,0.052522383,0.042089329,0.041275076,0.91692582,0.079837651,0.039981783,0.0483884,0.050476903,0.083657845,0.054300995,0.051899141,0.248510056,0.038114287,0.932135986,0.770902702,0.037089835,0.50511925,0.15705422,0.248301862,0.053288876,0.073792089,0.267031458,0.676688232,0.070351147,0.541583416,0.069979014,0.051732437,0.080572729,0.516170173,0.785906058,0.185827259,0.907906928
0.659147618,0.088704007,0.377932534,0.112463211,0.024744568,0.705737987,0.623073796,0.029477717,0.012961209,0.665086816,0.021653889,0.099710612,0.086887938,0.112880001,0.035389229,0.0824731,0.018702023,0.1126284,0.690224109,0.157388706,0.033210522,0.034431056,0.041264848,0.039561145,0.342931676,0.05517755,0.08385388,0.07098079,0.062357401,0.072254697,0.023330154,0.069894355,0.052413896,0.041102859,0.055953648,0.926003942,0.060635926,0.036675523,0.045639716,0.055278722,0.100250989,0.091387923,0.052533799,0.19089422,0.040735028,0.885115122,0.901796409,0.032953711,0.646298127,0.164763085,0.2391266,0.070077941,0.101037412,0.191949566,0.841732216,0.08269486,0.509018854,0.068605002,0.07986642,0.070546061,0.460979801,0.811293746,0.292118224,0.895644695
0.832415222,0.038836973,0.503082752,0.059137133,0.020800276,0.51439142,0.272605199,0.024543833,0.012052253,0.871385376,0.014501159,0.043508029,0.036577679,0.073999722,0.030654978,0.019824458,0.034217117,0.033165308,0.318106462,0.293741635,0.054949712,0.022236764,0.032831817,0.028299698,0.164300342,0.035795285,0.028129328,0.06026333,0.046233906,0.049729987,0.009641712,0.041859917,0.439077148,0.018805497,0.04317173,0.899845575,0.04077583,0.047750581,0.03862807,0.030117635,0.057191875,0.034473207,0.054790357,0.074296254,0.040563275,0.947929896,0.940273544,0.026809614,0.35448184,0.15426774,0.059111154,0.042742957,0.060606569,0.085493047,0.815106109,0.46580123,0.203099555,0.056709627,0.024454381,0.038154613,0.20325625,0.877439059,0.08851839,0.935410687
0.808738199,0.050325264,0.548358774,0.089373602,0.025204632,0.050314648,0.542597612,0.027561802,0.011936735,0.707366817,0.016037024,0.031683905,0.02750157,0.056041713,0.036094141,0.023507642,0.020243381,0.032517631,0.230483846,0.210051015,0.024428513,0.019146854,0.025013882,0.035706449,0.194538618,0.032895277,0.026906488,0.074631253,0.042525524,0.074672704,0.012573491,0.062784214,0.032088778,0.017759859,0.045758033,0.935803176,0.046532007,0.038142677,0.030348818,0.031562791,0.067560788,0.029897324,0.055182848,0.09361556,0.03168512,0.939981087,0.918785035,0.024194359,0.738751066,0.08253169,0.080488072,0.040265194,0.055284412,0.073544632,0.837771865,0.077519127,0.370880662,0.052840986,0.018766175,0.064648716,0.239793368,0.863387692,0.082746125,0.936193535
0.78176097,0.061082102,0.469927021,0.106805694,0.027710456,0.277019891,0.644616133,0.034932436,0.011862032,0.738273691,0.015657711,0.064516452,0.031639582,0.099368224,0.059610484,0.050953828,0.018388797,0.059468313,0.129391611,0.251132944,0.070657777,0.026928023,0.035505341,0.081124889,0.328914026,0.038331416,0.075694065,0.078717358,0.083648245,0.054312109,0.013214806,0.071993694,0.07768916,0.024646385,0.055096589,0.946103804,0.062498747,0.040333802,0.048290049,0.055086895,0.078124662,0.05419349,0.060221094,0.135554391,0.030800298,0.762167198,0.896937339,0.02330397,0.924867609,0.071004269,0.080408786,0.056328382,0.062999945,0.099359384,0.842976168,0.084199623,0.431203508,0.059093931,0.027832446,0.039606746,0.329103445,0.872983951,0.092892678,0.915298688
0.805485695,0.066268136,0.559334607,0.094998699,0.024139157,0.488099637,0.491720567,0.039944051,0.016455638,0.794117172,0.016541188,0.083196397,0.031707007,0.10698244,0.053855632,0.084552211,0.020996593,0.054304985,0.507040703,0.151469683,0.027756786,0.027426709,0.030053512,0.053147704,0.355712965,0.045907499,0.054897569,0.082872988,0.091586734,0.060472696,0.012435336,0.055684276,0.545474128,0.027560599,0.049225136,0.94717574,0.090005744,0.062761086,0.058439084,0.062322037,0.080993572,0.071344906,0.063305424,0.113954647,0.033260122,0.959883594,0.933191632,0.023700898,0.891853493,0.087570103,0.086894605,0.054139315,0.059413469,0.1064789,0.715106658,0.572455507,0.672727149,0.075526562,0.033464639,0.039580381,0.304935994,0.912398241,0.074381182,0.944611612
0.593806516,0.046154072,0.446075141,0.092328516,0.026143834,0.105168168,0.430530219,0.035119037,0.014816293,0.804104003,0.01751743,0.056277774,0.034083079,0.099573569,0.041004669,0.05145856,0.017761778,0.026076347,0.187275755,0.148166659,0.048458903,0.024568622,0.027974654,0.057139686,0.320821503,0.046771024,0.064593596,0.079510272,0.074475514,0.054293728,0.017092777,0.07786245,0.044321005,0.030258989,0.041683217,0.939897491,0.048175516,0.03290239,0.051777549,0.041876897,0.060319936,0.082706037,0.069736988,0.116465752,0.035235623,0.936440715,0.915894673,0.022106184,0.132566261,0.100915142,0.071341049,0.045941608,0.092833594,0.080218504,0.4859529,0.08851502,0.595890013,0.051205581,0.044948869,0.053476808,0.230358316,0.902714571,0.061770061,0.933973779
0.761840971,0.038557014,0.242596149,0.107269085,0.033387145,0.049483936,0.533223453,0.036189797,0.015060537,0.781213071,0.017949996,0.09550523,0.030998625,0.095094721,0.060278357,0.052424585,0.020221837,0.048810116,0.174687679,0.132811185,0.043705672,0.022679189,0.051168477,0.047987141,0.314174784,0.040876026,0.088972225,0.084984691,0.0765966,0.061891756,0.01531769,0.075680221,0.042752097,0.030249531,0.03679976,0.921133772,0.054980944,0.035274493,0.057359427,0.053272552,0.079452854,0.042397223,0.050099101,0.163337903,0.035203431,0.946418008,0.917106623,0.024382361,0.832283521,0.064352181,0.074710381,0.05313044,0.072665391,0.193834076,0.663333401,0.098334466,0.512260381,0.067325025,0.049331894,0.04971004,0.284582243,0.914043797,0.090828626,0.941019524
0.710632978,0.041086046,0.42008436,0.097562386,0.022770896,0.07431899,0.514776664,0.032951349,0.013555724,0.783227714,0.017034198,0.097193014,0.038295478,0.087793042,0.033368686,0.129648218,0.020835959,0.149107376,0.559946621,0.158963187,0.06401828,0.030338669,0.029988482,0.051168453,0.265939193,0.05264981,0.054499928,0.093178346,0.060048203,0.043523561,0.014817854,0.07371456,0.042007876,0.025152512,0.041749041,0.934843747,0.059291789,0.033210325,0.052239531,0.04469035,0.110802471,0.058286889,0.063609194,0.258847553,0.032936885,0.837835853,0.908022894,0.022871037,0.103524769,0.043735797,0.074828214,0.044225199,0.067265018,0.115113038,0.482680406,0.107430314,0.826541036,0.062134603,0.039895574,0.041196937,0.349487865,0.878399605,0.12280397,0.941429451
0.739600021,0.048266952,0.508561108,0.10560721,0.019993025,0.51401556,0.478862382,0.038999228,0.015808823,0.644319956,0.016875838,0.074192216,0.037199746,0.076766839,0.040226071,0.071876664,0.016959846,0.0479488,0.42284488,0.128175428,0.048154472,0.020598537,0.034333123,0.04592053,0.211711409,0.038420648,0.041618395,0.080995957,0.074629114,0.047804339,0.010192723,0.077786382,0.551654012,0.026977899,0.032976469,0.933395492,0.058649053,0.032792567,0.045581276,0.052798725,0.06664223,0.054604855,0.050435653,0.120789925,0.033758609,0.931402316,0.913897195,0.021983771,0.695466153,0.066065116,0.095015981,0.03962005,0.072836685,0.07574023,0.752167209,0.587362176,0.49159437,0.065506712,0.028619601,0.038296171,0.241347321,0.883586987,0.292271499,0.947326517
0.72138329,0.087627099,0.428781033,0.074990538,0.023983318,0.746282506,0.420850098,0.022695298,0.015212769,0.827278368,0.016323237,0.072669231,0.03516559,0.09193523,0.031926788,0.042723153,0.017509033,0.060145397,0.402408404,0.22568461,0.031319927,0.018576757,0.035693849,0.049163852,0.323841277,0.132181005,0.058633594,0.0596316,0.075549293,0.055694237,0.011484432,0.078358806,0.035896431,0.024059936,0.034354179,0.932798347,0.056305353,0.038683471,0.050530037,0.035984436,0.066021736,0.048485858,0.047060976,0.122970503,0.033325435,0.938637946,0.888352872,0.021834859,0.714901004,0.146182142,0.075357543,0.044432716,0.073944797,0.245580491,0.808701746,0.091099759,0.582789412,0.051195778,0.031401075,0.054090709,0.343234328,0.879093956,0.085089066,0.936743058
0.551192283,0.043732216,0.260939648,0.087156358,0.028795567,0.191217964,0.629937425,0.025731269,0.012417159,0.681795382,0.015397612,0.063332925,0.032460049,0.090205737,0.034238965,0.034272208,0.017920061,0.047937821,0.173517475,0.121060301,0.037587177,0.026657648,0.03155604,0.04406663,0.15863363,0.039680876,0.065269129,0.066944106,0.050995589,0.055103479,0.012150911,0.068955361,0.044746076,0.021604678,0.037921252,0.942056013,0.049620679,0.035649172,0.047642058,0.039942774,0.079126709,0.055443759,0.047641602,0.085076229,0.04006197,0.905108833,0.908305532,0.026038077,0.632397831,0.064346047,0.067720944,0.042671347,0.075709487,0.109808548,0.793911974,0.080177486,0.416578821,0.057273623,0.035138568,0.049143296,0.253176763,0.87295952,0.064572286,0.939255697
0.797033796,0.037771537,0.684823547,0.075705254,0.016982701,0.89520937,0.541666298,0.019143123,0.011616761,0.825115761,0.014673528,0.059443044,0.030098038,0.081893893,0.029721292,0.031259987,0.019022201,0.036560324,0.167895154,0.067731528,0.021841341,0.0338269,0.030660473,0.030948295,0.551916567,0.035169706,0.080382377,0.084525113,0.072729277,0.062306638,0.014407899,0.060611012,0.487928557,0.023776702,0.042019876,0.943507413,0.046037051,0.033737873,0.04473454,0.030248384,0.067729972,0.033918484,0.061594065,0.11615491,0.029059993,0.934302441,0.870845679,0.024620102,0.842514799,0.088659211,0.063366496,0.049991098,0.060982252,0.181269643,0.901071064,0.49281135,0.261531311,0.075348806,0.023035317,0.038968395,0.174010195,0.847973147,0.095399323,0.921546384
0.561857957,0.035364789,0.497884208,0.094470127,0.017913865,0.544511261,0.28235639,0.022828122,0.015452786,0.680232699,0.015895318,0.083284323,0.03003758,0.071890839,0.032264713,0.039200706,0.018897154,0.041045181,0.130413763,0.10307441,0.02876215,0.022125875,0.024441393,0.0368332,0.237147377,0.033321511,0.063319809,0.074801107,0.045916933,0.064066994,0.010878479,0.07046906,0.516589404,0.023923973,0.035732795,0.949259804,0.056072646,0.02942073,0.032592351,0.037966483,0.060363334,0.047995315,0.045513018,0.095795567,0.029030778,0.933320978,0.861418314,0.026416477,0.648286985,0.064295493,0.074179599,0.046241285,0.061403543,0.120209247,0.77392076,0.504327628,0.503352556,0.063691268,0.017946735,0.054881231,0.29030206,0.900502662,0.075612599,0.936715334
0.848272268,0.03138765,0.703825605,0.081085609,0.021325347,0.879588883,0.232596501,0.026731441,0.009066282,0.897297207,0.014647343,0.060613448,0.029223415,0.079603327,0.03378077,0.031615599,0.025571596,0.029685758,0.703342997,0.118473471,0.030616557,0.019637266,0.033648633,0.043865285,0.390976544,0.022350511,0.098499114,0.061030939,0.05804429,0.066288776,0.014853489,0.06857132,0.051724922,0.028574786,0.05061602,0.935538828,0.046121143,0.038513852,0.037315221,0.0452654,0.06035031,0.034754907,0.070577358,0.104457607,0.026574572,0.978687333,0.959470859,0.025099368,0.850296803,0.052486927,0.031273227,0.042586985,0.060256091,0.08229344,0.64746558,0.071748928,0.294873832,0.055152972,0.023400171,0.043635822,0.215065216,0.917888972,0.430598494,0.942921383
0.849212162,0.039504622,0.680671905,0.059129652,0.019191647,0.0341803,0.270221655,0.021941819,0.012000546,0.893693278,0.014635672,0.048022297,0.021039968,0.0810727,0.032391122,0.032497108,0.017820532,0.025464172,0.352394555,0.056316248,0.025864834,0.016466202,0.02197701,0.036773483,0.245364965,0.027177418,0.045347707,0.066156475,0.044946734,0.037279371,0.013742322,0.058937318,0.033465929,0.022723958,0.035041301,0.942066061,0.024075255,0.027282049,0.033724964,0.035754034,0.052483521,0.037768604,0.045104882,0.052345259,0.023609205,0.957157263,0.94879185,0.02149659,0.25254175,0.048569587,0.06825287,0.042496284,0.056769534,0.069492565,0.879767124,0.06888571,0.880434638,0.066360104,0.028684295,0.058354836,0.165418138,0.879995822,0.05929585,0.940221535
0.841987448,0.040246024,0.693156443,0.113617007,0.02163326,0.606759627,0.465055231,0.03051919,0.010999582,0.809440077,0.016696105,0.063766786,0.038123933,0.087585584,0.030311951,0.031161523,0.021357488,0.038658639,0.604501396,0.082670278,0.023733981,0.020856613,0.021580695,0.032273534,0.424520565,0.035266961,0.051739091,0.066489364,0.066576822,0.040609632,0.011598036,0.066597135,0.547841878,0.024799487,0.033771921,0.929061211,0.070270036,0.02909942,0.037523117,0.046836908,0.061771971,0.042006757,0.049081294,0.057076133,0.027367845,0.917376451,0.956175876,0.026745712,0.88816145,0.058760723,0.07552846,0.055202635,0.061706756,0.227430962,0.692440741,0.58397959,0.364555302,0.055543402,0.035143173,0.045441271,0.221626808,0.911763822,0.188893932,0.934594186
0.822342318,0.036301144,0.642507955,0.075800155,0.024420773,0.314254803,0.491185992,0.026765006,0.017923519,0.60433047,0.01620161,0.070204785,0.032817537,0.090041825,0.035549354,0.024032371,0.019649312,0.031165329,0.298895985,0.069816972,0.030197152,0.023935929,0.025902891,0.047714977,0.205016602,0.040743347,0.063280096,0.088765366,0.044877634,0.042797431,0.012538955,0.056189332,0.565761276,0.020453771,0.027756198,0.940972786,0.046478998,0.023261741,0.041923673,0.04193384,0.061363129,0.086243106,0.046462569,0.062299022,0.026581318,0.833584736,0.919658463,0.026295708,0.455665182,0.061938267,0.078776861,0.047834325,0.060478365,0.06968687,0.287518063,0.596638395,0.362953793,0.063943175,0.033352888,0.054790758,0.149798391,0.899807571,0.061353885,0.94754084
0.845579853,0.039162976,0.445084449,0.078714457,0.022010806,0.894823458,0.348990504,0.024163591,0.01226994,0.899867053,0.014577343,0.04357385,0.034431909,0.069143066,0.037058559,0.031642344,0.020857336,0.024400944,0.887203613,0.074238414,0.037783026,0.019294868,0.025295416,0.032273205,0.741925016,0.031064343,0.044431998,0.073360831,0.053340118,0.055961462,0.009169434,0.065859657,0.566042031,0.020561683,0.039648975,0.952997518,0.052522448,0.022674132,0.046248248,0.044778903,0.054470138,0.060843425,0.052085118,0.068431119,0.030603918,0.940652446,0.935828624,0.026396462,0.921277224,0.190652005,0.064891942,0.03833966,0.06070329,0.273648557,0.905338502,0.537953883,0.151466742,0.055006632,0.037579161,0.056031711,0.110809664,0.899677246,0.12186446,0.908227672
0.477832383,0.040464781,0.455579844,0.063644342,0.028617367,0.042001206,0.220065737,0.022868578,0.009067391,0.944155786,0.01509894,0.075234182,0.031105149,0.079354408,0.037527945,0.038011223,0.01946937,0.041673594,0.107042491,0.076947876,0.031298731,0.029133442,0.021919518,0.034673194,0.366398771,0.025210068,0.058322932,0.067846313,0.070747348,0.045929257,0.008531763,0.061929276,0.039632046,0.027439558,0.051338307,0.928942773,0.047420339,0.026182213,0.036007396,0.034864956,0.065902375,0.036676266,0.057827705,0.109988256,0.030595081,0.96394465,0.933256328,0.016847557,0.890798492,0.064392587,0.070027904,0.049102303,0.057744064,0.109699245,0.897327198,0.080103074,0.64091014,0.057720987,0.021921676,0.031105877,0.220882289,0.914658925,0.05882819,0.956079926
0.854716743,0.037145326,0.197241693,0.049840453,0.019764853,0.05027865,0.446493508,0.021630326,0.009119485,0.904303786,0.011918556,0.035398527,0.031381673,0.057769245,0.02510243,0.027515789,0.022549287,0.019429649,0.119250854,0.080681237,0.313117702,0.021771402,0.029350295,0.02073528,0.105017723,0.030440959,0.060244027,0.063070911,0.043771174,0.035225432,0.014308309,0.056473274,0.026933844,0.015181228,0.030097657,0.934697197,0.032359932,0.031084044,0.043420183,0.039855879,0.046639265,0.042066627,0.034825737,0.05833198,0.021627209,0.968606431,0.904284608,0.028641101,0.956400948,0.236027749,0.070800791,0.035978613,0.038781503,0.407939933,0.955343995,0.070867982,0.077294732,0.039139291,0.024679588,0.034600091,0.935128772,0.835193282,0.081934429,0.936188922
0.711972419,0.080695089,0.607487451,0.108419685,0.025464967,0.738638781,0.452570361,0.037062626,0.016018209,0.873915559,0.020370285,0.076645335,0.047109631,0.110936341,0.055712497,0.051610632,0.018718697,0.055835852,0.807000557,0.142198601,0.031936398,0.027313649,0.034430802,0.057973891,0.254495048,0.074490168,0.060181247,0.088688117,0.075097719,0.062204168,0.021166654,0.073909826,0.050348115,0.034704474,0.043437231,0.930994782,0.038391811,0.040807853,0.063399003,0.036985499,0.073865216,0.059116644,0.045137882,0.129783425,0.035751548,0.87601818,0.848454868,0.030604584,0.727589085,0.090170976,0.094950198,0.056408684,0.065606257,0.160353438,0.842742681,0.09340332,0.371027794,0.064700801,0.053193047,0.060943559,0.237621954,0.821653304,0.446526,0.921061083
0.854531111,0.043560193,0.672664162,0.081860678,0.048746604,0.04628667,0.736590341,0.029849873,0.015357049,0.715017757,0.018291059,0.067539547,0.031089382,0.092766197,0.036261858,0.208638138,0.039962754,0.03019954,0.72624,0.105903321,0.031038165,0.023587045,0.037285568,0.051649995,0.461576354,0.029916894,0.040745997,0.07760806,0.073193701,0.037354601,0.024340854,0.064555131,0.060377233,0.024518996,0.048839584,0.930755408,0.117108541,0.026576924,0.072724725,0.032483409,0.064322833,0.081381752,0.064405528,0.08462741,0.030839616,0.948130876,0.818152516,0.026691456,0.899721921,0.06363064,0.058430908,0.071019036,0.058884803,0.079837159,0.87710136,0.084570403,0.506990754,0.052550546,0.038869438,0.060078645,0.202209532,0.915471582,0.04797813,0.947603723
0.825504949,0.050089175,0.779464163,0.061023233,0.0291101,0.039835931,0.192319477,0.030471136,0.011825146,0.566206011,0.017897984,0.035131446,0.030765687,0.089601063,0.039247958,0.030623517,0.020379084,0.041234195,0.199603233,0.107477541,0.038832501,0.02437343,0.054580259,0.033023645,0.31372384,0.042726073,0.055119778,0.067206809,0.054263679,0.055320067,0.01775422,0.087389181,0.0446847,0.020270863,0.036373038,0.93579801,0.048436955,0.040883978,0.048783339,0.029883563,0.058343833,0.047437428,0.050967015,0.078266026,0.037293392,0.962365515,0.909449092,0.034487922,0.936980511,0.062989279,0.059543785,0.047668672,0.074849889,0.109053227,0.845798511,0.07405172,0.343965196,0.059734354,0.026825427,0.040576474,0.091979822,0.879733414,0.055279981,0.930270479
0.546045032,0.093683589,0.122272147,0.08892155,0.025297431,0.042852531,0.726049704,0.021955417,0.013210338,0.697689604,0.01582908,0.058897572,0.026226924,0.082307792,0.033146762,0.073928215,0.013879782,0.047471774,0.160071544,0.149693163,0.021787372,0.021944168,0.046438297,0.030576312,0.121303686,0.028459754,0.037798266,0.077839508,0.072647148,0.037950062,0.016975589,0.067471146,0.03552159,0.023496624,0.038493958,0.92692401,0.04209977,0.038170136,0.061070329,0.024601129,0.072782084,0.046804977,0.051088992,0.101933226,0.02402457,0.819314996,0.913779492,0.02193514,0.91720404,0.055992771,0.059732546,0.051568945,0.067357228,0.089995693,0.543922416,0.114060164,0.238694568,0.047390247,0.027543342,0.050564047,0.082860124,0.889314625,0.060504126,0.92799466
0.840988337,0.058693272,0.480561278,0.090184121,0.02790725,0.69299677,0.670949609,0.032568833,0.009997516,0.54001387,0.01722325,0.04330446,0.036335342,0.06948078,0.037548124,0.05244349,0.027886467,0.029800426,0.253732351,0.150853853,0.029718105,0.0289257,0.058999751,0.024166507,0.29871326,0.038371452,0.033501535,0.051453439,0.063201294,0.043314429,0.012075733,0.061795912,0.654442459,0.028923346,0.038078442,0.930714414,0.060851721,0.041008335,0.044829603,0.036892954,0.081715949,0.04519244,0.045098802,0.060635051,0.032655155,0.94140556,0.922172507,0.039512591,0.705608122,0.048836004,0.081898008,0.054423282,0.061151242,0.104526574,0.880196989,0.677130795,0.221251711,0.060125051,0.022914796,0.035671704,0.077341723,0.860830573,0.059071944,0.885692487
0.78853671,0.045518117,0.146226589,0.104542042,0.02697411,0.109341242,0.354665432,0.027503512,0.012538028,0.705706313,0.018879853,0.061566517,0.025155253,0.117398853,0.03580419,0.050916632,0.015703864,0.057873619,0.151969245,0.114687636,0.028909606,0.022353357,0.032530287,0.041108657,0.276189295,0.048471144,0.055673851,0.069196168,0.067357636,0.042527509,0.01336805,0.076241362,0.061020794,0.025280359,0.044420831,0.944572524,0.063642338,0.029285743,0.052319832,0.028833363,0.081534415,0.036587127,0.054377542,0.126120555,0.033634104,0.917740398,0.929991819,0.022377325,0.874925488,0.083953007,0.080114563,0.050114332,0.062891162,0.094953938,0.814267036,0.079216019,0.573682729,0.062449032,0.041296008,0.049640363,0.290199143,0.864451861,0.083768161,0.941362311
0.799136646,0.046928055,0.41623153,0.092458224,0.032947889,0.076032715,0.618379852,0.026614168,0.011679702,0.623811203,0.014701287,0.091216326,0.076630373,0.08317214,0.037690962,0.084201623,0.017634896,0.068570497,0.141378931,0.125322925,0.041190265,0.024168859,0.033759568,0.042785296,0.214523835,0.069766779,0.033994568,0.088944196,0.050713738,0.057064389,0.017142553,0.087765441,0.042332757,0.022978112,0.046832683,0.947076673,0.08417321,0.039823009,0.054325949,0.053486174,0.076619531,0.069170268,0.047036015,0.12262858,0.026125136,0.845118199,0.90976928,0.027101329,0.829187998,0.148400356,0.194623578,0.056633286,0.074147714,0.128613176,0.541684148,0.082797314,0.401996764,0.067520949,0.034732871,0.066208154,0.28981859,0.828114629,0.085688014,0.941635011
0.809986145,0.046519143,0.669107717,0.084799173,0.032659375,0.592408241,0.704781143,0.038591558,0.012033817,0.877514777,0.017020062,0.082637566,0.048419434,0.098313772,0.056323375,0.031211127,0.022793088,0.039856041,0.173689293,0.118411123,0.704556271,0.019428687,0.041128045,0.030648576,0.291616294,0.03168105,0.06976624,0.104233273,0.042832932,0.044687235,0.019452883,0.072942185,0.044151708,0.031170309,0.039478514,0.944544616,0.04573153,0.027054036,0.050395259,0.033990726,0.080956234,0.058515014,0.065434998,0.065551923,0.041446864,0.906634607,0.888578084,0.023163108,0.873210203,0.064843302,0.08790737,0.049467132,0.060746739,0.069509036,0.884781786,0.088996206,0.326947715,0.061663298,0.040842306,0.049310798,0.154664001,0.891601392,0.060205839,0.913907925
0.754561784,0.040638828,0.564896273,0.082522355,0.027472087,0.379652293,0.194857257,0.025465835,0.012008915,0.821913858,0.019734289,0.062327181,0.036033832,0.082077231,0.039100158,0.078987346,0.023443392,0.051345419,0.232333207,0.092174162,0.022125437,0.023545082,0.045194889,0.04246128,0.215173667,0.02585652,0.065582346,0.064359353,0.073987174,0.06682223,0.020898095,0.068016346,0.318440056,0.035203428,0.031594648,0.912820618,0.0489158,0.03465075,0.039785341,0.037236666,0.066164358,0.062191693,0.047285837,0.095929211,0.032756337,0.930563456,0.93192844,0.03288188,0.831829308,0.050705334,0.049327785,0.06921474,0.064940756,0.076878792,0.729636967,0.364354342,0.640642117,0.062169806,0.025182104,0.057595311,0.216914538,0.866602076,0.072329757,0.936466227
0.836669491,0.059453177,0.744086266,0.074616527,0.020306918,0.162909561,0.23085208,0.026135758,0.013980273,0.872260486,0.018655993,0.053825978,0.027645721,0.111641087,0.026562756,0.031685852,0.024322265,0.025813604,0.18197935,0.081252104,0.037741417,0.022178203,0.032712292,0.032591968,0.306096063,0.035728252,0.07169402,0.092473865,0.06873158,0.060861381,0.015620056,0.075308802,0.463894251,0.029454938,0.042213789,0.931773001,0.029697838,0.032816326,0.038683552,0.053836654,0.047445405,0.063955581,0.044568459,0.086611941,0.034617208,0.940794963,0.91862786,0.029098104,0.695497705,0.059091146,0.092634568,0.039788218,0.065780801,0.078615933,0.240512621,0.480096511,0.719940677,0.060740235,0.022308312,0.044000941,0.066221642,0.886175012,0.053665296,0.938859036
0.819242866,0.043199252,0.695816096,0.061127247,0.020246159,0.067252815,0.507973089,0.025168637,0.011886046,0.795859009,0.025915348,0.034190027,0.036637184,0.089146881,0.031256699,0.026519749,0.021673101,0.028144188,0.225880949,0.113591805,0.316901469,0.024556297,0.058944905,0.03611123,0.154093591,0.03204929,0.058007185,0.062929026,0.048982195,0.065581175,0.01946182,0.055991881,0.04617779,0.029340182,0.035111725,0.929097233,0.035559382,0.043471121,0.035030878,0.040518087,0.085527736,0.053651913,0.069624252,0.074210334,0.052842179,0.94799193,0.959718447,0.026554149,0.929035528,0.073172948,0.065406538,0.047624612,0.055578711,0.051940451,0.821524311,0.085837101,0.883107505,0.053658059,0.021957342,0.056890213,0.070470668,0.88201733,0.061604243,0.914837037
0.403847575,0.046603293,0.801621468,0.060765884,0.021137139,0.576919003,0.28099615,0.027943793,0.011439674,0.680581362,0.021499381,0.038065049,0.038471723,0.071487763,0.04379511,0.028513048,0.019090133,0.037151893,0.159938083,0.075149893,0.026842449,0.023393123,0.034946778,0.033833055,0.146612466,0.044660594,0.057065877,0.06752963,0.061216068,0.068793261,0.008901515,0.056905151,0.603182248,0.030496333,0.056874272,0.927924511,0.069733671,0.033411252,0.053525794,0.04636013,0.04983977,0.0384303,0.064141851,0.068620319,0.038283383,0.905219193,0.943945502,0.024718383,0.918513155,0.130742592,0.065406658,0.039893367,0.046747838,0.053234628,0.886760928,0.544929628,0.198873641,0.052049616,0.026023127,0.054319163,0.113812566,0.874641584,0.043017403,0.897789051
0.633880293,0.033372488,0.427543307,0.070184471,0.021348196,0.562150313,0.470034531,0.01963536,0.009922149,0.682248533,0.01423457,0.054476911,0.026963661,0.064056719,0.034413049,0.06167377,0.017801939,0.098532245,0.287513934,0.164334678,0.023036594,0.01584881,0.031424769,0.051687086,0.265240102,0.033779524,0.043519874,0.073931996,0.057688852,0.062648723,0.011030907,0.064539993,0.500111964,0.017140602,0.040668139,0.909409092,0.055449085,0.037352378,0.044463559,0.034389942,0.080481415,0.116431686,0.041651888,0.195260118,0.016355446,0.863837505,0.883187898,0.020709359,0.353654673,0.04827381,0.053494285,0.036791043,0.056176036,0.166625601,0.703337247,0.573480626,0.569662113,0.049840818,0.017536814,0.027470321,0.353665469,0.891910845,0.072534121,0.946739763
0.626815969,0.039214901,0.303868267,0.06832016,0.028197307,0.228016296,0.454739516,0.021117419,0.012864488,0.844621855,0.013733126,0.074588577,0.026739213,0.074082541,0.035914885,0.017211551,0.015266961,0.03828965,0.550428195,0.354347859,0.294366006,0.024696142,0.034778987,0.033200103,0.331759133,0.033890181,0.041683995,0.068424799,0.0435922,0.042736613,0.015371875,0.065903943,0.043353909,0.016824985,0.033183462,0.913556135,0.046194825,0.045107662,0.039885152,0.03556524,0.062522972,0.037048166,0.056590181,0.095439464,0.02159187,0.928980406,0.684431388,0.024812862,0.642608089,0.068796343,0.092250278,0.040402235,0.046819962,0.163574999,0.767954406,0.083434355,0.611821381,0.043232949,0.022088795,0.031219532,0.815269082,0.872450667,0.077969488,0.935321891
0.31872404,0.034185457,0.346631368,0.063193478,0.019649506,0.279860323,0.638710287,0.0250051,0.011440125,0.706521762,0.012884467,0.047327376,0.035332467,0.080685322,0.027750286,0.034502971,0.02035983,0.034723516,0.234729791,0.126200534,0.422013368,0.022744436,0.026623889,0.030143643,0.120797862,0.026763822,0.051149077,0.060588786,0.052519356,0.045032186,0.011509595,0.068009393,0.536966502,0.017698963,0.030282531,0.936942345,0.044522158,0.033941076,0.035071831,0.031247046,0.059452795,0.038569811,0.055049942,0.071230721,0.022742261,0.898858595,0.942588666,0.02815147,0.649170234,0.045635469,0.042361561,0.034843486,0.043726362,0.089402599,0.873443945,0.625337317,0.490837082,0.05177493,0.020555818,0.037450182,0.157117127,0.876468452,0.050799653,0.928249885
0.601612033,0.026028129,0.086592098,0.054850197,0.01719858,0.036405287,0.42149995,0.02062966,0.011694206,0.717637291,0.015952872,0.037664328,0.028916604,0.07659919,0.024161838,0.014018913,0.016371586,0.017620775,0.08885602,0.129954243,0.017180247,0.019710784,0.017491929,0.032277753,0.176761969,0.028428256,0.030004879,0.054415427,0.053512648,0.044364368,0.013752572,0.062687553,0.032725961,0.013672623,0.03204076,0.88948068,0.030479886,0.032517432,0.023397319,0.023903773,0.058243148,0.029959049,0.033998278,0.103054732,0.022359795,0.855968071,0.876978007,0.02041284,0.077490334,0.05103196,0.035581546,0.031757581,0.054021449,0.047452766,0.744032291,0.060409721,0.267455444,0.039301992,0.019167508,0.043686343,0.118577133,0.755840418,0.049338877,0.895901956
0.73272374,0.044152614,0.150147179,0.070248802,0.018079259,0.568354334,0.651193133,0.017708552,0.009568886,0.786101693,0.014000628,0.054438662,0.033907638,0.063143196,0.03142538,0.166640902,0.015117117,0.095445218,0.766383745,0.177842275,0.048414466,0.017488337,0.024788215,0.034616469,0.137587078,0.043789957,0.0380642,0.072732305,0.053440509,0.087891881,0.010358604,0.068417241,0.555761023,0.018732271,0.035084926,0.923837507,0.035937222,0.047344314,0.046116777,0.027198254,0.095216924,0.026521378,0.0406441,0.212723479,0.024770627,0.922074929,0.952431399,0.019147875,0.71981043,0.053768739,0.064251372,0.042900329,0.051653722,0.112098415,0.584291766,0.589873154,0.652756427,0.050644738,0.026254516,0.065034175,0.312707882,0.85484827,0.062144577,0.949943788
0.723891734,0.047480733,0.342398519,0.060926653,0.022225766,0.79552895,0.486827242,0.026924693,0.012499691,0.803445133,0.014056135,0.073845951,0.0490488,0.067161531,0.041251916,0.119844108,0.01757784,0.089858634,0.180825003,0.099436833,0.317631513,0.021156628,0.031038097,0.042750791,0.285243791,0.037292932,0.036984935,0.064231314,0.063957365,0.063982965,0.012762847,0.070945171,0.033181631,0.023306313,0.049720521,0.920013252,0.086930324,0.03696765,0.036593421,0.024899828,0.097886367,0.033981466,0.050311606,0.17272173,0.033256664,0.945807427,0.804057787,0.01702178,0.246194515,0.066680877,0.066741059,0.039325228,0.058595899,0.122971709,0.474664383,0.067436431,0.629409387,0.064761596,0.028617897,0.056467374,0.401295366,0.84614403,0.078845783,0.938454861
0.550725905,0.040511384,0.058763925,0.075777709,0.022284443,0.033407562,0.499047583,0.024094732,0.012206964,0.572612306,0.014548431,0.044278365,0.032882406,0.062958416,0.034613011,0.031185133,0.017897368,0.039572451,0.12520149,0.178455607,0.325431263,0.015293977,0.02707114,0.04280955,0.180310851,0.027012067,0.036220627,0.057030702,0.054990425,0.044847961,0.013400088,0.069973472,0.028786093,0.019185989,0.043651336,0.931951255,0.040956746,0.040829672,0.044103182,0.137655772,0.050583705,0.03886881,0.043322856,0.078217285,0.027163127,0.905745323,0.904475746,0.017580501,0.593743391,0.176922996,0.074719041,0.040376419,0.061573671,0.099524763,0.650958061,0.078789225,0.295714283,0.051563639,0.0184672,0.041765093,0.263436664,0.855056444,0.074739916,0.927722668
0.567090925,0.035871059,0.377865815,0.078447518,0.018310953,0.393405912,0.332806183,0.02166758,0.011713559,0.775193689,0.012363905,0.0585849,0.041343658,0.053765807,0.02546629,0.022958208,0.017398457,0.026588348,0.18738696,0.128950858,0.023337626,0.018874044,0.025365146,0.040193803,0.216779118,0.400701012,0.039439975,0.06955259,0.039866286,0.070458257,0.011093311,0.067063129,0.495817369,0.019879082,0.037894933,0.927268982,0.041382733,0.029917737,0.030352613,0.0391304,0.064144916,0.036148059,0.0456999,0.073207369,0.031098645,0.926557705,0.951230183,0.022144327,0.881221352,0.067688318,0.063971515,0.050635318,0.054987935,0.069958076,0.645298664,0.504642475,0.70338632,0.038494957,0.019828189,0.032436198,0.116143641,0.888013093,0.056662993,0.942515115
0.799789089,0.032634825,0.689385445,0.076897841,0.019511326,0.662845308,0.344665554,0.028430874,0.010647219,0.708569305,0.017720542,0.08067279,0.045219967,0.099244565,0.034090751,0.059172653,0.017346545,0.067491792,0.159509873,0.0,0.044939557,0.025325827,0.035539346,0.050838648,0.142832711,0.043253271,0.061933392,0.077206179,0.074525489,0.072603033,0.024401487,0.080316403,0.062830194,0.020868417,0.070475776,0.912867909,0.056243063,0.039897296,0.048154719,0.035337278,0.071095173,0.044140914,0.045602473,0.163207692,0.030766095,0.962022582,0.920508682,0.035836773,0.759017145,0.057644153,0.08911725,0.051301631,0.064076445,0.084843911,0.893058267,0.083029242,0.350747568,0.079701679,0.024777383,0.055982131,0.310765276,0.887044296,0.063620155,0.929311092
0.814620228,0.05045581,0.331102555,0.08135093,0.0219662,0.044219534,0.6699776,0.030098081,0.013357308,0.704789574,0.015160515,0.047494232,0.037807823,0.099519162,0.037279342,0.045189442,0.014603593,0.083628447,0.122063071,0.0,0.039289678,0.031392514,0.02793332,0.040013925,0.103838217,0.037439929,0.065823811,0.080599328,0.074782044,0.06933616,0.022514205,0.072632559,0.046026282,0.028968874,0.074874413,0.912886192,0.060136006,0.047024921,0.051113871,0.03848664,0.096625561,0.062302045,0.061793218,0.132137251,0.031109339,0.944387803,0.943342946,0.024819554,0.932332315,0.129969415,0.087168613,0.063352328,0.060769636,0.087981756,0.655723531,0.140210531,0.385218572,0.064443563,0.022645316,0.048593213,0.310218889,0.802679128,0.082474103,0.87739426
0.685503755,0.03516175,0.449135079,0.099096786,0.023461098,0.073678353,0.537884699,0.028228709,0.011859421,0.82039621,0.015647751,0.089806529,0.047456742,0.08901918,0.036272088,0.140889211,0.019030008,0.122298006,0.334336928,0.161255137,0.043669871,0.027213422,0.032671928,0.038869145,0.152930061,0.038478003,0.047050444,0.086406236,0.067274642,0.106331146,0.018369031,0.081482368,0.036923609,0.028403623,0.06624822,0.934771796,0.053368824,0.042553332,0.055796455,0.039433169,0.092400827,0.067018338,0.062937231,0.173495902,0.024875802,0.878639185,0.897201345,0.026969228,0.686346694,0.145838129,0.07826698,0.054354518,0.065510586,0.151791982,0.847614576,0.10013722,0.574775287,0.059725541,0.023316603,0.057789217,0.402835349,0.890072938,0.093933188,0.916892834
0.822018709,0.056024739,0.288452883,0.109266334,0.02996527,0.369804044,0.540115881,0.033022774,0.01408796,0.917194468,0.016612811,0.063987139,0.03557353,0.091080266,0.03781365,0.031588995,0.019086448,0.06717024,0.266465877,0.080749499,0.038537394,0.027182538,0.035343454,0.0296922,0.404981642,0.043136779,0.043734497,0.081393637,0.052011458,0.039124175,0.016645521,0.0743599,0.574958914,0.030605912,0.06331104,0.955008551,0.054484993,0.041453378,0.036125428,0.036093115,0.062696847,0.064791546,0.058444139,0.094426944,0.046124328,0.946869805,0.926615375,0.024453399,0.100262443,0.145718584,0.130219747,0.049139138,0.065156778,0.380482868,0.83492875,0.679687361,0.881253505,0.064683698,0.035827562,0.050741462,0.279845339,0.915768933,0.068252917,0.954229395
0.779686928,0.119515453,0.521324538,0.064405369,0.025583317,0.562697946,0.674721403,0.035590026,0.01465283,0.946220732,0.01689263,0.065180649,0.054736283,0.087221569,0.04197424,0.067932842,0.015592005,0.070049647,0.808215192,0.173876818,0.057919962,0.029240735,0.037792034,0.047832863,0.576515376,0.055083631,0.056241809,0.088640417,0.058543361,0.052724916,0.013714846,0.064068301,0.638015603,0.024853361,0.078358185,0.925089311,0.063410315,0.046401365,0.03719831,0.038127112,0.072025978,0.073041156,0.049809895,0.158902046,0.026459532,0.944229544,0.938673982,0.02897949,0.881513818,0.119488606,0.173928556,0.049583001,0.044567141,0.575818692,0.815438922,0.617804767,0.694911011,0.045453335,0.050756537,0.037032194,0.355817093,0.897540457,0.108318359,0.935155584
0.690590934,0.108853024,0.50251628,0.077549033,0.023610303,0.493622001,0.500344505,0.038770643,0.013034759,0.92313896,0.018857201,0.096470295,0.033862183,0.074854962,0.046366991,0.091853328,0.018862711,0.042443124,0.29624497,0.145250271,0.050537814,0.027612008,0.042941328,0.064476641,0.286013604,0.05311077,0.053400516,0.079273607,0.074736897,0.054232998,0.024192618,0.068931183,0.052856785,0.027442527,0.124897578,0.912347626,0.070188533,0.047280751,0.038979442,0.046474585,0.077644722,0.052479777,0.064633313,0.176884877,0.028848219,0.952117605,0.864939382,0.036293709,0.74503232,0.259769678,0.146827166,0.047303014,0.055368475,0.158410902,0.758873857,0.108732775,0.623326938,0.050140295,0.033128622,0.060310408,0.460421416,0.896323876,0.167199733,0.93200144
0.770583357,0.057635867,0.459290539,0.05724424,0.028551004,0.693888737,0.647117712,0.024245532,0.009800941,0.841352172,0.015394423,0.112728104,0.035497524,0.085370187,0.032735758,0.071406362,0.017869557,0.06901347,0.870586977,0.234454692,0.06075946,0.025713184,0.03731074,0.054405174,0.22321716,0.20196078,0.049948539,0.066560614,0.038068467,0.06173237,0.015427772,0.068740828,0.626801025,0.022034255,0.077790334,0.938481266,0.062198581,0.043957675,0.042972144,0.037749825,0.071014982,0.042617128,0.049723899,0.139511971,0.027280258,0.944991452,0.911260727,0.034985157,0.873959799,0.081895904,0.068699133,0.037542652,0.051193628,0.410308815,0.775607315,0.602242005,0.466313211,0.049594054,0.04062165,0.044449456,0.384680243,0.787351057,0.261531448,0.931821188
0.602178644,0.052242666,0.14309205,0.129038331,0.046188364,0.057846301,0.385410124,0.036850047,0.016299152,0.905778767,0.021652021,0.149777194,0.082287988,0.13757738,0.039376997,0.065401442,0.017492178,0.111829715,0.27012129,0.153037776,0.054355383,0.031528537,0.038933352,0.060858716,0.198039471,0.128194642,0.061466351,0.093282435,0.088883428,0.062242473,0.02232954,0.08650949,0.076960896,0.030649886,0.071408429,0.923220698,0.075831803,0.0545194,0.077237683,0.054349813,0.101624989,0.074684344,0.055643854,0.187975802,0.036484188,0.933663264,0.71025065,0.030211994,0.078673071,0.10609778,0.183095618,0.060127182,0.085419228,0.177982266,0.657891229,0.087272346,0.66098087,0.077525187,0.041020461,0.06676069,0.579312671,0.795052618,0.132756705,0.935718862
0.746380362,0.055230275,0.202989258,0.10345545,0.026804882,0.048103552,0.568434375,0.032119283,0.014778276,0.804378487,0.018828116,0.074299499,0.032224747,0.106994754,0.044683127,0.049730529,0.021832298,0.054021622,0.243833481,0.207626705,0.044045427,0.035026498,0.043623923,0.05973184,0.344829254,0.036988773,0.062348215,0.085781657,0.099374734,0.08453299,0.017672757,0.08356014,0.062483005,0.027761959,0.064088622,0.934392495,0.069112823,0.037403686,0.061166304,0.034250633,0.085671935,0.070251908,0.068698574,0.137277933,0.03958301,0.952067904,0.783598179,0.028389986,0.15266243,0.076889836,0.092630441,0.065522766,0.091839471,0.118729592,0.803745541,0.098881538,0.495239933,0.081469223,0.038923686,0.053688889,0.541037191,0.876494954,0.111721881,0.938569712
0.528871173,0.070932484,0.168780862,0.118027306,0.028644944,0.532929198,0.55052586,0.035075774,0.018661424,0.863399361,0.021710118,0.08650853,0.045969177,0.109881738,0.047763728,0.055528247,0.020229391,0.07750521,0.294617058,0.147269475,0.050175526,0.028546583,0.035905965,0.056629123,0.217196408,0.05543174,0.061529093,0.068627702,0.079358928,0.051409638,0.014760233,0.069558351,0.534117897,0.025419321,0.052737252,0.930525132,0.070962283,0.04030963,0.049268165,0.074538989,0.073957569,0.069161405,0.044124072,0.232613942,0.032497491,0.924337571,0.807968324,0.032849412,0.781964547,0.056370337,0.097397002,0.064486838,0.064976315,0.124524797,0.721191795,0.671397233,0.61062535,0.063228537,0.031588253,0.061033228,0.453695006,0.896136403,0.093120558,0.917918686
0.72760106,0.050652436,0.399544256,0.088164069,0.026381985,0.520011703,0.307861277,0.046791518,0.014058666,0.83245051,0.01920988,0.106789341,0.044564117,0.091256826,0.048257689,0.086368031,0.017470178,0.0787108,0.192752029,0.168649927,0.050494319,0.028386192,0.038634247,0.069254024,0.255938173,0.054976411,0.059845666,0.079862735,0.079799519,0.059107525,0.012764251,0.089262779,0.562480601,0.025105482,0.043430909,0.9422474,0.089474746,0.036813766,0.065421495,0.037595923,0.098365705,0.0677329,0.05885101,0.190126665,0.042453658,0.901669505,0.897652259,0.030353118,0.721500891,0.152461082,0.095907329,0.060179621,0.078834226,0.176739982,0.684989985,0.672645031,0.603447988,0.067917879,0.026006326,0.061827286,0.441847022,0.838937263,0.110703198,0.953108174
0.765945449,0.05780742,0.351526781,0.08402333,0.026598326,0.393909972,0.522677822,0.034610536,0.014563943,0.745950703,0.018881838,0.066121471,0.032729478,0.110551893,0.038774167,0.044648802,0.01729577,0.035083798,0.176714951,0.130093486,0.033702696,0.02555842,0.035176533,0.048573758,0.209327351,0.044937914,0.071695435,0.086507081,0.067907141,0.076616591,0.013268157,0.086487002,0.471804533,0.025773278,0.049604807,0.936076102,0.050405274,0.04276397,0.044933647,0.035954621,0.0540317,0.044988427,0.05078985,0.103170391,0.032229779,0.906014077,0.894840547,0.022492037,0.639083979,0.1112211,0.075696552,0.051146234,0.077273445,0.081761092,0.762676712,0.51464696,0.464050638,0.06838193,0.033330485,0.05004479,0.272303732,0.90169399,0.078747348,0.937096814
0.748682741,0.077881463,0.545654113,0.09605399,0.034226237,0.572565552,0.352289078,0.044329535,0.016114072,0.793395537,0.021105132,0.138401348,0.048525589,0.092849197,0.051308511,0.07064274,0.023016593,0.075589347,0.302525617,0.186978215,0.058885345,0.026752529,0.041489188,0.03922667,0.219004725,0.053779166,0.079653388,0.098737389,0.084563819,0.062688417,0.016290973,0.081992386,0.604502706,0.033834047,0.041817566,0.932926895,0.075209632,0.049399977,0.061513277,0.050020156,0.137957311,0.066418536,0.057169826,0.193646819,0.041034946,0.947595714,0.910171359,0.030538509,0.747110743,0.170952633,0.113782108,0.056946909,0.092349568,0.227905286,0.62965641,0.569991749,0.565249521,0.074458449,0.032342691,0.043976605,0.444083264,0.879682073,0.173873899,0.926783273
0.746173333,0.049755086,0.646432335,0.112210495,0.039969446,0.338765374,0.555775341,0.030708617,0.0143781,0.814783102,0.020350221,0.063734043,0.043979634,0.102949414,0.035543951,0.060827914,0.02389531,0.050074459,0.202687448,0.110442404,0.028369516,0.026660061,0.0377449,0.047414786,0.196712605,0.042850939,0.076812308,0.110737288,0.094506106,0.079411563,0.015298011,0.064257608,0.261021891,0.036572353,0.034999588,0.918297913,0.04382776,0.03480284,0.046460188,0.044022867,0.079188575,0.057905896,0.068271451,0.138569749,0.04415485,0.935476732,0.875501195,0.02976166,0.787984413,0.173226344,0.153304247,0.050354931,0.09140452,0.179013989,0.834317769,0.325793486,0.384943934,0.086358604,0.039903466,0.100723977,0.250967173,0.923043663,0.108873183,0.893352467
0.535598731,0.070523991,0.363033354,0.161137824,0.02844346,0.544641883,0.574234229,0.035647174,0.016379019,0.736036706,0.021953509,0.06590183,0.066538158,0.132215372,0.039696731,0.037560233,0.02163155,0.074825449,0.250647321,0.226318741,0.063604958,0.052599789,0.044971668,0.042372986,0.262783939,0.061160824,0.08084409,0.096684101,0.071083469,0.130949821,0.025294936,0.085929672,0.056048681,0.042487239,0.064738759,0.900939167,0.0663226,0.046022655,0.055762519,0.054913786,0.088241608,0.060822899,0.043381867,0.125568586,0.052661832,0.929944334,0.825942202,0.041620396,0.623672846,0.094327139,0.237328386,0.056772617,0.072421827,0.189433215,0.69472139,0.075147337,0.762094116,0.093644671,0.026400734,0.066874969,0.409344198,0.831911093,0.110536622,0.836609398
0.512613188,0.044402347,0.392479455,0.086923923,0.021826931,0.749770507,0.456172487,0.02032992,0.010553863,0.830098228,0.013301624,0.098532908,0.028768504,0.078820529,0.030939145,0.085268307,0.015639999,0.054824555,0.197849508,0.135109935,0.04473133,0.021770073,0.026088041,0.042279367,0.196650682,0.029078597,0.042387566,0.070131497,0.06055411,0.042616453,0.01088744,0.059028554,0.471810919,0.020829169,0.032743343,0.924162886,0.056488489,0.031510019,0.041343814,0.026958132,0.089724705,0.042788252,0.044159832,0.210874961,0.028696936,0.925163857,0.853029185,0.018385157,0.439385387,0.048374995,0.060661719,0.033598785,0.062174283,0.134407399,0.538702633,0.556238323,0.579964721,0.04648644,0.024398966,0.033849057,0.415038137,0.822026777,0.183981052,0.921925633
0.568619362,0.034666559,0.353006811,0.058599017,0.019095925,0.464177354,0.462502019,0.026344191,0.010714529,0.54840346,0.016127875,0.068551587,0.026308963,0.095625324,0.029976182,0.068323687,0.018457104,0.048197364,0.178951392,0.155419104,0.032721387,0.020731738,0.021759283,0.04069603,0.20192802,0.025343455,0.055388476,0.077280624,0.057552238,0.060668384,0.014316354,0.06195848,0.374182203,0.016020105,0.037829673,0.921810924,0.041602713,0.026627277,0.029615584,0.028646418,0.061801578,0.038637878,0.040788931,0.125833454,0.021293695,0.94577682,0.879570462,0.02001564,0.472566899,0.055078731,0.09480954,0.039735999,0.060484019,0.09084895,0.600532031,0.503547799,0.450259946,0.052651837,0.019208064,0.030787413,0.406569753,0.863983599,0.089045925,0.927204502
0.71937805,0.050613724,0.200990649,0.128749867,0.02484827,0.056244822,0.42459198,0.035677597,0.012911251,0.792705549,0.02544327,0.072936309,0.0505555,0.11171344,0.050930317,0.08934923,0.033752134,0.081347446,0.211886586,0.0,0.046940501,0.035500176,0.046986347,0.051558319,0.313817163,0.072259625,0.07756813,0.0754411,0.078356821,0.072794422,0.02704385,0.058215467,0.060140528,0.037972335,0.04950723,0.903435837,0.047557464,0.046413113,0.049757176,0.066087726,0.089744541,0.071548665,0.094922311,0.109804863,0.060283299,0.968830806,0.926064159,0.035203091,0.741307751,0.088475674,0.120938125,0.063616947,0.063480787,0.129647001,0.638224832,0.155200586,0.636576236,0.07517635,0.04648874,0.06275288,0.407458034,0.930901779,0.100609009,0.950999561
0.765242271,0.062528396,0.608019846,0.088777611,0.028352272,0.372769528,0.424012001,0.031170482,0.013813618,0.805880342,0.01512199,0.073166605,0.02829705,0.081131512,0.045241488,0.041195566,0.017532084,0.066131444,0.211634676,0.127375947,0.045700746,0.026401697,0.035547428,0.058242846,0.198378953,0.040541183,0.065505373,0.081669378,0.05071377,0.102485872,0.01040072,0.085608854,0.336561451,0.02451939,0.03991625,0.945245704,0.072387772,0.035068216,0.056112331,0.040174554,0.082373407,0.06107433,0.072922062,0.102471051,0.038147742,0.954313992,0.911028677,0.022960339,0.596418357,0.070089181,0.07256812,0.059534457,0.077861991,0.106725612,0.73140059,0.389576561,0.675165368,0.071552864,0.026792008,0.048405531,0.320030895,0.883394075,0.08060925,0.945451693
0.815324389,0.040797485,0.621756791,0.121277761,0.034638485,0.053807451,0.345083861,0.02472868,0.014678877,0.861523303,0.016292102,0.089582299,0.037839907,0.094435385,0.04062416,0.106019406,0.02057131,0.094821379,0.411700142,0.14984942,0.027861199,0.023723446,0.034846597,0.065711465,0.492147102,0.039940698,0.061838445,0.083226502,0.075687714,0.063518263,0.016717262,0.078389353,0.030194325,0.019386621,0.04813686,0.93680682,0.062796003,0.034566507,0.051545351,0.033268492,0.082269783,0.071446049,0.060548396,0.155980254,0.03273905,0.907699388,0.91061318,0.028051503,0.588015528,0.117173846,0.105205168,0.063048832,0.047274446,0.122536988,0.830025236,0.081977321,0.896412153,0.074061162,0.026362457,0.046317934,0.354421873,0.892447383,0.090216008,0.909018546
0.704845674,0.046590217,0.502180294,0.07658158,0.025094205,0.700480408,0.526371712,0.038908518,0.014915305,0.729987903,0.018861329,0.100788894,0.038652473,0.091567801,0.038304059,0.11709096,0.019717056,0.087784354,0.188820706,0.201307183,0.064863769,0.027076774,0.04899347,0.051532442,0.168697932,0.047765849,0.070164139,0.086763971,0.073502848,0.052524225,0.017387918,0.072418915,0.572547163,0.031296495,0.039774408,0.929020517,0.077726442,0.039631895,0.04552448,0.036896925,0.092673086,0.066921385,0.063855825,0.196121516,0.033803394,0.930949155,0.889106886,0.023980087,0.61334411,0.130641433,0.095757577,0.064664363,0.053056936,0.134408046,0.610465295,0.647059664,0.573615845,0.055408312,0.029107074,0.052308021,0.451963915,0.854287773,0.10131631,0.938165764
0.497446593,0.083858165,0.611694533,0.078636625,0.023590727,0.39912905,0.389551842,0.030366962,0.013103344,0.536146898,0.018053335,0.053993654,0.031078619,0.102403774,0.038101168,0.029353689,0.024568491,0.045551598,0.666717105,0.085503758,0.030658933,0.024822074,0.043334286,0.043710783,0.175475793,0.039890755,0.056487132,0.068045615,0.074902023,0.053451841,0.015198439,0.06447162,0.602985578,0.029862358,0.044344328,0.929237185,0.052746308,0.028787718,0.050515575,0.033004486,0.063758487,0.059818372,0.057591339,0.071546515,0.038489323,0.950386601,0.941886141,0.030454609,0.681182779,0.078755084,0.076123627,0.053248618,0.08340928,0.119926609,0.8271569,0.621538184,0.356181941,0.054235169,0.028837617,0.050248151,0.186469543,0.875459844,0.07113136,0.932543843
0.771335506,0.061641678,0.246725706,0.083639396,0.029787646,0.427454392,0.575522743,0.021776916,0.011366805,0.83780464,0.01397075,0.07998715,0.042444844,0.124191126,0.033105366,0.080934765,0.019824897,0.07908373,0.204888964,0.134791006,0.078004181,0.026549055,0.035307729,0.044480355,0.269891337,0.046012498,0.051768072,0.077042574,0.077937454,0.061610163,0.015087089,0.073393512,0.389174444,0.021429348,0.04919565,0.92161662,0.060090459,0.034203455,0.050690624,0.065739147,0.065478977,0.04241151,0.054450286,0.131638656,0.026725548,0.961621767,0.938033324,0.021725889,0.780706905,0.100485681,0.123974723,0.057434192,0.067143624,0.110837057,0.790180234,0.44380353,0.710592229,0.070721654,0.032129331,0.035640001,0.248739685,0.933458083,0.067499652,0.919303353
0.776889636,0.051970506,0.401120154,0.095221316,0.025946071,0.580626215,0.618810625,0.03857713,0.011008937,0.816128076,0.015844485,0.151628566,0.032453674,0.13050002,0.05154262,0.074174899,0.012957229,0.098835608,0.65123746,0.115597378,0.035671663,0.027210651,0.038658847,0.051824128,0.26595342,0.047141409,0.069211806,0.112144824,0.103365665,0.072183441,0.013575818,0.084338225,0.58639042,0.025938384,0.042811588,0.946411966,0.081622283,0.05241947,0.049460294,0.055745133,0.0872025,0.059101084,0.064178366,0.225962209,0.030581968,0.920443328,0.912425553,0.02020877,0.749179083,0.069064344,0.111822199,0.056354668,0.06275719,0.186785855,0.862679052,0.602845527,0.46935073,0.069577913,0.02837484,0.040383438,0.504316855,0.853020327,0.111272034,0.94044837
0.846708551,0.027837703,0.533079175,0.108127832,0.029314434,0.030700796,0.74456037,0.028404223,0.013436456,0.764286064,0.018401327,0.028692938,0.034827777,0.075870393,0.031963093,0.04642757,0.020843867,0.040149382,0.570697305,0.128358965,0.031318029,0.023901795,0.045973189,0.034927947,0.11308112,0.034886308,0.056613277,0.080115461,0.058722134,0.052868488,0.017131578,0.06623508,0.04622128,0.038835282,0.049640218,0.944283017,0.043685019,0.040603859,0.038561862,0.039770625,0.055236462,0.048561461,0.062433601,0.058972887,0.029043732,0.946691746,0.915824954,0.027854889,0.809432705,0.129339453,0.127120725,0.051498209,0.060124179,0.084833062,0.872024449,0.087216161,0.937221661,0.06053403,0.038614677,0.050380193,0.208703998,0.918121276,0.063901961,0.952259526
0.812104675,0.037406303,0.103543349,0.066120901,0.028428934,0.420088996,0.428504624,0.026858896,0.011349559,0.619877403,0.015341822,0.078492909,0.029724143,0.0806327,0.036354586,0.050409201,0.015320333,0.065460748,0.189457089,0.104538241,0.033994231,0.020369753,0.025737182,0.040353148,0.111376135,0.041878797,0.046802429,0.050600054,0.046834204,0.070498653,0.015048375,0.064521071,0.337580809,0.026529927,0.029207454,0.932169367,0.069099674,0.022798312,0.04245767,0.040045368,0.069709223,0.068013395,0.051361152,0.1530007,0.025000807,0.906399557,0.902129255,0.019891248,0.306525999,0.124459311,0.063937341,0.043166043,0.066962657,0.222909441,0.826762631,0.401794061,0.302619959,0.06045232,0.020441562,0.047131833,0.27648231,0.761670595,0.08065655,0.917905812
0.541446202,0.03577647,0.339387843,0.074170867,0.021727285,0.595683567,0.590692833,0.028076729,0.011171109,0.862313669,0.019928778,0.062903645,0.033808704,0.084630427,0.0360722,0.042489216,0.02429769,0.020327268,0.185880104,0.0,0.02017406,0.021968334,0.028537364,0.067350625,0.1771308,0.033716585,0.06273018,0.080906082,0.084371063,0.096556447,0.01467733,0.062273625,0.577891237,0.023543735,0.044367178,0.902914698,0.049418518,0.051279266,0.057038122,0.031907817,0.083807247,0.089082024,0.063404881,0.127906325,0.028002706,0.945062718,0.902572915,0.027842378,0.866668712,0.052739945,0.072296829,0.046122941,0.061980514,0.070640541,0.801738012,0.645620896,0.56025293,0.072617469,0.027552402,0.037317759,0.362628393,0.910230522,0.094375295,0.906368013
0.753018332,0.066791151,0.340937731,0.058246222,0.0195692,0.049531634,0.603028825,0.029217789,0.010463473,0.842881193,0.0137246,0.061746435,0.022988265,0.100552654,0.030213207,0.058592133,0.018251231,0.053463409,0.559638818,0.083352394,0.040093356,0.021149705,0.031201814,0.043954204,0.363919462,0.029498393,0.052026167,0.083140202,0.051644142,0.049418155,0.015502872,0.077662274,0.031715034,0.019745441,0.044434156,0.919944775,0.059709184,0.036288434,0.053555921,0.031045567,0.090181827,0.054697101,0.047997281,0.146389028,0.038645284,0.911325277,0.857336001,0.02379241,0.669499721,0.059897216,0.072358429,0.036203638,0.059378498,0.059833829,0.812782467,0.069298474,0.480945942,0.057663167,0.02326539,0.04127406,0.269436103,0.870397601,0.088709719,0.934687615
0.754314167,0.045837646,0.475092655,0.062292072,0.023462591,0.647182306,0.292404793,0.025441461,0.012085967,0.713436209,0.014637622,0.095944327,0.032400384,0.077449541,0.037790877,0.059564756,0.013808365,0.059443139,0.834907211,0.227664685,0.038314832,0.025808625,0.039869919,0.047790229,0.209044539,0.055796225,0.049921113,0.087958711,0.055715874,0.053799165,0.021906213,0.066817144,0.055262773,0.029734031,0.061214066,0.923848525,0.064370941,0.029700143,0.047065748,0.038702164,0.081698626,0.06675671,0.060641848,0.165619609,0.028929446,0.955883164,0.878409895,0.023868312,0.714412016,0.135984402,0.101922967,0.038810599,0.044341337,0.190603319,0.783151205,0.067703934,0.517025135,0.052019804,0.04185623,0.060393492,0.482185743,0.887743957,0.470119414,0.917359067
0.641696411,0.046215562,0.226466317,0.100719314,0.024522519,0.565426212,0.35262668,0.021632565,0.011839136,0.881559273,0.014308856,0.111912352,0.026282294,0.079428882,0.035037045,0.062246003,0.016468161,0.085065311,0.430720177,0.126668805,0.020800532,0.023295395,0.028360786,0.053087176,0.200285463,0.043456766,0.054819866,0.071074236,0.052181715,0.057562908,0.013107326,0.065147493,0.379148312,0.030424662,0.037372368,0.937354112,0.070102638,0.035773814,0.043779085,0.037469759,0.070652097,0.056862355,0.046696963,0.165953948,0.020773355,0.943589965,0.860694414,0.021985102,0.299710832,0.084391255,0.140180168,0.04909956,0.066813042,0.144355727,0.62990779,0.530379601,0.660209379,0.059472249,0.032293652,0.040356157,0.370543577,0.872469556,0.266223238,0.932927542
0.812317912,0.042086669,0.589913351,0.058692881,0.022393785,0.440623189,0.329106126,0.030090472,0.012732392,0.834268127,0.017323004,0.070178955,0.030149039,0.074796791,0.037578934,0.019084494,0.020988565,0.026040559,0.396720931,0.114573093,0.033453475,0.025634979,0.038052036,0.024568664,0.341333282,0.028442323,0.029408815,0.065879599,0.056258572,0.047348557,0.022002255,0.062515572,0.497523285,0.026287971,0.046686026,0.929230797,0.03365192,0.030188913,0.043367889,0.029586854,0.051381586,0.040096328,0.060762837,0.063674621,0.028882891,0.922434104,0.928511389,0.030423877,0.84986703,0.066164444,0.061776115,0.044080043,0.053652257,0.081817239,0.833347002,0.471689245,0.699998202,0.038194537,0.048682493,0.059729648,0.211506796,0.876994771,0.053468122,0.930246138
0.835803028,0.144414551,0.723239981,0.095812236,0.026884583,0.074785201,0.594577407,0.030244244,0.011171381,0.795605391,0.015645816,0.059497285,0.041152351,0.056249876,0.045503134,0.039381379,0.02737126,0.04555384,0.181003043,0.114300913,0.044598372,0.027644606,0.046018788,0.037974727,0.253748182,0.038118587,0.037115772,0.102842577,0.052813453,0.081497863,0.012893003,0.063629122,0.090325365,0.027710223,0.034306902,0.942493293,0.060613013,0.048285718,0.045174811,0.02698987,0.065384845,0.078818069,0.063569628,0.077618355,0.028504111,0.93813035,0.95210104,0.027483724,0.918092263,0.146579679,0.090390357,0.046513246,0.084050838,0.147888351,0.701642308,0.116154926,0.438645652,0.047741988,0.080733664,0.062943386,0.241453381,0.886334185,0.103819497,0.956679335
0.444271404,0.08009035,0.165830112,0.090687099,0.028957258,0.856192894,0.504243381,0.026547009,0.016249895,0.779940425,0.016608125,0.057349875,0.030890419,0.10168616,0.042459478,0.045063115,0.014765613,0.047778807,0.706996317,0.160858956,0.026819302,0.029580258,0.088671641,0.041401031,0.410387047,0.043566568,0.057670814,0.098169749,0.065158197,0.050081124,0.011735424,0.088771963,0.620562317,0.032975121,0.032502683,0.939391127,0.046911889,0.045346323,0.061507231,0.242562645,0.068248644,0.100240968,0.054260228,0.117218212,0.034962983,0.913137726,0.945381185,0.021877674,0.082980117,0.068357352,0.077146355,0.056591638,0.081375375,0.120708269,0.59074902,0.622461486,0.884105279,0.066771652,0.039708491,0.069680872,0.290121646,0.879137005,0.078668503,0.864848778
0.727018475,0.055674704,0.282062043,0.070959221,0.03541495,0.053413184,0.629875785,0.023704019,0.011377078,0.760527424,0.014129418,0.091880336,0.025320682,0.087512466,0.036767803,0.060503244,0.02308129,0.055276322,0.286521084,0.183059096,0.040505257,0.025235494,0.026554736,0.048975758,0.271312807,0.190693657,0.074642496,0.086549487,0.077002627,0.057018612,0.015393672,0.079054672,0.037163208,0.023299498,0.057780629,0.948078448,0.066428693,0.0313128,0.052551175,0.04923545,0.087844985,0.045127023,0.054187385,0.185668563,0.029894107,0.895588869,0.87906317,0.022507943,0.629440833,0.104275426,0.077822044,0.048274286,0.081755141,0.104954416,0.754748559,0.078768935,0.770427029,0.060824695,0.033101707,0.065198464,0.393608063,0.914840826,0.096933618,0.94126148
0.696395944,0.047614745,0.430559441,0.057495189,0.020293572,0.072277797,0.564073982,0.02863345,0.010353415,0.824732225,0.015255469,0.075703487,0.023624312,0.084032726,0.026675758,0.049025786,0.020571446,0.027674086,0.642391975,0.131412353,0.037970927,0.020212957,0.030225838,0.031287627,0.265000369,0.045461463,0.044791118,0.070844375,0.05768466,0.059927188,0.019637173,0.074261865,0.041305925,0.021999882,0.03929472,0.942761118,0.098375061,0.027774376,0.057572,0.037416007,0.051689672,0.051194874,0.032316304,0.103701521,0.025709722,0.897687844,0.949721723,0.022893788,0.648640458,0.06959012,0.073553361,0.046113273,0.060329436,0.163268961,0.87279106,0.087305758,0.578715476,0.047412375,0.02466175,0.045870048,0.231924547,0.893910044,0.064048124,0.930890794
0.522974924,0.048001406,0.505487665,0.072360046,0.033552405,0.422249876,0.549058892,0.035099593,0.011635442,0.720863863,0.017337138,0.050181186,0.034678612,0.105325249,0.040175439,0.031839401,0.023542655,0.025363089,0.253978673,0.137277007,0.037316693,0.021057504,0.039760452,0.049156983,0.437908044,0.037052114,0.068395483,0.090091616,0.076982507,0.060768081,0.010669662,0.080783528,0.612331915,0.02108628,0.040259549,0.95222826,0.095639354,0.036541258,0.039765221,0.051204282,0.08082775,0.058924111,0.053084239,0.086604404,0.02576083,0.944218539,0.951132613,0.031819933,0.908902953,0.086663457,0.046127884,0.053408083,0.076757147,0.231714588,0.848481574,0.615222479,0.259043548,0.068527715,0.030834827,0.072673256,0.184663187,0.956022766,0.063788882,0.925934798
0.803656989,0.042940212,0.548152972,0.051072546,0.023505263,0.874290324,0.628151903,0.029234905,0.010506289,0.733907212,0.017111647,0.04279505,0.029978803,0.114197079,0.040605937,0.045446571,0.016508165,0.053305186,0.908744224,0.090563668,0.293560263,0.030964528,0.041731976,0.028451482,0.300163142,0.193126705,0.08500096,0.0852174,0.072530429,0.052300672,0.016518706,0.077031351,0.029826914,0.024410438,0.032203906,0.938876406,0.066374165,0.033624799,0.048656596,0.03774531,0.076522822,0.063906132,0.04486265,0.102546903,0.03138303,0.930127184,0.958345014,0.021254073,0.91327904,0.160177717,0.05512416,0.04476445,0.055350001,0.087752567,0.796677837,0.066024347,0.802342621,0.062150339,0.025955636,0.058177386,0.628814856,0.831829267,0.224644453,0.932210995
0.673866419,0.046820634,0.448672621,0.091185066,0.021909866,0.706643262,0.462355876,0.029569507,0.01404795,0.787725267,0.016882215,0.109738783,0.028493435,0.10814581,0.043744759,0.090215108,0.017285953,0.105454433,0.567726684,0.179779659,0.048550065,0.023195194,0.033231741,0.044719866,0.269547858,0.051654273,0.06824865,0.078443174,0.076270752,0.063647328,0.011145655,0.081228909,0.541053247,0.022515288,0.049440278,0.912033891,0.058525987,0.033542151,0.047638871,0.035951672,0.093545366,0.052866443,0.044914275,0.235581006,0.024500573,0.929027728,0.895371728,0.024533433,0.657249658,0.054691927,0.116748578,0.051040682,0.072161693,0.224660312,0.842468405,0.569657597,0.445428871,0.053211382,0.03630566,0.055559645,0.431058538,0.845130372,0.154760174,0.926962534
0.818328323,0.055916853,0.380554482,0.075185851,0.020011793,0.074537026,0.731216866,0.026778238,0.012306568,0.888861617,0.014079018,0.040351548,0.026626899,0.062828099,0.038250202,0.049459776,0.014862223,0.041564146,0.892944519,0.151846104,0.712882477,0.02107434,0.028512341,0.042754925,0.558849962,0.03252041,0.068995292,0.084355852,0.060077691,0.053075635,0.018708474,0.073052143,0.03826144,0.026198872,0.050000168,0.933454974,0.039237858,0.038166422,0.044147286,0.040035069,0.085040615,0.04899818,0.046660065,0.104696301,0.032091034,0.944129456,0.897454981,0.019263425,0.94155436,0.190060101,0.072769397,0.048251437,0.060045964,0.161643573,0.547546809,0.070741478,0.908959157,0.058403381,0.027047963,0.061343954,0.749606659,0.858949513,0.073717487,0.930608632
0.748367912,0.047658966,0.32122423,0.091053485,0.026725986,0.062760606,0.630770359,0.026487664,0.01188788,0.82346056,0.017699227,0.107395463,0.036331205,0.091153568,0.038060967,0.097629647,0.019249799,0.106220977,0.650797361,0.128888422,0.057770208,0.024701472,0.03490083,0.057724806,0.209103047,0.054871089,0.070405568,0.083150316,0.091884316,0.061582314,0.019632813,0.068125468,0.037537339,0.028032233,0.034339163,0.924521186,0.072858196,0.031303272,0.04343304,0.03916379,0.11268124,0.049750436,0.057450633,0.206690233,0.033442528,0.938893428,0.906747882,0.024013457,0.704463006,0.102499519,0.07816602,0.047550772,0.064611759,0.174156343,0.709142719,0.08450224,0.479897049,0.059692286,0.035063606,0.047785126,0.461444605,0.870728776,0.114659603,0.934385513
0.752326858,0.079755605,0.531699593,0.096818976,0.028472822,0.795572822,0.611735448,0.027598306,0.011213919,0.636590394,0.013743326,0.051745189,0.028947365,0.08181233,0.048899048,0.027229623,0.01740924,0.040022767,0.872393275,0.149154672,0.03305987,0.027807871,0.026562845,0.040456992,0.53225954,0.033582781,0.030740744,0.110957823,0.066738236,0.046662087,0.014759904,0.058628248,0.724162591,0.030348073,0.07175037,0.938159312,0.065722003,0.043393477,0.050017255,0.427127316,0.054413959,0.030930071,0.060193424,0.07584051,0.033863728,0.951103101,0.827538643,0.020122794,0.876930176,0.120020146,0.041710034,0.049945911,0.071120165,0.284754425,0.88217262,0.622242107,0.544288332,0.058048793,0.037517546,0.062917789,0.415522638,0.831593155,0.476592709,0.924136087
0.688959661,0.052528048,0.464274442,0.152906018,0.030919638,0.569312287,0.628639085,0.037078005,0.014212059,0.698969036,0.018329491,0.147897669,0.044099174,0.121141603,0.03798643,0.052058515,0.016239306,0.0752135,0.799401852,0.57644092,0.136663762,0.02637741,0.042021291,0.06898817,0.470884349,0.372255875,0.076331553,0.088216173,0.101361049,0.068162712,0.020226365,0.086449597,0.047594993,0.03404753,0.042692402,0.93057663,0.453826536,0.591628371,0.06029545,0.556280296,0.102425182,0.074037374,0.065460473,0.199311425,0.043645921,0.946686816,0.860875138,0.03726704,0.774543572,0.213304124,0.190424239,0.051481962,0.101644757,0.535538647,0.83486307,0.090573127,0.521404385,0.066249056,0.037887023,0.057587645,0.724159045,0.86296495,0.29794079,0.926442083
0.773083823,0.081291927,0.450510171,0.124343685,0.025617278,0.114453112,0.658365534,0.040364354,0.014366931,0.758422119,0.017728667,0.072808206,0.030508301,0.103956873,0.069140986,0.067149741,0.017459288,0.09781845,0.279005078,0.147685808,0.034693858,0.027908809,0.030765656,0.048179787,0.260318996,0.048077567,0.081913634,0.105064463,0.078783084,0.053443966,0.015926385,0.082208448,0.059908016,0.025461719,0.041646767,0.93653456,0.063475366,0.040619454,0.057904554,0.051841156,0.086886734,0.057838632,0.064386356,0.134967046,0.031994534,0.902487681,0.889883223,0.0312223,0.701347249,0.104012367,0.066476329,0.053648788,0.067201997,0.136228536,0.75474492,0.134979465,0.433588587,0.058276291,0.029057797,0.069580683,0.650331263,0.83122276,0.090927656,0.921312241
0.692221834,0.04508187,0.175298208,0.085605563,0.039015127,0.073238779,0.598466023,0.026216753,0.016229721,0.702123038,0.021072387,0.06751702,0.033908735,0.088463582,0.042302381,0.102111868,0.027197149,0.078294597,0.252927284,0.124613563,0.034377292,0.021084115,0.04198339,0.036967841,0.470757496,0.054327272,0.056712097,0.059973829,0.071589509,0.066095637,0.025614874,0.052499436,0.045453281,0.025940658,0.032286378,0.895776478,0.054732238,0.030799565,0.047957071,0.044000715,0.10643608,0.034206075,0.0637408,0.287129161,0.035414662,0.921204096,0.898592726,0.027964522,0.798987867,0.087061536,0.045313948,0.036220453,0.057557344,0.124483982,0.80201617,0.096114801,0.407206633,0.042331844,0.027852167,0.039910609,0.354848162,0.823751076,0.084101266,0.917059752
0.782952886,0.046477264,0.296452086,0.068635454,0.029996983,0.839002548,0.4829934,0.039587894,0.012626907,0.412937131,0.020127923,0.068648007,0.022558489,0.067934398,0.029740151,0.036500929,0.01619442,0.054665492,0.528718116,0.103631505,0.03137215,0.041778072,0.038095404,0.037025425,0.168747368,0.032411685,0.037486869,0.071476119,0.066344918,0.046595799,0.015086617,0.07444809,0.600108864,0.030711783,0.037030969,0.919920167,0.040132653,0.024241783,0.061736069,0.032687062,0.049340236,0.054941708,0.054865381,0.092152847,0.026594813,0.903291158,0.900675578,0.034558893,0.583716608,0.102941158,0.074268974,0.038575238,0.066437519,0.150873826,0.704172119,0.561426072,0.4613701,0.043760444,0.028329873,0.047138864,0.330912944,0.804255501,0.073310059,0.841791247
0.742965092,0.055885442,0.280310648,0.08335835,0.037105988,0.275341943,0.567429337,0.038345278,0.013108691,0.57162708,0.021588679,0.099268006,0.037921996,0.079204992,0.038431495,0.059847825,0.019438467,0.065790723,0.164482932,0.086457352,0.07064015,0.025106817,0.047728057,0.060814202,0.214737883,0.042510328,0.043356958,0.088233802,0.068022196,0.058601381,0.015293739,0.075702311,0.484299844,0.05976918,0.044103904,0.935720391,0.048865059,0.029681495,0.040577213,0.048248909,0.126937605,0.048692891,0.04481903,0.146947133,0.028676311,0.934855158,0.867934033,0.030600024,0.800383549,0.147210761,0.181480884,0.056061003,0.077612471,0.178123556,0.806212421,0.461301312,0.463348416,0.106202715,0.049507776,0.096207005,0.369914324,0.848925354,0.105403848,0.89106703
0.848585545,0.040816139,0.692112757,0.068691878,0.021160521,0.176030641,0.447347498,0.024923886,0.012510753,0.689273177,0.017608838,0.03340184,0.026194222,0.081988322,0.034188673,0.085260425,0.027763066,0.057696276,0.114170738,0.1284965,0.029094279,0.028667422,0.03705961,0.049284594,0.152190879,0.034511426,0.065076627,0.063896287,0.055393769,0.048965041,0.017307042,0.066475202,0.153731329,0.023953908,0.038788201,0.879336267,0.045166661,0.027776688,0.030485716,0.045220541,0.062722702,0.043055379,0.044000231,0.108454641,0.031607655,0.947029269,0.881316747,0.022209294,0.900197164,0.062684418,0.037927896,0.076954604,0.055206203,0.07280683,0.879808721,0.216424596,0.497890501,0.064708547,0.022683159,0.04913264,0.115540827,0.830363142,0.037371963,0.934842508
0.44736713,0.030067027,0.332332017,0.080076355,0.022501767,0.407296932,0.592987161,0.025407764,0.011530613,0.772446608,0.014486382,0.036879329,0.053001383,0.06595143,0.031418219,0.025838211,0.065215933,0.029096046,0.125687542,0.112466457,0.017261931,0.028320903,0.030179225,0.034285908,0.203345123,0.02590725,0.062678223,0.05752767,0.060635279,0.052139229,0.013008161,0.073630471,0.404083625,0.023653589,0.037671418,0.917994562,0.049486669,0.024928868,0.048651369,0.04671175,0.048989844,0.040381229,0.04878913,0.06928395,0.027522699,0.940897068,0.940040582,0.023710783,0.506586679,0.037504267,0.03656477,0.040455873,0.052818581,0.051846311,0.551090381,0.418816199,0.243302467,0.052907717,0.022748673,0.038452448,0.037924958,0.901113236,0.050851826,0.921930786
0.670991196,0.042876264,0.331766889,0.116455774,0.01992399,0.052256029,0.652140759,0.023478482,0.013412888,0.651652845,0.019574494,0.061843019,0.026884131,0.082997017,0.046201309,0.032962534,0.021057557,0.034136693,0.396693284,0.143448015,0.31436803,0.030420278,0.041829619,0.032330187,0.134016973,0.245925369,0.065469057,0.058319935,0.065627847,0.072530757,0.025130514,0.082497032,0.04521129,0.021260598,0.045805559,0.915808694,0.048383619,0.032002596,0.040595177,0.050017151,0.068097532,0.041374185,0.04274639,0.109653347,0.026953391,0.936637165,0.914956544,0.02356782,0.433903571,0.095341932,0.044083059,0.045710917,0.03991684,0.100410605,0.766572138,0.076880298,0.356129706,0.056605782,0.026776084,0.050613293,0.170423452,0.866950743,0.072603117,0.913212867
0.825379764,0.047816029,0.564796697,0.066024197,0.021629911,0.558112852,0.789444193,0.032325602,0.015095565,0.768412241,0.017436844,0.047704118,0.026293979,0.093859882,0.041502475,0.052285194,0.022195144,0.045389963,0.292723198,0.148295394,0.082532465,0.021666354,0.037187727,0.051999934,0.117390445,0.033023931,0.053801109,0.066772167,0.064241513,0.06733231,0.015013003,0.073136361,0.634501697,0.025536828,0.029277698,0.917002258,0.036247502,0.026263897,0.046264826,0.035529599,0.064677959,0.054124646,0.063714126,0.083397761,0.031793833,0.907639825,0.949294845,0.034242907,0.926063019,0.030664036,0.031679083,0.048578766,0.060264576,0.078527894,0.857431473,0.619540489,0.25231648,0.043851356,0.027356745,0.035272587,0.166126827,0.887318895,0.069008423,0.918325742
0.745257194,0.039859262,0.405802579,0.084252583,0.025419685,0.563728021,0.393478,0.029785176,0.015263691,0.855141462,0.015415842,0.044592294,0.021293012,0.083555765,0.039924169,0.05484052,0.017820218,0.099682197,0.101169692,0.185042988,0.029129319,0.021565888,0.045321891,0.034052693,0.182304708,0.058999067,0.06397307,0.073534852,0.060254465,0.059930641,0.01373068,0.075898371,0.607274395,0.023964958,0.028464048,0.924826048,0.054405568,0.033369774,0.052098717,0.040619976,0.106683883,0.051151949,0.050086624,0.171993223,0.030085779,0.939700785,0.935656365,0.027901905,0.737734104,0.326584625,0.04304026,0.043513792,0.07376206,0.098558168,0.860851112,0.486643274,0.446684626,0.053731369,0.028633465,0.044276167,0.396098724,0.867895441,0.083099506,0.924918657
0.810896171,0.036499161,0.421552834,0.076058998,0.020947507,0.401358442,0.460022906,0.023811642,0.016467657,0.731252964,0.019470492,0.038680528,0.027732816,0.075574809,0.033425683,0.024900455,0.030651224,0.026036707,0.160368326,0.107360254,0.017685677,0.02635474,0.032187934,0.032906471,0.265243671,0.030275418,0.046253857,0.05990822,0.059053645,0.049908974,0.019156287,0.060332088,0.032849087,0.030789902,0.037952857,0.931699183,0.048281499,0.026723164,0.037277024,0.041379301,0.053289287,0.032039608,0.047628938,0.065079587,0.026876769,0.941994891,0.911701757,0.033101631,0.733772638,0.034499804,0.058199082,0.042100582,0.044990308,0.038748107,0.721909799,0.069535412,0.696213279,0.040782262,0.029582873,0.032383599,0.135175652,0.873484409,0.050412598,0.933759309
0.730387639,0.041787566,0.543286763,0.084686375,0.027082293,0.729914709,0.590111517,0.028483617,0.016850172,0.814198221,0.018194256,0.104119175,0.027463476,0.101203621,0.051546246,0.125826991,0.019447566,0.144170144,0.766435265,0.138833568,0.048204917,0.026433777,0.040246196,0.056090391,0.280651253,0.049085193,0.052340653,0.083731064,0.108017934,0.056065217,0.021706696,0.075444062,0.032608287,0.033154084,0.029686225,0.940640005,0.079788699,0.042426838,0.056034698,0.264134489,0.124981845,0.042952418,0.050387855,0.224060135,0.038775573,0.910613799,0.94057063,0.031508211,0.781814025,0.044449786,0.052453451,0.041105759,0.05884979,0.157535194,0.867782651,0.087816752,0.60014634,0.046078894,0.032253664,0.033341974,0.496104926,0.851808349,0.207161433,0.930321074
0.769100003,0.040905713,0.272568047,0.071743079,0.021542959,0.63996174,0.709344245,0.028618035,0.013843498,0.761880639,0.017233364,0.086631357,0.037344779,0.072757713,0.035354732,0.121204423,0.017955428,0.08858184,0.206001955,0.225917512,0.030533278,0.027231863,0.028737672,0.042498964,0.396936832,0.053930652,0.074332067,0.059622993,0.064826462,0.059693688,0.01304954,0.056394607,0.569717145,0.024476789,0.0328111,0.88054598,0.149640548,0.023603749,0.051485109,0.036452341,0.111987614,0.051339587,0.03851137,0.208363775,0.028514926,0.945857054,0.890539992,0.02479216,0.826422842,0.112881923,0.038066902,0.042489568,0.046519557,0.123066466,0.761009711,0.587345096,0.310686037,0.041890979,0.022925621,0.034101045,0.363747938,0.826674952,0.099302915,0.905068822
0.822048234,0.046961569,0.133406799,0.096519336,0.029215371,0.218039119,0.558530235,0.027521171,0.015618184,0.642518493,0.026826727,0.06518594,0.053860047,0.090828638,0.038674276,0.032692612,0.02259487,0.056980383,0.554831965,0.124008276,0.092198068,0.02682561,0.03926344,0.038225657,0.434125392,0.049156371,0.044773014,0.085322906,0.056833452,0.049237742,0.016273339,0.067596283,0.26496529,0.057849429,0.05063328,0.937992745,0.120041749,0.040973351,0.042223306,0.035765066,0.053861352,0.127836924,0.054209709,0.050379188,0.03006424,0.88957235,0.931046191,0.031366205,0.430996528,0.429703403,0.237495456,0.048038316,0.088385612,0.224924016,0.715779404,0.229475517,0.273065215,0.079430347,0.069779033,0.089101621,0.200228414,0.754019621,0.054498981,0.913477146
0.779008632,0.059632653,0.714614709,0.082296752,0.027233521,0.038717844,0.735845405,0.02812806,0.013920748,0.81762159,0.027159922,0.05019432,0.031088626,0.088960147,0.031283547,0.062724554,0.028794949,0.036832606,0.199244764,0.136626514,0.042858749,0.029058819,0.036943224,0.040648405,0.160099781,0.034226404,0.035762338,0.09646694,0.060850833,0.060935358,0.017969935,0.064404969,0.062507347,0.045145812,0.05819055,0.925227515,0.056254797,0.03391791,0.078416852,0.041968763,0.064471314,0.069046266,0.047797632,0.089819074,0.031664132,0.92710834,0.888903995,0.031940114,0.7967667,0.125842199,0.112913022,0.046234982,0.077780488,0.11151586,0.865518706,0.068670966,0.760607831,0.036347463,0.029222197,0.13765654,0.161666511,0.88610915,0.059531376,0.923116284
