0.5619812562377501,0.4074549343061275,-0.06488943781234607,0.916559086511195,0.5485239172619922,0.5668769800638354,-0.03976660886321434,0.5922556356294674,0.5918805111055937,-0.23798690389666796,-0.6519053085063331,0.30732239191193594,-0.8100330926439009,0.01271117787350258,-0.32669814783007345,0.4667357608748669,-0.37818362113807336,0.33316428854229174,-0.5157363756723158,0.2038508374487758,0.697253302680702,-0.9028817222844905,-0.25785902281443207,0.9365050755708153,-0.43750648035281586,-0.47164476306336717,-0.13877134334834945,-0.5416300293714661,-1.4435279697182728,-0.050041315818376675,-1.6423890993701433,-0.8724386537573486,-0.08179812811683373,-0.8835369710240217,-1.070105959845851
0.8086097913652803,1.4665390204785669,1.3696064437200504,1.5150115399901614,1.5259291181184698,0.8648187191360571,0.21053469343925646,0.26004415745718457,-0.26129504736318543,0.23557183320102004,0.8065474218724492,0.4864983480380998,0.669910554893165,0.9994565057827657,0.5936589464519355,0.1768474850674946,0.70269844758366,0.2711124384957191,0.5755021144867374,1.3723234366436778,0.5552307829732616,1.565026904286528,1.3839546875105557,0.36660447545238106,0.08835587493589436,0.6048501438817463,1.19455837323612,0.3591333766464563,1.0441849635036313,1.179857311425533,0.1737186732255271,0.20740725865480814,0.8860829651461473,0.589623698886092,0.1542572113446921
0.3742040837491989,0.6956083847422769,0.530706141081154,0.5204566419450657,0.8846396309264413,1.493391940239784,1.0179154265918533,0.3845402042423277,2.158743972696387,0.8166913603956297,0.483525114829068,1.4723736257894755,0.5254430481261814,1.5845556235457865,0.31037018000148114,1.4527770797344712,0.8298391135062233,1.3658837982333583,1.661778217327041,0.1346313091715492,1.32836934540051,-0.02490382460004692,0.14454451641745658,0.2545523998456841,0.8957360762327127,0.6476351633092728,0.5343264494562574,0.6773464692719808,0.8857846090192982,0.9097613788281653,1.1078149162143955,1.4554502091828214,0.5190707628619055,0.2531554429998486,0.8040560392091256
-0.6668853236147385,1.4674462703995248,0.975718842504939,1.155842657847777,0.5891601193765312,-0.06835793864071948,1.0569627048100347,0.7450105222476178,0.7981869450109437,1.3212082425145435,1.1531675299514237,1.7269441469954874,0.8369054715348401,0.4074925771565066,0.6514831520304514,0.9455935715430897,1.2372435408618647,-0.013159293837217811,0.7151641705658534,1.5057057829513607,0.5703789995200887,1.1450540550472077,0.9146954576495733,1.1341874330043926,0.23903748734381597,0.22842638980905267,0.6280304375988194,-0.16188206385935533,0.45526951106673297,0.7020756456153225,1.453049301881716,0.7467918974340125,0.842366184519195,1.0959378475903097,0.014959180169003217
0.349700513509019,1.610763134215328,0.32331578594820753,0.8850053270984296,0.7717551421678925,-0.48679896727762967,0.36923870140263654,0.24857908577704613,0.3009531082404103,-0.28065402440163667,-0.5018699946219172,-0.22136913776795172,-0.0722571163831325,0.529195512754771,0.8055798144263836,0.5557020785919953,0.2483309296364524,-0.7226423286094052,-0.46307974098555044,-0.19118163887453082,-0.6491369882758014,-0.08025532683739478,-0.0436338295527422,-0.16974110110148288,0.04176640847451396,-0.9548345050347282,-0.0666064649777604,-0.9099931864789413,-1.0603829487544394,-0.3501269361446551,-0.032978111338056615,-0.4200360850001728,-0.6751089908088858,-0.5501888436518754,-0.6550442545800089
0.19654748448943304,1.2307550910050309,0.8378632924617722,0.9124148662166006,0.5070734165254969,0.30148488920675404,1.3274496551583432,0.45226867658075154,0.3485124123184403,0.4914442648913834,0.6047797694694462,-0.031130922636270708,0.17715092788596432,0.1252038670590669,0.830858560216404,-0.061361089370820965,-0.5234197845243624,-0.6567573287457511,-0.43655199463489036,0.9508187570470588,0.24916979060313738,0.4623554882407972,0.4503297626285228,0.18026664668009132,0.08465038476103243,0.6139921989443893,0.13428080641544482,0.7302958733202054,0.3105814458443547,-0.33931256737396953,-0.3095178878147422,-0.4551306288240807,0.4870620378967474,-0.3543732833855655,-0.580998074154286
0.9598890205634101,0.7511361863624018,0.9461634108469968,1.7423857859360274,1.2520551619383433,0.8065085792929114,0.08571953454855441,0.536324436351556,1.1376522685674348,0.19188423008415867,1.8426207411853017,0.7735337197684552,0.7844025537028331,0.41977619957307627,0.9940604538726737,0.15876098201267064,1.8117615759161048,1.379033334208147,1.2030435855747919,0.005720451537271409,0.7931900702502243,1.2840913266196576,0.9646893937204404,0.1552025774250152,0.3188708804894545,0.40515915583884776,0.3161755742933716,1.368618247615954,-0.37036675503906624,0.9035968866869073,-0.08542018905739557,0.06480705907356776,-0.4751147343517148,0.2391727084858738,1.2526538003861383
0.7338350270907067,0.8081896839123344,0.37384871374339695,0.05581962587030842,0.9477436407126625,0.47959401306287447,0.682075263566681,0.4349072769133412,0.5509490377185738,0.30687012486338394,0.02422690853356052,0.7211474711077821,0.1580266308763601,0.5161956444595012,0.6134485188640187,0.08821383682758283,-0.24747867283182806,1.5398327596338524,0.034752134730255235,0.5817582349235824,1.2107982656461735,0.6066848182641424,0.03186449465408245,0.11861649371637549,-0.29426257678273765,0.5325771975141901,0.344418203288469,-0.22646577544237337,-0.5209209303498007,-0.6910312994653013,0.4323061260223263,-0.031211661119160683,-0.014219704912234774,-0.5633221198439677,-0.9135132274066727
0.015053688817142863,0.36679995422477657,0.8834308054027434,0.6532939218622777,1.531958243954007,0.8484965911700006,0.31599925343851565,0.5137803367410798,0.034752127228524984,-0.46734990804935483,0.7094780504779226,0.5211316007082979,-0.14388672513801318,0.07367115742028202,0.5173939982559833,0.2805788685834164,-0.9133123013793191,-0.09866218671469823,-0.3424474162349847,0.26035568448831065,0.18260390015361672,0.29044576098765224,-0.9628240530399899,-0.8299418994123365,0.08624032426344264,-0.7983618058494142,-1.293737307481013,-0.29587221761181054,-0.863524192565983,0.27871038191635433,-0.4928226154433152,-0.583913184867345,-0.8701329485030364,0.09015191026085678,-0.5439804836687386
0.17935384736224644,0.2865042751431002,0.25317710359672574,-0.7958903755728084,0.2717623202338867,-0.03705181548739356,-0.5538878145678521,-0.6578179845557629,-0.49565922842773846,-1.0223984136253048,0.44513384491611435,0.285690016336181,-0.27117702519333164,-0.6464723177127454,-0.6690336411998385,-0.2249777128441685,0.24367545984295125,-0.9492411979865494,-1.2491082500430604,0.05986538942778241,-1.6284412737074367,-1.2572518101029526,-0.8916581394338307,-1.56075894451961,-0.23380396915009083,-0.36774982224070557,-1.0868865775830638,-0.15992142295837608,-0.07227088937664328,-0.847651872875507,-1.007533218850706,0.3594523489085253,-0.3949794360955056,-0.6097282478157906,-0.03563375974751137
-0.24774226214162526,0.5996419216305764,0.5738840768458089,0.2184324470141122,1.2235018471717432,-0.529706742534112,-0.8946427922271142,-0.19021210017440224,0.49118598136591757,-0.43152010322302714,-0.43389569792887533,0.49214653033155126,0.20791434355784377,0.12523374376881283,0.2876388642963442,-0.35519332115603586,-0.37125371278356534,0.18441743882110215,-0.9310750438814024,-1.367504588280303,-0.5495595560516411,0.09657849143147557,-0.27609703418648446,-0.009240380322709463,-1.4789480490158595,-0.3447904940164454,-0.20608856470267028,-1.2375691727241858,-0.1588861771597242,-0.6719444514907424,0.894753458365454,-1.7526608626365454,-0.0009538188577824513,-0.9023448049656658,-1.5318335708336708
-0.11126717184330082,0.255753010234116,0.9899447925048167,0.3021300792209895,0.5232332930620178,1.039546503165927,0.5003381560780937,1.1977267215640528,0.8899606110378155,0.9952463058773183,1.392618392389391,0.9262369697577137,1.5294020023327626,1.208729937570977,0.4839653605675861,1.3843359227844223,0.8612482918168487,0.5230178275518897,0.8500882106367103,1.2570983666273077,0.9180059821424598,1.5907445438883543,1.2114019729909817,0.9178371464429839,0.13088371677320332,0.5412609678367826,0.653726561413101,0.9525445803696737,0.9088063350086582,0.6604075219666321,0.6209064560954156,0.9056612503371366,0.10045883626765095,1.361457833690235,-0.5262954679652041
1.6281612539017787,1.7621424871104139,0.8224315034390716,2.0090318992958824,0.5960057931989533,0.9932192990700983,1.5058757585388154,0.5568034548444191,0.09135468785506418,-0.02845378289436018,1.8025488749714542,0.5018131131312921,0.6671099753888412,0.196716756891538,1.2198612151494086,0.34698195566149426,0.4836837675347151,0.8701178915902218,0.17887239935348265,0.6116438196750634,1.3915882297729838,0.893675326371087,0.7334078402557499,0.7636894844738351,0.44935021015550025,1.6292033847193057,0.21181592627064172,0.7096919107427655,0.6476525975439653,1.0800185704240566,1.1123184678036497,0.5294234005555662,0.6750851956391687,0.6779673010222809,-0.638782853168772
1.3605780136533687,0.4142701404068836,-0.4342144427222384,0.34192428826163546,-0.3169698959052862,0.6840606433593588,0.4764315587622343,0.08975032293706157,-0.029608418607717762,-0.009714935313880055,0.060727008505322505,-0.369481648428297,-0.7172361583417495,0.5060527623019369,-0.295776083684899,-0.059075292435021604,-0.039120700170722555,-0.059461957632003404,-0.8455406520400148,-1.1340647473569536,-0.62726373158371,-0.17100238689289357,-0.7678518174170426,-0.6153468092338339,0.5928478130705075,-1.4252508405804591,-0.9105378149791086,0.38613157286812094,-0.6122143084306083,-0.9691775859873013,-0.05653043393198687,-0.636427609947622,-0.8596652002171609,-0.6090812931838734,-1.0523121183050321
0.9008925536854767,0.6008495974258873,0.5066295467484399,1.4666036493701435,-0.22636459178933477,1.2313832967190903,0.4796607889287285,0.41128659613431334,0.9129179593274869,0.03259994373956543,0.36412405704702316,0.3417556151941849,0.6492792280055432,0.3510299519717211,1.5462509183044486,1.6362701435227636,-0.28168148000865556,0.9925190342650096,1.1402270825150562,0.9724275556277286,0.36142668847550163,0.5575003465333848,0.29399936665272297,0.44612511416248835,0.03893524381019409,0.5737328140245679,-0.1335063641148595,0.5041615526467316,-0.03415103017732046,0.6790454977531909,0.22102171793538467,0.6907229767363704,1.070542313265035,1.308423392117661,-0.7667143198937136
-0.0694750606846028,-0.08635521870411567,-0.6364258861372916,-0.08887075185548216,0.686859105397425,0.914138158922349,0.5567782445082619,0.45252144999477384,0.07271068955586805,0.4838594929508868,0.19972887287510446,0.9188603482360362,-0.07258227492940528,0.6082073308226783,0.3339814454725102,0.2251247985824857,-1.1875073384853798,0.24412258331424505,-0.3223856429453793,-0.5181079122984755,-1.0743739898266704,-0.37165172008546177,-0.38710108527076476,-1.0893870932916194,-1.2074409802511226,-0.2592291581141357,-0.09716825149317077,-0.46702900645763235,-0.014497647590815177,-0.6593774954135952,-0.6680905296376481,-1.122556842558573,-1.4656319914720166,0.22206531022716347,-0.15760818848877578
0.44536464409622645,-0.04797475354720742,0.06902195563990833,-0.011092574519356871,-0.14936441074097237,1.2804653039023548,-0.5695667610359089,-0.6208402741621522,0.018415686006562737,-0.6706120698576488,-0.5617030312518451,-1.0005911229133002,-0.25124816598000776,-0.2826444872996242,-0.7280756771928631,-0.2466022216911164,-1.5643004967748197,-1.0174695289453495,-0.7753048218368636,-1.3000962458213294,-1.609228498624572,-0.906934388495853,-0.4212191496480335,-0.13948801490383866,-1.0635224421560765,-0.4295945386824588,-0.4812189449375716,-0.19042439538000167,-0.9720126187555572,-1.6903167963228123,-0.7471062038553299,-1.2772455354475754,-1.117312901668587,-0.8885001463268086,-0.8868705487418892
0.8707796334478972,1.1512978977584623,0.6150113629214318,0.995327587293108,0.8029277639391662,1.2607505000811807,0.6956353010984004,0.746842347068596,0.59492899329533,0.6962804799358191,0.38039152884718763,0.32502679537892426,1.147861049739453,0.2114979544597645,0.5861325306358628,1.2454332784092847,0.5529648838635725,1.1347279087249291,0.415372502612848,0.17535315125707918,-0.10692949242906147,1.3359101622489862,0.09970110322436299,1.0298504248044493,0.143944244747091,1.2898191838117536,1.7212858538452256,-0.239036200084368,0.04776159729315488,0.9622032487591013,0.8172529600897375,0.9338937301791974,0.24287417388045585,1.5074670045769905,0.5563127079614187
0.7065142435913592,0.09733712871515299,0.625441958614368,-0.042338914864209376,1.1686780202534766,1.1762551856447476,1.1820163135137969,0.8007419250431077,0.34219401493973733,0.377234433897092,1.537221620630385,1.484163990350579,0.8212559355734763,0.4952817790119016,1.4300032868340697,0.39051030458138175,0.8437398854133298,1.3963363345813709,0.292726113143955,1.115546747250732,0.9507638329432838,0.6597898564968749,0.17141989447501277,0.2940372496902647,0.7886432945691115,-0.0805411725988503,0.6832664210468002,0.874754321791632,1.0827499007771122,-0.12354122037262227,1.2188551469874669,1.3931145498890694,0.7348277329394408,-0.005324366647023515,0.333233330436411
1.1524749273595678,1.287874086887867,-0.36177498921873064,-1.2505197157731904,0.15746668032274166,-0.09550249972489709,0.29426380730324253,-0.14054155922514736,-0.2993307176364562,0.1914257276185521,0.2183904436295226,-1.1506656756259903,-0.905330219251093,-0.5875695891860391,-0.5212608352688491,-0.7170021676072768,-0.4181344009770811,-0.1659904335296276,0.17103962662896577,-0.42449848548340335,-1.1610388191417658,-0.8266745185755386,-0.8059053138081829,-0.523222090626515,-0.5957944838364189,0.22899586806249905,-1.0302465316028597,-0.6073532156638483,0.38043859529348956,-1.0836699971822759,-0.7096247819815246,-1.2427889155247216,-0.7145168973238674,-1.1279991483690381,-0.19400628132164444
-0.11956267534042289,0.038697746773310955,-0.22981450368208,-0.28126378811386055,0.39805135571289063,-0.10092190876232456,-0.0627239861884091,-1.011636893575574,-0.11690352148412078,-0.10781583833244018,-0.6151691619217748,0.5851291918948547,-1.6416407577733338,-0.14258954165642668,-0.2140772447537097,-0.3332190999314467,-0.5471316370887125,-0.388703166875659,-0.2562274889534514,-1.0768987892858501,-0.5852741688251661,-0.8446448269882815,-1.3151133932911585,-0.42195722331044994,-1.0720587128954067,-1.5451317948829892,-1.0690452943262299,-1.1991779315938151,-0.2826775989835012,-0.7144699784514363,-0.09100775722173216,-1.1036267805792366,-0.31847541118933353,0.6819208831037391,-0.5393904995037475
0.19596263839919437,-0.3588291888418711,-0.3205341749877544,0.11127885906762672,-0.7095713369054365,-0.8207973805567087,-0.11214436858337673,-0.29643443532749825,-0.24428631499461972,-0.20920795195934877,-0.38731207367390785,-0.15333933425195667,-0.448308982191972,-1.5384250593793514,-1.4444219445620687,0.3599640241898887,-0.6352020563785925,-0.1889220023296293,-0.8631671815449362,-0.7429625445668183,-0.9615543070506327,0.4799772597540529,-0.6416079819963332,-1.0479711633701934,-1.6156483572684852,0.1906642638746705,-0.881129156589557,-0.4276139227664513,-0.3689184584252834,-1.0224818104456606,-0.44597274237362416,-1.0724178083385225,-1.250773528157291,-0.1556582280441111,-0.7965014229784173
0.6914982614958395,0.6035173352542671,0.6818428771681064,-0.4514785143934865,-0.0027590620768460083,0.09002031116800246,-0.2017402735510754,0.38970877368262713,0.7294202531181415,0.7689945431670422,-0.11301262127077949,0.1626187934714275,0.19946213440401858,0.24733133605637758,-0.5421431319727418,0.7676932896128894,0.2814984164187526,0.2558524743866102,0.3430983749593957,-0.029076693948037524,-0.8465741807632001,-0.43834451887892356,-1.229403581210844,-0.23034987753467503,-0.5554077228870501,-0.5228000899416572,0.06897974801896634,-0.7906674806970728,-0.7159765518190349,-0.6051983552562379,-1.5609110171443632,-0.7970746560691793,-1.9284084588382495,-0.9980265376504985,-0.2956631869172353
0.43424247481280953,0.040863558461371574,-0.02731140522496328,0.15871495134845,0.23017462321341772,0.2698705430901204,0.6721884765813352,-0.07402669159598849,0.2343996775576031,0.15541607246580275,-0.24772438239887024,0.05350625534574639,0.4780010897476256,0.029956397396312853,0.010216369077233986,-0.49526100999092737,0.8026677498479684,-0.544650382620861,-1.0925233837645416,0.1339473950280085,-0.3903259890619269,-0.5203790635749077,-0.6766537738856496,0.49797117977370187,-0.2935057545019354,-0.2276632873556489,-0.4517130052327256,-0.4271456546962451,0.1093973328467105,-0.7416123338516935,-1.3693836651979119,-0.2300155010742893,-0.4371601965739619,-0.6512758502601076,-0.4878810928397558
0.614627889852913,0.8100660309757832,0.73302902762946,0.5017347054536472,1.3901061505264147,0.08687398843305805,1.9703723125580421,1.2249867895591116,-0.10685855005639211,0.665321585169602,0.6878626350683458,0.9622687529217371,0.2652892217282305,0.7691114677361739,0.685131876423491,0.3689527039870673,0.2909391656297601,1.1797600052333201,-0.1373959070450279,0.9398744224802018,1.089238588460411,0.5702689584434473,0.6943231139040688,1.2380046295905933,0.2914920027817537,0.33030101039728105,0.3701526509880213,1.186891629372441,1.2362866878149155,-0.12230780037432054,1.0638518720626484,0.9548869559727436,1.3065493543075577,0.7062539401284965,0.47515791447724315
0.38612377573540496,-0.3641475870462251,-0.5586813413428416,0.26546938423373906,0.023704225197871298,0.2926672617473708,0.020042633347851585,-0.6595402991814618,-0.290581479165022,-0.3104610749352205,-0.8755791798143997,-1.0096981332824875,-0.8373879302401535,0.48351806879434023,-0.7768516943419153,0.012422829762204546,-0.869568244647923,-0.21962341841818162,-0.23906940095247464,-0.2376597433938309,-0.5409583089107317,-0.06430311658605381,-0.5790522085020404,0.07622265405304507,-1.5998384021476066,-0.6220593336598463,-0.6578281677075721,-1.2679884054499955,-0.5071249926966872,-1.5361078865187843,-1.1092912929468666,-1.7698925714116176,0.02375291134382418,-0.8536653212728651,0.3660352843408382
0.5306927587458372,-0.34619647465498615,-0.45120641247835835,0.3173446647311549,-0.9492362929332724,-1.2242507633973163,-0.41705327232322087,-1.0068378931219837,-1.0334723347291401,-0.08631067447606816,0.021987068378891084,-0.06295353830942857,0.057361204472315186,0.08579405046570088,-1.6347747516446063,-0.37880458596641936,-0.9000420896928034,-1.0377549511833957,-0.4101079126270456,-1.5791027373177289,-1.610426282851371,-0.4362000339357709,-0.5243361844229554,-0.7121758826813396,-1.2298352029149584,-0.42428764020219345,-0.45933851794516745,-0.7570762250235228,-1.385577624213442,-1.0036907215952287,-0.3632822913044808,-0.10675305356182041,-0.9188286488257473,-0.8627270582043485,-0.7982512870798482
-0.04494801695680256,0.6058258352318828,0.8806594310291668,0.49910520502458133,0.17656389179818444,-0.06316962943999477,0.7707989384929244,1.2108330767518642,0.20350156671203826,0.5660837475296795,0.22827493623189984,0.39438831547526865,-0.6056330068960892,-0.3073648511164491,0.09465912458637213,0.463648627521396,-0.5908287865733071,-1.2371217529796739,-0.5077638667114273,0.20892069209309533,-1.1248652647816386,-0.9573180991671624,-0.32591759065433024,-0.49587175876494893,-0.17356765302766303,-1.116902278400981,-0.6955101141081932,0.035422239782705645,-1.1863630692513885,0.1222711449172883,-1.1746233853818913,-0.23935203949937223,-0.8719902578017207,-1.2777198855221172,-0.9717072371899482
0.9745306436017953,0.6834647178848587,1.2299480163079397,1.371424514670505,0.0439249856065983,-0.01173728112521355,-0.05594364708623767,0.12603926883347938,1.1060872110152435,0.8116937741646555,0.23575491664925885,0.4787303454120364,1.1617394275723896,1.3882253295016556,0.5379105746343809,-0.9480203973945757,0.503107691734651,0.7941640174779997,0.4109542306310058,0.6333071149903949,0.41959917809130365,-0.4055917639037368,-0.26103331761387316,-0.008401406081147061,0.6547484222058624,-0.2912130501249913,0.28923416584294837,0.18259343064909664,0.7932651057389867,-0.051254319698162826,-0.9383300850179034,0.23203700685144807,0.9473156327383919,0.2043438655204391,-0.5755924716596733
-0.05734837344428784,0.4378973282360885,0.291142031988263,0.5866086868416212,0.21931779282315594,0.8846426533036975,0.05341436337782887,-0.31631114368544366,-0.39574721881068536,0.4641364701347378,0.07140033231262048,0.3334938126050714,0.2832016317735611,-1.0732216374273074,-0.6731168959481416,-0.652909364771504,-0.5897937700003509,-0.43064986074787337,0.24094314381779025,0.3030965111109199,-0.47936288433921237,-0.49449858376374245,-0.7565937457085292,-0.393292283764945,-0.3695404524373084,-0.09930112067705865,-0.1338014540325828,-1.7132294869533689,-0.6661874462515557,0.07586501220720587,-0.8599723560900054,-0.0944219190065334,-0.8387369027007523,-0.6178040229816469,-1.2917030598132235
0.5169670439627816,-0.27772376120373876,-0.18562570679420748,0.06441618626542409,0.2069187010353736,-0.4428705166847988,-0.15088856697819936,-0.14928885868410294,0.31475219078831096,0.004205344147500345,-1.169400672995044,-0.564200800478184,-0.9614188106730094,-0.25072939923586324,-0.10890297197861876,-0.5532325731260304,-0.7693015052219491,-0.629457931670186,-0.5858555919925208,-1.0340048232283066,-1.3442275302998936,-1.778055927254306,-0.1346381273089624,-0.5323590887996118,-0.6086229948813038,-0.16360301351678075,-1.4272239688216142,-1.6675439204747593,-0.6048011453190115,-0.6444308610087601,-1.647852534903079,-0.5905881338924778,-0.9556718233373671,-1.141434604169008,-0.884118587208524
-0.21397273660554467,0.19125648115074786,0.5512353210751412,0.6724211982117283,-0.08673003475097091,0.03186204191025796,0.9442773806914427,0.7561596594884559,0.24020232284637602,-1.0219203611164644,1.3121560351791666,0.006670081413851425,-0.17964314685169444,-0.3244766739724444,0.08510792316313445,0.0506944500658712,0.2935522608087865,-0.683503279634117,-0.4148790925614333,0.7191281965310714,-0.220622152612718,-0.4551203397647434,-0.8746857664717369,-0.18491897947384134,0.044708214716945305,-0.0652450752732876,-0.6624212488283175,-0.3815443197370752,0.24591474589130913,-0.08074385715211152,-1.0329962635342067,-1.9370453604989124,-0.5371247491530404,-0.3059816933284125,-1.2678699595502803
0.47315492553333455,-0.16167293302634997,0.028288520368103837,-0.3017078968249516,-0.2498345512050586,-0.1545451794822372,0.12052595350096576,-0.07132281832524409,-0.4095473189064939,-0.345258199874226,-0.19926801348063522,-0.12368842720657358,-1.2565247073099024,-1.0734675914911684,-0.016824380261469707,-0.6344453508966816,-0.8472762865915135,-0.7957925646511972,-0.8221678815196752,-0.4349861066076663,-1.2888801769055944,-0.7405975327282489,-0.6451703284532021,-0.582408252334343,-0.6784465024482433,-0.5382493423362414,-1.0858380395045617,-1.2706298487097276,0.4315851180467004,-0.9416988910175934,-0.8744263653939861,-0.43142861610377176,0.042484298959537425,-1.0101546327675652,-1.2168143671620804
1.2107768844167488,0.7443480785213443,1.487505726790797,0.1328649399423023,0.09306091751029855,0.1635494958278046,0.6631010149813702,1.3463715147465916,1.3505267596879964,-0.6234715013879318,0.633122283721744,-1.1221951645340578,0.8571025718819375,0.9933046114596993,0.388096270566887,0.42361098337650094,0.39128359082478426,-0.06543100666329732,0.5144909653637084,0.15434565479637447,0.7062123455059208,0.15491747757758095,-0.24842565417627122,-0.615757647948824,-0.8099913794411695,0.7479836560125366,-0.16761182717038478,0.20003422872932256,0.891781419071681,-0.3118165962824012,-0.37468961807035095,-0.1574791017746029,-0.10699562286861394,0.7919278682151342,0.601148621292587
0.3670274692875359,0.7319320830007482,-0.1312764251092977,0.05818405799729834,-0.2910377923075925,-0.83381292096535,0.3656802486082499,-0.017135142087875643,-0.3195959506874838,-0.3742614949761468,-1.1691072860306526,-0.9461233128118488,-0.32895054062428886,-0.7993294431789528,-0.6793361678398859,-0.6563385983207035,-0.9764723744165794,-1.1480019882002028,-1.496494044194085,-0.7872141368756234,-0.4255677061100691,-1.5748034770866046,-0.7802531057283175,-0.6399705842713144,-1.2846687024179624,-0.0851315517192115,-0.9923476484946094,-0.8503583267755055,-0.8775518538775458,-1.6764537600260032,-0.2778230942246802,-1.2481080491723326,-0.8738206048404513,-0.4390600736612196,0.013044980004949358
2.2379168761023465,0.9973436737465077,0.8295480492440883,0.1503078373362238,-0.022696690563180744,0.11233835199474529,0.7547023350959113,-0.32009681886348074,-0.39812820140696564,0.3661759821744024,0.2161879836552225,-0.368520906702974,-0.5689614070486434,0.6556517856388289,0.07542661721336108,-0.8243647763836099,-0.8285744437956166,-0.40122818368484503,0.10778925000801387,0.001359735973110232,0.2329217992628949,-1.114033056831769,-0.2919535387900577,0.2750690337764633,0.19559997143377272,-0.32308390747184834,0.6409884373030788,-0.25752790321091334,-0.06854165601232509,-0.5939610438500926,-1.0314025388596906,-1.1016474285775508,-0.5947033952979478,-0.8110167601277324,-1.6075505485703896
-0.13564429501554834,-0.6450978008049194,0.1437414866719916,0.4408298784733767,-0.2008017160720143,-0.9991087544023505,0.274568295240291,-1.1711339898656954,-1.1016100763608363,-0.4621967640674185,-0.2901072277396489,-0.24626189685631403,-0.5300969017045379,0.34524877302572865,-0.53789547668954,-0.08667651505468477,-0.24176070786067505,-1.3104796942904424,-0.775180472374159,0.34770525927065643,-0.9870474068853397,-1.0902966681549748,-0.6829414024398932,-1.0148021752471208,-1.1867307903045092,-1.037844154642049,-0.08348512829109267,-0.8680378282860362,-1.4609546199559125,-1.5469398177745575,0.32120333596053263,-0.8820158496797649,-0.538271096654874,-1.123579187470022,-0.5569137484316097
1.529664825800766,0.473588147676776,1.0281725445337062,0.09460569604391167,1.8069528181573093,0.9272712672642456,0.5835343044754129,0.637368623312792,0.5271101300376156,0.5479521678533202,-0.45161197815470533,0.7173425724023031,0.6900390167952345,0.9974295646823037,0.48411970226405127,0.3522437282032755,0.7254278091388885,-0.08582637716310038,0.782606956743561,-0.22997467532868432,1.2508927594367467,1.021683105443043,0.20504375582956408,0.986826136410921,0.6996748702707227,0.1266221092994131,-0.3935435870768693,0.7624466714740266,0.1929988908050444,1.1231221017055288,0.5677483653477556,0.19564145455044307,1.4286713156278796,0.8019231703668093,-1.3302552829355214
-0.1866061230612709,-0.6848192975038975,-0.442065887685524,-0.16376442505620897,0.036743284255528,-0.05794585861874338,0.3026794159938534,0.03531467967152757,-0.04125922283656308,-0.27228140875342194,0.2273995757855522,-0.6155239178309497,-0.6421787600488965,-1.487559786027965,-0.04239762532612301,-0.6424734438207299,0.8315648631776122,-0.8668091740694066,-0.6460261640230307,-0.4407025205656463,-1.2858219664095674,-0.5737125490370156,-0.7508984771498116,-0.9323863054555135,-0.20357652118188663,-1.2480768164485834,-0.6620389074342946,-0.07239633685472702,-1.1502279815567056,-0.9395095400766247,0.390453151669212,-0.5331531323846852,-1.0086590854588922,-0.3365781942609783,-1.0014535088628305
0.24565872544344086,-0.4555637292893021,1.7342751993254717,0.16310560723544992,0.9464710971270127,0.9546533108960942,0.6866062190248609,0.07619173987573193,0.2793161242573644,-0.5408528891585703,1.0516636482433004,-0.40926713684886096,-0.15031009921146882,-0.013803467525261633,-0.15679547285489992,-0.4710334856662908,0.5154078502728745,0.2546674442845295,-0.09760805132795614,-0.49592119307940474,0.19922046668452142,-0.6010924694901529,0.3813190364890219,-0.38227567464250334,0.14408986968208082,-0.5594490612699826,-0.4972542260033872,0.05054006931049004,0.5070476034692257,0.16399840551459466,-0.20234758274862197,-0.36940111170937945,-0.9389853478249708,-0.5576508861499127,-1.1797823056120147
0.3194985093934522,0.09326961842681741,0.42059485084111803,0.16151335902388173,0.6214332142515109,0.7371417789179604,0.7380408951856127,0.4305016850766281,0.2588848776578426,0.4936155601193174,-0.9249061924921984,0.12192123840944498,0.0028794107441944203,0.043243486940390305,-0.14688736856353543,0.07333090221121427,-0.46906313652147724,0.3442895172672047,-0.021806764784065652,-0.22080173613909937,-0.6816757545557737,0.03880028950258235,-0.3005470344326405,-0.8156278291526754,-0.4991316650108959,-0.18799758855757148,-0.2572340476139467,-0.3186659775147656,-0.543649276562458,-0.10327523658689763,-0.022016640531741904,-0.2953815203504075,-0.9792366401230115,-1.2342966153478878,-0.9952275970994457
0.7271513001392228,0.2968544643746627,1.1687403978031288,-0.2924117619930202,0.5808826475373244,1.2471588227478787,0.5710703006686062,0.4273447094815831,0.5740518187383081,-0.22755988231922009,1.1298748089116413,0.7048824174622244,0.6238160521007097,0.6187644878475447,0.7527314747171066,1.06448057060982,0.7032835107657516,0.039539407792235415,0.9986534237483025,0.9502197999342893,0.793246934129579,1.217168781093315,0.6833260322480501,1.2119451742365306,1.3475232688829804,0.9222836676040843,0.2439276805987068,0.53883597050958,1.2095678314017486,-0.17317661617726443,0.36475466431752573,0.3739503845757297,0.09714664890577707,0.9501393990247,0.68569551013692
-0.10271272688859262,0.8955035057575711,0.06390416482839512,0.27585177518879994,-0.17062676053192527,-0.12182107873308051,0.15053446286393385,0.369296496036509,-1.1582058674555313,0.10486211507726836,-0.3164707449583556,0.7178171889675864,1.4480167051616872,-0.2429362285222448,-0.9641898757930171,-0.08415835956031044,-0.2844763405010722,0.7652031270410349,0.5746630181969685,0.1365428202172525,-0.626264509844043,-0.02997487001096849,-0.27137370414573403,-0.3172245307345218,-1.249915818088212,0.028358771048631937,-0.47911665286824173,-0.6125911351911307,-0.8899932199374103,-1.0129932530645347,-0.482285601798056,-1.5386242291172187,-0.2907616228701366,-1.2323184752004717,-1.752598056716295
0.6255448487364543,-0.15795653274450136,0.42550799081199636,-0.11200859728099968,0.9232212994082526,-0.1235852615446612,-0.5565142344665378,-0.07304719768692214,-0.16666129704018076,0.19602097673516478,-0.19197345127493573,0.7801466733491604,-0.5527291933824376,-0.5845830844319371,-0.872422672257668,-0.5611763967540642,-0.5197084293665472,-0.523437563210239,-0.6567213909843986,-1.0188656057335024,-1.1757045439563885,-0.9405732683944077,-0.19746036306084758,-0.102142367871355,-0.8283607687736074,-1.266993940726968,-0.8400767691338009,0.24610423508778978,-0.2974331859202461,-0.5156952029642015,-0.30085667154041745,-6.535929205742086e-05,-1.331993447911143,-0.9339105086487787,-0.9817675494857254
-0.039360270702222255,-0.30540235686712824,-0.05775942228337022,-0.7374602624231607,0.15647361086347822,-0.6067935909347765,-0.264386430903304,-0.0501829361218703,-0.1230497395901834,-0.5292452836521356,-0.3251985267239383,0.1147172102713887,-0.5164675061833648,-1.1510674773029568,-0.5034460906032592,-0.8180431087275858,-1.9735140283967858,-0.5643047290128906,-0.7284707636329049,-0.19582759530914795,-1.132140701551918,-1.4889146552885855,-0.6267075761472347,-0.4921048916059822,-0.6027360233711238,-0.6032462525425909,-1.1085961869607663,-0.6012201604849947,-0.6606196753779904,0.09791110487365506,-0.19843768006681448,-0.47465867125795114,0.5805365333868275,-0.3600847807706904,0.1102567223984578
-0.2544807159519051,-0.34222624250983813,-0.5417528402483669,0.09714913812423129,0.11685182616918446,-0.4179449283263943,0.731319011844111,-1.156349192340852,-0.2995507379131841,-0.4823176723640218,-0.6913502915610268,-0.8062170692420207,-0.5005070671374803,-0.6475370232025645,-0.7664179107874207,-1.2533703834258398,-1.4442938988132736,-0.8083010657859604,-0.8913632809796634,-0.812473427508267,-0.7891828788599653,-1.0142375769180383,-0.874432905087507,-1.207306364668842,-0.027905595971748243,-1.19607253156824,-0.9849803187080757,-1.16162287710419,-1.1672078736810079,-0.7787457654115019,-0.8333162350082082,-1.000078860150319,-0.897298342914739,-1.0977973497968525,-0.5165439142042374
0.5013252345600369,0.5601929294811686,0.2412415472056607,-0.7160159853832573,-0.12670351542699632,-0.28962872820483887,-0.48425674995620427,-0.2116087154095922,0.05597048634945834,-0.6023039003856583,-0.5016911877142356,-0.5779151131514848,0.08490839709085463,-0.6633234184469933,-1.1876824761120135,-1.3907279854264096,-0.45387320662503916,-1.0443836981311287,-0.3559529760951591,-1.3795649916234187,-1.004328063220515,-1.4182708307367036,-0.5509238354039427,-0.4561184403047696,-0.6205659217350898,-1.339170617695177,-1.1723718360307385,-0.682571488241473,-1.6407878076407383,-0.9116340209244267,-0.02374645339876147,-0.8603264395529012,-1.4998326666535589,-1.041595198138285,-1.0327528959061054
0.20058691754766234,0.5581841138230055,0.21538905839051997,0.8127137789776331,-0.05098667062141997,-0.07772315551004931,-0.07539643628064827,-0.354228934946085,0.0954108920011465,-0.2545069583885461,-0.02190984600482654,0.01486428057658895,-0.28279978490113755,-0.2839149474246016,-1.0756445410294078,-0.8791873598410633,-0.2135462634126583,0.047772762721079,-1.6605303414855785,-0.9978865709955606,-0.7230616787078858,-1.1926236370169683,-1.1794890152692457,-0.5430822737201924,0.0008094840323268349,-1.812114235654326,-0.8847280384662535,-0.568088311652056,-0.40681011747843554,-0.631502877195956,0.09850214490135545,-0.7558953682998168,-0.09956395194153456,-1.0610744094732019,-0.6884152597728928
0.7260246424121772,0.21931041467751752,0.7581416788531399,0.1200885035622703,0.8482276199524625,0.4245773596519862,0.11050062765736114,0.2812518717624817,0.12704336383273399,0.8944554731503548,0.17930857262355687,0.015829526045219693,-0.1426050463664307,0.3582953985771184,0.25088107409033245,-0.27951765967590775,-0.759582433065874,-0.6714562666487872,-0.35071292326190073,0.3783190879785118,-0.45800578386117086,-0.6659199580841524,-1.2842365403042093,0.3188845854169311,-0.1862868208135467,-0.10453391317526245,-0.05217679105917189,-0.6445355757983248,-0.547619655559229,0.12811596773815115,-0.5511244477779784,-0.37028018315618055,-0.2502356440949023,-0.3838000904913071,-0.7873422987468959
-0.28078267615334424,-0.32194842984663363,0.551224321478655,1.052278114182318,0.09215665522907435,-0.025602341158467157,0.5627396083052633,-0.16776827727794,0.2732151681344034,0.1173029405366496,-0.14814426795486546,0.008866782874213695,0.8582164394839585,0.23896976100509099,0.4431748066915694,-0.6019440249796242,0.36620639804931765,0.09903804027488214,-1.0084297017704866,-0.026249298395479848,-0.5895545376350526,-1.1417599912641783,-0.3389890175160763,-0.1683648368529122,-0.39499685948199525,-0.557108190601069,-0.6983134862530253,0.6711235432519349,-1.1811996666973195,-0.17972401205924426,-0.6332034069930551,-1.0912760813216937,-0.7097105280094473,-1.4017320754969376,-1.0210029170170758
0.951081615059642,0.6524271982169852,0.6791303851713646,0.6548501808916489,-0.958528792029123,0.2573567309197732,-0.6842302976853327,0.42977508751020355,-0.9105803593396555,0.0061829478185436715,0.33047464934395565,-0.542243111915682,0.45749836241557906,0.1900143739304863,0.08733675248253492,0.2064039492356722,-0.3613617196377975,-0.14451276558120596,-0.2536058673737031,-0.3024191373891021,-0.6689330075612525,-0.990124210462723,-0.5723060583246237,-0.6338600859813507,-0.8391663875627215,-0.07651200727317914,-1.1191241259516658,-0.6479250408644639,-0.006745116652370542,-0.16162032693806988,-0.032767949888905634,-0.9594331168752912,-0.2933669398313043,-1.2367509551916949,-0.8611946915219193
-0.4237953746278106,-0.673377908285932,-0.6168220616703368,-0.7307045512382255,-1.0206993200269479,-0.14391998385722993,-0.70288420831953,-0.5471679136246973,-0.5987234617412402,-0.682296275298023,-0.6884697068869962,-0.9088217317302654,-0.06406968891328124,-0.4058718954544873,-0.7857804396996918,-1.0229297177008223,-0.8589238825591542,-0.5864929826785642,-0.03682604237255249,-1.4605602533903894,-0.42720649348687617,-0.17269800570961447,-1.4544072408051054,-0.7727690237743428,-1.1819114826054276,-0.39833578854677554,-0.7534081760353792,-0.5968311254375959,-0.6919446642650198,-0.07836154912593069,-0.27358388178305243,-0.2201967283655259,-0.20109499228382854,0.06061449756288281,-0.29962256697278544
1.1148240067149475,0.21462620182747572,0.8723107592876224,0.45882256986401154,1.3010447668003302,0.7123469407551892,0.030174557531016832,0.6764043321520072,1.011365501894224,0.8994077814864665,0.5162375861941346,0.4736887435151078,0.2662261579899324,0.5557239858844121,0.31785209222191313,1.2228048783624441,0.2787465859995678,0.7814999130632421,0.7380473146394353,1.1737686783746317,1.2351675795005344,1.0275330992533196,0.8446008656866357,0.13193405669487368,0.10948271427465339,0.20828181495936854,0.993854991351633,0.6408937938861183,1.024468434740343,1.0770386840175306,0.19775554825720604,0.5614699665776952,0.5232551097408488,0.3498060792531992,0.22986654735417578
0.6489675130396908,0.03321106186006464,-0.03559452454548575,-0.4927870630312388,0.19732524516850716,-0.6911824800945378,-0.008804357866206508,-0.041869829055224794,-0.5348902120611001,-0.21420152972846923,-0.3231650710551549,-0.47706595864056595,-0.490555135608685,-0.5038821979449394,-0.5055238108951164,-0.5738895502592992,-1.187170085014095,-0.7401483036909802,-0.5578409281329623,-0.6653106331002073,-0.2579968502176417,-0.4429431112269023,-1.2034339607049722,-0.8638557646442921,-0.9455468272769839,-0.7983767008068476,-0.8009806638947553,-0.49396764792732556,-0.7082529220079845,-0.17579404612619998,-0.6616975612355221,-1.185643925131352,-0.9892006572216929,-0.4359960389343381,-1.5244908653201603
-0.24069836268551076,0.4034054418759968,0.8383379564010447,0.9803076686847647,0.1813333300704532,0.7826722334091569,0.25013301778411884,-0.590502141447182,0.13193544608100805,-0.21305184681688225,0.5157052015730328,0.003798232065230561,-0.6623161711192663,-0.8131541164996667,-0.11356557414364542,-1.3527055802494465,-0.44084432066842005,-0.10495703458818947,-0.7871399055184818,0.20084891337163513,0.2625858056376321,-0.877208629477346,-0.5528989707781293,0.05946044327651856,-0.47145466093182126,-1.1997781872277011,-0.6046813513060358,-0.9886346225667628,-0.03581602422005392,-0.31321895607555167,-0.7977933650703609,-0.5929688219231575,-1.3395717911814011,-1.0821544859814347,0.05338188023259749
0.8267573262898337,1.264762641944336,0.9148856987634291,1.4546197555038678,-0.20389900732569644,0.6988945101324551,1.6123220497597535,1.264392402736196,1.444815346689879,0.7740224530868214,0.5035823853134329,0.25274320860671673,0.21151431126733544,1.1566290771563248,1.0022971006952406,0.7044751606086067,0.9834106087912164,0.791583561408172,1.1920042136760105,1.177278331886261,0.15754638477892768,0.8163711213475505,-0.16629668105547035,0.7227674987872008,0.9460698979945747,-0.02573244755473736,0.40966312380725933,0.6089920183707015,0.7070972725592565,0.4363354652450716,-0.025412577795505986,0.5184292018394725,-0.29636983438784514,0.3973792057242343,0.27660116776806665
0.9894896811817154,0.650997362226537,1.8409147913856598,0.34682898017894864,1.2812956144581442,0.27715414225779245,1.0421033139662192,1.0742006735817653,0.809617153075926,0.5297425446432147,0.842703038392774,0.8998306051657681,1.6549466002512319,0.31692865340191717,0.4677348273278136,0.8801296638084548,0.6012883861677502,0.6703371630168414,1.2460712806581493,-0.7091982972824413,0.39150876251244326,-0.1916364855129692,0.07022847558953549,1.8585693757781376,0.9430018251201602,1.106909687370895,0.5776296666444597,0.9835857421767553,-0.2931424393875628,1.0947865227422895,0.15080943912688005,0.2797748931361451,0.78232748430997,0.6719233033564143,0.539597998813306
0.843229545021221,0.6196088538956355,1.5384430987871363,1.1680567460315632,0.4751321219306232,1.0059723576162525,1.4234952980139286,0.08940346200604887,0.27074009680090727,0.7718204412753012,0.7899365769726419,0.7402266857192508,0.6045897677042517,0.5900686348260553,0.9378206438956289,1.304733162093373,0.4888389165211626,1.9395573544674685,1.691241080846427,1.3655627692222168,1.0017251023021299,1.6835421808477333,0.5230790115418665,0.2399549237467854,0.38093172844178996,0.12965582329680214,0.6787951526943603,0.754144061824672,0.6905597337131153,0.5694216407665891,0.6273087624926378,1.4135947072240462,0.8397778829021858,0.9749543223677174,0.5926829429599255
-0.04850275483622046,-0.10390417053736734,0.5423907833434519,0.36551786010539516,0.8623869428423314,0.07916966511911033,0.14697334480116442,0.28095748084352556,-0.2949407113980352,-0.2651327070140722,0.6146390942204389,-0.2578416583980805,0.5678786653838117,0.24035957928876017,-0.8768411081808876,0.12259250139930036,0.07947823579259392,-0.00900789320396772,-0.32957001668230806,-0.7661783927769557,0.3401889138185963,-0.419647947462788,-0.8455799638475701,-0.20915178934021297,-0.8421908791709054,-0.9770819123207519,-0.7207571231250787,-0.8948693435778805,-1.0460360984252839,-0.21297912210696646,-0.6978287996687467,-0.03790285543023164,-1.1127657415601255,-1.5690462755207966,-0.6488725389889409
1.7279894609032078,1.0652131542296543,2.406566252665831,0.9635083944636501,0.9132958646179588,-0.2846780333870005,1.003904946945823,0.8706395649655195,0.5784186181925148,0.7090153163855316,0.7380853058490352,0.676360861984649,1.804835838661071,0.5676677821495607,0.8303484374117431,0.5358113435806833,1.1210308746873163,0.808739531868245,0.5709400763910282,-0.26204901852141527,0.812137547665724,0.52475999082278,0.6377663655980201,0.06502815611923596,1.3605588445038799,1.059498812763779,1.3332474903579914,1.1777184801512774,0.8862984654362925,0.004496062494267594,1.4824250804427592,0.08161522735534643,0.39554813704516306,0.8671510643787671,0.8755583682102339
-0.6053079609642671,0.8600840791913823,0.41938155470589394,0.36860226666058044,0.04354680335614214,0.11092208686330995,-0.8523361346625693,-0.22717908046047575,-0.7930141876247383,-1.0674978298515865,-0.2105231852233827,0.12168913159428113,-0.6887115377953332,-0.6407795557089709,-1.139554969772661,-0.6004019928872038,-0.255199933713817,-0.26827895982429123,-0.4177271409159321,-1.023170580967121,-1.059936501628787,-0.35528416935616275,-0.3622297270700386,-0.8665397033330412,-1.0029644543362328,-0.2125789107704057,-0.9794642963820288,-0.4267623702853592,-0.8653386910076056,-1.3148329392489753,0.023956939945149136,-0.7103167170969757,-1.1109323370816249,-1.4332934081878195,-1.3624071321857345
0.5073567828710877,1.4360474872104443,1.0185566661243304,0.7165873431233132,1.1859775117120748,1.9103125402102084,0.011990988813215808,0.1737710053958479,1.8966326050233135,0.7448602199834752,0.6037035424262585,0.42658876989237104,1.06380467547514,1.7398435584172394,0.07562413754630704,0.33318183103445675,0.17910058007073143,0.693222441116965,0.9098347915282556,1.0805160482895615,0.6244256321712517,1.4713973404590044,-0.10529059253584827,-0.2650955887324209,0.8567131797447911,0.15314514383348732,-0.6266873124485156,-0.12728435213022643,0.1279958002480585,-0.353538549587133,-0.5682812194270684,-0.19521279385987889,-0.6539786832594661,0.16571771257732687,-1.1536640992008929
-0.2847944869731062,0.949512189164037,0.29547684104037025,0.02717905544190158,0.22384512781189306,0.7925684943932989,0.603368955579445,0.3944584275288605,0.45491674303339535,0.1864883932423676,0.2076462899823747,0.12714847781799743,-0.023390240654807912,0.3133902308702537,0.07756545766377748,-0.5829543600730727,0.08267551700685707,-0.09684866426995813,0.04707508096674684,-0.348248121888544,0.07295268764586499,-0.3995624285344487,-0.041937040379613544,-0.6661218903594726,-0.6644279208537529,-0.201512636573129,-0.6989075138962314,0.5407208859552375,-0.30669247904348323,-0.6037232601607456,-0.23096450405812236,-0.9043830331764362,-0.2240035930786491,-0.2576481483708627,-0.09649068472387401
-0.03966135975430218,-0.6743987206883549,-0.8969257567810076,0.829128040108065,-0.5759566494002416,-0.9139729066647713,-0.25836598423626456,-0.6732832031972862,-1.223495058968719,-0.4681327020273114,-1.1614324644531202,0.03211587936306226,-0.5260158082945114,-0.9246844885352087,-0.7402979470741452,-0.347758439168694,-0.7065328344142147,0.2657509877523372,-0.21886233044294612,-0.5302327972773062,-1.225586809562007,-0.8095038760499271,-0.4716105208262631,-1.0936242932877747,-0.0029390585824333737,-1.100679265274313,-0.8928455588805542,-0.8129111844449739,-0.11450453030921631,-0.8409114490954515,-1.288088647291649,0.20835930749550274,-0.5035990473773362,-0.7598847587391543,-0.5460659161458938
0.11511175537044227,1.0843486671607536,1.0432267274331541,0.17666880316001987,1.3113313154097335,1.070376206263349,1.1599433530416077,0.5969663385808085,0.8716074229380045,0.809094184347729,0.6980503906430098,0.8515770775336038,1.388199843996282,1.2905741154040284,0.1547612367503861,1.2304627937272565,1.3248869677393937,0.6447688452059585,0.9651189148751571,0.947935788083685,0.2655001266841983,0.4885699838484915,1.0435418134673742,0.4083460113261771,1.131667537774936,1.2836134452667238,1.189730412527911,1.5941311313455286,0.5447736732270055,0.6642378538420205,0.7210630222881501,0.5152338403037324,0.8008414361334661,-0.34190209044068776,0.5997406689627911
0.26682161165391527,0.5731873622969055,-0.1616582826549049,-0.0727455757096182,-0.045688350456472515,0.48713923473326903,0.2941154766778084,0.10802556105245668,0.48135870911283624,0.2858332568650612,-0.08839862865727358,-0.500979559167432,-0.4332140184544075,-0.7967014437418329,-0.032790820361007,-0.5736662357464297,-0.429423166746405,-0.2842675377740423,0.26336594217454007,0.16825063407738006,-0.3602717048647011,0.2638935915987794,-1.4100511383403165,0.5007241424990392,-0.12455103665198419,-0.45113725566822654,-0.9787006573998909,-0.7812041444840754,-0.285239524643976,-0.3001453114721391,-0.30671820714215353,-1.028291195371408,-1.1504348592027627,-0.6076631345263757,-0.33833073472791236
0.9414766440022118,0.45136493014315693,1.328986196897612,0.7543876079464523,0.44304010835034185,1.8379985532536596,0.5383465511463832,0.7031092375693638,0.6417001228955393,0.4665654933556842,0.7326010556324822,0.06178168617764107,0.7578583682509489,-0.44495711018411904,-0.24081646771558474,1.2944824682133813,-0.2736258690062288,-0.6531894733111044,-0.3170700118301255,1.1400782902213702,-0.654864379275246,-0.26617614645857957,-0.5470103430906352,0.015110088938926902,-0.09596941600368174,-0.14864926932819778,0.9893497489616931,-0.5687905251302758,-0.05092741665913386,0.1388861925269116,-0.551055506915846,0.15189676502636032,-0.32161722035526424,0.035306726182138926,-0.2357613015172962
0.6684718310552242,0.5558307237943825,1.219444625442819,0.7222356759140526,0.4460732110589948,0.6007184186547965,1.1745335510961388,-0.01897091566714626,0.6044247645045471,1.3126960847529487,0.6880272069684956,0.9027338045896015,1.303362839366688,1.1992636227506503,0.5256621889648535,0.6725651091718685,1.1816972322298829,1.190092425524091,0.6668703003187983,0.6741621282859628,0.8243252822882745,1.3629984726213018,1.2019197543705489,1.0029504816414119,0.10458312011183635,0.49371052156771456,0.506751154692724,1.3134713460625367,0.4707076187827429,1.2023587283962958,0.27538216314128783,0.2999908239687222,0.7704790019892143,1.2977732768511854,0.3913994099825929
0.583070385859295,0.6220867426937615,0.9209269001307145,1.4001752639391167,0.3922920130132499,0.9627229498051277,0.1850436069619889,0.7405618119902404,1.0392820389145565,-0.11391750444261017,0.24569634210136565,0.9616731890709543,0.7676672902468176,0.9521929741695234,0.8324382311400131,0.21106843067077086,1.4540592185520098,0.3952449480840233,-1.229216401869132,0.12887646943435335,0.006480862361447348,0.6093555285208347,-0.04350675853120706,0.7016596853934999,0.40109071929004037,-0.40831624669971117,-0.008903818546587651,-0.3570195884492023,0.09254579662625644,-0.4211598642510161,-0.02373326062524319,-0.22755110109214657,-0.19782360041852232,0.8736223829862604,-0.362004289108072
0.18638011256588718,0.33400079075464667,0.29576320517349136,0.8745921213217001,1.256483314340159,0.3321815997105583,0.13549772867121107,-0.3865231539052728,-0.5858205103861895,-0.7905852493281572,-0.34133271842757174,-1.0287915364140834,0.516055359029025,0.1482514109513252,-0.22889585277881,0.4120951458608014,-0.7173397144561071,-0.6304627251418877,-1.2255282936416751,0.09103218242907629,-0.7380881123923508,-0.36101034646345836,0.09741131660745272,0.24753924536549332,-0.4853740695495619,-0.31042018004251315,-0.9849459400456895,0.27951621008492344,-0.6729902525826796,-0.5760425273037858,-0.84434142856916,-0.06441832898129951,-0.5857140411535631,-0.3247984679958168,-0.546278643624208
-0.17565037569710212,0.07727338653861515,-0.8896403976002991,1.0231570120848392,0.11197163987958253,-0.15133804210174223,0.378132585628245,-0.3459497666691914,-0.43264855012045417,0.8515668004007569,0.9609212754975618,-0.2793959738987671,0.5103177371170586,0.1147235109486561,-0.8099912412915946,-0.6066627914444861,0.593788223843998,-0.9338697138716987,0.8818680155466267,-0.5818257530369193,0.4574899839089027,-0.5216400504227887,-0.003925087929310456,0.25963043767612737,0.22417601503622808,-0.7947216635746766,-0.9617148669734226,-0.6027764662944107,-1.2401547829499857,-0.4965529154325667,-1.0513132185763046,-0.1226879414167199,-0.970567210804227,-1.576395241442639,-0.02280032552900091
-0.5747573160977419,0.2206809284989565,-0.10297739995934935,0.6641401603084449,1.2518591765462983,0.5797154392599777,1.6946409113753456,-0.5137647386049867,-0.5146183519440899,-0.3501549003138068,0.11721210898211529,-0.49682532539915103,-0.3991909949935439,0.24694505091825691,-0.7226615369933288,-0.7091948510046445,-0.38103105224950573,-0.3726937328792709,0.2463762051198552,-0.7464645390700899,-0.6930574612981627,-0.07802309496186699,-0.003179721788194867,0.27647610117907695,-0.23624071637189958,-0.437356868197278,-0.24550161365078216,-0.695876864363117,-0.727298769620736,-1.5032401593772229,-0.19420691409287993,-0.5583133556623042,-0.296991369511005,-2.113171003941276,-0.746808567560422
0.36874862755455445,0.9353361425363746,-0.0028718113328017325,-0.025956313334249304,-0.13218265826574466,0.5360688774741573,-0.5774799757077065,-0.20827545371658737,0.2808312259382606,-0.5056733224674123,-0.2735654414964303,-1.0891479263148076,0.2795437068597376,-0.40721430771652645,-0.652716220506997,-0.7901082074988812,-0.3908684318570196,-1.0105499909053302,0.7125581850835312,-1.4885169736655226,-0.5582270441309589,-0.31540468845574277,-0.7915663857481633,-0.3318202637376594,-0.8706016812773574,0.2625083336583832,-1.0924593240787477,-1.7377824320930029,-1.2391648976596574,-0.42293761583098977,-0.6998770822119792,-0.28797637419711936,-0.4346386943396746,-1.0234059315652309,-0.9677994605114225
0.2561156888512154,0.7657109955957621,1.3560570436546455,0.5022165490693941,0.5955503954217798,1.6835492997850623,0.6415200320676405,0.7219109230290832,0.7245068262689127,0.10465217671281157,1.0580346547276822,0.4398873791585115,0.7449430485782215,0.9752852782609639,1.7169703700025107,0.0788768630006651,1.161806373898488,1.1547193099691255,0.3917879765866322,1.0006868784581668,1.5122015106672948,0.2970625230064345,0.7888715926091482,0.8586578117117952,0.911007185620557,1.0157731051998495,0.7010469056637625,0.8609469229348016,0.13440298931070016,0.6576390636772678,0.32256086556657293,-0.06948164977794213,0.27517967436419366,0.6484281201643358,0.715186612801628
1.4928236088782028,0.8563152635564093,0.4722732381473741,1.1739812542346435,0.26665983118661735,-0.032698716196552624,1.002613835297173,0.3725561851157073,0.39571944360352895,0.2180424810557524,0.2718600053334327,1.1857983544868864,1.2908360578812537,1.3317092220844005,0.9532787185017361,0.6147558245157425,-0.3616786516118922,0.23302760125715105,1.377015317014812,0.05223886624667601,0.998138728247249,0.23924885435246832,-1.1569852938587148,0.47241746931841255,0.7551683811758423,0.06723099971504676,0.6778083515018317,-0.8031666235200451,-0.6926156587502631,0.07201772340938824,0.1776064880289917,0.5868912086991984,0.19775026029567,-0.7486623515953106,-0.07523886471727673
1.8755158755521733,0.9236829434504925,0.6213911787358979,-0.2553659344912791,0.7637512599483927,0.0016936347665508777,0.11686366058168712,-0.6651842883552083,-0.4847678286500618,0.3156754649074608,0.5597070989694073,0.3590880721399915,0.3020498805304433,-0.09567993952524045,-0.306429103119526,0.0018507272631030913,0.2289424857956672,-0.2180410699928147,0.3464943564658997,-0.40367929698903354,-0.8230569368857394,-0.3740392741218706,-0.35089074455010183,-0.4789011660224219,0.1695268866368539,-0.09988790781617185,-1.248491311334714,0.20501304568029977,-1.960623502847583,0.4593271831884027,-0.7845676492159851,-0.7588266965139279,-0.7155191221819779,-0.5126630402825387,-0.7233893142470705
0.3190746364991738,0.45511987549293187,0.11109783443410892,0.5026997476470069,0.44680771953362264,1.2012008087583061,0.023373588062818557,0.08312259077194327,0.25538587728871354,0.5786200376512532,-0.48920281525443826,0.06842412313000794,-1.2772726358685647,-0.1990626694065848,0.43328791961326063,-0.5056680626932528,-0.09334286811181376,-0.48492498465141143,-0.6883327523576441,0.18959833405302107,-0.8555468141605408,-0.22237550616982366,-0.2497010732968066,-0.863785890903529,-0.3929582653254624,-0.9700128169121799,-0.2721248795692802,-1.2196433187402902,-0.7597177240289171,-0.7425708330667958,-0.08443722333221204,-0.5940212923322317,-0.20800425763912822,-0.4279202324576895,-0.44910621316576965
0.5752274516540725,0.050895926514838215,0.20013163242892268,-0.02059771930687486,-0.6979980968026331,-0.17999396667270576,-0.17086606719277964,0.09697710158784778,-0.8629267222210483,-1.3932330028942395,-0.3278679429921498,-0.280460645441301,-0.586719528839825,-0.5207626591783044,-0.13109345793973848,-0.833413354194907,-0.7745584109873136,-0.6245246058812618,-1.3002225683160695,-0.7899036098937303,-0.766743638582314,0.06553470118350757,-0.9172870219926347,-0.6805365906448612,-0.3305696978585188,-1.2149448201484696,-0.1116197705373223,0.08220663348138901,-0.811365247402894,-1.0607795794601653,0.0313605821284918,-0.3725332285786398,-0.7145757448056651,-0.024468664492366066,-0.0569106387926579
-0.27516788404348086,-0.23492307358678444,0.3336620204190634,0.09781345260564761,-0.1897077774666177,0.05631637510573939,0.5877665488224086,0.35355339831046106,0.6369081181311442,-0.017754216865731143,0.8578683566749843,0.19067580409171994,-0.2678183295117264,-0.016820806200202473,-0.7271135717313285,-0.2956894126434783,0.03322543935883421,0.08536255658968431,-0.46371276490640106,1.0708005486802876,-0.41902134081535825,-1.2080551741729468,0.20275671232436288,-0.1343224804593786,-0.35495648332665164,-0.7349993437240803,-0.33634755901063856,0.24733766157997206,-0.48909850376292363,-1.351201796643309,-2.36759193403143,-0.471763047868985,-1.1784677733252118,-0.7551221154005309,-1.1277965251203486
0.8572132877688593,-0.5811758443882872,0.5091805178932636,0.2708499031727353,0.7146771373175187,0.4605684829515926,-0.1179910769545611,-0.1794696694763985,-0.12541802217826675,0.3864337391792071,-1.0945170784434597,0.09532558442100467,-0.4648769114547147,0.032120937858241314,0.06917329781526446,-0.9737601359839373,-0.29519488925478526,-0.142687019059487,-0.21465660585322888,-0.3572451416390121,-0.9433612291447198,-0.9031721684246412,-1.0929005450568112,-0.16086334696434035,-0.5285863147075774,-0.5284155178245479,-1.3857675389463062,-0.5789718600494459,-0.2730964364416552,-1.5371047905249857,-0.9086180218100323,-1.4492173939605806,-0.8956520400601015,-1.1557617054880904,-0.5328032967928475
0.8328726177124197,1.0106784422051034,0.06298971254970531,0.14466929125518774,0.12964117106200992,-0.5213541067228729,-0.12291197598015688,0.5618384570562336,-0.3017355379023542,0.14289314659638735,-0.5974197258979159,-0.05536459332195995,-0.30502019513403494,-0.6741324529372705,0.292117452641136,0.2807168360809157,-0.6665310318724572,-0.32856392955647395,-0.23647231195457813,-1.2035255586449545,-1.03146383243473,0.27428406508202025,-0.9364403319311714,0.1912054217416308,-1.1435077309959423,-0.17312500960798982,-0.688672370779027,-0.6475535959960266,0.33805298433398545,-1.2432783203971869,-0.3435157943070115,-0.3872979964092667,0.9917756918880309,-1.243831166818572,-1.0362501103653674
0.8402029876107888,0.29792490871245,0.13135141877458714,0.8055456968689085,0.15660198542947862,-0.19367164527449388,0.5771041402806605,0.3628493536883636,-0.020449583482795436,-0.08374854388611733,-0.40086354113611905,0.37918428980014485,-0.20341352646821848,-0.44821966283222203,-0.7458531790323472,0.05348033443482436,-0.4360531652109684,-1.2268098544541461,-0.8602660483128259,-0.412943132910521,-0.4356863016962978,-0.49062927828669556,-0.5952549394636667,-1.1758129937524227,-0.9080751558788023,0.08934959506385942,-0.014906753597326405,-0.2731945702468176,-0.34516367041266244,-0.1638070492051002,-1.2013122611835971,-0.6475786448097033,-1.245644578018638,-1.2567229915852656,-0.5392252447401784
0.9056170642624495,0.30113227110211255,1.1873771132452127,0.4326821162300942,-0.09850656262691682,-0.29110638602062106,0.723064804992028,0.2394349075443407,0.47399740340493385,-1.2325794147327276,0.17892577850763153,-0.23925123200564463,-0.7202393857994632,-0.09463788251959977,0.44283117139080796,0.9905172986902656,-0.060685472093214524,-0.5750454924403715,-0.6433829317500361,0.18542151595156992,-0.8313545288141599,-0.05764446333748885,-0.2570362887000772,-0.3463354364427775,-1.2548601887446729,-0.6810179992913538,-1.2620997127026656,-0.856294162077226,-0.13134564167274043,-0.0006560515600634309,-0.5339405676921043,-0.9492130844051704,0.10853866348505126,-0.9970610735807189,-1.2911009595181513
0.03657208872774964,1.0631545469160264,0.34955261078028776,0.959528767826336,0.21669586479455,0.6873783800345471,1.4686902024169273,-0.021657506653446457,1.0658603556740234,0.8713661971473315,-0.23635342243897983,0.7637319025943402,0.49598973942072316,0.4797669089689605,0.5764771911388312,0.20643727242122115,0.38951362382586324,0.4475161652274701,0.6716670421457325,-0.4935308610660375,0.8865094391066637,-0.36591422669241075,0.5629001311410518,0.19189723712032114,-0.5185371383126622,0.35580171888732115,-0.4114204703384607,0.5651449112673183,-0.35525094605120044,-0.7779074794361442,0.7059716766383735,-0.0007363899784865319,0.3118835898020474,-0.5775837462894727,-1.12766694410857
0.9906466668711862,0.027321236692100848,-0.16419798104139294,-0.39023297761922515,0.13854874809193787,0.7097305211803704,0.34208267133032577,-0.4261187828936387,1.2123032595011383,0.4211715352396773,0.4452948192130055,0.6591502759163028,-0.8434674121539207,-0.5190137803393284,0.3084300830257164,-0.5479660085303321,-0.3192684118819938,-0.2593425238752604,-0.8973343478057614,-0.47655325614784966,0.12433413943820226,-0.004131208192449554,0.152630447303848,0.06705180451118098,-0.26786393095298466,-0.3391996490233416,-0.40635543697055054,-0.8756940450458236,-1.1048873342933034,-0.9609836762977961,-0.8039295507162814,-0.9919558005595659,-0.47859513345320004,-0.6043181486705034,-0.5685959642535401
0.8316956810904097,0.11104566633854829,0.8202821653153118,0.07875316812778474,0.10820915602735975,0.10808425603738259,-0.11467860793098664,0.8748410372910853,0.5852372108609322,0.15137648466053286,0.5688738433270675,-0.7968999953802557,-0.6375890071165472,0.1739806701335942,0.2646926824675244,-0.002893071391717905,-1.123109013293629,-0.7516394596284842,-0.05033572023871841,0.9170914795396039,0.27603886329150007,0.4197939961340161,-0.23401417258473656,-0.27164064198952853,-0.9875436274323148,-0.026627871652382784,-0.5696116682943606,-0.21580427368698368,-0.5745717959925292,-0.47662579086247625,-0.684778950586858,-0.5517304792767312,-0.18547272392254266,-1.3383805212372408,-1.469718926771204
0.2352435993518864,0.8422361926624264,-1.0569430144256047,0.36393531829628006,-0.2708496377485591,-0.36538922711611566,-0.6186610423628431,0.16680099785976554,-0.021864598757703413,-0.9442185828397793,-0.3335391316148628,-0.10432848089525587,-0.40802186271834784,0.019147040471769627,-0.715498919175732,-1.7311894024833898,-0.5418792095239058,-0.5737299434856378,-0.5347219803792211,-0.16046544838600252,-1.7111036065618643,-0.8722280581429597,-1.22955809717918,-1.3845574046763371,-0.8260280003348363,-0.44529144235291784,-0.6490166615458257,-1.1434896937951302,-0.8696529033504155,-0.3261183264156671,-0.440634507536691,-1.0467336715760285,-1.064308534969572,-1.596132654599716,-0.9321123998584997
-0.34506871719342497,0.39890249895620794,0.7030660856330714,-0.33540411009650295,0.05727256542042128,0.12869968946400656,1.6397028855421425,0.28689094703437906,-0.8168130751116958,-0.9800232354272116,0.42183917646603725,1.2591518502407386,-0.16384686014139055,-0.23370650707464172,0.11231149266237817,-0.5417450486921481,-1.4538389859688063,0.2981599971782328,-0.5652227176917175,0.2289142678296558,-0.7134108643930541,-0.3079685893711011,0.023539090064461088,0.09728934315171889,-0.35430656006356454,-0.4109193502786913,-0.22316772693430342,-0.33008569422176703,-1.2355052395186532,-1.252226180389767,-1.6954444439479868,-0.2807888277683544,-0.8833758895506579,-0.29516713401447797,-0.5214024268864035
-0.05021178301019141,1.2384496647454835,0.7225122179286562,0.8183600666046196,0.6817569436632285,0.18261370880146383,-0.1317992910522787,-0.025839780034313392,0.04006048712681949,0.9845452501578518,-0.6115884541806025,-0.2601948620669232,-0.4798413009937223,0.46501488771485294,0.8238185342331286,0.011796335393604251,0.013746241667322356,-0.17481173593864252,-0.03989215885024022,0.09043291609778387,-0.12009721279430324,-0.11944098896222294,-0.016169701932948533,-1.3270251830117508,-0.46979642873141403,-0.3499343771359325,-0.32494672676421366,-0.64761359231082,-0.5095392225344206,-0.9761382055782297,-1.528337260286412,-0.17247427753534944,-1.2526968043549096,-0.7854926882595098,-1.0978225300646518
-0.3380917209011351,-0.7672749007053146,0.23172048289280028,0.17871739230539668,0.1674094121016727,0.37868701286539075,-0.22569934870717953,1.0706333563973935,0.11932671025444118,0.7396174470246354,-0.7833598594101936,-0.4006289628034632,0.31979778468108405,-0.17657884888435368,-0.6396652891229031,-1.0619117938416343,0.18484016036571285,0.10532893001481722,-0.1369713077811886,-0.5440977604739881,-0.8894624830526163,-0.39534892304972113,-1.0615361855025862,-0.8136781726665122,0.15982439689549777,-1.427956779743901,-0.19425690357367564,0.18492751430573828,-0.18178511274166997,-0.41707856402460397,-0.8727013155231089,-0.9869868554051842,-1.8095764357268183,-0.6867624165689717,-0.9243779379781958
-0.6257778956507329,0.4841191220461718,-0.08419923246001833,-0.8427042076592473,0.12819381550555528,-0.30060318848690415,-1.2661591085989872,-0.9698491453151452,-0.6789382667298638,-0.26777154109811613,-0.021989858052118005,-0.08050118088671282,-0.19559564821615,-0.5519542953876896,0.2906365080679677,-0.25407494393120955,-0.5241853052868791,-0.38074877532299756,-0.8898327303091997,-0.7425767978873302,-1.7758489996909916,-0.9463602372154306,0.11171481470498257,-0.7063545719735467,-0.736508611872584,-0.29690040991861516,-0.6205772561642168,-1.1929703846755473,-0.7850883474833946,-1.3586761110697325,-0.6903930447565603,-1.1892236411646844,-0.2914130411207113,-0.9930108851858814,-1.12975868763459
0.37582585053877254,0.5807527478782382,-0.24078910127945907,0.06615665404553261,0.34246735642804044,0.9214421646844786,-1.0503588192472175,0.4827869515160522,-0.05580906788286086,-0.15090295795394074,-0.28397371873371685,-0.16531192957465415,0.28704898261496614,-0.33168994662302465,0.7262204124703915,0.16933654762660863,-0.08277561317803443,-0.3035002563679221,0.3362954484232485,0.3718651782981279,-0.9136085428648362,-0.7198072058009153,-0.08656178048387242,0.030454339837794053,-0.6209711679589109,-0.8737613280344428,-0.49371450404058714,0.17617625395414893,-0.5693978424069255,-1.2481553881504115,-0.5861232786488366,-0.2726687925732509,-0.7361996583700369,-0.07618235046067379,-0.29033319585490613
-0.6031517587358828,0.4652066028033678,-0.5735227991470875,0.4158557895669465,-0.13518451238508217,-0.46800742789907546,0.5639437554355142,-0.3174120054919224,-0.5095388340273053,0.08153139347894561,-1.1562284063373964,-1.7209684482437877,0.08196286113713702,-0.9529241488677158,-0.1381684345378913,-0.5809293800421423,-1.2172327219717631,-0.3604016183510794,-0.895400323846937,-1.252625165523109,-1.2605201660135874,-1.619405783062494,-0.5667167520870353,-1.248242582839691,-0.8072395644058175,-0.8870637047494423,-1.2702683045652408,-1.56117833961666,0.4699383109865082,-0.8153328117195996,0.12949234631344653,-0.18788027309931876,-0.9161429978827874,-0.6474082556303129,-0.6414488420837435
-0.2455748978119296,0.3790002673483598,-0.3229361377880843,0.28983625385184375,0.05291993383709878,0.3673917551092668,0.5268447484540757,0.29574534927404345,0.36149698540126735,0.04188587779413129,-0.16106958944865624,0.25169520363725795,-0.07908352578012307,-0.0999516021024589,0.095796887287011,-0.6592046435308525,0.5330438712927466,-0.3451504877377418,-0.19654084550576723,-0.3184043890463187,-0.006545892286653976,-0.19926731761595057,-0.4288388571146336,0.28649092568421886,-2.072473698406619,0.11879829205528214,-0.07291311442837939,-1.4800787778200666,-0.12527336357437036,-0.08695128045807665,-0.3600331474970188,-1.4435865500288867,-0.344184643913045,-0.2016673287016647,-1.009360961004085
0.6528087726875401,0.22145289055365575,0.805565392398883,0.17003661009345425,-0.00017252784166732482,0.23260961858135537,-0.4568269973420088,0.1059143580582525,0.317020082999312,0.5313818501770688,0.18106813065326205,-0.6996649563007249,0.6527759512738504,0.6547825421417324,-0.04679196780102878,-0.5185676550939211,-0.4475706439852424,-0.32223339631865294,-0.11929742539197272,-0.4483873058358996,-0.7621112361883018,0.1426467890068484,-0.27523393964283566,-0.9640721436021914,-0.3251456656613815,-0.4216034837886505,-0.8920472729960547,0.0353544183866501,-0.5224703692193388,-0.7244958242789299,-0.6826557664752577,-0.4420844302607645,-0.7216027099602099,-0.7455375932220665,-0.1902751794509594
0.8043527942579761,0.5863192122831332,0.17745713451755157,0.4899033205674738,0.6603006914962979,0.5438392461576165,1.2932493658578192,0.23894614357127583,0.14942630596535608,0.0057528226590058545,0.3330791799071064,0.0006067314995001072,-0.016755045308647604,-0.0543817810422587,-0.17037988018146644,-0.4469332455957975,0.02729159334398573,-0.36299597996791966,0.04820809791941927,-0.24076085061703117,-0.5262049074022372,0.41355704941616206,-0.4550331764533742,-0.12647462510331398,-0.8207923468003273,-1.515308563743781,-0.8165204008623828,-1.63089481461874,-0.7083464058426208,0.11813850403168091,-1.0935574034758724,-1.717064756985272,0.06461749281110551,-0.9429431383647549,-0.7311269046979929
1.202569424802152,-0.5912435074835082,-0.4485142812336471,-0.14665531095090453,-0.9057845027264029,0.7065258526383931,-0.14468110293390735,-0.6779589375327033,-0.10473921169693501,-0.29999964617111347,-0.5683253926403218,-1.0616432296462313,-1.2151330884458549,0.5586273891799133,-1.2468470897861395,0.24497219374453516,-1.057617563716002,-0.26902654441801654,-0.45759868369100853,-0.3812456472216447,-0.36886484379511575,-1.5587692171453849,-1.1064021894154927,-1.464566190225952,-0.6952279701295914,-1.4578746235553686,-1.790013552512016,-0.9184671508190372,-1.9014566298222793,-0.6616974513699969,-1.411013891755573,-1.1906385390028278,-1.8957683337164333,0.08716053260405565,-1.448864176556357
0.4578005184638042,0.9421200807312295,0.24360612672732762,0.3819678759646527,0.8631407383627718,1.3433268435531627,0.9671607870552356,1.1925942556529527,0.3977712818497816,0.22000759514281643,-0.4609218664304874,0.5203808193940955,0.6491101906676404,0.2842172061484929,0.01986774486311249,1.0033219145506895,0.6703662829529913,0.9832026779668316,-0.17815147480513388,-0.08406740765100851,0.8426551124869097,0.18805740495930043,-0.10246615677141907,-0.09758282439748861,0.11650077001953459,0.593204891953024,-0.01897357678666941,0.426013548777387,0.23385536162244558,-0.46958395072394227,-0.5005155598733357,-0.31653152156268005,-0.7901308004097446,-0.4089172348124856,0.5749550326112227
1.1597196858806378,0.2898463396596218,0.22840530293688044,0.873158766078864,0.7834208257189468,0.7199095626065147,0.08300668831260466,0.5066493578119566,0.8833464712978032,0.07146536625960481,-0.1451150493226728,0.6316721817872912,0.9993602836075305,0.994205730737524,-0.29033134532389504,-0.2796169692680397,-0.6963428423227445,-0.1614460352522112,-0.795691119219561,-0.5594613859347767,0.017647429843481,-0.17386944803167195,-1.3092375362633997,0.347260016752976,-1.014298937380145,-0.9830058601176931,-1.152481892906084,-0.8928121307008476,-1.0383181617659105,-1.0524017238322971,-1.8730509183032693,-0.5990791321612707,-0.5694784187873779,0.41693761224347614,-0.48008721478086885
1.857797273439427,-0.08001688618362303,0.3270556642652257,0.6023509404044607,-0.23828064162331725,-0.2460996724731695,-0.4876725691978616,-0.7257173221483649,-0.19270311350295535,-0.4406609104075364,-0.6706869497401464,-0.6828676202523419,-0.20891039873473005,-0.9335548742169721,-0.6939620314272558,-0.1546768700365992,-0.5116252548733743,-1.188822461367482,-0.7022507631048832,-0.49544418679836855,-0.2402358842970897,-1.1306757393490798,-1.0474940545289717,-1.1281222049771928,-1.112638600249284,-0.593700099644698,-0.5022453990335809,-0.27427673610570824,-0.8425045581164408,-1.4937280261202126,-0.4474640478379706,-0.690776825758922,-0.7255756074795816,-1.3795923184558285,-0.8153246648699881
0.10790457601799736,-0.07127432180670007,-0.39740333388586585,-0.06012199452067296,0.2877103662691979,0.3673153127980595,-1.0038258315007433,-0.4634151595904734,0.15187991879989787,0.4249929469414528,-0.8246316771566071,0.23177581838079758,-1.1720752667986107,0.039369172018272613,-0.7113578133338117,0.17740106689072255,-0.8672535980356709,-0.8189881915683471,-0.7570115433333223,-1.4824800747312998,-1.6161083152945408,-0.4979093094562736,-0.27399801950172575,-0.4767534591965431,-1.4168663076426515,-0.5561080849572346,-1.2945919508272574,-0.5959021284354175,-0.23126753097733765,-0.607333122062966,-0.04793217894573609,-0.8453424006390864,-0.8638850077897657,-0.704214925409827,-1.3887272749666884
0.23747614184093996,0.8829706181268772,0.5859187337516909,0.6028941419320978,1.8540926302706082,1.233440663791076,1.1072430063838992,0.8409226370959756,0.20822288988528348,0.6622536422001485,0.7999308535248095,0.583774355793138,0.5069618386614008,0.23549525461739326,0.5449477327536212,0.11883451890236035,0.7061757341382946,-0.6810956478714925,0.9780098559279394,-0.3857832953109417,-0.292561021173667,0.4161580376480355,0.4520568142451894,1.1913136756861156,0.2701832977412495,0.071501601038902,0.1569325385305369,0.8259910143323872,1.2123664685316113,-0.12281458008794824,0.21043533220628208,-0.12859281784470425,-0.16884514370554315,0.7876775050195945,-0.6446275376862145
-0.31873856888023716,0.013015756191643276,-0.4551551008794486,-1.1096037014458353,0.09144441431209421,-0.16415326821179071,-0.03179345183945767,-0.19702555444981745,0.14848495359326708,-0.41076874690061077,0.09026046682775651,-0.8452339702861051,-0.8563623153507278,0.15324658815739645,0.10735468188250363,-0.31713949454073626,-1.0797919463379277,-1.148859045836056,-0.026283247550762945,-0.07762253358077342,-0.7666616587502735,0.4179560575082971,-0.5387791572053346,-1.3341418976326547,-0.9276940503873358,-0.7934671684905688,-0.7562906456008487,-0.17472687362139605,-1.275061559910736,-1.4568226982865835,-0.4810372885641545,-1.0238409194256408,0.4561927145958291,-0.26628038356240086,-0.9801049592374378
-0.5904086782908997,0.1399403865345973,0.9268910035368559,0.3064900614158529,-0.7043963925336149,-0.5358166125088079,-0.4859024619379512,-0.08837742558626299,0.456994680526689,-0.6067277600454861,0.3533887949566959,0.594569832975623,-0.671980558825664,-0.7225954200723539,-0.7507893309266992,-0.5727655730872094,-0.814327538298937,-0.22195409749352474,-1.4647308689277891,-0.9812660450179091,-0.5702846433790931,-0.31794415239637364,0.3294133386619661,-1.4250548244325651,-1.115899707647018,-1.9294057441069241,-1.3544244676518375,-1.6841911310142712,-1.0575658011107207,-0.9052493450512908,-0.5474720101479212,-0.9196484301226747,-0.5205918069315061,-0.6808534907532459,-1.2340683359424092
1.038619430925684,-0.0328588364884862,0.6397566971809973,0.8166899234773166,1.3704883368939442,1.1002485777072288,1.2713368430635408,0.9372323469721785,0.3594237261890372,0.4705745159607934,0.3058057733994852,1.0617158594137837,0.41301724763681175,0.5560986395378236,0.7569371945782386,1.5584181085644264,1.0578822353369914,0.333930969581587,0.7868191915927154,1.5265908346800952,0.9980730992358195,-0.11957805213687478,0.2105169797226885,0.16028937849034253,1.3642826708237663,1.2592678427736708,0.3053760026448679,0.2809387198571357,0.6124857057037036,0.612971839904219,0.07956853374533135,0.4208674653498301,-0.19704968584396076,1.1498602765208248,-0.38287728179930836
-0.08571971094637387,1.0172394668046185,0.18044103564238778,0.5469963549218357,0.8271061895252215,1.1306537170753768,0.6793901676771217,1.6758915835957708,0.7819097229648287,1.372802104044438,0.9114134832033715,1.8319303174543466,1.2891601090601847,0.7748336837883718,1.060106933938555,0.6073539575083208,0.5938653621878172,0.06865226786434897,0.30676456174270467,1.7314206470100368,0.08846774938205915,0.35180177122083617,0.6212773555620194,0.6260524823656174,0.8357806680092623,0.39656687078481156,0.840582675035844,1.175421550334163,1.2234559863633119,0.4418814165390689,0.8664032128583123,-0.02763400827149265,0.16889392644647871,-0.0731667752799644,0.47441563023670613
0.002632206514539659,-0.3622899410890157,0.16987428584988662,-0.5375019351831501,0.9534827554044101,-0.026503640705421938,0.7066570997187344,-0.07082839534305269,-0.4614951986551075,0.6841642011718528,0.10094155288803155,0.9600905051986222,-0.2566210809576386,-0.2857618608286034,0.39931982567313473,0.3632794807299289,-0.10504648249714386,1.4471618974444618,-0.3989120496509784,-0.9308762835655384,-0.8341949895280716,-0.5062278977809835,0.3555106190659394,-0.5310580634575572,0.31222515537879225,-0.28532634048912886,0.008663831156398905,-0.36858614810544105,-0.400290969122028,-0.23982970268480852,-0.9242691334804196,-0.9418996004619216,-0.5107375096128606,0.2652899810503824,-1.493634326247139
0.2874953639318615,0.6680465991273442,-1.3877667968549754,0.12758344739013786,0.22202151918343224,-1.0428494126177514,-0.09534707928025582,-0.6798374992626254,-0.13022954660369745,-0.42052721852543457,-0.8891639351625451,0.09744618556523438,-0.7062096376760538,-0.39979121253090855,0.0865441645109083,-1.0623578131227434,-0.6312133659216104,-0.9117064007098475,-0.8264050510002603,0.3640876065833756,-0.5064840378800711,-0.5961900676655264,-0.5061855262126742,-0.5654123968258618,-1.7027852700459811,0.35217795276784813,-1.5316747265447277,0.06656865046589089,-0.4879094210674306,-0.7006770396632394,-0.934941618105023,0.5322316105839351,-0.45331556705037,-0.7290465418410177,-0.9850380853224876
0.6034342946301602,0.3322550191854218,1.3783176746018773,0.18646298896477612,0.41423194234038185,0.3656920496718783,0.1637996779257492,0.5529422336078557,0.18267191454771517,0.33732808451643387,0.1633911137626443,-0.2856330006128453,-0.15784064770363604,0.21441471532609296,0.1726045555152532,0.4799076798862537,0.7478603981648648,-0.48100663608011496,-0.19119457435098308,-0.3928475698569329,-0.8865712879371521,-0.08658058369915939,-0.014958301676958274,-0.9763817454774747,-0.6580505633919362,-0.7385836593928632,-1.2872331686364433,-0.5803591265014046,-1.1625358106522812,-0.5366881576101828,-0.5063541299576518,-0.46753143653581475,-0.4648499138302179,0.06020460159613861,-1.1275807840214442
-0.09425120849271112,0.647023221114432,0.6503031868381288,0.6898941635603058,-0.20557027345970602,0.33098335845580157,0.21086144647760638,0.3289068963453761,0.2008369600692893,0.09012924303574041,-0.009772118403111499,0.570056167255234,-0.4542666216006741,-0.14988214642791145,0.43760973796656033,-0.5481248065352983,-0.5618056396264633,0.14649827476629448,-0.9705885738143241,0.03417089643221721,-0.5777347588611956,-0.16385784534115896,-1.0142441672076994,0.154652000894967,-1.0794202187490483,-0.14006372140486423,-1.120752008911852,0.3419799741256886,-0.6256058633605611,0.35924354426064586,-1.0503586361428767,-0.8853681762125755,-0.08015140082907324,-1.4183637675901868,-1.07289104154862
-0.21578277510867266,0.3486322577620133,-0.30319801300425864,0.17182784199721093,0.25835737938553704,-0.9280128554390226,0.9081601651936133,-0.44405538688578594,0.042994113734845366,0.36331883840015144,0.7108646204237516,-0.37944064094394203,-1.2779522483274788,0.47603514696025634,-0.7278230386495247,0.037124777272270454,0.029033174313353283,-1.8464869137954039,-1.0660500392630226,-0.5265502684395974,-1.6249814287073312,-1.0378837912300767,-0.34243760361655273,-0.48212795842985123,-0.3194736784821406,-0.27792840881376535,-1.373935600513666,-1.204594593125163,-0.2092318776769716,0.14598011726349402,-1.1246189168686533,-0.5345900311396993,-0.2819695560382102,-0.5864879481079865,-0.8476408663241395
-0.2637352358903341,0.9998598008850849,0.005937601938117626,0.10307279001169634,0.021879070335210776,-0.5948379331759364,-0.210846610631395,-0.4441058530218569,-0.4987064829837581,-0.21454799981067718,-0.8738213371950687,-1.059779856637365,-0.24566459547859115,-0.800578405856035,-0.7429875073695091,-1.5684088422694833,-0.1536965988197071,-0.40203472223033093,-0.33628083607548337,-0.520292187170981,-1.4928504567603431,-0.6384869236370535,-1.072795944350879,-1.2619707632338644,-0.5398543798305293,0.03305200088308402,-0.05282025449723471,-0.488655973291942,-0.8120311833081547,-0.8988377091899316,-1.2344509232883156,-0.9052152568160521,-0.30129836734351095,0.1736789917122511,-1.125647386549337
-0.9409169810016871,-0.2582117995538382,0.40981013761019774,0.9447404197325937,0.5147396332901568,0.45401387651365877,-0.6610372991259177,-0.6936791958573101,-0.9905375060324196,-0.7057674383827746,0.04104904112818425,0.3548579472319718,-0.32426849003987007,-0.6623335895466592,-1.103842056067852,-0.6602681439377989,-0.5336748260827467,-1.3955788645747758,-0.2295787644780039,-0.9259119955241828,-0.30416405936461066,-0.7584463870021216,-0.6196208467347508,-1.1315168156577484,-0.9621861434611146,-0.4751813958122772,-0.8652390813445924,-1.3522154903958346,-0.7411300760524164,-0.5982290403112747,-0.09575486723068682,-0.19407203063297795,-0.7878781203145173,-1.01155815663234,-0.831557432748163
-0.20527699235479951,0.26030581135428765,0.47866564248245524,0.5285189540501036,-0.3463841962870776,-0.44464192938258945,-0.446454334567863,-1.2490029841258856,-0.930038866672775,-0.3903040732894009,-0.22636398035541372,-0.21179911729421808,-0.8872743366165686,-0.7803281834513769,-0.7052315505508713,-0.7945735153489323,-0.291229129575692,-1.3181298831691421,-1.2649630312528692,-0.8631726451935763,-1.417673831584048,-1.70322154545496,-1.5149677729882818,-0.9018995048414782,-0.4746130923906523,-0.4705191902968426,-0.005532247705859694,-0.7488959237618197,-0.6788168474141424,-0.9162700672446473,-0.8831123629347065,0.26992400083489243,-0.6248846285100672,-0.5637534397531565,-1.2899638845258008
0.7415160904873896,0.5475205798343292,0.9120384359996643,0.7115489426860322,-0.3166609281973665,0.15779176294673164,-0.06203547763010345,0.7514420916379729,-0.15423731107251992,-0.27969027016102854,0.569930798569982,0.14647137020835896,1.0325315574747895,-0.4944174724486148,-0.3624935601694196,0.41838702419431906,-0.8213118613849805,0.4393739815033335,-0.8623593445830886,0.008967116524487229,-1.254442982470353,-0.34629323310721394,-1.0886421283723005,0.5252514861215264,-1.006616150202034,-0.9169674026686123,-0.26530783887242293,-0.8626492758672124,-0.2399382939233961,-0.9716300925707395,-1.0348903707388246,-0.6778221812284515,-1.293976256175229,-0.5070825743688869,-0.2846084536787712
1.0764983199962188,1.1213601752377806,-0.1635484554232518,0.5666549610595769,0.6819871761520573,1.520229638039758,0.4992775324815787,-0.3645615614392075,0.28014446379637037,0.4468081412211718,-0.30610547394370224,1.2506766988036182,-0.024811658994438712,0.9761095701681093,0.19949321263654707,1.4912540689263254,0.5912384324762984,0.48080185458942776,0.9750225863045983,0.1972847121718052,0.9782566719684495,0.4387138151944093,0.3708357707365402,0.6124727745999291,0.09908254015044615,0.5356813825485089,0.7876370150989787,-0.5501418695980808,1.1357935791413618,0.9836263819214385,-0.36655708887635574,-0.45978334504522234,0.9507052618832412,0.8959593783233342,0.8088053516122283
-1.1083295671937818,0.08820145049602324,0.44537046702755334,0.28803191973663883,0.0636880407085737,0.5468338593199539,-0.1398571237043573,-0.4357483803188351,0.7278567674649705,0.6177264784624921,-0.24298478746715024,-0.017711422600874414,0.39963522583749134,-0.0412795476800129,0.16202820799925413,0.09518655234377857,-0.34134678433187315,0.03748980388109255,-0.7411034665031118,-0.09900750604175212,-0.3699662974435507,-0.5492183690589998,-1.0272448184115586,-0.3720565019046217,-0.45153575497605436,-0.9223571292560739,-1.3314567271332585,-1.384408011734573,-0.7169514672127763,-0.4629361835269513,0.2840709047129317,-0.6866202507134351,-1.4982040284843912,-0.8087248408257645,-0.0975752643541744
0.7355777552910783,0.42552060257516294,0.85840829888907,0.9672868755540858,1.720542098245207,0.8270665301899088,0.7949354000558283,1.0005049901858758,0.307428035963354,-0.0853500506026792,0.6160845471597137,1.3023749874395514,1.3767542136824362,-0.18659355681367373,1.0787313157315477,-0.3546371156400431,0.958905558781669,0.9200373383304694,-0.15109465178150272,1.2009580259980197,1.5624013856668082,0.6483079621114174,0.7386366315300524,1.3958152312353556,0.08075174109979211,0.08058849603039664,0.19820273957807483,0.6227698819162967,0.6073477365038019,0.2989921792173621,0.41049129267806084,0.2756486853237251,0.2838519433923381,0.1294391939260135,0.11706810537943901
0.32733599646772427,1.0503851520167613,0.6162614333926992,-0.292791005940655,0.8575912345026651,0.4222351162874838,0.00589894487220291,-0.5957992783503772,0.3533489792566066,0.014688314010680312,0.13474443570777972,-0.7759648178428219,-0.23268814701920448,0.17685559972536855,0.835156710215946,-0.24523765594490893,0.5398878537795907,0.17320201296531287,-0.14173917036412859,-0.802315556914087,-0.818156741003192,-0.06008771774807048,-0.6671246707324925,-0.7455674917672672,-0.5611060633214234,-0.5844543133477874,-0.08263682892701585,-0.8149193105489485,-0.18929495442083866,-0.39633243621064423,-1.4779128861185726,-0.5167889966965241,-2.019390219833709,-1.1528773875286222,-0.4917192903325248
0.4854234271357734,0.19692357121954857,0.11846127806852322,-0.2964709892083234,-0.35018850138914853,-0.8374886112202777,0.48673021430138896,-0.03711803358955712,1.102787827341516,-0.5256678765397298,0.794747021411635,0.8027655299182345,0.6151619654092096,0.05410194418737162,-0.27217845804612073,0.49543700394904866,-0.5774932471733105,-0.08511839973675012,-0.28050562650186617,-0.7418530964290393,-0.19389398309556205,0.002060972695135943,-0.8692909883993742,-0.20782603882629205,-1.5853149875041834,-1.0271165687083081,-0.7616936784628372,-0.38350184293578504,-0.15525759761596925,-0.5747735576559272,-0.3576170251925485,-0.7443337798228902,-0.48313693124100876,-0.5293112233882747,-0.9777680264307769
1.0111919502915765,0.33912692407328865,1.565951939584997,0.9649855739927994,0.9081159992072277,0.7034475609689785,0.7859122594842305,0.5955644342444798,0.41152496918665643,1.3919700437177638,0.5257642981872837,0.5031214195848198,0.6953313120236493,1.4653560364794693,1.311274522333471,0.5403377004900433,1.3427079941447149,0.7744177670963109,0.2891827289722513,0.46287028043047296,1.3771103696632128,1.7209707593972121,0.8280450734181719,0.37298854890039324,0.5814590243068088,0.24990513387238272,0.3095128020760507,0.24670493086239081,0.5504679406232332,0.6359778350864523,0.48665092806593535,0.43477133553831626,0.9099977608354907,0.3990954616025834,0.41478006929966427
1.0654814256101899,0.7487094814167807,0.3718811088258402,1.070125742715466,0.6971509716630961,0.373467822835724,-0.015489327224570776,-0.09941577697207324,-0.03211396327994698,0.324897658374886,0.4744811693005656,-0.7055100605330442,-0.9966589566666456,-0.5390416143414533,-0.3069139021240931,0.4553767558085031,-0.3219707597460637,-0.09308552297366418,-0.04967939749696709,-0.8079300951665396,0.39702694670142125,-0.70126109609133,0.37601884430325416,-0.5009741331160747,-0.6395525426108298,-1.057933490006342,-0.43437817142456897,0.5650207355991264,-0.3831208272319952,-0.4809665672633937,-0.9742167053321261,-0.36805095388228765,-0.6067020991336832,-0.7366829940733652,-0.4758603214493941
0.857907828367878,0.06118082169385297,-0.226649049247449,-0.5196437093931553,-0.03787111599243509,0.0683524107313975,0.07078101984083415,0.15160358929866338,1.0024679889252417,-0.07338637112189358,0.032202703039325306,-0.8921600572323133,1.0906261144279892,-0.7212504113929428,-0.4565029476810982,0.20526417891548895,-0.05866545664538238,0.6011209376899247,0.10137517437295118,-0.3367866906999598,0.18912446518446524,0.2117958198328161,-0.733956264370955,0.04362856069790261,-0.5819314751534818,-0.5542778519709427,-0.4615541755094065,-0.7525608975892197,-0.8072105463460029,-0.12382457911350003,-1.4053843451125885,-1.1948563009177715,-0.34814401113991195,-0.7417154862822067,-0.2275013876022574
0.204370190027404,0.42222021122389203,-0.062132948431097845,0.5116565250889922,0.005330183386097309,0.8663598030941513,-0.3832836888201836,0.10546894164838205,-0.03148343146856292,0.21184717682912724,0.5199420027475157,0.1497413154369454,-0.0876552170166379,0.28233080783726,0.31843678927165575,-0.007996946167422275,0.01203423789877811,0.10284557568819644,-1.0805950164154279,-0.4715472708092579,-0.1448005036333822,-0.5146618949885576,-0.5479503284989808,-0.25043536098425023,-0.27197840679656143,-0.26900922089274815,-0.9291325478840121,-1.2710721416959343,-0.1877215812567417,-0.9873927569820957,-1.046677570573685,-1.1149185908941899,-0.10999593202738833,-0.5992523506593973,-0.5519960144213817
0.08896697260541947,-0.5290114002639424,0.6937037804983235,-0.11686723001224603,0.7357683435386488,0.006440433123292233,1.0769780487798537,-0.5415480948156011,0.6474364659965401,0.5483234969002866,0.3198779805662719,-0.5419959872512959,0.2422157923132459,0.00014065935296551924,-1.0182037006427527,0.6365396503477375,-0.35456738371296537,0.5201366505525824,-0.2924623785417945,0.19501836656833954,-0.7626800251078549,-0.2616406759371283,-0.33190588711604746,-0.5996866460805337,-0.9054123007616102,-2.035939263597908,-0.955900521270652,-0.21191590463097654,-1.2875297468780782,-1.2102518231521553,-1.3583462966199003,-0.5595987700328996,-1.1322142952417868,-0.09509426810256061,-0.3559478600540118
0.5323038766699932,0.5500316716013081,-0.018597139184389044,-0.05455636029004568,0.6453994768723457,0.7089539017347359,0.5651302488564429,-0.06008597853726613,-0.05968732443994898,-0.3694761754086212,0.44071667996310493,-0.9640919187776764,-1.125477770269549,-1.0657263972708093,-1.1744202367835848,0.535973606229479,0.21164100603066718,-0.8197704983011374,-0.31159810683452577,0.4367505218431526,-0.08281815878150223,0.6883299808840326,-0.46100995072629514,-0.7654656055704998,-1.0113554771478337,-0.4907165702784687,-0.06498862123037558,-0.5126079447841982,-0.7690124722545036,0.012075214420760427,-0.37646884437104466,-0.7207610764981316,-1.068806639417702,-0.8324871524685262,-0.4868841022351962
1.262761655451218,1.077632326365463,1.1369343014552373,0.39666794630993896,1.2120213567142382,0.9130016380012592,0.6072935318596124,0.8336156338482577,1.3124521263694224,0.9733300513939751,-0.3067654533300487,1.2119393740966196,1.1672977138293652,0.5635664562317881,0.804065722094376,0.7941317608534527,-0.26041450662300814,0.5195225273350867,0.5294068240028149,0.6215715200055283,0.42755955308752663,1.0109690122243464,0.2635722447592423,1.1112957127536789,0.951788799842332,1.3113364187426388,1.4847940086062024,1.47445474046858,-0.002669167811452433,0.7477302346550531,0.20183837025012563,2.1855825976436605,0.836787628575039,1.2218559189122038,0.7149727263657759
0.6607020767823681,-0.18966503536220203,0.05003368526576624,-0.19349287977898988,-0.2142808012358371,-0.10777435718263573,0.6670011401524412,-0.7020678904957519,0.3527158543096784,0.2253758818989921,0.5407616433766276,0.14516035580772355,-0.2127792801740976,-0.4709515737653196,0.3921302415183058,0.10587719760805273,-0.42832950516257706,0.23398366462371992,-0.4815707610938596,-0.29661559782802766,-0.635159323510029,-0.10193720090125602,-0.9009725587748261,-0.5871804764172929,-0.7980777854298341,-0.37068291734718295,-0.3387768579033429,-1.114250924964681,-0.386699278020624,-1.3545466950833638,0.4550716932819334,-0.9197793628282271,-0.16088067021068664,-0.6046825604197122,-0.6023599631040636
1.2462154900240967,0.52324002297837,0.4695474809540081,0.44556582572283443,0.2692839124083648,0.9269021347856146,1.2374222128215588,0.4248110756389672,-0.13943367539610252,0.26384745111085495,0.5479926183730985,0.1506077827350546,0.46061251259705505,0.4773353839116983,0.7379465644263508,0.010284652147641182,1.019371967861529,1.5508270912320365,1.4254539657163199,0.40891288078304733,1.0248110156005286,0.9546750305636611,0.6463741125769552,0.7447599503294644,0.9854396565733041,1.0728151270285637,0.21205835983681187,0.9780745247521418,1.4233710761152847,1.0167281378662587,1.3289629560517602,-0.7463268756234155,0.8276064803966909,0.6458255590194096,1.0108303232283145
0.2898532008173482,0.3132878745767397,0.007291285868649779,-0.9063945689167214,-0.7508042356121132,-0.4911811914752399,0.0898886020288969,0.02627747645452322,-0.4533518239466996,0.8068376345633772,0.36478394195544656,0.16257405269046127,-0.146698048384985,-0.3055022326208429,-0.37769162917560417,-1.506525130112386,-1.1608801683053782,-0.7751112215624769,-0.6263789810259445,-0.7761832587911497,-0.5987335893097117,-1.804636680847949,-0.5153970417687376,-0.7494734327110969,-0.8836034799325425,-0.332546440229792,-1.3222566556601836,-0.9181759088612459,-0.6547078978793126,-1.2175722030352958,-1.7838711191077816,-1.3468687201354128,-0.7879206407595287,-0.862400446131654,-0.7265397576506722
0.9837629522901705,0.024412276173490732,0.8564967256257034,0.12788248898050578,0.29115217175646074,0.6164356465797218,1.3779196843736,0.5852317865299573,0.5931467817964787,-0.17628676177357963,0.13508875681395624,-0.03129777142495922,0.6804734494357816,-0.13626380864768056,0.56119533073826,-0.7934201978792887,0.5176269867704513,-0.651172620718705,0.16831042521959882,-0.7283098963156329,-0.023743840572379327,-0.8501517333600179,0.11436358703175065,-0.01526339941565319,-0.7711446059370258,-0.21349664368343557,-0.059304492862630176,-1.0238299882306752,-1.10691639456223,-1.1518373687222854,-1.2474162426253455,-1.2020892511949715,-0.22311689811849772,-0.42634084607063155,-1.571258807209455
0.9999294421854373,1.3293421565464127,0.3312908565451533,1.250290426462426,-0.13577456764071827,0.8145666831988012,0.5169702605000515,0.08403499295835537,0.33536815479811316,0.4570768867754,0.6738597519681917,0.5039006125260845,0.799991343867918,0.3380196382577803,0.5072627249841475,0.5932288527533559,0.8203633925307544,1.144781322800923,1.1377268665089584,0.8196769503332586,0.9056099433241482,0.8354815855353932,0.5108156061097975,1.1065486310508421,0.18667721190190067,-0.39294550931007965,0.09714979816049729,1.3057892373129438,0.44242324512372244,0.7127018199493728,0.4237564901217278,0.8262654672122806,0.5651082820858325,0.4794039194491804,0.8041771421417541
0.08585562756225,0.4051502743938804,-0.7870973399391168,-0.10270325243089186,0.2559929569700684,-0.2342931810249863,-0.8879284156313435,-0.524222231555443,-0.23413936452749184,-1.4264665153946257,-1.0923303481280204,0.5293828017320636,-0.2547320118388451,0.20696217081644053,-0.13732079647719964,-0.4070187443440878,-0.7897776093797771,-0.4734358909957691,0.034666866699779475,-0.3011855357861384,-0.6514668274918213,-0.8391599405764514,-0.5190673994429725,-1.0465635142623804,-0.5406412953461639,-1.14518020299128,-0.9764504077181173,-1.3135812156555002,-1.0167986256257204,-1.132930377973598,0.06375856548785142,-1.217596543576608,-0.563142699333638,-1.2113317339770084,-0.6939587147292595
1.1096748146363462,1.3502719953704492,0.8204336196515779,0.5327848229930245,0.18159849001060596,-0.28534826947487607,0.8110309707660518,0.6333761613088689,0.3610318417788856,0.26321666021806434,0.20688596826681566,-0.2463324976521904,1.2272247961248746,-0.20610848130654683,-0.3164276921756393,0.4177063115029811,-0.1963645619666436,-0.22996945508603056,0.4486530325490992,0.043162957694158455,0.031791804149432445,-1.0777134001977293,-0.20360679437536283,-0.9406901001816554,-0.6982978971767376,-0.4147182633967817,-0.5511257180616516,-0.2350613084044571,-0.2045651465121916,-0.1933680835965349,-1.3130153640076276,0.5172863028302611,-0.6978004370830938,-0.09879907986902392,-1.9804141375049484
-0.12916563667478337,1.3040437855310953,-0.12350356768447451,0.33887302206994413,0.39787105844418624,0.05292229849506222,-0.08644629491287373,-0.00942537251229758,0.4186403806966905,-0.07712636201204309,0.8693626049839269,-0.3718834806593238,0.35369375849414025,-0.9414960669626673,-0.4915381128544143,-0.5507429275592006,-0.7337184423362999,-0.07873594383180807,-0.31372525028687576,-1.4355585240074824,0.6648502503885423,-0.28085005592948875,-0.4032882064220134,0.2171732919142756,0.02362955089147356,-0.6516255451274404,-1.5092773468744431,-0.2799776387761106,-1.071338059807323,0.003447226056865982,-1.0289967237363933,-0.8899762757831646,-1.3571015500148276,-1.336413437204046,-0.777795403963102
0.9366729003119694,1.44291112238262,1.3086625576341238,0.7526738724430728,0.6146927120525816,0.8143901627143398,0.29233649357000846,1.0656419886797461,0.45224405130672746,0.7769634533898246,1.364895488288476,0.7606848759868967,0.5749382580022614,0.17552617543467092,0.3691813791552393,-0.18640510432071444,0.6210642177329418,-0.7403907615335095,0.7828413554633149,0.6358914352811353,0.2901574536177119,-0.05477750226971845,0.17395593789271988,-0.7348403258862636,0.533941334718912,0.009816714405106106,0.8188984367416368,0.22674227625077054,0.11588335836420573,0.17005963842057928,-0.5487061690300333,-0.3168951591203003,-0.05523750627327695,-0.3031299402727439,-0.4700179117326655
1.149471357953685,0.3151554248814226,0.610213279923695,0.5276023085539986,0.7210204188826306,0.3958273397849052,0.6366816772493356,0.42885103926315493,0.4646162186672343,0.3174660366330794,-0.4468049125805172,-0.5687463111038282,-0.1999733470931623,0.7125235530427876,-0.18890211740007906,0.012182897859738029,-1.165414837015767,-0.123601247125557,-0.2156776442824874,-1.6328041439942322,-0.18747299825231994,-1.1943484314289865,-0.7665514661359243,0.059349874253254664,-0.3920751303854107,-0.726763943663073,-0.8000584166974614,-0.7711665782354281,-0.5094704951875972,-1.2165064319357768,-0.07870615836421502,-1.2378246676269513,-1.5490397691149673,-0.20968919072909376,-0.9417183756433831
0.1816052440899873,-0.1939309720897037,0.7816550572871902,0.5603249244559616,-0.05624525054961475,-0.4983066027811591,-1.9602785794075932,-0.9997844178411106,-1.254779066653121,-1.0961438552721594,0.523423958378566,-1.1049063529413534,-1.0274986231004775,-0.9950351756997272,0.7287927172570263,-0.635236679826725,-0.1381358568558934,-0.5763451224269148,-1.682519737531402,0.05236473645491602,-0.5343236042448888,-0.8138428954842465,0.11183453899405904,-0.9538166794719805,-0.8620860829317822,-0.9687538177908825,-0.26134432131890273,-0.39281701653548234,-0.6576076726476062,-1.316950322486715,-0.9673159273046322,-1.2963907985800809,-0.17537643627901278,-1.5252542534865192,0.07977886101490916
0.13598554667945878,0.03346731222505245,0.9264694348122214,0.39814149063831844,0.14872889133058467,0.2668987098445677,0.32264431776200764,-0.1984414108638428,-0.5588240893619145,0.7656535745631902,0.5506016329623907,0.205537159174292,0.4362373504900204,0.8938853131700768,-0.3707774470145091,-0.7026138732541247,0.14899663488435402,-0.9538851824288952,-0.23964532655421295,-0.4453603732614082,0.00402642296666772,-0.6099955519799842,0.19600800517185513,-0.8113278851498321,-0.1179005631182587,-0.8357457535089005,-0.25879356941142295,-1.0694933547660286,-0.6019718940187057,0.04486079184256819,-0.5834122923666764,-0.07250423762935365,-0.6986482426588666,-0.9577903868577008,-0.6372664663324238
0.7414401726361628,-0.5547131055206971,0.6240194193198014,-0.14312763370667375,-0.3043326878990113,0.5215462233304324,0.8832505266394057,0.28340844208084237,-0.5417299616063564,-0.2388780396506213,-0.15254382609539552,0.11468433235684174,-0.05929954200917792,0.1843181906763658,0.39691081988504684,0.02977544457588374,0.2672786705345821,-0.3553273529719655,1.3893205764729728,-0.019554368162902847,0.00910684648910598,0.5099822520925481,-0.3597874822504982,-0.7606402880843601,0.18241612915519279,0.18003258512243925,-0.4562676644949019,0.3176433075032583,-0.6315578770555581,-0.15004352867627208,0.11685130593928883,-0.6148783204767702,-0.4571119477770511,-0.192258201175749,-0.9063501677197563
0.9311317256994749,0.5082045359495072,0.10088541621533342,0.33198315534338263,0.7685105596952773,0.3835468198649359,0.21231377161949835,0.7532769127802463,0.39343264929540445,-0.5050489989810801,0.3722960923251598,0.49141523963360695,-0.642017811384775,-1.197666458978698,-0.6240419298255956,-0.19384668836140106,0.32313249676949785,-0.6659482145511747,0.018928479836431034,-1.7423352324719357,-0.24276410905767373,-0.5722283800440853,0.6454225071398134,-1.3839292760005444,-0.47805163520639116,-1.451649573990397,-0.8078746836050845,-1.4127479442208233,0.5604793976124172,-0.79395893726834,-0.7464296390925556,-0.6854096907408295,-1.25164939908895,-0.17764638987224102,-0.40316064087047787
0.7750190650264089,0.771539241591574,0.7618143495326402,0.47129816574597805,-0.06852968956142036,1.4026843648857668,1.1306002456741968,1.2001591429999334,0.017720516079098303,1.2539729261525892,1.491704096623114,1.0066928478598491,1.2834978812495768,0.8331442081419814,-0.015085393776994305,0.6354361298452279,-0.1557072055329522,0.028102883457468808,0.45677828699760276,0.3610588910630521,0.472604194029143,-0.6843135520250423,0.10496692568909041,0.4266739363167002,0.4962278693663076,0.4986154743269528,0.1869119797874368,-0.15886494130022966,0.2509019157874406,-0.18027098827856375,0.38957731756968345,0.12225575105029182,-0.1525730464724472,-0.5363453657915479,0.3779760445145751
0.5694142321388578,1.4790969286838411,-0.5270293172616369,-0.18054331837609072,0.6535238108681496,0.6748551274012955,-0.25655930963733276,0.911996217353481,-0.27181550191614373,0.9331360192953926,0.29091560535462435,0.6522433882609889,0.1620544452916995,0.2651853411317776,0.25199066785319835,0.4297964267971033,-0.19817557583318549,-0.6704241150023347,-0.29810121699230097,-0.6298885807014962,-0.6339535231564963,0.45853046679883386,-0.09251293830171298,-0.14951739126775992,0.0655208774062861,-0.19378365179549423,0.4005179303930283,-1.6094926255752353,-1.0887112783313855,-0.9665209273244314,-1.3287731311729956,-0.6075814425275313,-0.6055446549801753,0.2824023626068106,-0.271363142687296
0.1778941112957631,-0.11275213893969571,-0.09188009913576978,-0.3485129189699008,-0.0616456976751556,1.0490403955955718,0.5594527341518482,0.8138785207970428,-0.339101654215191,-0.8774631686515934,0.21478076082379124,0.9434348093342548,-0.26602748050874586,-0.012388533404220872,-0.8878431735480408,-0.12849363264951777,-0.24425556841139834,-1.266994375664651,-0.7772998336401098,-0.8545097314142649,-1.1227807278042456,-0.7312854948814128,-0.14949170034750164,-0.7544773615008555,0.10344374121989508,-0.6839187297043976,-0.3699117328759055,-0.3134306203973911,0.1770250081799889,-0.9742399757780165,-0.41973513869338563,-1.1373562044666476,0.17553684135204606,-1.2251102287731195,-0.5314195990353252
-0.22558375454822305,0.1670793138753127,0.3999110430278115,0.4097423098892471,1.2718022469512775,0.7582114231624042,0.42041650832846694,0.6929520040230681,0.3088498492929809,-0.24130533675899782,0.2994089950890766,0.05041249175195556,-0.4447875167435709,0.5680984088804257,-0.1303033669965389,-0.7028471799249382,-0.6630892405488599,0.04702582022622173,0.266084491513039,-0.05531852300277271,-0.08980176006184531,-0.7740198705194116,-0.3574346086823964,-0.602941287199688,-0.568283983605651,-0.5584350265392871,-0.8629886886345903,-0.18633718010988343,-1.094472940809497,-1.2654989791604658,-1.0335162477274613,-0.22234527517608965,-0.5159317213627916,-1.5968867087009613,-0.42462086996305015
0.555005217514344,1.2263232110932316,0.06391822228600802,1.1559527240074707,0.4827529754280734,0.9224367668905478,0.2937419449987147,0.11321738785953528,1.0545551309662373,0.45710317010645796,-0.061071255130462646,0.22857932139078002,-0.30578234304796137,-0.009354757467049349,0.4947353141687252,-0.22352366446995808,-0.6190222325202838,-0.7039135316259535,-0.22182260837351384,-0.6999212208574498,-1.0492879963669743,-0.9681522669430112,0.1836729682651359,-0.5090723336679291,-0.4419189804777453,-0.985843500015712,-0.8237678403670627,-0.869047783168474,-0.7282995409651746,-1.445384420217069,-0.09607740921526631,-0.6722554003403525,-0.5844679602141374,-0.2480965646703326,-0.30438643999950643
0.14470138192828008,0.700290550693915,0.6599663160936506,0.4847804185159589,0.8204465423526417,0.6520239704499124,0.5776838695262138,0.8578459111675547,0.15030344301252446,0.1252866651727671,0.4661915204444791,-0.07259105028754122,0.21744421823255292,-0.3433503645525077,-1.242823948079118,0.15634014558815393,-0.9561018443826997,-0.5700302611608399,0.1513742155135841,0.11973663387634831,0.2547184746062895,-1.3787191318095453,-0.2558701744420683,-0.5667287493575888,0.023307088943045173,0.23564106260211326,-1.187478298474991,-0.5542291408252772,-0.17359889768972098,-0.7851841758195748,0.23193246736926054,-0.8647776012487459,-0.835611871023608,-1.2419194845290824,-0.6462973872801792
0.6237112858758317,-1.1733005489315225,-0.5838007060886545,-0.9125404453751698,-0.46102726099148844,-1.237657142980423,-0.884568395471477,-1.0815167445348552,-0.4188096043775782,-0.9670889235345059,-0.9204608272942587,-0.5006538874289348,0.0479922958914939,0.2716434760835701,-0.5669651183947725,-0.8436894956224293,-0.14138980779927401,-0.21172146735865705,-0.3458906223862698,-1.563706696664928,-0.15300617122276028,-0.55695914479341,-1.1578991609551965,-1.0181316141461971,-0.35863635162750973,-1.8694199162789464,-0.636969292042433,-0.8592928715885788,-0.8648872164055446,-0.667039828274169,-1.127800547790506,0.1905799115225832,-1.345353327137184,-0.1409871717627481,-0.5924155789029288
-0.215849431664006,0.9560240490804446,1.4815190895412396,0.5895841204270823,0.7817648504864172,-0.07129037579874142,-0.03785435569869419,0.07045054214498009,-0.06525094380212104,-0.5595097373985457,-0.02974092909496588,0.4348273874549294,-0.6726215097611614,0.026269233143036586,-0.028850291635696995,-0.29325472557025556,0.06650104490125683,-0.01914257186073212,-0.44484807698220474,0.23430064461742156,-0.052612255799079466,0.41787940570127896,-0.4370911784571279,-0.5987683932154668,-0.5750339202036381,0.08661954053836318,-0.6073693336332794,-0.6059923554775316,0.39057158911628964,-1.2884243060171636,-0.4625048289485444,-0.6947707019445282,-0.8108154813123554,-1.1819470713071976,-1.0552174136039802
-0.5880213711805689,0.2842984362693059,0.9009864861156296,0.26329590552964843,-0.7091479599909654,-0.3210873701511206,-0.3285717890081898,0.15395201896148836,-0.849702280990836,-1.1921182050379757,-0.16794633416476357,-0.5529245742219566,-1.3276487797890826,-0.43345744676470227,0.12415627454567535,-1.1462822689835248,-1.2450142535416586,-0.780271865015816,-0.44664634137091824,-0.8114931469399976,-0.18988123490881026,-0.6057061787116751,-0.20522117073800905,-1.0426059418568472,-1.2635132965998097,-0.7836174404820775,-1.2474560451217642,-0.32709935477997454,-1.4947687132350758,-0.6648068728363823,-0.5310790823048313,-0.8589783506932864,-0.43458274924810575,-0.22349515231286174,0.4659797573449936
0.6993534976728899,-0.23982194672804158,-0.6505830680448721,0.9217895634516324,0.224199308523228,0.46022214430820185,-0.2197837705630549,0.8063174556754995,0.3110133229280219,0.0066434167674974814,0.1994856195128057,-0.8542144405797326,0.1632048808418177,0.6801168881124839,0.05456404551219737,-0.04952533976090982,-0.340277293598263,0.3209086100380524,0.3568730017995185,-0.5121166825318908,-0.1535940402178226,-0.2527509348910111,-0.2029912974514108,-0.8242487851905685,0.10058731876239524,-0.21992967426715493,0.06818186146349225,-1.119842396823195,-1.1182082596462632,0.41351249149187064,-0.0673502473017833,-1.071586654817068,-0.25143469708831234,-0.9381728679403194,-1.5726124765621061
1.3886406374857534,0.11913626720443654,0.3190110636323455,-0.16855277468929963,0.367492975804406,0.17405820519100648,0.7932250345847639,0.8850794340068731,0.5299664409637309,0.619784387684587,-0.29582834700521354,-0.46083009680762616,0.19504907002122707,-0.05328658241474418,0.8965188452224042,-1.1034190859839699,0.12802872734750673,0.08105319511486062,-0.6396105516156756,-0.7799332475826096,-0.5025483883571644,-1.189613760725178,0.32478951838766934,0.9124783409560522,-0.6414430579893868,-0.8221864877779781,-1.1884499922549114,-1.1102388391772733,-0.8846371832678819,-0.011801032814028667,0.9555887502706069,-1.0254558102507376,-1.1365377013442886,-1.2892623616588499,-0.4978629990757337
-0.16112556649427118,1.1342598453524706,-0.06710345082728064,0.07332616550645227,0.3444489299640197,-0.4839821586304979,-0.5604479879482287,-0.04063750029134863,0.548788806624737,0.19040397201809006,-0.973108218426217,0.7113776160006533,0.37534506634492243,0.03221020168507428,-0.02097856263077351,0.19411126918953722,0.9813977531656671,0.21978990169407012,-0.1105478735542596,-0.9096951716251067,-0.250657953206648,0.017797933975192137,-0.4614689455528206,-0.6992788868207922,-0.1939780016860429,-0.9965676824536278,-0.09903897331707284,-0.7799521801952131,-1.6511464941356806,-0.843561985992691,-0.6694772663663805,-0.38779589901837835,-0.46698540339463446,-1.3504910391158897,-0.6622106973569188
1.407013429539113,1.453892154425983,1.4331487962159948,0.6256307777967761,0.3963313837959723,0.5995485292276077,1.1591143259470131,1.1083190377769525,-0.7436238885822838,0.6844374358104723,-0.6757375216530369,0.47474751133978854,0.1950848347251074,0.01575998975928622,0.832846227488134,0.057977147927165074,0.34971182026546527,-0.13939397330573083,0.3354990180454302,0.7499148620821365,-0.1978718528792759,0.5316992017533231,0.21032902117230515,0.17583455650593383,-0.053162892149300076,0.4784325903896261,0.3967417539780867,-0.03597028442097311,0.10150561808986591,0.34107364997708933,0.2098087325640441,-0.24471656262381478,0.46114194747261283,0.28022110241013504,0.8738578336458053
-0.3525428658490886,0.7490496579714594,0.93892167226551,0.8293735085037544,0.1635296751407135,-0.4293204089914728,0.9838263683167521,-0.06566670551636233,-0.011748728670840536,1.129676612736124,-0.5799673387784503,0.4260798423850779,-0.40025344532655366,-0.45116312272236875,-0.019249231074235013,0.19559055494453428,0.2933386768580769,0.3202643878055218,-0.6119254531012159,-0.8679081353320839,-0.5042394179013285,-0.1951188240771556,-0.5066959548354071,-2.2536555393465143,-1.3843908060473653,-0.6227754504933811,-0.10542039056407954,-1.0144938153786043,-0.22337939995046385,-1.3642368344756197,-0.5131306317911761,-0.5326168068514698,-0.451141528521828,-1.209406494249912,-1.497074242513398
0.8727627542452479,0.39362963391883526,0.8615109419693081,-0.7235350570225685,-0.062486546889505445,-0.008640071347596534,-0.050943686617556355,0.43454426844587357,0.429556200752445,0.05937647445517786,0.03194157226245097,1.236891693277602,0.13893710425957842,-1.1759003455242067,0.281980604005612,0.1371357655168605,0.39791078006767333,0.07872691663877565,-0.7110089621432261,0.14885761163616407,-0.28326449136430504,0.15422400413840148,0.37007263973867865,-0.49881926371965296,-0.032902410684061634,0.014287841567639736,-0.453645883125706,0.4168746537035084,-0.06714329324032187,-0.9088790089496256,-0.510875216530018,-0.23395837668715008,0.27453370751807193,-0.3948374618861859,-0.5785276535430159
1.0641490129304978,0.2883297089076595,-0.132114155378801,0.6786681318214024,0.10080207445234976,1.6101423584764234,0.3404840299305495,0.5301398435733479,-0.17818883378591033,0.7287024269097557,0.04311523311873325,-0.04563233167274518,-0.07362067342292139,-0.7089988610260514,-0.2283389056939941,0.13048605562607538,-0.9544547954731786,0.29036231453893246,-0.39280088055486456,-0.17378129800539943,-1.449924667507755,-0.2563646227726789,-0.925450324808666,-0.613615314869676,-1.2545336650628156,-0.9434796797592375,-0.6147999744110916,-0.6980466731127569,-0.14764979718916865,-1.5502205654002859,-0.6665995401879969,-0.7135841399050039,-0.9144145345542473,-1.1618687002181876,-0.17216917252375097
