0.004786292849260576,0.7372294668850713,0.9787261649601037,0.7983893902721347,0.18920783440769467,1.0851004325647067,1.3376752541015016,1.044632117003159,1.0487796154006066,0.25189989985368266,1.0462357644608742,0.5571609603872822,0.7153644392504226,0.6169358254244504,0.3474748551927743,-0.048381042932027274,0.3133958125776412,0.8201707614487372,0.07790017004651348,0.7167232869270761,0.6096018261699474,0.062262246327280696,0.8764859508776466,-0.025598648111421846,0.8768144643930024,0.30879247480580524,0.05334989003236808,-0.4131535564803287,-0.04396364186809906,-0.1322941873806657,-0.6900990685052268,-0.2002059369557745,-0.5236135631271532,0.1411480775766018,0.4713785621096318
0.487138755837499,-0.3043649591517178,0.7426251143151698,0.4583095752995276,0.8005296746406403,0.7279283445236944,-0.9758017663373086,-0.8379042537177597,-0.8305265951311339,-0.8449978919862776,-0.2542736684472032,-0.7407873722834,0.539272144699958,0.4175668314991189,-0.5737104442706608,0.37365254214374244,0.10882932371207688,-0.8893961077768071,-1.694922900744179,-0.8229391898502179,-1.0571830454544475,-0.6497335934037143,-0.7236150497410297,-0.7490333811674804,-0.5280361298638077,-1.4024634310350947,-0.5938098251905515,-1.019536559055753,-0.6969260036467129,-0.3123616261143803,-1.3943990166772169,-0.9109954912974985,-0.8148274641520152,-0.9950250600855377,-0.267491985000839
0.6880443898790221,-0.3970388233137675,0.3541928933859128,0.033482084927449696,-0.03432120089806728,0.31860019948275337,-0.06122687344493624,0.8662743470977703,0.7300046524457229,0.6873163624649129,-0.19086533641098857,-0.4646135552171872,0.01765534685302671,-0.1384708941885207,-0.4074871766481024,-0.7304640678530744,-0.20252066038850547,-0.422506922585847,0.08554186502820715,0.03640836067970993,0.2174824334736445,-0.9985059290413894,-0.20334772983306973,-0.8016189855010531,-1.081007999209819,-0.7168400166525464,0.0013316730434496105,-0.7483296382040854,0.19281235754655957,-0.3417457454776792,-0.8379601319278355,-0.08401861373497344,-0.462812616638015,-1.1715454509259817,0.2061436041766087
0.5619812562377501,0.4074549343061275,-0.06488943781234607,0.916559086511195,0.5485239172619922,0.5668769800638354,-0.03976660886321434,0.5922556356294674,0.5918805111055937,-0.23798690389666796,-0.6519053085063331,0.30732239191193594,-0.8100330926439009,0.01271117787350258,-0.32669814783007345,0.4667357608748669,-0.37818362113807336,0.33316428854229174,-0.5157363756723158,0.2038508374487758,0.697253302680702,-0.9028817222844905,-0.25785902281443207,0.9365050755708153,-0.43750648035281586,-0.47164476306336717,-0.13877134334834945,-0.5416300293714661,-1.4435279697182728,-0.050041315818376675,-1.6423890993701433,-0.8724386537573486,-0.08179812811683373,-0.8835369710240217,-1.070105959845851
1.2396319525832804,0.3741623461314601,0.1877662947634381,0.9347358277357474,0.704058109767618,0.17116674504753726,1.1084074966489939,1.0185494877444907,0.6022517089919673,0.6317387468525936,1.007331964024703,1.361506148326714,0.6185817520434281,1.0804430425561375,1.0282916840271141,1.1774155316282748,0.7489698807371087,0.2641949248489626,0.4796457863762842,0.8723616873230001,1.5997156242121455,0.43753831601451626,1.0705304158052702,0.4922289044035226,0.69915213608685,1.3888255994736394,1.000040782247892,-0.01642080660967804,0.30390230246676636,1.2037479890781684,0.6316705197210777,-0.028987257008830092,0.12027572659578345,0.8654466854208926,0.9944931152253467
0.8089276507410873,2.0373766400167046,1.2109553362872343,0.6757382991726555,0.38766673492424136,0.30556114982243754,0.9576418868917436,0.5419171624991704,1.6190010942864956,1.5105606513739964,1.0886688667687383,0.1768273519722331,0.4238689208218881,1.3809375589226156,0.4641584755872635,1.2988327522335488,0.9666172428827565,0.7462166242887353,0.35947895650854833,0.6538130326698003,0.7853074124587979,1.1958175767632162,0.2252688937246934,0.5248487084788451,0.6663293241099245,0.9624664036849252,0.16366232277628695,-0.05405606668280716,0.9271223902275867,-0.18333724061586265,1.2032213557879141,0.4674697540576477,-0.2440135920545793,0.2734898143635596,0.6868497911511502
0.16589130091702287,0.4080717127255553,0.7329160799931052,0.22569478501351614,-0.17864263465172786,0.10276589123029445,0.9214191311292999,1.0177375223410252,-0.8739893726509447,0.6419161700896318,0.18166361935184044,0.478627201802549,-0.29860374797484585,-0.94742846579613,0.189168798887311,-0.6130854751609521,-0.8759078914968959,-0.8796728886963435,0.04182523771686453,-0.22641843206643114,0.05831554169962294,-0.03432052585318779,-0.6143436659717689,-0.47312291932294503,-0.7265196581955464,-0.6077027846109367,-1.0166481860143923,-0.3669283144816756,-0.052354597942118386,-1.0244915181483392,-0.0002800697368756655,-0.6072820799492069,-0.5649715144922512,-1.554980516506388,-1.6268888683965161
0.5043000260843528,0.7929229006293854,0.027186675317985687,1.1618369029988704,0.6573541907084967,-0.20191273593777764,0.22942339642642345,1.4136699165361393,-0.48530828707965995,0.36053718495144604,-0.10478251502750888,0.37008400770173,0.6102772053181599,-0.2564152554010708,0.45638054041716714,0.9680048526163868,-0.1486243070823523,0.17197214628748228,-0.5538520385924401,-0.2865150105654235,-0.4212550155918352,0.02960980972792765,0.19846108419857666,-0.49271355694294683,0.29601052906218495,0.2624848226026232,-0.10959394543390888,-0.8201837272797073,-0.895829380802948,-1.0223756805828654,-0.1663318573184665,-1.2699269319328599,-0.3470921756396543,-1.2458204306146854,-0.31148465369266226
0.8086097913652803,1.4665390204785669,1.3696064437200504,1.5150115399901614,1.5259291181184698,0.8648187191360571,0.21053469343925646,0.26004415745718457,-0.26129504736318543,0.23557183320102004,0.8065474218724492,0.4864983480380998,0.669910554893165,0.9994565057827657,0.5936589464519355,0.1768474850674946,0.70269844758366,0.2711124384957191,0.5755021144867374,1.3723234366436778,0.5552307829732616,1.565026904286528,1.3839546875105557,0.36660447545238106,0.08835587493589436,0.6048501438817463,1.19455837323612,0.3591333766464563,1.0441849635036313,1.179857311425533,0.1737186732255271,0.20740725865480814,0.8860829651461473,0.589623698886092,0.1542572113446921
0.6239097759402064,0.7644599631849438,0.016451942081684656,1.1803003872304534,0.5561736645043178,-0.5988548097570912,0.7779957424968325,0.41552005550912,1.6265403134461218,0.4846822394550827,0.22331391123081923,1.0202917734316888,0.429754673094299,0.3633706954259491,1.0004422668970174,0.21752823132900367,0.000678452265649554,1.5833566829293102,1.0006447317765912,0.5688303119349936,0.6887448301703809,0.9324803066707334,1.154805418848281,0.2782694840843967,0.8269910211266233,0.37777513673672386,0.5234038692813634,0.6845752634932525,0.5868005278462257,0.9434207660087749,0.804274777964627,-0.20865180188698718,-0.14915965445007717,0.3288415816856603,1.411600605837444
0.3742040837491989,0.6956083847422769,0.530706141081154,0.5204566419450657,0.8846396309264413,1.493391940239784,1.0179154265918533,0.3845402042423277,2.158743972696387,0.8166913603956297,0.483525114829068,1.4723736257894755,0.5254430481261814,1.5845556235457865,0.31037018000148114,1.4527770797344712,0.8298391135062233,1.3658837982333583,1.661778217327041,0.1346313091715492,1.32836934540051,-0.02490382460004692,0.14454451641745658,0.2545523998456841,0.8957360762327127,0.6476351633092728,0.5343264494562574,0.6773464692719808,0.8857846090192982,0.9097613788281653,1.1078149162143955,1.4554502091828214,0.5190707628619055,0.2531554429998486,0.8040560392091256
0.22787259186768993,0.4603676734928477,1.2985696277558099,0.7354146465802536,0.19142352979489397,0.04810176945937117,0.8142895663484624,1.3572539534398786,1.3464021060603766,0.8328450013614854,1.7765903025681888,0.7139152554804495,0.6906945453993852,-0.5306191588174347,0.5220101009042066,1.1637694027280339,1.511295949795228,0.3052403650484993,0.9420215276227931,1.22437447059382,0.6960875116192985,-0.46209210115095967,0.7917816938286969,1.0369724417723492,0.17020631063455272,0.5040499594046495,0.04014647047329334,-0.6808449445293759,1.1036420202663901,0.5737630499565631,1.3595689967593214,0.9740938987521903,0.3526470682499194,0.4721095940131024,0.7803766700016177
-1.320671052865024,0.13315992266132695,-0.2505129122232374,-0.20182536566171674,-0.5939714464199055,-0.2627233748773512,0.45973866580211786,-0.5061837584905639,0.1541540919972763,-0.7761931797598642,-0.036621754249379024,-0.4565577184245155,-0.3210147112866609,-0.5311964814929562,-0.2496670310105366,-1.8878031248980318,-1.3451506466368088,-0.4555025791838554,-1.7120844056795161,-0.9792451751934578,-0.7620424004335358,-1.1670564747830778,-1.1140098945252912,-0.6447511105402985,-0.2852310226634853,-1.2754271481206596,-1.0870190620690905,-1.1653589692107724,-2.007606979517196,-0.7202106535717209,-0.31484025715245606,-0.2620270613047728,-1.1909435353579525,-1.3637395985602887,-0.7066039592714752
0.8468786879777455,0.47548206246857355,0.5075292150773425,0.8977054165754427,-0.07968207603401278,0.1422728465797,1.0313018187802707,0.07679978812561973,-0.49769476866309287,-0.23827583263125415,-0.4125001642764588,0.19521715509310925,-0.47133311963542035,0.07222041538523519,-0.47110820470674475,-1.2042861137187078,-0.02845178226350864,-0.14624035668616592,0.00024725436361766606,-0.6326382746636581,-0.7226897069174022,-0.1681247238605974,0.3556329025856044,-0.4323021276310533,-0.25850834578070425,-0.663332740391045,-1.3048360779607018,-0.07845575184181425,-0.13570785288991566,-0.26079799065024895,-0.7318876116087563,-0.3655147783189074,-0.23863010400124252,0.10481358577572475,-0.22899466128992801
-0.6668853236147385,1.4674462703995248,0.975718842504939,1.155842657847777,0.5891601193765312,-0.06835793864071948,1.0569627048100347,0.7450105222476178,0.7981869450109437,1.3212082425145435,1.1531675299514237,1.7269441469954874,0.8369054715348401,0.4074925771565066,0.6514831520304514,0.9455935715430897,1.2372435408618647,-0.013159293837217811,0.7151641705658534,1.5057057829513607,0.5703789995200887,1.1450540550472077,0.9146954576495733,1.1341874330043926,0.23903748734381597,0.22842638980905267,0.6280304375988194,-0.16188206385935533,0.45526951106673297,0.7020756456153225,1.453049301881716,0.7467918974340125,0.842366184519195,1.0959378475903097,0.014959180169003217
0.349700513509019,1.610763134215328,0.32331578594820753,0.8850053270984296,0.7717551421678925,-0.48679896727762967,0.36923870140263654,0.24857908577704613,0.3009531082404103,-0.28065402440163667,-0.5018699946219172,-0.22136913776795172,-0.0722571163831325,0.529195512754771,0.8055798144263836,0.5557020785919953,0.2483309296364524,-0.7226423286094052,-0.46307974098555044,-0.19118163887453082,-0.6491369882758014,-0.08025532683739478,-0.0436338295527422,-0.16974110110148288,0.04176640847451396,-0.9548345050347282,-0.0666064649777604,-0.9099931864789413,-1.0603829487544394,-0.3501269361446551,-0.032978111338056615,-0.4200360850001728,-0.6751089908088858,-0.5501888436518754,-0.6550442545800089
-0.13073360337318524,-0.22325323415907605,0.3234639574037345,0.3667183705919778,0.29555239276520595,0.5903086967411716,0.10626070481749994,0.4566949406268612,0.06368033065696893,1.0080816965121262,0.09694662469738566,1.1869971680053126,0.15264617770440111,-0.17013529633949492,-0.5527995835662571,-0.8640411315484404,-0.677482817952548,-0.6602753520416053,-0.061221643284714355,-0.5592273506111234,-0.2394539429604651,0.2721310280869729,-0.44778105949731284,0.601692216849185,-1.0587063839738757,-0.5778306723656552,-0.8026772788293486,-0.09391715839033926,-1.709810787616057,-1.3377426478267516,-0.6945883036630284,0.11164603231656889,-0.5725900856765043,-1.381039483834746,-1.321841009958764
0.46346533302607645,0.6733436351641805,0.13313918116413986,0.7682523555007019,-0.31788540244418956,-1.0192887048211745,-0.18135624684461346,-0.5525313881342246,0.8749370823999607,1.0042409430340513,-0.6448747748723931,0.6624936660030937,0.4523328739093541,-0.8481850534048252,-0.29820936090222894,-0.4326787055818535,0.1922360235591303,-0.8348618729121172,-0.3080679663205439,-0.6391119170558386,-0.09624687754514225,-0.47725416894533484,-0.6714997356500836,-0.5445344202002561,0.5472205226157794,-0.7109887162378858,-1.0535234261657527,-0.2704536768408606,-0.6616773071444749,-1.3238019686710822,0.4748332751636861,-0.8402823009815017,-0.8744457296758333,-0.6253480807485803,0.14180067099077065
-0.407630818564986,0.5360497630236514,1.4065129780372756,0.3911542930771501,-0.3277807860704011,-0.056940536564111355,0.31744032777806513,0.8406073074943642,-0.0336942078878375,0.5097281142101091,-0.6610946521892822,-0.7052233225550534,-0.2647599621835059,0.655717649891244,-0.06863827567953529,0.0023087532637158514,-0.04272187796770621,0.334131793833755,-0.5637419997597297,0.04799788916308645,-0.748358801165279,0.62277817485901,-0.804072435828231,-0.8790807839235275,-0.19596598706025192,-0.4626446824620294,-0.3695946138933921,-0.44851356367268413,-1.135111071836716,0.19049446130189585,-0.19414378949299238,0.01543214744538024,-0.94967644725037,-0.4970039843450432,-0.6245734824963034
0.9962431577952657,0.978180904228191,0.4594022986195193,-0.43218561321429994,1.1797171471251835,0.5302516067612844,-0.09021945779590121,0.3784764188077807,-0.6195730599060689,0.6240787492294153,-0.6790161108054142,-0.09378138377606735,0.09886760696174385,0.4561231449456597,-0.04980325721923288,0.17488459228668143,-0.1958451299792453,-0.23656517293175072,-0.21589302831665402,-0.390673625507217,-1.1762025907784317,-0.7530198999496843,-0.28148946312403683,-0.5624466341285765,-0.54870543489523,-0.664215732897549,-0.9648200133897682,-0.8087201919069902,-0.7433308446272939,-0.6136134329669213,-0.4442257202026907,-0.7543179736310474,-1.2003386305413675,-1.4043067766620205,0.5754608900739632
-0.13266567043776972,0.1387443376811901,0.6213770483974295,0.5072202574901663,0.5503190498621252,0.030899355150127233,0.33327809821944354,0.20587718179486503,-0.020091969450450775,0.21910708637956325,0.5842725347095157,0.005535750524809879,-0.031133194662819528,0.47078380639260503,0.3776045844729867,0.6493713759621481,-1.0598767929942583,0.23208739412508436,0.04215836921028693,-0.7389708639576624,-0.2071235102382915,0.1567027207776291,-0.8184563449225861,-0.21660491787281358,-0.035124055938767995,-1.0380486794439352,-0.6041636632464333,-0.4116862730976376,-0.987980725204474,-1.055761602784619,-0.7084371933689341,-0.26322296973633175,-0.36364400209910297,-1.1359721212958,-0.3971737710558059
-0.3613801267490919,-0.797859700494403,-0.22573870434898535,0.47008646019592687,0.18769930603244164,-0.18941463336212738,-0.44460986408407643,-0.47786557714102157,-0.27424023446891765,-0.9072463132429736,-0.590053523178047,-0.5651703769153755,-1.17256435490705,-0.9539972349904875,-0.3652262514879501,-0.5992546459606556,-0.7896188855047155,-1.1197565469571595,0.09810968406321008,-1.1329446047095124,-0.6090755762843422,-0.9969209500135272,-0.7500895468592368,-0.5517373396469084,-1.475006795157333,-0.7995105795699996,-0.20412563948548268,0.08102246419875159,-0.8619240902061219,-0.7702259451220208,0.3234673842340643,-0.2028865241631147,-1.0642026317651927,-1.047382299743279,-0.23913200217368336
0.19654748448943304,1.2307550910050309,0.8378632924617722,0.9124148662166006,0.5070734165254969,0.30148488920675404,1.3274496551583432,0.45226867658075154,0.3485124123184403,0.4914442648913834,0.6047797694694462,-0.031130922636270708,0.17715092788596432,0.1252038670590669,0.830858560216404,-0.061361089370820965,-0.5234197845243624,-0.6567573287457511,-0.43655199463489036,0.9508187570470588,0.24916979060313738,0.4623554882407972,0.4503297626285228,0.18026664668009132,0.08465038476103243,0.6139921989443893,0.13428080641544482,0.7302958733202054,0.3105814458443547,-0.33931256737396953,-0.3095178878147422,-0.4551306288240807,0.4870620378967474,-0.3543732833855655,-0.580998074154286
0.9598890205634101,0.7511361863624018,0.9461634108469968,1.7423857859360274,1.2520551619383433,0.8065085792929114,0.08571953454855441,0.536324436351556,1.1376522685674348,0.19188423008415867,1.8426207411853017,0.7735337197684552,0.7844025537028331,0.41977619957307627,0.9940604538726737,0.15876098201267064,1.8117615759161048,1.379033334208147,1.2030435855747919,0.005720451537271409,0.7931900702502243,1.2840913266196576,0.9646893937204404,0.1552025774250152,0.3188708804894545,0.40515915583884776,0.3161755742933716,1.368618247615954,-0.37036675503906624,0.9035968866869073,-0.08542018905739557,0.06480705907356776,-0.4751147343517148,0.2391727084858738,1.2526538003861383
1.2563011570148719,1.249033672913896,0.8578013176300653,0.27749475818058,0.4895632326530031,1.0905819640843224,2.014337379521672,0.6159452991898329,1.0100480564888532,0.4993784711753652,0.2851520708955743,0.42816750666199965,-0.2812576312532452,1.4298163275059406,-0.36937355097249236,0.6058477700734703,0.1402513336903488,0.2781675742010393,1.3991566928456027,0.8014684494478721,0.20778535543049864,0.38478956136440007,0.2853960838205279,0.6344842937024624,0.7303636005376284,1.578914611456123,-0.3402558914611781,0.5868226723818242,0.43235596810530064,1.0489115807158802,0.7381405574960267,0.8406139068565743,0.7022950420901852,0.047704361423536956,1.102920722863038
0.8314942970023462,0.855821734175753,0.9949019823940443,0.5356275030333058,1.0303824056400854,0.4410776758095355,0.10446976888736556,0.17190339443275085,0.1240518302521346,-0.16329344555137817,0.8725341855192728,0.16478354499430775,0.02400962007542225,0.13084041641782973,1.3868516629321535,-0.7084589388194233,-0.6042809316126075,-0.9107577061831085,-0.37493127270854576,-0.17338544341734954,-0.5655787284082526,-0.6387215521772552,-0.3326744503658199,-0.6889400447990659,-0.31571298021285765,0.05457827519311087,-0.1945055821234561,-0.12166378783624204,-0.04695576667963686,-0.47477092317849456,-0.7202354054590975,-1.0501693636297755,-0.8811000845130184,-0.9671085230410761,-0.35742155030319317
0.22998103863126032,0.35560412985946477,-0.6223353468754454,0.6244765165235986,-0.3537711557916263,-0.7386370507128616,-0.45586600469945404,0.9588984872109481,-0.5224911206450995,-0.5355758060555218,-0.5120521908922365,-0.5316958379512188,-0.8877651585819284,-0.46316656793863475,-0.032682193131975734,-0.4468659081917991,-1.1908206393580167,-0.8362157806550319,-0.9660789287822131,-0.6874852632524526,-0.06964614413405246,-0.8274278039870709,-0.8123066276135997,0.10828019879261996,-0.3517755047175598,-0.509161816439988,0.1795758436754824,-0.5548228551502434,-1.7901806745673174,-0.37473366979029493,-1.5782033586260273,-0.54434598067149,-1.6124321342022032,-0.971318279500177,-0.8992989978722532
0.0471822910786352,0.22363083971778155,0.8791577573207381,-0.030186503372450768,0.5624566433366094,-0.23056692988743516,0.11924927470360532,0.3371249828381584,-0.362290493989087,-0.5594580009614516,0.30252883662360636,0.5781760619127934,-0.06289212758471716,-0.2919531643237392,-0.025237901592226483,-0.11485688513690342,-0.06031040539884397,-1.4845947476164676,-0.7931837990737842,-0.7187597177994567,-0.25748365498193265,-0.275919211290237,-0.08578663933786801,-0.30909525777899877,-1.1211684289979444,0.22096341061433877,0.10293833468732383,-1.1912691064323062,-0.4235623252459052,-0.9138971958593538,-0.5714828978372728,-0.13738768836724247,0.37954113046532156,-0.32962690413132395,-0.575790346058581
0.7338350270907067,0.8081896839123344,0.37384871374339695,0.05581962587030842,0.9477436407126625,0.47959401306287447,0.682075263566681,0.4349072769133412,0.5509490377185738,0.30687012486338394,0.02422690853356052,0.7211474711077821,0.1580266308763601,0.5161956444595012,0.6134485188640187,0.08821383682758283,-0.24747867283182806,1.5398327596338524,0.034752134730255235,0.5817582349235824,1.2107982656461735,0.6066848182641424,0.03186449465408245,0.11861649371637549,-0.29426257678273765,0.5325771975141901,0.344418203288469,-0.22646577544237337,-0.5209209303498007,-0.6910312994653013,0.4323061260223263,-0.031211661119160683,-0.014219704912234774,-0.5633221198439677,-0.9135132274066727
0.9353672444108694,1.568206946241871,0.03449171796460371,1.1648847064583334,-0.10545061637995856,0.4290409632864467,0.5802373275187196,-0.08018324627780302,0.1799558530573307,0.5516327667198138,-0.2985456878217917,0.8513275920162977,-0.7156579302047055,0.906549010318805,0.3975874719633762,-0.18745963268348298,-0.3830957813728354,-0.47398632885512215,-0.3265294736193101,-0.32039259585544283,0.2946956540795769,0.6154688970909217,-0.30418692335288217,-0.8607003763789194,-0.7436639141223738,-0.5940842904838335,-1.048081869672247,-1.1516411624725325,0.45864863375351694,-0.4648782402647189,-1.0574814592777204,-0.2557410430093214,-1.2746840650985805,-1.2532717806381557,-1.1247789141457716
0.015053688817142863,0.36679995422477657,0.8834308054027434,0.6532939218622777,1.531958243954007,0.8484965911700006,0.31599925343851565,0.5137803367410798,0.034752127228524984,-0.46734990804935483,0.7094780504779226,0.5211316007082979,-0.14388672513801318,0.07367115742028202,0.5173939982559833,0.2805788685834164,-0.9133123013793191,-0.09866218671469823,-0.3424474162349847,0.26035568448831065,0.18260390015361672,0.29044576098765224,-0.9628240530399899,-0.8299418994123365,0.08624032426344264,-0.7983618058494142,-1.293737307481013,-0.29587221761181054,-0.863524192565983,0.27871038191635433,-0.4928226154433152,-0.583913184867345,-0.8701329485030364,0.09015191026085678,-0.5439804836687386
0.17935384736224644,0.2865042751431002,0.25317710359672574,-0.7958903755728084,0.2717623202338867,-0.03705181548739356,-0.5538878145678521,-0.6578179845557629,-0.49565922842773846,-1.0223984136253048,0.44513384491611435,0.285690016336181,-0.27117702519333164,-0.6464723177127454,-0.6690336411998385,-0.2249777128441685,0.24367545984295125,-0.9492411979865494,-1.2491082500430604,0.05986538942778241,-1.6284412737074367,-1.2572518101029526,-0.8916581394338307,-1.56075894451961,-0.23380396915009083,-0.36774982224070557,-1.0868865775830638,-0.15992142295837608,-0.07227088937664328,-0.847651872875507,-1.007533218850706,0.3594523489085253,-0.3949794360955056,-0.6097282478157906,-0.03563375974751137
0.9509653175015107,0.5469094465890592,0.8389590348031917,1.3168059776489733,-0.20057302420069334,0.6489879324223478,1.4814599259423613,0.530371484409115,1.5551834975104883,1.4847766595949732,0.7393710352756491,0.48205578600618054,0.6162989200232734,2.0854060420527825,1.6829037989514364,0.8004573711771559,0.42523850555517134,0.7788781996727732,0.8328088262846512,0.07925558562749913,0.730504069628979,1.3407502900185202,-0.23154164656666587,1.069549112310527,1.3313167431711723,0.35084855229465894,1.4649823706332037,0.2590602985366277,0.8106811453027637,0.4222509745256738,0.40723331982552824,0.23678326792007898,0.8790396895136537,0.9381026529310312,0.4650768748279372
-0.24774226214162526,0.5996419216305764,0.5738840768458089,0.2184324470141122,1.2235018471717432,-0.529706742534112,-0.8946427922271142,-0.19021210017440224,0.49118598136591757,-0.43152010322302714,-0.43389569792887533,0.49214653033155126,0.20791434355784377,0.12523374376881283,0.2876388642963442,-0.35519332115603586,-0.37125371278356534,0.18441743882110215,-0.9310750438814024,-1.367504588280303,-0.5495595560516411,0.09657849143147557,-0.27609703418648446,-0.009240380322709463,-1.4789480490158595,-0.3447904940164454,-0.20608856470267028,-1.2375691727241858,-0.1588861771597242,-0.6719444514907424,0.894753458365454,-1.7526608626365454,-0.0009538188577824513,-0.9023448049656658,-1.5318335708336708
-0.20688781044833365,0.1459648191710472,0.476566415957152,0.7695839184691469,0.5706655743139262,-0.6713197400277775,0.32882522384451074,-0.08734203052236914,-0.6559341978638097,-0.47898286705879967,-0.7709211802997604,-0.4388394752672632,-0.8618560668283615,-1.0487701461504195,-0.33092008333975487,-0.2896452918013341,-0.72903648995383,0.019782823779808445,-0.8205305219789548,-0.8653422699326223,-0.40462748874236226,-0.8191991984482978,-0.7258303286653326,-2.040761445926627,-0.7815248081844025,-1.7098004262288855,-1.4099652494748407,-1.4673897519250025,-1.3182086803454696,-1.0654934785466017,-1.0254454378394449,-0.43821106283415107,-0.6443664400702346,-1.6884277887092103,-0.6757594142939137
0.21571738462587597,-0.15705805962416483,-0.07260990727872098,0.003756837101587404,0.24201882877954498,-0.9760687234068975,-0.3584156416083721,0.47118353994605827,0.3796979667496624,0.05244089356783088,-0.1475875085995605,0.3699317279655531,0.4618968751220316,-0.5993131035651262,-1.055195868875301,-0.7391567247434002,0.9131097669780026,-1.4487209995507748,-0.925584798496107,-1.420300573616169,-0.6724900484765183,-1.3543319204240634,-0.8226047045952133,-1.7555897906264741,-0.4810681680110648,-0.18502982925926836,-0.9914617750071348,-0.8672934860851009,-0.8786207189442126,-0.7006112111179625,-0.8012839235499163,-0.3862901887473668,-0.13904078041211032,-1.1449261855463089,-0.872070979454466
1.2508097244623724,0.0888852155191372,-0.18648148636337003,0.910636810438345,1.0436929645091595,0.4318532081651621,0.5006056995913313,0.40620952408542443,0.34866659762256613,1.1241526602173668,0.18188634952130533,0.6335640077340066,0.30731027334066435,0.025454308101457435,1.1807806628581998,0.4778492741870174,0.8235353215757544,-0.033680258018363496,0.33992563609803095,1.078978894779679,1.9841191629440038,-0.3085599045825004,0.5675827963968576,0.8623974288136527,0.3358676815241403,1.0558882183389051,0.18452815620751883,0.6811526598691211,0.3291038621233819,1.1853528583348751,0.22254924688902722,0.3694959046558437,1.0025964678312214,-0.00031940548112507905,0.5316630029983176
-0.11126717184330082,0.255753010234116,0.9899447925048167,0.3021300792209895,0.5232332930620178,1.039546503165927,0.5003381560780937,1.1977267215640528,0.8899606110378155,0.9952463058773183,1.392618392389391,0.9262369697577137,1.5294020023327626,1.208729937570977,0.4839653605675861,1.3843359227844223,0.8612482918168487,0.5230178275518897,0.8500882106367103,1.2570983666273077,0.9180059821424598,1.5907445438883543,1.2114019729909817,0.9178371464429839,0.13088371677320332,0.5412609678367826,0.653726561413101,0.9525445803696737,0.9088063350086582,0.6604075219666321,0.6209064560954156,0.9056612503371366,0.10045883626765095,1.361457833690235,-0.5262954679652041
1.4297707905983128,0.6642989511230232,1.172003217722065,0.8354747013493707,0.8084575237209244,0.8935245293432194,1.0009803842680725,0.411221903563869,1.0713795158684891,-0.01072251295810367,0.5056034164474122,0.902266602859592,0.9570954647973648,0.6646143281427963,0.21152218893511202,0.8299740838134755,0.019781024795287705,1.2024944895817815,0.2563026239531362,-0.49976319147997716,-0.3562752431471644,0.2335527632769896,0.2519985347308848,1.1370030299594789,-0.3972086357204267,0.11146008368728433,-0.4684278542819035,-0.2155802929182035,0.8421524882340905,-0.5985825422114509,0.2325703361541428,0.10505545391025486,-0.13379768625771468,0.10787050468307968,-0.761771866726114
1.6281612539017787,1.7621424871104139,0.8224315034390716,2.0090318992958824,0.5960057931989533,0.9932192990700983,1.5058757585388154,0.5568034548444191,0.09135468785506418,-0.02845378289436018,1.8025488749714542,0.5018131131312921,0.6671099753888412,0.196716756891538,1.2198612151494086,0.34698195566149426,0.4836837675347151,0.8701178915902218,0.17887239935348265,0.6116438196750634,1.3915882297729838,0.893675326371087,0.7334078402557499,0.7636894844738351,0.44935021015550025,1.6292033847193057,0.21181592627064172,0.7096919107427655,0.6476525975439653,1.0800185704240566,1.1123184678036497,0.5294234005555662,0.6750851956391687,0.6779673010222809,-0.638782853168772
-0.7379050399047253,-0.29530664685867114,-0.32296625701380416,-0.6910394365790071,0.23451031564856986,-0.187569519166794,-0.34360439598196624,-0.9110621463364994,-0.35090511952171,-1.686369948319365,-0.497478005980319,-0.4257938118316131,-0.37606963352055195,-1.31682399128134,-0.4580712788854035,-1.124726200863424,-1.041472906054191,-0.3050771352768453,0.3167416329484738,-0.6882756179685131,-1.143419709235327,-0.6586511822216302,-0.2987146144288314,-0.470043427680727,0.5816779356784831,-1.153871242040589,-0.6733742240157563,-0.025269505838148132,-0.053837485069290314,-1.7661055119926656,-0.7838779400866928,-0.028088282038364,0.6897611480619856,-0.3859926324248081,-0.9013383799155594
-0.07235973152418312,1.5074285170788062,0.7272476903733415,-0.09724351073538284,0.18830802041444825,0.40735114833056707,0.4859023898437288,-0.2746039790984618,-0.1711214947425535,-0.7300650656925867,0.5764709061365532,-0.15417337114268412,0.209801206750615,0.6478325432427763,0.006859475750552915,-0.19908208249412768,-0.08480093731250234,-0.18887539553449684,0.3644508454481697,-0.14072546631163482,-0.6051179790271702,0.15506637534350493,0.21136529449928998,-1.107051445794449,0.29559104857977603,-0.3201830115739486,-0.39138584195056003,-0.05885814562058578,-0.873403167935136,-0.139102746142384,-0.8293026273064746,-1.4015181680433468,-1.184389142248625,-0.42175484025101556,-1.195991883610978
1.3605780136533687,0.4142701404068836,-0.4342144427222384,0.34192428826163546,-0.3169698959052862,0.6840606433593588,0.4764315587622343,0.08975032293706157,-0.029608418607717762,-0.009714935313880055,0.060727008505322505,-0.369481648428297,-0.7172361583417495,0.5060527623019369,-0.295776083684899,-0.059075292435021604,-0.039120700170722555,-0.059461957632003404,-0.8455406520400148,-1.1340647473569536,-0.62726373158371,-0.17100238689289357,-0.7678518174170426,-0.6153468092338339,0.5928478130705075,-1.4252508405804591,-0.9105378149791086,0.38613157286812094,-0.6122143084306083,-0.9691775859873013,-0.05653043393198687,-0.636427609947622,-0.8596652002171609,-0.6090812931838734,-1.0523121183050321
-0.07650368674952729,0.3412583744960074,-0.14262158289754157,0.33213660860556604,0.4670894873185084,0.6787881179420203,0.7779615556580836,-0.02766290114169262,0.3856810182897275,0.3426639385970715,0.22049911924215426,-0.2230938432327553,-0.5373935240730864,0.18770423348789278,-0.9565068765329449,-0.27651656080374926,-1.4585771835787686,-0.888673409138742,-0.6971986227145149,0.2522174387336124,0.011136542964420515,-0.6458254950224913,-0.03919198611501068,0.005925349305981209,-0.5511333179916375,-1.1947279702850364,-0.6369769720569164,-0.6111166640049114,-1.2061421678481095,-0.43266160677286203,-0.5010089652863693,-0.44152147824108434,-0.5460494541114361,-0.3403442391451374,-0.8129217275501648
0.9008925536854767,0.6008495974258873,0.5066295467484399,1.4666036493701435,-0.22636459178933477,1.2313832967190903,0.4796607889287285,0.41128659613431334,0.9129179593274869,0.03259994373956543,0.36412405704702316,0.3417556151941849,0.6492792280055432,0.3510299519717211,1.5462509183044486,1.6362701435227636,-0.28168148000865556,0.9925190342650096,1.1402270825150562,0.9724275556277286,0.36142668847550163,0.5575003465333848,0.29399936665272297,0.44612511416248835,0.03893524381019409,0.5737328140245679,-0.1335063641148595,0.5041615526467316,-0.03415103017732046,0.6790454977531909,0.22102171793538467,0.6907229767363704,1.070542313265035,1.308423392117661,-0.7667143198937136
0.015144797757620454,0.24651379975737459,0.5930408063312034,-0.49838729936993875,-0.20115999981876886,0.3174364912447699,0.25644318366300345,0.3640145528844797,0.35781157776425093,0.26569943205182456,0.15341741964990868,0.044505748905657866,0.30902192702115033,-1.1829580443274996,0.6690911480491974,-1.2448378699597558,-0.7213425842067157,-0.3338525957846827,0.07767479205411842,-1.793778110480838,-0.3469796312086311,0.02733936660649705,0.09338217433435242,-0.7865509616329465,-0.6212185372817929,-0.8106129626245053,-0.7293581437869016,-1.0780837367830607,-1.0345410536684556,-0.398996542223662,-0.575107205801176,-0.41824957439294097,-0.5785038078447394,-0.3530964561288311,-0.28415071453615165
-0.8142685485988896,-0.4199296267048671,-0.15785489757038915,-0.10273698834061147,-0.4753262569472618,0.2673831058186226,0.7537170618567516,-0.189903531291939,-0.2864621713002101,0.051700557232106426,-1.3489197281791165,-0.4431511760162859,-0.007509212947542865,-0.8563501081422559,-1.1837599371821237,-0.6969133709810418,-0.6655807065089844,-1.1183689691459069,0.3577654092940772,-0.953303187873826,-1.3117016556284953,-0.7997970655119352,-0.3142988743261587,-0.7718350861179792,-0.5470815405313888,-1.2319577546598341,-0.05564574077364859,-0.5188729685880282,-0.27306631913975155,-0.6084862324928906,-0.36975711120231003,-1.2068749448013274,-1.0012655554823644,-0.06465027652220234,0.062464240574664265
-0.5169430385253762,0.13209323243422028,-0.2576388190679834,-0.43991396027937174,0.002138877639479869,0.3818527365071738,-0.010425885646450722,-0.4427407340423235,-0.07120209743173572,-0.5530156571105096,-0.20994270021209752,0.24084720399237552,-1.535606955331715,-0.13614696027168322,-1.3400071080163751,0.010153289341078064,-0.9537507948444544,-1.2728785169914199,-0.3426806151870246,-0.5318699657986478,-1.23446543139604,-1.3794862845608264,-0.8619699369240454,-1.382585685702693,-1.3206149870152037,-0.7383920622825388,-1.2824257811029538,-0.5864588375339784,-0.051845305636817884,-0.8653442561807664,-0.7171235990739099,0.2386997014550296,-1.3493609058262566,-0.1422729767098464,-0.18197793411107654
0.8594005142814034,1.0439307636796973,0.5031643801197714,0.03532520490769214,0.8371728491916226,0.8186789957726623,0.7666560136463137,0.19745639083405145,-0.22212354248647043,0.1920833425496989,0.5277047701180804,0.5288117571724567,-0.23819768137832853,0.09438973701830794,-0.7574647476793979,0.34987820698333183,-0.5734160541170016,0.17215548232616343,-0.8332839421858835,0.2195632881359742,-0.17199987422632865,-0.7595370009098434,-0.05819869313962339,-0.7330669782868825,-0.09602337508171255,-0.639594635868552,-1.3935443798386906,-1.0533785816593118,-0.8051223267766388,0.06790950863644296,-0.19034307717293453,0.14788787797289327,0.14130660531977124,-0.9726411589980863,-0.8175011434930637
0.5943600378347309,0.4639644368981151,-0.12186820010881427,0.7901049749806844,0.1527369621183583,0.7759173613747945,1.847816631433051,0.5316331367905194,0.879516220108817,1.2307289428197083,0.9122812390030781,0.912567532421829,0.5787771402540505,0.6371598085214488,0.2656863143909002,1.1607843897184904,-0.1414305469416719,1.2059018510732427,0.009046170603647652,1.1822385914705023,0.5135746719152583,0.06361378354611535,0.957786016581389,1.12064089727979,0.42487843409201376,0.9914324991813097,-0.5246477557969997,-0.05606931511249991,1.2363442796069264,0.4638026797585309,-0.3703751648175938,0.19599971257810483,0.06805171282010353,0.4307190583288444,0.31191248271270783
-0.24345160476863353,-0.4201908279932142,0.24395455989043507,-0.2717422876297147,-0.30066660887930713,0.010451825087135158,-0.8060435820971863,-1.2788249072625828,-0.07712673502154299,-0.6417386137989777,-0.6651963759657467,-1.0727780824798727,-1.0816957897225015,-0.36288310688674486,-0.3026435570163965,-0.4074907968444614,-0.40303265847187647,-0.5107889722345575,-0.7210347236016302,-0.8617263232183572,-0.15193194783698838,-0.9229202593441485,-0.5260583989121159,-1.0842000843858286,-0.9793020144891333,-0.731677878313906,-0.9762018982211849,-0.13283567925838297,-1.1604338863982975,-0.3888284538195285,-0.32184631366103095,-1.241059899545194,-0.5019178150863597,-0.09778117363911434,0.0457273571024103
1.1446912714878126,0.7200404521704212,0.3739816530479426,1.1980431259450826,1.6503727092775788,1.1806186665608351,0.6043352510207955,0.3145707727517957,0.8544430341895553,1.2139893961058608,0.5786090799032608,0.6211339426252825,2.17097848201729,1.2924247690319282,1.3207559146816306,0.007618932244380705,0.37572094171864584,0.7576985016092611,0.2103265840336941,1.5011336038768233,1.3956395883166717,0.41277545892062856,1.560095997345313,0.6541310813819315,1.9386126168383067,0.7034702901043612,0.9059908667018863,1.3041805503455797,1.2289564892764664,0.8310033499254357,0.4901613386849121,0.8024991527956613,0.12165986314458638,0.5897667834973647,-0.05736579163246591
-0.488787096576961,-0.36828820490719694,0.4055631930120464,0.3272065177673997,0.22161873818396535,-0.445837110503794,0.2189889436833002,-0.863606735322985,0.21004721753182076,-0.5034629709430042,0.42608535259291763,-1.2181066922682335,0.38467489727795967,-0.7155052741234309,-0.7602192752370129,-0.5065911564383542,-0.9837774463083724,-0.7002073288393311,-1.0591283613668256,-1.0644867628594468,-0.491429004764925,-1.2037691536283874,-1.1523263106811454,-1.4669378354902993,-1.0418438405340598,-0.14040144263129462,-1.2224567840268896,-1.1655451151408707,-0.6999561303377886,-0.9764647656302384,0.33187808660812257,-0.8516126473008422,-0.5879511740288973,-0.2660061819005563,-0.2551178001358923
-0.2309755689594864,0.2627884697327482,0.6745046088696982,0.26540423986392064,0.7410490841465318,0.44408540184960943,-0.22506909614303358,-0.4843806292416286,0.057384464355108813,-0.1657120085584005,0.22475066614500538,-0.342432967138891,-0.33105578071846964,0.4632381477520691,-0.02897411112247096,-0.49396037723324016,-0.17294077138695985,0.46898342404123095,-0.11173830935344137,0.0003307396315350708,-0.7090347375014352,0.14435153546593,0.7551742465520148,-0.8336199536406439,-1.0617478809902714,-0.4147677762606172,-0.0952682921016541,-0.6078652974439739,-1.116518170454328,-0.670477084128041,-0.34186875604881967,-0.8675587416612074,-0.38188349381769704,-0.12291036408267386,-0.6031424007284252
0.4182679590553655,0.8127288009265226,-0.06517351657815323,-0.15056496413913528,0.15660006111684627,0.006318162508981345,-0.1876719247455678,1.0904395871738204,1.2219703190673386,-0.08045030563389782,0.10244923620834505,-0.07728554778942154,0.5303900022180471,0.5895260698746365,-0.9917074947812432,0.09540855551321914,-0.8351723463350439,0.6586638814780288,-0.038507638385603754,-0.7078194342623476,-0.4535781632066405,-0.5133467822344494,-0.14132041223697822,0.08307016970452197,-1.0449045397901315,0.4168383522778656,0.26982423688656243,-0.9998322452143659,-0.5535140752518419,0.23921926881931177,-0.02445559909880546,-0.8324143432121256,-0.2783410954112212,0.7933333891569404,-0.6706777226880429
0.4836758742799904,0.8859296655943529,0.9221552023080739,0.5352104644890566,1.016332292881022,0.1658027722782076,0.4571642931472192,1.1654280730332727,-0.0953062084763423,1.228988545912455,-0.23385508983272685,-0.09933685098747658,0.5104889855701479,0.8965307174617404,1.4083233770485086,0.7665732668535845,0.606038477577381,1.0101483058745435,0.2754459527423017,0.7706425341053793,0.09076030604366891,0.720843386050362,0.6032185311168691,0.254123169017194,0.7264380764126517,0.7104020514216645,1.2056214977072428,-0.19858787177059345,0.5521153605240405,0.19550611700574932,0.9956125274949759,0.9223888353951681,0.7836918716169544,0.1617832950305752,0.9400232660865793
-0.7084757030375035,-0.8604301532940716,-0.6801024187763317,-0.10813563076039388,0.19730123045590178,-1.6766449666802925,0.42511429365134557,-0.2174284109935889,-1.1125188611942032,-0.3225540851752686,0.13026285676181132,-0.15766513858236164,0.052509405595681735,-1.2178964242402555,-0.7774822648003432,-1.0663566811929188,0.223552112614135,-0.34436140644486274,0.7331895657474221,-0.9477597640784668,-1.0972090857563632,-0.8243997252742048,-0.07905058246712982,-0.9636020553047684,-0.7276597015999181,-0.747857106049846,-0.7797415833743107,-1.125927712778489,-0.8655626375337396,-0.8811178494061541,-0.7859814599040268,-0.2985902558863597,0.1247536701746631,-1.1581079556350709,-0.9134035454611751
-0.7454234184408073,-0.2919070335757905,-0.7050897963835627,-0.3641181706185549,0.02231104074629331,-1.8350425797624297,-0.36576926208204996,-0.8779797100322797,-0.4504007633454731,-1.1578942067281341,-0.13674148576177336,-0.29947281269461257,-0.48909204889939123,-0.38963141736711754,-1.1677816896712885,-1.1092143770624356,-0.4232953607858743,-1.179168312248743,-0.0639785653116649,-0.9358320166983829,-0.5061466778774542,0.3135649355286133,-1.0641596828865276,-0.6478127099863139,-0.12256091374525435,-0.137961899947027,-0.7381403649772822,-0.7901268107584601,-0.6029847268983087,0.28548561756561697,-0.5276532902620948,-0.2966022641436212,-0.4947991402862679,0.12714333973480765,-0.09087412075279559
-0.0694750606846028,-0.08635521870411567,-0.6364258861372916,-0.08887075185548216,0.686859105397425,0.914138158922349,0.5567782445082619,0.45252144999477384,0.07271068955586805,0.4838594929508868,0.19972887287510446,0.9188603482360362,-0.07258227492940528,0.6082073308226783,0.3339814454725102,0.2251247985824857,-1.1875073384853798,0.24412258331424505,-0.3223856429453793,-0.5181079122984755,-1.0743739898266704,-0.37165172008546177,-0.38710108527076476,-1.0893870932916194,-1.2074409802511226,-0.2592291581141357,-0.09716825149317077,-0.46702900645763235,-0.014497647590815177,-0.6593774954135952,-0.6680905296376481,-1.122556842558573,-1.4656319914720166,0.22206531022716347,-0.15760818848877578
-1.0291737528069531,-0.30758184827128665,-0.4859382231799076,-0.621012824071071,-0.73401133838357,-0.3814921633761362,-0.20257144414665818,-0.4466906010692375,-0.7408710845272645,-0.788272846298594,-0.2664648214538776,-0.5243906526567235,-0.7369233916529961,-0.8041949250722207,-0.6223362012790573,-1.0335768439975155,-0.38874405254050876,-1.3332330217833706,-0.9925243435239494,-0.46848343333485515,-1.3235352794849016,-1.5225640954236819,-0.6795091681378693,-1.5304226626319406,-1.299054273089839,-0.23530353513207664,-0.676625338660471,0.11098188285695965,-1.0888239310945103,-0.4854194483262071,-0.18830808547824207,-0.920917575449808,0.234475047425257,0.02970849891983371,-0.9732801828883408
0.017945011259471053,-0.0870132109449315,-0.7565999940502008,0.5872725222612007,-0.22522757087204304,0.0800539827918822,0.10010312164152277,-0.5971337550916825,-0.42739698954492317,0.29421360505169275,-0.974598683447621,0.6065733911431372,-0.8694635183194382,-1.124531837861956,-0.5043251368868735,0.5001635662387826,-1.5907209577041264,-0.7345506874330238,-0.45218272010312044,-0.6971300181020874,-0.543911144913706,-1.1120029470627666,-1.0680901161440948,-0.8547535341966946,-1.3548225445047655,-0.8185456582133503,-0.9938626108111561,-1.0347510751246842,-0.6366638972792376,-1.7013962953301272,-0.896744181758279,0.3883282178447167,-1.2986151903003957,-0.0951403260580106,-0.6900786726109682
0.1307629402538027,-0.2622639914515218,0.43271787978307796,1.0534885056146641,0.09528063098295703,0.2117771775478282,0.7191844879948358,0.3456407453475736,-0.6501641755420964,0.1458458234214851,0.8127072166669616,-0.0018347309912752179,-1.3941043325797196,0.1308107847501494,-0.20230381520843788,-1.0571440514802022,-1.0213657207813618,0.26708137418479405,-0.6248230262883427,-0.7498928554490256,-0.3507367497035483,-0.6909596522613396,-0.3538525697910136,-0.539246147102552,-1.0707986838510983,-0.7581377974588837,-0.31164415636930703,-0.5412114412995305,-0.6308862136289123,0.35250711735184626,-0.2753961297447792,-0.23782219577750646,-0.7684952065926203,-0.5951931615269914,-0.9388077083764954
0.44536464409622645,-0.04797475354720742,0.06902195563990833,-0.011092574519356871,-0.14936441074097237,1.2804653039023548,-0.5695667610359089,-0.6208402741621522,0.018415686006562737,-0.6706120698576488,-0.5617030312518451,-1.0005911229133002,-0.25124816598000776,-0.2826444872996242,-0.7280756771928631,-0.2466022216911164,-1.5643004967748197,-1.0174695289453495,-0.7753048218368636,-1.3000962458213294,-1.609228498624572,-0.906934388495853,-0.4212191496480335,-0.13948801490383866,-1.0635224421560765,-0.4295945386824588,-0.4812189449375716,-0.19042439538000167,-0.9720126187555572,-1.6903167963228123,-0.7471062038553299,-1.2772455354475754,-1.117312901668587,-0.8885001463268086,-0.8868705487418892
0.8707796334478972,1.1512978977584623,0.6150113629214318,0.995327587293108,0.8029277639391662,1.2607505000811807,0.6956353010984004,0.746842347068596,0.59492899329533,0.6962804799358191,0.38039152884718763,0.32502679537892426,1.147861049739453,0.2114979544597645,0.5861325306358628,1.2454332784092847,0.5529648838635725,1.1347279087249291,0.415372502612848,0.17535315125707918,-0.10692949242906147,1.3359101622489862,0.09970110322436299,1.0298504248044493,0.143944244747091,1.2898191838117536,1.7212858538452256,-0.239036200084368,0.04776159729315488,0.9622032487591013,0.8172529600897375,0.9338937301791974,0.24287417388045585,1.5074670045769905,0.5563127079614187
-0.17623944372724792,0.2714825882919091,-0.2389065509739544,1.1222606319843784,-0.04027942781871924,0.4984996322885262,-0.021337509591420306,-0.1324883052068234,-0.8191533763203325,0.3954895169891769,0.7061803876487542,-0.441347928440102,-0.7959741753403669,0.33836131032352745,-0.9261962699895454,0.46716962345453583,-0.6339592372317799,-0.7721185688719235,-0.13440044292515693,-0.8152143075867486,-0.6864730098843186,-0.19186718676586692,-1.618433052263209,0.38332349057994397,-0.4489808275714077,-1.1490219043799552,-1.04164350166728,-0.06634727228844212,-0.2893885048959449,0.07720532540475966,-0.9822863148396643,-0.5157509096127764,-0.47222704680331906,-0.3576320065765105,-0.15961715189761427
0.44136804707782645,0.742634605668413,0.4938042817693424,0.7711728973109179,1.144736150005401,-0.034014447988392926,1.3446170113812015,0.216714622823999,0.6284440574461676,1.399375712398129,0.9361404520118273,0.9360904125825107,0.16966533445053522,0.2310558281401448,1.216319773819274,0.44319011253159185,0.4818593447154514,1.2023333074094973,0.18593859029150517,0.8355525208753052,0.7119370981051946,0.6782052646810344,0.4089188781028188,0.36632953901023846,0.1047356762463495,0.8724597378624963,0.28381989577930733,1.088601140344426,0.4778622935772353,0.046412072146970074,0.44182455733261977,0.34000420323086455,1.0343036549466702,0.3291998294395406,0.3591827840163686
1.5057733527462178,1.053853400280328,1.630232162561163,1.4270013360210583,0.3519384647924862,1.2879787293420122,1.5525828726888546,1.5527122511175837,1.276177209083127,1.2611662473696548,0.6208050711823498,0.34763439627589354,0.5838696976493623,-0.07929570466431624,1.417089233195667,0.5961154055649307,1.374980645897856,0.10460789327134179,1.2522078234773741,0.45349462534251633,0.04829873086676184,1.4931071536925344,1.221792528711958,0.7621533398347948,0.6608867007112638,0.8508822342514022,0.7152087804963809,0.20809085267506477,0.38411367948010083,1.5559962328768404,1.8968098697208369,1.326767055414443,0.7688639191639556,0.3448254077143392,0.0981950276680485
0.690908482710711,-1.0623491825826676,-0.1234453224701344,-1.1876221372416442,-0.6887857485065164,-0.5892834022350301,-0.07681336601259148,-1.1864695986626042,-0.3489203729139749,-0.7002706261590604,-0.5984752867722212,-0.2769467643721841,-1.4145464696733565,-0.3809467896978706,-1.079423882629914,-0.2514657722293777,-0.6322346439256739,-0.9000679316229647,-1.0818090731861192,-0.3623889838802018,-0.1266180300673012,-1.0024855945290239,-1.277551288743188,-0.3350880639360926,-1.3739179670807582,-1.2663568131767784,-1.1055828476215526,-0.7394868335169079,-1.1545827052335054,-1.4078432202008537,-0.9558224592506832,-0.014422887099044324,-0.917177940887939,-0.3957657816402707,0.8047125916381572
0.7754129349864548,0.97098523441345,0.3258591454336385,1.8792162608391765,0.5248725144046991,0.6789509599161999,1.4484605656352412,0.6954385625290643,0.8060736086323909,0.636560589520502,0.634719403991511,0.9515764438647267,1.0364499516971435,0.43147458044578163,0.36265134741134963,0.4331938408450051,0.02868827426549192,-0.0748574473775071,0.8594789365887228,1.1702328560197324,1.1260060815939577,-0.5114475089556737,0.5456041505199404,0.10521115194562325,0.7157864770542106,0.4222154654371526,0.9138504446599696,0.5946522845601298,-0.3578611330863828,0.09209438045771867,0.5636240558201568,0.5904880174146449,-0.17308645476935713,-0.2545299277077543,0.5254106434031209
0.0002323964870345474,-0.14742299791478863,0.4481430542705971,0.40933143853373893,0.19624007959587292,0.2645288129674775,0.6033711013353805,0.21555586501757934,0.5893284614377908,0.3412785307726209,0.5920937808038025,0.9233844234417761,0.8792105976847178,1.0783251395451374,0.82729185636156,0.5008989604000258,0.1377483255345921,0.13290949129921395,-0.14025058051493672,0.2723143011487821,0.5897602302170789,-0.15110285660431444,0.16347696973597126,-0.1865064268769535,0.22671819818049388,-0.1829627079396562,-0.30847243638790156,-0.3092362137775145,0.2518308601222049,-0.078789133298633,-0.275161740879792,0.039304025676664384,-0.3289700818124356,0.4114111399300625,-0.668694752601098
0.7065142435913592,0.09733712871515299,0.625441958614368,-0.042338914864209376,1.1686780202534766,1.1762551856447476,1.1820163135137969,0.8007419250431077,0.34219401493973733,0.377234433897092,1.537221620630385,1.484163990350579,0.8212559355734763,0.4952817790119016,1.4300032868340697,0.39051030458138175,0.8437398854133298,1.3963363345813709,0.292726113143955,1.115546747250732,0.9507638329432838,0.6597898564968749,0.17141989447501277,0.2940372496902647,0.7886432945691115,-0.0805411725988503,0.6832664210468002,0.874754321791632,1.0827499007771122,-0.12354122037262227,1.2188551469874669,1.3931145498890694,0.7348277329394408,-0.005324366647023515,0.333233330436411
0.4084432221352583,0.5332885926786599,0.37386767346226313,0.4673725241546344,0.24451282491177753,0.3848114371723365,-0.016262647680987036,0.006111991183198967,-0.15203887091814106,1.0550319827459291,0.7885401544213237,0.29428295724928183,0.6392948807928382,0.33593395844355417,-0.012440015679392291,-0.8953825150294354,-0.3128436358170397,-0.38799114346878627,-0.8251692400368811,-1.0392258023843377,-0.08655779595420138,-0.20660599191596374,-0.9875753737136921,-0.8108253856023118,0.10981024277280493,-0.9413871549364716,-0.4476213650569581,-0.6570596112028337,-0.3367332369019652,-1.0442388295660612,-0.5958731536674935,-0.5796815395152389,-0.5704205995805478,-0.6657288277213224,-0.550953053316594
1.1524749273595678,1.287874086887867,-0.36177498921873064,-1.2505197157731904,0.15746668032274166,-0.09550249972489709,0.29426380730324253,-0.14054155922514736,-0.2993307176364562,0.1914257276185521,0.2183904436295226,-1.1506656756259903,-0.905330219251093,-0.5875695891860391,-0.5212608352688491,-0.7170021676072768,-0.4181344009770811,-0.1659904335296276,0.17103962662896577,-0.42449848548340335,-1.1610388191417658,-0.8266745185755386,-0.8059053138081829,-0.523222090626515,-0.5957944838364189,0.22899586806249905,-1.0302465316028597,-0.6073532156638483,0.38043859529348956,-1.0836699971822759,-0.7096247819815246,-1.2427889155247216,-0.7145168973238674,-1.1279991483690381,-0.19400628132164444
0.5059012742102095,-0.06964179167776519,0.7831607460362977,0.4166229721431196,0.7662955921930663,-0.3215734240576594,0.3984112690240006,0.5618761969967876,-0.07571503079767541,-0.5330991479901823,0.03578601364896536,0.6306935091329382,0.5396055474759972,-0.2775109284231754,-0.744618313624641,-0.35818670469438,-0.41600050112042597,0.0027511941927783334,-0.3111324049428634,-0.6727767709496006,0.21921406439262003,-0.2986452193789531,-0.18616905731441566,-1.3003788494498507,-1.6829333291529196,-1.2213117889003953,-0.7732925298272472,-0.27399245261193883,-1.7610384076366457,0.18024102894814764,-0.5556318790524839,0.01610466828677737,-1.1284960439322222,-0.45333578961638354,-0.6806597486282553
1.2088431565272773,0.6828240557487948,1.0354867590632093,1.3485764933747055,0.4699316120280258,0.9141254183867831,-0.1539998919596154,1.1375571944875527,1.7594604890260281,0.15518672604071915,0.7264449628061531,1.2065660889077376,0.7756870938313658,0.8356485717986781,0.5501918547229951,0.5236857587298294,0.6859682045726866,0.7411933929518197,0.12017473218761399,0.6679239614591618,1.474750404376012,0.46998123081820314,0.04950920260425684,0.5805490957486893,0.28661135208163385,-0.038043687819126704,0.6874787224039858,0.2490878111852614,0.2777827309459243,0.6523510070501835,-0.20585579927433728,-0.32535202232646077,0.8651880463336097,-0.45171687629673474,0.00894912696285416
-0.46767792299970695,0.1549886048889654,0.5769062709660446,0.38295892707351425,1.485822898309981,0.7957156988107152,-0.2515798621786307,-0.42332215273877205,1.4893176848079435,0.6276882183605745,0.35127456496894827,0.05406176835028288,0.11340116589647753,-0.8043333487866002,-0.024556010338035963,-0.10698114579008641,-0.6338310973052097,-0.48973542424384975,0.4989565432309753,-0.35873212522846093,0.7026681820288414,-1.239197871345062,-0.66494197679276,-1.2115254080076765,-1.0755121207501939,-0.91664175100784,-0.3753660036385637,-0.4287573758786496,-0.9295601322467993,-1.730084781906137,0.09793154407852944,-0.8069251862063558,-1.2436560878457275,-0.5678003661675852,-0.621035128352062
0.2709036121945292,0.47232234613413393,-0.2146380230635473,0.7067463742955677,-0.20854734379709622,-0.05052693773550099,0.5383999709754576,0.7771848321795501,0.9288609983433622,0.6243013347271792,-0.10544633056672861,-0.7538806723077576,0.6791681749604157,0.6220512834071008,-0.43906367211316777,0.31799767439268645,-0.347850572719839,0.530166244296254,-0.5160639846926938,0.6931809786932221,0.060142804561408914,0.5299142692416232,-0.6357755185048257,-0.23537133016212064,-0.9554404929764593,-0.080544272118593,-0.08350005060529703,0.6363414976817501,-0.34889507382317203,-0.25413790198479935,-0.8763300806894379,-0.39335314187055836,-0.8754566070389497,-0.6473353772816289,-0.6359998828407514
-0.11956267534042289,0.038697746773310955,-0.22981450368208,-0.28126378811386055,0.39805135571289063,-0.10092190876232456,-0.0627239861884091,-1.011636893575574,-0.11690352148412078,-0.10781583833244018,-0.6151691619217748,0.5851291918948547,-1.6416407577733338,-0.14258954165642668,-0.2140772447537097,-0.3332190999314467,-0.5471316370887125,-0.388703166875659,-0.2562274889534514,-1.0768987892858501,-0.5852741688251661,-0.8446448269882815,-1.3151133932911585,-0.42195722331044994,-1.0720587128954067,-1.5451317948829892,-1.0690452943262299,-1.1991779315938151,-0.2826775989835012,-0.7144699784514363,-0.09100775722173216,-1.1036267805792366,-0.31847541118933353,0.6819208831037391,-0.5393904995037475
0.8630662758560882,0.7448156704260847,-0.34816076657245143,0.6196986014410513,0.44311436390612335,0.12238419821706034,-0.2280191242027704,0.5221969698379517,-0.3502281554851178,1.1632250178348418,0.11367430307822651,-0.5950176616507779,-0.2803577570052005,-0.20236388019029572,1.103112731525503,-0.5848913179243419,-0.2398703073801633,-0.4893863823921216,-0.009002410699970653,-0.5570863719335519,-0.9024458023075691,-0.46650544299946956,-0.5535738053460076,-0.7340083211962238,-0.7402060732528354,0.08980900076231024,-0.6928909241576114,-1.1292342926580594,-0.8209729543329247,-0.5890171735051497,-1.309049710713224,0.14894615181502158,-0.2517212639420218,0.009820615106760688,-0.5271936508698076
-0.24684872506505018,1.5673865978679102,0.3670949747044686,0.40638546198805625,0.8736823309516353,1.4821182254770329,1.3165747936277588,1.2394462450438843,0.6262156908575067,0.6136009868690109,0.945107427010158,0.7012900178089145,1.204637310762767,1.1681576282996784,1.0413622360711672,-0.5252187556109026,0.7933094632040081,0.665930741515791,0.7949081638560346,0.3237726351589727,0.02809047982173629,0.9111173676001754,0.48998603517553985,0.9436036265957024,0.3084605693013966,1.3390825450881814,1.118426912823057,0.7526423840337406,0.4834956076795882,1.0018417557565875,0.757005406025533,0.664724896764404,1.0511846538624483,1.2269680012686268,-0.12891761762624077
-0.09295020898039125,0.007926475573982683,-0.388335401681314,0.29541568992275036,0.589944431203592,0.24154874244004665,-0.053061757906777945,0.7384342282390123,0.20625191592356767,0.26789369917705247,0.6337071637840423,-0.044985107183092926,1.006747418471309,-0.2872042129812701,0.89589850682003,-0.6299644354758039,0.07698077568575104,-0.5417382818627289,0.3011514049997435,-0.5352609690102439,-0.18748187391567098,-0.694129151122155,0.06473570315342109,-0.7657617627037868,0.37090652856705775,-1.0005374516588865,-1.2058347761879327,-0.08639442237930006,-0.8857367925647575,-0.6198036599626138,-0.8020354693554074,-1.320346961764523,-0.7240078347643268,-0.07280780921647789,-0.22168921196086622
1.3249717997625068,0.824550417402762,0.7429208119598126,1.2730072652298383,1.2949508391380207,-0.6627716575183662,1.1114278040182257,0.8002889569451872,0.12655730640129526,1.2175118197271553,1.8952295997992574,1.0447234118645712,1.3101925782265227,1.655158342034267,0.3305605001247886,-0.19102383730967187,1.0577483130201268,0.596551913661416,0.023808636790497384,0.6618499863642795,1.054257121916659,0.6050622952304755,0.27472287867405204,0.5445035995936475,0.6341795254931094,-0.33361390647119804,0.5465070149523288,-0.06794140631164547,0.9196527903831099,-0.20488397093590005,1.067077600682298,0.34085026819213093,0.25826409569663783,0.6609272227162928,0.06427075200483551
0.19596263839919437,-0.3588291888418711,-0.3205341749877544,0.11127885906762672,-0.7095713369054365,-0.8207973805567087,-0.11214436858337673,-0.29643443532749825,-0.24428631499461972,-0.20920795195934877,-0.38731207367390785,-0.15333933425195667,-0.448308982191972,-1.5384250593793514,-1.4444219445620687,0.3599640241898887,-0.6352020563785925,-0.1889220023296293,-0.8631671815449362,-0.7429625445668183,-0.9615543070506327,0.4799772597540529,-0.6416079819963332,-1.0479711633701934,-1.6156483572684852,0.1906642638746705,-0.881129156589557,-0.4276139227664513,-0.3689184584252834,-1.0224818104456606,-0.44597274237362416,-1.0724178083385225,-1.250773528157291,-0.1556582280441111,-0.7965014229784173
0.6914982614958395,0.6035173352542671,0.6818428771681064,-0.4514785143934865,-0.0027590620768460083,0.09002031116800246,-0.2017402735510754,0.38970877368262713,0.7294202531181415,0.7689945431670422,-0.11301262127077949,0.1626187934714275,0.19946213440401858,0.24733133605637758,-0.5421431319727418,0.7676932896128894,0.2814984164187526,0.2558524743866102,0.3430983749593957,-0.029076693948037524,-0.8465741807632001,-0.43834451887892356,-1.229403581210844,-0.23034987753467503,-0.5554077228870501,-0.5228000899416572,0.06897974801896634,-0.7906674806970728,-0.7159765518190349,-0.6051983552562379,-1.5609110171443632,-0.7970746560691793,-1.9284084588382495,-0.9980265376504985,-0.2956631869172353
1.0236332791255345,0.5023095843216153,0.8192782636713212,0.25998405042390293,0.7943480573991534,2.258163444888213,1.7128318868375245,0.8126167499645044,0.8622012997524706,0.2876220925977913,0.3712410390445995,0.947417599503028,0.4975320742798481,1.2051735934778562,1.530534415973693,0.9040722776643062,0.7801838842853394,-0.12003213057318429,1.084700485612294,0.129099303662647,0.481478870704639,1.159336073805223,1.1830157761960867,0.4230033660668441,0.43945999068378905,0.2814677882135071,0.018967618874719983,0.28683108870867946,-0.21642519508478253,0.9171686076116214,0.7579933009877678,0.825697445234358,0.052549923795072506,-0.08383535769222139,0.5240451117733116
0.8320512824751127,0.7260848257921807,0.6541375199654902,1.652866722836299,1.0085322648704027,1.7783424978752036,1.4244137393673755,1.6379411479645465,0.24489783411678234,1.0739902454140817,0.5562528485234381,-0.06536791722908553,1.5079799418758535,0.6062525331992507,0.21814076035147223,0.53047995364944,0.3312032199784664,0.37350869807380793,0.6000936678849441,1.5663425509545477,0.35732482674903604,1.5091834597222507,1.0925550920313314,0.8543929115349457,1.0179777742697196,0.6379550567605717,1.2609195434693885,0.8877189613943508,-0.2421931781401947,0.7237632828024715,0.9527180699031376,0.4009321934984931,0.5928798854396102,0.20727092672810316,-0.19152485341524872
-0.3429465907711082,-0.3704771552210502,0.697399268375728,-0.9183509014808384,-0.043353759900401634,-0.13056875270647395,0.07291929490593763,-0.7530104252936681,0.33791776169050214,-0.5401784815860562,0.6227925316887968,-0.29424698155194223,-0.07116612954699122,-0.06140978276778395,0.019044930993866102,-0.12408965577152255,-0.3953169501207856,-0.04894793211258877,-0.02555808824332559,-0.6787119986358399,-0.11973355975093541,0.2270019980994778,-0.05092978562760975,0.02830148843937652,-0.38484046935055394,-0.970614121215631,-0.9378430468756818,-0.40222647749163737,-0.11853310985684146,0.7767709537591818,-0.1500039202182451,-1.2492607069369286,-1.069147288875149,0.4339929012753704,-0.8304521796020381
1.1919309361704882,0.7630968845821802,0.47673145637844105,-0.04021254443724959,0.7885558164608775,0.1926032340147025,1.0014662197941993,-0.3153382819729075,-0.23901104966613534,-0.3272327566159209,-0.6844694238828442,-0.45188648035340734,0.028248512041927753,-0.41939722347070085,-2.0312632600567184,0.3945398041904672,-1.0238085404281725,0.07414194498370816,-0.24302435865602032,0.7625417431291415,0.16556127152359595,-0.6211604508438573,-0.754908664857542,0.3134777080154255,-1.2087364423549825,-0.40709893021883725,-0.5985810486486953,-0.7337834957711811,-0.4131579802087839,-0.5214050729835081,-0.41221452104167483,-0.5945550020065358,-0.476670300186534,-0.6585831602368316,-1.0529711572218061
0.43424247481280953,0.040863558461371574,-0.02731140522496328,0.15871495134845,0.23017462321341772,0.2698705430901204,0.6721884765813352,-0.07402669159598849,0.2343996775576031,0.15541607246580275,-0.24772438239887024,0.05350625534574639,0.4780010897476256,0.029956397396312853,0.010216369077233986,-0.49526100999092737,0.8026677498479684,-0.544650382620861,-1.0925233837645416,0.1339473950280085,-0.3903259890619269,-0.5203790635749077,-0.6766537738856496,0.49797117977370187,-0.2935057545019354,-0.2276632873556489,-0.4517130052327256,-0.4271456546962451,0.1093973328467105,-0.7416123338516935,-1.3693836651979119,-0.2300155010742893,-0.4371601965739619,-0.6512758502601076,-0.4878810928397558
0.614627889852913,0.8100660309757832,0.73302902762946,0.5017347054536472,1.3901061505264147,0.08687398843305805,1.9703723125580421,1.2249867895591116,-0.10685855005639211,0.665321585169602,0.6878626350683458,0.9622687529217371,0.2652892217282305,0.7691114677361739,0.685131876423491,0.3689527039870673,0.2909391656297601,1.1797600052333201,-0.1373959070450279,0.9398744224802018,1.089238588460411,0.5702689584434473,0.6943231139040688,1.2380046295905933,0.2914920027817537,0.33030101039728105,0.3701526509880213,1.186891629372441,1.2362866878149155,-0.12230780037432054,1.0638518720626484,0.9548869559727436,1.3065493543075577,0.7062539401284965,0.47515791447724315
1.3726083432858296,1.149171635299536,1.9213283616337782,1.2768327564700197,0.8722937471858712,0.2059511119538726,0.4994726380544996,0.06832819594186579,0.6745981992643517,1.2404385465314895,0.7703000487798669,1.2771880728307172,0.9287652238175973,0.5515526511750604,0.7895041530697964,0.9738102308013348,0.798926980597184,0.7956997963080985,0.32637030918291565,0.48444682181106813,1.819713833098671,1.2937813728244267,-0.06878375436328721,-0.5272273490112782,0.6820139688681432,1.0778636720548382,0.3579235728265718,1.1150581938597695,0.6199670968761039,0.49410667699400157,0.9387890864944208,0.2794949063479672,0.3863987881808173,0.8487835551305383,0.4815900060835194
1.4051913045308817,0.7542593379867556,1.545881778413188,1.0678929391813514,-0.3808734759687661,1.3817885092166902,1.246294633211463,1.2619719880111462,-0.1733599719778457,0.445909769279543,0.47778317624173977,0.34576475467048473,1.6309396230450597,0.7472148771402483,0.7274111041702291,1.0137660404316762,1.013966115310067,-0.9470886734307733,0.3877165944015872,-0.005459334463462251,0.8906364815987587,0.5351019204456318,0.675830476292205,-0.3830027447033588,0.4889916457985331,1.188692350758251,1.3226192330887594,0.9636605395311503,-0.07759283235149761,1.205338218353551,0.922732625906838,0.48683828576683236,-0.48276620817222815,0.9904973993965652,0.20120480962484194
0.2296726718615528,0.041422128820645464,0.7270305733937694,-0.15408171859569522,-0.14783776508121904,0.600678965563785,-0.565368244163642,0.12417691662108254,-0.42794054883854776,-0.8742985513225239,-0.41541935721696216,-0.11153308943149731,0.1798277943069544,0.20257388313114122,-0.7178616843439072,-1.0976351819472594,-0.7946074396967637,-1.2548082048532554,-0.7990083284396509,-0.8847876391797324,-0.37112687783682824,-1.8559539959338185,-1.1350331662217241,-1.1433013628380524,-0.19631487434937722,-1.353124646193764,-0.6861612841509085,-0.8637926897571406,-0.27539584016036545,-0.4931506164752016,-0.7215772641565125,-1.047682102256748,-1.6817315986925212,-0.6143477464565147,-0.4521618338023812
-0.7308440449031643,-0.6096218836619605,0.08399806786046825,0.07817261750699409,-0.6356046250842747,-0.4756610864595493,-1.154501541573761,0.4056474428238109,-0.9785698910835419,-0.10189787469578376,-0.43348019865408866,0.18741116357688842,-0.8931541720686795,-0.5041467543715064,-1.4196931018498158,-1.5732739844010295,-0.3370711979752871,-1.5565557477230287,-0.8044239959486637,-0.20830727338339328,-0.3615295518678712,-1.0852791499509262,-1.5624807613824907,-0.5257947797893304,-0.11875010912329953,-1.1273214968260672,-1.2011463931789637,-1.062179463981749,-0.5111127481749986,-0.1768077455230187,-1.4020025357569634,-1.5194895696250403,0.41443781382864087,-0.8265519682452368,-0.5909603352221626
0.08627642438569233,0.6430379930397396,0.8429073344912231,0.47668803849379077,1.1603152420885563,0.088885594945669,0.08255782638198167,0.29090852531314115,0.3684545370732414,0.21037584652519792,-0.5856177521433832,0.1728934453402546,-0.21044641024274965,-0.35378521808270985,-0.08683456805979806,-0.6233581881842009,-0.7494573376910854,-1.5282066774615353,0.6149870107641429,-0.018279005529528547,-0.39129952989086647,-0.7024697715446943,-1.8418930247030945,-0.8021505704949593,-0.11286772522223859,-0.03145174638125692,-0.2118748202222085,-0.48297448354260897,0.06202210053269286,-0.7804536142821161,-0.0983204343703663,-0.8563340500482842,-1.126081657134039,-1.2081222469138895,-1.2555059242001254
0.38612377573540496,-0.3641475870462251,-0.5586813413428416,0.26546938423373906,0.023704225197871298,0.2926672617473708,0.020042633347851585,-0.6595402991814618,-0.290581479165022,-0.3104610749352205,-0.8755791798143997,-1.0096981332824875,-0.8373879302401535,0.48351806879434023,-0.7768516943419153,0.012422829762204546,-0.869568244647923,-0.21962341841818162,-0.23906940095247464,-0.2376597433938309,-0.5409583089107317,-0.06430311658605381,-0.5790522085020404,0.07622265405304507,-1.5998384021476066,-0.6220593336598463,-0.6578281677075721,-1.2679884054499955,-0.5071249926966872,-1.5361078865187843,-1.1092912929468666,-1.7698925714116176,0.02375291134382418,-0.8536653212728651,0.3660352843408382
0.8337168079542594,0.6221059449888938,0.0697630499999623,-0.19638506513638398,0.5513719905298116,0.2165008852797239,-0.4556360948429806,-0.583223858579726,-0.34337815025159907,1.0068858281270086,1.1632287203398144,0.11913043589692886,0.05111178027961315,-0.23145689696014762,-0.570318269591171,0.5449926842840284,0.7550265211940983,-0.6671817403792532,-0.30005084270310345,-0.5210778154361136,-0.5430370066702025,0.22409597461356084,-1.059857656362947,-0.20465128691606402,-0.10668184015134391,-0.573614484979101,-0.08648690353047289,-0.4883445411501181,0.01864998814505947,-1.3772876557007732,-0.8153025229409816,-0.6999493996136951,-2.0216146949308325,-1.2482421234918963,-1.130057340793042
0.5306927587458372,-0.34619647465498615,-0.45120641247835835,0.3173446647311549,-0.9492362929332724,-1.2242507633973163,-0.41705327232322087,-1.0068378931219837,-1.0334723347291401,-0.08631067447606816,0.021987068378891084,-0.06295353830942857,0.057361204472315186,0.08579405046570088,-1.6347747516446063,-0.37880458596641936,-0.9000420896928034,-1.0377549511833957,-0.4101079126270456,-1.5791027373177289,-1.610426282851371,-0.4362000339357709,-0.5243361844229554,-0.7121758826813396,-1.2298352029149584,-0.42428764020219345,-0.45933851794516745,-0.7570762250235228,-1.385577624213442,-1.0036907215952287,-0.3632822913044808,-0.10675305356182041,-0.9188286488257473,-0.8627270582043485,-0.7982512870798482
0.5696883491499978,0.10752318828336976,-1.08421563164533,0.9231744535308742,1.1872306771626135,-0.05394203988664131,-0.31932762155971717,0.10665508847932212,0.0422217724558064,0.5941615040753729,0.08390948215668126,-0.37967555294311767,-0.6825643431200555,0.36952038136444965,0.19668002514570485,0.3876830945263158,-0.6658550511150166,0.6987462523045544,-1.1304789070194212,0.0586558456197101,-1.2877088528361647,-0.7640238439506041,0.37663458154409346,-0.022204005146222394,-0.7439111015478677,-0.7619574195890354,-0.4827097616061382,-0.30509996603848183,0.0358747189083517,-0.8443020055420932,-1.4468074241811477,-0.5855585146637977,-0.9142264214493553,-1.3555826090768526,-0.5744232559572517
-0.04996711571223225,0.1604813017372114,-0.4893890189189599,0.15195703956580842,-0.7988300684157345,-0.6024944245238217,-0.3577142378321865,0.5879246983970512,0.06377999687493113,0.16556868181383572,0.2925386660941737,1.3440304216699457,-0.4762325919020843,0.1754273520232279,-0.06416202003017024,-0.10599431427738976,0.25188181911206653,-0.8736993436804159,-0.9396577406995881,-0.5540722406289224,-0.8262218658761544,-0.593735979477543,0.013145199348101433,-1.019615571970234,-0.9422179818502552,-0.7090469557299669,-0.9136491769879902,-1.7567313965539935,-1.0869809249280262,-0.447379927611723,-0.06342575460037891,-1.3476579487315772,-1.3352015467530047,-0.7227736729415495,-1.755204265506236
-0.16589534015940138,-0.8607958312733826,0.6423637310958629,-0.47606380277214316,0.6861361231312685,0.3681319470536393,-0.559415771137256,-0.8189643275058447,-0.42540556198311,-0.42535088244916075,-0.24292637860119778,-0.8456572910005806,-0.12382968892019974,-0.4021090820417502,-0.7406772255890728,-0.9600308936401643,-0.727680481457367,-1.0724934541019622,-0.6610958812896045,-0.6712356547598982,-0.6040183381770412,0.13013479885929746,-0.8344515530281905,-0.2782432770548535,-0.6750848020655391,-0.9153246084424826,-0.8590695989510224,-0.8291416871312751,-0.6570332497144483,-1.27072693133996,-1.5148693217891855,-0.4431999682255761,-0.30649843084695355,-0.3650726578988159,-0.6399207237890813
0.12292686932115227,0.5750452808452192,1.3092037513090187,1.041677382464763,0.5813002383094084,0.32797476999657404,0.9145337407132555,0.5725445111969951,-1.0108572968651377,-0.43056320843371776,0.22565992401312815,-0.8768479205330122,-0.4721541202194621,-0.41320418287437416,-0.23115854855933674,-0.2863119486326975,-0.32632188933788303,0.1921815611605465,-0.3912435862160698,-0.48845973111664664,-1.007503521309472,0.14331494789154214,-0.7396256406536291,-0.9814012963848547,-0.3642556063697912,-0.8860095293697228,-0.7959971869210063,-0.43294037425930876,-0.7531562843227747,0.5396196844124712,-0.6783291640971459,-0.35512371874856674,-1.6563580264416304,-1.135590322659994,-1.2667145610720052
-0.04494801695680256,0.6058258352318828,0.8806594310291668,0.49910520502458133,0.17656389179818444,-0.06316962943999477,0.7707989384929244,1.2108330767518642,0.20350156671203826,0.5660837475296795,0.22827493623189984,0.39438831547526865,-0.6056330068960892,-0.3073648511164491,0.09465912458637213,0.463648627521396,-0.5908287865733071,-1.2371217529796739,-0.5077638667114273,0.20892069209309533,-1.1248652647816386,-0.9573180991671624,-0.32591759065433024,-0.49587175876494893,-0.17356765302766303,-1.116902278400981,-0.6955101141081932,0.035422239782705645,-1.1863630692513885,0.1222711449172883,-1.1746233853818913,-0.23935203949937223,-0.8719902578017207,-1.2777198855221172,-0.9717072371899482
0.9745306436017953,0.6834647178848587,1.2299480163079397,1.371424514670505,0.0439249856065983,-0.01173728112521355,-0.05594364708623767,0.12603926883347938,1.1060872110152435,0.8116937741646555,0.23575491664925885,0.4787303454120364,1.1617394275723896,1.3882253295016556,0.5379105746343809,-0.9480203973945757,0.503107691734651,0.7941640174779997,0.4109542306310058,0.6333071149903949,0.41959917809130365,-0.4055917639037368,-0.26103331761387316,-0.008401406081147061,0.6547484222058624,-0.2912130501249913,0.28923416584294837,0.18259343064909664,0.7932651057389867,-0.051254319698162826,-0.9383300850179034,0.23203700685144807,0.9473156327383919,0.2043438655204391,-0.5755924716596733
0.2590270604105176,0.32323532279495065,1.800535094750438,0.6338151137283877,0.46419806205989966,0.7137849800783416,0.6314777023487079,1.5701308648496255,0.27489047178663184,1.3677263657452903,0.8331816412456671,1.3698386951645236,1.551287878965116,0.7954976130086128,0.5881597706852316,0.7708513012063383,0.6819299453628103,-0.10812554598722246,1.4871355498688055,0.8238274631227713,0.10893384249582183,-0.35421353248654885,-0.49566292242360377,1.0414973480856542,0.3344289739402345,0.4036768907892764,0.8619716238070873,0.34620475170991105,0.8634020223993184,0.6232693490458466,0.5186667068322119,-0.2409424000466428,0.11988627086321407,0.8149676068587397,0.15627706718450585
-0.323777162054343,0.13342430182833886,-0.6113982144025218,-1.036247118895891,-0.030480129131470773,-0.17801219678761965,-0.5218421305071448,-0.9243328203879893,-0.18376067394229834,-0.8681150896052845,-0.4854720260100657,0.42510028082773116,-0.1714322408936092,-1.2193394407325484,-1.207905432737292,-0.5281010195592732,-1.3228983309375346,-1.6649055688053211,-0.4241292230830366,-0.5534871202094193,-0.5095728142756447,-0.6214688150676775,-0.8008845490146018,-1.111636484455425,-0.5318110175094184,-0.031260713290680364,-1.0501044676971323,-1.310098587651399,-1.3644768132841758,-1.224431665397334,-0.6808998678286652,-1.8401624467394941,-0.5359751349214202,-0.4159340691521393,-1.6164459130387576
-0.05734837344428784,0.4378973282360885,0.291142031988263,0.5866086868416212,0.21931779282315594,0.8846426533036975,0.05341436337782887,-0.31631114368544366,-0.39574721881068536,0.4641364701347378,0.07140033231262048,0.3334938126050714,0.2832016317735611,-1.0732216374273074,-0.6731168959481416,-0.652909364771504,-0.5897937700003509,-0.43064986074787337,0.24094314381779025,0.3030965111109199,-0.47936288433921237,-0.49449858376374245,-0.7565937457085292,-0.393292283764945,-0.3695404524373084,-0.09930112067705865,-0.1338014540325828,-1.7132294869533689,-0.6661874462515557,0.07586501220720587,-0.8599723560900054,-0.0944219190065334,-0.8387369027007523,-0.6178040229816469,-1.2917030598132235
-0.49303451744909504,0.3699709846338215,0.3987422212749627,-0.07818377249669456,-0.7540430913574407,-0.16672645137192293,0.39236035804859115,0.5884487259430742,-0.48698665356227294,-1.2029614954489543,0.004181949199990875,-0.5953671944629915,-0.025506804900781388,-0.3942369970328903,-1.0122017001120658,-0.5748883856014622,0.018931193619139863,-0.7386198226717996,-1.207717810454087,-1.5082770816681814,-1.1209543233475368,-0.9580545368621204,-0.3582296252197748,-1.3409668445229057,-0.013002557688572058,-1.4647785629138514,0.366253082303013,0.06303079582998561,-0.7263339788845603,-1.6149133161152713,-0.809911161057913,-0.9637691439559667,-1.392703958663045,-0.5923857606764962,-1.1292282979951396
-0.30086316219062836,-0.09461411878386353,-0.3296213331782214,0.9476800829580736,-0.40813828653802,0.03181177602170754,-0.16349587618336675,-0.10660939645336998,-0.11408848559384974,0.06765317298300205,-0.2827768127680773,-0.3449377487923311,-0.46778859144723156,-0.6039820357116872,-1.0263785880614795,-0.6344447546412533,-0.5146043022752576,-0.46296054990178026,-0.6001728422362801,-0.8304325040941201,-0.7634119315131598,-1.0298096482520256,-0.6116171976751223,-0.8911063245741556,-0.6995980314546549,-0.2958009358019794,-1.1541694187966152,-0.5013807920920078,-0.78031201363587,0.21953025105990231,-0.890349294298457,-0.42276637338718065,-0.7478836212595946,-1.4320428284569642,-0.9777512808268898
0.8724773974087086,0.18170960800924502,-0.7472512602793451,0.31108844424507404,-0.2562819453941663,0.31816675621457435,0.989572603598679,0.5599340050758849,0.9043016286901817,-0.18435379522835246,-0.01499340548360377,-0.5055822361614158,-0.3653813403610786,-0.5267391271884772,-0.7564370800423985,0.5403314681460766,-1.2277418232676809,0.464597254942668,0.3643978089693129,-0.046248327341530726,-0.8901711032847486,-1.1599457088229739,-0.6780787243116682,-0.12532590421425516,-0.4692690750839396,-1.0242886457255702,0.04108157530438583,0.2800212026719259,-0.7032145544402953,-0.5615165514391731,-1.3953392342522948,-0.8712361862426953,-0.430291013694661,-0.5278374865737402,-0.9770916382185024
0.29512009045628834,0.17445147004110564,0.2236445402812694,0.5384073539663893,-0.6938823391032223,0.21508313251225386,0.38898683071251444,-0.1100369931461054,-0.1036928076622479,-0.12879500491383147,-0.18293522543441768,0.019577751167660674,0.04114176116586081,-1.1135538691622868,0.2233645902997242,-0.28759628669307324,0.7847199119797973,-0.8162964669089645,-0.6922889078679685,-0.39759915437266025,-0.1263047443946962,-1.344241816787121,-0.8184269097379394,-0.14222605209729544,-0.9448628670205479,0.18247429000992244,-0.7599626164483955,-1.0118570620897915,-0.28479284353823686,0.1876236901743772,-0.4327167630655987,-0.03382812857654849,0.15280666762332396,-1.166195096666418,-0.2540620465838557
-0.3294934099572619,0.610508104206574,0.3272179518830523,0.948265054228357,0.8760119600737595,0.5371495651834162,0.36321301264107897,0.42938968803540856,0.16685915000846563,0.06580434493994147,0.7778788474603837,0.7980807720815621,-0.09418921669213458,0.05552149045998524,-0.06224798305003269,-0.9484460654881908,-0.3499794645604729,0.5793799030644412,-0.6335195910067082,0.7611270660696212,0.25314568555697725,-0.16810907782826576,-0.1234552406916758,-0.8964894805517298,-0.6034152699166278,0.21816065698268838,-0.840285486610626,-0.03160458294444357,-1.278435067151526,-1.2152642094753514,0.30977744035561106,-0.6699614013083398,-0.9547609461923283,-0.02389534320314768,-0.10034693613189694
0.5169670439627816,-0.27772376120373876,-0.18562570679420748,0.06441618626542409,0.2069187010353736,-0.4428705166847988,-0.15088856697819936,-0.14928885868410294,0.31475219078831096,0.004205344147500345,-1.169400672995044,-0.564200800478184,-0.9614188106730094,-0.25072939923586324,-0.10890297197861876,-0.5532325731260304,-0.7693015052219491,-0.629457931670186,-0.5858555919925208,-1.0340048232283066,-1.3442275302998936,-1.778055927254306,-0.1346381273089624,-0.5323590887996118,-0.6086229948813038,-0.16360301351678075,-1.4272239688216142,-1.6675439204747593,-0.6048011453190115,-0.6444308610087601,-1.647852534903079,-0.5905881338924778,-0.9556718233373671,-1.141434604169008,-0.884118587208524
-1.5536817546969488,-0.6811449138828958,-0.7880623523701765,-0.20546536402147908,-0.6086174827315431,-0.2526923000206848,-1.8864288792507358,-1.0674352968688643,-0.40261337155194554,-0.8640918031396114,-0.3121417134280273,-1.6584145764093663,-0.40771270332597553,-1.1058138851646868,-1.163069998276539,-0.3038789762540647,-0.21856289621636105,-0.2779538928207961,0.23252487388342447,-0.14063467683620012,-1.1548121646739145,-0.6652407600311064,-0.891146960094957,0.3323513445658275,-0.09721751871455353,-0.7080406627420206,-0.13527781098110214,-1.1478608251540854,-0.36128589180304643,-0.9074045118116071,-1.232396462395825,0.056608008379563146,0.17288964276922036,0.0029753754428073487,-0.2601201598278743
1.1932854648767521,0.43234439004885056,0.45403559000094906,0.9371753376065164,1.103074695887623,0.34982865746007885,0.4792702288644644,0.2926324525974774,-0.11169477008223572,0.421640924820381,0.3603049330060928,-0.14604041727087425,0.7826271438082848,0.6758802433250404,0.756078258335518,-0.0024149831030603752,-0.6373236947026593,0.5604555175301504,-0.03341828461188845,-0.17528441099984743,-0.3874600464606097,0.07406968079361895,0.9707495475930947,-0.10055007319382614,-0.42286048899678036,0.4176956845503331,0.14768898914476683,-1.0289035501556056,0.33133963307606484,1.0338194536173444,-1.361218839594286,-0.7092512376080029,-1.5459755174044134,-0.1895000172832065,0.3134314425512067
0.48499221959265143,1.0940546873697163,0.7781520423055289,1.1778636144584143,0.8699915876348863,0.05078635561146272,0.24736229101708979,-0.2591331080660533,0.020645629886168484,0.1273180515029532,0.014136099566485358,0.6877626253942791,-0.18844364909444644,-0.5293399178240656,-0.5378811128880134,0.18495329129167173,-0.8833308797989695,-0.321065282535069,0.4051184692369078,-0.14984544221061455,-0.37022016379709116,-0.38681335492058516,-0.9186591797934724,-0.8664534876014877,-0.5683917302615653,-0.36690238312354473,-0.05894581112280395,-0.5158901528331258,0.08647211544412736,0.1864140043669168,-0.24328128619644496,-0.05155212416023547,-1.180867763389205,-1.2798652240466601,-0.46427102546856625
-0.6140151445993614,-0.13796072350565244,0.3434290338394999,0.6152882367456625,-0.26738879518227787,-0.5136008773293754,-0.07602631153275635,-0.8197562308447508,-0.4152720115460293,-0.3770275944581998,-0.4299918469127959,-0.4131339093265502,-0.9142845534673721,-0.8982696058509085,-0.9440377777474509,-1.4140577355286812,-0.46432282898497107,-0.21671410234217525,-0.29216018730463034,-0.8452034276002305,-1.1403745996471548,-0.38082908479528477,-0.4487676819911285,-0.6718318893989468,0.08227712565824652,-0.809415218176787,-0.9279349559378498,-0.9996371480845501,-1.57735595681896,-0.460396566659329,-0.8349418136455904,-0.5153830442843161,0.16537865390803697,-0.9332664592525259,-1.8864110914630934
0.672777029449898,0.4814865332597194,-0.0033500408451981323,0.5254231205180748,0.6829343636335266,-0.22104706518955874,0.06333313219797868,0.9135822145988972,-0.2248373812944897,0.1297370932007859,-1.25561582168778,-0.7242868882981736,0.05539913082536882,0.5506971937474134,-0.7840904364369203,-0.1053148134893454,-0.3696206302813281,0.25607183003663647,-0.8675333061520953,-0.08110584089728709,-0.6597628127358424,-0.2573391406881327,-0.36941135752564974,-0.563775669455526,-0.23189497066958448,-0.48071253102671074,-0.5994239680622068,-0.7403787284302147,-0.5511157775603281,-0.50516322916481,-1.1354859324778575,-0.838778447146866,-1.2131039750107442,-0.7251884680930217,-1.019423816040663
0.7318732573949109,0.2684188511240049,1.1448839062463685,-0.022954799818023897,0.530151034842319,0.00790690480015302,0.07324578218928535,-0.03082247770585511,0.5052777473669006,0.5555837729608287,0.33545917580034784,-0.03735587113016124,0.04673039765976533,0.3855640731843253,0.36158019816738274,-1.4877346601963612,-0.31787276164081757,-0.3326015931793531,0.07599462857227829,-0.3295300739364026,0.026674221236929696,-0.9081885386166464,-0.273849625949496,0.012216694341029954,-1.2079923284633507,0.7542828359262601,0.062422149409400385,-0.5614938101860223,-1.004119026052381,-0.7037275783746989,-0.5990137126318766,-0.443711549782154,0.06481942203485758,-0.943314991424052,-0.4419027948273684
-0.21397273660554467,0.19125648115074786,0.5512353210751412,0.6724211982117283,-0.08673003475097091,0.03186204191025796,0.9442773806914427,0.7561596594884559,0.24020232284637602,-1.0219203611164644,1.3121560351791666,0.006670081413851425,-0.17964314685169444,-0.3244766739724444,0.08510792316313445,0.0506944500658712,0.2935522608087865,-0.683503279634117,-0.4148790925614333,0.7191281965310714,-0.220622152612718,-0.4551203397647434,-0.8746857664717369,-0.18491897947384134,0.044708214716945305,-0.0652450752732876,-0.6624212488283175,-0.3815443197370752,0.24591474589130913,-0.08074385715211152,-1.0329962635342067,-1.9370453604989124,-0.5371247491530404,-0.3059816933284125,-1.2678699595502803
0.6976712884509094,0.5550421823990649,0.7228564717023673,0.3812063406432082,1.2806958170795202,0.6903817316463402,0.15694479664180822,1.034368393654349,-0.07811384739048133,1.1737599875988545,1.0037984152217565,1.1791692883838465,0.38046348876861225,0.1861629141204075,0.45022928837952636,0.339401801451358,0.028096001572908202,0.04997829564450468,0.11545164906973618,-0.31495218759692833,0.5800481356607788,0.18558237605169262,0.027896664451034975,-0.40300239298690754,-0.45814545574704596,1.059686009396525,-0.25234588217165993,0.3360113307931615,0.08148370814951014,-1.4180086611875067,0.835274535689522,0.2506437637911171,-0.5055470502310148,-0.16603105912758673,-0.7563533594563026
0.9697000005647292,-0.4466036556184181,-0.30370891717269943,-0.45617876467073654,-0.10009126993366,0.4965295203941267,0.6584301022590312,-0.4824825811939543,-0.13950319624035454,-0.3320748640180225,-0.9068044827994275,0.753892141062481,0.18435265546682655,-0.4402151846861827,0.220458399518353,0.0020427904277496856,-0.5943073193671462,-0.5010610255241812,0.06574784245692877,-1.1870317879346934,0.1019733687454587,-0.8655426863191875,-0.005890821754620745,-0.7831555093485048,-0.621075389316904,-0.813356635779485,-1.065411775381019,-0.934755931619406,-0.10736140199427291,-1.9481485400667093,-1.4016821024691208,-1.133084519641765,-1.2947327433555937,0.017099230907527185,-0.08856824414071551
0.7282577493918196,0.07915480457461399,1.0304028305375303,-0.46727501029044616,1.360877523655307,-0.09005700867256045,0.0829814519789508,-0.03946657557292388,-0.40057999272914563,1.058958777462353,0.45103707672640575,0.6243711332823677,-0.6351942538714166,0.027172202456612615,0.15743874922928194,-0.007218582744671992,-0.7619484012884696,0.31727781310570824,-0.19785661209822553,-0.7736266829025311,-1.2605427390140456,-0.06552489635643022,0.8213509833858645,-0.9455132690573579,-0.38557736859779373,0.052709741367597096,-1.16784695007451,-0.8021488459613555,-1.0199943620636975,-0.12384665582557292,0.021846392239482704,-0.5845246958223103,-1.1063780371922083,-0.9266612256665527,-1.0385069707370256
1.0140420138233648,-0.5339953233879037,-0.6463428935731692,-0.4235387128341014,-0.491429576633863,0.07451420466545944,-0.447113048210299,-1.0569047397221367,0.11715654094824268,-1.253003533356124,-0.951608962082753,-1.2687389316074256,-0.39346648714586446,-0.44174925346609395,0.3877475132770357,-0.14709723785837758,0.08558510176307621,-0.5197380025389312,-1.17878113927668,-0.649901196373105,-0.4386614762215575,-0.401082714850842,-1.0044352652325754,-0.5361489737258951,-1.2563924859740223,-1.3178412545486142,-1.3573823196681478,-0.7874154882688514,-1.3858352811167083,-1.003438743665979,-0.33074085435972317,-1.2849135040018664,-1.0077163638897415,-0.7020749359121325,-0.5939632823011843
0.47315492553333455,-0.16167293302634997,0.028288520368103837,-0.3017078968249516,-0.2498345512050586,-0.1545451794822372,0.12052595350096576,-0.07132281832524409,-0.4095473189064939,-0.345258199874226,-0.19926801348063522,-0.12368842720657358,-1.2565247073099024,-1.0734675914911684,-0.016824380261469707,-0.6344453508966816,-0.8472762865915135,-0.7957925646511972,-0.8221678815196752,-0.4349861066076663,-1.2888801769055944,-0.7405975327282489,-0.6451703284532021,-0.582408252334343,-0.6784465024482433,-0.5382493423362414,-1.0858380395045617,-1.2706298487097276,0.4315851180467004,-0.9416988910175934,-0.8744263653939861,-0.43142861610377176,0.042484298959537425,-1.0101546327675652,-1.2168143671620804
-0.07062860250866942,0.6896598854298501,0.9944614345160756,-0.14608275880217006,-0.4099133256519275,-0.8475341981706066,-0.3907872515770324,-0.2420361714824104,0.6868441212752587,-1.0205145573681023,-0.3861689037289094,-1.3645397069302996,-0.7104085401005853,-0.3790754308356906,-0.31418807088686185,-0.30949902611019176,-0.4365359734646014,-0.3738318581400572,-0.6674456642300666,-1.237888150364339,-1.660700461755239,-1.0263303168452378,-0.8355369097100191,-0.1535763120293544,-0.8401793381314834,-0.8944869746016019,-0.6067264005545157,-0.9347344762728509,-0.39164610410508716,0.19860026046146395,0.31319362703864817,-0.7218283513404692,-0.587114164789859,0.0515374858865244,-0.7923877445154531
0.39618583229625187,-0.5603548663405984,-0.19758649296286873,0.4866590827257126,-0.49937878693205673,-0.2526543190403691,-1.0233619450896074,0.7198996381720124,0.30288134750913587,-0.278977787243685,-0.16224341453623442,-0.2594365927638068,0.19512875083409176,-0.7941731307273863,-0.20434583726702488,-0.06530231650506602,-0.027575004669795566,-1.7937282701040265,-0.9899524678639706,-1.2235403080208052,-0.660077837129868,-1.7610015157337657,-1.7910406386512059,0.30450528532103527,-0.4810338064217197,-0.7356978358938497,-0.6176536400559143,-0.72655802067266,-0.2982417753027934,-1.1072886447624646,-0.6888917170299176,-0.6566380309938561,-1.278989326366752,-0.0993990447686911,-0.9402451030180223
1.2107768844167488,0.7443480785213443,1.487505726790797,0.1328649399423023,0.09306091751029855,0.1635494958278046,0.6631010149813702,1.3463715147465916,1.3505267596879964,-0.6234715013879318,0.633122283721744,-1.1221951645340578,0.8571025718819375,0.9933046114596993,0.388096270566887,0.42361098337650094,0.39128359082478426,-0.06543100666329732,0.5144909653637084,0.15434565479637447,0.7062123455059208,0.15491747757758095,-0.24842565417627122,-0.615757647948824,-0.8099913794411695,0.7479836560125366,-0.16761182717038478,0.20003422872932256,0.891781419071681,-0.3118165962824012,-0.37468961807035095,-0.1574791017746029,-0.10699562286861394,0.7919278682151342,0.601148621292587
0.3670274692875359,0.7319320830007482,-0.1312764251092977,0.05818405799729834,-0.2910377923075925,-0.83381292096535,0.3656802486082499,-0.017135142087875643,-0.3195959506874838,-0.3742614949761468,-1.1691072860306526,-0.9461233128118488,-0.32895054062428886,-0.7993294431789528,-0.6793361678398859,-0.6563385983207035,-0.9764723744165794,-1.1480019882002028,-1.496494044194085,-0.7872141368756234,-0.4255677061100691,-1.5748034770866046,-0.7802531057283175,-0.6399705842713144,-1.2846687024179624,-0.0851315517192115,-0.9923476484946094,-0.8503583267755055,-0.8775518538775458,-1.6764537600260032,-0.2778230942246802,-1.2481080491723326,-0.8738206048404513,-0.4390600736612196,0.013044980004949358
-0.10772429625390784,0.174815045516168,1.0540862121440386,0.5586468923450494,0.6254718831071432,-0.27330797797186906,0.024394297936390807,0.09128763348421784,-0.2929736643512942,-0.7408825973430603,-0.1986595180476356,0.6937799620346888,0.006227114939216991,0.6238487457413011,-0.013565138321660092,-0.5249507093135749,0.4570478308613912,-0.1143091271256609,0.22228776272289597,-0.8303087506413154,0.1864606755695376,0.16558648467072895,-0.2589933115016183,-0.8413471752891084,-0.49380530816058266,-0.19689332455906922,-0.41573580705559243,-0.2616290923649611,-0.08379201860654406,-0.9404083299238066,-1.2184527029176166,-0.6828122288742986,-0.8503825821300918,-0.31234255012455386,-1.2605069084430531
1.2122569866011381,1.3636977701089872,0.6708657927174129,0.6839225469937166,0.25166706765044694,0.3450668418429257,0.39228489940134137,1.2971073507764546,0.5180445576999843,-0.12957367948871612,0.6359458741664763,0.8974267030345916,0.44688099032862266,1.1688266238755904,0.7969727415459288,-0.1429441703148031,0.07874773815646335,0.43990309341963035,-0.5344565463103353,0.4382280243583104,-0.6397247227662126,0.7234476726194508,0.6357227414637123,0.4045653679414666,-0.2158981490894692,0.17683039634208844,-0.1954058944981997,-0.48466050503653496,-0.1692050326862838,0.3187183376125922,-0.03904377946389365,0.6339567364702707,0.261178296661527,0.1774976000400202,-0.9862249504772717
0.28966257961687264,-0.13412936690371824,0.2713754573285099,-0.01984810925425251,0.10108372705236959,0.7828392561031403,0.45162402740258684,0.6787625641652507,-0.6643678401877999,0.12538956380172508,0.5399422520324628,0.7697838196860518,-0.7974038126872776,-0.23903852912597207,0.4140377415659615,-0.23873600092531633,-0.6369705128393316,-0.9954717867076142,-0.7329824208223861,-1.1405954993628942,-0.3036872408207011,0.07929693978795971,-1.034364263134188,-0.3090212617786908,-0.048165379081343274,-0.5038930616023661,-1.338367964482482,-0.36906468408759163,-0.6172384448152318,-0.6944373275382737,-0.9143335153177792,-0.620649115051157,-0.4306020484716779,0.49005831046529547,-0.6670916794200465
2.2379168761023465,0.9973436737465077,0.8295480492440883,0.1503078373362238,-0.022696690563180744,0.11233835199474529,0.7547023350959113,-0.32009681886348074,-0.39812820140696564,0.3661759821744024,0.2161879836552225,-0.368520906702974,-0.5689614070486434,0.6556517856388289,0.07542661721336108,-0.8243647763836099,-0.8285744437956166,-0.40122818368484503,0.10778925000801387,0.001359735973110232,0.2329217992628949,-1.114033056831769,-0.2919535387900577,0.2750690337764633,0.19559997143377272,-0.32308390747184834,0.6409884373030788,-0.25752790321091334,-0.06854165601232509,-0.5939610438500926,-1.0314025388596906,-1.1016474285775508,-0.5947033952979478,-0.8110167601277324,-1.6075505485703896
0.5476474174166925,0.4951325253035793,1.2096514023187965,-1.1949914845640983,0.23513508463516267,-1.1729697987172236,0.6419895185491119,-0.039051092234801243,-0.8045971112374423,0.017083666980658718,-0.6925223544358664,-0.3071775964598566,-0.39404676757675927,0.33731095853194726,0.3369833078121154,-0.9026432525679056,-0.10618518091000595,-0.486622750403029,-1.3966562622348542,-1.0620691875559432,0.43320106988460105,-0.5740592054243019,-0.2683394034196431,-0.8865643668005903,-1.0598494579130608,-0.7825702036760183,-0.932541991598514,-1.546354948063049,-1.2985798323055722,-0.4371242915243598,-0.9725444746179076,-0.7574962239487603,-0.6380988218889778,-0.5813655498908574,-0.14411720240963233
-0.11710606283975417,0.6831832000851938,0.7403907939002858,0.8197158422080787,-0.41657259612609726,0.37966749908971403,1.0720370360989286,0.12564509009612163,0.3777210653023385,0.48660001278648557,-0.45614516086496776,0.9335482267424612,0.2263907806434208,0.19645469605132598,-0.9340892844416874,0.2546755545870627,0.07144349493509886,0.5916234664014217,-0.41426426064297944,-0.7899738298802506,-0.6740369666248804,-0.6213472706050196,-0.963300142745573,0.20719387949877943,0.19304803766155665,-0.6004347487482189,-0.7294007780659563,-1.4699114180784991,-0.2419343447811943,0.21053505117507554,-0.9595122510673253,-0.7224350910763768,-0.4683652720372924,0.15694342360232394,-0.6233696026961018
-0.4868119378349081,0.1686734234802852,0.17076558972459274,0.7205666561098498,0.29834331216964094,0.007093667744911852,0.15599969981937697,-0.3442813921829486,0.6486769996958361,-0.29655556591086096,-0.5133758746337855,0.42557684559620895,0.2637224863408947,-0.925139400324893,0.3244252219186913,-0.5133931640666219,-0.3688139395364296,-0.1269621436126416,0.03468078781760825,-0.07340507773726646,-0.35782663469071513,-0.5811798175593256,-0.19776653689716234,-0.4970800510563312,0.43187633575868534,-0.20933439319324038,-0.9947286295190367,-0.8009704371056688,-0.5658188838030819,0.03353060429738142,0.0646376121185206,-0.8621101883709599,-1.1523281109898793,-1.2360145773057227,-0.5970433350057589
1.5841339993032584,0.6676038904409327,-0.43407936620154164,-0.03621209891567467,-0.022070897341117557,-0.15874337014123907,0.020052150432559757,0.35990278018440414,0.47696429898151615,0.6422839609522152,0.3186910478577512,-0.9604392579219465,-0.5520119116066877,-0.1423437294749827,-0.029435667552680414,0.28811233541853487,-0.16016958764608333,-0.19511857052777318,-0.13973297192127315,-0.4236555344716305,-0.28947489929880815,0.19405793640450514,-0.44583233307188697,-0.4529924957763586,-0.48759359618787146,0.14634800871739306,-1.0870474804385806,0.3257529859767545,-1.1781058996907532,-0.9432951339017255,-0.2685457575798872,-0.14888448045134228,-1.3872605111944019,-1.251616688326172,-0.5843363088777251
1.6044515385764098,1.0211882288127219,0.23882837232455675,-0.8827746163305521,0.33070757079191854,0.43340629173949186,0.02265149235826805,-0.2501566455988645,0.21555634448088695,-0.37472838145308707,0.9928140917385242,0.7750082610093825,0.30559669795534944,-0.018441426485728864,-0.4331576387431998,-0.1529904364650443,0.6378868918491684,0.21385483175870376,-0.15678551425257295,0.16584250200276796,-0.060112137547299827,-0.17071938315793436,0.08640474581588159,-0.17937230997183828,-0.0415251587525875,-0.42184537336093675,-0.6600837286189111,-0.8362519008889175,-0.9235697751684759,-1.4187702244586122,-1.0968848658433792,-1.134469592979268,-0.9391836006871758,0.07585634861651669,-0.8020386913905376
0.8229494944544532,0.8235515375915677,1.4645037670074512,0.36576175728041865,0.5241792781364927,0.5632976054428672,1.1647206676115673,1.2476901637347164,0.7912718604523434,1.147967485862228,0.5970992013449692,0.39798001691504237,1.048948718282231,0.6780287416289946,0.04045307495918887,0.8803306636912991,0.2502178288445246,0.16137819134522366,0.7451402568028244,0.22563358520054658,0.43554575888125635,0.5427007368725956,-0.20938564056833397,0.34459996982503205,0.7967775857174985,-0.3865045878344861,0.28623729367473877,-0.3839867336016456,0.5108653151196206,0.47553836124143006,-0.2381120460043234,1.0134161004984903,0.43160068149003183,0.20161668565529545,0.14354377229859813
0.9242052992976237,-0.09976436530869848,0.46018069637097403,0.5183851453959897,0.08981817193005887,0.4846555246381976,0.8298462131166727,-0.03567919420852003,0.10876156413454002,-0.313890432433079,-0.8369047435712338,0.4061019525027294,-0.03622651526065481,-0.03950700246899319,-0.5964624045231833,-0.23534860903768906,0.366535218836592,-0.2200615290698803,-0.2440397744630963,-0.19238052614931841,-0.9511085334409419,-0.0563979210501917,-1.0314759411378014,-0.9076939230237304,-0.9954082783078592,-0.590151381493464,-0.7092471687927879,-0.5627829805729705,-1.0425430523212182,-0.1134373430846568,-0.22390110807438157,-0.7509495846340379,-0.9246943609891268,-0.9949445033752287,-0.8783302111189887
-0.2678807696810765,-0.08174681779253873,0.7929370931329451,0.47769619574526023,1.1070234465696043,0.10266031483155424,0.03324244934623624,-0.028744112597390792,-0.023608527288891484,-0.23357479107940568,0.1920838686777623,0.03118789581667959,-0.2783168687601673,0.5622777454640642,0.8452158658067337,0.4406917582671066,0.09730033078722775,0.1604126656722766,0.6695761054223648,0.08401499279868219,-0.6255103955373562,-0.17272188977609607,-0.09075475064822719,-0.935244769402177,-0.6132663031258656,0.047657013849541685,-1.4447671845486525,-1.1873847339391403,-0.6781184992471605,-0.43934520548499373,-1.3197311149120003,-0.7274374540211483,-0.10862673315087457,-0.6709400281654871,-0.25371324179808374
0.9089790878187018,0.6210259072170373,1.1211454982159383,1.6136014634385385,0.6475340070308143,0.6714128281034076,1.1009636791466588,1.2454270956733746,0.7182756137204658,0.6247178818682426,-0.3366876673397555,0.3773209822674042,0.19032252106431535,1.0954112942080108,0.6237401011843935,0.5962510825043226,0.7247871495538855,0.2852694468194416,1.487518956320646,1.3500319102804816,1.4995368265451927,1.0212567432321011,0.6533976365306021,1.4636217812453451,0.3034343401872924,0.19552273532533682,0.3171387341527458,0.8656644632179495,0.20908721767872546,0.4979508227484896,-0.24019614853555815,0.7859816355132238,-0.22879973450891067,0.047619396632625766,1.1058715420648535
1.3901591584930553,0.9868762843219023,0.9367109454270302,0.5319990104119763,0.4090679271028128,0.6118824532632684,0.033104139420399914,0.9125299624327056,0.8065447796989882,0.31069411655993356,1.5564765524408035,1.069782293594205,1.105899259102519,0.5094288330324825,0.7450265364716527,1.0514482203674977,0.8057064649154938,1.5213080742670773,0.6090015782678933,0.4486546883141208,1.0076098732570617,0.047224491469399554,1.1302851601956267,0.005901229445911205,0.9632100911730572,0.3069904477555117,0.856186565029372,1.057900302791309,0.6668504121245211,-0.024173158962851105,0.11234387615325403,0.18110323228221054,-0.4177514977162431,1.0774388534312713,0.552341767494696
-0.13551717789998557,1.1258942670425602,0.012212847071380262,0.45207619724476167,-0.12274906901676197,-0.756872186748299,-0.4682212165259605,-0.04903986575878236,0.5851221499232167,0.26966878890351587,0.12669232441978495,-0.988377949129967,0.6116834559990164,0.048543137202390896,-0.16278443038249993,0.4236147104748541,0.4419866860296673,0.35682292634498525,-0.3821749018424465,-0.7978829454731275,0.16154398933332254,-1.0513853746365787,0.5697514856522551,-0.4238863597869357,-1.0012430216540689,-1.1184731752564965,-1.171823229051889,-0.49198900805842166,-0.5931111324628902,-1.2341460899924424,-0.8191427857154979,-1.348010521233849,-0.39086009972307156,-0.7325623897589857,-0.9124589665723728
-0.21181352033925177,0.24797903820199887,0.15551295646729849,0.4856533033121243,0.37339519263981924,0.6482879409558862,-0.02828920885286129,-0.755000401423814,0.6315201526192129,-0.371614041030197,-0.4968687651734654,-0.004922410314402145,0.12777563863622737,-0.32871491390272845,-0.37242193617048336,-0.3381100034023712,0.526508499742102,-0.2218112412386765,-0.7426130732217009,-0.7750363435325134,-0.4583595590288986,-0.24992918608736653,-0.1618868026967908,-0.3758068304606095,-0.8917375692628211,-0.7145095479585827,-0.16606687609154724,-1.135216441645391,-0.8227916689717278,-0.3174535742971697,-0.20327417911995876,-0.7605005137338692,-0.8911144079805658,-1.366324727424499,-0.46043775225010175
0.5332117963622527,-0.3256742902001982,-0.6381944652757545,0.09712239068104264,0.22286182033024304,0.29947150209298024,-0.09337124515927234,0.8121787144119069,-0.6115961149217488,-0.47272885198515613,0.299907739406568,-0.5641878305760967,-0.6235198439396894,-0.0016193149418052277,-0.6298369055944356,-0.2091390584799373,-0.531689955583348,-0.6513040491459802,-1.3097843491632728,-0.22636308867036106,-0.9565124652941783,-0.45297925486663004,-0.6599293328541685,-0.5411401617341588,-0.5456385808109071,-0.40572477271905966,-0.8969004677695808,0.05917777821784109,-1.513615002860785,-0.7294805625014605,-0.2227994042321133,-0.42565655168687583,-1.1729287909594563,-1.1093885031966408,-1.226653993276951
-0.4544351726092242,1.0440556513764099,0.13932859820763333,1.1042100729204545,0.3879408496472566,1.2648999942269372,0.517159829582828,-0.5408044659360062,-0.17123402581041325,0.011834735157910836,-0.38030168221999966,-0.1718945463485482,-0.7068291971320857,-0.06043607049582589,0.015630379069050016,-0.644651548122653,0.788365470986486,-0.18871556681938095,-0.6670020865522588,-1.1109143150636385,-0.3029460245391298,-0.49910241950804646,-0.012356430036664534,-0.5095712648702012,-1.0676602849386403,0.33282024991059933,-0.3152083772702664,-0.6892248172180225,-0.5075957067081275,-0.3791640249570169,-1.3553431993842646,-0.5851957182067726,-0.9105727393421037,-0.451615763887753,-1.093348675916788
0.4976490724514588,1.6311552888306822,1.4143352000004832,-0.8503017559945485,1.3739007502060692,0.7561772890130798,0.43584019520205297,0.28271831710204876,0.3075704031547892,0.4374367775358592,0.20856930117920292,0.08902560791435976,0.2397882816761352,0.9147957235849088,0.7707366497702131,1.015690111049715,0.6961303617603489,0.06701801655974571,0.9581158247230719,0.1985903149947187,1.013790586015816,0.09658812613417511,0.32439838083980804,0.4755613094579452,0.9811201586722564,0.7191258509055405,0.6278951526131377,1.547063222288453,-0.32835176624001094,0.056448495507213425,0.02013725938733435,-0.33989335216203553,0.16999219263963017,0.8575845059636598,0.20146427535865574
-0.10991172465899249,-0.8540522154378268,-0.44042970640554335,-0.3222475833907329,0.18091924123531192,-1.0260869286346408,-0.4637614951491167,0.2604245059516392,-0.5511743302109477,-1.4308082773793986,0.2235880380966973,-0.08993717496632458,-0.062328538141905865,-1.406664932914397,0.18574821569246636,-0.9906486084867516,-0.8899574620181395,-1.0154314111841796,-0.2168466377537947,-0.8038541736225009,-0.4940014636213981,-0.7150358945344454,-0.8157501950248646,-1.253934242490193,0.11619179310049288,-1.5278992717458701,-0.5933629769580632,-0.6114001864936105,-0.21973896050234365,-0.09702153254083612,-0.8508934297750901,-0.5051515120003374,0.12687650808867157,-0.7704789577613435,-1.2506234705999058
-0.13564429501554834,-0.6450978008049194,0.1437414866719916,0.4408298784733767,-0.2008017160720143,-0.9991087544023505,0.274568295240291,-1.1711339898656954,-1.1016100763608363,-0.4621967640674185,-0.2901072277396489,-0.24626189685631403,-0.5300969017045379,0.34524877302572865,-0.53789547668954,-0.08667651505468477,-0.24176070786067505,-1.3104796942904424,-0.775180472374159,0.34770525927065643,-0.9870474068853397,-1.0902966681549748,-0.6829414024398932,-1.0148021752471208,-1.1867307903045092,-1.037844154642049,-0.08348512829109267,-0.8680378282860362,-1.4609546199559125,-1.5469398177745575,0.32120333596053263,-0.8820158496797649,-0.538271096654874,-1.123579187470022,-0.5569137484316097
1.529664825800766,0.473588147676776,1.0281725445337062,0.09460569604391167,1.8069528181573093,0.9272712672642456,0.5835343044754129,0.637368623312792,0.5271101300376156,0.5479521678533202,-0.45161197815470533,0.7173425724023031,0.6900390167952345,0.9974295646823037,0.48411970226405127,0.3522437282032755,0.7254278091388885,-0.08582637716310038,0.782606956743561,-0.22997467532868432,1.2508927594367467,1.021683105443043,0.20504375582956408,0.986826136410921,0.6996748702707227,0.1266221092994131,-0.3935435870768693,0.7624466714740266,0.1929988908050444,1.1231221017055288,0.5677483653477556,0.19564145455044307,1.4286713156278796,0.8019231703668093,-1.3302552829355214
-0.1866061230612709,-0.6848192975038975,-0.442065887685524,-0.16376442505620897,0.036743284255528,-0.05794585861874338,0.3026794159938534,0.03531467967152757,-0.04125922283656308,-0.27228140875342194,0.2273995757855522,-0.6155239178309497,-0.6421787600488965,-1.487559786027965,-0.04239762532612301,-0.6424734438207299,0.8315648631776122,-0.8668091740694066,-0.6460261640230307,-0.4407025205656463,-1.2858219664095674,-0.5737125490370156,-0.7508984771498116,-0.9323863054555135,-0.20357652118188663,-1.2480768164485834,-0.6620389074342946,-0.07239633685472702,-1.1502279815567056,-0.9395095400766247,0.390453151669212,-0.5331531323846852,-1.0086590854588922,-0.3365781942609783,-1.0014535088628305
0.01754203791996456,1.4859017121812386,0.24734952249390774,2.023335146487751,0.5508535712428108,1.8596356429228857,0.10559569239152988,1.2990524780890003,1.0319923537871083,1.1962778626926427,1.256146946358255,0.517452867310095,0.10555643609659138,0.7276399308824563,0.8572067042773815,0.5018395746960344,0.8680922664453069,0.8851704474695117,0.25588213970433593,0.8984205952774089,0.556877423174026,0.3295576775109698,1.0618242631535673,0.26776152389513047,0.415583963191419,0.667152649935171,1.3050503018647948,0.7006208686229494,0.8542839806098956,0.42681604885924085,0.5214866862186596,0.5209941860393046,0.6764050670911561,0.36571613754117677,1.1672879173546362
0.24565872544344086,-0.4555637292893021,1.7342751993254717,0.16310560723544992,0.9464710971270127,0.9546533108960942,0.6866062190248609,0.07619173987573193,0.2793161242573644,-0.5408528891585703,1.0516636482433004,-0.40926713684886096,-0.15031009921146882,-0.013803467525261633,-0.15679547285489992,-0.4710334856662908,0.5154078502728745,0.2546674442845295,-0.09760805132795614,-0.49592119307940474,0.19922046668452142,-0.6010924694901529,0.3813190364890219,-0.38227567464250334,0.14408986968208082,-0.5594490612699826,-0.4972542260033872,0.05054006931049004,0.5070476034692257,0.16399840551459466,-0.20234758274862197,-0.36940111170937945,-0.9389853478249708,-0.5576508861499127,-1.1797823056120147
0.8224906050384418,0.12578624783585723,0.6699507441593284,-0.09168806714208905,0.9517672349989839,-0.14731021051201743,0.3903738672124264,0.08140077735229326,-0.3724735427986075,0.5468600963865479,-0.25047614309923316,-0.8334002202466793,-1.4643662994250461,-0.5008190582593725,0.5848786142130669,0.48627238923223626,-0.5410608769282357,-0.4076996548103001,-0.49108819126881426,-0.962860737805814,-0.8073334050493854,0.12171660659902223,-0.1519329479901858,-0.30134170311927266,-1.1383741996347059,-0.4521872911612025,-1.68494330176787,-0.14076911578857676,-0.4606275220644258,-1.288801229287761,0.1672978863074731,-1.5621251577724684,-0.4203579115703567,-0.42767987221329795,-1.3430929332898893
0.03766441592910388,-0.8111887225741173,-1.4653540769887765,-0.6253363390627702,-0.4485934411692437,0.13349936072986573,-0.2025530797581375,-0.23621177938973253,-0.8358434990411082,-0.6380332223407523,-0.880963155511979,-1.0698726497503952,-0.7938768391749298,-0.49751691699353306,-0.8567989069432425,-0.7657619006436391,-0.2877805844523289,-0.9144200375335295,-1.357298544225344,-0.43222823656923354,-0.6019471556610687,-0.5886566568904723,-0.45530986441054955,-0.5522214469631221,-0.7755141543177378,0.3995238739327909,-1.4419743371263825,-1.0929371217915291,-0.31324992123947293,-0.7197734026826881,-0.403237613061083,-0.6854704501942782,-0.06853207155759244,-1.2416460021168403,-0.04617678836396277
1.3854982466021333,0.1945751824334634,1.1142118595032513,0.7759588678708109,0.49222874941438155,-0.15130629271690155,0.2845243910929004,1.1403617550481684,1.1890498519250619,0.672049509626981,1.180628164591767,1.2389554773977496,0.8372983364112643,0.39193198412696306,0.9662186318926368,0.9812542391032184,1.066287476540531,1.1530593168832612,0.02981307701565805,0.44597033174930506,-0.258827237822561,1.0530461467903292,0.5619809700513626,0.8716641650906102,-0.09392161595129689,1.3316176496883683,0.020724909228037935,0.9915104819520297,0.6491148998188325,0.48091592809439937,0.4256514451007428,0.2264012981410366,1.1773500375330284,0.520006341241428,-0.13732279056007857
0.24026174367709174,0.46222635191485073,0.8117795378631246,0.02448009244872229,0.020997925679065055,0.2639739534899176,0.6507114728733328,-0.5091719181235813,0.3886510298160657,-0.1356290495704347,-0.105626529540081,1.0174237348073485,-0.12159423011679377,0.31405016410890285,0.2563813231652544,-0.732608801568847,-1.1044588383659217,0.19001884874884503,-0.8004047497150621,-1.1282361423665432,0.18016363818438497,-0.8785715199891666,-0.790135621522083,0.5493004451604305,-1.3006685744950621,-1.130681918881654,-0.7628698882608196,-0.6822988813360542,-1.0367876134918232,-1.1955125518993044,0.11408226977841851,-0.53254976613582,-0.3929266305905639,-0.7738783449818969,-0.5785302391840808
1.2664508305547952,0.301570232275986,0.9312971528184059,1.1454999906930512,1.5679184321660435,1.766948792042839,0.8248611251424395,1.3556251597994409,-0.5529547493909901,1.5535462046034239,0.40919376215972286,0.6457767139567354,0.9805305992816014,0.6763776123943084,0.8439182652688817,1.5316083693868583,0.5372052586923903,0.17689577363186482,1.6176272916255443,0.9643170629345148,1.6516029226780806,1.1113630829021075,0.006339498034852342,0.9789494656203435,0.15194372520250465,0.6348431260616765,0.5800372897337965,-0.20460307255572774,0.1837345695916685,1.678230966937039,0.6799202008274122,0.4576347354676255,1.4361970590531068,0.3155822690307224,0.4515777936319715
0.9276432727559367,0.19768893900520668,-0.010383472535788696,-0.8000882549730328,-0.17836295311004174,-0.22075598307859162,0.2932824106339748,-0.13002378318945476,1.2149832197487909,-0.43241224962350977,0.7569131047628648,0.1265123398062485,0.38002740001516344,0.30971308632254785,-1.2121933605926283,-0.14837318400787225,-0.3128757443713858,-0.7869612448052441,-0.028818634882868538,0.562125492857706,-1.669419291179747,-0.6360929910222306,-1.0267599657366975,-0.40199721926537046,-0.6336115353792746,-0.8053775045567803,-0.1882674028593299,0.25592018910970615,0.740744353445921,-0.9859995274721398,-1.5513526683465817,-0.3844446111490077,0.11973136496644388,-0.29842077318226473,0.07991580615150651
0.3194985093934522,0.09326961842681741,0.42059485084111803,0.16151335902388173,0.6214332142515109,0.7371417789179604,0.7380408951856127,0.4305016850766281,0.2588848776578426,0.4936155601193174,-0.9249061924921984,0.12192123840944498,0.0028794107441944203,0.043243486940390305,-0.14688736856353543,0.07333090221121427,-0.46906313652147724,0.3442895172672047,-0.021806764784065652,-0.22080173613909937,-0.6816757545557737,0.03880028950258235,-0.3005470344326405,-0.8156278291526754,-0.4991316650108959,-0.18799758855757148,-0.2572340476139467,-0.3186659775147656,-0.543649276562458,-0.10327523658689763,-0.022016640531741904,-0.2953815203504075,-0.9792366401230115,-1.2342966153478878,-0.9952275970994457
1.67889442350066,0.827739672249281,1.7339342243494604,0.5934553124093461,0.5060334830190627,0.579369023007922,0.5503661996975314,0.18881186092362684,-0.02044418347796728,0.7821811124217195,1.0357190619091563,1.7067722910566545,0.24273022164390892,0.2578921605800583,0.02260376068747111,0.9444839093159073,0.7619578717527967,-0.11167733822993725,-0.1524609707835033,0.7463070349209519,0.43266456646531537,0.5909253013427678,-0.25929834010159825,-0.7866877444711722,-0.31544147525339844,0.43561234904093243,1.1168118385765704,-0.1839848610753059,1.1380944141378544,0.3844954531123885,-0.7574670267341872,0.015618693308574919,0.31027516612732,-1.3645892561891324,0.14046390320222132
0.7271513001392228,0.2968544643746627,1.1687403978031288,-0.2924117619930202,0.5808826475373244,1.2471588227478787,0.5710703006686062,0.4273447094815831,0.5740518187383081,-0.22755988231922009,1.1298748089116413,0.7048824174622244,0.6238160521007097,0.6187644878475447,0.7527314747171066,1.06448057060982,0.7032835107657516,0.039539407792235415,0.9986534237483025,0.9502197999342893,0.793246934129579,1.217168781093315,0.6833260322480501,1.2119451742365306,1.3475232688829804,0.9222836676040843,0.2439276805987068,0.53883597050958,1.2095678314017486,-0.17317661617726443,0.36475466431752573,0.3739503845757297,0.09714664890577707,0.9501393990247,0.68569551013692
-0.29893941696608367,0.30998165862023386,-0.12137503615947867,-0.5364955122081123,-0.4967401751596787,0.029396807712439632,0.23324781697237154,-0.5263686255601989,-0.056412020564809984,0.41784950846868213,-1.045435128762525,-0.2795507098161793,-0.08169928003359722,-0.5823480178411153,0.04866195819668251,0.4954079531994894,-0.46356031571487255,-0.7808376943271773,-0.20182382490042,-0.2929205671809025,-1.9942874573743032,-0.7543541840221862,-0.9655289265479614,-0.5821893648601365,-0.8867076407002851,-0.8387905036287564,-1.2310963437059463,-0.4324638733350062,0.030604007155809576,-1.2149025233379929,-1.4807266416401892,-0.7603470550489818,-0.7698881776552151,-0.15242418124003732,-1.3320042092565836
0.163264257182463,-0.6757947813200451,1.0503687152463732,0.4520622668690077,0.05816974659094065,-0.40887784937937327,-0.4012389661889556,0.38233879957012884,-0.41773880848016226,0.14840492706817798,1.0780621919016777,-0.15715794922993637,-0.5040818398282205,0.12770689168099444,-0.7159714658272835,0.7173954206451081,0.5200481585096979,-0.3025580069364324,-0.7072782442029126,-0.5090296014687099,-0.480750275280428,-0.17707458724783778,0.11593928097067197,-0.9561424477635121,0.03465388886709553,-0.19369609177254227,-0.7869155624271624,-1.1055264092573482,-0.5317986137867127,-1.145979245088888,-0.12907446785624377,-1.2259842142542803,-0.4116579061135859,-0.74557393911017,-1.0035701558012495
0.11574332854636565,0.8698568647106812,1.1055771589256729,0.30927400313090125,-1.1037582590965511,0.1527332486119875,0.23021212181088474,0.058818661327847424,0.3041429951529584,-0.1420527483047677,0.476025191673176,-0.5667207741230471,0.5950647358360395,0.7117427009351591,-0.5596054644665736,-0.599396757321125,0.023585981134294387,-0.814082402331055,-0.5049330890419628,0.25511881314697754,0.035885913000767544,0.6212400177434245,-0.31848480987978217,-0.7433051335233098,-0.44517913797776654,-0.5778330678825082,-0.601299371625427,-0.5740723154667097,-1.0557983268561149,-0.47507612575252456,-1.3452465263168425,-1.022456132142235,-0.7449503842650665,-1.8350424130304246,-0.33876194544119026
-0.5943354102292409,0.7328506837624706,-0.2835277478236192,0.12433060735557616,0.5494515270560536,1.351327649655956,0.2722250517533446,-0.8161078144253208,0.6128212806380798,-0.019556986935615833,0.09154308856357413,0.29556737718628107,-1.1360485962938882,-0.0600282871777892,-0.3079225404127676,0.4683206084831658,0.18179520591490175,-1.0339731588503838,0.37268127268372125,-0.07138212100092417,-1.1065382679643228,-0.3409816013549837,0.11353617324804155,-1.0449080686709142,0.21798777411843184,-1.2588532852419543,-0.9286344053473516,-1.033605879113689,0.0985518933613343,-0.8616930715124445,-1.222323393768046,-0.4414373887311467,-0.3549205073987983,-0.3714977093055632,-0.8589272962266539
0.5595089952129857,0.07294029519873885,1.200277736108327,0.8988925320362917,0.8313646181016767,0.6493158572029878,0.47386571589717064,-0.44697589240046076,0.45262433244801703,0.15353483052555333,0.6882718038096218,0.420345453433688,0.25183061723547967,-0.9054091098104651,-0.14757586374065523,-0.42154297447142197,-0.055578713662932905,-0.4282463331809322,-0.39660454153745567,-0.0666277126276778,-0.548986526022102,-0.308062383314364,-1.1635828291170394,-0.8540868707642465,-0.14277911020279643,-1.1176349565264285,0.08984172177763927,-0.07497078376818278,-0.7240299401028899,0.8831820495133864,-0.019363103513400315,-1.1386825815410453,-0.31242397584513376,-0.6723342235427503,-1.1116137590433546
-0.10271272688859262,0.8955035057575711,0.06390416482839512,0.27585177518879994,-0.17062676053192527,-0.12182107873308051,0.15053446286393385,0.369296496036509,-1.1582058674555313,0.10486211507726836,-0.3164707449583556,0.7178171889675864,1.4480167051616872,-0.2429362285222448,-0.9641898757930171,-0.08415835956031044,-0.2844763405010722,0.7652031270410349,0.5746630181969685,0.1365428202172525,-0.626264509844043,-0.02997487001096849,-0.27137370414573403,-0.3172245307345218,-1.249915818088212,0.028358771048631937,-0.47911665286824173,-0.6125911351911307,-0.8899932199374103,-1.0129932530645347,-0.482285601798056,-1.5386242291172187,-0.2907616228701366,-1.2323184752004717,-1.752598056716295
1.7109476579630103,0.37067621487586416,0.4377995737985672,1.3647479994931428,1.722735209232234,0.026502512840243186,0.31184719652622406,0.34496627387557555,1.2495300486426104,1.5969708138798335,0.23200931223108523,1.473698107434791,0.40546130133373953,0.9211602475248513,0.10996472577090566,0.6767966784827877,0.673758924329018,0.5627785287245047,0.9033808536361174,0.19741952200591317,0.2486217859279281,0.8984842000873332,1.339154359529435,0.6448502827179412,0.8957531448748683,1.0101672299905131,1.0331470858544212,0.12746646684248114,0.20163469927010985,0.23060001988572154,1.5250483988538122,0.7995292723850537,0.7614098092751523,0.696817800657176,-0.163108727193218
0.9349473524357275,-0.28782386933055304,1.045793041535399,0.1726327681024023,-0.09935957897783537,0.791896736289478,0.18847185651964082,1.124798010092868,-0.29047030762318266,-0.769426546492434,-0.08362937924890843,0.41124711177271034,-0.4869311106088027,-0.7283469024453266,0.011388105914957161,-0.8744404496033519,-0.02841532594776283,-0.3907837230736989,-0.011398409314616054,-0.9880590670433307,0.316164106484238,-0.46037539559821516,-0.02211554972747448,0.04205159825822746,-1.0495233699872546,-0.061410143374153126,-1.2455542045960222,-1.2472393327987896,0.3920846455612206,-0.0602583188395337,0.39591719527933056,-0.849149843492133,-0.6342966706561536,-0.4415883833264473,-0.7293554969105962
0.059173834346559595,-0.049985510626642915,0.4698080135549367,-0.20663996812382657,-0.25754554260208734,0.4490438954935113,0.16641938715686228,0.6438084849652759,-0.0764819907212283,-0.19422575949387447,0.26836645935189785,-0.3893765750344396,-0.35242348061937373,-0.3725239062350945,-0.20792664858419635,0.7436214271283577,-0.8701560882330482,0.4272815935991191,0.11026172465415573,0.4873447586039667,1.2354255549234225,0.34686835729255744,0.058956590274044596,-1.094134308196726,-1.0639120245597982,-0.32244380599558053,-1.3820588909836415,-0.2544508357732336,-1.6573759178135024,-0.04006831045553827,-0.8017650484043461,-0.6007443554530832,-1.0596971509053992,-1.6545289618139152,-0.10591007401651809
0.6255448487364543,-0.15795653274450136,0.42550799081199636,-0.11200859728099968,0.9232212994082526,-0.1235852615446612,-0.5565142344665378,-0.07304719768692214,-0.16666129704018076,0.19602097673516478,-0.19197345127493573,0.7801466733491604,-0.5527291933824376,-0.5845830844319371,-0.872422672257668,-0.5611763967540642,-0.5197084293665472,-0.523437563210239,-0.6567213909843986,-1.0188656057335024,-1.1757045439563885,-0.9405732683944077,-0.19746036306084758,-0.102142367871355,-0.8283607687736074,-1.266993940726968,-0.8400767691338009,0.24610423508778978,-0.2974331859202461,-0.5156952029642015,-0.30085667154041745,-6.535929205742086e-05,-1.331993447911143,-0.9339105086487787,-0.9817675494857254
-0.039360270702222255,-0.30540235686712824,-0.05775942228337022,-0.7374602624231607,0.15647361086347822,-0.6067935909347765,-0.264386430903304,-0.0501829361218703,-0.1230497395901834,-0.5292452836521356,-0.3251985267239383,0.1147172102713887,-0.5164675061833648,-1.1510674773029568,-0.5034460906032592,-0.8180431087275858,-1.9735140283967858,-0.5643047290128906,-0.7284707636329049,-0.19582759530914795,-1.132140701551918,-1.4889146552885855,-0.6267075761472347,-0.4921048916059822,-0.6027360233711238,-0.6032462525425909,-1.1085961869607663,-0.6012201604849947,-0.6606196753779904,0.09791110487365506,-0.19843768006681448,-0.47465867125795114,0.5805365333868275,-0.3600847807706904,0.1102567223984578
0.6186053827176571,1.5024679728496062,0.7141431984930734,0.7117615981484012,0.5655051388791668,0.7146532543305663,1.196222159048138,0.998559239199833,0.5680180411634567,1.382175352059615,0.944761523781759,0.26519108112477896,-0.23058750187754867,0.22671300311381073,0.6148927971881062,0.680220379944837,1.0340329860056738,-0.22048303485217413,0.07906040572956305,-0.31877167931425343,-0.42833311492861126,-0.10217842813946343,0.3653920212148687,0.5378719049290891,-0.35213602022415086,-0.31290897565830095,-0.8286287384025921,0.13792323782699606,-0.36590297778594755,0.8011012584724683,0.14395352394502325,-0.1771210973253285,-0.4422681868508366,-0.8991829170099037,-0.8656975642271851
-0.2544807159519051,-0.34222624250983813,-0.5417528402483669,0.09714913812423129,0.11685182616918446,-0.4179449283263943,0.731319011844111,-1.156349192340852,-0.2995507379131841,-0.4823176723640218,-0.6913502915610268,-0.8062170692420207,-0.5005070671374803,-0.6475370232025645,-0.7664179107874207,-1.2533703834258398,-1.4442938988132736,-0.8083010657859604,-0.8913632809796634,-0.812473427508267,-0.7891828788599653,-1.0142375769180383,-0.874432905087507,-1.207306364668842,-0.027905595971748243,-1.19607253156824,-0.9849803187080757,-1.16162287710419,-1.1672078736810079,-0.7787457654115019,-0.8333162350082082,-1.000078860150319,-0.897298342914739,-1.0977973497968525,-0.5165439142042374
0.5013252345600369,0.5601929294811686,0.2412415472056607,-0.7160159853832573,-0.12670351542699632,-0.28962872820483887,-0.48425674995620427,-0.2116087154095922,0.05597048634945834,-0.6023039003856583,-0.5016911877142356,-0.5779151131514848,0.08490839709085463,-0.6633234184469933,-1.1876824761120135,-1.3907279854264096,-0.45387320662503916,-1.0443836981311287,-0.3559529760951591,-1.3795649916234187,-1.004328063220515,-1.4182708307367036,-0.5509238354039427,-0.4561184403047696,-0.6205659217350898,-1.339170617695177,-1.1723718360307385,-0.682571488241473,-1.6407878076407383,-0.9116340209244267,-0.02374645339876147,-0.8603264395529012,-1.4998326666535589,-1.041595198138285,-1.0327528959061054
-0.6227974075997252,-0.787053949750455,-0.04960357464405779,-0.5186571476541152,-0.6899253616436485,-1.2129616951866193,-0.6453563334792916,-0.9316803630757146,-0.5589421147055864,-1.2811430871757592,-0.6459188501621106,-0.975588506964165,-1.397916586038286,-1.4498862952112401,-1.3834816500965488,-0.9026020284380617,-0.7390157440128637,-0.6603919246758464,-0.6330196297764845,-1.1532981115474672,-0.22789241876017718,-0.9571725871030081,-0.48597312582262336,-0.7642713021556138,-0.4618418802123874,-0.7207646274577496,-0.3774152715703199,-0.5354560269376949,-0.07949647530043846,-0.8477857871156641,-1.2730460300274107,-0.822338820102402,0.25305330279446153,-0.3029103526070555,-0.12260549177134258
-0.09457646232868172,0.4308337008885208,-0.14852942489588628,-0.11110068481905161,0.0886443621693987,0.47480651883728786,0.489922853220925,0.4647277986433517,-0.6580683432019943,0.0930699652987626,-0.0418011553572057,-0.7494553457982539,-0.01536773447993181,-0.188510319763768,0.15268724062252378,-0.10197330639969243,-0.4564219408960962,0.24240902776887832,-1.3692484038783648,-0.3282772292958348,-1.2145429352336818,-0.8249547887044302,-0.14147003217521126,-1.0749848726046185,-1.182659803156244,0.6884335935296209,-1.2126653427339416,0.26308999012514345,-0.6760160547226268,-0.8785995639573336,-0.3575216971434445,0.004254209584071966,-1.2585449737493222,-0.9603906515668941,-0.29982284627152284
0.20058691754766234,0.5581841138230055,0.21538905839051997,0.8127137789776331,-0.05098667062141997,-0.07772315551004931,-0.07539643628064827,-0.354228934946085,0.0954108920011465,-0.2545069583885461,-0.02190984600482654,0.01486428057658895,-0.28279978490113755,-0.2839149474246016,-1.0756445410294078,-0.8791873598410633,-0.2135462634126583,0.047772762721079,-1.6605303414855785,-0.9978865709955606,-0.7230616787078858,-1.1926236370169683,-1.1794890152692457,-0.5430822737201924,0.0008094840323268349,-1.812114235654326,-0.8847280384662535,-0.568088311652056,-0.40681011747843554,-0.631502877195956,0.09850214490135545,-0.7558953682998168,-0.09956395194153456,-1.0610744094732019,-0.6884152597728928
0.09570851161287286,1.1373239356101013,0.6104918792656797,0.8324650154630133,0.4787560026229866,0.9096115421594668,0.7951702266520593,0.0783116018718858,0.08559623431386598,0.5176284336606122,0.8380556818138032,1.4157294172803774,0.6110821033222846,0.937985605256366,-0.3982070594691044,1.388098119346115,0.6573072499192607,0.30198769712793605,0.21629004897400556,-0.28355024330649603,-0.16957690699897393,1.1669487609039029,-0.3124163200751481,-0.35195919144924137,-0.22906920995110303,-0.5073613924453174,0.06893613668187987,0.5752023900211176,-0.3050796899365952,-0.7170765705138662,0.08497978062755278,-0.11928539443684746,0.37965030196220195,-0.3791019565639243,-0.3118400655678073
0.35747666242287734,0.4425588935901226,0.16659605846166697,0.0494678986843215,-0.6353026388595817,-0.030435714643843592,0.5716106969405459,0.6003281093588761,-0.09958279747545745,0.7461452145847742,0.042237725483984925,-0.6522873236655,-0.8495516460681589,0.5458322502644761,-0.2895774580669568,-0.7496291060558832,-1.3113997614722372,-0.4183302528971819,-0.056256223992622006,-0.6449902371041321,-0.8595400493046497,-0.6435460374047339,0.21771912589254183,-1.1343769412218125,-0.7916514090155353,0.10283997163060399,-0.2859326723119825,-0.47260655452936506,-0.914138040141121,-0.600932595987632,-0.9098294266641973,-1.0937358937235533,-1.225539740346028,-0.3132179585163797,-0.7534607797217168
0.7182396633908539,-0.026881124245319743,0.6452022578922405,-0.09270282865750235,0.15870992650132973,0.5602800884226233,-0.13789929709335205,0.5004735941632341,0.4124707931558769,-0.03907312119457848,0.637481362012057,0.0555280332310311,0.527778645451644,0.8334357513932023,-0.2237261062870756,0.17988064749410462,-0.5005456384159075,-0.7368794022137094,-0.3563614821840169,-0.9774448049557611,-0.8017213590613689,-0.07314185344083629,-0.6607013914043053,-0.0826290888232864,-0.32109492479553314,0.42303813283136626,-0.27085217423583635,-0.005061426279186043,-0.38897264086922345,-0.46048825269880966,-0.05854837138088942,-0.3296440952555454,-0.5804791962164438,-0.60243842373777,-0.454143057698441
0.09655508496456933,0.04115710524403243,1.075579863326928,1.2589967846373247,-0.17455502562374398,-0.08223932630363717,0.7852604726517423,0.44196534624563144,0.4741877669806539,0.5447028629204218,-0.06377631953787548,0.18162082473756716,0.102736457508015,-0.4925425111681173,0.054469876171432036,0.47625850355524035,-0.34882829517615044,-0.1441875730891433,-0.1552771954853747,-0.438476940298665,0.005533149609464938,-0.7088909687288639,0.262445875668081,-0.12478335156809445,-0.9391851941407239,0.34646594426493527,-0.4489700863930616,-0.923644220036369,-0.03763770993740101,-0.3688492435138334,-1.526894744554566,-0.9268729868101045,-0.545962334084386,-1.7850490955239584,-0.680722670919952
0.6149441982887411,1.5979520019487463,0.042976782220214726,0.24142788701510165,0.529700673910426,1.0017029409102227,0.6789211514615473,0.5411060586746633,1.4923274328440455,1.5341272376096422,0.5649457101663469,-0.08855846521415034,-0.31876355749559926,0.8727438534422434,1.073669386594213,0.7692607780630596,0.6938612278249968,0.3180863745351003,1.038385259933188,1.5400276438816312,-0.417955403646429,0.6407975332187978,0.18296251933477053,-0.08897586728502316,0.07892982275157412,0.8209636526840454,0.8203755903332584,1.3343727103482004,0.5945305879452925,-0.3034734980773003,0.4416467272188442,-0.14775673330879024,-0.0736459941283586,0.8039794532685545,0.5943784274137416
0.7260246424121772,0.21931041467751752,0.7581416788531399,0.1200885035622703,0.8482276199524625,0.4245773596519862,0.11050062765736114,0.2812518717624817,0.12704336383273399,0.8944554731503548,0.17930857262355687,0.015829526045219693,-0.1426050463664307,0.3582953985771184,0.25088107409033245,-0.27951765967590775,-0.759582433065874,-0.6714562666487872,-0.35071292326190073,0.3783190879785118,-0.45800578386117086,-0.6659199580841524,-1.2842365403042093,0.3188845854169311,-0.1862868208135467,-0.10453391317526245,-0.05217679105917189,-0.6445355757983248,-0.547619655559229,0.12811596773815115,-0.5511244477779784,-0.37028018315618055,-0.2502356440949023,-0.3838000904913071,-0.7873422987468959
0.7830580785930402,1.1885399585366245,1.186880584526778,1.3815951334988366,1.0710682506288327,1.0913061089379856,0.5668145432593354,0.49573092941992314,1.1724445544705306,0.4903122159068793,0.7617850914616937,1.4558370589363263,1.370263503270635,0.903993211450657,0.5976217855679593,0.6760724301020343,1.1631453518931834,0.7021080431590587,0.43175416647113685,1.3088223326361632,0.7812835045859895,0.3909202171167823,0.9076067885078862,1.1418663363381567,0.1400812257499019,0.5309002681653757,0.49455280774346927,0.8303724126525387,0.906143975802491,0.2999003612177462,-0.1856440895461825,1.061332180098802,-0.03022068620596252,0.6492920265872454,0.4312975252511902
0.8812219526020378,1.6253367254020823,2.3180199613703287,-0.019239871710198586,1.2874728366403754,0.7148794158031352,1.3138584835078349,1.2649372230454556,1.487001620893865,0.9198872074964154,0.32734735054261277,1.230150182805491,0.8189771451701228,0.6361771884849989,0.5075796351323335,1.2409296698263512,1.5310000273690645,0.1226814025323244,1.0218714842157341,0.5147413617208535,-0.04315276407470792,0.7534010379941596,0.2515678039467904,-0.13261948415819613,0.2530475220315149,0.1172402658849162,0.2945510650059798,-0.05871320871604413,0.3925697600594549,0.2190127528155027,0.7485384369796587,0.8422022959982594,0.6598262374718649,0.3959776951285523,0.36607417677037435
0.013704350988829106,-0.008440491391586868,0.71467883117983,-0.5530613466179062,0.24952373442486778,0.09049335913561457,0.5135651135871161,-0.5373006420367421,0.1422140670631626,0.26789438617344674,-0.895775847977835,-0.5205281241883947,-0.06925454124742668,0.19377674277176515,-0.011825939880069941,0.13763028195531,-0.7214479320747971,-1.0148473723236238,-0.21637875061240802,-0.9108212841880872,-0.7655786322616156,0.09728102431181662,-0.30932710529646046,-0.7219585850119243,-0.8198166461247585,-0.1920781197336089,-0.4270353491988676,-1.1694487825801887,-1.5638268389834704,0.3247159130822289,-1.2521545050963259,-0.4001945765381163,0.06983546347392922,-0.6314669722860511,-1.0234760518472514
-0.28078267615334424,-0.32194842984663363,0.551224321478655,1.052278114182318,0.09215665522907435,-0.025602341158467157,0.5627396083052633,-0.16776827727794,0.2732151681344034,0.1173029405366496,-0.14814426795486546,0.008866782874213695,0.8582164394839585,0.23896976100509099,0.4431748066915694,-0.6019440249796242,0.36620639804931765,0.09903804027488214,-1.0084297017704866,-0.026249298395479848,-0.5895545376350526,-1.1417599912641783,-0.3389890175160763,-0.1683648368529122,-0.39499685948199525,-0.557108190601069,-0.6983134862530253,0.6711235432519349,-1.1811996666973195,-0.17972401205924426,-0.6332034069930551,-1.0912760813216937,-0.7097105280094473,-1.4017320754969376,-1.0210029170170758
0.6785988865944954,-0.0886668139639607,0.9239045798302971,0.17167396374729826,-0.0904201607412527,0.0761884234157737,1.6844303206419267,-0.41339475407693094,0.7720414949902664,0.15569466332164483,0.33320461735169377,0.7862471050636199,0.7369960324088803,0.09387169443120047,-0.2706935954036672,0.6926906814794433,0.6306527408593365,0.18430519831323178,0.5196102646071574,0.04713491513523532,-0.17245229165628256,0.21371203539773345,0.441602269613617,0.306799822260148,0.3766223731250227,-0.28856045260924396,0.8522234116382512,-0.1404432939808141,-0.05929135253887414,-0.6897423852423894,-0.15787845402841605,0.1747206428288176,0.259543333267722,0.629122561680602,0.07835577215826076
0.5706984425943634,0.17490928255622204,0.03200669302395853,0.8119142100414038,0.7654213794507932,-0.2862484605081714,0.5755470064764105,0.5003971953723545,-0.4209307281869043,0.3666306178884817,-0.46818346840674135,-1.1980106215942703,-0.1034108246870559,0.06561064158210739,-0.1606109978779765,1.2909565640743934,0.007663938863017528,-0.14690128781026018,-0.04383600183375724,-0.5168041672810786,0.13182206180905548,-0.1883571800128195,-0.24629103173364078,-0.7499462438176867,-1.2529660570288232,-0.7532319427168366,-0.39170388889391317,-0.7845202012913163,-0.4440513888993112,-0.7323659416659984,-0.42562515012428515,-1.1524548911258348,-0.5890659967526172,-1.0257428298783275,-1.492399184678967
0.7174229384858126,1.567878526457677,0.06959095063642373,0.8571749591862053,1.1943082906060256,1.943018644714184,0.5434647354282149,0.4703053826537174,0.19878311932515014,1.3476629173381762,0.33842842840058707,0.5810272225630059,-0.16449058158753704,1.1950847173913282,1.3248207158738277,1.1606494170659694,-0.07334735931148295,1.0239332022717949,-0.12543982938573162,0.7299551054642963,0.7930222250132476,0.8346397366667881,0.9354549603603048,0.6522403279622666,-0.3372969982204941,0.8986877292416091,0.6666985621015493,0.15291893407518375,-0.19455889619574263,1.3456484098196682,1.1763817675521713,0.898411506452829,0.19160199346529233,-0.744797852040452,0.8796275623341491
0.6155852316220494,0.21072568377729325,0.9252800504894,0.7507887196887508,0.37793394769676364,0.2697870988517713,0.23948292169950977,0.5151752860918062,-0.29276445895130127,0.30939377638641163,-0.403705710900633,0.684913448118591,0.24270466794658627,-0.4074108418648519,-0.06277768342154494,-0.569490034533614,0.5702947430959283,0.5909657947759944,0.08948018779062128,0.482183618746259,-0.2570194948014637,0.01289813048602828,0.20848537727499172,-0.4407579301421756,-0.4352489651456041,-0.035710597463742555,-0.2097718342258627,-0.9399008215193696,-1.6833296580687311,-0.7039490345363701,-1.6893719820501365,-1.1595514962409519,-1.12265448129535,-0.9895869121726921,-0.31303864153187827
0.951081615059642,0.6524271982169852,0.6791303851713646,0.6548501808916489,-0.958528792029123,0.2573567309197732,-0.6842302976853327,0.42977508751020355,-0.9105803593396555,0.0061829478185436715,0.33047464934395565,-0.542243111915682,0.45749836241557906,0.1900143739304863,0.08733675248253492,0.2064039492356722,-0.3613617196377975,-0.14451276558120596,-0.2536058673737031,-0.3024191373891021,-0.6689330075612525,-0.990124210462723,-0.5723060583246237,-0.6338600859813507,-0.8391663875627215,-0.07651200727317914,-1.1191241259516658,-0.6479250408644639,-0.006745116652370542,-0.16162032693806988,-0.032767949888905634,-0.9594331168752912,-0.2933669398313043,-1.2367509551916949,-0.8611946915219193
-0.4237953746278106,-0.673377908285932,-0.6168220616703368,-0.7307045512382255,-1.0206993200269479,-0.14391998385722993,-0.70288420831953,-0.5471679136246973,-0.5987234617412402,-0.682296275298023,-0.6884697068869962,-0.9088217317302654,-0.06406968891328124,-0.4058718954544873,-0.7857804396996918,-1.0229297177008223,-0.8589238825591542,-0.5864929826785642,-0.03682604237255249,-1.4605602533903894,-0.42720649348687617,-0.17269800570961447,-1.4544072408051054,-0.7727690237743428,-1.1819114826054276,-0.39833578854677554,-0.7534081760353792,-0.5968311254375959,-0.6919446642650198,-0.07836154912593069,-0.27358388178305243,-0.2201967283655259,-0.20109499228382854,0.06061449756288281,-0.29962256697278544
0.9013838008116903,1.0256074324859987,0.8188038066345779,0.7163692594783293,1.7099745751925024,0.8659214352629434,1.1927769636126833,0.8577667478008533,0.23319107316744125,1.0523485908660752,0.44423693728522856,0.7208323694310628,0.9126796980448038,-0.2176102373912563,-0.05905948646104997,1.1924914715225685,0.39744205806590394,0.4121966873277111,0.7941145616616789,0.5080986558712415,0.8992776258427437,0.6539872332461334,0.7674381691317952,0.30532793462077634,0.740715169784246,1.183671768259565,0.3340203834805761,1.061887979896876,0.5643596552112372,0.9428781448464578,0.6251171575833855,0.5287273427501386,0.7046167901208269,1.1204987052164312,0.6153366217240693
0.04614768652171253,0.5248634815924421,0.9840308272352329,0.24779037422537253,-0.7574920560714132,-0.36133220559179746,0.06172453212699805,-0.041339260868294425,0.1650301803272215,-0.421703067465357,-0.5977499727601513,0.4188263557225283,-0.46769182399648246,-1.0431102975522575,0.16708718128531963,-1.352058311628375,-2.382760601152327,-0.2793494491693909,-0.23496474321908267,-0.5069485263975076,-1.3861000219112358,-0.7824213335977899,-0.90731347995534,-1.0491867160632895,-0.08384378514875024,-1.3195354868091,-0.6414377374222056,-0.20270499071596249,-0.6061963409190375,-0.1705073624827883,-0.5003417688522376,-0.5556738297166994,-0.5721429127215096,-0.4311689409751422,-0.9101762817734478
-0.21869508124188147,0.8750785440450362,0.943748047393345,0.45277935816034776,0.01569839376415383,-0.526600668348604,0.25690261286136395,-0.49926982268455244,-0.60852003699877,0.08603645148604697,-0.3252949892598449,0.18929064032485918,-0.1030074191219682,-0.3666139941566921,-0.9555331358009027,-0.5690409074347724,-0.589829920780015,-0.8331260342170913,-0.4231538011119952,-0.8697706606683555,-0.4147888428833215,-0.2486525462670422,-0.816961860874475,-0.22518181767492476,-1.1514798294281285,-1.0586275973763366,-0.5896294658362439,-0.21864991547452395,-0.15621520168836334,0.19001030784093387,-0.8292093298463021,-0.72779348752733,-1.2018487672041513,-1.3321489226981404,-0.6089716704498865
0.04430609497139043,1.0142464383220267,-0.3683159687932335,0.5699665556196741,-0.21298341582717567,-0.15796634346982685,0.4835550955256853,-0.16273486837952103,-0.12191831943975723,-0.309676966281891,0.9491046571408832,-0.2921072932975309,0.0024164908753505285,-0.16425351118592424,0.007632935425710655,-0.44996531800256123,-0.2821702930252948,-0.023496192962642742,-0.6901352224922985,0.24851601323304734,0.2598227902831023,-0.06561184002200049,-0.36893869188164435,-1.9331868564864851,-0.25865532747704534,-0.6982041007926235,-0.6561580227326291,-1.5108591266802516,-0.34312072949590033,-1.340475526651323,-0.5817026194418498,-0.2117140872332572,-0.9201750933539339,-0.09723989408840872,-1.0967529027172391
0.7324583830600127,-0.2543360374158822,0.8784421144807236,0.7647851439969708,0.5240651650632038,0.055615821609309335,-0.4870012488143861,-0.020114807935295548,0.6911273021942541,0.16138315127845101,-0.7199287034220625,-0.5457279574674967,0.6032160825851088,0.18065966501855577,-0.7200756558063838,-1.0255125926068904,-0.4942827430545029,-1.1461515514545701,-0.336548898494303,0.9296680208371222,-1.1313955070872999,-0.4618709847044778,0.25208640398573945,-0.0633422032341695,-0.5451712512038457,-0.5757132332622897,-1.1109757082361489,-0.69599834642162,-0.4681946153129316,-0.06362823160080089,-0.9510027041949249,-0.758960392219909,-1.160117743073499,-0.5926031669323764,-0.3313679884591673
1.1148240067149475,0.21462620182747572,0.8723107592876224,0.45882256986401154,1.3010447668003302,0.7123469407551892,0.030174557531016832,0.6764043321520072,1.011365501894224,0.8994077814864665,0.5162375861941346,0.4736887435151078,0.2662261579899324,0.5557239858844121,0.31785209222191313,1.2228048783624441,0.2787465859995678,0.7814999130632421,0.7380473146394353,1.1737686783746317,1.2351675795005344,1.0275330992533196,0.8446008656866357,0.13193405669487368,0.10948271427465339,0.20828181495936854,0.993854991351633,0.6408937938861183,1.024468434740343,1.0770386840175306,0.19775554825720604,0.5614699665776952,0.5232551097408488,0.3498060792531992,0.22986654735417578
0.6489675130396908,0.03321106186006464,-0.03559452454548575,-0.4927870630312388,0.19732524516850716,-0.6911824800945378,-0.008804357866206508,-0.041869829055224794,-0.5348902120611001,-0.21420152972846923,-0.3231650710551549,-0.47706595864056595,-0.490555135608685,-0.5038821979449394,-0.5055238108951164,-0.5738895502592992,-1.187170085014095,-0.7401483036909802,-0.5578409281329623,-0.6653106331002073,-0.2579968502176417,-0.4429431112269023,-1.2034339607049722,-0.8638557646442921,-0.9455468272769839,-0.7983767008068476,-0.8009806638947553,-0.49396764792732556,-0.7082529220079845,-0.17579404612619998,-0.6616975612355221,-1.185643925131352,-0.9892006572216929,-0.4359960389343381,-1.5244908653201603
-0.24069836268551076,0.4034054418759968,0.8383379564010447,0.9803076686847647,0.1813333300704532,0.7826722334091569,0.25013301778411884,-0.590502141447182,0.13193544608100805,-0.21305184681688225,0.5157052015730328,0.003798232065230561,-0.6623161711192663,-0.8131541164996667,-0.11356557414364542,-1.3527055802494465,-0.44084432066842005,-0.10495703458818947,-0.7871399055184818,0.20084891337163513,0.2625858056376321,-0.877208629477346,-0.5528989707781293,0.05946044327651856,-0.47145466093182126,-1.1997781872277011,-0.6046813513060358,-0.9886346225667628,-0.03581602422005392,-0.31321895607555167,-0.7977933650703609,-0.5929688219231575,-1.3395717911814011,-1.0821544859814347,0.05338188023259749
0.8267573262898337,1.264762641944336,0.9148856987634291,1.4546197555038678,-0.20389900732569644,0.6988945101324551,1.6123220497597535,1.264392402736196,1.444815346689879,0.7740224530868214,0.5035823853134329,0.25274320860671673,0.21151431126733544,1.1566290771563248,1.0022971006952406,0.7044751606086067,0.9834106087912164,0.791583561408172,1.1920042136760105,1.177278331886261,0.15754638477892768,0.8163711213475505,-0.16629668105547035,0.7227674987872008,0.9460698979945747,-0.02573244755473736,0.40966312380725933,0.6089920183707015,0.7070972725592565,0.4363354652450716,-0.025412577795505986,0.5184292018394725,-0.29636983438784514,0.3973792057242343,0.27660116776806665
-0.01054307538554805,-0.2724357902355272,-0.7960073379034699,-0.274569885891697,0.32512909248041433,0.4421016723188721,0.9834100170710856,0.5628406951160261,-0.9271016507333678,-0.5772463709563889,-0.42739266799628695,-0.500165563352341,-0.4622604607331883,0.6690226012320794,-1.1115054201273395,-0.9607761340383021,0.18667497513652231,-0.9720334997306038,-0.4935249035635404,-0.1966263124357489,-0.49162247154919614,-0.6571035894253834,-0.29892380833141224,-1.22707648886958,-1.0380600653013905,-0.5283836632606738,-1.8342095935825309,-0.09143657087490364,-0.6452209159796658,-0.7145506723399001,-1.5974555688872307,-1.4136532276625828,-0.954852179288014,-0.3341756491524179,-1.7557147391666104
0.45077216172284046,-0.17279046355186914,-0.15387865519619578,0.03539824524846244,-0.005622351115039337,-0.5448430246438287,0.07619792194587369,-1.4426835790310253,-0.5538421306831431,-0.2961866887316071,-0.5884745081846359,-1.370840798218482,-0.11801343630106592,-1.158967015605226,-0.6042366509952857,-0.5274932673973413,-0.6253244130253405,-0.07953736525627009,-0.7169465087282416,-0.500227295021383,-0.7628239964908314,-0.44650836389349213,-0.07148154465464274,-0.7117712958809979,-0.39895332176189013,-0.06853799005215688,-0.12089784048826968,-0.9923731843528553,-0.2787009257059727,-0.6666809687068788,-0.2235841311997453,-0.48603137318123885,-0.6177263091194891,-0.5209045341270402,-0.589787755047852
0.5794083672627669,0.31864065802242714,0.23701472683670327,1.2083774173936606,0.5286501591369309,-0.034394571199484913,0.07529034718484806,0.7033345763984088,-0.2321196407241169,-0.6446116254116121,-0.64763480896686,-0.84785193785992,-0.6727670469732601,-0.6537296809457922,0.5895430943676495,-0.16568645084922784,-0.36339344532282813,-0.9421787289688972,-0.3301948522264727,-1.164808696363126,-0.5176260548808963,0.6633890418204673,-0.07197509432670357,-0.5427852125614825,-0.12173909110109848,-0.7633104872419754,-0.9333596884634532,0.28989435334757796,-1.1610522993931334,-0.7932456210765213,-0.4878982512557919,-1.132159931066902,-0.360208525879453,-0.8585630190237552,-0.39130254983022067
0.9950581393875574,0.5653856500226893,1.5260426468817605,0.32088658248634366,1.309875553539892,1.2038639126439792,1.4818943435544032,0.6626653365289994,0.15968709464137626,1.5699110914960617,0.34091796912229255,0.07751035437068599,0.3646933020370137,-0.05662545406644298,0.6712928204746527,0.07878600374986744,0.2107220594022283,0.8106793835398072,0.610484677791064,0.2778419419078324,0.32650325523460255,0.21785866015296662,-0.03349163414082401,0.15091135706003753,0.3674618458331584,0.028647919545899167,0.27116666437426185,-0.38758725552302553,-0.3017803523734308,-0.39757468227044324,-0.34351656177597734,0.5521922977561047,0.24130742347656975,-0.6903093662549619,0.03698747244975781
-0.13870139499012268,-0.3339670942334686,-0.7850366516866232,0.3945611213131812,-0.8222125448718144,-0.21461031868046745,-0.7094127451509821,0.10493746445215635,-0.495808600556291,-0.44025889808023144,-0.46636698204241483,-0.3061004787675994,-0.49052474368964655,-0.5564097040222582,-0.8296806348585297,-1.3913752526021992,-1.194513469678952,-0.30480295884785497,-0.8432249603945471,-1.045959886231093,-1.4377360521242335,-1.6128099760218055,-1.1198326332425035,-0.33651578359446616,-1.0684135973645492,-0.5959596948725318,-1.1010198786743843,-0.4802951345328253,-0.972792504482891,-1.4070086715057233,-0.916675664016424,0.14665154417748982,0.13938181063784416,-0.49462392291053503,-0.7859361407741688
0.5841927457420535,0.5564830076800262,0.34293352095691115,0.5472619626686344,0.39399963465812066,0.09427169723405818,-0.3836293367921516,-0.05482427143564966,0.5357331388569913,0.08067110324621102,0.2067332071279149,-0.12487190160973226,-0.5531583703463434,-0.1826115684812985,-0.6143035458110956,-0.6857414313213693,0.4210566286802351,-0.4305151999267186,-0.6293740162208195,0.5128351771094231,0.07457504846440688,-0.5546127658522892,-0.1900587209037019,-0.5557802915145685,-0.8171407334440766,-0.2651932859356891,-0.6951717596839607,-0.5244214569191415,-0.07923335498316086,-0.1605784513401577,-0.9159615383655852,-0.4210270270446347,-1.2494391257680357,-0.4800586760447765,-0.6490100607130962
0.9894896811817154,0.650997362226537,1.8409147913856598,0.34682898017894864,1.2812956144581442,0.27715414225779245,1.0421033139662192,1.0742006735817653,0.809617153075926,0.5297425446432147,0.842703038392774,0.8998306051657681,1.6549466002512319,0.31692865340191717,0.4677348273278136,0.8801296638084548,0.6012883861677502,0.6703371630168414,1.2460712806581493,-0.7091982972824413,0.39150876251244326,-0.1916364855129692,0.07022847558953549,1.8585693757781376,0.9430018251201602,1.106909687370895,0.5776296666444597,0.9835857421767553,-0.2931424393875628,1.0947865227422895,0.15080943912688005,0.2797748931361451,0.78232748430997,0.6719233033564143,0.539597998813306
-0.624958315455997,0.05713203291313512,0.43811375791624446,-0.35764177364683797,0.5171875526319027,-0.624974697632535,-0.23298317642936076,0.48467935760550046,-0.6693326437491205,0.15396517136847782,0.5713263305335061,-0.371863611773416,-0.7605356193729547,-0.9211425110167117,0.08182170444252179,0.03433653373867185,0.08941657152631366,-0.6804620035161513,-0.1714117579678458,-0.7383746929328883,-1.1763995407193906,-0.19089801342045298,0.048705945960697994,-1.2908431970077547,-1.309593982003725,-0.7762114903781933,-0.3214256611049054,-1.3666380794242268,-0.6834092351006034,-1.086280025760351,-0.4317845801542011,-1.169292075710659,-0.3696588470004935,-0.8169979797090714,-1.185976994907839
0.26484879214267765,0.5359952230859263,0.7687127933493817,1.1417261089801525,0.0037750584173551482,0.5111015699897699,0.5885949466804576,0.7446948952543592,0.13146657528235994,0.6686383607284002,0.6168938108638298,0.2475295027058525,0.7009945650137485,0.4825142476593141,0.9934846467396681,0.2950981047716174,0.7742323424296036,0.3161632632675075,0.4110182438968626,0.8495807682848789,0.8078423014424266,0.47103703632347527,0.5334313848752368,-0.0705460928128594,1.3452999134341321,0.9748554237808571,0.9436185169732287,-0.19328727871730722,0.29239481812791845,0.4083643023956776,-0.40479924761017616,0.990407850837145,1.256694193356712,1.5446674020671138,-0.025653939142336712
0.8586617484171369,1.461128874123864,0.672069915085938,0.5139848770677669,-0.13748907779833197,1.3593145310278327,0.7803008486148764,0.42163475547434265,0.9240578622092134,0.8539074365043993,0.8562651441974204,0.6577764072873433,1.5711574364797734,0.6862689294208542,1.5553526136464668,1.0198203484738855,0.9049003527462417,0.6637203052430639,1.1978737097492291,0.7574308382211737,0.22441782746458305,0.19680203211363773,0.8793790050087067,0.20256768715865475,0.6128022296575324,1.1597194941173887,0.7698795804848423,0.24316139459642655,1.2951335701806315,0.8495749353548397,1.0696279920088747,-0.5883463688055496,0.695178388214017,0.9347788422552534,1.3474322957655276
1.2448745214070343,1.0565384340487554,0.9308903790575915,0.8176394393588996,1.4140851128682619,0.38045681547444987,1.6530988818798522,0.14269409470382632,1.1728850801059953,0.07482281994517548,0.6142828169066448,0.8129804074811643,0.5166306826833337,0.6622640112436197,0.05220635151941777,0.244036650912011,0.9784476349633173,0.7351935943708641,0.36563135006551534,1.3630738359970118,0.08051798502624097,0.4987528946806241,0.4153085549523349,0.9637759436224249,0.6679996037123793,0.5770446015745445,-0.3042138603959441,1.036746070076847,0.48122690695669335,0.633467825662699,0.18644988835989135,0.09251842139056532,1.2793958283204874,-0.3729193650658996,-0.02981153927485436
1.172487921029052,0.7184300288127085,0.20014563126925208,0.9500881098516525,0.5133162617793434,0.36858793590342465,0.32678007145087873,0.40782445828168007,0.3888199649689193,1.1943887419418717,-0.040856644502173564,-0.0653877318316279,-0.641806211626388,-0.08924540445589615,0.8283678543359896,0.3496456566977345,-0.4535955476921336,-0.2054515151989679,-0.9068508412833001,-0.780704337230183,-0.2581968929308551,-0.6160854545115966,-0.9261767783690952,-0.19296575001527105,-0.5119259371309386,-1.286314084023711,-1.5705943001077534,-0.8471762107059703,-1.3840475441537605,-1.550640706473173,-0.07643029173650429,-0.7128982731208241,-0.8182341918079095,-0.7994686647780034,-1.292173789010134
0.1866277417506541,-0.6523151822092741,-0.5179636931842726,-0.7006776971678661,-1.0976970898422658,0.21273305685030375,-0.587650298303357,-0.1042269962540262,-0.15825627645536733,-1.1936295949895255,-0.1268083560794102,-0.5044059999400934,-1.2937190554071574,-0.5618188606014144,-1.3064553985192355,0.0038266842715295457,-0.39262008873356574,-0.8308780219599546,-0.15439427953211649,-1.565030303409636,-1.1317645228677857,-0.8622696849691174,0.4067943348602695,-1.217435035845408,-1.503305466934245,-1.335793351634428,-0.12112477525480242,-0.8288577272669616,-0.5659600928100895,-0.05702694467282282,-0.4671426760610774,-0.23358680813132587,-0.013798331019707621,-0.44096913864329346,-0.2517951695094658
0.5532195458550175,0.8321464748399916,-0.033307734949862555,-1.183498008207564,0.6296777782741623,0.7161158492912573,0.31401614396475586,0.30935195915270103,-0.1461812327498923,0.34649392626135533,0.4831731711762566,0.04488403295171615,1.222264547162602,-0.8451672548810769,-0.021594760008246394,-0.7297733256782509,0.2581612862239753,-1.0112099114807012,-0.9255924248496519,-0.612738135355632,-0.20000138431001419,-0.6665938474321789,-0.6965975149794326,-0.5283313598472599,-0.5919209733350299,0.2411857959810707,-0.19006525718937528,-0.7244588313111653,0.4585909831738104,-0.37035441580984135,-1.1253959200943213,-0.5357859581922556,-0.4177547302625006,-1.0490781162333032,-1.2495121690166686
0.843229545021221,0.6196088538956355,1.5384430987871363,1.1680567460315632,0.4751321219306232,1.0059723576162525,1.4234952980139286,0.08940346200604887,0.27074009680090727,0.7718204412753012,0.7899365769726419,0.7402266857192508,0.6045897677042517,0.5900686348260553,0.9378206438956289,1.304733162093373,0.4888389165211626,1.9395573544674685,1.691241080846427,1.3655627692222168,1.0017251023021299,1.6835421808477333,0.5230790115418665,0.2399549237467854,0.38093172844178996,0.12965582329680214,0.6787951526943603,0.754144061824672,0.6905597337131153,0.5694216407665891,0.6273087624926378,1.4135947072240462,0.8397778829021858,0.9749543223677174,0.5926829429599255
-0.375552504539527,-0.508884396921374,1.4042818922447193,0.06087881509171522,-0.01848946849462718,0.3750895106048396,0.48920055206463386,0.5136364183416395,1.0231829807601949,0.846770406822864,-0.3488768509852484,0.5010031489533686,-0.21540507694643038,-0.13205108326077541,-0.6500701984121013,-0.9891332714352984,-0.19754253207061412,-0.6984631555152331,0.20527518579521542,-0.4366837868410905,-0.17862235976277713,0.31490472385634566,-1.1465244745709402,-0.8001948266590608,-0.3803590815213518,-0.34627649026656104,0.018727933612303627,-0.12859389689854417,-0.541448159567627,-0.4644826679392184,-0.475376946942302,-1.3988990105250556,-0.7636987413726386,-0.5810291477040828,-0.49398228422109564
-0.02993987533756781,-0.23634211795106397,0.24561060088142167,1.310473008253073,-0.11973755278299542,0.8392220135936197,1.0063688844222298,0.19793861279103003,-0.2039502530065327,0.35281199732300605,0.15408490738391026,-0.4129161278526803,-0.35276103102691914,0.16349321502727854,0.36364460864785386,-0.30399194517728745,-0.21632845819849625,0.1138470877959297,-0.3448750955777704,-0.4458081517289719,-0.7105878791013268,-0.7552004647883858,0.9305644954317418,-0.5359869624237581,0.21172826695183533,0.3394577705813441,-0.6248119617704389,-0.3779555572014587,-0.5386757314164806,-1.4222761785671842,-1.4169013985616281,-0.6396185947360413,-0.897967771999456,0.24052441249416612,-0.8415441829609582
1.0320542598682247,-0.23097049956545793,0.9139332914790972,0.16181402287673213,0.1413649778473535,-0.44451070804235493,0.052201467913296745,0.5633722074578194,-0.4010464344293845,-0.5427259780033681,-0.5393811200074426,0.3526701562677274,-0.06935152218075807,0.18906688569385932,-0.41366829198900607,-0.5843508875422366,-0.42326597037270774,-0.12896356098190775,-0.8138743500253307,-0.029616500691459935,-0.5519567013822726,-1.9561254749917185,-0.32648247962580706,-1.416694717248086,-0.36029212021639623,-0.34544345837417245,-0.6345436652848013,-0.5278880331089031,-0.24748170965656302,-1.0388803856358388,-0.3854843002154629,-0.18883701348419568,0.12448095163165607,-1.290780717330069,-0.5131487005734335
-0.04850275483622046,-0.10390417053736734,0.5423907833434519,0.36551786010539516,0.8623869428423314,0.07916966511911033,0.14697334480116442,0.28095748084352556,-0.2949407113980352,-0.2651327070140722,0.6146390942204389,-0.2578416583980805,0.5678786653838117,0.24035957928876017,-0.8768411081808876,0.12259250139930036,0.07947823579259392,-0.00900789320396772,-0.32957001668230806,-0.7661783927769557,0.3401889138185963,-0.419647947462788,-0.8455799638475701,-0.20915178934021297,-0.8421908791709054,-0.9770819123207519,-0.7207571231250787,-0.8948693435778805,-1.0460360984252839,-0.21297912210696646,-0.6978287996687467,-0.03790285543023164,-1.1127657415601255,-1.5690462755207966,-0.6488725389889409
1.7279894609032078,1.0652131542296543,2.406566252665831,0.9635083944636501,0.9132958646179588,-0.2846780333870005,1.003904946945823,0.8706395649655195,0.5784186181925148,0.7090153163855316,0.7380853058490352,0.676360861984649,1.804835838661071,0.5676677821495607,0.8303484374117431,0.5358113435806833,1.1210308746873163,0.808739531868245,0.5709400763910282,-0.26204901852141527,0.812137547665724,0.52475999082278,0.6377663655980201,0.06502815611923596,1.3605588445038799,1.059498812763779,1.3332474903579914,1.1777184801512774,0.8862984654362925,0.004496062494267594,1.4824250804427592,0.08161522735534643,0.39554813704516306,0.8671510643787671,0.8755583682102339
0.3427081248064414,-0.1929190421622307,-0.3456327325031071,1.1758680587061272,-0.15993793928816186,-0.26951442199494824,-0.5930353677579244,-0.16064933454732716,-0.22962128711028035,-0.38114067467220675,-0.2251365271834554,0.4243831049856856,-0.7945534788267505,-0.5132312384406399,-0.8944038735064188,-0.4566613855183387,-0.9194727405952337,-0.9267643239052725,-1.4200769157592112,-0.6650576059600157,-0.5199871689627223,0.17725177061951813,-0.5334779525834817,-1.0053842722657544,-1.4697180443964348,-1.4068459603259948,-1.4473041337113917,0.13929253517744067,-0.6530118551153714,-1.0825496583614216,-1.2621289326433343,-1.1984025851596747,-1.0602100443907725,-0.07976296617264111,-0.7323784565961924
-0.6053079609642671,0.8600840791913823,0.41938155470589394,0.36860226666058044,0.04354680335614214,0.11092208686330995,-0.8523361346625693,-0.22717908046047575,-0.7930141876247383,-1.0674978298515865,-0.2105231852233827,0.12168913159428113,-0.6887115377953332,-0.6407795557089709,-1.139554969772661,-0.6004019928872038,-0.255199933713817,-0.26827895982429123,-0.4177271409159321,-1.023170580967121,-1.059936501628787,-0.35528416935616275,-0.3622297270700386,-0.8665397033330412,-1.0029644543362328,-0.2125789107704057,-0.9794642963820288,-0.4267623702853592,-0.8653386910076056,-1.3148329392489753,0.023956939945149136,-0.7103167170969757,-1.1109323370816249,-1.4332934081878195,-1.3624071321857345
0.24578614264721121,1.360621280080178,0.07054595780334061,1.0505173688804281,0.22450436927979692,-0.3383173056346262,-0.022606531325528145,-0.4652886121942883,-0.29201051166173425,-0.34647181544406547,-0.8953121724064708,0.773033896649837,0.08214889727010974,-0.406435913854438,0.0078032777802746894,-0.5603370413406246,-1.5172926584393476,1.2578736191536644,-0.1638317151522729,-0.5906511847384122,-1.2998748750764304,-1.1159330506726501,0.42336908109756666,0.3130831420150163,-0.09419337580480286,-1.060077417383098,0.22196617696464593,-0.33727915244666695,-0.2624527482572294,-0.39309953101622286,-1.394408484750599,-1.2631233035616216,-0.9406200858993388,-0.38344590293607234,-1.413473754735222
1.2068082682257275,1.5180039154120721,-0.15473038094454494,0.8669541205166527,1.1532267795959354,0.9189851042059913,0.9790091944550403,0.8544172661442055,0.23500530411398735,1.961427545992788,0.5203666613622251,0.9834060578401335,0.436558518555377,-0.38483279895828404,0.28343513861033004,0.013958539136217696,1.2750990509776208,0.4169236738599141,0.4538496933862874,0.1687695981303079,0.7375011343789002,0.3213188694320151,1.164314059664965,0.8072767912864831,0.35800486528155817,1.0562437507603526,0.6218647530492944,0.6149772826057759,-0.14117763749340106,0.5400942504648321,0.7215038180658292,1.2122162138982744,0.1538051341309825,1.6527542357580622,0.7757221330310246
-0.7031161766827414,-0.41537385854046394,0.6683326632830398,0.5302163458842564,-0.1312342292579938,-0.11366987814660423,-0.8185622591515334,0.377736861034865,-0.8225162307865493,0.049342985241649595,0.2600213337551705,-0.43330786912573666,-0.013221442620202029,0.3890467444711472,-0.43649524762577185,-0.6916614741471258,-0.6686644186837823,-1.035536779524222,-1.073107125099835,-0.49275161545700175,-0.8168468909898532,-0.5892018175509967,-1.51319726810469,-0.8268516232106647,-0.2748195755081584,-1.3556645959812648,-0.7912267569081298,-1.7270331379964552,-1.4496481147151432,-0.38723610489145033,-0.936841276723177,0.14068776780655734,-0.5393387919254268,-0.47259274185555505,-1.2556477580147671
-0.13596292708806415,-0.359092892521492,-0.5748877886006626,0.24054833745112664,0.29197696284609465,0.010839867408194065,-0.6502907189015411,-0.1176194915340747,-1.284971888132144,0.28847706403396095,-1.0650749383961167,-1.0176151374547229,-0.43938099089620497,-0.4326933294206772,-0.6068539464570332,-1.1590745364223007,-0.06856399310637795,-1.5070174287228029,-1.4319497239556207,-0.7674463833470938,-1.3669889708374048,-0.1416737678386668,-1.3573365108848616,-0.0020286345119385762,-0.2723174176676033,-0.1786745897394637,0.14406302750121736,-0.7591145204993671,-1.3034044014885353,-0.842570486614796,-1.0655319327711834,-1.124944301219575,-0.6801336287341669,-0.8937426814040905,-1.0935115752258158
0.3095406484008827,0.6725460704152341,0.8410855004368099,-0.4746720038881689,0.13828566041706786,0.1815862871788627,-0.37726094821414613,0.11535248315408356,0.20997151909020692,0.3558194881343887,0.09516877414999748,-0.42383884275630385,0.9826553959448924,0.35126667476541196,0.17328427688851347,0.3598187839858744,-0.05945708984923116,0.4226782453013671,-0.23019567834792054,-0.2952709349439377,-0.015303229842111965,0.4193206200440915,0.3521474239647675,-0.14146233325421936,-0.21249496451587685,-0.15451769262994824,-0.04021036035556064,0.08719550828777789,-0.7082070144349215,0.0428456416808497,-0.46941733540189395,-0.3385770169382028,0.005463658071839572,-0.3317346316572896,-0.2652599320372288
0.5073567828710877,1.4360474872104443,1.0185566661243304,0.7165873431233132,1.1859775117120748,1.9103125402102084,0.011990988813215808,0.1737710053958479,1.8966326050233135,0.7448602199834752,0.6037035424262585,0.42658876989237104,1.06380467547514,1.7398435584172394,0.07562413754630704,0.33318183103445675,0.17910058007073143,0.693222441116965,0.9098347915282556,1.0805160482895615,0.6244256321712517,1.4713973404590044,-0.10529059253584827,-0.2650955887324209,0.8567131797447911,0.15314514383348732,-0.6266873124485156,-0.12728435213022643,0.1279958002480585,-0.353538549587133,-0.5682812194270684,-0.19521279385987889,-0.6539786832594661,0.16571771257732687,-1.1536640992008929
0.24393947272374644,0.3543559834677925,0.8941906458344564,0.7880038280164814,0.38230264776088535,0.8475273821026084,-0.2577440265075318,0.7138737933136181,-0.25924064285454096,0.7162494805260146,0.04991652894917171,-0.9825074760263948,0.34171896417469,0.3414761687050029,-0.3313656226807109,-0.32822663371660205,-0.2615343156967716,-1.183048103772746,-1.4409957400383744,0.3546681539841649,-0.7449513029430024,0.5587739016868116,0.281324016889571,0.34571152475065225,-0.7959503700378541,-1.3067394916434818,-1.0764619703210367,-0.785397824995299,-1.7765298388583166,-0.8538978477999295,-0.7417539061931023,-1.311253313981525,-1.205753551818074,-0.8155650172930298,-0.5451144394584984
-0.013169489305610349,0.5441831431015163,0.43129990113438954,0.3502328822165214,-0.03612085834694956,-0.4144319081014765,1.0622250528500399,0.49035830790314616,0.6388395408505618,0.054587373074432156,-0.0254229597959066,0.2619657026051677,-0.9407037930671538,-0.6206184457219595,-0.5019630344506064,-0.36988005579047484,-0.6216095154895468,-0.054068634834237184,-0.21790803625938482,0.4002876797946588,0.9039621093185672,-1.0002832731755866,-0.3302242766956634,-0.36512319328073006,-0.4778999286866079,-1.0449511836609422,-0.9916195398451344,-0.4419676554607836,-1.062590009086615,-0.536549017154342,-0.7638897847103496,-0.5932138766275367,-1.162161237912375,-0.6265311355353607,-1.163734005351944
0.6678618378006569,-0.14761918614312475,-0.036168884356076576,-0.41280212571589486,0.15869333695812396,-0.580373900513055,-0.6827523808286625,-0.3168832779727663,-0.9415645730512301,0.428038038949558,0.5476335132935393,-0.6841806889463988,-1.1903246289598837,-0.36647709009066926,-0.8115309062156029,-0.01666999966713667,-1.0288112876729758,-0.3917862169739564,-0.6333184340355517,-1.0520857526765581,-0.6148470656692401,-0.31372012673920474,-0.724804933650706,-0.7318998780539654,-1.2262702144802273,-0.22410005854118764,-0.2772166749038135,-1.0050080768904983,-0.8590613333200542,-0.08395621238531181,-1.34898454059043,-0.4682044692833231,-1.0348672337031473,0.15114836407560317,-0.6856833687346491
1.4301892590700214,0.4190560653180891,0.17461481339728102,0.6803491053885496,0.9268614879473317,0.5376374611337515,1.1690849397890424,0.6813289010506591,-0.25858936358851947,1.0538107395115672,0.330867063446546,0.5855267476124217,1.5365439588677683,1.6395046581126103,0.45794485793840867,1.0266552005897067,0.4531780361540537,0.57692119243284,0.40800765552699253,-0.1612368857660662,0.7380110468882036,0.8236308210857388,0.33263582138600156,1.2001529854604571,0.42587764959617236,0.3125213124123356,0.8811460505917285,-0.16711216522546413,1.0434793302239647,0.37455273816030754,1.055374536603875,1.1894980657136796,0.8498286702612146,0.10771327770115113,-0.12812787862567077
-0.2847944869731062,0.949512189164037,0.29547684104037025,0.02717905544190158,0.22384512781189306,0.7925684943932989,0.603368955579445,0.3944584275288605,0.45491674303339535,0.1864883932423676,0.2076462899823747,0.12714847781799743,-0.023390240654807912,0.3133902308702537,0.07756545766377748,-0.5829543600730727,0.08267551700685707,-0.09684866426995813,0.04707508096674684,-0.348248121888544,0.07295268764586499,-0.3995624285344487,-0.041937040379613544,-0.6661218903594726,-0.6644279208537529,-0.201512636573129,-0.6989075138962314,0.5407208859552375,-0.30669247904348323,-0.6037232601607456,-0.23096450405812236,-0.9043830331764362,-0.2240035930786491,-0.2576481483708627,-0.09649068472387401
0.48166128383800955,0.07552508826673188,0.36563599098499366,0.5127392262166909,1.469046118691401,1.7139033058938333,0.7687843920461743,0.5803326208667886,0.3790260353682656,0.9438579739367217,1.6025593991062332,1.3772070863175894,1.028574981292337,0.9958711695690241,0.8243733510400371,0.35797487177485626,-0.013809966915733496,0.3163829080433552,0.5098078737686449,-0.45676729373614444,0.1645911261780071,-0.20123523245844094,0.689006479601929,-0.1226795135944242,0.28615119907718023,-0.2582811624324693,0.8601325122395826,-0.8196313345787946,0.23808666162140502,-0.6690432648534218,-0.31561720112219954,0.011695126245311466,0.00596654257980854,-0.03721438636508255,-0.10588710526671948
0.04483511529284945,0.2554611287816534,0.3039916506246342,-0.10067934842364201,1.3379896460676537,-0.2010626049538753,0.9614865583672418,1.1921473823334838,0.6353312400881497,0.4432209375494442,0.8885568183884442,0.7672419387479217,1.2617307883062985,-0.5611617741469133,0.28633783741075053,1.0185503272318144,0.7545390027526061,1.096374761480575,0.8419053510961,0.6335664228115198,0.5393392134745968,1.8420756355504486,1.4356098310573264,0.9040096787895135,0.6831497048679895,0.9001934995185602,1.0313118504741294,0.813642172613055,0.21444975267928268,1.4678927007197442,0.6838356122838396,1.552397817994009,0.6233256925213109,0.39087324800253975,1.1893580366397634
0.5828353237333954,0.4647681555680263,-0.23730520568083524,0.65689885527524,0.04323101210338473,0.028362285379227775,-0.031275359802915986,0.3947222670220845,-0.6317144224676521,-0.009020455869010305,0.5467292568888513,-0.6061985724275298,0.0630798626262615,-0.37899642118080434,-0.3049221551692366,0.6849792856753598,-1.007006267526974,0.1623429716261978,-0.497595787879409,-0.5599766576538634,-0.8886986404818475,0.008091665535447656,-0.4995791918218942,-0.5967208392815433,-0.4158824292022394,-0.5876824610490916,-1.5333647569006215,-0.8075825529075225,-0.1421945269588345,-1.3694932352940001,-1.1858838423657243,-0.8774385258874405,-1.0483227120137288,-0.719208497773433,-1.2697960894530194
-0.5268447311424004,-0.409455067986594,-0.11144485952408872,0.13837810556024877,-0.66027599140282,0.3719033837627872,-0.7036114971546574,-0.23344861145507462,0.28514197002572195,-0.6400052832350663,-1.4216352907039786,-0.7106611931109391,-1.0790895672731682,-0.9234602897583928,0.1975169851624058,-1.4107842113297284,-0.6492800500416847,-1.2341643810252991,-0.9406250592411656,-0.4016153134556253,-0.5980119010712536,-0.8485759585797262,-1.0359481684848033,-0.5241544893318982,0.20419086251277707,-1.0642765656971045,0.38159923287128317,0.06798713336504247,0.19825992316310076,-0.2842270750452643,0.19746452567282563,-0.8400757516106667,-0.6154278587488111,0.1572759642970105,-0.020714111932715634
-0.01759986791472226,-1.2440792468013968,-0.2599039428444553,-0.6784251157460737,0.10648618561750609,-0.28421299395914806,-0.5504073943718,1.038470732229346,0.19045455094780173,0.1549085003579706,0.6851077217636881,-0.05628975489393645,-0.8825041304177341,-0.9787212853875682,-0.08802826785402346,-1.633687705818741,-0.6741278054128069,-1.749605016966402,-0.6408934745366451,-0.2869198720138764,-0.5951642126133948,-0.2839317264913305,0.214184277651553,-0.8523114292480991,0.6139468910860506,-0.6898674794081783,-0.3249074326302257,-1.1052598398297837,0.01273988623678457,-0.27021144945916054,-0.04647347878270336,-0.7430964540757364,-1.3832691293292279,-0.5076918544875142,-1.5659166397290756
0.2641489428835357,0.4935970566295069,1.5514890433958457,0.4860642586782962,0.3596549381228582,0.22074167789856872,-0.45704638948283893,0.21811826968093706,0.18741505238857908,-0.38790203223296527,-0.53678304588002,-0.22414947914139272,0.00910687144531552,-0.2920738017361162,-0.6285133202621805,0.00203928148255908,0.08767173633014477,-0.15982334284849284,-0.5401230104292694,0.001275845535099518,-0.4281861141012045,-0.963400006773945,0.11424529382081317,-0.2611321227509722,-0.5304460466521462,-1.2880650005955538,-0.9054509565914651,0.4471123947726203,-1.344086003373345,-0.7418596430586922,-0.6490827736143568,-0.5038044334824003,-1.434096470608365,-0.6181776285003288,-1.566310444849489
-0.03966135975430218,-0.6743987206883549,-0.8969257567810076,0.829128040108065,-0.5759566494002416,-0.9139729066647713,-0.25836598423626456,-0.6732832031972862,-1.223495058968719,-0.4681327020273114,-1.1614324644531202,0.03211587936306226,-0.5260158082945114,-0.9246844885352087,-0.7402979470741452,-0.347758439168694,-0.7065328344142147,0.2657509877523372,-0.21886233044294612,-0.5302327972773062,-1.225586809562007,-0.8095038760499271,-0.4716105208262631,-1.0936242932877747,-0.0029390585824333737,-1.100679265274313,-0.8928455588805542,-0.8129111844449739,-0.11450453030921631,-0.8409114490954515,-1.288088647291649,0.20835930749550274,-0.5035990473773362,-0.7598847587391543,-0.5460659161458938
1.0508731372761255,-0.029890063552204083,1.241341426240166,0.6090859033113609,0.6850178627719655,0.7749941401492513,0.27033873602420455,0.2372330585937027,0.7766437264173471,0.15208146334294234,-0.3074986620641426,0.30951514232358573,-1.080181325033507,0.5964826897347197,0.5671439725461259,0.4564864895419458,0.3981243054343775,-0.2625598601301719,-0.31197284573731393,-0.9109647099664577,0.5411031566178099,-0.6113672396145091,-0.2339342288039456,-0.3108634909068281,-1.141010484606355,-1.3748764102397941,-0.5302275065901851,-0.7890485202245977,-0.6346334020546642,-0.08347718813622973,-0.5284428171690356,-0.2847815578058124,-0.4628469216073691,-0.8634328533225448,-1.224159297210181
0.9323589340567342,0.8416660492216991,1.2564573233117886,0.7220287991278592,0.6468489864161522,0.6782536102511583,0.3305679091488359,1.5097606573661027,1.3519435946026641,0.1708898354360434,1.1741096640063995,-0.1561770935155018,1.2526229736536019,0.40492357049822747,0.9256418543239402,-0.22699295949704923,0.12996316552640086,0.9547091655068463,0.36044127128487874,0.2809535192460768,1.3884142837473976,1.785027733249093,1.1366436624513123,0.1103168438743708,1.5256774245526319,-0.14958890498234811,0.4656487645000124,0.631617713254487,1.5521587362919362,1.0319668856333517,0.3288526510070702,0.07295466740922679,1.0308482759842712,0.24702044545512902,0.605658018549019
0.11511175537044227,1.0843486671607536,1.0432267274331541,0.17666880316001987,1.3113313154097335,1.070376206263349,1.1599433530416077,0.5969663385808085,0.8716074229380045,0.809094184347729,0.6980503906430098,0.8515770775336038,1.388199843996282,1.2905741154040284,0.1547612367503861,1.2304627937272565,1.3248869677393937,0.6447688452059585,0.9651189148751571,0.947935788083685,0.2655001266841983,0.4885699838484915,1.0435418134673742,0.4083460113261771,1.131667537774936,1.2836134452667238,1.189730412527911,1.5941311313455286,0.5447736732270055,0.6642378538420205,0.7210630222881501,0.5152338403037324,0.8008414361334661,-0.34190209044068776,0.5997406689627911
-0.6462022802045575,1.0111160574088243,-0.028611442255913763,0.22966266883676795,-0.1371553832463406,-0.16545438035653545,-0.26730882219319135,-0.8432074386200221,-1.0858774164164395,-0.1799148834475657,-0.3220786469418152,0.01175480299436249,-0.129346712360288,-0.9390292059165355,-0.004183992770204981,-0.22149696835389404,-0.28981720497935654,0.4606205678012266,0.33166415252269577,-0.3689981140924102,-0.45227337699644604,-0.21215881509178924,-1.06020607801359,-1.0654568394126198,-0.4531677970074333,-1.2244405020570417,-0.5031052212137779,-0.7213123992791549,-1.2250121558746159,-0.7781332935863255,-0.12965833399749405,-0.7291634396357954,-0.7122865233285948,-0.5733979348479191,-0.4878124716215131
0.26682161165391527,0.5731873622969055,-0.1616582826549049,-0.0727455757096182,-0.045688350456472515,0.48713923473326903,0.2941154766778084,0.10802556105245668,0.48135870911283624,0.2858332568650612,-0.08839862865727358,-0.500979559167432,-0.4332140184544075,-0.7967014437418329,-0.032790820361007,-0.5736662357464297,-0.429423166746405,-0.2842675377740423,0.26336594217454007,0.16825063407738006,-0.3602717048647011,0.2638935915987794,-1.4100511383403165,0.5007241424990392,-0.12455103665198419,-0.45113725566822654,-0.9787006573998909,-0.7812041444840754,-0.285239524643976,-0.3001453114721391,-0.30671820714215353,-1.028291195371408,-1.1504348592027627,-0.6076631345263757,-0.33833073472791236
0.8015924247524293,1.540461862991237,0.8154478856544707,0.7971245120726126,1.130799754570248,1.4026183709379776,0.11530359674928636,0.2272998309380747,0.6254984984227643,2.3568756422093986,0.6414013117496588,0.7054339669453965,1.0691543220020496,1.2415632474588023,0.8305841337121924,1.319935632793915,0.1323296898524161,0.33731346951077906,1.2921388382660886,0.7064065118239132,0.059258132517016504,0.018279161804051758,0.2626662913692183,0.6573199008208608,0.8776075430071765,0.46659722486977334,0.8103940861574349,0.38569558641399293,1.2020999151810206,1.851557364143667,0.36442513236461804,0.7853992081985746,0.7289573611577,0.5830476371952694,0.8239134472871772
0.9414766440022118,0.45136493014315693,1.328986196897612,0.7543876079464523,0.44304010835034185,1.8379985532536596,0.5383465511463832,0.7031092375693638,0.6417001228955393,0.4665654933556842,0.7326010556324822,0.06178168617764107,0.7578583682509489,-0.44495711018411904,-0.24081646771558474,1.2944824682133813,-0.2736258690062288,-0.6531894733111044,-0.3170700118301255,1.1400782902213702,-0.654864379275246,-0.26617614645857957,-0.5470103430906352,0.015110088938926902,-0.09596941600368174,-0.14864926932819778,0.9893497489616931,-0.5687905251302758,-0.05092741665913386,0.1388861925269116,-0.551055506915846,0.15189676502636032,-0.32161722035526424,0.035306726182138926,-0.2357613015172962
0.6684718310552242,0.5558307237943825,1.219444625442819,0.7222356759140526,0.4460732110589948,0.6007184186547965,1.1745335510961388,-0.01897091566714626,0.6044247645045471,1.3126960847529487,0.6880272069684956,0.9027338045896015,1.303362839366688,1.1992636227506503,0.5256621889648535,0.6725651091718685,1.1816972322298829,1.190092425524091,0.6668703003187983,0.6741621282859628,0.8243252822882745,1.3629984726213018,1.2019197543705489,1.0029504816414119,0.10458312011183635,0.49371052156771456,0.506751154692724,1.3134713460625367,0.4707076187827429,1.2023587283962958,0.27538216314128783,0.2999908239687222,0.7704790019892143,1.2977732768511854,0.3913994099825929
-0.8491420862360874,-0.3840348628560619,0.5118576752226901,-0.41060806068355815,-0.1428952096168673,0.2584288652353434,-1.0106845599735605,-0.014657544988293969,-0.4464305646099416,-0.653187643456482,-0.3445024582748678,-0.5179686002922417,0.21138049115512036,0.5349666822960548,-0.2852890212419513,-0.44065973404301173,-0.3888641763334191,-0.7745657514288417,-0.9030026013006418,-1.1189218915276984,-0.9976779483968007,0.44713735045494435,-0.7490874013616151,-1.9087003682660986,-0.76432936304478,-1.297746166558602,-0.5032783470252779,-0.5863472890373456,-0.5619721535869694,-0.6365480426104383,-0.8272700447474215,-1.391990888958171,-0.7228380386808698,-0.19580346213478206,0.1835788282839529
0.583070385859295,0.6220867426937615,0.9209269001307145,1.4001752639391167,0.3922920130132499,0.9627229498051277,0.1850436069619889,0.7405618119902404,1.0392820389145565,-0.11391750444261017,0.24569634210136565,0.9616731890709543,0.7676672902468176,0.9521929741695234,0.8324382311400131,0.21106843067077086,1.4540592185520098,0.3952449480840233,-1.229216401869132,0.12887646943435335,0.006480862361447348,0.6093555285208347,-0.04350675853120706,0.7016596853934999,0.40109071929004037,-0.40831624669971117,-0.008903818546587651,-0.3570195884492023,0.09254579662625644,-0.4211598642510161,-0.02373326062524319,-0.22755110109214657,-0.19782360041852232,0.8736223829862604,-0.362004289108072
-0.9106267824744327,0.5151382708694879,0.46181103207563434,-1.080868312495354,-0.4907307806422787,0.029276548747731335,0.02584450831998572,-0.28534639080916546,-0.3197199979326764,-0.8423215068616514,-1.615924207305242,0.5673680128562772,-0.9813607645346584,-0.4465202645094588,-0.649903645060809,-0.1554117897943797,-0.5777893831669448,-0.5873223516421777,-2.007474352735863,-1.13062453364098,-0.3625554566157122,-0.42565229344066485,-1.2440556049870102,-1.5695565019776558,-0.7265888471919246,-2.249589481891163,-1.3738270901442866,0.08035205503040532,-0.07438343914167211,-0.5474418693479026,-0.628530972826074,-1.7454340572249132,-1.1258939654621414,-0.8854748732831054,-1.077113607817912
0.2571201772405797,1.0476690504865287,0.0919653665048007,0.15632036242894318,0.6596518469232147,-0.4574799693851868,-0.2061032265197534,-0.1936559442039882,0.16376978759606653,-0.07607881825293927,-0.10008069333940464,-0.31579113130877356,-0.5587747479484084,0.24127475105990165,-0.2719776549175471,0.16691264555409288,-0.7375753409950434,-0.5530932763344316,-0.3692231674141856,-0.360078183489135,0.044266893728391044,-0.5841127978975494,-0.0305057622744484,-0.2504141281043698,-0.5242271988457513,-0.9781882964264513,-0.1545831842921993,-1.0253391950756685,-0.600555162511636,-0.6431552247058858,-0.7444624637461883,-0.8587026896808351,-1.0965493501759935,-1.5137339753876682,-0.021355347193473095
0.18638011256588718,0.33400079075464667,0.29576320517349136,0.8745921213217001,1.256483314340159,0.3321815997105583,0.13549772867121107,-0.3865231539052728,-0.5858205103861895,-0.7905852493281572,-0.34133271842757174,-1.0287915364140834,0.516055359029025,0.1482514109513252,-0.22889585277881,0.4120951458608014,-0.7173397144561071,-0.6304627251418877,-1.2255282936416751,0.09103218242907629,-0.7380881123923508,-0.36101034646345836,0.09741131660745272,0.24753924536549332,-0.4853740695495619,-0.31042018004251315,-0.9849459400456895,0.27951621008492344,-0.6729902525826796,-0.5760425273037858,-0.84434142856916,-0.06441832898129951,-0.5857140411535631,-0.3247984679958168,-0.546278643624208
0.3220371530865094,0.8627911189631774,0.5355349944281524,-0.1536995777162909,-0.20471948832335124,0.32667125443203204,0.6677280140934837,0.994915623927635,-0.7526330144702085,0.10923214004325381,0.30141359242166055,0.16447042973985548,0.4813039346758235,0.26447027720036403,-0.5958256872265899,-0.6499926888649592,-0.02553424767860754,0.2747805147516522,-0.18692287701445495,-1.0851111998651686,-0.8565031768958503,-0.023100225168704858,-0.5781994291384522,-0.37890748078257314,0.061908125771602096,-1.103643421988169,-0.7401421449748363,-0.8236068681058151,-0.4122137041690633,-0.22974091410184994,-1.3810486208869377,-0.6668110077713124,-0.250846450672052,-1.6326589824330466,-0.7554539343334525
-0.17565037569710212,0.07727338653861515,-0.8896403976002991,1.0231570120848392,0.11197163987958253,-0.15133804210174223,0.378132585628245,-0.3459497666691914,-0.43264855012045417,0.8515668004007569,0.9609212754975618,-0.2793959738987671,0.5103177371170586,0.1147235109486561,-0.8099912412915946,-0.6066627914444861,0.593788223843998,-0.9338697138716987,0.8818680155466267,-0.5818257530369193,0.4574899839089027,-0.5216400504227887,-0.003925087929310456,0.25963043767612737,0.22417601503622808,-0.7947216635746766,-0.9617148669734226,-0.6027764662944107,-1.2401547829499857,-0.4965529154325667,-1.0513132185763046,-0.1226879414167199,-0.970567210804227,-1.576395241442639,-0.02280032552900091
-0.24123346757178216,-0.3708903569768902,0.11128232484503048,-0.048228336340470745,-0.9104291864813129,-0.7970175398732058,-1.1681368319120644,-1.3801122131457477,-0.39131562987997287,-0.513567332832193,-0.3544573741539526,-0.11531040096678336,-0.38603072570787644,-0.35451453811953765,-1.8339520851712703,-0.9528951206802876,-0.31722521385962044,-1.3794081089670454,-0.7409603972218266,-0.5143042607511141,-0.5356671258885216,-0.5516616701197817,-0.4115916463297018,-0.5918216379445957,-1.3811165997594148,-0.360122826683546,-0.4318594295807311,-1.2566358174252599,0.2034508449175026,-0.1715244156360448,-1.0782745225708508,-0.7442726923714289,-0.5634319256976452,-0.5080126620635099,-0.02211154513540281
0.33413939628295936,-0.14213332996933947,-0.6178333074260569,-0.2705759141715198,0.2985049710828743,-0.1104156746870078,0.6623058578122442,0.06828242570376797,-0.02639546304027865,-0.06373825975915284,0.007342558269392882,-0.19260340522890257,-0.44898646662311265,0.4312957309426309,-0.41512312063089285,-0.33436015269268654,0.0329408642906856,-0.06110157438098382,-0.7053506846638277,0.08134630697434359,-0.06408229931851162,-0.2798707360077431,-0.619535308970632,-0.6412514776449214,-0.5716994453050813,-1.1184548687420741,-0.5526550413223374,-0.11611944119534368,-0.15172937751598486,-0.8066108888760725,-0.10887325607477871,0.2889094490765447,-0.8436147703265715,-0.3595084034865447,-1.8546626949590452
0.17092663590900448,0.8452802542154134,0.2955126233002209,1.8170798563503299,1.09445960262219,1.2759191255710234,0.7754180235712652,0.28470167502404775,0.5227240762073431,0.9045949897282467,0.4531779238156191,1.1019214343142807,1.1156858417004099,0.7555894480218593,-0.1671259680236853,1.5951543521067664,0.6229788530206172,2.0749960061176598,1.0371632111523663,0.5959574160661476,0.914394373270351,-0.3300946309266505,1.181207895659554,1.9397277485066406,-0.4006989787779073,0.4874227199289892,0.5652254301419123,1.0418431443423324,1.6431276514553301,0.7670783781552714,1.6316274105145938,0.6306490412414328,0.7554638584807588,0.6778177071454342,1.1074378661190747
0.22108131563941016,0.807200217694136,-0.25252140598775163,0.18453790038162132,-0.0284856078880652,0.29623866922518605,0.05595918819777901,0.7412721959029207,-0.3033603332656284,-0.769255752411613,-0.6220521485216164,0.5137198853931336,-0.5081382894991421,0.13562549671496732,-0.25046934706045987,0.26952518285703386,-0.2971445283127748,1.1617020605989576,0.6904268544184498,-0.45374975528387596,-0.558984763785207,1.1973049223028607,-0.9433023643441809,-0.4653979063433916,-0.45957643395156295,-0.5037078470854784,-1.4023766772891224,-0.313869256580873,-1.0750900181291552,0.10180955884668952,-1.368897413654858,-0.6343098645004396,-1.7935713261711017,-1.7824576098729907,-1.1429336927599654
-0.5747573160977419,0.2206809284989565,-0.10297739995934935,0.6641401603084449,1.2518591765462983,0.5797154392599777,1.6946409113753456,-0.5137647386049867,-0.5146183519440899,-0.3501549003138068,0.11721210898211529,-0.49682532539915103,-0.3991909949935439,0.24694505091825691,-0.7226615369933288,-0.7091948510046445,-0.38103105224950573,-0.3726937328792709,0.2463762051198552,-0.7464645390700899,-0.6930574612981627,-0.07802309496186699,-0.003179721788194867,0.27647610117907695,-0.23624071637189958,-0.437356868197278,-0.24550161365078216,-0.695876864363117,-0.727298769620736,-1.5032401593772229,-0.19420691409287993,-0.5583133556623042,-0.296991369511005,-2.113171003941276,-0.746808567560422
0.20325220695542412,0.5340397987602203,1.6434257200981097,1.0033124980970576,1.1891005179829994,0.21348003087727996,1.1182534889201479,0.07653491207043372,-0.2077814655055592,1.140816730005501,1.4893581778373695,0.639432400576097,0.48670301617086137,1.6085231241752505,0.6482998909275106,0.7048775234951569,1.5762938945855438,0.5435652753680366,0.38388155830383586,1.10868906650072,0.33455535783179097,0.6072473585515644,0.008557393185471107,0.748955673930159,0.6779665017453286,1.115137362203415,1.046522759868541,0.8799878339955913,0.7872676607630682,0.5390102599813182,0.8655094829047315,-0.010733284035391866,-0.6447310868445106,1.0946587596717534,0.8343682057404883
0.36874862755455445,0.9353361425363746,-0.0028718113328017325,-0.025956313334249304,-0.13218265826574466,0.5360688774741573,-0.5774799757077065,-0.20827545371658737,0.2808312259382606,-0.5056733224674123,-0.2735654414964303,-1.0891479263148076,0.2795437068597376,-0.40721430771652645,-0.652716220506997,-0.7901082074988812,-0.3908684318570196,-1.0105499909053302,0.7125581850835312,-1.4885169736655226,-0.5582270441309589,-0.31540468845574277,-0.7915663857481633,-0.3318202637376594,-0.8706016812773574,0.2625083336583832,-1.0924593240787477,-1.7377824320930029,-1.2391648976596574,-0.42293761583098977,-0.6998770822119792,-0.28797637419711936,-0.4346386943396746,-1.0234059315652309,-0.9677994605114225
0.23957745686789875,1.3402298800617078,0.7082880544841467,1.2726334022965786,0.7102758897522459,0.22046619245543925,-0.2956816805931626,0.2759651852488051,0.10553912821207763,0.04957857282478635,-0.04795977711546258,-1.009595491545637,0.6070602904262967,-0.08852345565404575,-0.8102021534507408,0.0982845100172289,-0.6096797600577337,0.06059811402578105,0.1821965767654276,0.2136735802536292,-0.4133758325651241,-0.5757470171106288,-0.7166460638122212,-0.7991641766144655,-0.4794159259097353,-0.6072104293740611,-0.9456727249349424,-1.1340628383202955,-0.6442930185622878,-0.8332838122097613,-1.2115983790784797,-0.24875732147747404,0.20053537271746646,-0.22397164971051664,-1.083351719451671
0.2561156888512154,0.7657109955957621,1.3560570436546455,0.5022165490693941,0.5955503954217798,1.6835492997850623,0.6415200320676405,0.7219109230290832,0.7245068262689127,0.10465217671281157,1.0580346547276822,0.4398873791585115,0.7449430485782215,0.9752852782609639,1.7169703700025107,0.0788768630006651,1.161806373898488,1.1547193099691255,0.3917879765866322,1.0006868784581668,1.5122015106672948,0.2970625230064345,0.7888715926091482,0.8586578117117952,0.911007185620557,1.0157731051998495,0.7010469056637625,0.8609469229348016,0.13440298931070016,0.6576390636772678,0.32256086556657293,-0.06948164977794213,0.27517967436419366,0.6484281201643358,0.715186612801628
-0.20198771576687374,-0.07078152004905386,0.7252050369870724,0.5808639990152575,0.7334375346045153,0.9361731035044951,0.48294261769496927,-0.03219846391100287,0.1933984433611513,0.9263507659575844,1.4388142602268559,0.2481840451136536,0.24441745156462216,0.2995574724533211,-0.0911791725267384,0.4393301066517181,0.3222609706119558,-0.04328397388520211,-0.4176416064936105,-1.056492858769598,0.033289304569411204,-0.2624289954883182,-0.7727607490069366,-1.0028462648815308,-0.14008446911265088,-1.3031570589866739,-0.3832002233019568,-0.1403952568343964,-0.31496852922468493,-0.8115548904170662,-1.265602134675004,-0.37053320829058267,-0.08524945671844764,-0.9916324340741494,-0.4698036134672194
1.4928236088782028,0.8563152635564093,0.4722732381473741,1.1739812542346435,0.26665983118661735,-0.032698716196552624,1.002613835297173,0.3725561851157073,0.39571944360352895,0.2180424810557524,0.2718600053334327,1.1857983544868864,1.2908360578812537,1.3317092220844005,0.9532787185017361,0.6147558245157425,-0.3616786516118922,0.23302760125715105,1.377015317014812,0.05223886624667601,0.998138728247249,0.23924885435246832,-1.1569852938587148,0.47241746931841255,0.7551683811758423,0.06723099971504676,0.6778083515018317,-0.8031666235200451,-0.6926156587502631,0.07201772340938824,0.1776064880289917,0.5868912086991984,0.19775026029567,-0.7486623515953106,-0.07523886471727673
0.49037318340159824,0.49513663616087983,-0.09589956203050554,0.5332332743980002,0.7089981817763078,0.31590683177918183,-0.04296888758185699,-0.042829309348748956,0.24617156788317562,0.120800904684208,0.5090008208938599,-0.223493281519609,-0.6325499192114435,0.11639632761486446,-0.3418405219357716,0.24924412999858978,-0.17799236052566936,0.10693440472280083,-0.7657901768561965,-0.22445153346611918,-0.6825490729296722,-0.9790449796394802,-0.8344308227153937,-0.7101246782721466,0.15154636970764923,-0.788009097924521,-1.1687909421629707,-0.4964317501705088,-0.5753246420941592,-0.862211509242945,-0.7215266253606103,-0.17592928518989231,-0.35015811999556956,-0.4131506532657634,-1.3150971058737642
1.8755158755521733,0.9236829434504925,0.6213911787358979,-0.2553659344912791,0.7637512599483927,0.0016936347665508777,0.11686366058168712,-0.6651842883552083,-0.4847678286500618,0.3156754649074608,0.5597070989694073,0.3590880721399915,0.3020498805304433,-0.09567993952524045,-0.306429103119526,0.0018507272631030913,0.2289424857956672,-0.2180410699928147,0.3464943564658997,-0.40367929698903354,-0.8230569368857394,-0.3740392741218706,-0.35089074455010183,-0.4789011660224219,0.1695268866368539,-0.09988790781617185,-1.248491311334714,0.20501304568029977,-1.960623502847583,0.4593271831884027,-0.7845676492159851,-0.7588266965139279,-0.7155191221819779,-0.5126630402825387,-0.7233893142470705
-0.010107833084471718,0.6616843531804069,0.24063112105005513,-0.5708001527823217,0.2300559871296172,0.07342477191613933,-0.5088939850791571,0.1130847040982747,-0.4074189880108356,-0.48386430638260947,-0.5404564092938656,-1.6714446747116907,-0.760376792148602,-0.1781864884788994,-0.5816852686830224,-1.2466037808590276,-0.15292236231200534,-0.8133429079598755,-1.3011029740621598,0.3890512334656544,-1.2614582771590888,-0.3132406503337744,-1.1528862436057066,-0.7126287933301838,-1.2409689822374776,-1.4158545481300848,-0.5383886916397007,-0.5970832099800496,-0.22459238146902416,-0.8082575138784067,0.32797676699654366,-0.636175331244196,-0.472173006518977,-1.4171051968538315,-1.024448890628583
0.6920816949525004,0.3559429571065901,0.4567184646577798,-0.08145692514977076,0.3508596903171499,0.31153083571208323,-0.3762184470429496,0.49648027201472855,-0.7140587591387917,0.18852125579273518,0.9393861082469126,0.356911131152015,0.3137900051775211,-0.5120100485197296,0.7814554311400105,0.5457622027815506,-0.6035566872022533,-0.45785381836704886,0.36869636897254127,0.6019290240773492,-0.965260486782858,-0.8707135379636586,-0.47577026189097077,-1.5234331471054747,-0.46127831369956507,0.09033285883680098,-1.252339325141734,-0.4986169789312996,-0.8808003249306532,0.20378797113911284,-0.9258108235040725,0.09545371568611383,-0.9842385381007714,-0.31967785403556415,-0.5972849044322994
0.36310551143736103,0.0027925537863938144,0.5244246077994085,0.10652232146486987,-0.05499690882273017,0.9886192606040751,0.48776417664628346,0.49702482562803474,-0.059825544985938506,0.0034130419522409583,-0.06769857234139354,0.18525531849296256,0.2975421080802218,-0.07842239620117294,-0.4993980925267405,0.23768838399368067,-0.16505974165030157,-0.9408903868451007,-1.3262790285306467,-0.14719607735079296,-0.7476543686765659,-0.15332708840314382,-0.7916860381118532,-0.37129324613671355,-0.6600016577853224,0.3734215069584611,-0.057862988114537106,0.11147798867507186,-0.5778910878734637,-0.2050045336804054,-0.5950898536369761,0.07075285552868538,-0.7217920353232946,-1.4040104268830258,-1.7225684762406184
1.2663974044767692,0.6373090753888112,0.6350053221613328,1.0716138738531167,-0.5359812682816387,0.07295728230031101,0.09596414809215312,0.5463429662779407,-0.21034639823024853,-0.5042846562635017,-0.5485845641643912,0.5913449003784841,-0.3946256647425898,-0.33930545320629285,0.2141734799275324,-0.49206954863704355,-1.0342358871322905,-1.0113227843220598,-0.2870353518485318,-0.04748044989841896,-0.43404009116292397,-0.1536368011968357,-1.2102956466837038,-1.2105379028682712,0.6561670643428441,0.11385323789014878,-0.14853487107460045,-0.8920327967860627,-0.708918067798222,-0.6170236618046461,0.016258164420714927,-0.4626514449656319,-0.42255410205125715,-0.7890932242613788,-0.32692518019360667
0.5834032184101484,0.4200682046862217,-0.008665188952673708,0.27000408165650974,-0.24988014830863886,0.2321883869227376,0.2584547418821196,-1.0270538426287237,0.02080394476994102,-0.49153788680840305,0.3059094240925096,0.33521573401797133,-0.23652952667368982,0.2112143325155708,0.19245787273111062,-0.25745476422547775,0.5853818118973593,-0.5830096659628612,0.4770511981357805,-0.40874437967263244,-0.7545806458506976,-0.5446323910035613,-0.9535714975445477,-0.04560719868961577,-1.272185382841915,0.19226537870622162,-1.0009544178970895,-0.14384377549586597,-0.5778020419027626,-0.48077736171304786,-0.9359365780762289,-0.48763882802161157,-0.6180238584197258,-1.4342212907872929,-1.204507715080278
0.16178578918960862,0.020558579250156805,0.9892823698322876,0.3302970446310756,-0.09944947023860201,0.006872977914695183,-0.03823247887386347,0.03118061367190031,-0.40169098803960696,-0.31056333980476614,0.4398932169162676,0.10930741392593071,-0.09952839111113124,-0.061985302387837206,-0.1258559737241252,-0.24716239688541566,0.07679074359926977,0.0011077954643526067,-1.0445131401044103,-0.3619257580356512,-1.0858271689080965,-0.051069551373516986,-0.020043605254744412,-0.7432755812050651,-0.5291803714716347,-1.5582590467393143,-0.04662590997784605,-0.20733359129314222,-0.01487234156423356,0.12708706693070393,-1.2529695389259345,-0.2200207273689569,0.054141219514072025,-1.452554692217247,-0.8088633195365058
0.2505408530797997,0.8257877704091305,-0.834093636031578,1.234768800823423,0.2336176714840422,0.7103050909247879,0.1838804440538745,0.42126787516427017,-1.024735414987882,-0.09603897090646171,0.48047036700600165,0.16100203559932122,-0.8417801642044098,-0.032584264107080554,-0.5124467583671724,-0.5953064701063127,-0.9421088124128285,0.08887911349395458,0.29787556847701485,0.7639269020003927,-1.069941665109178,0.014827927511867622,0.012708801530568081,-0.7281384709932213,-0.9295900865089421,-1.0454100586616564,-0.7966974387539669,-0.4608596634908683,0.09014103282040964,-0.06351583423278773,-1.4486233645718782,-1.0584644524884337,-0.03569081554042253,-1.070812173000163,-0.7517147953187371
-0.42040262261253086,0.9745735460698556,-0.5934972057852321,-0.49461533768598365,0.8152947339996905,1.2122887296994935,0.06869352053721248,0.15177394374302078,0.5901134942116871,0.24112612284258458,-0.1300193283541698,-0.2260909484503725,-0.8067585965835228,0.053174175014722935,-0.14903400647115794,-0.3615199340759341,-0.682669073535664,-0.6707376241063256,0.0505568067625472,0.14468715912349384,-0.49647554738302224,-0.5850979397245597,-0.8307009069869877,0.03052388940291184,-0.4553030089763232,-0.3185884085145587,-0.3537857519771278,-0.7160212716858116,-1.1725950223547075,-1.1142515810808058,-0.07697212611382132,-1.0268849856134636,-0.8906921625693331,-1.272461024388234,-1.3312909730768525
0.04765934618015044,1.242260430435611,0.6918955927366764,0.06339551699551438,0.8313246008573365,0.17610845326799168,0.8911690863955891,1.2810705248725398,0.6500545839532885,0.143677693105182,0.40624469809234215,0.024171471883579994,-0.9413587998285523,-0.39060941815140926,-0.5788713932630285,-0.4809923654350301,0.7150740405652524,0.3406026739677189,-0.03818925276997909,0.11002681014464921,-1.2789742121906418,-0.004766296556605487,0.06593527442119779,-1.5577597262278586,-0.08818251691457718,-1.2145757195117342,-1.5180234952468754,0.10098864701094601,-1.0934394962391676,-0.9741583729300346,-0.1461126210588743,-0.8166619643143783,-0.775593689559699,-0.8063092099215936,-0.5494583281262562
0.3190746364991738,0.45511987549293187,0.11109783443410892,0.5026997476470069,0.44680771953362264,1.2012008087583061,0.023373588062818557,0.08312259077194327,0.25538587728871354,0.5786200376512532,-0.48920281525443826,0.06842412313000794,-1.2772726358685647,-0.1990626694065848,0.43328791961326063,-0.5056680626932528,-0.09334286811181376,-0.48492498465141143,-0.6883327523576441,0.18959833405302107,-0.8555468141605408,-0.22237550616982366,-0.2497010732968066,-0.863785890903529,-0.3929582653254624,-0.9700128169121799,-0.2721248795692802,-1.2196433187402902,-0.7597177240289171,-0.7425708330667958,-0.08443722333221204,-0.5940212923322317,-0.20800425763912822,-0.4279202324576895,-0.44910621316576965
0.6340334048849661,1.3101726813110965,0.6207939499084136,-0.06743390597594812,0.688126174740467,1.0197415044639924,-0.013381632704847823,0.3437545055956808,0.16683499720610528,1.1707633022695485,1.6085669115263723,0.6614758613440728,1.0257435386322205,1.005858479001927,1.5225900487047952,0.41148543329748327,0.6193757989862139,0.5499733571701124,0.7485789829964004,1.9530933554905805,0.7058889926200055,0.25219280130912547,0.09088808059501119,1.282579633398426,0.21429050615474265,0.9629207044413908,0.27804882690836136,-0.02911753853078547,0.8927396145234724,0.26026488347572313,0.7734443180262768,0.7950742732221235,0.8028845715888782,0.37962558209371344,0.8403797528688852
0.020235979966018378,0.3995391549814886,-0.04237652079821616,-0.060429714838115586,-0.2527111519796553,-0.43830714575289975,0.2108633133714172,0.0882165248392921,0.6940072714337093,-0.06774542112543269,-0.66520701148113,-0.9097113007905859,-0.020554495325493027,-0.942266551696755,-0.16561130397010532,-0.9839675628774596,-0.4606587980143838,-1.193918435621359,-0.3003725515653575,-1.3307908251244775,-0.5983933151618601,-0.8519063730901354,-0.7173259745652744,-0.9784441276979117,-0.9995084742388856,-0.7188118554883697,-1.3005591530203313,-1.3037395133805882,-0.9761918533977623,-0.989801618589979,-1.2848973619688895,-0.30824131850538145,-0.9227970563533856,-0.851221675798273,-1.3811708960520908
1.4680597720005715,1.611590536090838,-0.027322392061712164,0.9398331432918747,0.2439795117125437,1.054142686322768,0.38211560609986306,0.2250864340581327,-1.113661055489098,-0.3429007712194483,0.06685009612163363,0.11596898859446307,-0.6307764748097233,-0.42768247538352655,0.17364791318898984,-0.8342022093862724,-0.11489681389270001,0.3985045682849173,-0.06589683893489234,-0.12840129349804122,-1.3429931938265958,-0.7798145413103184,0.623224033115634,-0.7374670911571832,0.16143721096925723,-0.8079593428563328,-0.6719310677785909,-0.30437703874208394,-0.5395684644359918,-0.42542877773730603,-1.0501100198010405,-1.232177922922556,-1.1284468098904084,-0.9714248274338122,-0.8378984046423547
0.5752274516540725,0.050895926514838215,0.20013163242892268,-0.02059771930687486,-0.6979980968026331,-0.17999396667270576,-0.17086606719277964,0.09697710158784778,-0.8629267222210483,-1.3932330028942395,-0.3278679429921498,-0.280460645441301,-0.586719528839825,-0.5207626591783044,-0.13109345793973848,-0.833413354194907,-0.7745584109873136,-0.6245246058812618,-1.3002225683160695,-0.7899036098937303,-0.766743638582314,0.06553470118350757,-0.9172870219926347,-0.6805365906448612,-0.3305696978585188,-1.2149448201484696,-0.1116197705373223,0.08220663348138901,-0.811365247402894,-1.0607795794601653,0.0313605821284918,-0.3725332285786398,-0.7145757448056651,-0.024468664492366066,-0.0569106387926579
-0.11153871564494897,0.13159012515188911,0.24622932513760842,-0.07703321065301529,-0.8357162654903854,-0.6577584815246534,-0.9153885150186613,-0.03652235757080399,-0.9208088459611878,-0.276818534911344,0.49995206256018015,0.256499446220582,-1.4157354491482907,-1.1741238449272031,-0.95873785932107,-1.1885224105408363,-1.4621451785688908,-0.669462998050798,-0.3377649540231163,-0.2369379780084095,-0.9721100652871156,-0.8889382561344252,-0.5903905706160266,-0.8347849915366693,-0.384575112505489,-0.5810200260759988,-0.98764217573242,-1.7280466383739714,-0.04740130083755967,-1.134107693452636,-0.603419807201572,-1.7286444993222627,-0.7612186388304856,-0.6877595938691178,-0.6431056967934866
1.93913848605351,0.08249765141666515,0.7732090106188083,0.5884061788120145,-0.04943329275245417,0.6550925915066799,0.13183859443426868,0.6128269584627926,1.11645502603105,0.17180166081094322,-0.08397285320006326,0.5424139541476805,0.6749669651261397,-0.5049254807414117,-0.32955414020545754,0.1951147914010373,-0.24777768096182942,-0.6976382039530038,0.011715760456894708,0.039600192772356546,-0.5001103471862016,-0.3381837704357518,-0.6921634181529457,-0.9855048453402034,-0.71933319711837,-0.4655727230902379,-1.2705654277585077,-0.7741769270449226,-0.5459999071366273,-0.01885504817541228,-0.7972110698378125,-1.2869940032427887,-0.7903410090440224,-0.9885504087476742,-0.44716843608496726
0.2632891815133972,-0.9572264724762538,2.2086891477393644,0.39797159850279074,0.33448195873562847,-0.5184470960823011,-0.5182855700811361,0.12923087083791707,0.30405938047601283,0.4474592850822694,0.17530858999329255,-0.5763352393415933,-1.2755929223810556,-0.11340788573448968,-0.37006293074098384,-0.7738827065757361,0.23226743629834315,-1.0082605720496045,0.04985276623748863,-1.0012136525897704,-0.26587312644604844,0.09812900790794071,-0.5728435414810231,0.40707378486919366,0.48814226899247526,-0.3839513981683636,-0.2623281317287227,-0.031816028260583495,-0.3177017861902518,-0.397563394438574,-0.9029495938255909,-1.5077209157770337,-1.3805587093198963,0.4859179226781306,-0.5620282347111487
0.3094001039988461,1.0297204678723362,-0.011852089290452894,0.6183440864139198,0.328482220361358,0.4822716404680162,0.04579412825274154,-0.30714180397075697,-0.2754618222496282,-0.29553988563625533,0.05510460517308448,-0.7614317279944975,-0.6470739253520774,0.0044654377192140104,-0.1669131176433774,-0.04748107739124441,-0.2042834429210241,1.0390029059844963,-0.195262436495366,-0.4856844898246676,-0.2823515765569591,0.14111936815379472,-0.42869107836861853,-0.09552195306609423,-0.27277791160316855,-0.6477466865995134,-0.47758291758288335,0.2372905956771948,-0.4683758249140144,-1.1091955153233812,-0.8006701060039846,-1.7211664530545803,-0.6168116493187178,-0.049234584811222004,-1.393960597680576
0.5071082119485364,0.890772741248025,0.908446213738704,0.9666905388452415,-0.6442407120914129,0.50472336722212,-0.5387835296476328,-0.3239607186118024,0.546534844124446,0.17542577641970178,0.4197577984538492,-0.4479224401583753,0.7134419372404073,0.28087025587513825,0.3415734642103099,-0.6826802325771616,0.4039389443518395,-0.37855298577981183,-0.564244788563498,0.0165871049418011,-0.04131158184374445,-0.792267576980039,0.624273621416374,0.4692891558106702,-0.16828332339839208,-0.28733718681234727,-0.3681277038937112,-1.337168774428179,-0.5335112784722652,-0.5664142122899719,-0.9289207355567375,-0.8187174141889699,-1.876157200052894,-1.2539022217651246,-0.2623445678600041
1.6655984508196804,0.3280293969007679,0.8903034820473844,1.3466699986877642,0.5354122460265365,1.131127390759266,0.7730363788614787,1.3815066791685484,0.1409038474604717,0.22511643553124017,0.9119051774915302,0.8144284884008997,0.7318164088514252,1.0410158761543067,0.2803667932059464,0.053044079463072435,0.4792612273510133,0.5262184025330923,0.5690217724473134,1.3354578101091144,1.0756920584209535,0.94616806219037,0.7791364913562263,0.4391629018841251,0.21694517975205968,0.032548514495832515,0.2706410663023377,0.5827678355803062,0.012647714281228462,0.6603971957257936,0.4635124347890075,0.34678359702750033,1.1105183996884624,-0.7166093870460589,0.3054232019740666
-0.7439768781202272,0.5173381747781027,0.7439676887399249,-0.34876314939957487,-0.3216425883643563,-0.5968920259390129,0.24582005925625378,0.004811211572419483,-0.003353650875603742,-0.08758360424904732,-0.43020977084980716,0.5825728741904922,0.11281072222478267,-0.6556284794341891,-0.4533490033526707,-0.5786312317533315,0.5212022759820611,0.13513743888182236,-0.3218763819520791,0.5574659273958997,0.39310432836187803,-0.48421360017225523,-0.6091595447417908,-0.6190681103328914,-0.9471741917887421,0.36444832605539,-1.036227068553298,-0.12801830370512335,-0.24464340697858195,-0.7686179923496289,0.2641076593946784,-1.443590988728942,-0.7253566531846031,-0.9497858391728812,-0.24296113847822248
-0.27516788404348086,-0.23492307358678444,0.3336620204190634,0.09781345260564761,-0.1897077774666177,0.05631637510573939,0.5877665488224086,0.35355339831046106,0.6369081181311442,-0.017754216865731143,0.8578683566749843,0.19067580409171994,-0.2678183295117264,-0.016820806200202473,-0.7271135717313285,-0.2956894126434783,0.03322543935883421,0.08536255658968431,-0.46371276490640106,1.0708005486802876,-0.41902134081535825,-1.2080551741729468,0.20275671232436288,-0.1343224804593786,-0.35495648332665164,-0.7349993437240803,-0.33634755901063856,0.24733766157997206,-0.48909850376292363,-1.351201796643309,-2.36759193403143,-0.471763047868985,-1.1784677733252118,-0.7551221154005309,-1.1277965251203486
-0.008212647403787188,0.015419771670247995,0.025439217182178897,0.7149079469487436,0.5767081001496313,-0.3517365214893717,-0.3218683002838344,0.3647663019091194,0.6622248970379536,0.614972895450956,-0.44486465905595346,0.5112915781925863,-0.911494435000456,-0.16473891955040676,0.14043762586790662,-1.1819993510404194,0.8646667862882614,0.4428753940286976,0.06487033268949183,-0.7786587688634904,-0.36696928152628033,0.026351931780140725,-0.965207667179793,-0.5281232480032257,-0.015608968898785602,-1.2498363990647163,-0.3668084615136318,-1.4395552762294335,-1.0618383502223234,-0.8684813060758931,-0.38413708607815766,-1.0144373794412795,-0.6227368070305823,-1.0488798256067453,-0.9885660996712251
0.8572132877688593,-0.5811758443882872,0.5091805178932636,0.2708499031727353,0.7146771373175187,0.4605684829515926,-0.1179910769545611,-0.1794696694763985,-0.12541802217826675,0.3864337391792071,-1.0945170784434597,0.09532558442100467,-0.4648769114547147,0.032120937858241314,0.06917329781526446,-0.9737601359839373,-0.29519488925478526,-0.142687019059487,-0.21465660585322888,-0.3572451416390121,-0.9433612291447198,-0.9031721684246412,-1.0929005450568112,-0.16086334696434035,-0.5285863147075774,-0.5284155178245479,-1.3857675389463062,-0.5789718600494459,-0.2730964364416552,-1.5371047905249857,-0.9086180218100323,-1.4492173939605806,-0.8956520400601015,-1.1557617054880904,-0.5328032967928475
0.5168616264077077,1.0438090411304037,0.335837972490215,0.4960338537594626,0.01103246275710007,-0.2992744356980745,0.6313802802447133,0.7968328764479731,0.4888015639393193,0.16201627705865956,-0.4304570159084758,0.587449948955947,0.26639503997747493,0.9491425936193358,-0.680287570556373,0.28868640610409635,0.09279157668292934,-0.39148579758363833,0.4232857866107493,-0.09497209086875572,-0.8013639834685409,-0.428027661238575,-0.8783062872314424,-0.672143990076974,-0.11888781703441026,-0.007901875561083183,-0.4224146501291767,-0.9372078997136093,-0.39911076223531805,-0.25448518425902733,-1.626970765057406,-0.6058034406727191,-0.7806059018948235,-0.22841012899784263,-0.5304131311828995
1.0421758507363927,0.5587642563581723,0.7997050131256329,1.2693213188910497,0.7630798924887752,0.8803380800077453,0.02195257743052581,0.752035666792266,-0.22387076675827133,0.5193323152359385,0.8038933718835743,1.1498408356929661,0.2603983853721027,0.9399408677871162,1.4799382776658785,0.41738995241597554,-0.04421117949595266,0.8652776604106858,0.11489685970812247,0.29143566769541623,1.152151905872592,1.617997765300996,0.16779163587082813,0.2875472597341959,0.4239832769393725,0.3572231980791296,1.5845407484436929,0.33894491491690715,0.3962638571094973,1.3837260534449016,0.8490696541764806,1.0383824192737239,0.07669551257144824,0.24861008247743877,-0.02257120422294867
0.8328726177124197,1.0106784422051034,0.06298971254970531,0.14466929125518774,0.12964117106200992,-0.5213541067228729,-0.12291197598015688,0.5618384570562336,-0.3017355379023542,0.14289314659638735,-0.5974197258979159,-0.05536459332195995,-0.30502019513403494,-0.6741324529372705,0.292117452641136,0.2807168360809157,-0.6665310318724572,-0.32856392955647395,-0.23647231195457813,-1.2035255586449545,-1.03146383243473,0.27428406508202025,-0.9364403319311714,0.1912054217416308,-1.1435077309959423,-0.17312500960798982,-0.688672370779027,-0.6475535959960266,0.33805298433398545,-1.2432783203971869,-0.3435157943070115,-0.3872979964092667,0.9917756918880309,-1.243831166818572,-1.0362501103653674
0.8402029876107888,0.29792490871245,0.13135141877458714,0.8055456968689085,0.15660198542947862,-0.19367164527449388,0.5771041402806605,0.3628493536883636,-0.020449583482795436,-0.08374854388611733,-0.40086354113611905,0.37918428980014485,-0.20341352646821848,-0.44821966283222203,-0.7458531790323472,0.05348033443482436,-0.4360531652109684,-1.2268098544541461,-0.8602660483128259,-0.412943132910521,-0.4356863016962978,-0.49062927828669556,-0.5952549394636667,-1.1758129937524227,-0.9080751558788023,0.08934959506385942,-0.014906753597326405,-0.2731945702468176,-0.34516367041266244,-0.1638070492051002,-1.2013122611835971,-0.6475786448097033,-1.245644578018638,-1.2567229915852656,-0.5392252447401784
0.9056170642624495,0.30113227110211255,1.1873771132452127,0.4326821162300942,-0.09850656262691682,-0.29110638602062106,0.723064804992028,0.2394349075443407,0.47399740340493385,-1.2325794147327276,0.17892577850763153,-0.23925123200564463,-0.7202393857994632,-0.09463788251959977,0.44283117139080796,0.9905172986902656,-0.060685472093214524,-0.5750454924403715,-0.6433829317500361,0.18542151595156992,-0.8313545288141599,-0.05764446333748885,-0.2570362887000772,-0.3463354364427775,-1.2548601887446729,-0.6810179992913538,-1.2620997127026656,-0.856294162077226,-0.13134564167274043,-0.0006560515600634309,-0.5339405676921043,-0.9492130844051704,0.10853866348505126,-0.9970610735807189,-1.2911009595181513
0.7804833286529036,0.6269238595982348,0.09158894167754161,0.37690256749210954,0.5109661980072255,0.3540973104421231,0.44346854038196015,-0.07765208110555391,0.3990962364399923,0.10518113428553426,-0.17931549943401426,-0.10630651887416342,-0.07231053580324,-0.7859858795760266,-0.42140521872138414,-0.11014408672320072,-0.8572571934488958,-0.5304340283669007,0.9336908356951334,-0.8607738474916269,-0.5248244255629286,-0.7857167923657358,-0.46231188565655446,-0.8453453039517071,-0.5924224554504931,-0.8618124157531378,-0.0054569088389468945,-0.5213519425590698,-1.0914013009146069,-0.19578674132149942,-1.1200482004526033,-1.4460829226440033,-0.6870322464115616,0.24836645546736058,-1.6370897780715927
0.03657208872774964,1.0631545469160264,0.34955261078028776,0.959528767826336,0.21669586479455,0.6873783800345471,1.4686902024169273,-0.021657506653446457,1.0658603556740234,0.8713661971473315,-0.23635342243897983,0.7637319025943402,0.49598973942072316,0.4797669089689605,0.5764771911388312,0.20643727242122115,0.38951362382586324,0.4475161652274701,0.6716670421457325,-0.4935308610660375,0.8865094391066637,-0.36591422669241075,0.5629001311410518,0.19189723712032114,-0.5185371383126622,0.35580171888732115,-0.4114204703384607,0.5651449112673183,-0.35525094605120044,-0.7779074794361442,0.7059716766383735,-0.0007363899784865319,0.3118835898020474,-0.5775837462894727,-1.12766694410857
1.2698430567384003,0.3948434322239073,0.6085528442222352,0.6550878430064605,0.12219067707349424,0.3653726637239732,1.0109753591523922,0.15898473523476808,0.6070243725299804,-0.8992212745214175,0.6184700764937696,-0.7443662867605129,0.48134479417571924,0.1320188991802485,-0.151035933473359,-0.19239095512355858,-0.30812722243313706,-0.630806957181392,-0.36161979280582585,0.8078848736735147,0.3182358861546509,-0.8043597423625872,-0.270033182516242,-0.3898965507660014,-0.5419476153091125,-1.003927676496931,-0.3100718246205331,-0.1391346464615249,-1.0068643149663867,0.3615857054067577,0.12008673218023014,-0.3899600487125615,-1.3013708540295645,-0.5045614437103478,-0.5822687128314163
0.6888194828037602,1.1932889744582496,0.2748898698321517,1.3507032425351977,0.4931383765782139,0.1070263020855825,1.4136876662528757,0.5901512996844781,-0.09139322915854356,0.1385105099671145,0.37420627226142933,-0.058794651150196955,0.043594316681444104,-0.4718985128767477,-0.9456728608403739,-0.08938718314723773,-0.11174776464152604,0.04308759831931683,-0.5467265070439011,-0.9664218123513622,-0.8155797041113881,0.1589587253185421,-0.7371825397836718,-0.6589266252860981,-0.6270076757198326,-0.8121769828215866,-0.8796262307902759,-0.9977322437357484,0.11041331485110328,-0.27613466156638106,-0.01700450586242841,0.060627050042241115,-1.8604509014116484,-0.5335384356885906,-1.0163470305628084
0.9906466668711862,0.027321236692100848,-0.16419798104139294,-0.39023297761922515,0.13854874809193787,0.7097305211803704,0.34208267133032577,-0.4261187828936387,1.2123032595011383,0.4211715352396773,0.4452948192130055,0.6591502759163028,-0.8434674121539207,-0.5190137803393284,0.3084300830257164,-0.5479660085303321,-0.3192684118819938,-0.2593425238752604,-0.8973343478057614,-0.47655325614784966,0.12433413943820226,-0.004131208192449554,0.152630447303848,0.06705180451118098,-0.26786393095298466,-0.3391996490233416,-0.40635543697055054,-0.8756940450458236,-1.1048873342933034,-0.9609836762977961,-0.8039295507162814,-0.9919558005595659,-0.47859513345320004,-0.6043181486705034,-0.5685959642535401
0.6079458776524016,0.9958888072056479,0.35859045094691167,0.8309746696246316,0.5481788825709226,0.8170746582337578,1.021313980092956,0.4635301396639683,0.18785783915619217,0.14505612421554737,-0.17849327844675691,-0.23525021104555416,0.4276989638147365,-0.545131857269165,0.7043107223446932,-0.21845847097160354,1.2492772708069373,-0.567029910874419,-0.1335371935006354,-0.4720693002052393,-0.7294595150093498,0.1630420223379891,-0.9566539808787892,-0.7759233858713345,-0.17764103934682135,-0.13005849270348896,-1.2289635276376196,-0.2713320188111562,-0.5254650157248272,-1.0750466821686109,-1.035355660105324,-1.6807685421623781,0.17321121120363103,-0.19755554921412544,-1.3678302187027584
0.8316956810904097,0.11104566633854829,0.8202821653153118,0.07875316812778474,0.10820915602735975,0.10808425603738259,-0.11467860793098664,0.8748410372910853,0.5852372108609322,0.15137648466053286,0.5688738433270675,-0.7968999953802557,-0.6375890071165472,0.1739806701335942,0.2646926824675244,-0.002893071391717905,-1.123109013293629,-0.7516394596284842,-0.05033572023871841,0.9170914795396039,0.27603886329150007,0.4197939961340161,-0.23401417258473656,-0.27164064198952853,-0.9875436274323148,-0.026627871652382784,-0.5696116682943606,-0.21580427368698368,-0.5745717959925292,-0.47662579086247625,-0.684778950586858,-0.5517304792767312,-0.18547272392254266,-1.3383805212372408,-1.469718926771204
-0.407858101466172,0.22374057793222843,0.7556512317086626,0.7503925788905428,0.1220292253871425,0.7531346068083133,0.6200972841531113,-0.16585197998182197,0.29343794854240385,0.4482088575323159,-0.2486776224522501,0.8637985873770555,-0.4410405911498525,0.008749730601869038,-0.7279642536461739,-0.09091674518831354,-0.7152982837898809,-0.36753676812424163,-1.0519304341513511,0.10376203508183113,-0.15477744436691013,0.17484712371697936,-0.577779465999804,0.129037551056282,-0.4511610711068588,-0.4459551684638229,0.52400584565211,-0.804508443888145,0.023814543144428324,-0.3763425329640393,-0.9268673385602885,-1.3218882734199142,-1.202053527922903,-0.13992835777537338,0.1439420498048294
0.47796179629962476,0.46999771962394316,0.7511036137187053,0.3634409673839184,0.8397362225665002,0.3980690152478074,0.28176971972589115,-0.1744010740726258,-0.33665982541644834,-1.4831417912787281,0.6736481613050982,-0.056667665368688794,-0.22355829020892165,-1.0391503592381037,-0.42313197832259586,-0.5284400736610415,-0.579148219369857,-0.054054125883296444,-0.19750737689280096,-0.9767926318908822,-0.9818380191913803,-1.0186974292665532,0.5013861601037024,0.30847518196159773,-0.8969503933540756,-1.4908360581760567,-0.46899869551759926,-0.5387004033000073,-0.43145647893879757,-0.24549805699917943,-0.415062915739576,-1.2222625939383045,-0.538490459113149,-0.2783539690348018,-1.0852585751153354
0.5822200790724411,0.12166647957947763,1.3609617576110764,-0.3366236167261841,0.8678606718456394,-0.5831484907964197,1.1105254055079739,-0.3955691840377715,0.2308094863148608,-0.7181943778545091,-0.6184007971766932,0.4655093860547849,0.4907215378937047,0.05638275513843638,0.26746523730870053,0.3798425268073926,-0.5238501076541269,-0.9199529146180176,-0.2654833465922,-0.584745258029634,-0.13860672913721633,-0.09484384705740706,-0.7447022789645265,-0.0858318609009956,-0.14373170582862266,-0.1408801087336815,-0.736917005529156,-0.17220937900455568,-0.32991383209540015,-0.2960926808595655,0.19797938910671642,-0.5001557332254718,-0.9889921146938915,-1.2604930222023611,-0.1592896336167381
0.2352435993518864,0.8422361926624264,-1.0569430144256047,0.36393531829628006,-0.2708496377485591,-0.36538922711611566,-0.6186610423628431,0.16680099785976554,-0.021864598757703413,-0.9442185828397793,-0.3335391316148628,-0.10432848089525587,-0.40802186271834784,0.019147040471769627,-0.715498919175732,-1.7311894024833898,-0.5418792095239058,-0.5737299434856378,-0.5347219803792211,-0.16046544838600252,-1.7111036065618643,-0.8722280581429597,-1.22955809717918,-1.3845574046763371,-0.8260280003348363,-0.44529144235291784,-0.6490166615458257,-1.1434896937951302,-0.8696529033504155,-0.3261183264156671,-0.440634507536691,-1.0467336715760285,-1.064308534969572,-1.596132654599716,-0.9321123998584997
-0.811304703885096,1.0407600421953715,-0.46972599725872477,0.4630922020596678,0.7687721339077501,-0.08052802541153602,-0.2862642504820009,-0.9441671371103473,-0.5809327482237036,0.42895495361445385,-0.24037353576626397,-0.4432115425060724,0.15903447890653,-0.18662783531384197,-0.6444162211210223,-0.4958826480943541,-1.0192705086236777,-0.9445631513699708,-0.7934645433607276,-0.43521946618300833,-1.3585534662602337,-0.7148662407652652,-0.9631602732099367,-1.231006819850197,-0.9821242752992172,-1.9569040890183667,-1.1782843009895951,-1.349471923585228,-0.9368751248789385,-1.9309614602124419,-0.6867527583119676,-0.31563701675928224,-0.8142085332525326,-0.48849463759802914,-0.9737720112679391
-0.34506871719342497,0.39890249895620794,0.7030660856330714,-0.33540411009650295,0.05727256542042128,0.12869968946400656,1.6397028855421425,0.28689094703437906,-0.8168130751116958,-0.9800232354272116,0.42183917646603725,1.2591518502407386,-0.16384686014139055,-0.23370650707464172,0.11231149266237817,-0.5417450486921481,-1.4538389859688063,0.2981599971782328,-0.5652227176917175,0.2289142678296558,-0.7134108643930541,-0.3079685893711011,0.023539090064461088,0.09728934315171889,-0.35430656006356454,-0.4109193502786913,-0.22316772693430342,-0.33008569422176703,-1.2355052395186532,-1.252226180389767,-1.6954444439479868,-0.2807888277683544,-0.8833758895506579,-0.29516713401447797,-0.5214024268864035
-0.05021178301019141,1.2384496647454835,0.7225122179286562,0.8183600666046196,0.6817569436632285,0.18261370880146383,-0.1317992910522787,-0.025839780034313392,0.04006048712681949,0.9845452501578518,-0.6115884541806025,-0.2601948620669232,-0.4798413009937223,0.46501488771485294,0.8238185342331286,0.011796335393604251,0.013746241667322356,-0.17481173593864252,-0.03989215885024022,0.09043291609778387,-0.12009721279430324,-0.11944098896222294,-0.016169701932948533,-1.3270251830117508,-0.46979642873141403,-0.3499343771359325,-0.32494672676421366,-0.64761359231082,-0.5095392225344206,-0.9761382055782297,-1.528337260286412,-0.17247427753534944,-1.2526968043549096,-0.7854926882595098,-1.0978225300646518
-0.21593064737385131,0.803916037954169,-0.07599574924963637,0.20165434020497194,0.45516615009892136,-0.21137881928154106,-0.7692324682529565,-0.016317989174320396,-0.579575031971657,0.4525576818291285,-0.5201620249369006,0.759213644097055,-0.02625606245864364,-0.03370961374827244,-1.0933912597087518,-0.07016553009433174,-0.22185163419109646,-0.8700167149223451,-0.21499748409239844,-0.4951061704847416,-0.44131137818539373,-0.3559172720043471,-0.6396039902589868,-0.3146578189097831,-0.5140786349797584,-0.2661546639849036,-0.7973581140098551,-1.0946303378858229,-0.9443492366520659,0.10514338118804334,-0.1629316293341737,-0.05735326188862322,-0.044154023610048165,-0.9384247852892301,-0.5753517459094176
0.8379195014239812,1.1294890023443642,0.6542950319439312,0.8439659125346077,0.8316554977837562,1.059134502099807,1.1177898371873582,0.8331412011259739,0.8441246093276874,0.890353760289419,1.595411303331646,-0.09867345720778498,0.2751385264891867,1.089938594275036,0.8805837749043601,0.8691366603492251,1.0630630307220543,0.8273541284440231,0.43125412375165706,1.0153395244863055,0.7009270165208878,0.4557595381678789,1.0133170063305263,0.9817740588829025,0.7513010039441783,1.4896868018391216,1.2813078589228177,1.1051574267877013,1.8733226007769355,0.502405615858631,0.3283313337487831,0.9756143524507812,0.40343480008550336,0.519663781889218,0.0043279917413791
0.7355715735510755,-0.3374467844554233,0.31465778656077714,0.3191120839494476,0.07186678237142333,-0.6263494894145349,-0.6683164839875554,-0.19788085366146682,0.4054988787012249,0.24086464621486525,0.04837208191859162,-0.4256583807662649,0.1472064927895227,-0.9628113500648463,-1.3013503366224088,-0.26413262012709604,-0.4547873658029842,0.2861134513641187,-0.1796397646043855,0.5292229899188958,-0.6070250035854438,-0.12547200734028965,-0.5300154483877011,0.2529737296813518,-0.5728261173663166,-0.07533550810530887,-1.0718302992859394,-0.7697767829848654,-0.63193667839673,0.01552376674355438,-1.7395083629415664,-0.8303650514110672,-0.8687510659088081,-1.7437525178998192,-0.9552755939870565
-0.3380917209011351,-0.7672749007053146,0.23172048289280028,0.17871739230539668,0.1674094121016727,0.37868701286539075,-0.22569934870717953,1.0706333563973935,0.11932671025444118,0.7396174470246354,-0.7833598594101936,-0.4006289628034632,0.31979778468108405,-0.17657884888435368,-0.6396652891229031,-1.0619117938416343,0.18484016036571285,0.10532893001481722,-0.1369713077811886,-0.5440977604739881,-0.8894624830526163,-0.39534892304972113,-1.0615361855025862,-0.8136781726665122,0.15982439689549777,-1.427956779743901,-0.19425690357367564,0.18492751430573828,-0.18178511274166997,-0.41707856402460397,-0.8727013155231089,-0.9869868554051842,-1.8095764357268183,-0.6867624165689717,-0.9243779379781958
-0.29242744300679113,-0.002815315937192352,-0.010982178723042066,-0.4091768742804678,0.6662594217001481,0.17667265988068193,0.21188215689809162,-0.33463590090251055,-0.07301482126874453,-0.8208798706193408,-0.08287058045224538,-0.5595869498923608,-1.008018893188464,-0.5461564451513148,-0.7165066623560858,0.5575240976793058,-0.41754086566806825,0.12581590553593336,-0.12467167555203496,-0.6950646974711036,-0.9567315813802335,-1.623099696576791,-1.2037009685107742,-0.4491654817399876,-0.9409436931137415,-0.6082922946240347,-1.814627539649074,-0.5729710579985632,-0.24867632497891345,-1.6789456936336018,-0.5964171768883024,-0.09858133815848347,0.08448297753214973,-0.9896401097291971,-0.3274415607615508
1.5600003361627726,0.4598048038134178,0.7307734241303194,-0.4669884211318115,0.100294710798572,0.11704944318517838,-0.29465838159388225,-0.09279101600933479,0.08223135549237898,-0.15592947158851075,1.3575068552532428,0.27277353303133883,0.9771517515886371,0.6830288783716152,-0.4226986621616129,-0.12381661080968798,-0.39917398629175815,-0.30138357710277625,-0.746848488085168,-0.5169123296661411,-0.1531580284710946,-0.20229712463026828,-0.27717505107175266,-0.4677235448259966,-0.0404296811858067,-0.6310604112174604,0.16275535285694864,-1.4859692399276243,-0.26150946044511864,-0.3719994471141673,-0.978198171063322,-0.8416583416158163,-0.45311553314063946,-0.24729813312825416,-1.5979892977792023
1.0161890833394258,0.458066122556826,1.2333581977355446,-0.2660831227050243,1.858089800826127,0.1733273248229102,1.311433833119022,0.5410450069910724,0.14464658200530583,0.6640698015219938,1.022831425588659,-0.2920707596489277,0.8103810996329248,0.42813065468355094,0.6967404491961469,0.3871078732986136,0.06852972497733739,-0.22977167297861345,0.6349606287264808,0.6036856517224205,0.5722026147065156,0.42552910455748244,0.6544353349875932,0.8552093273687521,-0.8161678906165725,-1.079169737899225,0.9202565291989473,-0.6397761236040963,-0.5429551701953883,-0.1742215865709177,-0.8879366652363253,-0.2821915742507597,-0.5957646451399429,-0.2685182417612929,-0.041841023300918795
0.6282308872852176,0.6026960968500799,0.927877052955238,1.3196247329640798,1.5970019324347464,0.6837341751408506,1.7023758026131772,1.224659102336497,0.16612499030819516,0.1468006221082293,0.48349166771878976,1.488627430130544,0.5092946993153222,-0.1930796162010714,0.6312494710409592,-0.25252409850641666,0.2018224578969401,0.42684347873584855,0.7857298184386146,1.2130161177356151,1.0375514067072311,0.08988572838891273,0.48228056295874455,0.6944449240931859,0.5128141959205325,0.49647961190769585,-0.24347717078946052,0.027861754190980137,0.38866988980292516,-0.9709755206150922,0.8810536584117572,-0.14090674705643313,0.8731710157152128,0.8131579263007618,0.22544145306033936
1.202340212363067,1.058490387798071,0.5162325751689476,0.4426746766072152,1.1840567110977018,0.7324042110337909,1.1188018239082544,-0.6188497203188795,0.6032224991151023,-0.25719174465339834,0.49537444936709296,0.8411917448963955,1.3291567478639714,-0.034863460206497165,0.14536600526198834,0.3338537410913549,-0.13280140637628085,0.8160698171019545,0.2635908000201565,0.33102816731102613,0.5511530542481908,0.17587518664949114,-0.22668366502007437,0.12066456833469766,-0.30604964667000806,0.1457194285935621,0.5597517096600231,-0.5567420124476675,-0.7660190275216247,-0.0057894626736185,-0.4448506842517271,-0.07552558839095647,0.03848978722624001,-1.2236909213770588,0.16316303807480134
-0.15259240678311264,0.3868828630310366,0.03318572942124681,0.05081144531517873,1.136865173390333,0.4118916503140455,0.6663432643764653,0.2506760267758047,0.4459805016476698,0.30509139656561923,0.1838178336775752,0.5702138168248139,0.05489310908110401,1.0792775750634656,0.377190190969799,-0.7123671933894385,-0.27003653024596086,-0.021933397714276215,-0.23638323563478422,0.047292044405054245,0.06559088317922285,-1.0486516460008526,0.23666188867836124,-0.6862948651272394,-0.7687531467366553,-0.8021000945309615,-0.12873261402856778,-0.6957043104927362,-0.9216907946018503,-0.8281645819596146,-1.5382607218954854,-1.0851247101639212,-1.3053027770217076,-0.8398504219505745,-0.3911610784768528
1.0769379504666134,1.428094988321945,1.3158670632077252,0.5331804765299171,0.80505545935077,0.7767252550312489,-0.2855951147093847,0.17767591650100167,0.6984858787192272,0.6909565323446626,1.0282981201227082,0.998146253218605,-0.12536789395177705,1.0123971632808302,0.8349851787116963,1.0494484760961011,1.2627480751861708,0.6489161954881557,1.3336894814663087,0.25623472748565285,0.21761437483523965,0.8939342226804261,0.48375292138898085,0.7870734120513874,1.640408818066028,0.8278747615938309,0.7239792609697352,0.16961864043487668,-0.25985008893961137,0.5393640092207337,1.094166621710928,0.38396379926876467,0.7304831986853284,1.226948560424598,1.1980461312317114
0.27099770513505356,0.09227843783098563,-0.8014834433269076,-0.4064955476854112,-0.2806588740472816,-0.6147945353926063,-0.1120304908121655,0.6728395826602445,0.43024810893149257,-0.2510876394044556,-0.026282814564984325,-0.8216878039135507,0.2350175496530995,-1.3157564075142902,-0.11406556668805967,-0.3562157108312653,-1.0131676832852363,-0.7684362065571466,-1.257441580309428,-1.2597750212709693,-1.5303989802271758,-0.36922945487627357,-0.16555670846506365,-1.8614461425238078,0.1292742575223631,-0.8022065758116754,-0.6545633615369864,-1.5359349003397882,-0.13650422849612387,-0.6909415021470582,-0.2127860101810526,-0.15991950463884208,-0.08812313577694808,-1.0620309622263187,-0.8213877370139199
0.5836520281111499,0.07416444172614844,1.204677861526306,0.956007095781003,0.7631417682383214,-0.7119897062270399,0.5775061111661532,0.4550354651196573,0.2447321080782009,0.9086304381134302,0.8656987201941133,0.7026939993196475,0.9785321323732912,-0.07692935300482545,0.18139137952832649,0.41901632622202656,0.04346313474070679,0.690374563559097,0.03753764863712067,0.9192346578463804,-0.22451321001398333,1.2777227695875044,1.1967345768690696,0.10479811432625884,0.6951262585495608,-0.10848504621898454,0.5679260983747974,-0.0572420320398872,-0.6425534760548204,-1.796823524472905,-0.19530759891507932,0.04813302874570538,0.5434462399394979,-0.13353529083709387,0.31969339160432475
0.20527107108374854,0.22941735354765905,0.8898947384047546,-0.90554728962731,0.29637811803279684,0.052277215138282485,0.894304665325812,-0.08891779781547679,0.39426619910523997,0.5571607001612403,-0.6897082357310429,-0.053049291894476644,-0.23917783488400002,0.4098499123694101,0.23446532496967695,-0.25919785954918473,-0.7054657009624956,0.2986011505504348,-0.29245804179019347,-1.1053329479147609,-1.099107668722676,-0.15004143806488202,-1.0417799800626453,0.49193761441758965,-0.939336035983942,-0.5027192608568294,-0.45346483394370657,-0.926859331037266,-1.709828487721981,-0.5207374544297323,-1.017534887488676,-0.6057736143799561,-0.7466765288145123,-0.5736201326667272,0.05767734671438085
0.1591503383309506,0.16363451114213357,-0.47002175423648307,0.2291979771576786,0.4948211982188221,0.010510451130701481,0.4222143131024154,0.08645108692983768,-0.515159404664302,0.2523947510854456,-0.046326305448346275,0.07801477294715292,-0.30683455944623916,-0.3909979725408345,-0.0243701916599373,-0.25789680054066105,0.6803774488301629,0.17889305862097196,0.013870476243041385,-0.38488506583173693,-1.3459291934759685,-0.7726556169102097,-0.7275236099720451,-0.5753783255291741,-0.4874806434992536,-0.17450141543544362,-0.39644803648882676,0.01743113431610921,-0.7458659591926214,-0.4876035311527651,-0.46899277854814647,-0.5411796860088832,-0.04456587872508666,-0.3033785953290326,-1.3829593233643602
0.37507629516484187,0.391069997198484,1.4386474289879647,0.16189436208459096,-0.201355748086752,0.47142060465453683,0.4624919227115595,0.13831891780958716,0.025843212834747845,0.5708541935249359,-0.3702093157957479,-0.1538408091917941,-0.28443454889772485,0.48365058776490694,0.039671506206751944,-0.6750938931802288,-0.6640148723858541,0.7162353643464653,0.2829772205627173,0.12463047568070995,-0.3267939987510427,0.3853784669588343,-0.9555792766690153,-0.06140237628197187,-0.6924376470670583,-0.6269855580058061,-0.17012618460766576,-0.633949215759597,-0.8072649021636256,-0.8637638272818087,-1.6340877651931092,-0.28244101855034964,-1.1888260390945544,0.22393894612701004,-0.8670639885211454
1.3567859482352769,-0.2176238010057362,1.0364548211855673,1.1478323504589703,1.2872221354477404,-0.14762209506334778,0.24509392118071865,0.8638922932355291,0.628200940027426,0.6781926201132055,0.3281254002058085,1.2596809482512992,1.7638193991293267,0.4862098660166404,0.6349290306656058,0.40974206744053243,0.9964908438783828,0.7413480948357316,-0.23455221261545356,-0.03630134962431947,-0.2635819056418319,1.559142110934951,0.49974179085889264,-0.14566842557096,-0.21573498722573353,0.4943446205187742,0.5137429240886916,0.42980099023070334,-0.2126122061254382,0.12250739157363323,-0.005493327063082018,-0.5595284118161545,-0.5849588945166213,0.054134715358778535,-0.08353613523264046
0.7089177001156175,0.7935683576602406,1.1125682083892263,-0.06116224035069745,0.60500430294403,0.6268572981805574,0.05793385663694761,0.2361369414590675,-0.007305564027844075,1.1506974071724807,0.10901610655471539,0.24238841659817056,-0.15535176629963668,-0.3031139941707819,-0.7540769262872584,0.4073374678430728,0.20245707294383072,-0.37102041967950283,-0.708816605022774,-0.2061904018709581,-0.5817658723861986,-0.47987943741743094,-1.035656855981328,-0.32935134206020217,-0.35229929280990196,0.04482254394165086,-0.6083916013401626,-0.7289517000207613,-1.3682954054916092,-0.06570452905653135,-0.19450333415906734,-0.6496736074847768,-1.350126529960344,-1.3125292722467,-0.9968106779957938
-0.20280052456181402,-0.8408949162369244,0.019125254571572603,0.6689702775109496,0.5351211508063913,0.1968336347419086,-0.08672216767187282,-0.2768603373215318,-0.06531782123456073,-0.40978777141990785,-0.14284911677006243,0.6821113301538849,-0.40897951746573086,0.242143930480607,0.27863631105568154,-0.6823975037875517,-0.6034476130342215,0.3139995210337845,-0.7215136733161516,-0.3248875396864314,0.6870744418465489,0.12105797542931174,-0.36126165781210307,-0.01752084511859009,-0.49876193646128586,0.006577018423545633,-1.5561535326970948,-0.6318034596063158,-1.6330849257294076,-0.5355074091219315,-0.7590038415738963,0.016322095132987213,-0.3295973183963242,-0.9683096004726621,-0.9263658419040814
0.9903482651148903,0.513439443272017,0.7826927613671425,1.4558278662465403,0.38095466720872423,0.5691661191637604,0.6362150539269005,2.3653423980486856,1.086250548548367,1.343438919438988,1.156198448959317,1.1840223714433304,0.9967651257642347,0.9357333960816112,0.020319248250546207,0.9166941634452564,0.6751434851688971,0.9930861333068892,0.6754657796560454,1.082517100796172,1.160449720595939,-0.7765318847102266,0.4511902849585916,-0.2724363232021607,0.7633900354647793,0.48077303591484283,1.2958087268309781,0.707851160661239,0.34737482614070514,1.0449230867802812,0.4016302694931086,0.29643402485226744,0.7265646564035717,1.3201856190350423,0.9240639287364427
0.34005524397490045,1.3826994652631461,-0.4083719370051159,-0.4687571440679943,-0.06749622981837373,0.5688844623768269,-0.707100110435849,0.5943017896987239,-1.0481939321035099,-0.4336365956806484,-0.32926701774307365,-0.898701604394442,-0.8076443081474016,-0.13645786987386727,0.150298224024476,-1.6613157471791635,-0.5451197971783668,-0.7206972799960792,-0.6366170509194231,-0.8723382351779541,-1.3801154646933746,0.01816208304568101,-0.18856439401305447,-0.832536805065536,-1.0340351067900615,-1.1009227719961956,-2.0923165763826455,-0.6228184452460442,-0.40675530842713425,-0.7221154906755909,-0.8253673473665785,-0.7036569107194215,-1.1821733375163714,-0.987668187985383,-0.8005732471833967
1.148338287382448,1.4891489261962092,0.6843052330729368,0.2750860652063978,0.8133431543556285,1.7987488584364189,0.3110280090846917,1.22922605852228,1.4501094953550862,0.5973973200023237,0.4217733041606046,1.0538037798673072,0.9365867435001731,1.1004858817125087,1.7825462912297168,0.8212851619620686,0.13320285688732492,0.7536776829663536,0.8316737600789593,1.3345192729763005,0.5921012373074973,0.4750142107649631,-0.017460304041724384,0.9299635257739677,2.31802135091327,0.5198317328398737,0.8438719687986498,0.33031240310331883,-0.050502645625358444,0.7927552864577544,0.574825640125426,-0.6473442687338101,1.3347663069527034,0.7216821122338647,0.5342357496683336
0.8953272471045026,0.4127751836845751,0.15822595302348091,-0.136704138279933,-0.48460140220762543,0.9824654788844576,-0.1355282498439955,-0.2876282219692132,-0.07279539984329367,-0.04279217777300487,0.8758459792855491,-0.14743768930311152,1.2933321648597906,-0.03144810871879583,0.9254385290492088,0.3043677961957669,-0.0012429658320887993,0.5684518691591334,0.30248324347934713,0.021194877012014668,0.8258795356481319,-0.6180545090781817,-0.9013337216607521,-0.7760015032901941,0.4053357012375006,0.2228411123648566,-0.7956517667640519,-1.7394961052157762,-0.6928374906223577,-1.122817157533482,-0.887882878182274,-1.1912473520611369,-1.4902800411846697,0.23633642746282169,-1.0650918155853581
1.1385757463240953,0.28737138338995294,-0.2025252051357601,0.5813241476718274,0.09435777511487425,0.1487073370845913,0.2864520300695539,-0.23090106819991138,-0.6745944627399867,0.07076740812672438,0.5385486126510801,-0.4341597672134037,0.05362151529178656,0.6894568632292113,-0.14795803907334348,-0.09954965862166451,-0.15415549895427666,-0.5616444104061402,-0.7553089127074908,-0.7907758497415669,-0.1488258707340773,0.010078027865001782,-0.0013357644609601205,-0.6271575592619484,0.07585337666104652,-0.3488569884229781,-0.49764970612834974,-2.2318487927206356,-0.9986197782361881,-1.3767339543564838,-0.3273781389054922,-0.6165261622231614,-1.2215041958877122,-0.5530844774687982,-1.4350038967168226
-0.6257778956507329,0.4841191220461718,-0.08419923246001833,-0.8427042076592473,0.12819381550555528,-0.30060318848690415,-1.2661591085989872,-0.9698491453151452,-0.6789382667298638,-0.26777154109811613,-0.021989858052118005,-0.08050118088671282,-0.19559564821615,-0.5519542953876896,0.2906365080679677,-0.25407494393120955,-0.5241853052868791,-0.38074877532299756,-0.8898327303091997,-0.7425767978873302,-1.7758489996909916,-0.9463602372154306,0.11171481470498257,-0.7063545719735467,-0.736508611872584,-0.29690040991861516,-0.6205772561642168,-1.1929703846755473,-0.7850883474833946,-1.3586761110697325,-0.6903930447565603,-1.1892236411646844,-0.2914130411207113,-0.9930108851858814,-1.12975868763459
0.37582585053877254,0.5807527478782382,-0.24078910127945907,0.06615665404553261,0.34246735642804044,0.9214421646844786,-1.0503588192472175,0.4827869515160522,-0.05580906788286086,-0.15090295795394074,-0.28397371873371685,-0.16531192957465415,0.28704898261496614,-0.33168994662302465,0.7262204124703915,0.16933654762660863,-0.08277561317803443,-0.3035002563679221,0.3362954484232485,0.3718651782981279,-0.9136085428648362,-0.7198072058009153,-0.08656178048387242,0.030454339837794053,-0.6209711679589109,-0.8737613280344428,-0.49371450404058714,0.17617625395414893,-0.5693978424069255,-1.2481553881504115,-0.5861232786488366,-0.2726687925732509,-0.7361996583700369,-0.07618235046067379,-0.29033319585490613
-0.1487567365979452,0.7270930715230405,-0.8468739905341013,0.5915369909354831,-0.5789522343872169,-0.21758933125728633,-0.38386531620066267,-0.5430607523304094,0.016259386668430853,-0.3756221769844636,-0.7498492306518416,-0.38038788114659416,-0.8450704890145562,-0.803660859042411,-1.3191111917505436,-0.8291650626735342,-0.3881357267107569,-0.6454803692091591,0.217216605755173,0.5924537394907996,-0.9669811780755725,-1.1696452848287737,-0.20332091999893231,-0.612938089600822,-0.2219413620459033,-0.596787091891001,-0.8966688873132928,-0.8940710066566394,-0.5805287143955312,-0.896623496587905,-0.17244850846776738,-1.4215172847133117,-0.1484885291070348,-1.6745909482582357,-0.6448555898867065
0.26672047938273746,-0.36012101351220893,-0.6671328111989068,-0.22196738234525837,0.3127283668615086,-0.04883417447364424,-0.3064753876859192,0.851345891135626,-0.480118624644088,0.43596088126861654,-0.38790874285694,-0.5447671043368068,-0.3252789313024765,0.24666131255666846,-0.7888084737354599,0.0011307857337570504,-0.6621416745901629,-0.6108556325826362,-0.05831085897027019,0.790596749891209,-0.7884259642315135,-0.008917861272869587,-0.560233072296366,-0.6752578597826154,0.06488711107080025,-0.9243003036081364,-1.1100774304212369,-0.33208256380930035,0.2074769258103769,-0.24118765059227015,-1.3444235828058138,-0.9717093501726366,-0.19571188190675332,0.08528935225167122,-0.6089020509764382
0.1426555776406152,1.221066257997691,0.32558010456287784,0.023885665630145658,-0.09758006550617754,-0.3452512835782126,1.6307892776279695,0.8856842824047281,-0.19217294370494603,0.9623151788548515,0.3232408480357378,0.2536898629020479,-0.3823181328990454,-0.32036030011836,-0.12428761272804026,-1.1253713417396551,-0.42517174745400443,-0.2182273818428969,0.3961277997428159,-0.6044184381153153,0.07315158631952268,-1.3991050631369544,0.17963820405648145,-0.8880596159400993,-0.4056644092668966,-0.2993673385885819,-0.4279310383459295,-0.6155603407458258,-1.2106731151196413,-1.0609554623825923,-0.142698920826745,-0.9627315575848845,-0.737158799376904,-1.45130888524792,-0.2939710328511861
-0.6031517587358828,0.4652066028033678,-0.5735227991470875,0.4158557895669465,-0.13518451238508217,-0.46800742789907546,0.5639437554355142,-0.3174120054919224,-0.5095388340273053,0.08153139347894561,-1.1562284063373964,-1.7209684482437877,0.08196286113713702,-0.9529241488677158,-0.1381684345378913,-0.5809293800421423,-1.2172327219717631,-0.3604016183510794,-0.895400323846937,-1.252625165523109,-1.2605201660135874,-1.619405783062494,-0.5667167520870353,-1.248242582839691,-0.8072395644058175,-0.8870637047494423,-1.2702683045652408,-1.56117833961666,0.4699383109865082,-0.8153328117195996,0.12949234631344653,-0.18788027309931876,-0.9161429978827874,-0.6474082556303129,-0.6414488420837435
1.624166393978518,1.1018085611573105,0.2670769375731325,0.8293639024804268,1.03759748897565,0.02873776687742169,0.8435279121268591,1.248381794960049,0.1252436247927982,0.1718535150390334,1.0885049557841442,0.3071634842702073,-0.03141753172012929,0.8753564255291336,0.6966455262758998,0.4288171483771626,0.9167554585790163,0.9246075743046037,0.25722661829157834,1.2572128493993548,1.0327614675746104,-0.7804182801081088,-0.33297281264873246,-0.9754712223371882,-0.040316464275690564,-0.5138801151147128,-0.34587635011071244,0.5760312070799344,-0.8772480566681186,0.03445343988195099,0.0008873453604331741,-0.13259286937301293,-0.056322632088723845,-1.2679886621206697,-0.5865389336533157
0.8280901939628571,-0.5912103442525263,0.79113848795673,-0.794809431486144,-0.9038012862444057,-0.6645181383075784,0.3282843618549116,-0.5560449239574949,-0.15592919317974435,-0.3362091093114571,-0.44323094194255824,0.17967340006829585,-0.11126815518778177,-1.106224708122888,-0.708265039026973,0.2677093440842634,-0.4754570953240562,-1.4179658102338377,-1.4088346799197935,-0.2688823430867412,-0.3836533213271791,-1.2136691935452952,-0.394414103691231,0.019153857742529867,-0.060949080723089355,0.0059365609179728995,-0.5217455764440031,-0.8885583921121938,-0.9981571438119743,-0.7997599930368968,-1.2202107822951351,-0.949998027222229,-0.11800047298878258,-1.542426078518964,-1.4877415959130267
0.08234783297150039,-0.5605442645286642,-1.398736579907241,-0.5146836656597694,-0.6315632068829038,-0.7876689751057926,-0.26880619364165337,-1.3144839699791389,-0.6741191899078702,-0.8151457351592526,-0.7159593659593588,-1.6222062007831148,-1.034592567240717,-0.7763596807535529,-0.5243916379362534,0.12379575298845902,-0.39653926682510365,-0.5647261405477294,-0.15105869250051984,-0.9259477043294841,0.01987020900966263,-0.176423429067874,-0.9339869011737205,0.2797840024579401,-0.4261848386105689,0.4828838936455764,-0.4226415827159501,-0.8127265217528511,-0.8701850823024861,-0.6163149928765346,-0.6737478330969546,0.30003416809399325,-0.2958930270996812,-1.0326422789443903,-0.06213448160877946
0.11934628288930552,-0.22707861208219104,0.09162909216676564,-0.11345294216138956,0.1766017136500381,0.09886073966608006,-0.05380569408901176,-0.9324124609678384,0.7308756766718403,-1.1510204219862146,-0.48035443898494357,-1.0046023219098925,-0.29885804485123846,-0.46557024713804585,-0.6548626895412453,0.1548758260377735,-0.0809900313194658,-0.827600499733943,-0.28824790777327125,0.06838513154937376,-0.18419946014372945,-0.8210956987103815,-1.5633796438931626,-0.6182182581571646,-0.45557333285639495,-1.1810109076350161,-0.7882173304463848,-0.841172386930262,-0.10306178567593494,0.13584153906456953,-0.19459189491635132,-0.8131265065507689,-0.18170222366367472,-0.4134964713850825,-0.7548565212581879
1.4784369891961615,0.029047618372131212,0.6648313849452332,0.7465702754842876,0.14613678381947223,0.5318269838558858,0.6867476880102423,0.29752255993839033,0.3722214959915836,0.14911777696840378,0.4553498170975174,-0.09785347235442894,-0.1792585095374584,-0.053016634120811604,0.4887588416627351,-1.0162784188550857,-0.6364463341098782,0.9174128266831104,-0.12103744510365289,-0.49966268856238066,0.06450844850642973,-0.7613716532023831,-1.4552713397773798,-0.2604861585105227,-0.8361928108266911,-0.45184400911324146,-0.3683204221046247,-0.4911123766359546,-1.444412678488988,-0.6030445819441418,-0.4186139217553434,-1.3640724598003002,-1.4450977821184248,-1.2397780496298272,-0.3498753442335308
-0.5669160285492736,0.8129437638855586,0.5589047712855769,0.1980389774413686,-0.4504286276188674,-0.1459758825293942,0.604951088904987,0.8035679505961136,-0.379707694500439,0.6673339706357826,0.3995273776882266,0.013217263360081645,-0.392287182661232,-0.3539917216853821,0.8083857126407299,-0.05337593741306483,0.4831724952509846,-0.09969320581553989,-0.48498061628651923,-0.004099574863461741,0.7460000668022322,-0.6909164833444186,0.05305756804379014,-0.3426316412404039,-1.195559901990433,-1.2384758195981496,-0.7590126904931324,-0.3884261693483837,-0.15072848758874013,-1.4016415302284633,-0.31456613235897846,-0.7232329559532803,-0.6838541119288836,-0.410959833686206,0.1497949464450129
-0.2455748978119296,0.3790002673483598,-0.3229361377880843,0.28983625385184375,0.05291993383709878,0.3673917551092668,0.5268447484540757,0.29574534927404345,0.36149698540126735,0.04188587779413129,-0.16106958944865624,0.25169520363725795,-0.07908352578012307,-0.0999516021024589,0.095796887287011,-0.6592046435308525,0.5330438712927466,-0.3451504877377418,-0.19654084550576723,-0.3184043890463187,-0.006545892286653976,-0.19926731761595057,-0.4288388571146336,0.28649092568421886,-2.072473698406619,0.11879829205528214,-0.07291311442837939,-1.4800787778200666,-0.12527336357437036,-0.08695128045807665,-0.3600331474970188,-1.4435865500288867,-0.344184643913045,-0.2016673287016647,-1.009360961004085
0.6528087726875401,0.22145289055365575,0.805565392398883,0.17003661009345425,-0.00017252784166732482,0.23260961858135537,-0.4568269973420088,0.1059143580582525,0.317020082999312,0.5313818501770688,0.18106813065326205,-0.6996649563007249,0.6527759512738504,0.6547825421417324,-0.04679196780102878,-0.5185676550939211,-0.4475706439852424,-0.32223339631865294,-0.11929742539197272,-0.4483873058358996,-0.7621112361883018,0.1426467890068484,-0.27523393964283566,-0.9640721436021914,-0.3251456656613815,-0.4216034837886505,-0.8920472729960547,0.0353544183866501,-0.5224703692193388,-0.7244958242789299,-0.6826557664752577,-0.4420844302607645,-0.7216027099602099,-0.7455375932220665,-0.1902751794509594
-1.0421196329813467,-1.0112343719844075,-0.04743338763210575,0.7239083060522677,-0.09125468940007431,0.35997766117623664,-0.8288450137402593,-0.966426774752249,-0.4523453107146419,-0.23283500793951872,-1.3906474305563883,-0.8627223081296712,-0.7867767069927394,-1.1256793841148538,-1.0760823693580734,-0.3778678491881941,-0.5646712206492022,-0.3960780299347099,-0.6183587434543214,-1.2106648194841363,-0.5455423468881793,-1.2121062752876859,-0.8669246753696603,-1.2003179128178179,-0.9550963920993417,-0.5683611707080349,-0.8029780121052639,-0.9733427970097724,0.08248197516525707,-0.49823912419899463,-0.6520643852985837,-0.8768596657363417,-1.2174033473961297,-0.33665444952874635,-0.8577459913046095
0.7882600743749884,0.41280243561264596,1.1420572867095298,0.4383270893258917,-0.07344269504848577,-0.6877459112680098,0.6172709947705481,-0.47426878059326183,-0.06809854702468798,0.9334463387713501,0.3620814358585256,0.21156858950994423,0.44880160371902345,0.39022819840737677,0.6873976205406653,-0.44368651975402806,-0.3701037524698523,-0.681664511990454,-0.2749804716827894,-0.36226102966612683,-1.210393587905501,-0.6958085316486434,0.3156813834195972,-0.31578183494067447,-0.1131015847609203,-0.5628112321035319,-1.4765675791227801,-0.6264884223336128,-0.06906669367250717,-1.2090268988598005,-0.26739542906572844,-1.5149586628345162,-0.6754153835789924,-0.43300653162931424,-0.8793139757483451
1.069658623336518,0.04049205258374716,0.1890745060665793,0.8490921826820407,0.6648869017171037,1.0728614982469822,0.455399995151759,-0.12499434516859573,1.1645460387981426,0.3874425877715274,-0.02075790806667073,0.04536863709273406,0.0662811718843266,-0.18170264844004946,-0.7910033963950035,0.6707636816036971,-0.19267871384185503,-0.12872394110828872,0.7804403762064371,-0.6377872966898224,-0.0051748068806617975,-0.7650074948863619,-0.24336630240716675,-0.33713325925853815,-0.07550034523411853,0.10154546066697534,-0.8227813626236952,0.14616695894311604,0.15382549684765967,-0.7411776955846008,-0.6442061831391117,-0.9112178881628972,-0.8382316096169768,-1.307003584327663,-0.3344898274490537
-0.22514694626238585,0.4511723141673103,0.7757981290246312,1.4473774992030752,0.5228974743229603,1.0069291376932472,0.7494391694264434,1.2588651351920408,0.9699220917734688,1.192509443934928,0.4968181354428297,0.259312991371513,0.943542516624772,0.5092347865324346,0.7608535114098003,0.8963993554058318,1.3502690466927385,1.1136430035771412,0.37039052658928373,0.12842383555339765,1.5441739873985727,-0.11178170837451695,0.44188527019604523,0.9788795399029611,1.4632983816187983,0.5362964622797455,0.6315659886731222,0.16671511896208785,0.6534478704401641,0.0005603272070492382,0.18558902179750358,0.927378079868342,0.31296354065168097,0.9723243850918417,0.4205344112919762
-0.913233646264821,-0.43787283947611877,0.1690929532033899,0.6293262261075203,-0.11323826365248812,-0.7954236748435861,-0.6762174235410826,-0.7073374711149648,-0.531626988181721,0.18742014217737585,0.18345487450099235,-0.5435135936229343,-0.40549207062450254,-0.9335520559784328,-1.425433869407994,0.2901586108002202,-1.7964815152047937,-1.581962987020454,0.20788769884842473,-0.7056472950346298,-1.2978294334592322,-0.4116345904319738,-0.3817025401554153,-1.446885033190967,-1.056301188788177,-0.3580795256403952,-1.2079428371606509,-0.6586466132403337,-0.08451101039541986,-1.9873089645010342,-0.9528232897310832,-0.6395306656789693,-1.6515850401092873,-1.0026962694264514,-0.19515741099641093
0.08008427032256704,-0.34410637962949786,0.9282928087215924,0.5490407994725419,0.25545805782902853,0.20306197636220388,0.7281402984521406,0.32246951217904785,0.4587797874544639,-0.24988098190964927,-0.90208774306921,0.32759271234670134,0.52710434299206,-0.175577694881629,0.3408026964603369,-0.3102032411080522,-0.22711125641370586,0.655742196734026,-0.40439168034401807,-0.47142936135772695,-1.267907230841371,-0.02382157311087424,-0.7587975664070395,-0.3642736268778708,-0.6283204375206357,-0.7254352559241627,-0.591885561954681,-0.5825966311985473,-0.001875442615384193,0.14392092510844356,-0.31555734121675305,-0.028264871452749474,-0.2584372673218002,-0.4579587057347189,0.004313754033073214
-0.2219954707681499,0.05582573768876331,-0.0475738662875847,0.1760959943875967,0.6328363826234862,-0.30529383617715916,0.4653986613052229,-0.1183251095276858,-0.037558312273278716,0.19661004721082148,0.897213830864912,-0.3395376638845897,-0.06340631458774892,-0.602409323843915,-0.4640494536087808,-0.686267561981831,-0.05936913177118387,-0.007817812715221112,0.08489301987111081,-0.6729695205342002,-0.078945929965201,-0.31230811397736125,-0.43275313230554996,-1.058597546138072,-0.39417414414521906,-0.41006058822260893,-0.48215659475274236,-0.3621450827802385,-0.24261714289828135,-1.1651966577167057,-0.749262935651723,-0.4061590274060559,-0.8197084131326593,-0.22555397817170636,-0.6781684652673664
-0.27539527104947725,1.1066061749344511,0.6121616971586028,-0.23130093235957883,0.5092953881221246,-0.017784897977347724,0.9730188825212598,0.5577168267844064,0.09210726820448828,0.9369368273127181,0.7375315361085988,0.36639927221077456,-0.16321204477876022,0.012983007243799083,-0.02051054694003962,0.7548687962613179,-0.4859844984674491,0.30317254442578434,0.1734958773169249,0.7878191645107114,0.3574347696987716,0.47933608740903016,-0.08059410279715112,-0.46332440626869964,-0.04069695485155965,0.4803101769985351,0.44872816483500905,-0.18454665186935001,-0.4302054291248574,-0.5587539930870488,-0.12926417724305472,-0.02312263973727463,0.6148837834092689,-0.09018242810335184,0.12512132114909943
0.01602583179378747,0.9954689895444797,1.079585391131222,-0.019361163729005426,0.9251767277218805,1.0643747502131093,0.12162992078488805,0.4574665052969697,0.647139918515482,0.8167418288809272,0.014048997886672743,1.0627849896312598,-0.5550873900433813,1.0960926784748457,0.6833521418079389,0.07073443905772159,0.7866670657082044,-0.197109569093739,0.3561060998999059,0.38930209252730064,0.3591338978406187,-0.20812783372047744,-0.06595268711093047,0.21554712055933878,-0.2413308383966028,0.22745538117362307,-0.24578013485416447,0.53074714672712,0.7815089484848893,-0.17914651796208514,0.39917850460527843,-0.1975504963852408,-0.5899275714492823,-0.3647066771903703,-0.13897680537636317
-0.8368890708793735,0.3200535792250624,0.0008435056428122006,0.40887375313763613,0.1637878068474342,-0.12865457109358597,-0.41417458996327905,0.4784463517686877,0.7563036560187009,-0.5426022728499649,0.10514688627387708,-0.8107604757181424,-0.7908701025258313,-0.7278955852909494,-0.2281383034279661,-1.1414672131006816,0.13974412359409316,-0.19510669950166298,-0.35955762601695773,-0.8608623303711976,-0.3201281849868402,-2.2116678366281617,-0.5477785114321548,-0.700481176785722,-1.7329862831623373,-0.5930759661271712,-0.504044101037369,-1.7265948549643393,-1.3903028124045966,0.24112802719500037,-0.8753759031179353,-0.2825356352135202,-0.19215938499274554,-0.5409221673025835,-0.2087860574726782
-0.25644417908235906,0.6844550337083246,-0.7414202090275488,-0.07556799829451832,0.5225125104814399,0.4603110826438677,0.8106363712227986,0.775980429154379,0.8490004322853992,0.8647595742304064,0.9385969553216101,0.28680309974470003,0.39758219741618983,0.73465976640469,0.7350201001483533,0.1967982026256374,1.2700949718719017,1.0827580206575544,0.2810370202947046,0.5967519479738332,1.6952532604199066,0.7598366465297962,0.8659796716416035,0.35178935417633783,0.4873617038796114,1.3867902177335443,0.6745417051839435,0.5687647203243597,0.5939603573407947,1.848328711065081,0.5806352499807723,0.13039445319230103,0.20207649827502477,0.9040779252593587,-0.21695258870685685
0.2818812520662771,-0.3546835653224071,-0.9715516970513736,-0.5814343340537383,-0.1265140651989153,0.5089549670708781,0.22040758368477123,-0.42982962216818255,0.15746084750973066,-0.5514174849395864,-1.149255642950343,-0.4468418284191528,-1.2499941231846936,-0.1390689557991689,-0.16753960272770207,-1.0439955356962838,-0.562439236495193,-0.5960182110924572,-0.2543335378477777,-1.3364891243617771,-0.43512821813112074,-1.4113710314793844,-0.379634824341969,-0.2491935099505218,-1.1246741973733363,-0.18663802422248577,-1.5865064454847995,-0.24993675994197584,-0.07768898449723605,-0.6181589516547094,-0.8799620205813827,-0.6141387549127524,-1.0574395315031466,0.5744227652811547,-1.0106723782844633
1.090942429523171,0.027443129601310512,1.1612810368922866,1.3329542435849107,0.48288160909101063,0.3955865241997901,-0.2642904494926194,-0.3626284551097091,0.284931016903007,0.8254984540844535,-0.21751148324035285,1.120600471139567,-0.32843258765595007,0.051399259329598296,0.012932637765407928,-0.1933640321373522,-1.2036754339175848,-0.5300087476750583,-0.15881200733936657,-0.34413721307113665,-0.014816139536322603,0.009559802894555658,-0.5239161142693409,-0.9191013185419403,0.3033579588874299,-1.1802700634360173,-0.8306744287399336,-0.9871504234057438,-0.21668616153194287,0.04232598400244947,-0.7277615801930194,-0.5491544480207216,-0.4711250922005832,0.1967362925918016,-1.6100444347202378
0.8043527942579761,0.5863192122831332,0.17745713451755157,0.4899033205674738,0.6603006914962979,0.5438392461576165,1.2932493658578192,0.23894614357127583,0.14942630596535608,0.0057528226590058545,0.3330791799071064,0.0006067314995001072,-0.016755045308647604,-0.0543817810422587,-0.17037988018146644,-0.4469332455957975,0.02729159334398573,-0.36299597996791966,0.04820809791941927,-0.24076085061703117,-0.5262049074022372,0.41355704941616206,-0.4550331764533742,-0.12647462510331398,-0.8207923468003273,-1.515308563743781,-0.8165204008623828,-1.63089481461874,-0.7083464058426208,0.11813850403168091,-1.0935574034758724,-1.717064756985272,0.06461749281110551,-0.9429431383647549,-0.7311269046979929
1.0962060340778368,0.9484780978301788,1.0459695203922021,1.1037689789757763,-0.23761699802920377,-0.09077657874005085,1.1820380710386038,0.18476774531164547,0.2176570281235915,-0.09990846225087091,0.30579475843673354,0.3096236088812181,-0.009143668853158649,-0.09232146842577643,0.5675499540008327,-0.022214438815090942,0.05130801586553363,-0.7663492206797144,1.2677381939684804,0.7409616703603534,-0.006336535802359461,-0.2378095229916643,0.1875302976844207,0.14390789268510412,-0.515942251670637,-1.183539130425861,-0.2017551044992096,-0.7509401317612584,0.0858564465611925,0.058626352696881684,-0.5475572250507283,-0.3586903594246674,0.7598088729104314,0.23571645622269233,-0.40788806110892173
1.202569424802152,-0.5912435074835082,-0.4485142812336471,-0.14665531095090453,-0.9057845027264029,0.7065258526383931,-0.14468110293390735,-0.6779589375327033,-0.10473921169693501,-0.29999964617111347,-0.5683253926403218,-1.0616432296462313,-1.2151330884458549,0.5586273891799133,-1.2468470897861395,0.24497219374453516,-1.057617563716002,-0.26902654441801654,-0.45759868369100853,-0.3812456472216447,-0.36886484379511575,-1.5587692171453849,-1.1064021894154927,-1.464566190225952,-0.6952279701295914,-1.4578746235553686,-1.790013552512016,-0.9184671508190372,-1.9014566298222793,-0.6616974513699969,-1.411013891755573,-1.1906385390028278,-1.8957683337164333,0.08716053260405565,-1.448864176556357
0.6179993827260526,-0.09614955668196967,0.3810452503690288,1.6733897245012108,0.9442581266065874,0.43118780398666845,0.7728444868238271,0.5060261566125681,0.73591892738099,1.1493391094315473,0.6065865980666051,0.8763211754132333,0.8782261059222183,0.5900259724031935,0.37772858064978665,0.4751702069715564,1.0789079071329144,1.1115660343698668,0.14199819734203334,0.5704402872381719,0.3140225004701815,1.079524342470726,0.43253517415162024,1.7567190385275866,0.7528664530923086,1.222125451953454,0.11058907813599239,0.6100899043037332,0.8982263635576735,0.058987195946588855,0.5709028543121186,1.0713623188993697,0.36602694512090106,0.08782367177899414,1.3987677023527905
-0.1536308061286375,0.47600215250417527,0.008738727972058546,-0.14162716672145015,0.6607147449329687,0.14948993408494599,0.4169422956095188,-0.952367510888164,0.38753360530122305,-0.26389574041427344,-0.8828362142449719,0.9590056396360618,0.2771471454062825,0.050341995294411884,0.521633829433513,-0.018812203825325655,-0.5810686808262727,-0.3079560027007989,-0.5978147600868287,-0.5463211114933844,-0.9617693021673346,-0.85386844100153,0.043415882654451676,-0.27184841298259316,-0.722307420070031,-1.016554830409759,-0.7357193064278258,-1.4040953629023776,-0.5265996727208203,-0.14344926224156362,0.5425714375919646,-1.215672189470237,-0.23360977971985336,-1.0588714795515668,-1.287485858639155
1.2427916171067173,0.9019104105837921,0.8320700795722673,0.8622521865991543,0.7216971690053725,-0.29416806117187977,1.3576736490614685,0.9850671009027121,0.17396549438125286,1.4913130595512853,0.47714565891373933,0.7124409371213698,1.2717661548822172,0.8631684752468596,1.413379496442764,0.5617111357523918,1.5749018870055438,0.3314562319658804,1.3697065276310778,-0.43161965501752264,0.14038740935427396,0.828531196857315,0.46791398097001696,0.6188828197906211,0.6647432182241377,0.03567592077831583,0.05992968410139188,0.7202898541650107,0.25697333846167186,1.2461542463380733,0.46475792069043753,0.904808424352517,0.7511777837361976,0.21311939547896358,-0.4928764188596546
0.4578005184638042,0.9421200807312295,0.24360612672732762,0.3819678759646527,0.8631407383627718,1.3433268435531627,0.9671607870552356,1.1925942556529527,0.3977712818497816,0.22000759514281643,-0.4609218664304874,0.5203808193940955,0.6491101906676404,0.2842172061484929,0.01986774486311249,1.0033219145506895,0.6703662829529913,0.9832026779668316,-0.17815147480513388,-0.08406740765100851,0.8426551124869097,0.18805740495930043,-0.10246615677141907,-0.09758282439748861,0.11650077001953459,0.593204891953024,-0.01897357678666941,0.426013548777387,0.23385536162244558,-0.46958395072394227,-0.5005155598733357,-0.31653152156268005,-0.7901308004097446,-0.4089172348124856,0.5749550326112227
0.4416433511074311,0.8844906592175331,0.07593662730995254,0.5750768962986407,0.6308430351025553,0.6481561367495294,-0.1521370919096309,-0.3853356792922594,-0.35640283815910473,0.49188955155512815,0.3902863386695682,-0.46193943810769345,1.042962395330787,-0.6014786943389698,0.3966564469139433,0.617235875083012,-0.1268828727577875,-0.6053341192500258,-0.6325706672149758,-0.42718976526246666,0.20751791979630274,-0.9687960594512941,-1.3232598998862737,-0.25685863709956536,-0.17999451817473655,0.48144582522144286,-1.2241803046572246,-0.6295737673999624,-0.008996256372757694,-0.5557539194364801,-0.738634486968309,-0.26909007972340704,-0.9852054847984568,-0.2795603357255547,-1.3500393097087868
-0.05764980212915016,0.5500977058794391,-0.6109315828620154,0.695904302559516,-0.23084035308683215,0.7576075516131473,0.6891829587826559,0.5416561237750803,0.7721842843744172,0.6336115331383316,0.3617684014448388,1.3997851309620195,0.6562420217656415,0.8201739476675346,0.9447582798992761,0.7156948841501686,1.3858806038170672,0.409793395117924,0.29515739978493766,-0.05473638828030458,0.1129295225811206,-0.15388133968838524,0.520691855568628,-0.30398343617538803,0.15893711803575042,0.3715024511865066,0.1364447925567353,-0.4172103040964653,0.3496389302024139,-0.07308428490142917,-1.4973069841029991,-0.5830740708886342,0.5788541451227561,0.590313113844553,0.08129392927812937
0.44862424981332755,-0.38192179212661814,-0.17223912819489917,0.5262850746328778,0.07267665124279199,-0.15615453773200438,-0.3296613937350572,0.3042514915345477,0.23238338937575742,-0.04819169493567832,-0.3828623175361178,-0.635763889118885,-0.15052026583894473,-1.0857280320289402,-1.0177645710244119,-1.3295562463236223,-0.017623100911461242,-1.0243761402528502,-0.4883113353555857,-0.7767337577246168,0.7138975151457564,-0.5320336789587112,-1.6992995728010762,-0.1928243323188028,-0.983453982356232,-0.8966663584677825,-1.135746095480427,-0.7019222232280188,-0.7056605347411458,-1.1138051375547895,-1.0362713903099166,-0.7197055984185554,-1.9269260903926142,-1.4586393095520682,0.11758931498169156
0.5961523168546327,0.13560234494299184,-0.48516451862795573,0.29863187023408727,0.7824822494718918,1.5718609422411853,1.1600272753975187,-0.2682636603898344,-0.11192605137195236,-0.6393473996244428,-0.36423777197781343,-0.08978571931990205,-0.20692811615410311,0.9639869422443286,-0.7607540666745276,-0.1651440691135423,-1.2134915569027918,-0.055026807215743545,-0.9294843238287775,0.2551684891103663,-0.4784304157453597,-1.0698502872428166,-1.455227760458865,-0.9272048766890528,-0.3511104484328576,-0.2917820745999603,-0.782239807610496,-0.0992719397023587,-1.157786418880532,-2.0797149244921305,-0.49963806706629726,-0.01899492184648588,-0.03584416586628625,-1.3551703770102963,-0.9956043072744281
1.1619100078702538,0.48616668556926806,0.8515715848636618,0.43925888608396463,0.25082538024322665,0.3448164764385796,1.2677938231271746,0.7931970672713108,1.418070036497562,1.0376150973922766,1.575368208760596,1.175359534930049,1.1396487722214428,0.6928548467342242,2.2502948637331395,0.7941109952210539,-0.25739640319756407,0.854374451689125,0.21974924135755375,1.2094457152329836,1.0533918141118181,0.5837913026463297,0.2241901873199903,0.7294699931023046,0.32330085421525473,1.0250292212337613,0.8959023486666984,2.072212126007518,0.3675825450470994,0.42392450261516684,0.48334366143844315,0.4899400356635608,1.0432914180633839,0.3755271015342405,1.483478832688279
0.9932036043751491,0.444023691341592,0.3000904680959324,1.1739905809072928,0.6497003942089288,0.6209273182083365,0.2972131265121237,0.5449144763972352,0.23450252520398523,1.212368526944287,0.8667987792381733,0.3968972210730668,0.3648526334630549,0.48030698813170447,0.4054482884769134,-0.09684789502546015,-0.5959229198378266,-0.07206038051318842,0.23437932737045303,-0.09886694323574235,0.6507355060588964,0.09715437688681873,1.1188726865821683,-0.12857244163064335,0.19239943243746505,-0.05270189404957322,0.28117187812653605,0.56362269818702,0.30430695266296975,-1.0458125653664847,0.18897992935665964,-0.5968372967374604,-0.2765965622867493,0.19281678650587947,-0.7416421299619894
0.6345637650766875,-0.16946775127330216,1.0433017676336875,-0.057059312700059886,0.7123904012876399,0.4102108825912244,-0.5418096633157965,-0.9338298728995671,-0.2718190067805427,-0.6643491295811467,0.3738595394661047,-0.5808152320718025,-0.6472291049406883,-1.2327223399102094,-0.3608711406912565,-1.191121706904569,-0.4140195334676666,-0.3739969649391761,-1.0651527847185807,-0.23566503186099658,-0.87230969956083,-1.4886082539287395,0.0044144769784416615,-1.2422774976542543,-0.5363432299201499,-0.5833052204696335,-0.604897627013233,-0.6137975245821822,-1.2820109218585574,0.05460825202088526,-0.30407455496638247,-0.5328202993375137,-1.4220484648953975,-1.227074512127934,-0.38867841972273576
-0.9452522945142461,0.17657712847249954,-0.7077553175181802,-0.5254141143517473,-0.8458147738720432,-0.06557552178437902,0.32192360362860106,-0.10897574717646363,-0.09971616293819238,-0.2890481222426182,-0.07465309514207896,-0.22384283911048397,-1.854576222679892,-0.08161974071087769,-0.16990366625069037,-0.785166981260356,-1.6223413537743703,-0.5428058153709744,-0.526984826663149,-0.9341967386502752,-0.6415221177418653,-0.21706627699144432,0.430531665969179,-0.7070903741591616,-0.6229216598767688,-1.2080968950859523,-1.0501859869636947,-0.8677497977329897,-0.20805808588325736,-0.3815876707164461,0.18247754193727905,-1.5154617527928185,-1.4174278324620695,-0.1868491066822512,0.0070234550899266335
0.0731538221696286,-2.2255767332621246,-0.41393149977474347,0.07634860047775419,-0.5899874633271116,-0.09606565120667239,0.7130206021474407,0.4300819007146945,0.07581343528575363,-0.40525220973913784,-0.6633338795275945,-0.07850998859675401,-0.48432979943118765,-0.5049208898555149,-1.3460874536716543,-0.961275757044099,-0.2593077562496168,-1.2145762485624714,-0.5574616794301697,-0.5077031999377835,-0.4994280720382016,-0.47285429779778493,-0.4543661666083717,-1.0924387566383593,-1.5237057823839768,-1.2329701636849306,-0.4345293655229497,-1.4001517794450973,-1.31722244352081,-1.314138549109312,-1.7051863574383324,-1.3438508480286135,-0.2553618904757481,-1.0962729006579979,-1.5918758113444906
0.23874421584253303,-0.6967549065496363,1.5899778366091353,0.5643874678170306,0.17087036866569147,-0.15081354433678681,-0.545621144691196,-0.9380776287557429,-0.38554400114402765,-0.8029078881676215,-0.8167207749040214,-1.1657639661227628,-0.3721955997157488,-0.7232698624531468,-0.30294385981820604,-0.3754611691037586,-0.5205056748681929,0.6656773008389133,-0.27846247194862617,-1.3442380026948022,-0.5055037559544764,-0.7799957774608741,-1.438994478591638,-1.4913586506554155,-0.5632770419136055,-0.4474286900539731,-1.3226185636376686,-0.31464495594992775,-0.6544599051709147,-0.1931369702592156,-0.23738893089708069,-0.8495671226642099,0.06223951791346427,-1.2999486193604506,0.4777405194080301
-0.3828030789087851,-0.016776167336525982,-0.32576106813175115,-0.27979371953681065,1.3214958612187364,-0.41998907338106917,0.18929706385791314,-0.40068596472601453,0.13964252739455796,-0.6451073295055552,-0.28793380374781274,-0.14303649599911994,-0.857932852349542,0.8440898525710957,-0.23000912561424208,-0.7169960431898408,-0.9838552483333702,-0.6181813163746868,-1.298314234038133,0.17719263455511836,-0.5192450937146706,-0.7969794396823269,-0.245240266000048,-1.1412995996600785,-1.3678582937686086,-0.8612689933576244,-0.7357181392406101,-0.5344353792508649,-1.5350560617946698,-1.0192249637400912,-2.3239315266509797,-1.3615232504157597,-0.39792958028738074,-0.2573776700128499,-1.2884090007238276
0.5397637749751103,0.6996947928996012,1.2097683800073231,1.4181019174615592,0.7119814458770348,0.4860889635388428,-0.12539356462613405,0.6296719341380191,1.591441201350504,1.1766090737999475,0.5956978512399269,0.6359705450735086,0.11532849426339181,0.25565208962383446,0.48201799570515425,0.456937364788345,0.8598391108061945,0.807831419077974,0.5589214628085095,-0.22952343347664128,-0.23964116972978988,-0.23221479030509695,0.29984604367118906,-0.8609858398941397,0.11890349685437573,0.7960503422623871,0.3946958665994449,-0.14461667178439358,-0.34896123367546855,0.3724432117548856,0.09207680714636245,-0.21461445188831124,-0.416227412531681,-0.113656312069152,-0.333280057747964
1.0942558344706557,1.3074762633249626,-0.012911603335090227,0.04064469793864467,1.3094684120898892,0.6993067626619365,0.030627921329762553,1.06726312018781,0.7248225005497876,1.6331356797937344,0.39061786447770386,1.03863363925781,-0.2648305445769599,1.1322336790938818,0.8802984370185571,1.1837939115260099,0.909754303109032,0.277265859769487,-0.28692520931546106,-0.030976794559015808,-0.6395087027379482,-0.24871857075465914,0.39501657367207443,0.128298248071338,0.010245963020575954,-0.30482247393843,-0.8249166561700177,0.12178869030712303,0.1897465694337432,-0.5261962106568133,-0.3276710109616341,0.6796685014477735,0.45803700370820655,-0.8940600877772645,-0.22407986936984764
1.1597196858806378,0.2898463396596218,0.22840530293688044,0.873158766078864,0.7834208257189468,0.7199095626065147,0.08300668831260466,0.5066493578119566,0.8833464712978032,0.07146536625960481,-0.1451150493226728,0.6316721817872912,0.9993602836075305,0.994205730737524,-0.29033134532389504,-0.2796169692680397,-0.6963428423227445,-0.1614460352522112,-0.795691119219561,-0.5594613859347767,0.017647429843481,-0.17386944803167195,-1.3092375362633997,0.347260016752976,-1.014298937380145,-0.9830058601176931,-1.152481892906084,-0.8928121307008476,-1.0383181617659105,-1.0524017238322971,-1.8730509183032693,-0.5990791321612707,-0.5694784187873779,0.41693761224347614,-0.48008721478086885
0.18394733483543907,-0.20230065092332905,0.314738667240831,0.5511513974036055,0.03821189392181634,0.282765903090501,1.16267610992908,-0.016849713845148356,-0.8074140630760516,0.5331456091896106,0.21375048424168913,-0.8378601433864827,0.19046222079711625,-0.5622284856142604,0.11758560574578317,0.811034910082552,-0.27024634292608035,0.3211634020586328,-0.8728753124169912,-1.0558542382498701,0.6757677669601216,-0.21495064632320166,-0.08554191309921716,0.1381250190384713,-0.7347082987032556,-0.08998071829685766,-0.19624873586945063,-1.2095728718100254,0.16657768327334666,0.03724525475192053,-1.2827735119564112,-0.5638996074572803,-0.8010508711516298,0.0038879782603399304,-1.4285637166729543
1.857797273439427,-0.08001688618362303,0.3270556642652257,0.6023509404044607,-0.23828064162331725,-0.2460996724731695,-0.4876725691978616,-0.7257173221483649,-0.19270311350295535,-0.4406609104075364,-0.6706869497401464,-0.6828676202523419,-0.20891039873473005,-0.9335548742169721,-0.6939620314272558,-0.1546768700365992,-0.5116252548733743,-1.188822461367482,-0.7022507631048832,-0.49544418679836855,-0.2402358842970897,-1.1306757393490798,-1.0474940545289717,-1.1281222049771928,-1.112638600249284,-0.593700099644698,-0.5022453990335809,-0.27427673610570824,-0.8425045581164408,-1.4937280261202126,-0.4474640478379706,-0.690776825758922,-0.7255756074795816,-1.3795923184558285,-0.8153246648699881
0.10523865644943886,0.9278742095584839,0.45576629623434795,0.3937872860207853,-0.13313742327899247,1.12994522617198,0.46717092410950545,0.6191277020263678,0.18623490525909386,-0.293774731152039,0.24245590902184772,0.29851097183709685,0.6059666854468415,0.2567036985675297,0.04904397806434024,-0.3700495039420433,0.37869089206603856,-0.07149014417810773,0.9590413395858174,0.34512298629205407,0.522117910877607,0.08733661169260994,0.28272604395181405,-0.2931829704011955,-0.4670683797481164,0.09929452270959722,0.3464786768596628,-0.9421587513422904,-0.24938527220259887,0.8906466233107404,0.1786628999552033,0.677424791248308,-0.43873444897290276,-0.3808006894100091,0.30160498441778405
1.013826227201461,0.6396994273057617,0.039455405952015576,1.2319804653165196,1.8905543920293792,-0.16953580281841762,1.2982628145989024,0.3414867455288033,0.38724562508629634,0.666332542600455,-0.09449293645952406,0.46571241825126103,-0.3460401389116647,0.6722611489011981,1.5250794268945642,0.06185445004729251,0.2700924752088085,0.26705086467095174,0.7918723696984695,0.4728358401489036,0.701239496037076,-0.04138672276399058,0.39887040147775643,-1.5317281789839978,0.45577231908120125,-0.5171673703623125,-0.10251409149083793,0.4033726880106006,-0.7678784431105323,0.5143019684775572,-0.1231032815241362,0.6351595175466782,-0.5731340525965035,-1.0582416690862633,-0.1962350334234888
0.11497730294541891,0.5789043879982223,0.06999904075685931,0.776840052828337,-0.187143467428807,-0.007414646663577051,0.5655995902418546,-0.013252158567849864,-0.0277012658411053,-0.22534201133051304,-0.3578806090672617,0.19372453919057894,0.2184935294812816,0.05027750773025422,-0.4111673982131404,-0.24334279447628002,0.6162057159561185,-0.9310138860093938,0.6843139867235171,-0.2462847420222563,-0.4229806642259659,0.10783101629946834,-1.43750991820907,0.25227365490565834,0.4580620206699141,0.04144753555135838,-1.5841635014792177,-0.180086562518602,0.23308430657634516,0.15518939063003168,-1.3449595160507437,-0.1558644123866747,0.21227419869441588,-0.6905328973796193,-1.4496083250085092
0.4709160576966293,0.5341541828281893,-0.11177100098832096,-0.6867599535288531,0.3506550719798366,-0.5730331624864093,-0.03758375901911226,0.49609866842366707,-1.1580317358753254,0.08085442866456755,-0.5192908657372988,-0.5477122882277786,-0.23986890841488784,-0.9204651252487785,-1.1579892156954623,-1.4961079519464915,-0.019356635198416683,-0.8498789207426596,-0.40534502255271526,-0.9564710348106806,-1.3157522316026888,-0.42683010100705965,-0.6042479063159932,-0.8989917876108077,-0.6389304688326557,-1.2764447356152573,-0.26919007669774964,-0.1535311632800126,-0.41726481791009606,-0.9770594282773102,-0.7525257327249976,0.014069559104667673,-0.11497723833199447,0.25904397095414533,-1.1076661597239046
0.266959907518732,0.7540768591266588,0.874161189234418,0.5824099016732831,0.44059810434782065,1.2500948827445235,0.5510871944506133,-0.031968392101673015,0.004135407137608849,0.6550449613980389,2.009594945566318,-0.0036902311491357476,0.30214964065289024,1.6366222916451156,0.1660780429937452,0.6093506152648263,1.2924195056502799,-0.14894938774458522,0.14400796169218785,0.027866688805732842,-0.5178811906224843,0.996413917681509,-0.11061627016707459,-0.2859481504270149,-0.10017591094852436,0.5561446866123718,0.11772961776306526,-0.3650860190266838,0.20474139565694788,0.3758829182408307,-0.0728331698311526,-0.20877869002977076,0.38622599611249975,-0.24144043016950983,0.6223340773905419
-0.3222276747109936,-0.3832315343780818,-0.49406530886754263,-0.21082145394193233,-0.13902893935508584,-0.8514466844619373,-0.18787848833145485,-0.00030741543982809594,-1.0613784647958304,-0.633613283510502,-0.13225698629290839,-1.0020952791734514,-0.6550163866380327,0.009318674925198667,0.32711173433186824,-0.3840529603065891,-0.7198646328218309,-0.9147418385060415,-0.2349381793456245,-0.14725179781201825,-1.3130898784740348,-0.29777299800466334,-1.0717523440415149,-1.2103200975932162,-0.8667006023286039,-0.30039583621207333,-0.6447873015555692,-0.6585626501518416,-0.6206962765787158,-0.5572375393852945,-0.8392747388299346,-0.45440428226672086,-1.0854014451251008,-0.41238674882745296,-0.28891405915032314
0.016650828045775667,-0.00994338633987768,-0.20348224751300178,0.10270487018175778,-1.665309306465431,-0.14525375807754481,0.3760695566965425,-0.9588339230627694,-1.0474768265189194,-0.06649998136613222,-1.198241649654852,-1.0894752780024808,-0.6882938633218144,-1.185719881348697,-0.3574592050884222,-1.1948035608463805,-0.6191967873412737,-0.653062509366184,0.04514794756352669,-0.19138554791000295,-1.0218576435345919,-1.3683060273350545,-0.2920635848637714,-1.0088890027853687,-0.8174908650157838,-1.1435144394171108,-0.23472674446418662,-0.8550081502162872,-0.5039376047771771,-0.4481947984562979,-0.2963200521251658,-0.0048408595255297615,-0.4028160907716659,-0.5963447336064569,-1.098408956422347
0.10790457601799736,-0.07127432180670007,-0.39740333388586585,-0.06012199452067296,0.2877103662691979,0.3673153127980595,-1.0038258315007433,-0.4634151595904734,0.15187991879989787,0.4249929469414528,-0.8246316771566071,0.23177581838079758,-1.1720752667986107,0.039369172018272613,-0.7113578133338117,0.17740106689072255,-0.8672535980356709,-0.8189881915683471,-0.7570115433333223,-1.4824800747312998,-1.6161083152945408,-0.4979093094562736,-0.27399801950172575,-0.4767534591965431,-1.4168663076426515,-0.5561080849572346,-1.2945919508272574,-0.5959021284354175,-0.23126753097733765,-0.607333122062966,-0.04793217894573609,-0.8453424006390864,-0.8638850077897657,-0.704214925409827,-1.3887272749666884
0.5005905117037395,0.5293251304655718,0.5287133389428276,0.7877000677847706,-0.10472424164612193,0.04359029939970849,1.1624880380434188,-0.42798679517441574,0.8621654850417931,0.34473295843244645,0.5883299439422005,1.2633310333904233,0.3939952820567587,0.7469139067649804,0.43750189175393756,0.3269321097524713,0.23787649543448303,0.6773191269604393,-0.06716286035770219,-0.29596193865262854,0.2783039775766553,0.30812294663144346,-0.7299931836316218,0.1469309731785993,-0.491397427520569,0.4051505377592292,-0.8405595786891917,0.9932850486200427,-0.1689327351184921,-0.4628954048771118,-0.20243710606387072,0.1867372037200048,0.3235230715388581,-0.28900346192520754,-0.9011068831605649
-0.1739067221165786,0.5412506876837542,0.8565404618956878,0.885527578499385,0.3739324912867298,0.7359076730069263,1.1701736716956703,0.7703792060425793,0.5969926650223786,-0.3068763760522487,0.5378995715481638,0.2472521011868475,0.30196319634253815,0.5672564284268686,0.07620332874767549,-0.19387000985032524,-0.7166945795849297,-0.3687303562822728,-0.15220551990946063,-0.15733499498976547,-0.21097931990255203,0.11089677677915166,0.028805466428674542,-0.46893025311251574,-0.8944319475322506,-0.3108599297894054,0.5901479567838681,-0.40154907377932125,-0.7378769486196065,-0.34826692700426554,-0.3430467630569103,-0.37171752798528973,0.0009290948276925448,-0.5122192782258936,-0.06055159590847481
0.9151170568687552,1.55596887330309,1.402246752429217,1.258378539765556,1.1901126268553637,1.9437621406771672,1.328240020984775,0.3616471826436178,0.9050794930289437,0.6450463658014359,1.8043737514190998,1.3920442182484096,1.7759538694086334,0.373101531934674,1.2965289147597958,0.05549739375577056,-0.06675088570361531,0.5218796156450946,1.4670829317241214,0.20462743395522015,0.6820775116097272,1.2739695617155986,1.0913432746212224,1.7643504190983323,0.6456037542487126,0.4103124525265093,0.07065395099818683,0.4202288597021004,0.03834033477960985,-0.32258532309731824,1.5424277890778741,0.5698862024367979,1.8254853846972074,0.09405570572906485,0.2828836702645266
-0.47393679664154115,-0.003397366752904085,0.5763112221207904,1.305242040450256,-0.2249755952617008,0.2028391465920598,-0.1605405363551395,0.16659225828626117,-0.8294189661946381,0.845423883188844,0.06860780047731524,0.47521869423551644,-0.13946062952558494,0.032017327018084574,0.46136065088695366,-0.0767384329724814,-0.09790851369674208,-0.6174427187723598,-0.5258434343303526,-0.8025524840014975,-0.7019262634775465,0.25675640213071343,0.5004277713236831,-1.0615235746989127,-0.27321500128588905,-0.6613845932784134,0.1654634663340222,-0.49474035232988345,-0.5936528248034308,-0.9885696593177138,-1.4068049119837542,-0.2835735868134338,-0.509021715319436,-0.5165436864424142,-1.022921264942948
0.7271157772449811,1.195255232605445,1.2899354694249712,0.20824302602984057,0.47884572372321477,0.09806159110588686,0.8905634329482415,1.228474841007488,0.6427714587700739,0.4459764344152096,0.604484666117479,1.9194820959389243,1.3559424070598647,1.1185973824168958,0.9057255232761505,0.7313911529642625,0.2759991993176864,0.18951246972812563,0.4269400247196632,0.22404501453115927,0.3865769540114262,0.6286003145528667,0.6554858997600916,0.34606649204966544,0.8915225354638846,0.5366240387676513,0.7252438071267654,0.23193363729401323,0.9365760916275656,0.30821426673169694,1.3650086167761581,0.432937125753518,0.4824099183353819,0.8104941672364205,0.9032130713440247
0.516386601429828,0.8950192150092993,0.2887758428766472,-0.12489147001929862,-0.4051039277391537,-0.25554287127536934,0.5057511229258942,-0.9764676605939904,-0.7381367456288628,-0.4825209420868401,-0.8321575853507683,-0.6617716386565653,0.40609014349195427,-0.6838196293566796,-0.3646553646496686,-1.4331089909290204,-1.1864566245672559,-0.1977010233771772,0.1436989905410464,-0.6032496987255911,-0.8878801096100436,-0.5049055905322248,-2.0669464512877798,-0.6659815388580733,-1.3129338006071407,-0.39915596638123463,-1.8956394180658775,-1.11391647050189,-0.8174050226325539,-1.1719621402084521,-0.9699413301607733,-0.31813148962445986,-0.7678083543962121,-1.2031809767825048,-0.24720670006342182
0.18208019586974353,0.1534689382948126,-0.4884224314394217,-1.3652015619279672,-0.5933465867164313,-0.6925630186932717,-0.5429056008789085,-0.7039123420789586,-0.27228343287583273,0.06741116520279233,0.12208086309904115,-0.03877971705367694,-0.9458396135871536,-0.5053227128817805,0.2121032768538853,-1.3963777324176077,0.038877032304541426,-1.1620944963830173,-0.5434325849393569,-0.5075624388853387,-0.6399154616304756,0.36125004112465986,-0.9186451434140506,-1.6002861480789154,-0.6116549667899673,-0.8812224498554855,-0.5220893598658192,-0.3586808616103836,-0.8137619394307878,-0.5729113334093261,-0.710080163948187,0.12559505707464202,-0.9408412235714158,-1.0814256733051488,-0.2770412815117036
0.23747614184093996,0.8829706181268772,0.5859187337516909,0.6028941419320978,1.8540926302706082,1.233440663791076,1.1072430063838992,0.8409226370959756,0.20822288988528348,0.6622536422001485,0.7999308535248095,0.583774355793138,0.5069618386614008,0.23549525461739326,0.5449477327536212,0.11883451890236035,0.7061757341382946,-0.6810956478714925,0.9780098559279394,-0.3857832953109417,-0.292561021173667,0.4161580376480355,0.4520568142451894,1.1913136756861156,0.2701832977412495,0.071501601038902,0.1569325385305369,0.8259910143323872,1.2123664685316113,-0.12281458008794824,0.21043533220628208,-0.12859281784470425,-0.16884514370554315,0.7876775050195945,-0.6446275376862145
-0.7348987597471524,0.5567790178366583,0.9633801615214989,0.43673826583284137,0.5409879791853449,0.6284545804796616,0.2694545996044727,0.4533591613985959,0.4057796636470227,-0.8829000831258504,0.11352320819905809,-0.7697555542372749,-0.04244537039474218,-0.3109371854651042,0.4139300317474942,-0.020390464914594952,0.05483474728964477,-0.3161975564407357,0.26745897781237865,-1.0948073353423966,-0.7806686952983837,0.27429540770303124,-0.6217011332459782,-1.5108021349696599,0.255519744502666,0.035929137501707564,-0.17753611371849293,-0.5149674579429919,0.24045853664635175,0.013124211293404797,0.13301314195845815,-0.3162925879645624,-0.6241130770696169,-0.9048481922100285,-1.357719634846585
0.3076125690673347,0.2999038659001163,-0.21705758477903164,0.2154422884613758,-0.306369885837817,0.2450851159979502,-0.677310768859907,-0.810540276587157,-0.44892205100863947,0.04136512743108417,-0.9953925829069101,0.06745786326910658,-1.3183211928739076,-0.6581460473388453,-1.2770177107824612,-1.9089602480227685,-0.4520120875203971,-0.7529483825037351,-1.3888646951466428,-0.972261926362243,-0.513959366450554,-0.9370612394712141,-0.8675697509626036,-0.9797704957786199,-1.0810295662683698,-1.0938710948647943,-1.1118386471232733,-1.176299920583787,-1.3055644024239577,-0.9809227075893898,-1.1021630562307108,-1.3061979802205603,-0.3725530194591067,-0.12157258834185958,-0.7174581203690176
-0.31873856888023716,0.013015756191643276,-0.4551551008794486,-1.1096037014458353,0.09144441431209421,-0.16415326821179071,-0.03179345183945767,-0.19702555444981745,0.14848495359326708,-0.41076874690061077,0.09026046682775651,-0.8452339702861051,-0.8563623153507278,0.15324658815739645,0.10735468188250363,-0.31713949454073626,-1.0797919463379277,-1.148859045836056,-0.026283247550762945,-0.07762253358077342,-0.7666616587502735,0.4179560575082971,-0.5387791572053346,-1.3341418976326547,-0.9276940503873358,-0.7934671684905688,-0.7562906456008487,-0.17472687362139605,-1.275061559910736,-1.4568226982865835,-0.4810372885641545,-1.0238409194256408,0.4561927145958291,-0.26628038356240086,-0.9801049592374378
1.3084929189044012,1.052097112877107,0.987561884317907,0.592432518408818,0.8456657440847564,-0.4350816589663733,1.2549979418352086,-1.1423938779765224,0.3329184035924136,-0.26634247776572884,0.2578431324947129,0.44722300451740093,-0.1388100919686856,-0.9530187173075246,0.5117512699835088,1.4248400856430714,0.17882406092966102,0.8064554308202259,1.0508304914814115,-0.679969306649896,0.012428915121951073,-0.4264618610072049,-0.22105261992122377,1.0031805380572458,0.23388077629878262,0.48614078455790616,0.039333296277232144,-0.5745291891792736,0.33922432180877454,0.5958732550879552,0.0977362322045544,0.15316395528302645,-0.7391126662620026,0.201584009661824,0.4912452357087048
0.9043587866480249,-0.2114999076028421,1.4885280609739087,0.1811425373811824,0.8293337317104792,1.0928854256104181,1.1362624007496804,-0.32439108903243385,0.6125885786418401,0.5570236042725926,1.2277827969737303,0.7136434119287685,1.1836455055119004,0.7041787039546725,0.3711353056323712,0.4785499053982033,1.1162626029058955,-0.32167596504329854,0.7516153277632344,-0.04375833998739043,-0.18017305126324007,0.7234441281452826,-0.25945772843763876,0.34071204594659354,-0.12242967799319594,-1.0867393639129177,0.30014083931129926,0.09390777016689297,-0.9548737840079874,-0.3797092014028865,-0.9644469342359264,0.2744467180512656,0.5722846282764379,0.2728974956103038,0.31280340264557605
0.17332664186110475,0.6715208438685687,0.3583425820693816,0.4194472107517357,0.7686019338086001,0.840001600239833,0.019120868080412023,-0.5286170560030912,0.04227144697376471,-0.01323442716304879,0.1988887013412405,0.43313382147453544,-0.9806506005830596,-0.39875348664112503,-0.5850196900951401,0.48285004982630175,-0.2859471224306634,-0.4769139822405042,0.010519192732486193,-0.5926478405390411,-0.34051485763613853,0.538177446954643,0.4892682782634358,-0.6415782939156266,-0.5619817948840655,-0.812053148543594,-1.4959534545439443,-0.044075788870484134,0.6207560859028856,-0.8379097220632324,-1.0493117560821827,-0.800466226358181,-0.6429879787808652,-1.273030811806069,-0.9524969441057146
0.5640383883031714,0.07091551573594995,0.5930260952391203,0.09098570083380994,-0.6847396044247045,-0.4766357180354099,-0.11205109051130686,-0.8442791470633597,-0.954792553854619,-0.9691278470029219,-0.15809765667049058,-0.6405056539467601,0.0941936898651724,-0.9829833010150183,-1.799179781208065,-0.6693631253327602,0.18853952528888618,-0.6467581197138748,-1.376361850297833,-1.5260932954732263,-0.13592102295346575,-1.1567047916975852,0.0026684706498606436,-0.4534954861914529,-1.1746628577557323,-0.21263403533743497,-1.2614385406070399,-1.5233970387697489,-1.2302898002507792,-0.4066982229353657,-0.21321563556603396,-0.9683622963966696,-1.6897160027071556,-1.5162738048642455,-1.2512295189969993
-0.5904086782908997,0.1399403865345973,0.9268910035368559,0.3064900614158529,-0.7043963925336149,-0.5358166125088079,-0.4859024619379512,-0.08837742558626299,0.456994680526689,-0.6067277600454861,0.3533887949566959,0.594569832975623,-0.671980558825664,-0.7225954200723539,-0.7507893309266992,-0.5727655730872094,-0.814327538298937,-0.22195409749352474,-1.4647308689277891,-0.9812660450179091,-0.5702846433790931,-0.31794415239637364,0.3294133386619661,-1.4250548244325651,-1.115899707647018,-1.9294057441069241,-1.3544244676518375,-1.6841911310142712,-1.0575658011107207,-0.9052493450512908,-0.5474720101479212,-0.9196484301226747,-0.5205918069315061,-0.6808534907532459,-1.2340683359424092
-0.043136852920438895,1.0915607394966864,1.6221306470666685,2.0651713398301137,1.2632471095912239,1.5217609081139893,1.0206610786710264,0.9373103777509796,0.8376297291905473,0.7244999279046347,1.075673870734692,0.5060268977683191,0.6862571313044946,0.16411565456987087,0.983154910017269,0.258213114700536,0.7461877766054824,0.9706032287033317,1.0038410786611756,1.0866892233398933,0.583837672447321,0.9225800173074993,0.42482406248546867,-0.32917972676320895,0.909072395014562,0.780371278273914,1.1245562429872433,0.5915844733249997,-0.211441868486144,0.5298219246753777,1.0040217807766942,0.7834502071973153,0.456379662635226,-0.31807968989128477,-0.015720502835429806
1.038619430925684,-0.0328588364884862,0.6397566971809973,0.8166899234773166,1.3704883368939442,1.1002485777072288,1.2713368430635408,0.9372323469721785,0.3594237261890372,0.4705745159607934,0.3058057733994852,1.0617158594137837,0.41301724763681175,0.5560986395378236,0.7569371945782386,1.5584181085644264,1.0578822353369914,0.333930969581587,0.7868191915927154,1.5265908346800952,0.9980730992358195,-0.11957805213687478,0.2105169797226885,0.16028937849034253,1.3642826708237663,1.2592678427736708,0.3053760026448679,0.2809387198571357,0.6124857057037036,0.612971839904219,0.07956853374533135,0.4208674653498301,-0.19704968584396076,1.1498602765208248,-0.38287728179930836
-0.08571971094637387,1.0172394668046185,0.18044103564238778,0.5469963549218357,0.8271061895252215,1.1306537170753768,0.6793901676771217,1.6758915835957708,0.7819097229648287,1.372802104044438,0.9114134832033715,1.8319303174543466,1.2891601090601847,0.7748336837883718,1.060106933938555,0.6073539575083208,0.5938653621878172,0.06865226786434897,0.30676456174270467,1.7314206470100368,0.08846774938205915,0.35180177122083617,0.6212773555620194,0.6260524823656174,0.8357806680092623,0.39656687078481156,0.840582675035844,1.175421550334163,1.2234559863633119,0.4418814165390689,0.8664032128583123,-0.02763400827149265,0.16889392644647871,-0.0731667752799644,0.47441563023670613
0.002632206514539659,-0.3622899410890157,0.16987428584988662,-0.5375019351831501,0.9534827554044101,-0.026503640705421938,0.7066570997187344,-0.07082839534305269,-0.4614951986551075,0.6841642011718528,0.10094155288803155,0.9600905051986222,-0.2566210809576386,-0.2857618608286034,0.39931982567313473,0.3632794807299289,-0.10504648249714386,1.4471618974444618,-0.3989120496509784,-0.9308762835655384,-0.8341949895280716,-0.5062278977809835,0.3555106190659394,-0.5310580634575572,0.31222515537879225,-0.28532634048912886,0.008663831156398905,-0.36858614810544105,-0.400290969122028,-0.23982970268480852,-0.9242691334804196,-0.9418996004619216,-0.5107375096128606,0.2652899810503824,-1.493634326247139
-0.5823509650255019,0.26618492019907514,0.8783004373873342,0.3524779955474165,-0.2947787198261836,0.29180463834940895,-0.6524875435419096,0.48966388011152073,-0.018580293906352935,0.05538596572117826,0.2701824965897335,0.11948032093052853,-0.2939894047065867,0.45350970777784844,0.2953906868831069,-1.029738940631726,-0.296883011490769,-0.7606155943077489,-0.8926607030885139,-0.02857785332522017,-0.5425481095703342,-0.4402439775745753,-0.7387193505684164,-0.25279840597430325,-0.13162745114476093,0.5825885333099712,-0.6235079492729351,-1.286379198806599,-0.8418618176487556,-0.1926550425470177,-1.027237487502701,-1.4051066279156679,-1.0614198458391928,-0.9719487155772861,-1.2645924875959773
0.5409801017527306,0.35854569771002165,0.7577295175498604,0.1038600352445313,0.5689185878655897,0.006122492904382132,-0.3508071180046981,-0.0963042179485332,-0.6731598802049559,0.9905100354853826,0.1278396352271634,-0.38106758292275755,-0.2121816989820612,-1.2885287026654217,0.6141010170994888,0.5256771775875232,-0.12799072367442138,-0.06074104942790698,-0.8924700419536329,-0.8936296127112884,-1.18156554383158,-0.44939219598816565,0.1266408187530801,-0.6294934467353898,-0.2969529787154682,-0.01312195073140826,-1.3450711560128785,0.3606122512707949,-0.011254778717362912,-0.3592386443576329,-0.17886762716951066,-0.17850467655064284,-0.5391910594002517,0.008873219743655736,-0.9495878879223758
0.2874953639318615,0.6680465991273442,-1.3877667968549754,0.12758344739013786,0.22202151918343224,-1.0428494126177514,-0.09534707928025582,-0.6798374992626254,-0.13022954660369745,-0.42052721852543457,-0.8891639351625451,0.09744618556523438,-0.7062096376760538,-0.39979121253090855,0.0865441645109083,-1.0623578131227434,-0.6312133659216104,-0.9117064007098475,-0.8264050510002603,0.3640876065833756,-0.5064840378800711,-0.5961900676655264,-0.5061855262126742,-0.5654123968258618,-1.7027852700459811,0.35217795276784813,-1.5316747265447277,0.06656865046589089,-0.4879094210674306,-0.7006770396632394,-0.934941618105023,0.5322316105839351,-0.45331556705037,-0.7290465418410177,-0.9850380853224876
0.49279263471323564,0.20006816184256307,-0.6613654492939944,0.8032348047866003,0.3741531873196796,-0.3405215302067274,-0.4938971513689805,-0.24373963842833868,-0.5678420206686413,0.7328994080724949,-0.6087640379298308,-0.9913270820056044,0.2971808034852377,-0.8193040261852532,-0.17726459317277643,-0.26631676288811734,-0.6645190151805511,-1.1505412104495258,-0.7144066922205935,-1.2988855505359624,-0.7467308611836626,-0.36659567274680055,0.09066083991759455,-1.324466768589239,-0.9151078025513538,-1.058607999605896,-0.6626202752216613,-1.56063267070266,-1.2612484421410397,-1.6370748277647929,-1.5013514003992543,-1.1005675619187565,0.07988095927536065,-0.5640903358339007,-0.6849087962674144
0.6754013258594029,1.1653846826569434,0.43136191753474784,0.8657013332884036,0.5212717262304475,0.026767183814316753,0.30760407214173713,-0.24178778355503486,1.1703634308073787,0.0459696606411865,0.06969490709348777,0.2116287930592332,-0.5668322799993949,0.5973888417879005,-0.6157403708204454,-0.7683321257002906,-0.2650236821059826,-0.8601209463544025,0.5223386146048854,-0.41149629992255726,-1.943501218157929,-0.26888389403884916,-0.12712389025286586,-0.648602256579326,-1.148747406684881,-0.5541924065114403,-0.7738735506372816,-1.0499564213483614,-1.1218275074803719,-0.5380671287691536,-0.1894039922427191,-0.4332709091896291,-1.549509931989348,-0.39752675442463764,-0.3370207076001245
1.129090220118395,-0.07688703973256578,0.33457557745814814,0.6105520778592419,0.0261093545115334,0.5282128150895291,0.20198589979071604,-0.24802205865333996,-0.2446474050250803,0.7210468936313215,-0.4416195698641736,-0.567364279842333,0.14882981452487368,-0.0785831032166343,-0.7588862841497891,-0.40230693156435593,-0.5901524148847463,-0.5413059705830617,1.0038535449125205,-0.44743461741804413,-0.7735429413237881,0.6420355922984546,0.040250515416311805,-0.07547335209151246,-0.8873480409549601,0.09320278066506171,-0.12488352290743998,-0.4886256704998358,-1.44806653386912,-0.6261450044767599,0.22405046464514233,-0.5538514183171575,-0.8737442662360894,-0.8194944282469636,-0.8028838670205573
0.032434737806042446,0.377434423631974,1.0842441619132366,0.9915173921628154,-0.08728175158069323,0.8902065821915621,0.5945697192260452,0.49187461848026437,0.35192965514025987,-0.36878597389583445,-0.1461993311443955,0.43309506380313684,-0.6267947897785048,-0.583684263743325,0.050023116946533025,-0.5373631748491453,0.23018550109591365,-0.597581175587883,-0.1364415810592292,-0.13210888275566396,-0.5739648081864523,-0.4886814679286669,-0.7438826236998635,-0.4471884852103354,-0.95164451384824,-0.6142927739267207,-0.15877531312625137,-1.1305460009491788,-0.8334496784219436,-0.3570537982453715,-1.679737283277878,0.2637491900114909,-0.16288204567969122,-1.4744335468212888,-1.7753556135795248
0.07139855500119313,-0.5528968994487435,0.4385797262738362,0.10560285546890308,-0.07859146186960983,-0.4737569221873314,0.5637466976061287,0.09374154127803663,-0.027049782888992846,0.227000411993662,-0.9254302823238332,0.18498328828405414,-0.62933127386262,-0.3674082612404751,-0.6487111520671075,-1.5429433691179453,-0.1565638594219002,-1.5762844896419057,-1.1735755287376857,-0.9403673125839138,-1.7116797529198504,-1.3032977173784834,-0.6458191477863886,-0.9538678063848631,-0.9219549374159652,-1.2537056829875506,-0.7763993020964607,-0.9623524951455494,-1.6173998040877398,-0.8915258835159392,-1.4031550435257725,-0.3215001089914314,-0.9513137144868853,0.5228716410651757,-0.23395546480659152
0.3671072570509275,0.6877962549253408,-0.6820226972153527,0.8079796561622037,-0.12025904499740714,0.2971244084383917,-0.14981219352533595,-0.13545383794724788,0.04540766933047989,0.13481860299720244,0.04313182093951613,0.015643550173459794,-0.8362009715817527,1.1027280910866675,0.012914569097585163,0.07618682829897239,-0.3517572311520002,-0.6575495447384212,-0.1831137880057153,-0.15150620976051588,0.31798696948965255,0.6699506886560287,0.3346343183152215,-1.3211505940941968,-0.7010099642091732,-0.3346303382010075,-0.7331636432300762,-0.5840838697917112,-1.6624830944795872,-0.15907850274619367,-1.5786425118407763,-1.4502875902618442,-1.1928463948409807,-0.7540327335870286,-1.5346203912030787
0.17186993247988303,1.2613642364903765,0.6145331340735557,0.8703279735520953,0.017318926140651003,0.5894792790513441,0.5285199365684989,0.1780020814042942,0.5284413985464419,-0.4145498475801709,0.7275730752785403,0.28453528194688227,0.3309769790776813,0.8601028050704874,0.6242351466419844,0.22245060009856776,-0.20382887020135226,0.9911206551011214,-0.37142292826087453,0.5847331069235786,-0.557630481242071,0.6706675964097585,0.6873863255096425,-0.8041307341103028,0.34670855943065393,0.27498080791024637,0.4128075016021381,0.21336727119765753,-0.48099137319568963,-0.13903091436839102,0.7713723923372104,-0.6453049635717276,0.03971700609697586,0.423779130064736,-0.6771380801847922
0.09160667644209353,0.1666685727230912,0.9963648353476148,0.16017694749325861,0.7278397386578752,1.4786390002935683,0.7642771644472433,0.397399290875472,0.8448340536514762,0.7430683228809041,0.9984644124217459,1.575897715360107,0.9583627865165785,1.7699900519350171,0.9733425272235856,0.3540962389197647,1.8734667784796764,0.6579486732095331,0.18344924703076637,1.8627992862471434,0.3239249919311092,0.2933534115947078,0.39240144001936633,0.7385703364030052,1.1093484568682257,-0.6932685820022503,1.0811447341934264,0.32696152859598493,0.3836925927924951,1.4332332223181474,0.6673855783413299,0.7692834767316524,0.5054718916728623,0.8955212160064745,1.3062932610939706
-1.1809428802023574,0.5495341938704356,0.7313496131123067,0.15913339835335527,-0.4789621813906696,-0.7647649536256189,0.9446657211680833,-0.735476352394238,0.4301880981288101,-0.17777190808217327,0.6069155524300123,-0.6165157283904239,-1.3008175874897452,-0.5336876859437288,-1.3137034661813494,0.7345196996726459,-0.3204888778675863,-0.2749776035109489,-0.30093008721837095,-1.0607498376815165,-0.8008872261737384,-0.6978040902967437,0.2037150385313239,-1.3590881099082608,-1.1541704454307897,-0.9776680106062633,-1.1363132935307259,-1.5291917098060255,-2.149269363791019,-1.7044887815660918,-0.23268416377595713,-0.774458115452324,-0.3377908890105484,-1.0291473722543985,-0.7665745631968643
1.2388205951739535,1.1744181411420898,0.8338629634365988,0.4279988463525354,0.5488709173559592,0.4375770392389111,0.13053566607261094,-0.02697955504576574,0.6971576869707556,-0.5514115589541745,0.8002688999584835,-0.12108554113143323,-0.6803863701898724,-0.33604913989369317,-0.5402795389820569,-0.4304340205715188,-0.47873843509805214,-0.5373195831472218,-0.4126101875607203,-0.32853133111156596,0.04901234835276991,-0.49133446909492007,-0.2408664803660889,-0.4341204763599483,-0.200510508557797,-0.47920122835026124,-0.8564317046823442,-1.0212702877391364,-0.4848001731808893,0.020504241712473337,-0.7554772059424143,-1.0144746551022787,-0.8135963403309425,-0.9859630121538734,-1.0567479731696063
1.7576322478588309,0.46750211375694206,0.143955758573867,1.2053595522016667,2.102704764624355,1.3464736187925506,0.4156148646545457,2.21687533156448,1.1255290275292402,0.38189814311922,1.7392866761889803,0.33132953275126076,0.44943409776711873,1.1164092072226275,0.7332389165401871,0.7562654512761702,0.7486610321867746,1.277597644817222,-0.4512999568795426,0.8431918973754111,0.54538174648109,0.3033001113473474,0.2905684850749037,-0.6622977048677072,0.24470870634318503,1.2763585873115115,1.033921930551445,0.5085379485635542,-0.11548804654776634,0.9865722029870532,1.215655704237039,1.062530138197934,0.04538917158945899,0.08126058363396321,1.3252436040386386
-0.548045759414318,0.2463318812600996,-0.931034992361967,-0.2415559092838987,0.15229423032893277,-0.20361170824658656,0.02569953823900592,-0.8960870469096787,-0.7386336696471434,-0.13211838107062462,-0.06755577955121084,-0.3474792197040598,-0.023498254852144962,-1.3633770788273383,-0.8035786224045707,0.30733132068193925,0.006496424588835925,-0.34722374568440556,-0.7679987154091499,-0.19654718319486875,-0.5203012200844075,-1.5117065882802438,-0.27034796965033964,-1.2135639177782112,-0.4100343755443012,-1.604188851865405,1.9702074698924044e-05,-0.9371766719483096,-1.3515852696891448,-1.1353191652658623,-0.9506236787235548,-0.7732335231763486,-0.09648752896775048,-0.7028192660615135,-1.802865131928578
0.6034342946301602,0.3322550191854218,1.3783176746018773,0.18646298896477612,0.41423194234038185,0.3656920496718783,0.1637996779257492,0.5529422336078557,0.18267191454771517,0.33732808451643387,0.1633911137626443,-0.2856330006128453,-0.15784064770363604,0.21441471532609296,0.1726045555152532,0.4799076798862537,0.7478603981648648,-0.48100663608011496,-0.19119457435098308,-0.3928475698569329,-0.8865712879371521,-0.08658058369915939,-0.014958301676958274,-0.9763817454774747,-0.6580505633919362,-0.7385836593928632,-1.2872331686364433,-0.5803591265014046,-1.1625358106522812,-0.5366881576101828,-0.5063541299576518,-0.46753143653581475,-0.4648499138302179,0.06020460159613861,-1.1275807840214442
0.053000936685893396,0.7256387869014524,0.2968861344826048,0.8894532562364645,0.5707305997643611,1.2113135540626456,0.1683348380133243,-0.565814436318859,0.3063044243097661,0.060565136536854,0.32383350459144766,0.34793945558007594,-0.29063387538899255,-0.5677995403079648,-0.176047270442613,-1.3331926124068219,-0.14142804636136075,-0.4241912350276922,0.17220586875553767,-1.2890689318525874,-0.3297448143373952,0.41925398925719953,-0.0661762197043767,0.052449865459714196,-0.30093413248930284,-1.3333059331285213,-0.4497562304726206,-0.35792578138684117,-1.1290272445283835,-0.6794619249175127,-2.091450206959505,-0.8310919161590817,-0.9036989741033091,-0.004146078895954863,-1.0248692649279956
-0.4660959985354534,-0.4250721908253311,-0.7310750795932642,-0.12412087657346971,-1.5256984214045404,-0.0038383847880606448,-0.6175982660403301,0.0029373818143728636,-2.0542279683948035,-1.9277741481585875,-0.880861259707961,-0.5031554277144743,-1.0507344811722998,-0.49432136123090903,-0.3043165773637201,-0.4664027262071066,-0.7478792090045734,-0.7475023160374088,-1.0941936318349004,-0.801723643159756,-1.2692093164251286,-1.1284245577794605,-0.4538659060791119,-0.91363415117438,-1.0184334431485746,-0.3889850877927963,-0.38428288139239464,-0.6394113847218386,-0.5608844759866015,-0.23046932057011144,0.09637819610982373,-0.23511728080847297,-0.8774228600131115,-0.3363446890449113,-0.37221155844133225
-0.09425120849271112,0.647023221114432,0.6503031868381288,0.6898941635603058,-0.20557027345970602,0.33098335845580157,0.21086144647760638,0.3289068963453761,0.2008369600692893,0.09012924303574041,-0.009772118403111499,0.570056167255234,-0.4542666216006741,-0.14988214642791145,0.43760973796656033,-0.5481248065352983,-0.5618056396264633,0.14649827476629448,-0.9705885738143241,0.03417089643221721,-0.5777347588611956,-0.16385784534115896,-1.0142441672076994,0.154652000894967,-1.0794202187490483,-0.14006372140486423,-1.120752008911852,0.3419799741256886,-0.6256058633605611,0.35924354426064586,-1.0503586361428767,-0.8853681762125755,-0.08015140082907324,-1.4183637675901868,-1.07289104154862
0.30412397617882836,-0.5021650898458523,0.21874179218415263,-0.006196033086081812,-0.8971037819093373,0.2952556643162029,-0.8674736688858321,0.10265503940366255,-0.2643949882771752,-0.6005338026729301,-0.9687011130578405,-0.29275098353141626,-0.933289522420065,0.06920362848458828,0.0517456574205587,0.2170064445618457,-0.4947892713703699,-0.8661977309373657,-0.8387665190667267,-0.8989987887709802,-0.6108692107506574,-0.5346827781823282,-0.15244701016995543,-0.7704805028190789,-1.4914921658201692,-0.9999129207242066,-0.02156407394714399,-1.578017767783257,-0.4273421233778656,-0.9863531055221955,-1.2239312852664623,-0.5725431404066513,0.024916165673799506,-0.5676684859086318,-0.8486788380879372
-0.21578277510867266,0.3486322577620133,-0.30319801300425864,0.17182784199721093,0.25835737938553704,-0.9280128554390226,0.9081601651936133,-0.44405538688578594,0.042994113734845366,0.36331883840015144,0.7108646204237516,-0.37944064094394203,-1.2779522483274788,0.47603514696025634,-0.7278230386495247,0.037124777272270454,0.029033174313353283,-1.8464869137954039,-1.0660500392630226,-0.5265502684395974,-1.6249814287073312,-1.0378837912300767,-0.34243760361655273,-0.48212795842985123,-0.3194736784821406,-0.27792840881376535,-1.373935600513666,-1.204594593125163,-0.2092318776769716,0.14598011726349402,-1.1246189168686533,-0.5345900311396993,-0.2819695560382102,-0.5864879481079865,-0.8476408663241395
-0.2637352358903341,0.9998598008850849,0.005937601938117626,0.10307279001169634,0.021879070335210776,-0.5948379331759364,-0.210846610631395,-0.4441058530218569,-0.4987064829837581,-0.21454799981067718,-0.8738213371950687,-1.059779856637365,-0.24566459547859115,-0.800578405856035,-0.7429875073695091,-1.5684088422694833,-0.1536965988197071,-0.40203472223033093,-0.33628083607548337,-0.520292187170981,-1.4928504567603431,-0.6384869236370535,-1.072795944350879,-1.2619707632338644,-0.5398543798305293,0.03305200088308402,-0.05282025449723471,-0.488655973291942,-0.8120311833081547,-0.8988377091899316,-1.2344509232883156,-0.9052152568160521,-0.30129836734351095,0.1736789917122511,-1.125647386549337
-0.9409169810016871,-0.2582117995538382,0.40981013761019774,0.9447404197325937,0.5147396332901568,0.45401387651365877,-0.6610372991259177,-0.6936791958573101,-0.9905375060324196,-0.7057674383827746,0.04104904112818425,0.3548579472319718,-0.32426849003987007,-0.6623335895466592,-1.103842056067852,-0.6602681439377989,-0.5336748260827467,-1.3955788645747758,-0.2295787644780039,-0.9259119955241828,-0.30416405936461066,-0.7584463870021216,-0.6196208467347508,-1.1315168156577484,-0.9621861434611146,-0.4751813958122772,-0.8652390813445924,-1.3522154903958346,-0.7411300760524164,-0.5982290403112747,-0.09575486723068682,-0.19407203063297795,-0.7878781203145173,-1.01155815663234,-0.831557432748163
-0.20527699235479951,0.26030581135428765,0.47866564248245524,0.5285189540501036,-0.3463841962870776,-0.44464192938258945,-0.446454334567863,-1.2490029841258856,-0.930038866672775,-0.3903040732894009,-0.22636398035541372,-0.21179911729421808,-0.8872743366165686,-0.7803281834513769,-0.7052315505508713,-0.7945735153489323,-0.291229129575692,-1.3181298831691421,-1.2649630312528692,-0.8631726451935763,-1.417673831584048,-1.70322154545496,-1.5149677729882818,-0.9018995048414782,-0.4746130923906523,-0.4705191902968426,-0.005532247705859694,-0.7488959237618197,-0.6788168474141424,-0.9162700672446473,-0.8831123629347065,0.26992400083489243,-0.6248846285100672,-0.5637534397531565,-1.2899638845258008
0.6374529821470458,0.7272228279751138,0.9180319611093947,0.6418322151580766,0.2265170895393472,0.16754623348461056,0.17795872351521846,0.22879887145488484,0.7697989347232821,0.6327219900944969,0.4330452381970525,1.031240852477623,-1.351478805479444,-0.29332599820840244,-0.10871190499361133,-0.4787115815000801,-0.6466370380806652,-1.079052017641214,-0.4142959595329339,0.15086886183988574,0.05405070191442257,-0.744923096221721,-0.2937543444140428,0.2409137752238285,-1.2308344164768932,-0.581956888364456,-0.38977267161938955,-0.557162791400448,-0.16459827542429956,-1.3650980180687788,-1.1438242228362536,-0.32302215684017993,-1.5366230332426654,-0.29938183618599057,-0.4983486354976924
1.1709598698526804,0.5650749131688015,1.0537983729161406,0.21133504891371213,0.5882672877407538,0.8111727722807249,0.3405565143731039,0.8953591189730045,0.21002560289815053,0.9117301548325722,1.643060745213764,0.13799261914200167,0.7486982989601279,-0.05588173297050869,0.32921456643960584,1.08873647114351,0.5140009804703088,1.0915627512663733,0.8888370423146476,0.66867581876218,0.17577713765961567,1.0222922368614245,0.820203558267318,-0.10776307426277487,0.1616549615021226,-0.7533872159338398,-0.06491891160420427,0.44754069925061357,0.06221199419871548,0.1598040188306455,1.2560165771947185,1.0598394648181348,0.18241785520234288,0.9104687412665646,1.1047244010686188
0.7415160904873896,0.5475205798343292,0.9120384359996643,0.7115489426860322,-0.3166609281973665,0.15779176294673164,-0.06203547763010345,0.7514420916379729,-0.15423731107251992,-0.27969027016102854,0.569930798569982,0.14647137020835896,1.0325315574747895,-0.4944174724486148,-0.3624935601694196,0.41838702419431906,-0.8213118613849805,0.4393739815033335,-0.8623593445830886,0.008967116524487229,-1.254442982470353,-0.34629323310721394,-1.0886421283723005,0.5252514861215264,-1.006616150202034,-0.9169674026686123,-0.26530783887242293,-0.8626492758672124,-0.2399382939233961,-0.9716300925707395,-1.0348903707388246,-0.6778221812284515,-1.293976256175229,-0.5070825743688869,-0.2846084536787712
1.0764983199962188,1.1213601752377806,-0.1635484554232518,0.5666549610595769,0.6819871761520573,1.520229638039758,0.4992775324815787,-0.3645615614392075,0.28014446379637037,0.4468081412211718,-0.30610547394370224,1.2506766988036182,-0.024811658994438712,0.9761095701681093,0.19949321263654707,1.4912540689263254,0.5912384324762984,0.48080185458942776,0.9750225863045983,0.1972847121718052,0.9782566719684495,0.4387138151944093,0.3708357707365402,0.6124727745999291,0.09908254015044615,0.5356813825485089,0.7876370150989787,-0.5501418695980808,1.1357935791413618,0.9836263819214385,-0.36655708887635574,-0.45978334504522234,0.9507052618832412,0.8959593783233342,0.8088053516122283
-0.28122005705664727,1.312377950185123,-0.014623536267301951,0.4465282232164507,0.4157757145007575,1.0487234663148932,0.27658271287154174,0.38312602751169844,0.09741077559315148,-0.5018974788619557,-1.102740536884328,0.032925799639466166,-0.7295411630984203,0.11179189661154867,-0.028700551844341962,-0.08037999649591354,-0.7082239854857024,0.297799840721073,-0.02124610487599532,-0.886994556613321,0.7013563227234181,-0.4742538118937743,-1.0710201340092897,-0.8170621245151313,-1.2252463245875802,0.17717456066526038,0.007203346390734389,-0.19243067405065795,-0.31434402150657137,0.007986077170340278,-0.761911998648516,-0.4527117564486497,-1.091456767887157,-0.781990032923199,-0.498219127029954
-1.1083295671937818,0.08820145049602324,0.44537046702755334,0.28803191973663883,0.0636880407085737,0.5468338593199539,-0.1398571237043573,-0.4357483803188351,0.7278567674649705,0.6177264784624921,-0.24298478746715024,-0.017711422600874414,0.39963522583749134,-0.0412795476800129,0.16202820799925413,0.09518655234377857,-0.34134678433187315,0.03748980388109255,-0.7411034665031118,-0.09900750604175212,-0.3699662974435507,-0.5492183690589998,-1.0272448184115586,-0.3720565019046217,-0.45153575497605436,-0.9223571292560739,-1.3314567271332585,-1.384408011734573,-0.7169514672127763,-0.4629361835269513,0.2840709047129317,-0.6866202507134351,-1.4982040284843912,-0.8087248408257645,-0.0975752643541744
0.09084404044388844,0.9573586270138271,0.4507392536579601,0.6502307299677542,1.2193142026833605,-0.6663740637679219,0.6622511544037895,0.12785479073377481,-0.3386165523566228,0.04608489703233988,0.902075232909934,0.6841088521203004,-1.0237168484366828,-0.4482165640533037,0.368371522348264,-0.1534688834111099,-0.1907683456930854,-1.0046354253559358,-0.6313700746403166,-0.9752475385979866,-1.1595762082784615,-0.9977271448001337,-0.8679257624030559,-0.8184428668382615,-0.891865754834489,0.007689138530609041,-0.9865929195340386,0.15092188467397272,-0.8319029112274761,-0.3965856733623866,-0.4053433517381131,-1.1129645385845763,-0.849556285199008,-0.9567376751728058,-0.5370373572082352
0.7355777552910783,0.42552060257516294,0.85840829888907,0.9672868755540858,1.720542098245207,0.8270665301899088,0.7949354000558283,1.0005049901858758,0.307428035963354,-0.0853500506026792,0.6160845471597137,1.3023749874395514,1.3767542136824362,-0.18659355681367373,1.0787313157315477,-0.3546371156400431,0.958905558781669,0.9200373383304694,-0.15109465178150272,1.2009580259980197,1.5624013856668082,0.6483079621114174,0.7386366315300524,1.3958152312353556,0.08075174109979211,0.08058849603039664,0.19820273957807483,0.6227698819162967,0.6073477365038019,0.2989921792173621,0.41049129267806084,0.2756486853237251,0.2838519433923381,0.1294391939260135,0.11706810537943901
-0.9438821561296378,-0.10461234868667771,-1.0199565799340042,0.2838813337567698,-0.420239892110825,-0.2483335190336939,-0.42286193866452604,-0.40504139675691975,0.30305472039904324,-1.0487757762837,-1.2276583117486406,-0.39769948290350915,-0.7449669875509607,-0.35496114886972696,-0.21219102736048323,-1.1571821942137452,-0.3335435682756172,-1.1750145716479308,-0.6530276332623361,-1.3324118591667555,-0.6688001013195468,-0.7634250464375798,-1.319693937481477,-1.459747881290967,-0.41455920850489564,-1.0227026838324464,-0.2934744828592325,-1.0714253474595863,-0.1458272357689514,-1.2652613262243906,-0.045825851311098065,-0.6831627334336827,-0.5556619767532275,-1.2399028810224308,-0.35279914160192416
0.8142059109000981,0.23583940955077468,-0.7041207988598965,-0.22987433024935777,-0.26685412711464046,0.47693429868688875,-0.018517106860401616,-0.047599508461692,-0.14718242061051584,0.8310473544048724,0.07926574174908613,0.11550603003412244,-0.3330543735600255,-0.07811603954898526,-0.5909202667890271,0.02926549425937111,-0.7550384647409849,0.15163772533996886,-0.626107789876683,0.17805174141307206,0.6207296596032743,-0.3683075973387908,0.2519306773915585,-0.06216165789150768,-1.1871919133221729,-0.4470750094189375,-0.28242146417924796,-0.26331280370569526,-0.5008115699455005,-0.5335293050742353,-0.63837121337993,-0.597454785191335,-1.2973504878446807,-0.823371147191968,-1.4497483910194133
-0.19222408004282562,-0.2881775770481301,-0.36949840566063996,-0.6174023044914647,-0.005642333139801559,-0.34766388253146074,-0.4464702501650476,-0.9867715063309443,-0.47756328349781063,0.19973882963792328,0.16440330435277212,-0.2706293563762684,-0.6446041132412208,-0.25528169442943716,-0.9041564413194866,-0.7536366938728429,-1.0064992112065687,-0.20985961460613278,-0.30031224823558,-0.7312961268928498,0.13075417473007112,-0.5467291155911561,-0.5901154200102483,-0.6559820873470505,-1.4210219094200118,-1.2433423731969409,-0.8268089408185106,-0.8229202219329003,-0.5020357534733382,-1.1250001032576655,-0.7468557796884302,-0.7260685994109723,-0.6914628062495207,-0.7296833157735765,-1.4193267423433156
-0.6983673871343783,-0.0728249795902482,0.09731538574100962,-0.26243598181789307,0.2620492691441642,0.7973113743103142,0.5770156456136096,0.40837199738123847,0.6286290836514443,-0.3659093066712217,-0.1718083735012997,0.324059293771585,-0.26062462242702794,-0.2732099561209522,0.828133965518214,-0.09487580558793235,0.7000514243458991,-1.1321205306609954,-0.5740648057924499,-0.09173637475506588,-0.2860511793511743,-1.3966312846999132,-0.5186664739659947,0.7986226659251345,-0.347344507889228,-0.2003208981787976,-0.8549924009864306,-0.4405283877206727,-0.5960790715506573,-0.0567777873683919,-0.0974144490476333,-0.46028475577780775,-0.6500280948978855,-1.5448195246506495,-1.5802354321613956
1.1608971430071116,0.3614594875032763,-0.3772556461103268,-0.13060798964227757,0.5606831565131206,-0.8929671918676854,-0.5437859550329772,0.07199745692054887,0.31853293920338044,-0.0685436191832528,-0.7193473081860513,-0.1891179955722948,-0.2898807423130109,-0.35936222603024,-0.6190164857123112,-0.5775134118383392,-1.088987920177403,0.5760592843105686,-0.6118155083928036,-0.43969885684444804,-0.8438275881293819,-0.33033124128690383,-1.4174456639594717,-1.653344978374177,-0.8051142542654695,0.23082518006561026,-0.1953295467055084,-1.20395169741247,-0.5388733985920098,-1.1090612876457544,-0.568990786344551,-0.5181517268396951,-0.2923207866885165,-1.5207224228790217,-1.350200727494744
0.3944565657420326,-0.11815482951889467,-0.19198413785199953,0.4627186423187929,-0.16813157864184503,1.3810863351104439,-0.0525839307472816,0.0400893075705869,0.2847439845787614,-0.6575754750789802,0.31084201741683487,0.1873696871594173,-0.19801237552988124,0.07366694275275465,0.1110656609755648,0.5749985116305562,1.0683690582355732,-0.7512226912769465,-0.9073053584615747,-0.24476985942702204,-1.3723767095774007,-0.044150537188618166,-0.3473365021434574,-0.25424283275352855,-0.62258686136425,-0.3750310151939904,-0.2969010282019251,-0.46215875858554767,-1.2624642801642678,-0.5301820896370854,0.2860674505873708,-0.5435967989482462,-0.6169831963110757,0.0747530722427836,-1.096065492496085
0.8770806647378977,0.1329781617872945,0.90616856881303,0.7258140299411078,0.08374677191772886,0.11927732674974392,0.7029048336087838,-0.7525201009372257,-0.0849908406271562,0.4066109573061517,-0.09746362436333075,0.08406755234593632,-1.043935090671234,-0.4905357588801601,0.23665074063948446,-0.5181005330518004,-0.8329915311654761,0.3103320690176875,-0.00078962645595132,-0.8404113414895751,-0.26366554702166456,-0.8968320504640137,-0.48010641211769384,-0.34989203762148685,-0.8750490934044746,-0.1313724314155716,-0.08434496586303136,-0.4303876989689148,-0.382923896662796,-1.3425994224222175,0.04017872098421682,-0.7097053222164122,-1.1531391852578654,-0.6323478504746664,-0.3505227174192074
0.32733599646772427,1.0503851520167613,0.6162614333926992,-0.292791005940655,0.8575912345026651,0.4222351162874838,0.00589894487220291,-0.5957992783503772,0.3533489792566066,0.014688314010680312,0.13474443570777972,-0.7759648178428219,-0.23268814701920448,0.17685559972536855,0.835156710215946,-0.24523765594490893,0.5398878537795907,0.17320201296531287,-0.14173917036412859,-0.802315556914087,-0.818156741003192,-0.06008771774807048,-0.6671246707324925,-0.7455674917672672,-0.5611060633214234,-0.5844543133477874,-0.08263682892701585,-0.8149193105489485,-0.18929495442083866,-0.39633243621064423,-1.4779128861185726,-0.5167889966965241,-2.019390219833709,-1.1528773875286222,-0.4917192903325248
-0.3382390193674014,-1.2694038551676976,-0.9954959511148482,-1.7884731441156596,-1.200784042998242,-0.2825950622008505,-0.8903756761699686,-0.5629134147200612,-0.6737897065679189,-0.6933679526032396,-0.2233057683586851,-0.8575684428002668,-0.3179339366407596,-2.024915972740918,-0.23925847766317831,-1.4444415457726794,-1.3359833227337747,-1.1476124856100651,-0.24486847822499003,-1.218686405630196,-1.085038262425942,-1.2169036831118212,-0.5833506054227705,-0.3103894179648714,0.20250976181640723,0.5863081555080929,-0.2491423332636184,-0.348934498562849,-1.0950866266798887,0.5162083113554232,-0.28039880741514867,-0.48019253133917195,-0.08764002029777854,-0.5438063063606262,-1.337472421690301
0.3424912218009632,0.678462124469266,0.2362943987751036,-0.09493779059776794,-0.1336450938425649,-0.10248885581738693,-0.16543001174425556,-0.31333516782308335,-0.3159612476648902,0.40447879990017294,-0.17986324340413198,-0.40481215422320915,-0.1674136775333427,-0.2051236161500783,-0.0974806658462114,-0.9824662718475827,-0.8755019429819189,-1.0708215552853035,-0.30695376698455257,-0.35501951016634054,-1.3714934161763965,-0.557567499566468,-0.08211225924446774,-0.8982085299793381,-0.6328918635902376,-0.43095960608104317,-1.4597690836747654,-0.7237344030516989,-0.16085900870782088,-1.0876709571125494,-0.36596605893728784,-0.7567678613931542,-1.0928126682044201,-0.7861448497074252,-0.9804706951104336
-0.011915176186921117,0.27088445208682743,0.397090053333523,0.24376276143289172,0.15719941301691864,0.36525583139901463,0.479702050390194,-0.39684226674543666,0.009775779629888931,-0.8903682395030312,-0.024501918182939328,0.09190038527828456,0.26153038824168756,0.013755692202765235,0.17101222659070417,-0.10998435368495492,-0.5195208648457068,-0.77843978165446,-0.3901330071350676,-0.6792827667845082,-0.39277702655319885,-0.6147966548450849,-0.19433637739786205,-0.4134086201556,-0.24705372567565254,-0.2813465365409108,-0.6228573388820741,-0.6213386338795035,-0.3391127282723159,0.6067844620992164,-1.1354804659053381,-0.6431670841934478,-1.2833651763071776,-0.7157219314815847,-1.060288165440836
0.3722886391684317,0.47571200528731084,0.11818134092848123,-0.5650893853863653,1.0026540421577423,0.6718963798158697,0.14871944844423746,-0.27216114943084757,0.17848600946170665,0.27689662801459747,0.4415956692139666,0.4477469444428669,0.5019785348148922,-0.9337265557928769,-0.25539720244699193,0.35395356578622006,-0.6435775270734521,0.38916159113122617,0.646557154078335,0.29948249464855065,-0.0021222656861064615,-0.5926112667827944,-0.26305948180594996,-1.1109334567445288,-0.8613562261001548,-0.8579406394339265,-0.5020345300408857,-0.7582590941329888,-0.4591149941229645,-0.17727159079921678,-0.9957786638731778,-0.5897422817196522,-0.893495497604126,-0.610184509874038,-0.38017141450773934
0.5172076567552684,0.34237725814883346,0.16482589563912725,-0.8015048621067056,-0.6809139348111898,-0.6007178695757758,-0.05694701888478523,-0.9284869652780758,-0.15987152331538698,-0.24079294175373478,-1.3838444033372408,-1.0011870571192671,0.02491066174707346,-0.18606853534424345,-0.9956766458286079,-1.1214410586383776,-1.8604113324473142,0.0716060156724796,-0.6697880445158757,0.22790703030274728,-0.8307075234013394,-0.6116917565318365,-0.3225799574641064,0.03887913247336028,-0.5393676713111779,-0.7949988485241092,-0.7855111334177236,-1.3226462836507173,-0.9878585370113818,-0.7654568064229306,-0.09125219251582106,-0.9853702617033853,-0.22423302440069026,-0.7788095799321471,-0.09562745327609856
1.1383612469864757,1.1043174209743296,1.288292484557179,1.2140587896320851,1.3274264568258256,1.8588852817622408,1.5983785823260228,1.019517802038355,0.5612557879429567,0.9606136447604793,-0.19096226980913655,1.180818744701193,0.2299617598112853,1.3143394340393182,1.735836092330173,0.01229471393133219,0.7041630832615825,0.18815125554842616,-0.1532596189919777,0.6477741288302377,1.0080669535706224,1.0567483422721775,0.7450996003242429,-0.1758588985648788,0.7056071393704342,-0.11514678328092542,-0.09559963749125622,0.10581888563252057,1.115045410061772,0.8482649896982609,0.7220268473481303,0.11412571238068425,0.33586425730694736,-0.17136132901322432,1.1794386380625796
1.1552187651193082,0.28552440553887704,0.32371018667981083,-0.1708782952026256,-0.9500071518674271,-0.6106111249891266,-0.4689493967553007,-0.47561251433918356,-0.6363295016844577,-0.34915091603427556,-0.8410843948434062,0.6264764140743231,-1.1797141331794276,-0.09111833753042464,-0.7014070023120846,-0.3726115183002284,-0.3811805563192116,-0.5855212131278501,-1.2570006025312104,-0.8799748725548994,-0.6503243438155394,-0.6997694883345698,-1.2797951805694174,-0.13493598109631144,-2.0366652135122303,-0.9212649013755746,-1.2601493415682148,-0.7086457743676539,-0.2885541755763432,-1.4945510543190144,0.39460348607752027,-0.6694243464837828,-0.5646983520898489,-1.4577677419739237,-0.7406903272340555
1.1879034602712442,0.791852501444943,0.7408110974497265,0.6276246998638703,-0.05355972756618732,-0.0754570442017678,1.181116803044538,1.016780669829036,1.0691155368390128,0.1201027769289782,0.4294848225260152,1.100181733724026,-0.15474098739039993,0.999161107788729,0.11495861160103338,-0.045996455588128704,0.33850599445140833,-0.23171100184857252,-0.6498087245455613,0.30806449894748167,0.5081993760518059,0.8193760311559732,0.48557325565360127,1.134873279900284,0.802578520954928,0.4607683598786264,0.29559226193712107,0.6457982252251138,-1.1063445824648446,-0.27044295126493056,-0.9901913993601295,0.24015059059610883,-0.49309391178405965,1.3579787642562324,-0.44072457483985983
0.4854234271357734,0.19692357121954857,0.11846127806852322,-0.2964709892083234,-0.35018850138914853,-0.8374886112202777,0.48673021430138896,-0.03711803358955712,1.102787827341516,-0.5256678765397298,0.794747021411635,0.8027655299182345,0.6151619654092096,0.05410194418737162,-0.27217845804612073,0.49543700394904866,-0.5774932471733105,-0.08511839973675012,-0.28050562650186617,-0.7418530964290393,-0.19389398309556205,0.002060972695135943,-0.8692909883993742,-0.20782603882629205,-1.5853149875041834,-1.0271165687083081,-0.7616936784628372,-0.38350184293578504,-0.15525759761596925,-0.5747735576559272,-0.3576170251925485,-0.7443337798228902,-0.48313693124100876,-0.5293112233882747,-0.9777680264307769
0.2545519064208759,0.6981204244889908,1.2689208014611624,0.9301992433619859,-0.2746718244773612,-0.3105329796967404,-0.053816611484461846,0.22466601861323043,0.1601018428073525,0.7165423539580676,0.70414641425755,0.019468654450228832,-0.13720790602146835,0.19507650509841262,0.42852506458933537,0.13362156046918036,-0.3975345774498239,-0.5265991283132718,-0.8139335127236649,-0.19940124128340336,-0.021357420077870226,-0.00143555653664168,0.17200330119756302,0.3022686679467492,-1.158283717642945,-0.3001576814625274,-0.31339107233352137,-0.5991436656278444,-1.0040872574051354,0.10612991413053918,-0.9352151479612645,-1.7603272579046472,-0.6754748601400407,-0.8241975901455084,0.20559092279308577
0.9469130266091734,0.5342603419199881,0.5722857653897309,0.549352730284189,1.7440070055472152,0.954139225398881,-0.10712684641282211,0.4534173428069964,0.5421637266051169,-0.022271302900846224,-0.38320902551307034,0.7820633316168759,0.05727017712046817,1.0586057132920867,0.41231562421689694,0.14448578449825594,-0.8539026807181334,0.9379488775212919,0.44540148902561916,0.045952296214321925,-0.20407920292898973,1.0112765493528233,-0.3500239512685698,-0.03214904166739488,0.406913584115218,0.817112304047006,-0.046877004259765175,-0.3366613534277729,-0.053203131078237646,0.4218209008452127,0.5037465667518272,-0.7789778001196317,-0.06424191289010554,-0.8689805113934885,0.2603469097341665
1.0111919502915765,0.33912692407328865,1.565951939584997,0.9649855739927994,0.9081159992072277,0.7034475609689785,0.7859122594842305,0.5955644342444798,0.41152496918665643,1.3919700437177638,0.5257642981872837,0.5031214195848198,0.6953313120236493,1.4653560364794693,1.311274522333471,0.5403377004900433,1.3427079941447149,0.7744177670963109,0.2891827289722513,0.46287028043047296,1.3771103696632128,1.7209707593972121,0.8280450734181719,0.37298854890039324,0.5814590243068088,0.24990513387238272,0.3095128020760507,0.24670493086239081,0.5504679406232332,0.6359778350864523,0.48665092806593535,0.43477133553831626,0.9099977608354907,0.3990954616025834,0.41478006929966427
1.0654814256101899,0.7487094814167807,0.3718811088258402,1.070125742715466,0.6971509716630961,0.373467822835724,-0.015489327224570776,-0.09941577697207324,-0.03211396327994698,0.324897658374886,0.4744811693005656,-0.7055100605330442,-0.9966589566666456,-0.5390416143414533,-0.3069139021240931,0.4553767558085031,-0.3219707597460637,-0.09308552297366418,-0.04967939749696709,-0.8079300951665396,0.39702694670142125,-0.70126109609133,0.37601884430325416,-0.5009741331160747,-0.6395525426108298,-1.057933490006342,-0.43437817142456897,0.5650207355991264,-0.3831208272319952,-0.4809665672633937,-0.9742167053321261,-0.36805095388228765,-0.6067020991336832,-0.7366829940733652,-0.4758603214493941
1.7028596824201467,0.008857093839801378,-0.5557003667577189,1.020969607277565,0.4516261127889528,0.2933990017029979,1.9622827399445053,0.9407506031488369,0.5247229018526332,0.17754697896743898,0.731162627526318,-0.3821446738737212,0.20153595550351944,0.4156704191131981,0.5149643237614475,0.310404526232069,0.007858522490216235,0.787121025538095,-0.5271887093965929,0.13108771961545607,-0.017898790299383016,0.7176524948585288,-0.047355648096824104,0.37100646587258634,0.28856443116639274,-0.825830187018241,0.028459156804311776,-0.8406207771988781,0.17580908242653762,-0.3955751976220402,0.5323839125449246,-0.1817822755359218,-0.506740124180728,0.4480816261846693,-0.6177067581086462
0.8795893753683317,0.6318211753224481,0.1801610858406596,-0.3411989500494952,0.9107174744900104,0.5024899185958949,-0.17197494748041472,0.29750819197172834,0.6390546636864358,0.15241161259233693,0.17578917766071078,0.5326377341444879,0.7452717693105572,-0.12309629852628745,-0.7717970281006246,-0.7938850013076166,-0.5272580821744154,-0.6879179606691024,-1.0998661015411448,0.6277678364847445,-0.06886783809954711,-0.630756951518866,-0.4201353048758754,-1.3310856761359382,0.10786005515009423,-1.4773440939500486,-0.2780069262017276,-1.4813815387929934,-0.7969190199926266,0.005159432897599903,-1.4578909382584315,-0.7383972782974976,-0.37162566483156445,-0.4731810065304363,-0.6881647137244676
0.6801236008636109,0.0926448605112371,1.3292748248069606,-0.47851897373859176,0.8709215757457263,0.34700515830797307,0.5225536785818445,0.572478358466303,0.4137880160518143,-0.3091086647855923,-0.08654508341022843,-0.7091589712869418,-0.17260748084674235,0.09796278635883421,0.20048854224193177,0.05312032797753713,-1.059306546469537,-0.5015591636699744,-0.5897563981745665,-0.9512286317027088,-0.750884169789594,-0.3682185629166154,0.30301737670932793,-0.914418296988715,-1.0352331113071256,-0.8022751200004683,-0.3642876234808039,0.049683483760428304,-0.6331694262779815,-1.3391243762138516,-1.2574563065775721,-0.5699021338582055,-0.18788380535712956,0.20260520571801233,-1.3144581310650167
0.1264769519763219,-0.5076973201202856,-0.491480256617683,-0.5830540917343616,-0.3074115524255122,-0.6297682726617655,1.003165906178186,-0.5128224007256421,0.16525636803043064,-0.7027914076374584,0.7006204143567154,-0.2878531555260766,-0.07856126091728993,-0.8303118643446692,-0.08225934467995288,-0.43656605302219365,-0.8247267628456263,-1.2039885464029934,-0.8090869842161857,-0.8755267366810868,-0.3003578416219981,-0.8691108387754607,-1.729001044820647,-0.4574521863655041,-0.14329520958424424,-1.6292362000074758,0.10287534272262167,-0.10140258097057442,-1.112357436145042,-1.3496463521392985,-0.25571040160409375,-1.4551732547317475,-1.0897306362462864,-1.3954554450533603,-0.7144528283268645
1.1648344163805757,0.5855152554890451,0.8719141465018742,0.15088871493998388,0.3385376182622617,-0.3609609924085501,0.16555609863051216,-0.1977797051538381,0.05583856513205694,-0.018103820815091418,-0.10063017767284521,1.0704143622075606,0.8604127085149322,0.6447744797254842,0.7944538883122089,0.5670544801193399,-0.1929503428095562,-0.28292699997920445,-0.1409315282305128,-0.40148712443873635,-0.85294015995394,-0.22055552532786304,-1.1869374254565515,-0.3690653121560372,-0.968187336342349,-0.5430583333635416,-0.4374190957542916,-0.7385971971202526,-1.410170403868324,-1.2101944199626045,-0.41179308159752187,-0.9427639251116213,-0.4050861263029596,-0.7004151108868447,-0.8221736591688877
0.8759548274895012,0.114443263168303,1.1610884198918923,1.2335922740799652,0.9518813323675637,0.8500503616888572,2.206201067238526,1.2140195595180772,1.402143348216265,0.8108458271259775,0.7063383840010968,1.0823749773017515,0.6937069259966251,0.7278818037130163,0.9772944164219954,0.48135696246512105,0.8395198888951847,0.760399755145167,1.1944081817032854,0.39527778535613933,-0.3094825176173812,0.5242306675413178,0.8667797054039442,1.138310858322021,0.2974962567578745,0.902177154663288,1.1854716743466915,0.9798541613135454,0.19482226264968766,0.23402412943880485,0.7782332232441524,1.3581029588616516,0.5368345287738547,0.4310360644005198,-0.18752075793992662
-0.1255536785779379,-0.35039387845657977,-0.028567231733915094,-0.8478102220645247,-0.3045761972350998,-0.6930959025561234,0.2338575306308767,-0.7125706880210475,-0.6148073062241871,-0.23196430734275494,-0.6428576393293608,0.7223406650076709,-0.03176954704159013,-0.5261698203845908,-0.38642895450763837,-1.7817221597489459,-0.019375403052776075,-0.4080944933045928,-0.7268941401951096,-0.4310301559926425,-0.39094735799380753,-0.961172664644754,-0.5781481725975289,-0.25617993987374454,-0.5624296289522823,-0.9225054511119251,-0.6511645831464719,-0.1086089507359328,-0.40492913307083084,-1.3726001258664964,-0.48885722296049144,-0.5432697123667858,-0.1735035852817982,-0.7214808178353169,-0.9020768787666603
-0.2518405625339593,0.05075963481773782,0.966849682016609,0.42576819605691607,0.2399922968678507,0.9000697812124927,0.7588002965726623,-0.19266742713957166,0.7364718811333599,-0.7328882998456754,0.28636223228437385,0.18729006093940753,0.5515313384781967,0.12720912707736612,-0.225355694837925,-0.2253782150446342,1.1648628176171736,-0.17915197346881198,0.03990619248297422,-1.3067255450637902,-0.7465959183150546,-0.10947413078580787,-1.2111381454405814,-0.16318671555059155,-0.8333635710131444,-1.0194645531559292,-0.8974389438379726,0.2015989676533374,-0.42320601168785726,-1.0714031921133085,-0.2532449662834932,-0.2491736561422418,-0.8761650530964782,-0.22567894415496692,-0.21988289581453113
0.857907828367878,0.06118082169385297,-0.226649049247449,-0.5196437093931553,-0.03787111599243509,0.0683524107313975,0.07078101984083415,0.15160358929866338,1.0024679889252417,-0.07338637112189358,0.032202703039325306,-0.8921600572323133,1.0906261144279892,-0.7212504113929428,-0.4565029476810982,0.20526417891548895,-0.05866545664538238,0.6011209376899247,0.10137517437295118,-0.3367866906999598,0.18912446518446524,0.2117958198328161,-0.733956264370955,0.04362856069790261,-0.5819314751534818,-0.5542778519709427,-0.4615541755094065,-0.7525608975892197,-0.8072105463460029,-0.12382457911350003,-1.4053843451125885,-1.1948563009177715,-0.34814401113991195,-0.7417154862822067,-0.2275013876022574
0.6112079837562404,-0.2687954912084446,0.3942941067792549,0.5940638532519342,0.4069060328479992,0.0181208031024902,0.07702890283956906,-0.10483722820594452,-0.5266248264803974,-0.6349675669299746,0.25160023938134657,-0.4190933205219777,0.26443959588499844,-0.3608304547711522,-0.7596498887938942,-0.34656866213186766,0.865425810454557,-0.2682775870511257,0.064301680675313,-0.21174276011899118,-1.0355164873209448,0.3556234699102147,-0.5277877885918535,-1.0931424147435644,-0.7269176480259439,-0.6056609456652906,-0.15828105527324643,-0.9025520517239833,0.7202578275589693,-1.0847694944921495,-0.3349174113220326,-1.6510291988939838,-0.7473603358248077,-0.5216486170415715,-1.2830493405249588
1.1817645852153467,0.6152951639054671,0.20405666471724823,0.5386287035213136,-0.00677087738705251,0.877947841120003,0.7216483638107578,0.3619003832281769,0.4418197380691545,-0.6421958895567159,0.7900623147063948,-0.03304304839017656,0.4891632068720197,0.31162440071696146,0.40178178833551603,-0.6664783196490708,-0.6420113469124252,0.903665186950675,-1.0183026902369812,-0.8449498418353838,-0.3112954709386342,-0.34636828943706527,-0.6738859222461235,-0.12984669642458108,-0.01975917500402652,-0.5116227146325909,-0.6672657468680576,-0.5733015562264164,-0.8385953684202059,-1.4653034743322708,-0.4904526739337741,-0.28112497131415726,-0.7624746418571111,-1.8378048476554132,-1.0091152362745253
0.8851028806284768,-0.321067417955023,0.710818908192322,0.1040818885224396,0.2804986282438685,-0.09069186547572078,-0.35379219190930367,0.8923285838096191,0.5438932306059381,0.4187627302449133,0.5108675024351186,0.2679932983937224,0.448706010049086,-0.39524708403559455,0.5857678482031029,0.5016186852490712,0.008479308004499947,-0.3644694714021347,-0.8703962628156727,-0.18181577797893256,0.5095401205963184,-0.9492767397768693,0.105160690582917,-0.6736055693374955,-0.6638497862119159,-1.0902683938096256,-0.9092672803073449,-0.23877941863826985,-0.20435118805461205,-0.4982559626995433,-0.8913213248174732,-1.215821429304297,-0.6546317692900449,-0.8877429088109379,-0.6176670023949339
0.27162299478434615,0.2502244449706501,0.4423572401966934,0.5028861850291871,0.9018468486302065,0.08376372287886866,0.486746321425808,1.0770163791904708,0.4220118764339741,0.6785277122763829,-0.2537239083001996,-0.3435419579316977,-0.10304668203349976,-0.08976665365225656,0.4323366631215525,-0.507438819110271,-0.226075630853263,0.3169404260469947,-0.15085986179146516,-0.30155315023332085,-0.21366865850424852,-0.9326344038568015,-0.9757534408008662,-1.2319930082010213,-0.3674600001194751,-0.04311152325668305,-0.15022757472192405,0.009643534863564396,0.13719613709394074,-0.5438613109937644,-0.6732187513243214,0.07393951923305209,-1.0360186010337014,-1.294532066894253,-0.8926974398981999
0.204370190027404,0.42222021122389203,-0.062132948431097845,0.5116565250889922,0.005330183386097309,0.8663598030941513,-0.3832836888201836,0.10546894164838205,-0.03148343146856292,0.21184717682912724,0.5199420027475157,0.1497413154369454,-0.0876552170166379,0.28233080783726,0.31843678927165575,-0.007996946167422275,0.01203423789877811,0.10284557568819644,-1.0805950164154279,-0.4715472708092579,-0.1448005036333822,-0.5146618949885576,-0.5479503284989808,-0.25043536098425023,-0.27197840679656143,-0.26900922089274815,-0.9291325478840121,-1.2710721416959343,-0.1877215812567417,-0.9873927569820957,-1.046677570573685,-1.1149185908941899,-0.10999593202738833,-0.5992523506593973,-0.5519960144213817
0.7770174363082462,0.37687157310560826,0.8692211284733161,-0.2716116252824532,-0.25291729929566426,-0.3181268429168043,0.42483331168483657,0.4284141977737782,-0.10031730403655884,-0.01981695890049423,0.6906250617317784,-0.3305822357340725,0.1243567777856118,-0.40615464655532196,0.44491156703366486,0.1716162476167402,-0.8812223887567633,-0.3508727122835833,-1.298135049022263,0.15408312542438524,0.6907370062230036,-1.4590787131016452,-1.1174262291484098,-0.3542260905992907,-0.4800302989490034,-0.7079614840807517,-1.401830825649426,-0.4004470464312788,-0.1461580464595072,0.8073077211392699,0.012729068630863538,-1.3134008241587962,-0.691456708276042,-0.4092268959782712,-1.067388437375297
0.4465957621056072,0.3589140934707815,0.5765129390425467,0.3097231510368188,0.0022908550156343632,-0.507594603179973,-0.8827964195351262,-0.17347644000583,-0.5305497332544913,-0.5266261891566306,0.14489539478228558,0.22707636066743914,-1.1147104338079532,-0.6399884124992938,-0.7870822323794242,-0.4465562449298168,-1.7683768343961048,-1.394461820709568,-0.7490626952506011,-0.32089739521719535,-0.6972266111884239,-0.4172328694477785,-0.6695750043349111,-0.14239742374503717,-0.046934726137299765,-1.1764339010760023,-0.35766729408162956,-0.5456687083137226,0.4554169689631792,-1.1899840582375338,-0.8405668955826113,-1.2864854816206477,-1.2420284631885836,-0.5451085634776667,-0.6146350227977622
0.7029673916486009,0.6579337020379142,0.24505752072825637,0.2055204183582445,-0.1955131626546185,-0.0983192622260824,0.1855981746206993,0.27372017059547377,0.4913676601144873,0.40083254538998003,0.8351281441170286,-0.4697081840063106,-0.1396523231630658,-0.5059489891442728,0.5355679392446153,-0.3938337886178054,0.39575205046784845,0.5059208694034193,-0.051913171760411714,-0.1496152512185146,-0.3135948964954241,-0.5274111711845817,-0.6225692655939188,-0.511594494241371,0.4413883014352733,-1.0234665056612817,-0.43071620513586406,-0.20651747932514314,-0.7321028931041746,-0.40814381761705665,-1.3932157987792668,-0.0015212550305878647,-0.1199366469746127,-0.7544787063894536,-1.1631756462661833
0.8286909184879656,-0.17600289483764986,-0.13943513581433875,0.29998520717298427,1.0489069870753467,0.5725488178838745,-0.10949852209497293,-0.6658436210833181,0.15673392113609988,0.22211310844469226,0.020199720539760574,0.9198317023583119,-0.0893230626452539,-1.2043568981332717,-0.30664537452461416,0.08472544475412083,0.01168697862151663,-0.3088113405771256,-0.42974074652721356,-1.295956107480147,-0.290032091126947,-0.5381695411408515,-0.27925194265815634,-0.19224149537407179,0.14973329221804377,-0.9803214488351253,-1.1800118942817168,-0.8491538269810435,-0.9577115949611502,-1.0288897905959848,0.08153832799657923,-0.5898348924190305,0.300685728618883,-0.7068009682150103,-1.3091959381466296
0.028154552595626936,0.9102845118353606,-0.20404897133979993,0.6057282748392652,0.11150993900500861,-0.21265489641616547,0.9072589289737819,-0.1190776684855768,-0.27781179797999084,0.05695567571748172,-0.19752908508677014,1.1241288125424083,0.5068190288467588,-0.35864292227296857,-0.34074415106563566,-1.152320982053463,-0.11305985020874734,-0.5940018689290139,-0.21462596241083592,-1.2792817125331448,-0.3462956372321847,0.48047750001537687,-0.37680630306372265,-0.8252272259094877,-0.4810342562591894,-0.5346632662712344,0.5628957533542862,-0.7285914260291865,-1.1915616240444251,-0.605455916124127,-0.5431482735178975,-0.38289484501109977,-0.3076300775794648,0.27249728605226897,-1.0210895644499183
0.08896697260541947,-0.5290114002639424,0.6937037804983235,-0.11686723001224603,0.7357683435386488,0.006440433123292233,1.0769780487798537,-0.5415480948156011,0.6474364659965401,0.5483234969002866,0.3198779805662719,-0.5419959872512959,0.2422157923132459,0.00014065935296551924,-1.0182037006427527,0.6365396503477375,-0.35456738371296537,0.5201366505525824,-0.2924623785417945,0.19501836656833954,-0.7626800251078549,-0.2616406759371283,-0.33190588711604746,-0.5996866460805337,-0.9054123007616102,-2.035939263597908,-0.955900521270652,-0.21191590463097654,-1.2875297468780782,-1.2102518231521553,-1.3583462966199003,-0.5595987700328996,-1.1322142952417868,-0.09509426810256061,-0.3559478600540118
0.5323038766699932,0.5500316716013081,-0.018597139184389044,-0.05455636029004568,0.6453994768723457,0.7089539017347359,0.5651302488564429,-0.06008597853726613,-0.05968732443994898,-0.3694761754086212,0.44071667996310493,-0.9640919187776764,-1.125477770269549,-1.0657263972708093,-1.1744202367835848,0.535973606229479,0.21164100603066718,-0.8197704983011374,-0.31159810683452577,0.4367505218431526,-0.08281815878150223,0.6883299808840326,-0.46100995072629514,-0.7654656055704998,-1.0113554771478337,-0.4907165702784687,-0.06498862123037558,-0.5126079447841982,-0.7690124722545036,0.012075214420760427,-0.37646884437104466,-0.7207610764981316,-1.068806639417702,-0.8324871524685262,-0.4868841022351962
-0.33358467672338327,-0.609601270881432,-0.282242547126211,-0.11600307163581008,0.5413641125446434,-0.7686474146067899,-0.12288307382212307,-0.42177024573642174,-0.4426030803606795,0.39665558112206917,-0.3753937819147146,-0.9141631020933805,-0.052653764908498546,-0.12715276788826863,-1.0710652031919476,-1.200478930774675,-0.4299781275544889,-0.680527287558989,-0.9256065810858622,-0.18580574337566824,-1.0310123279330898,-0.5422049547249357,-0.1809070092030104,-0.9501076406911874,-1.7044278679180023,-0.9977363491906801,-0.7048480931876863,-0.29822551116584617,-1.0574974486965056,0.07048017450113186,-1.431610319433573,-0.6882768326890532,-0.8751418639921856,-0.06434512773022782,-1.4542303234582885
1.262761655451218,1.077632326365463,1.1369343014552373,0.39666794630993896,1.2120213567142382,0.9130016380012592,0.6072935318596124,0.8336156338482577,1.3124521263694224,0.9733300513939751,-0.3067654533300487,1.2119393740966196,1.1672977138293652,0.5635664562317881,0.804065722094376,0.7941317608534527,-0.26041450662300814,0.5195225273350867,0.5294068240028149,0.6215715200055283,0.42755955308752663,1.0109690122243464,0.2635722447592423,1.1112957127536789,0.951788799842332,1.3113364187426388,1.4847940086062024,1.47445474046858,-0.002669167811452433,0.7477302346550531,0.20183837025012563,2.1855825976436605,0.836787628575039,1.2218559189122038,0.7149727263657759
-0.6156554933392703,0.29510919952749215,0.32792184024311405,0.45848684542125123,0.8152244683922384,0.8670636535371414,-0.717214980134112,0.4571775347694575,0.3110418899125416,1.2220319606825338,0.8043910051506904,0.3927428795215519,0.5714270869207609,-0.40929161484726767,0.7388944303288834,0.18385073433273752,-0.04922524202621403,0.9839058726254544,0.43542848404176476,-0.06266580946734451,-0.06113008226362843,0.39468411465744274,0.3261715473048392,0.1668872131961534,-0.4796371612112907,-0.4360030260193119,-0.31287413982400414,-0.06732608168786966,-0.020489058354498393,-0.11039994350089549,-0.11807335641501573,0.8492245733635939,0.30291307021797526,0.44226057136132924,0.05037032002752018
0.46844318085263575,0.6030359581204879,0.47578698344818193,0.7307790570131023,-0.19768402974287796,0.6146314372244286,0.2975283972883208,-0.7283381691501363,0.17883455763573933,-0.5567066849506986,-0.21090907535886272,-0.0629594676349967,-0.7769105522618671,-0.09016730249849784,-0.0688415569011657,0.23494002137884892,-0.40864435089657203,-0.0832346952998658,-0.30633802804770804,-0.5052800331818516,-1.1682061168078985,-0.42465830676611915,-0.03162063497863449,-0.9047445276767754,-0.5796928244534134,-0.5377825613920089,0.018199498867022434,-0.5471165494908229,-0.4458712847764511,-0.6205130267696157,-0.8870678049242852,-1.2312797869669327,-0.8280470513974658,-0.5085861044730254,-0.6617195296138604
1.172000309551589,0.8709828566219713,0.9831558474011999,-0.6893483521183168,1.079553329773316,0.38566368757978764,0.41846179411057044,0.6232190225050236,0.14663236852700612,-0.4387880582577657,0.7802935778989986,-0.3674751678194696,-0.5162183075822874,-0.1804471685483061,-0.2960775627096873,-0.14069342740553084,-0.23086581557389974,0.4530926863250103,-0.02897035396469727,-0.725043154647494,-0.6931695984665114,-0.5629524769304108,-0.5959773860651321,-0.6952582007909458,-1.0216719028260735,-0.35733782946011494,-0.760823068293266,-1.0380711909413647,-0.3471773748866515,-0.19227400385120058,-0.7637334413376609,0.22670035407108013,0.42224934682042914,-0.4568206800219911,-0.9576630732108244
0.5667186218828907,-0.21416469431025476,-0.07305490664220232,-0.5145546164931243,-0.024346287669393618,-0.3640022351793975,0.5260274288575134,-0.19937391312072114,0.27428436007848284,0.47035543585560946,0.6422609670884232,-0.16007640841304135,0.13195913162886588,0.10795403923636543,0.532970095324671,0.24918219502237934,0.46991081863888573,-1.052797926599918,-0.5907671585267281,0.21976375203093362,-0.04256655078880145,-0.4313809259626352,-0.6409018253598922,-0.04354386006975253,-1.460589429523838,-0.1064433055218239,-0.4876766840034517,-0.8065902202149757,-0.338694521481424,-0.8092095443804042,-0.6264055250746119,-0.6871657286333566,-0.3132460407034259,-0.6256748461109973,-1.6778175391702865
0.10395309874838843,0.2576366379491899,1.0271514879487058,1.075905044750483,1.6306983513510156,0.2857880966581773,1.444557711595467,-0.18263364753251643,0.791008196040344,0.9000064499374139,0.8929307213048394,0.6115276795721576,0.8189261530283151,0.13548901073441577,1.1782723188830255,0.862657102000507,0.9104319881063103,0.5808494511051011,0.5469055506018519,0.9633004015148101,1.4854703600000532,-0.01726741768695894,-0.05389839335537461,0.7893597859363644,0.4778177149666236,0.6931801106780899,0.6059998342380057,0.9152335136876473,0.44705809926258966,-0.02846857809214487,0.1658045178608442,0.46520697535185357,-0.09773328535305503,0.4952729706898147,0.5276653024737824
0.2533400447589377,0.5026679052092786,-0.44426239329069317,-0.14980221657429338,-0.28146323957046343,0.6921862588899268,1.367081064189987,-0.2652044403117041,0.01835259583647443,-0.25031240581384717,0.167202381738134,-0.2875684624676037,0.11803032053256257,0.2692165973154063,-0.7149880643817986,-0.00683968675710947,-1.078789687363993,-0.348739179679837,-0.4204718662311875,-0.4107131903385758,-0.48894769743332167,-0.6163217133845644,-0.5367679728773286,-0.3188172864957922,-0.33767229011040234,-0.4449392258283751,-0.8198195288470972,-0.02200213729145184,0.17276256939610346,-1.260392160760472,-0.5587803144625869,-0.8981137944504239,-0.22271197624765815,-0.7115628573068828,-0.6966687396620809
0.6797257563902338,0.24928735904825366,1.201617435839462,0.5816598168656011,0.7556899510687538,0.14198009193414907,0.15257123210670137,0.5810177794564356,0.49156484844998566,-0.5279320506724202,0.12040605957557185,0.2535548350256871,-0.08850993033937976,0.12616707179627595,-0.14707271935926772,-1.265972316497416,-0.8372073957405528,0.2670200196367991,-0.3808217787019684,-0.2012991674598139,-0.33474587073331225,-0.7815073025156897,-0.6374161195914153,-0.2734113939651335,-0.2553028259556869,0.5916658370619667,-0.7718919064126654,0.27314911774410267,-1.0201224138832647,-0.3718849063651669,-0.5519785826716296,-0.7269756037757706,-0.6883402286265108,-1.0165732526555742,-0.271305435881726
0.010934324400057649,0.5568197984708286,0.7408060639291518,1.0188914994011853,0.7757709380303275,0.538472613115077,-0.10486691867532658,-0.21768222647877408,-0.4333157282446471,-0.5207305692194795,0.05588774226199077,-0.347072488940787,0.5762531994037685,-0.35277750682560155,-0.05594767675057855,-0.2749187287396796,-0.8836903944465451,0.32424821833054884,0.08910938883169378,0.1091163793804944,-0.03544413911323707,-0.7486006705989302,-0.7739013662982747,-0.2118923117876594,0.3006588891878237,-0.3095494492565918,-0.0437874785983729,-0.8251066275677998,-0.04098951744800583,-0.8259191993052334,-0.5208352568144472,-0.8471233758775847,-0.24093291585671095,-0.2538847620600589,-1.4616482536852335
1.0948907618056016,1.5862614346929784,0.1852105556248168,0.2633891668757148,0.9096011007014153,0.2856416175690728,0.21201190788312263,1.1236897166181397,-0.5411748663838207,-0.2980793495729711,0.26550125811209146,-0.7931364346953763,-0.20986420954256285,-0.2543795260830004,0.37781131467473783,0.2038296727313659,-1.0233753001691308,-0.5670338683018851,-0.6036597955376031,-0.4044326034562001,-0.8816910640423875,-0.1430341821155372,-0.750970418331758,-0.14357516438235562,-0.47222801572012507,-0.9890764676833861,0.16111783434888904,0.14669285572267832,-0.4447423148281068,-0.7357881096598549,-1.169061299124937,-0.12848614325196228,-0.2741912351835917,-1.1122637292091415,-1.066664080454057
0.6607020767823681,-0.18966503536220203,0.05003368526576624,-0.19349287977898988,-0.2142808012358371,-0.10777435718263573,0.6670011401524412,-0.7020678904957519,0.3527158543096784,0.2253758818989921,0.5407616433766276,0.14516035580772355,-0.2127792801740976,-0.4709515737653196,0.3921302415183058,0.10587719760805273,-0.42832950516257706,0.23398366462371992,-0.4815707610938596,-0.29661559782802766,-0.635159323510029,-0.10193720090125602,-0.9009725587748261,-0.5871804764172929,-0.7980777854298341,-0.37068291734718295,-0.3387768579033429,-1.114250924964681,-0.386699278020624,-1.3545466950833638,0.4550716932819334,-0.9197793628282271,-0.16088067021068664,-0.6046825604197122,-0.6023599631040636
1.0872983658175555,0.13879383940889214,0.6335889399270848,-0.07581652591305023,0.23548844394989624,-0.16199676406067112,0.2665293428992891,-1.3021504598504794,0.11544123454539479,-0.03864548985295091,-0.49307567961890897,-0.6619675885678877,-0.6465782509361865,-0.3933896253507006,0.036540035096842005,-0.8711051698199086,-1.4861215354874284,0.578247663934354,-0.3545279464745537,-0.9095608043908456,-0.1404486204166867,-0.2861394550690771,-0.5220880063434544,-1.0190680566143422,-0.45621724106122125,-0.25142304564690066,-1.659526330120828,-0.6874809915611941,-0.6478292521898221,-0.658028218016039,-0.7591073218086135,-0.17731212728576284,-0.8612188136761652,-0.7392832989447023,-0.5595740740280895
0.3432070810421034,-0.29494379006219573,0.4699419189849283,0.439518141393055,0.1073036628736142,0.18610043165156387,-1.3759360569203203,0.7794083743415005,0.5864888022504926,-0.5725133747473655,-0.28114386117961876,0.7408965427632692,-0.6007849565015071,0.17593263357267988,-0.3490839609766422,0.06247413382298919,-0.1566926631759372,-0.3620881120981564,-0.06437071686507564,-0.5426682580052533,-1.2250339057154511,-0.8327192874782374,-0.927806196120359,-1.2399457113446533,-0.2861008606304241,-0.5889222434834449,-0.35605028411894935,-0.3017947836171554,-0.21168055405287578,-0.41272413266345526,-1.1307191908346563,-0.37428006556269006,-0.5746086330913048,0.38978663285978465,-0.7192985436771464
0.8935159423787644,0.6394789109284531,0.6951612359345418,0.6442478071615163,0.41812853016519747,0.7050741202074171,0.9073334607857377,0.36588397717215965,0.9717665948604843,0.8886679636311854,0.06813757719715136,0.002436777914381405,0.6836633750428835,0.1404520115225225,-0.11463691572176682,1.240068917705825,-0.1286996377946782,-0.43500777137229374,-0.09320862150758902,0.385873752484285,0.2778425295282182,1.1553376599196117,-0.202110574818524,0.2702528909778926,0.6862854772812614,-0.2377789402113552,0.4131449532936106,-0.8853384167409889,0.8795437429047908,0.466964450120152,-0.4012883744842599,0.32351066331991707,0.5348794766513563,-0.7961820988211533,-0.4817006252418601
1.473041706921466,0.833456184268635,1.0169622374091567,0.8325774482922509,1.241264180806819,1.049469122415975,0.8430398586125601,-0.264540638952786,1.1021345325522542,1.1420252382446723,0.15236615664161102,0.18052598433287947,1.018777654932889,0.8502613301191999,-0.24170521547601576,0.3267510332009978,0.8862368308163934,1.0586961164665756,0.4187357530633679,0.6272067101829948,0.25080738217403786,1.341509964693421,0.7554308328045752,0.32241298833452936,0.06576704205637318,-0.0023164595576412594,1.5236718511638407,0.5174729076632424,0.3903792692834374,0.46901540959163834,0.24562660533841885,0.49192755625981344,0.5472161508851284,0.5212016901364006,-0.13401092472169573
1.2462154900240967,0.52324002297837,0.4695474809540081,0.44556582572283443,0.2692839124083648,0.9269021347856146,1.2374222128215588,0.4248110756389672,-0.13943367539610252,0.26384745111085495,0.5479926183730985,0.1506077827350546,0.46061251259705505,0.4773353839116983,0.7379465644263508,0.010284652147641182,1.019371967861529,1.5508270912320365,1.4254539657163199,0.40891288078304733,1.0248110156005286,0.9546750305636611,0.6463741125769552,0.7447599503294644,0.9854396565733041,1.0728151270285637,0.21205835983681187,0.9780745247521418,1.4233710761152847,1.0167281378662587,1.3289629560517602,-0.7463268756234155,0.8276064803966909,0.6458255590194096,1.0108303232283145
0.23718692121079898,0.5466491936627946,1.2491475210497391,0.2676445552601897,0.9166768876996041,0.7845340106891838,0.6919658932185518,1.0726550060043187,0.2243788236051003,0.387346359100004,0.7025111952966446,0.16573425586522383,1.3754392582646116,0.3537152273370439,1.1388563755052614,0.3000102318001291,1.0814138844367518,-0.0840666553413062,1.4152030634985229,1.268501456985493,0.41419168096007264,0.2667278115740886,0.897037950291631,-0.10679598115997191,0.6612938015409078,0.22733300738292317,0.49073943389868835,0.28230444422396617,0.1909554979256709,1.428034395669782,0.9510032400753159,-0.19449868828697126,0.09184524669893962,0.9424244387327629,0.9816313965187855
-0.6359515864922607,0.356527622847966,0.0903476392411414,-1.0622332081297419,-0.34187982923489973,-0.25671038785078154,-0.21201121960487357,-0.9432759027428175,-0.710140439491669,-0.6844994396442663,-0.6838377089072738,-0.7168843698618992,-0.563343581138543,-0.37995480198649123,0.31663321502614894,-0.16856618915786942,0.02319370484685246,-0.9044206707000191,-1.192276803852863,-0.3132423595961871,-0.7429774498575911,-0.3878275059118611,-1.2093793054709252,-0.4562536612332736,-0.8775032437583358,-1.0266529497273904,-0.9828678468004112,-0.5545117739233112,-0.4098464454063615,-0.974273627590904,-0.6100442158550375,-0.5999404677961249,-0.38639191712177007,-0.24443297765864042,0.18820396056903876
0.2898532008173482,0.3132878745767397,0.007291285868649779,-0.9063945689167214,-0.7508042356121132,-0.4911811914752399,0.0898886020288969,0.02627747645452322,-0.4533518239466996,0.8068376345633772,0.36478394195544656,0.16257405269046127,-0.146698048384985,-0.3055022326208429,-0.37769162917560417,-1.506525130112386,-1.1608801683053782,-0.7751112215624769,-0.6263789810259445,-0.7761832587911497,-0.5987335893097117,-1.804636680847949,-0.5153970417687376,-0.7494734327110969,-0.8836034799325425,-0.332546440229792,-1.3222566556601836,-0.9181759088612459,-0.6547078978793126,-1.2175722030352958,-1.7838711191077816,-1.3468687201354128,-0.7879206407595287,-0.862400446131654,-0.7265397576506722
0.10260342263278155,-0.2580750779631823,0.4313810262444257,0.24352845546413138,0.6088036449621705,-0.1215845015476793,-0.7964269325229897,-1.1270246395506254,-0.06476089292034723,0.16035679655279145,-0.05956649964675266,-0.2659393639181504,-0.8190508244200781,-1.0079778133989956,0.08056179506087999,-0.2563974594143365,-0.36352083313449957,-0.9913476749181699,-0.7417599534458084,-0.27359249032615945,-0.1906094925051861,-0.4509782191389512,0.2857478294013093,-0.7256330803123674,0.1726350669506248,-0.39410551753219153,-0.47895409588012633,-0.09590910317914408,-0.9019786461750869,-0.7807867328253273,-1.2526856754584759,-0.1964365674354761,-0.5177582820775932,-0.15636908075031997,-0.6208260120402942
0.9837629522901705,0.024412276173490732,0.8564967256257034,0.12788248898050578,0.29115217175646074,0.6164356465797218,1.3779196843736,0.5852317865299573,0.5931467817964787,-0.17628676177357963,0.13508875681395624,-0.03129777142495922,0.6804734494357816,-0.13626380864768056,0.56119533073826,-0.7934201978792887,0.5176269867704513,-0.651172620718705,0.16831042521959882,-0.7283098963156329,-0.023743840572379327,-0.8501517333600179,0.11436358703175065,-0.01526339941565319,-0.7711446059370258,-0.21349664368343557,-0.059304492862630176,-1.0238299882306752,-1.10691639456223,-1.1518373687222854,-1.2474162426253455,-1.2020892511949715,-0.22311689811849772,-0.42634084607063155,-1.571258807209455
0.17715835199138608,-0.1808614560482601,0.7936419953948857,0.10196708461428475,-0.482327507828936,0.3373404238015048,0.5172451169653526,-0.3016438669447844,0.0035157559794830873,-0.35479552682622895,0.6786134573935534,-0.19904320619349197,-0.3842787164722316,-0.08895945796995844,-0.20685026041987392,0.20164985241340802,0.4262619372099743,0.39133942805163957,-0.44958533378704013,-0.14358784850720224,0.4113324859075106,0.3946412510861324,-0.8418299610266538,-0.1417635240625449,-0.25919810741836324,-0.03934512595584139,0.08878796689503454,-1.082658466065946,-0.9352541249502844,-0.1623806250840497,-0.5668995150125536,-1.7776634319660847,-1.5186522237680578,-0.37397918605313973,-0.30370225232782255
0.12525614785986805,1.3493035206125743,0.7003054890135891,0.2862417690950898,0.5153718139496516,0.18163168911755634,0.4819757349610273,-0.14814330048843805,0.7452127427957252,1.0709640938790663,0.09842310929077791,0.7748355737621545,0.35765234300988125,1.0874992137341843,-0.41151197016463714,1.0937063092982855,-0.179563017361134,0.6153875087704448,0.35643630473491944,0.5205834910277454,-0.07421194336736803,1.5096169478695465,0.024855155236402138,0.0524303267540398,1.541328050686541,0.792478042879675,-0.009233770192623836,0.5398349918088776,0.47227507972966243,-0.26818810192982645,0.18160020139771565,0.5322424468614513,1.16296090200142,0.4192850024522917,0.44046537080952775
0.3924166645199003,1.3476651301527705,1.2500400303098906,1.1921462204798645,0.8514391915087043,-0.006283478809880005,1.3332661760730764,0.8149705589247646,0.6278334565516114,1.0016342808613825,0.8842304449341327,0.2317264416697311,0.5995794263550683,-0.19894760015576618,0.7887048927842933,1.4028257689243566,-0.16849228736886146,0.7846717167878796,1.0451346298735305,1.1091134462944094,0.3173885546109097,0.1284327627801536,0.37461071148030406,1.2516926447216286,-0.2108600645181996,0.023143727315937723,0.38850974927478443,0.11639322080473219,0.5693034466655426,1.2829002865718664,-0.041177724997291776,0.47224971455021836,0.5256264643824056,0.34640679978132627,-0.2919245134240792
-0.2623229997542828,-0.31019297727258366,0.27458505899341934,0.11839142325231128,-0.916228844803644,-0.38219690868391965,-0.48638472638042574,0.6943631327758173,-0.18247609724850455,-0.9117467798353267,-0.8043988118782239,-0.6466583458331858,-0.31584333798553027,-0.2923126364605809,-0.47023832588541814,-0.7088931887492849,-0.7032381520031952,-0.728527441395237,-1.5817701773743411,-0.7446008081916932,-1.023499007812397,-1.579401516368995,0.44071209583983795,-0.6248904076235352,-0.7833268714142414,-0.9817664527911504,-0.4343787346510622,-1.3808786121507572,-0.953269249549963,-1.2671519900675121,-0.4214177032310258,-1.1837192378890407,-0.20489644132073448,-0.7875282681021121,-0.3301616846537895
0.9999294421854373,1.3293421565464127,0.3312908565451533,1.250290426462426,-0.13577456764071827,0.8145666831988012,0.5169702605000515,0.08403499295835537,0.33536815479811316,0.4570768867754,0.6738597519681917,0.5039006125260845,0.799991343867918,0.3380196382577803,0.5072627249841475,0.5932288527533559,0.8203633925307544,1.144781322800923,1.1377268665089584,0.8196769503332586,0.9056099433241482,0.8354815855353932,0.5108156061097975,1.1065486310508421,0.18667721190190067,-0.39294550931007965,0.09714979816049729,1.3057892373129438,0.44242324512372244,0.7127018199493728,0.4237564901217278,0.8262654672122806,0.5651082820858325,0.4794039194491804,0.8041771421417541
0.19940287538510007,0.5840957296619074,0.27551606660155387,0.27307682610087985,-0.11941254608029844,0.1442800652230786,-0.05662221222392075,0.7401654390549803,-0.7060621176091877,0.5410321612161246,-0.8155390790103287,0.28524368104745473,-0.4422247349472452,0.2198644210387833,-0.163755099444502,-0.858773522463989,0.4975475941674389,0.1678509574682113,-0.007043924991374684,-0.6163295372749621,0.07262483748851895,-1.0104839639004917,-1.5176999449335513,-1.2190490669803178,-0.9317949119674841,-0.8799573402234577,-0.750442601446904,-0.7573870787286618,-0.9148341135785125,-1.6743423893209342,-0.5448532086322229,-0.7963802049138453,-1.0336827949688496,-0.006255111016281845,-0.8443403958913311
0.08585562756225,0.4051502743938804,-0.7870973399391168,-0.10270325243089186,0.2559929569700684,-0.2342931810249863,-0.8879284156313435,-0.524222231555443,-0.23413936452749184,-1.4264665153946257,-1.0923303481280204,0.5293828017320636,-0.2547320118388451,0.20696217081644053,-0.13732079647719964,-0.4070187443440878,-0.7897776093797771,-0.4734358909957691,0.034666866699779475,-0.3011855357861384,-0.6514668274918213,-0.8391599405764514,-0.5190673994429725,-1.0465635142623804,-0.5406412953461639,-1.14518020299128,-0.9764504077181173,-1.3135812156555002,-1.0167986256257204,-1.132930377973598,0.06375856548785142,-1.217596543576608,-0.563142699333638,-1.2113317339770084,-0.6939587147292595
-0.08235858576385141,0.6145347956215231,0.7825380749974389,-0.0881440465321986,0.2007014073981363,0.1734200976009248,0.31881867147452314,0.4126061583443174,-0.3196293849909625,0.06637478634323443,0.8522488481214519,0.5435742580548759,0.37356230478088726,-0.15968651001270312,0.9613398169271418,0.37231024973353655,-0.16305224178975353,-0.11026683966425967,-0.48805648086032327,-0.09945881950187693,-0.03637995237425712,-0.01755411082782171,-0.49421882977511,-1.1747358011980533,-0.34990672071436446,-0.14914214521288816,-1.0222974872014583,-0.6075867504165295,0.0808179401871999,-1.2179225322728682,-0.782782067331779,0.07952674578099705,-0.6066533256382728,-0.9682716708227488,-0.7267735101688526
1.1096748146363462,1.3502719953704492,0.8204336196515779,0.5327848229930245,0.18159849001060596,-0.28534826947487607,0.8110309707660518,0.6333761613088689,0.3610318417788856,0.26321666021806434,0.20688596826681566,-0.2463324976521904,1.2272247961248746,-0.20610848130654683,-0.3164276921756393,0.4177063115029811,-0.1963645619666436,-0.22996945508603056,0.4486530325490992,0.043162957694158455,0.031791804149432445,-1.0777134001977293,-0.20360679437536283,-0.9406901001816554,-0.6982978971767376,-0.4147182633967817,-0.5511257180616516,-0.2350613084044571,-0.2045651465121916,-0.1933680835965349,-1.3130153640076276,0.5172863028302611,-0.6978004370830938,-0.09879907986902392,-1.9804141375049484
0.29957744481265913,-0.3322842105220898,-0.06780578783904728,0.3520678284992341,0.12251148432090911,0.9092663934817566,1.0984950613863456,-0.30821175669158285,-0.10790886836373725,-0.4191419036221491,0.6345398510428901,0.09615766460434784,-0.007194032859857112,0.0929364943182805,-0.25866104096107634,-0.5708318574378585,-0.15623429885907128,-0.3539763799783283,-0.085119614853462,-1.1121339493411413,-0.23973817788106822,-0.7134811560030581,-0.3282244149731083,0.014658672301158249,-0.7489247693618784,0.09582135970689887,-1.40340210952866,0.20974395384184996,0.029332053740960484,-1.0594798211930767,-1.0800275984950765,-1.411520804732786,-0.2248216066348377,-0.8704711630437276,-0.9251426636430521
-0.12916563667478337,1.3040437855310953,-0.12350356768447451,0.33887302206994413,0.39787105844418624,0.05292229849506222,-0.08644629491287373,-0.00942537251229758,0.4186403806966905,-0.07712636201204309,0.8693626049839269,-0.3718834806593238,0.35369375849414025,-0.9414960669626673,-0.4915381128544143,-0.5507429275592006,-0.7337184423362999,-0.07873594383180807,-0.31372525028687576,-1.4355585240074824,0.6648502503885423,-0.28085005592948875,-0.4032882064220134,0.2171732919142756,0.02362955089147356,-0.6516255451274404,-1.5092773468744431,-0.2799776387761106,-1.071338059807323,0.003447226056865982,-1.0289967237363933,-0.8899762757831646,-1.3571015500148276,-1.336413437204046,-0.777795403963102
-0.044540002912304394,-0.23071610825811023,0.9843388931790702,0.21042495746301315,-0.13515930857511874,-1.5672916048103966,0.17662699205861096,1.2142836399742507,-0.42260781516033724,-0.7782838318861501,-0.3343375232068479,-1.1730900125615975,-0.2659968535479901,0.21533637242692194,-0.9059451974983226,-0.9233309573141213,-0.6750859042731944,-0.9146524441370466,-1.4464738326692945,-0.906573843662129,-1.0283765895692283,-0.06970897430949252,-0.1905418337850654,-0.08188572299362928,-0.3890159997050356,-0.6933110017527178,-1.2366939776975903,-0.13667066872118427,-0.6230223852064379,-1.4150817225980012,-1.2391332261606582,-1.4022212559944887,-1.7815748274458771,-0.5436294818256523,-1.3363444189835911
0.05426920427913656,0.41747665263726536,0.26893043519683546,-0.029930967956759535,1.049350710112218,-0.5110693559599597,-0.5276840112755334,0.40412730346870174,-0.1770927678551238,-0.2362216727403659,-0.4829282542388184,0.1857364554809578,0.08945631946553376,-0.0037351567086633952,-0.3945540560969232,-0.5181116462252463,-0.26330859504039483,0.2627977071586457,0.5254480455774808,0.2595329914338858,-0.08004879828973072,0.12222993331789633,-0.9948448186235087,-0.7947712696770975,-0.2086016409538442,-0.5616193317024075,-0.3642676272806863,-0.07243786590688867,-0.17790083021758368,-1.1616667582709446,-0.6349927393882763,-1.1244541191188706,-1.0741700220151997,-1.5607002592459387,-0.6564574924363749
-0.4601454398715042,0.5951234577394703,1.0421007026318474,0.5919580121975825,0.3158303824992189,1.019481952617763,0.37772191158445034,-0.25616630996900147,0.19852694018576988,1.076247965790968,-0.4897296559869965,-0.6734260776248899,0.2840947058297385,-0.1753232950269305,-0.36907653318634603,-0.7721865546205134,-1.156817794747842,-0.9486872168753206,0.5488311091728773,-0.3005817866532686,-1.3140997102644327,0.2231848160580116,0.2135400998271011,0.17673084545720086,-0.6820665485462767,-0.6369442040494772,-0.46420688516981706,0.13835279257849875,-0.8673654819773136,-0.993391625528203,-0.29307645825896766,-0.05941546126334707,-0.7119063498034366,-0.37004580280165933,-0.6670343315766324
-0.4047125125775773,-0.5221324572345257,0.31727857350983646,-0.8495228323198252,0.20989104339414785,0.31914156345171124,0.6421122851982957,0.42739518600452775,0.5869162484240988,0.30335477761158924,-0.10518100869504499,-0.03635560971456432,-0.44918159897315746,0.050746553124092,-0.8951733706246883,0.3904208824835601,-0.6600586190703934,-0.14354953662061815,-0.09789248583700871,0.2852167947461591,-1.1734991482893757,-0.5315877545527141,-0.12895296583988947,0.4377056241218472,-0.49021475742149917,-0.7997117521829323,0.48047356107616523,-0.16089012549145004,0.09690166348959373,-1.2209553670876585,-0.3803503403777415,-1.2057054586446978,-1.3380330042666164,-0.4143257250328156,-0.39733401415447456
-0.18441619772882184,0.7232438127810669,-0.2266768099950725,-0.2263887325490115,-0.15830035753542604,-0.3101001180016828,0.40237394138675975,-0.803836176824833,-0.7058042827810497,-0.9687313437586245,0.5257586859202596,-0.6196453064051858,-0.8812854091711853,-0.6784269534748656,-0.14595159660993734,-0.2721278299396933,-0.9228274674068468,-0.863835914883691,-1.418050454277489,-0.6445933367903859,-0.09371326193766605,-1.0438749869808812,-0.4503226779751581,-1.071598707857745,-1.3377030250155781,-0.45606255609601903,0.3743347298186708,-0.5280166779034381,-1.003845197008528,-0.9657495286720353,0.1723935646491228,-0.6168586550446373,-1.1385183574475635,-0.7690031059867583,-0.6098365016365432
0.9366729003119694,1.44291112238262,1.3086625576341238,0.7526738724430728,0.6146927120525816,0.8143901627143398,0.29233649357000846,1.0656419886797461,0.45224405130672746,0.7769634533898246,1.364895488288476,0.7606848759868967,0.5749382580022614,0.17552617543467092,0.3691813791552393,-0.18640510432071444,0.6210642177329418,-0.7403907615335095,0.7828413554633149,0.6358914352811353,0.2901574536177119,-0.05477750226971845,0.17395593789271988,-0.7348403258862636,0.533941334718912,0.009816714405106106,0.8188984367416368,0.22674227625077054,0.11588335836420573,0.17005963842057928,-0.5487061690300333,-0.3168951591203003,-0.05523750627327695,-0.3031299402727439,-0.4700179117326655
0.2910436845455516,0.4201217960098159,1.5222480306764135,0.1640942752023891,-0.048828535795350514,0.17589339395440567,0.9647965121492266,0.9617512097445139,1.1105227521642091,0.1268899671071795,0.37738589613290124,-0.5083763751059617,-0.20008000438564802,-0.6208390997105979,0.13355378312372623,-0.12339046308513632,-0.06866684578165552,-0.6435776066867622,0.16671200885402565,-1.499658962972033,-0.45893156032160576,-0.4221804477073483,-1.4146781354090219,-0.24582193320046333,-0.5574329558564505,-0.2219804502721947,0.4668934807434518,-0.3998585242937053,-0.1035843201881646,0.0742915417211687,-0.39490134429845414,-1.0969806193437792,-1.5055946683159984,-0.518076706950592,-0.9233866248649492
0.1056587527886112,0.44505339161981555,-0.30608921239682496,0.9086828105782556,0.8380930604129393,0.433201963632612,0.2739671139890253,-0.07936861760715927,-0.5618008830298786,0.24917318612448064,0.43469016666470595,1.0263216677690963,-0.22013437571472125,0.07179409805984066,0.45412651276421934,0.42966959491081536,-0.4929971541439102,-0.36005189408896887,-0.5212069798706187,-0.7470669493486732,0.40291723727390927,-0.33750124860991226,-0.44099961504584134,-0.3140320511378637,-0.4439199112165359,-0.6130275851330279,-0.9137994852572657,0.22046976762962278,-0.8750511038802674,-1.0814410364915932,-0.6811927178975621,0.41471478052997324,-1.0962976548676957,-0.3504581473383174,-0.8464235160720917
0.1789933853976483,0.46831564098310374,-0.9020113229218656,-0.5395687799928994,0.31372542742528087,-0.1399031876348592,-0.13031980206133276,0.07270729943994914,-0.7734334328506238,0.15450869859360122,-0.006107988257123609,-0.3382270426063058,-0.2629612592475581,0.04771377928681342,-0.8673991765982192,-0.2733320567005424,0.23694062794935966,-0.34372970344384834,-0.8015118425607382,0.44514784781632954,-0.619464728709964,-0.053690606136755914,-0.9789949000187703,-0.24664096166424287,-1.0630910243239287,-0.6345103383659797,-1.1028600185285475,0.1508495055512724,-0.9074827696729161,-1.345032612208291,-0.7346398691155833,-0.5018012689920641,-0.7688608358237538,-1.1445506885636545,-0.19874832942232834
1.0618318593354108,-0.4259218361098497,-0.075636579789855,0.24707612939106,0.024423355001793212,0.5152351814901848,1.1337376664602565,-0.015251405078656355,0.924334814872191,-0.637764212659763,0.28449716759328536,-0.2807198811347238,0.215335347486101,-0.9417016337739004,-0.7457708351379512,0.09505941273546911,-0.49676212858603963,-0.38203100043269544,0.6595109339228757,-0.2273589304966021,0.11784078790310293,-0.7484942279036162,-1.0744787301310488,-0.47825379290515535,-1.2160355954716033,-0.8518336997990286,-0.4141437077748269,-0.6178009099497186,-0.4226552796854357,-0.3160258052368052,-1.2387772503405998,-1.1350099639033946,-1.7748031003762523,-0.8905274105240689,-0.35487973480503365
0.8022281931374056,0.10246613304389947,0.6444475129459755,0.10051528629105125,-0.08655625978773598,-0.4942741679681208,-1.4288371437964813,0.32861023452699184,-0.3552451749201153,0.32112069208019883,-0.8908164100052358,0.7570244588006825,-0.6214207530144412,-0.8808676064131189,-0.6777406704206338,-0.5187823546900255,-0.6701889929460367,-0.9217080327513297,-1.5920365067977063,-1.1161187869317732,-0.19765414517727553,-1.1928477562130655,-1.626703511727148,-1.3082920845012467,-0.834201644472958,-1.1758130411091288,-0.9394085033300037,-1.198955084870152,-0.29204515538081777,-0.5456417933311835,0.326780653197573,-0.9612093132642896,-0.8979999347572158,-0.14613956252924243,-0.521902540469191
-0.03851149540670451,0.6762674977251922,0.5611413457969716,-0.570107991355544,-0.03576914637509965,0.3474179849460238,0.9371389165216932,0.524204571821243,-0.14604859274580462,-0.25769873676065636,0.45545638328902677,-1.1965273358404793,-0.427150279607569,0.641357290142178,0.04533314418010312,-0.5219274206335583,-0.782803388504635,0.19939513653496346,-0.21972598019429898,-0.40549989494362126,-0.1459271905766179,-0.28655912827792157,-0.35992397999049247,-1.0999796418456593,-0.9840134704679028,-0.12839868013098366,-0.2534451001847407,-0.3711104985295185,-0.8831713038552897,-0.23359003885552226,-0.8262872982311357,-0.013276097647041074,-1.0589224973975213,-0.9679095748793622,-0.7989821130197498
0.4802400016212785,-0.0103138368576896,-0.02332574448392074,-0.2871938341204863,-0.006234976717694046,-0.22399397672255764,-0.628408314245907,-0.21933876780861616,-0.2532283030868049,0.8018727540769033,-0.7215128900875545,-0.8770735175199273,-0.3575099953844849,-1.0311913181272656,-1.1070047211680527,-1.32245991086906,-1.0225247725042417,-1.0389867011591172,-1.3319463155684002,-0.8390968655426698,-1.9178625537812137,-0.5071035153207822,-1.0466261824370948,-0.9854340493632181,-0.4964409953732391,-0.6103305028012569,-1.1144429853272997,-0.5738331047181712,-0.022469799442515037,-1.2971583392937545,-0.4053117743884876,-1.3269015338099357,-0.16784731596417857,-1.0938541028573143,-1.0924678332945206
0.6311948319311469,0.36801267138019655,-0.3817132025320143,-0.027713856210303506,-0.495256920281527,-0.9849976089125668,-0.14161456322480426,-0.46119559298621193,-0.8015494655267339,0.2793299694861227,-0.8720099399947441,-0.3853963337952223,0.04292865955819303,-0.6628007838101642,-0.9375673726215078,-0.45513641369625524,-0.40738812811683656,-0.2257624798425229,0.24528949701535663,-0.9426005048485737,-0.6369449771562975,-1.3876065641332775,-0.43504069340473905,-0.6886838892692119,-0.8792231999493889,-1.1052327137867273,-0.9737035066493483,-0.681561977640896,-1.2800022974733871,-0.9446263378181239,-0.7738601083340684,-1.5401587280688824,-1.281209019724215,-1.067892842309926,0.0667091333013391
-1.1105781483457426,0.5023120308945384,0.8048039330151893,0.00391579874408407,-0.9432920767746229,0.18284508843803743,-0.6181418805886579,-0.1918263367188331,0.01412187629887407,-0.09980238056073137,0.12442777435262303,-0.38419532637072124,-0.41034632070278443,-0.16637792231986992,-0.6061759320104597,-0.9479617754035541,-0.40922877749658026,-1.2284743170441192,-0.7307603023254955,-1.4028433935685172,-1.0122782963173922,-1.009656844345698,-1.2603372312663044,-0.2302762668944991,-0.2808827006539051,-0.13919608610362,-0.8934120753965682,-1.0165324768078723,-0.39512470095115476,-0.7268601011755257,-0.720440398883787,-2.0422493152702135,-0.3773030455618436,-0.42590308306893454,-0.7201149446221453
1.057425840557963,0.05938204362014943,0.534698015051519,0.7584377851312365,0.33998850002176007,1.2660255373241944,0.6830524381519728,0.990959800458107,0.7774226361146014,0.8404943297518026,0.32870195080669906,0.17930471584981222,0.6830940219186473,0.27004165757795834,1.4424694279636008,0.04954434337784619,1.8978164368873869,0.8713702456457837,0.7455588154265423,0.43080182982221316,1.0189439511976721,0.5774106222521436,0.8183737912755455,1.0771687132617969,0.9785724927406058,1.251057825315694,0.8868150283680662,0.1285949856544934,-0.44975485370775536,0.6811541815029639,0.6734630756346826,1.5083977103543846,0.4718316406171699,0.7009460756224295,0.8858761774993678
0.6889459051882665,0.8200287342220288,-0.046227756922467445,-0.16139321417639835,0.14960578830300386,-0.834775304930321,0.19420926776568684,-0.15458619652967262,0.2970803811340601,-0.03613217900772589,-0.4511266449831555,0.6720642937470063,0.017899934262960316,0.36813270966725165,-0.011318365059373864,0.08940072108393202,-0.8622595380801918,0.4185795545185361,0.18070917169734496,-0.30556481541726593,-0.18891642230108266,0.13244477701175744,-0.5898769857351169,-1.2294263397164764,-0.6474328809959368,-0.4263441521008212,-0.5492407130605427,0.09661261724554127,-1.0698661668926475,-1.0328303184712362,-1.1699381432763407,-0.44967228065943576,-1.448527879232075,-0.3333875576859733,-1.189699974268381
0.2962662420833543,1.2534664837200555,0.7036246505636704,0.6440227852762869,1.2390844740031342,0.9290435119050725,0.19410872046193534,1.4691940277346391,-0.21393329140439055,0.6693613466551002,0.09683635766582588,-0.25933071305547895,-0.10750382991044066,0.40960014409178047,0.5830817899872636,0.9110861102288328,1.0924823990515018,0.4656335262593442,0.07704143326756413,0.7895583091252977,-0.06625425126001583,-0.5860763196784788,0.6515916552891939,0.8141306133906775,-0.2888647909501803,1.0721405657848189,0.35280900867706083,0.2477281226709446,-0.2581765762010467,0.4782299534883256,-0.823139939451167,-0.26129344838529334,-0.48829359105972225,-0.8063141819864831,0.2497320519033586
0.22715899962961186,0.40957095109939323,-0.1813169232871295,0.40114155038960014,-0.10171009188064693,-0.4247018966617543,-0.5557015050707339,-1.274436392395241,0.253552964309153,0.15242501414731996,1.047684598531692,-0.6246954985640484,-0.830423926818865,-1.3854907208371512,-0.09049647533160493,-0.23909734865832194,0.14065196974119398,-1.1223638378991307,-0.33213244649881063,-0.9749752855425132,-0.06301388294145305,-0.48487884523048813,-1.5460762086821407,-0.8461407304560667,-1.7639356017415966,-1.3778433136273893,-1.3508887067222397,-1.1201992071793878,-0.9282599955808785,-0.7087750011924364,-0.7249262796695396,-0.7822785796628023,-0.5893676331135365,-1.3627878949706567,-0.6808173758149088
1.149471357953685,0.3151554248814226,0.610213279923695,0.5276023085539986,0.7210204188826306,0.3958273397849052,0.6366816772493356,0.42885103926315493,0.4646162186672343,0.3174660366330794,-0.4468049125805172,-0.5687463111038282,-0.1999733470931623,0.7125235530427876,-0.18890211740007906,0.012182897859738029,-1.165414837015767,-0.123601247125557,-0.2156776442824874,-1.6328041439942322,-0.18747299825231994,-1.1943484314289865,-0.7665514661359243,0.059349874253254664,-0.3920751303854107,-0.726763943663073,-0.8000584166974614,-0.7711665782354281,-0.5094704951875972,-1.2165064319357768,-0.07870615836421502,-1.2378246676269513,-1.5490397691149673,-0.20968919072909376,-0.9417183756433831
0.467471640024063,0.7253723468181323,0.0031584231931856,0.39536282888403174,0.6139936943756072,1.0738753328537027,-0.04153038334972639,-0.05626825050498366,0.41763702398285685,0.20069869752331246,-0.011928118413252753,0.812980853496767,-0.8645782524968199,-0.7741694362743179,-0.9385165653141128,0.45824313598039357,0.07559998485575617,-0.9058447393930161,-0.320148349165416,-0.3099824617505142,-1.4375272788395042,-0.27471958912851296,-0.99264991474654,-0.08455185893871547,-1.0442715166941765,-0.39295898791767675,0.11426429937106641,-0.07489042091222975,-0.3363325305744217,-0.6568527914587192,-1.3909670109809702,-0.8835907483379154,-0.7985140873316113,-0.8541769284442564,-1.4900188347734673
0.30120255625660836,0.9836520486996275,0.14695322523194107,1.0001279161253471,0.3809543005814414,0.06831748162490528,-0.17863555975487586,0.09794298470805839,0.387656549595973,-0.09210426370310412,0.48175753782438263,-0.19684355597171002,-0.08575190903659723,-0.7066439122911354,0.17666282296576077,-0.27618469130437606,0.6076735779134756,0.13193281117453146,-0.21638176662697972,0.3164433454324242,-0.13036304452666048,0.1352719073260153,-0.8350626335085243,-0.2072917032636584,-0.21943996350277184,-1.2749094307888065,0.220291915020988,-1.1423365902712006,-1.2393961547325478,-2.040527768644724,-0.4039869225241478,-1.4855755416455176,-0.9439707458736459,-0.28633156296602147,-0.6272312587672013
0.6364576860364953,0.6488918417446845,0.4279808404791916,0.6675820969481427,0.9037440137206336,0.6854228655444456,0.7147853873912154,1.2943208817581295,0.9189539435652904,0.20196233954579423,0.7295029727038284,0.4971503477256569,1.0204913358687662,0.8045686997440316,1.3108469806533083,0.36774124391130003,0.6331052002254711,0.1883006048103152,0.6899938963496748,-0.06735555391122039,0.8512257179463787,0.6518183349472289,0.7457290630655359,1.0503244515889847,0.7563190027915945,-0.007261543350114641,0.33995810376752794,0.5641380440456785,0.4260900793687492,0.47265829718005525,1.3714577524828475,0.5956105258424815,0.7208817573568027,-0.49070082372003376,0.8702903007329652
1.8582227844737131,1.0708839064559426,0.14278180518436326,1.4673186645269336,0.3036343868791085,0.40553102817691467,0.08028095500576182,0.028545915571794256,-0.9880738820653421,0.49014923143712186,-0.09190934240211357,-0.07739448169438233,0.11330920422820348,-0.27058582819584265,0.028837793165079062,0.4589334102031978,0.020645001093038795,-0.2972207658819883,-0.32037920543213916,-0.19584787554215288,-0.7489926180678298,-0.26492830246341104,-0.06159143744291867,-0.3941280843288366,-0.6828673427709642,-0.6460906580931536,-0.2069363968689248,-1.1122585637106717,-0.9981435443561419,-1.4196355101282248,-0.6239155427676453,-0.2330989903175663,-0.019770089466396357,0.06906716489473208,-1.068494784709258
0.1816052440899873,-0.1939309720897037,0.7816550572871902,0.5603249244559616,-0.05624525054961475,-0.4983066027811591,-1.9602785794075932,-0.9997844178411106,-1.254779066653121,-1.0961438552721594,0.523423958378566,-1.1049063529413534,-1.0274986231004775,-0.9950351756997272,0.7287927172570263,-0.635236679826725,-0.1381358568558934,-0.5763451224269148,-1.682519737531402,0.05236473645491602,-0.5343236042448888,-0.8138428954842465,0.11183453899405904,-0.9538166794719805,-0.8620860829317822,-0.9687538177908825,-0.26134432131890273,-0.39281701653548234,-0.6576076726476062,-1.316950322486715,-0.9673159273046322,-1.2963907985800809,-0.17537643627901278,-1.5252542534865192,0.07977886101490916
0.2946959846048557,0.6014888019207285,-0.22684970672870985,0.5336269878772292,0.9391421334434453,0.34714101981579953,-0.14462135041630517,-0.1615603467922234,0.4240943647678129,0.38122437159043376,0.23486075269753873,-0.002126652754653964,0.07812036983451437,-0.0957512526472434,-0.2935161150696336,0.23614161055719687,-0.026703255183916502,0.42479863350152425,0.29980103660121343,-0.1574043989090075,-0.0352271526395575,-0.8474517854693108,-0.4426716226605103,-0.26655471734206493,-1.2621689214413008,-0.28782786801862265,-1.0126343043153272,-0.9869624066830924,-0.8546577510156421,-0.6314383363581747,-1.3049291709532773,-0.2357210908812637,-0.596801883014067,0.2572237585776269,-0.5732174858536908
0.7176444336460093,-0.028875295562934167,-0.22802824841617952,0.6363680139159095,-0.2567587791720379,0.5731826326923724,1.0672612990054196,0.6480896927962984,0.4211970224378799,0.2311507703986035,-0.13539021827169564,-0.04064470726410073,-0.30607395470507576,-0.7209988198622908,-0.08536192414561995,0.41134768625805673,-0.826160932790012,0.4787760189420526,0.3499604629399862,-0.09764525307508182,-0.13039479510051513,-0.4619813528564771,-0.3828685820122431,-0.6696788691998492,-0.45498185501469035,-0.4326258176094376,0.40760118315184346,-0.27936243922949366,-0.6946165066800357,-0.6656383466230223,-0.9975440265960042,-0.938257390247511,-0.2301631568237003,-0.9522493071179509,-1.0320256869709539
0.13598554667945878,0.03346731222505245,0.9264694348122214,0.39814149063831844,0.14872889133058467,0.2668987098445677,0.32264431776200764,-0.1984414108638428,-0.5588240893619145,0.7656535745631902,0.5506016329623907,0.205537159174292,0.4362373504900204,0.8938853131700768,-0.3707774470145091,-0.7026138732541247,0.14899663488435402,-0.9538851824288952,-0.23964532655421295,-0.4453603732614082,0.00402642296666772,-0.6099955519799842,0.19600800517185513,-0.8113278851498321,-0.1179005631182587,-0.8357457535089005,-0.25879356941142295,-1.0694933547660286,-0.6019718940187057,0.04486079184256819,-0.5834122923666764,-0.07250423762935365,-0.6986482426588666,-0.9577903868577008,-0.6372664663324238
0.7414401726361628,-0.5547131055206971,0.6240194193198014,-0.14312763370667375,-0.3043326878990113,0.5215462233304324,0.8832505266394057,0.28340844208084237,-0.5417299616063564,-0.2388780396506213,-0.15254382609539552,0.11468433235684174,-0.05929954200917792,0.1843181906763658,0.39691081988504684,0.02977544457588374,0.2672786705345821,-0.3553273529719655,1.3893205764729728,-0.019554368162902847,0.00910684648910598,0.5099822520925481,-0.3597874822504982,-0.7606402880843601,0.18241612915519279,0.18003258512243925,-0.4562676644949019,0.3176433075032583,-0.6315578770555581,-0.15004352867627208,0.11685130593928883,-0.6148783204767702,-0.4571119477770511,-0.192258201175749,-0.9063501677197563
0.02516598693526556,1.0645477434021542,0.5162598144715083,0.07399518270855354,0.336944589421706,0.5065240378994866,-0.570650606214806,0.5332017984664805,0.34019681624114684,0.923951756048682,-0.05290589724514491,0.705194578996603,-0.045682388506937344,0.006290333284307323,0.03740002899257783,0.9040298181944671,-0.801506974568265,0.02706539195582372,-0.23751593486218864,-0.3104122456685159,-0.04141208960256926,0.1841423825497573,-0.13806084038894167,0.17971621811380023,-0.5962814901188804,-0.5268150075237056,-1.0334563932282497,0.4292823836269255,-0.6832712069712756,-0.7647924415054439,-0.33758353062411467,-0.11050309782665568,-1.0315516182541473,-0.11192201808864544,-0.8749086247133357
0.1673866160215534,0.4143406034400028,-0.03582367014374896,-0.11748230139864176,-0.4710516838026523,-0.10211750620842545,0.7071712952662038,-0.7342319631117518,-0.020196225106965893,-0.21255003159550429,0.32141403392038553,0.37406100887260024,-0.9591658774580831,-0.8218808354948515,-0.8302727784794576,-0.846110259769816,-0.8344622332667948,-0.4905105686029969,-1.116008716153482,-1.0693507445219406,-1.1301671351719045,-0.5066741596268651,-0.8001133640140706,-0.9011929382056765,-1.2108183494716096,-1.5982294933301295,0.016276899696136105,-0.9440923264546413,0.5583291185629605,-0.4046708532799829,0.13242728644208435,-0.2736050252056584,-0.676302268294099,-1.0367193533302073,-1.2058266907655577
0.6164152698271299,0.13974222302264533,0.2660836015663664,0.31591352687742735,0.037706223824653884,-0.4245575038262308,0.27009411321925236,-0.38207793273396495,-0.283348055040496,-0.014332267001200383,-0.4454815540018688,-1.3663095754004206,0.023266626595472517,0.09269130541582571,-1.4860376930313626,-1.1256561687619215,0.3767018188347313,-0.5480254889362217,-0.6885395920962157,-0.9271467008946382,-1.250223305343528,-0.8501952271298212,-0.2810178235955488,-0.7883811903075943,-0.4847364576068659,0.0866511167600259,-1.0897290541985019,-0.6482910322180291,-0.2947203231107176,-1.2575183654637736,-0.6931727160337997,0.16581359735046663,-0.9256855373674909,-0.20371730529832255,-0.7879751716722035
0.9563832699926573,-0.8155087459162386,-0.009688823320227642,-0.8308255731698859,-0.49071937817869205,-0.5420381223231276,-0.3697352758554747,-0.877130184430466,-0.3645024661790718,-0.14279431807947018,-1.1819514168881815,-0.7748518912502269,0.7734689407002102,-0.3701545401087756,-1.4793502493220245,-1.3042434983110465,-0.5222858672215936,-0.613709808901059,-0.9840366295818384,0.38270248107413507,0.5744924305191158,-0.8851780859014912,-0.33175076021503497,-0.3189591249565935,-0.26194193081460126,-1.1162451183802076,0.17023464463486315,-0.8340270806644545,-0.5859210630660008,-0.7900447936163201,-0.8520422162160816,-0.6311464349937839,-1.3485031340343416,-1.723467083887042,-0.8240969710741809
-0.3836240571274723,0.2809770374956343,0.17472816053045476,-0.08465821574858991,0.6005064252389474,-0.19174256910701515,-0.9653325437614959,-0.39480662991001386,0.2568511960281892,-1.3151549068003305,-0.46301801410238663,-0.16965462895601346,0.8290940415825905,0.06935570892210297,-0.5041714555488981,-0.3436309527576792,-1.584085670050487,-1.188903921141159,-0.36483739317608305,-0.6333712990416941,-0.5905013866165144,-0.7359290791379489,-0.7707746419691616,-0.7290768863776961,-1.3178960926857926,-0.9106659436657218,-1.421542279689826,-1.1095267109163705,-0.19896459897628982,-0.881442703979257,-0.4842793924262982,-0.7127013879064388,-0.9480061805842205,-1.242174927604429,-0.9174345592719966
-0.24132824624745167,-0.09538108012479696,-0.37474663534943115,-0.1592764285166937,-1.2895874657559534,-0.13879545806837473,-1.1757873772333718,-0.15613387700432962,-0.429408975631246,-1.644754268925517,-0.36639056782274604,-0.2585644517982989,-0.14432889299775997,-1.1705434183251784,-0.7052660350499386,-0.45217780819343634,-0.4313500274885745,-0.5905433599329527,-1.0001142103690195,-0.28006460400329364,-0.2601838894005067,-0.8131989771472329,-1.10282540787302,-1.0461452550077772,0.03275636160219786,-0.1382614019260795,-0.5842526012176178,-0.6313481957580315,-1.3705101410536218,-0.4806438176991109,-0.9836579393592086,-0.25616037213947457,0.31121771855616503,-0.7158567191494062,-0.049343259350606766
0.9311317256994749,0.5082045359495072,0.10088541621533342,0.33198315534338263,0.7685105596952773,0.3835468198649359,0.21231377161949835,0.7532769127802463,0.39343264929540445,-0.5050489989810801,0.3722960923251598,0.49141523963360695,-0.642017811384775,-1.197666458978698,-0.6240419298255956,-0.19384668836140106,0.32313249676949785,-0.6659482145511747,0.018928479836431034,-1.7423352324719357,-0.24276410905767373,-0.5722283800440853,0.6454225071398134,-1.3839292760005444,-0.47805163520639116,-1.451649573990397,-0.8078746836050845,-1.4127479442208233,0.5604793976124172,-0.79395893726834,-0.7464296390925556,-0.6854096907408295,-1.25164939908895,-0.17764638987224102,-0.40316064087047787
1.2589691813358903,0.19073879853050846,1.3665367621814406,1.3073994736522596,0.6793232414785048,1.2405138399137403,0.9262670382987025,-0.010694081114614007,0.6907262663387632,0.5366497310252432,0.8148452370440719,1.2768885823173348,-0.06069231066718217,0.5313098420318468,0.3347728590041445,0.3483162326184334,0.31776075694859224,0.75444285962236,0.9724830893949385,0.8750974338769388,0.783317538800927,0.9904203715254771,1.8582997607967648,0.7242028368988462,1.154486959550419,1.1132189421274366,1.5067915730529842,0.8844882622358365,0.16798172388559462,0.7280782773684282,0.6863008701156038,0.9530241071929897,0.09305361433293324,1.146860461045116,0.4999065491865915
0.8519314716603779,0.552893417350198,0.424172286300463,0.44371815794921116,0.6258822092719505,1.2315852869519244,-0.7946896295148073,0.44520682413646073,0.15795761232056635,0.007848931891591082,-1.1250493502296046,0.3067397028699827,-0.08584493628168792,-0.4805109448835736,-0.08183560907767728,-0.2889919600520337,-1.0529582592635487,-0.17637983788054767,0.03140511135920426,-0.5707613724213929,-0.20206105289515222,-0.3148021658212882,0.11886922760550167,-0.48973232921855414,-0.07025497422416155,-0.6592152760876203,0.45064016372373505,-0.780591260738787,-0.9324145345991475,-0.6664310629598149,-1.0049243451928334,-1.288371045135095,-0.32170982556622046,-2.236590113544978,-1.0820243916133463
1.0054087072904592,1.1766264152602397,0.3465968836633298,0.6178894149797352,0.00813914250896941,-0.7805655066935602,-0.23276217741785796,0.021033333337332732,0.2064583553199255,0.045914163034800594,-0.08423304592457106,-0.2706806537602709,0.1485716545151015,-0.7452426002322066,0.29795576022932435,-0.4357722889027956,0.8517874505925033,-0.3781299673394686,-0.4987195151774926,-0.5774877596354822,-0.5680187738487794,-0.06524412388900402,-0.425014984375122,0.05565470059652916,-0.23859016033738698,-0.4867926684362159,-0.3465436492245304,0.03600298266301716,-0.26156699090749896,-0.4759065065175728,-0.4295436149332507,-1.2403852460140878,0.6003370904323238,-0.4412028963870566,-0.409300367336147
0.7856538059776901,-0.34906431229357293,0.6662073619273854,0.8354524020197635,0.3841008480308236,0.3772266980748884,0.620305245371917,1.172070106729898,1.4100063548151929,0.8628862273849128,0.48844623006965576,0.5851331683777918,0.8097453582281128,0.8621138582233356,0.9631711685718641,0.5180819433155528,0.9939608476177755,0.9454762992613136,0.5133489847067108,-0.1588105566893191,0.248015094255379,1.4633457906763567,-0.17864910248267407,1.3150182507285137,-0.22037269187267516,0.24455211129710225,0.4305349984150665,1.4953803712373537,0.6032052932226522,0.46863473647664067,0.09305848179332665,0.8064132761770602,0.2733927267971582,0.39919797784352207,0.3181107221239254
0.7921729319874514,0.7789506145536743,-0.08231734594170609,0.013160957003716722,-0.07305310909071638,0.3439339087932567,0.6673464891287809,0.27353801271948497,-0.9593501329261485,0.47627880862736993,-0.6179056726093926,-0.34098433298450637,0.07585606468417942,-0.10523963966333358,0.3332920049106438,-0.44797316066905746,-0.6650685671994909,-0.37629356000248537,0.22987801433060423,0.018691770460047274,-0.28934346527650545,0.2941234409000583,0.16855123772269265,-0.04364501431283396,-1.059792805478569,-0.11091937952425568,-0.6341999402529488,-0.7596425767733854,-0.9311907080716,-0.7020432851800175,-0.9537917700129048,-0.5791656782126418,-0.7719825832011599,-0.5949965103800976,-0.44662194461961496
0.7750190650264089,0.771539241591574,0.7618143495326402,0.47129816574597805,-0.06852968956142036,1.4026843648857668,1.1306002456741968,1.2001591429999334,0.017720516079098303,1.2539729261525892,1.491704096623114,1.0066928478598491,1.2834978812495768,0.8331442081419814,-0.015085393776994305,0.6354361298452279,-0.1557072055329522,0.028102883457468808,0.45677828699760276,0.3610588910630521,0.472604194029143,-0.6843135520250423,0.10496692568909041,0.4266739363167002,0.4962278693663076,0.4986154743269528,0.1869119797874368,-0.15886494130022966,0.2509019157874406,-0.18027098827856375,0.38957731756968345,0.12225575105029182,-0.1525730464724472,-0.5363453657915479,0.3779760445145751
0.08460000027216397,0.5850762573580318,0.5221621583259235,-0.03531933034076723,0.8030942915778998,1.1052795445431047,0.23849804683235845,0.32627417123075986,-0.41649359603690944,0.4649969781807721,0.28867686979789364,-0.1464163774970217,-0.3951058773170311,0.8604884107654431,0.08830952260008051,-0.6014324924599587,0.24601047045318267,-0.10564354105571244,-0.22918548832727345,0.19313398268782073,-1.6392990132286605,-1.2723779586602122,0.28573247858842754,-0.5023471906077178,-0.6841870342436096,-1.1714173923445286,-0.4360961424492072,-0.40354255858056337,0.13049234856458447,-0.42996241564318965,-0.7923188422967541,-0.4612044522533689,-0.1307667215728533,-0.25965591644310293,-0.4125403179527767
0.19388068599043867,-0.2834384075729116,-0.558566325072947,-0.6869012617857844,0.05670217389928381,0.0605113052920076,0.3108951190134014,-0.002118582957875148,0.19680303717366343,-0.43830088564101877,-0.030578618859238682,-0.9581209022006674,-0.5271200516192638,-1.4505159116609743,-0.5546873191783062,0.008382676089363161,-0.6001326648666375,-0.30313033210156565,-0.5537226216857376,-0.9991679036895336,-0.8281958850908301,-0.1631441591512034,-0.4098921652744681,-1.0893401108437852,-1.4836142735026476,-0.6927791657110188,-1.090429875860282,-0.8884459874288911,-1.5241283951257956,-0.27069011997482795,-0.8306880337002913,-0.7430186793953361,-1.1720254548351672,-0.8765829272300265,-0.6561768449036836
0.12561323145600567,0.2901259632800467,1.0560226094171243,-0.5482310321103299,0.3821670541120061,-0.14047514355953045,0.8822440578168612,0.08484169925579477,-0.3876035728755763,-0.011402803348938659,0.23140689020181918,1.4044470910309526,-1.0782646335058337,-0.6628547785376036,0.5495338447976043,-0.8970766658359558,-0.17694571432990922,-0.46215463697873577,-0.5788436768782221,-0.3822409728852736,-0.4992588298173254,0.15967265400858816,0.26027047004162995,-0.22473415055384097,-0.5888371627234601,-0.3733039627739827,-0.13050803365164187,-0.06132130821675319,-0.4048915489404903,0.14764577278349655,-0.9491709193999696,-0.0940646802958004,-0.333331071314839,-1.0102659450703146,-0.6069147722746621
0.5829566338431783,0.3270406181350405,0.286409147171526,-0.43562386313547174,-0.05474740291922964,0.13307182382145202,-0.07228513193203043,-0.2526266845369335,0.6665193908797002,0.044439672171553445,1.1399606216023788,0.1280096117756053,0.4967179785013172,-0.16735773352952085,-0.4339129783974063,-0.011172241951696638,0.4659963596261042,-0.2650084151868065,-0.03524256160020606,-0.16736444935483324,-0.3819179303676198,-0.3922703858069881,-0.9031141980400068,-0.4434303991358403,-0.1441539121071112,-0.3546828391063417,-0.44093055320563224,-0.1996647383084118,-0.49244751725705505,-0.6092270338119358,-0.2733346889570311,-0.5957430190136939,-0.8038086497663789,-0.4711306291291616,-0.7408669163972598
0.5694142321388578,1.4790969286838411,-0.5270293172616369,-0.18054331837609072,0.6535238108681496,0.6748551274012955,-0.25655930963733276,0.911996217353481,-0.27181550191614373,0.9331360192953926,0.29091560535462435,0.6522433882609889,0.1620544452916995,0.2651853411317776,0.25199066785319835,0.4297964267971033,-0.19817557583318549,-0.6704241150023347,-0.29810121699230097,-0.6298885807014962,-0.6339535231564963,0.45853046679883386,-0.09251293830171298,-0.14951739126775992,0.0655208774062861,-0.19378365179549423,0.4005179303930283,-1.6094926255752353,-1.0887112783313855,-0.9665209273244314,-1.3287731311729956,-0.6075814425275313,-0.6055446549801753,0.2824023626068106,-0.271363142687296
0.44830283376826024,0.9340714555843114,-0.24277674962805396,0.7246820974510986,0.6798339755715097,0.16534859264747498,0.4958545553597058,0.22936857221923046,0.08770729149424017,0.868762369095226,1.0252243000179764,0.7392794112141932,0.24053434027962842,0.10294310571275317,0.2047184165697639,0.2716162475347775,-0.08158098474123077,0.8537019462953366,0.19750120700775953,0.6524900806122058,-0.4588939303416829,-0.13243930082679878,0.6117825976441424,0.588947675692612,-0.47922393931773527,0.2432634220340419,0.22593998853503078,-0.3233595556630595,0.1786654697141969,-0.8206402804790558,-0.5243968023650911,0.20808074723113806,-0.10696184372846569,-0.11113764312013018,-0.26930301814728197
0.70069313546072,0.6906052850198885,0.7586259535184514,0.3896245528382474,0.09568028336607398,-0.026250314843613287,-0.31442426612847574,-0.02618956100982736,-0.16721844720122253,0.8971915926228098,-0.46687903425633953,0.5353169209841723,-0.1572285895034417,-0.16653318809064166,0.09751844986927621,-0.8518656205811476,-0.581749209894542,-0.8410415874352528,-0.4487608049125742,-0.7507422359709545,0.3256541194151825,-0.6605298901017511,-1.593124803794114,-0.605102527683238,-0.06707318284088543,0.3125953275499008,-0.647767427166879,-0.8206204954371181,-0.59714095323326,-0.40865693347029425,-1.205356896040612,-0.7862680089304201,-0.7102782845377632,-0.6823641287562646,-0.7955292059630152
0.9340550644254262,0.39445716233146755,0.820535798914625,-0.33856121996057,0.6355018457009907,0.3071962859624652,1.355741596216212,0.08702525930382204,0.6123192433112924,0.31709642301234353,0.2291561633665934,0.6729475784841982,0.2504850118369788,1.3602151563380616,-0.5790780467800101,0.69720559071018,0.31206676452661547,0.30163202990945787,0.449699326667841,0.7689260308668013,0.37360301622725245,0.7123959296912055,0.2052869142936977,-0.3648801626626287,0.07746907721612165,0.6681919612799649,-0.14405776485500682,-0.5106546697663923,0.3098937183827856,0.13789132976782179,-0.4463877202588092,-0.2079270470165081,-0.2125474369362087,-0.14865683912001412,0.1415211791551372
0.1778941112957631,-0.11275213893969571,-0.09188009913576978,-0.3485129189699008,-0.0616456976751556,1.0490403955955718,0.5594527341518482,0.8138785207970428,-0.339101654215191,-0.8774631686515934,0.21478076082379124,0.9434348093342548,-0.26602748050874586,-0.012388533404220872,-0.8878431735480408,-0.12849363264951777,-0.24425556841139834,-1.266994375664651,-0.7772998336401098,-0.8545097314142649,-1.1227807278042456,-0.7312854948814128,-0.14949170034750164,-0.7544773615008555,0.10344374121989508,-0.6839187297043976,-0.3699117328759055,-0.3134306203973911,0.1770250081799889,-0.9742399757780165,-0.41973513869338563,-1.1373562044666476,0.17553684135204606,-1.2251102287731195,-0.5314195990353252
1.2119720280602881,-0.20020400977146713,0.6604255005107293,-0.16960003097387194,1.4540684294507789,-0.6934276719147239,-0.5446556088857862,-0.3855554253002359,-0.40868611005082717,0.3568371985338751,0.9564298977556238,0.5942004049974468,0.09359152553604363,-0.05850526320719158,-0.4062567397715401,0.05293965074812526,-0.28616358737922953,-0.1257667444572344,-0.6290841192006809,-0.8970589662166286,-0.3201827973392859,-0.3671732403432106,-0.7018433148559206,-0.8211411787926632,-0.19159774926720857,-0.2750648003010039,0.4052542612960519,0.12829445180858645,-1.1868362107236414,-0.7115979161827802,-1.323299250506452,-1.583660762722941,0.4122335411265359,0.03488249518661479,-1.0381596713283894
1.0539299141708172,1.0939169946359357,-0.5973551879256416,0.7520917812159513,0.04405940300204739,0.44380540410503755,1.7189301607936278,0.9678865523851489,0.07186764981535942,0.8072389674916797,-0.9044658079849988,0.26842227778080024,0.24037874367330023,0.2895498045998672,-0.3573189683650225,0.0483900405412144,0.24622467264274558,-1.3819531366174966,-0.4167200395559909,-0.7478007987557909,-0.0018476939908877998,0.3200610066510318,-0.7098032315879087,-0.9822328999461152,-0.41221892108712127,-1.0791444040748468,-0.6462373055307407,-0.7281115732811269,-0.29986359913215394,-0.45858721086024523,-0.5602164356483237,0.15438242745705388,-0.5506462391514271,-0.9141846447587214,-0.8708529193318688
0.05008946948162346,-0.11126130601865192,-0.3317943131021144,0.8939061760606969,-0.06926732506205302,0.41021562750284973,0.06406594592262613,0.16059335204648417,0.7128742733521538,0.18473042967491798,-0.4047476136052534,-0.2654204071510214,0.40661339613566283,0.17829255767209842,0.35813106496645075,-0.2618475612415721,-0.8797835834616706,0.03285179688601372,-0.13222220101981214,-0.15664022150079737,-1.0237892898921102,-0.6889663862184996,-0.8730610091505109,-0.2382028108391194,-0.2539038566942037,-0.5242828437942932,-0.04922845770027828,0.18318536686612985,-0.413386786093928,-0.2806494882757003,-0.911689912349857,-1.026757068998015,-0.18063905982534256,-1.1426368852034474,-0.3747260366145517
0.9163253446036344,0.33396613755407945,-0.08263314806469851,-0.761560356791531,-0.05862957446510442,0.31591933752066803,-0.32573709372642257,0.2277624548430826,-0.1461206727842443,-0.22735729602677035,-0.5743939814694077,-1.1854075615437445,-0.7095825445117733,-0.7513002716111166,-0.2827592341881212,-0.6116228789671899,-0.0936539792955744,-0.5233663164384286,-0.9424901403009658,-1.121392885611548,-1.036559324999893,-0.6726019379801954,-0.9546257973386248,-1.3187618539809387,-0.28652057254229524,-0.7200467785932574,-0.662130216495352,-1.2110403648319434,-1.3177159730564498,-0.8721845436414554,-1.796306839796053,-0.38044200998054284,-1.1075720340766742,-0.8717429462980726,-0.5039470839410167
0.6876824611969647,0.2155325116627358,1.551729334464809,0.031187829721091354,-0.3227527947183687,1.2303034702026525,0.06021563137780128,1.4126971222229523,0.9705733194839439,0.9189066128358977,0.487621442537968,0.35362521271994646,0.5718512708837457,0.31448985529962803,1.3495255779482453,0.3663875045161262,0.982488911650967,1.222961545947832,0.27030309296621996,0.8892306636404265,0.24354352746775798,0.5927852656960961,0.4388192258162548,0.30853687750517805,0.7228109441016555,0.02406880719659843,1.082507447675589,0.06345997889661703,-0.0434044634185099,0.4494890490500256,0.37448032139833676,0.7232114059271285,0.5721681619111044,-0.29998031774902567,0.9905713869068438
1.4654864546643482,0.2640780258949893,0.2714702542551881,1.2993914516382061,-0.12210222362281026,0.8994624011965713,0.5102623023611229,-0.8142872618646765,-0.04957164753269222,0.3147052111259022,0.07437567542206819,0.03576589413039788,-0.32694198889403675,-0.41973295767527535,-0.2572789573579257,0.8380578492528828,-0.6355994611505871,-0.4615750374603323,-0.244208418831038,-1.0277214950621798,-0.11694335766818445,-1.012860465597937,-0.9474979895068458,-1.0055132248627126,-1.2910914134709697,0.13162507811207813,-0.27222643512292954,-0.10097684546331054,-0.1742834552433979,-0.7002401003236779,-0.6556753227577966,-0.15718654119641196,0.13370355202618045,-1.3343110771135203,0.5367240620263384
-0.22558375454822305,0.1670793138753127,0.3999110430278115,0.4097423098892471,1.2718022469512775,0.7582114231624042,0.42041650832846694,0.6929520040230681,0.3088498492929809,-0.24130533675899782,0.2994089950890766,0.05041249175195556,-0.4447875167435709,0.5680984088804257,-0.1303033669965389,-0.7028471799249382,-0.6630892405488599,0.04702582022622173,0.266084491513039,-0.05531852300277271,-0.08980176006184531,-0.7740198705194116,-0.3574346086823964,-0.602941287199688,-0.568283983605651,-0.5584350265392871,-0.8629886886345903,-0.18633718010988343,-1.094472940809497,-1.2654989791604658,-1.0335162477274613,-0.22234527517608965,-0.5159317213627916,-1.5968867087009613,-0.42462086996305015
0.775745960238931,0.591028404484655,0.6778891430683887,0.13066436350973554,0.8821401589425603,0.15922754917649595,0.6149282113494814,0.6119504953614042,1.1670839297718165,0.7972768745084818,1.1251311134414772,0.16845413991082103,0.7060782828028846,1.0182570185141089,1.3668411453847804,0.16816914105117098,0.3088396135335243,0.973001171733742,1.516692011320583,0.8438748625453645,0.13550307611824108,0.1343260423776923,0.7355593042337037,0.8350454439831079,0.5332809594986567,0.09159187841764216,1.1686021086204117,0.42986892299275586,0.8536223982566349,-0.31094665204790994,1.1613087013709777,0.20302772535090158,1.2020941368062332,0.8200686860041433,-0.21708200664686317
0.555005217514344,1.2263232110932316,0.06391822228600802,1.1559527240074707,0.4827529754280734,0.9224367668905478,0.2937419449987147,0.11321738785953528,1.0545551309662373,0.45710317010645796,-0.061071255130462646,0.22857932139078002,-0.30578234304796137,-0.009354757467049349,0.4947353141687252,-0.22352366446995808,-0.6190222325202838,-0.7039135316259535,-0.22182260837351384,-0.6999212208574498,-1.0492879963669743,-0.9681522669430112,0.1836729682651359,-0.5090723336679291,-0.4419189804777453,-0.985843500015712,-0.8237678403670627,-0.869047783168474,-0.7282995409651746,-1.445384420217069,-0.09607740921526631,-0.6722554003403525,-0.5844679602141374,-0.2480965646703326,-0.30438643999950643
0.14470138192828008,0.700290550693915,0.6599663160936506,0.4847804185159589,0.8204465423526417,0.6520239704499124,0.5776838695262138,0.8578459111675547,0.15030344301252446,0.1252866651727671,0.4661915204444791,-0.07259105028754122,0.21744421823255292,-0.3433503645525077,-1.242823948079118,0.15634014558815393,-0.9561018443826997,-0.5700302611608399,0.1513742155135841,0.11973663387634831,0.2547184746062895,-1.3787191318095453,-0.2558701744420683,-0.5667287493575888,0.023307088943045173,0.23564106260211326,-1.187478298474991,-0.5542291408252772,-0.17359889768972098,-0.7851841758195748,0.23193246736926054,-0.8647776012487459,-0.835611871023608,-1.2419194845290824,-0.6462973872801792
-1.0768573220866673,0.2741746645540996,0.9973616401031635,-0.3715932219294509,-0.5192651398930328,0.8103695637100958,0.8398504908392612,-0.5026384111647679,1.0023467268525712,0.31262809791692364,0.5809616930795436,-0.37929905357327365,0.7211698727800241,-0.19730483933527945,-0.25909305671247385,0.09859211513353755,-0.3777742392058775,-0.9808253183024527,-0.1927479073613753,-0.45526618247368467,-0.7168731094995008,0.25140542437303653,0.7922864567329817,-0.8974487269724485,-0.372080351420806,-0.7017586957061321,0.6111788709766308,-0.31630306872611225,-0.12643711621300163,-0.02526872466137997,-0.5758379650192018,-0.7572344985380755,0.07395515463084534,-0.3163215686051761,-1.1462074677486231
0.07013616275255141,0.20323025154816293,0.9424861757486827,1.0635136909906235,1.365750353126548,-0.10209375641490859,0.2841023250027733,-0.024895541930348708,0.044800876125712305,0.5613416426837564,0.0336502560732614,0.6745646980288817,-0.28150884146311206,0.30741146432687316,-0.3244539041975876,-1.0612089947312067,-0.692495909257857,-0.15840733228634946,0.7021172571599443,-0.5259384380491597,-0.41751168368745445,-0.12402327370395164,-0.7035875435166324,-0.6797656681503117,-0.4347436548658536,-0.7208220663006729,-1.4245172680888745,-0.8872554813458782,-0.28245512915400806,-0.29318345617321667,0.027201957742103877,-0.036274822196050716,-1.135604814860709,-1.0779739812580762,-1.073898260194778
0.3562110344353515,0.08642178031837999,0.27561338055068796,-0.1093085429039356,0.6820889189739386,-0.221773924263454,-0.28478689541183944,0.435319909269992,0.49712369963221803,-0.016158975433353456,0.4910838389606773,0.4150296654416531,0.9262097772207282,0.303166356264249,0.7505259469543116,-0.11163225880810888,0.5180514122998339,0.4899109932933352,-0.32993852339587093,-0.640414855720159,-0.5892553833303865,-0.16129607105337487,-0.9787303877440928,-0.6647515652123368,0.1278142748363682,-0.16912191545547944,-1.7093403221206425,-1.2284939936620272,0.4895282174206874,-0.026401299271984202,-0.9323784997997437,-1.4082589131023961,-1.3102645339557455,-0.45068523528177495,0.2652064648648056
0.6237112858758317,-1.1733005489315225,-0.5838007060886545,-0.9125404453751698,-0.46102726099148844,-1.237657142980423,-0.884568395471477,-1.0815167445348552,-0.4188096043775782,-0.9670889235345059,-0.9204608272942587,-0.5006538874289348,0.0479922958914939,0.2716434760835701,-0.5669651183947725,-0.8436894956224293,-0.14138980779927401,-0.21172146735865705,-0.3458906223862698,-1.563706696664928,-0.15300617122276028,-0.55695914479341,-1.1578991609551965,-1.0181316141461971,-0.35863635162750973,-1.8694199162789464,-0.636969292042433,-0.8592928715885788,-0.8648872164055446,-0.667039828274169,-1.127800547790506,0.1905799115225832,-1.345353327137184,-0.1409871717627481,-0.5924155789029288
0.5918584494157852,1.4729785375995992,0.03973279301444638,0.21078714859815054,-0.08849690671760069,-0.0457989158945839,0.012652047231861807,-0.3722374446625458,0.004167680913290506,0.12351841341858283,-0.14498519131843998,-1.1329118123652708,-0.10051847152631195,-0.08693252206763252,0.8456952520353251,-0.12918748442937464,0.2860313605118605,-0.4333220516376475,0.3904555158361976,-0.7684162387480086,-0.08042286867833842,0.05132453743944959,-0.05707382092930652,0.6441887727060358,-0.7629832229842008,0.2043527569624719,0.044801744338915594,-0.5374372574118244,0.32971554762944866,-0.6894640802217802,-0.6297566141579277,-0.6667846472128065,-1.3221038482479588,-0.32450873957177334,-0.42055864270084486
0.3799021847905837,1.2793241120470589,0.1442668684428707,-0.5381087545982116,1.240989189282109,0.7578125435177065,0.5270198941254621,0.0054826662170053275,0.30701951485535994,-0.5337869313287288,-0.05598173082717697,-0.43521290935141627,0.10758101401614606,0.39843751820747314,-0.6268881885239056,0.21985949586461603,-0.08188754556064148,0.12145399335316984,-0.3797440361714135,0.055863036252357445,-0.6808207515616853,-1.2099842013627657,-1.1308428863475593,-0.6892692929695969,-1.2770626376907166,0.2726473843487869,-0.5744363983985663,-0.1025341710522969,-0.19638079467837483,-0.6129764323593565,1.1273509349991357,0.7997797897462376,0.01043523667325219,-1.157860059598519,-0.006774282313034341
-0.8176764593933938,0.7055984075098813,-1.3202278095341997,-0.25087649366549797,0.4642811473929167,0.003971259416569062,-0.9755446235390988,-0.19783516761525852,-0.13582073074558393,-0.27063484692762335,-0.6196398785580545,-0.0298449215264725,0.0754286679816808,-0.6118681435479547,0.18934776975624468,-0.6821409298144433,-0.8801451675447122,0.014412185523257737,-0.030103717242784045,-1.0240093977189513,-1.1174974277348446,0.12920604409468517,-0.8195601738908114,-0.7788993434090524,-0.9160022192273578,-0.1353970388712462,0.2725957847858218,-0.7647351678992063,0.411943924797019,-1.0683203233397316,-0.9236001482811769,-0.43380486820262537,-1.1640557120292523,-0.4077844145755697,-0.9766540730521983
-0.3398209453064322,-0.4731946725818673,0.20098173494979274,0.5355958006229232,-0.39070866909788665,0.3415536011640527,0.304709922930312,0.0913843167963685,-0.3271497765843089,0.21652067756905025,-0.014578157841377629,0.5075075328582227,-0.6697628778735335,-0.006314244388705231,-0.7389971370921625,-0.26113383966897247,-0.7293016699388013,-0.6791118140316731,-0.260554728210107,-0.5789578149044194,0.40042994752934147,0.2207242451148082,-0.0015007448529781864,-0.04540840193673984,-0.4056689415721157,0.1498591152900346,-0.6800422091105187,0.4975155068201249,-1.0610107156710993,-1.1805977996666965,-1.3384019764095956,-1.2744761478081117,-1.5001889187932982,-0.5982174940130169,-0.29634677067920484
0.7191347550678556,-0.005753739053461215,0.4358735692268864,1.0742974593451198,0.4644759290836947,0.2172066096376848,-0.16043892540956595,0.36426544665052163,0.2026986401282086,0.48832622140908083,0.7464584044503946,0.34304598455045054,0.5519902731822537,0.6702224787660638,-0.20668606782014942,1.3246408431865948,-0.016249659403956673,0.5850680775602497,-0.2693540607371454,0.3251209624604979,0.3144324681475,1.0412806025227532,0.06577639658859523,0.8019094620811114,0.2672701677853255,1.0177824931416914,-0.8287668008810318,0.2718317248604837,-1.336280933222944,-0.059449165595483404,0.4495453593109605,0.6314102137533357,0.24760030372301617,-0.29712891168866984,0.09080274304124805
1.2412211919127105,0.235209597690832,0.23324085603019298,0.59412843828898,0.2645524044858717,0.43424788323428265,-0.3581922306090033,0.10411457025544263,-0.8186848787269909,-0.022421369100750446,0.7791237045641615,-0.7363573982544226,-0.19873376062084414,-1.1252624142433467,-0.09910220521702658,0.09049045379505447,0.009976195410333594,-0.5214062348335127,-1.3307165403669357,-0.9169241046086054,0.2953202954317452,0.07063139095073107,-0.4495466075850537,-0.3567395250719344,-0.9846102764604735,0.14277755377715273,-0.8925955781543393,-0.343532579963048,-1.2538656394011731,-0.7052883574093229,-0.016696256447017,-1.13750937694812,-0.3108322923433222,-1.2456488427952115,-1.1742132292474867
0.795512362888498,1.2855397957056203,0.6497863333938215,1.1067664760598106,1.3675874003422068,0.40742901018757594,0.02734842882152222,0.608547939263324,1.4186734676603536,0.3710761935276528,1.2796104623404976,0.635075173085885,1.6380843987100508,1.875809822796376,1.261422832385814,-0.08553952041448931,-0.4722990145735886,0.7509462967116827,1.1642203670379068,0.9514399572597687,0.32868696381771295,-0.0634447184222603,1.133032174757394,1.585556356225877,0.30888982888021405,1.0437335483851493,1.9193615123849532,0.5093686284920771,0.5053969778235057,0.8555033364466933,0.4185557485366344,1.2150492959186612,0.3277482361755199,0.49817540651486164,-0.2239342358330888
-0.1918419603859452,0.5735700954852632,0.8295464921219224,0.8241023393818501,-0.39340404089874453,0.06080964277594403,0.8367330250692696,0.29128993608859566,0.1530260898301043,0.10166881167360174,0.32731903475566454,0.15959382814448178,-0.31105257949148757,0.3772330469975644,-0.7045181203048063,0.5184653675364066,-0.6297387816747827,0.05347277356087729,-0.3410131289723075,-0.5343335651508603,0.34586799206219665,0.0025949024458035153,-0.433352548795892,0.4346995574446614,0.019073702720336705,-0.9052775306454127,-1.663194964563721,-0.5087402123098335,0.10183405497817344,-0.3108596707404769,0.14606696827918053,-0.9631992522151431,-0.7441230846397346,-0.751736560129221,-0.6026470994583264
0.9840135695844987,-0.24229057804101306,1.4581502230552474,0.7481238376818676,0.543379522383882,1.0270065374738337,0.42937182820631153,0.890411670097463,0.6994296537788249,1.1329098050260127,0.6651624430943117,0.25131531558431264,0.9411492900404314,0.61779153383945,-0.16480704764064558,0.836590031532318,0.4605933984063289,0.8932360001088263,0.2833690346665573,0.09774317342160599,1.2805455840158835,1.1011221190017808,0.6648469007955425,0.8751406735762439,1.0491250914110886,0.6260323747367723,0.013641347336569187,0.7539634888187045,1.0912506549767325,0.8722280079283921,0.5903834168502733,0.8280783252423544,0.4181294840221288,1.0357875317265846,1.1708782648614404
-0.215849431664006,0.9560240490804446,1.4815190895412396,0.5895841204270823,0.7817648504864172,-0.07129037579874142,-0.03785435569869419,0.07045054214498009,-0.06525094380212104,-0.5595097373985457,-0.02974092909496588,0.4348273874549294,-0.6726215097611614,0.026269233143036586,-0.028850291635696995,-0.29325472557025556,0.06650104490125683,-0.01914257186073212,-0.44484807698220474,0.23430064461742156,-0.052612255799079466,0.41787940570127896,-0.4370911784571279,-0.5987683932154668,-0.5750339202036381,0.08661954053836318,-0.6073693336332794,-0.6059923554775316,0.39057158911628964,-1.2884243060171636,-0.4625048289485444,-0.6947707019445282,-0.8108154813123554,-1.1819470713071976,-1.0552174136039802
0.5617661616604746,1.475791662294199,0.1150633195861128,0.9751771025885481,-0.15278365440423408,-0.5160736627263354,0.7077469341303152,0.06579829489053106,0.7715980923758756,0.8318489420920816,-0.08261422083391806,0.6881439806541159,-0.4613870616282907,-0.5091962769506696,0.4330616191885709,-0.9165005027478271,-0.18254111086839225,0.4043545244946166,0.39976360381602655,-0.5124785647556942,0.17169782302643988,-0.9303236998311988,-0.7375617331891833,-0.32268136466171105,-0.28192533719008717,-1.0264023486205172,0.3981175106654501,-1.5009018795611737,-0.5628130324553743,-0.518231255735485,-1.5143947250597782,-0.001978127292841303,-1.055749201947859,-0.6560381622660365,-0.5592385647769462
0.07287102092575137,0.26365059673262636,1.5803930681869731,0.7645630127661072,-0.5530089834185313,0.6420424771103472,0.7734802811314462,0.8959910089748298,-0.2173096507711717,0.7627504392894611,0.35580955560384286,0.876842709956914,1.0131463594158339,0.9530958608319637,1.4476782036405083,1.8330469524051791,0.16251352171682254,0.529367506811093,1.0824262347359028,0.6375368973424401,-0.6709095877290365,0.583274772311903,1.285210187772552,-0.04111359142125304,0.7541700147821533,-0.32255350829080576,1.0529093124873286,0.7250109703543411,0.306097925096215,0.3666625512401606,-0.1888025372018619,1.0492488358994283,0.13007655320405703,0.7638493085791949,0.01633278767820523
-0.5880213711805689,0.2842984362693059,0.9009864861156296,0.26329590552964843,-0.7091479599909654,-0.3210873701511206,-0.3285717890081898,0.15395201896148836,-0.849702280990836,-1.1921182050379757,-0.16794633416476357,-0.5529245742219566,-1.3276487797890826,-0.43345744676470227,0.12415627454567535,-1.1462822689835248,-1.2450142535416586,-0.780271865015816,-0.44664634137091824,-0.8114931469399976,-0.18988123490881026,-0.6057061787116751,-0.20522117073800905,-1.0426059418568472,-1.2635132965998097,-0.7836174404820775,-1.2474560451217642,-0.32709935477997454,-1.4947687132350758,-0.6648068728363823,-0.5310790823048313,-0.8589783506932864,-0.43458274924810575,-0.22349515231286174,0.4659797573449936
0.18169807699315277,0.8655603609226499,0.9485927000148546,0.6429702086179189,0.38641947016832934,0.04690135904796222,1.5457359690661838,0.6119575681817195,0.3962019556615659,1.5922878446027848,0.6194119961084301,1.7560305219151793,-0.24857274779293587,0.315650470646523,-0.2767912155385509,0.32055855456028826,0.2910101824358316,0.09777399249817445,0.3255823761142532,0.0654010941645708,0.1858798226218951,-0.16616516757518163,0.9034966364435937,-0.40220001673401595,0.22822290610111115,-0.5045935973992695,-0.3561896752717714,-0.333385193289701,-0.06572371226249535,0.05729648007308025,-0.6143144214216184,-0.29815145545996463,-0.6172846795365902,-0.6695026919151196,0.38501814032597304
0.10400733195377243,0.8370620902085407,1.6479158376973762,1.4005580473566042,1.008199026571957,0.784876315614193,1.158252257834207,0.9710026357402229,1.4934420874660703,0.7105452881542672,1.2726864403178444,0.6034625115758258,1.7067265174566164,0.6721755885410041,-0.06377588060919548,0.7766144521217323,1.1116161845436938,1.534698299632113,0.21281962506234203,-0.17127618517759413,0.9388400249966504,0.9124331577471595,-0.03739926922856063,0.4914582907668971,0.50154106850651,1.0426872378150793,0.41104167360183896,0.3864733798228933,0.6474530232218734,-0.11341831183121032,1.5111224684621298,1.0124669027571618,0.178852941034017,-0.0451193741421998,-0.022791722457682795
1.0933707395133978,0.2945294869421179,0.6742155262146782,-0.04793241243353019,1.0661528933286184,1.0823780420116278,0.6976467893376199,0.8830846369505521,1.17999972169458,0.8607430974430784,1.1625620969134505,0.18233712310381667,0.9493254757665504,0.8498244874183839,1.346684046822312,0.7529483132104469,0.680634867457308,0.44179133618223365,1.456509685717958,-0.4771567027025285,0.9460686971984702,0.6693569058225418,0.5763305828501739,0.49159591018843357,0.6159902560723632,0.8704003601997283,0.22037492341327397,0.6717424436774234,0.7655202510356272,0.0987619021999932,0.8126673085833277,0.7248941727636615,0.1302694466215899,-0.08034048084996614,0.09123153588779764
0.4999302932104466,0.36009106713664607,1.0598386040986059,0.14322542996520396,-0.15466318793393374,0.580768204493685,-0.276013497337664,-0.22021196125021172,-0.25289883751296754,-1.402274393541623,0.3400230937576484,0.4866263597192529,0.43498368082236066,0.8794174723811856,0.6504397008881148,-0.3095801778988334,0.3728585082082102,-0.26929235410132624,-0.47161653660041114,-0.6739335383306801,-0.4667294385555806,-0.20437202819618075,0.38669211201127984,-0.07356359319156447,-0.8564550613454678,-1.0246031684467387,-0.24874878845868525,-0.11098328003483621,0.023823064344148714,-0.7505605684343115,-0.4061634635385106,-0.23612950029972052,-1.361040627501391,-0.5663799976211277,-0.27108407618043406
0.6874375673991541,0.35773350413448884,1.6678494808023052,1.2920492864805349,0.2945840759194933,0.15739449290735644,0.5641383870009858,0.14644093428662472,0.7717449186264873,-0.5372244908151731,-0.06376006260443057,0.35925888092800123,0.4785145062320925,-0.8037555639080194,-0.5801070565036935,-0.9807265550174438,-0.6183508994094327,-0.8590794207762554,0.010933895490695622,-0.1816423889357056,-0.409832025544843,-0.3558107523696937,0.1932429007736861,-0.9590206755455287,-1.4359016866109469,-0.14728295792167684,-0.7285026692539941,-1.0713880581005235,-0.3129093163547976,-1.6000081057786795,-1.0697091085134889,-1.8583709696596302,-0.5559634011208946,0.08157932910827492,-1.009847051744763
0.03646973813466975,1.2903337015854746,0.6765945222997551,1.5170095329424058,0.3702875750950281,0.3655764865332858,0.9364138183277619,0.10089126793887007,0.2595717232775675,-1.114247153026004,0.9254416729289745,0.21207293631131668,-0.07704766767662911,0.3903757928940185,-0.6938061387939448,-0.4182861235519074,0.09490611089301829,-0.1984591167538485,-0.035315887570403326,-0.17149277299389792,-0.017645861106206195,-1.0292593339961424,0.23519551740619182,-0.6798292594438311,-0.4419346625465393,-0.8029267859412732,-0.67672342740034,-0.4476234933878039,-0.22233061540471089,-0.1655694601406572,-0.4246592495236884,-0.9619403835320552,-0.5007877788843631,-0.5851210834037655,-0.6937251559893941
0.6993534976728899,-0.23982194672804158,-0.6505830680448721,0.9217895634516324,0.224199308523228,0.46022214430820185,-0.2197837705630549,0.8063174556754995,0.3110133229280219,0.0066434167674974814,0.1994856195128057,-0.8542144405797326,0.1632048808418177,0.6801168881124839,0.05456404551219737,-0.04952533976090982,-0.340277293598263,0.3209086100380524,0.3568730017995185,-0.5121166825318908,-0.1535940402178226,-0.2527509348910111,-0.2029912974514108,-0.8242487851905685,0.10058731876239524,-0.21992967426715493,0.06818186146349225,-1.119842396823195,-1.1182082596462632,0.41351249149187064,-0.0673502473017833,-1.071586654817068,-0.25143469708831234,-0.9381728679403194,-1.5726124765621061
2.122494031063688,0.28125138836974484,0.4010551172070828,0.5513469939443798,0.5350966557510877,0.8544788931735557,0.5449818748222662,0.1915303838738267,0.34491045556436484,0.6305282075174213,1.3442858183904982,0.4786703421246301,1.164962266625874,0.09245933418272789,-0.8537572644568575,0.6711743366125498,0.4243109156344563,0.27948908317967497,0.21147022726224673,0.34717738084067895,0.19680846926598372,0.23118010346306783,-0.01128698175259113,-0.408443185820589,-0.4607859859270321,1.8616717907598965,0.5862710959706973,1.3665000529128934,0.5013442500612673,0.5034990376342734,0.7140668104730512,0.865468126871447,-0.09358277737738019,0.32381250051619703,0.6496788553596448
1.0083424178740357,1.344472161263367,1.7338198807534886,1.2046299188567047,1.2063126798139323,1.7563187454724996,0.6874018454322066,1.380807167900112,1.0712704723580595,1.084880775235264,0.6648716308831272,0.06920913451761113,0.9323955117848962,0.9276405970839513,0.4579700387797818,0.6893944652962819,0.28836855257848737,0.28365218281102,0.47041365633087484,0.03671583065503903,0.39874435650919754,1.0364154306991935,1.396195652708266,1.6939760354379196,0.443851069892346,1.2311806368226819,0.7859814551679118,0.4855517899919888,0.7912413463736934,1.1267001709081796,0.31158096107358124,0.28477262867993813,0.32486193364300137,0.20031290028582766,1.0967292320115596
0.05031724215488975,0.10424926516087835,0.5184784479441322,0.4419528542965084,0.08496118273196612,1.0940685594542994,-0.10131884344546463,0.08966237103878504,-0.827401554886052,-0.05609663642556084,-0.6048885182083761,-0.44149666448643854,-1.0012894316509429,-0.5095488741576295,-0.14060620547421593,-0.2646877303257422,-0.3891476950178169,-0.38292407220076086,-0.5111268597961091,-0.31344642996067795,-0.3880306658833008,-0.23136789200804483,-0.5043580089121861,-0.6547159791622861,-0.08168973533556695,-0.2011021584613395,-0.5492336628949905,0.03538125096444544,-0.5485904763109468,-0.6967713252731771,-0.6752106371650003,-0.5814841798752175,-1.144111034088425,-1.642079719153707,-0.582522144522239
0.08410043651060356,-0.8859370216413225,0.10062131588367501,-1.3072445048199581,-0.8088965508454078,0.2808811742486206,-0.43369096394679924,-0.7991249567752581,-0.5544689796885534,-0.11148788822765399,-1.4574519410963092,-0.09718324657540989,-1.0182863887183027,-0.4320518131240282,-1.1020832356934829,0.04245916105986758,-0.8150949627776589,-1.4597121151508547,-0.5517578761631622,-0.12342149016099235,-0.16296228512158106,-0.6893096390080329,-0.30501034407416694,-0.8929776249285829,-0.3541336687884017,-0.4321941363211538,-2.0218657197921157,-1.0320643459381644,-0.3824944600765457,-0.3559458996318901,-0.40263910759511223,-0.2909728010642027,0.32242792188546926,-0.0485698333390116,-1.334949730714036
1.4060966659316319,-0.5552162136788288,0.8419482099948239,-0.4553694665383574,1.0016061920162496,0.11325836687463964,0.40613784095771654,-0.8178746145615551,0.500755296966763,0.30455332153222847,0.3652513947294878,0.49144417404488766,0.06589481690828619,-0.16865074605955505,-0.5085290187362106,-0.36415394975805215,0.4214856340065226,-0.639367009408868,-1.1801795396774621,-0.7899111284470719,-0.029896129392196047,-0.5202842749034203,-0.10163005552556337,-1.43811667259991,-1.9620718500059675,-0.37048461332494254,-0.030674373656360165,-1.4176680727173485,-0.32689336276308373,-0.021053216448490786,-0.6431066633929824,-0.21349740852007593,-0.5903071856194679,-0.8367329443394067,-0.3127499431092098
1.3886406374857534,0.11913626720443654,0.3190110636323455,-0.16855277468929963,0.367492975804406,0.17405820519100648,0.7932250345847639,0.8850794340068731,0.5299664409637309,0.619784387684587,-0.29582834700521354,-0.46083009680762616,0.19504907002122707,-0.05328658241474418,0.8965188452224042,-1.1034190859839699,0.12802872734750673,0.08105319511486062,-0.6396105516156756,-0.7799332475826096,-0.5025483883571644,-1.189613760725178,0.32478951838766934,0.9124783409560522,-0.6414430579893868,-0.8221864877779781,-1.1884499922549114,-1.1102388391772733,-0.8846371832678819,-0.011801032814028667,0.9555887502706069,-1.0254558102507376,-1.1365377013442886,-1.2892623616588499,-0.4978629990757337
0.9721104559189752,0.8501826407057217,0.5767272960249759,1.4770811835709514,1.1776502736278034,1.1534352120663418,0.9750505401494727,0.6916112737459079,0.42454508522694956,1.0373572576868315,0.9837169218224217,1.0499210067600904,-0.022238635317359257,0.9227378675375622,0.5913581518141418,0.29846328213865697,1.0935287534753706,0.8089928770315831,1.8879570561731573,0.9431760349818521,0.5418731210632944,0.6254053763907063,0.08218605922516375,1.2716812190017572,0.8014104009967598,0.7971920649884154,0.08578525944283799,0.9937294211401138,0.12244083015583046,0.2986825612707354,0.6234504485384643,0.25496006881807665,0.13358679381985444,0.48863227484927196,1.002291376483563
1.2475381316614311,1.1534275136874312,1.0419990713383174,0.5596968043684237,1.3559560503702246,-0.0749479663347935,1.0068258624704327,1.2069531770137008,0.7369834328441939,0.4162588675387333,0.7536060816602685,0.3875279230932853,1.0171086859396625,1.2259656250485522,0.9690364664691422,0.931329660435109,1.10947405976987,1.1583023351766013,0.32175850821601876,-0.06806168388155709,0.8294267636483514,1.1417409764930395,-0.12231253013065091,0.6906731679167498,1.2080855980077576,0.5728981767568555,1.3784616389075177,1.271148291833466,0.49878354099392264,0.3917674650663615,0.3860635000752063,0.6128602673120559,-0.056999782208654315,-0.16548560822006753,-0.6384594079650305
0.4216653580882353,1.4174993058909957,-0.6323820773311157,0.23470851397018713,0.1827825031691699,0.17622476465408993,0.8423996875980161,-0.26899608819722165,-0.8371528821801251,-0.1707393102540464,-0.2773274066900114,-1.0988206417779107,0.09938374691072907,-0.6563030246490371,-0.1446253528813212,-0.32401687392867795,-0.7187696614493104,0.22484139063548134,-0.3993616053615562,-0.2690088815665909,-0.03971434098632459,-0.22460733024329874,-0.3313768273882971,-0.8499821142286041,-1.02692352663145,-0.4236151423836026,-1.0139785723224612,-0.16494990692247918,-0.6546848430090596,-0.2918789907459075,-1.13380096057352,-1.234641893685265,0.15392555855556078,-0.7800001039036856,-0.26664958425684154
-0.2737183595926093,0.2565427010981974,1.0140573395914614,-0.4555214704336812,1.4275439232968334,0.3535272818167432,-0.1954683624889562,0.3511797128797336,0.6905415655066207,-0.31637799670436373,-0.2844246570868384,0.1412008879835913,0.20815078115933014,-0.1625154882403471,0.09809426964194087,0.28417776713191356,-0.0951078075114278,-0.5662097875458664,-0.2691001278592863,0.5819751250674359,-0.1663823609472248,0.25125969853608426,-0.6610462887382427,-0.30656564727777835,-0.07364337257850384,0.2463399411875129,0.08077354784588708,-1.1218041129765592,-0.01398878450459573,0.22681511916886865,-0.9283621338558552,-1.111276318057366,-0.6977283109761572,-0.6155169051611005,-0.8982922943677041
-0.16112556649427118,1.1342598453524706,-0.06710345082728064,0.07332616550645227,0.3444489299640197,-0.4839821586304979,-0.5604479879482287,-0.04063750029134863,0.548788806624737,0.19040397201809006,-0.973108218426217,0.7113776160006533,0.37534506634492243,0.03221020168507428,-0.02097856263077351,0.19411126918953722,0.9813977531656671,0.21978990169407012,-0.1105478735542596,-0.9096951716251067,-0.250657953206648,0.017797933975192137,-0.4614689455528206,-0.6992788868207922,-0.1939780016860429,-0.9965676824536278,-0.09903897331707284,-0.7799521801952131,-1.6511464941356806,-0.843561985992691,-0.6694772663663805,-0.38779589901837835,-0.46698540339463446,-1.3504910391158897,-0.6622106973569188
0.5329974800758696,0.6196091050985592,0.29976310681234114,0.772025332181141,2.361737106402836,1.7212244599338606,0.29057838372379324,0.8192778529578776,0.6251364155752442,0.8484180783979475,1.2302901462718543,0.701664212236811,0.4038628197671828,1.3313408236113824,0.12867544925698948,0.8324138145840075,-0.01373624342034474,0.20732110219520727,1.0832897546583746,0.3612392369072,-0.24779741988032,0.3182028993170328,0.25325120873534507,0.025074243392352757,0.918961115181498,-0.1422791159391389,0.3239257505993718,0.6709327491425946,0.418744863861173,0.37354201005101184,0.19937843055545285,-0.06396050876284998,0.21137153167160994,0.8424796287509088,0.2802653908291063
0.3415865342607281,0.47925486794077343,0.7225360386072213,0.3208158915050949,0.6830722969713751,0.21687489261158896,0.5198852054373534,-0.508727217502685,0.12297794071101179,0.6714635306861706,0.7621334170876608,0.10315567971530894,-0.07292718227485474,0.6207204402637316,-0.15353978330492796,0.42966673320005777,-0.23508333732190553,-0.20047291083316726,-0.8109908400726082,-0.9207859436795311,0.15614725966219706,0.49255138461955855,-0.35102062391318867,-0.5209818857647615,0.04051989496268049,-0.33385639860429184,-1.7321821098374515,-0.06533428918786205,-1.2583671040371527,-0.6220451700442435,-0.8616580998452239,-0.9843721162568462,-0.6620422270677545,-0.25845198795483054,-0.7075971571081139
1.407013429539113,1.453892154425983,1.4331487962159948,0.6256307777967761,0.3963313837959723,0.5995485292276077,1.1591143259470131,1.1083190377769525,-0.7436238885822838,0.6844374358104723,-0.6757375216530369,0.47474751133978854,0.1950848347251074,0.01575998975928622,0.832846227488134,0.057977147927165074,0.34971182026546527,-0.13939397330573083,0.3354990180454302,0.7499148620821365,-0.1978718528792759,0.5316992017533231,0.21032902117230515,0.17583455650593383,-0.053162892149300076,0.4784325903896261,0.3967417539780867,-0.03597028442097311,0.10150561808986591,0.34107364997708933,0.2098087325640441,-0.24471656262381478,0.46114194747261283,0.28022110241013504,0.8738578336458053
-0.3525428658490886,0.7490496579714594,0.93892167226551,0.8293735085037544,0.1635296751407135,-0.4293204089914728,0.9838263683167521,-0.06566670551636233,-0.011748728670840536,1.129676612736124,-0.5799673387784503,0.4260798423850779,-0.40025344532655366,-0.45116312272236875,-0.019249231074235013,0.19559055494453428,0.2933386768580769,0.3202643878055218,-0.6119254531012159,-0.8679081353320839,-0.5042394179013285,-0.1951188240771556,-0.5066959548354071,-2.2536555393465143,-1.3843908060473653,-0.6227754504933811,-0.10542039056407954,-1.0144938153786043,-0.22337939995046385,-1.3642368344756197,-0.5131306317911761,-0.5326168068514698,-0.451141528521828,-1.209406494249912,-1.497074242513398
0.7952678070529178,-0.36502251756072324,-0.022577950104836708,1.0226312652873115,0.3748306776896536,0.43663488582445525,0.5263669325180077,0.46976517878010193,0.12533213175205457,-0.35430863975460813,1.3986186690179696,-0.12968149410525298,0.1421636376443333,0.15677287171086196,-0.36955082455505694,-0.355441326722178,0.5623546829944293,-0.5899609522655904,-0.05241673067697866,0.15178228567933255,-0.4399887636959092,-0.4158001188219098,0.07457568983807777,-0.5065608683177009,-1.5094050286781688,0.24940277442626668,-1.0207585569752071,-0.4544320817091282,-1.2488041291000798,-0.8716246798823537,-0.8591578406317472,-0.5769572810435953,-1.1240771374283463,0.28615156075465953,-0.7109916408155408
0.8727627542452479,0.39362963391883526,0.8615109419693081,-0.7235350570225685,-0.062486546889505445,-0.008640071347596534,-0.050943686617556355,0.43454426844587357,0.429556200752445,0.05937647445517786,0.03194157226245097,1.236891693277602,0.13893710425957842,-1.1759003455242067,0.281980604005612,0.1371357655168605,0.39791078006767333,0.07872691663877565,-0.7110089621432261,0.14885761163616407,-0.28326449136430504,0.15422400413840148,0.37007263973867865,-0.49881926371965296,-0.032902410684061634,0.014287841567639736,-0.453645883125706,0.4168746537035084,-0.06714329324032187,-0.9088790089496256,-0.510875216530018,-0.23395837668715008,0.27453370751807193,-0.3948374618861859,-0.5785276535430159
1.0641490129304978,0.2883297089076595,-0.132114155378801,0.6786681318214024,0.10080207445234976,1.6101423584764234,0.3404840299305495,0.5301398435733479,-0.17818883378591033,0.7287024269097557,0.04311523311873325,-0.04563233167274518,-0.07362067342292139,-0.7089988610260514,-0.2283389056939941,0.13048605562607538,-0.9544547954731786,0.29036231453893246,-0.39280088055486456,-0.17378129800539943,-1.449924667507755,-0.2563646227726789,-0.925450324808666,-0.613615314869676,-1.2545336650628156,-0.9434796797592375,-0.6147999744110916,-0.6980466731127569,-0.14764979718916865,-1.5502205654002859,-0.6665995401879969,-0.7135841399050039,-0.9144145345542473,-1.1618687002181876,-0.17216917252375097
1.080446544317322,-0.8498053969788267,-0.5042594131835247,-0.5935784944292983,-0.28104182072029904,0.4392941069365688,0.027578113848831826,-0.3599107955517198,-0.32045140658750376,-0.5325338973120332,-0.046676435595768506,-0.027218081948490902,-0.20137816802436243,-1.63304375385608,-0.5639092686030429,-0.6972784161099794,-0.13958618362082248,-0.5444895550434175,-0.41194595726520133,-0.961603520455072,-0.26517279044616393,-0.13607904105722624,-1.5817248819284955,-1.4286367206611212,-0.40865165199379455,-0.8823986048573771,-0.28513312065989027,-0.6788180854534257,-0.45048324665054135,-1.1646852385982758,-0.6123022090532636,-0.5990327166919864,-1.100007346967212,-0.23704383591261569,-1.6650675529757246
