0.405637070509491,0.195538790434407,0.115118886936876,0.334107615218909,0.256666257880188,0.00331278702157974,0.0810238305383937,0.00789513574340937,0.0549875514898422,0.0755592987621467,0.0441339856409031,0.282341210595914,0.192679243007013,0.532317804648508,0.604720940316536,0.492142376539714,0.653225964843366,0.430395730253511,0.228648405761191,0.418608604014754,0.326110504575694,0.350256087698805,0.108111990388885,0.00407901640092155,0.438226225345482,0.0589359239014375,0.0549943709475856,0.42390910447443,0.430093868782652,0.144020881737085,0.287411216455086,0.285300162636499,0.0196377331420373,0.208517535761046,0.0138878286568011,0.0756200215217037,0.326637326245152,0.299107871454543,0.237978701548506,0.179168933123594,0.0330208292234339,0.123750048054539,0.128181888931404,0.153680374804789,0.457448090366773,0.173563433509652,0.00949712931180445,0.0926628469711298,0.61062640886766,0.25897106505933,0.469934997445699,0.679030243682259,0.000193895690422699,0.359447976128697,0.484294664755032,0.194384152809394,0.357912293756896,0.183983880315096,0.0287412948114601,0.0443072157174447,3.00617202253302e-05,0.141775824092655,0.462975170292243,0.163605432369309,0.01943746323726,0.285831597379464,0.163785365362024,0.137495305649677,0.0246506679535833,0.289282270004482,0.44347946506291,0.0110438404894469,0.0330196582447344,0.342962587814087,0.0702073933649289,0.34124845201928,0.348974307312305,0.103800755822665,0.0152894985085282,0.0610039428676501,0.0861265928328077,0.112349234850362,0.227673441313885,0.00644530674564868,0.242861954606695,0.331845273953443,0.379849738885996,0.252239430468471,0.00117688163145216,0.52876092008411,0.0998039198130523,0.00900248972734449,0.186985552992594,0.201255509934061,0.520317060607795,0.248230470034305,0.089525357997896,0.357816271938409,0.291719634143534,0.534055340916995,0.0410058388894085,0.211341751873639,0.12362166890485,0.583738275622115,0.281678803830997,0.000266049841469475,0.100618109985344,0.0758082497212932,0.144861908631427,0.155310708731655,0.511237485658152,0.0799343846100967,0.238421921877901,0.29782154913438,0.127042126350837,0.0318241308390982,0.484490742256833,0.282066391671577,0.00842602158463177,0.284160760270751,0.184174801082766,0.0105009064396626,0.00551111725377054,0.00412395588011047,0.226479703807944,0.052016380190042,0.202622326572366
0.539665532522121,0.177274914375392,0.0413175199056588,0.334709676317436,0.456801903177265,0.00505096830609113,0.131204364920164,0.0428541699316851,0.126330588471581,0.320362650662099,0.0982617506363259,0.24459006953035,0.308986935701334,0.579023686843051,0.627454548270202,0.447447077346017,0.41378768535795,0.393844363901757,0.246451956485962,0.552920979722265,0.182036179107906,0.361488004313056,0.0206325576536342,0.0394242569401674,0.477133187461168,0.0294148867750399,0.0703871580176444,0.350051160708576,0.490220009143933,0.122880991308837,0.511412502008677,0.337460011080728,0.0588235294117647,0.149374312511192,0.0463363831666649,0.120544395621048,0.591071506383721,0.1943657935788,0.0965158045166082,0.113204010526161,0.0601416132253277,0.293234134527079,0.173428754872141,0.276013980813564,0.539703610817817,0.122367676528885,0.0161312666430649,0.134864919990358,0.466035884834328,0.356786412085728,0.354529920552434,0.482839344901913,0.0274747883247807,0.163800596782564,0.41975075231208,0.219971334513677,0.376993148751636,0.176503573804975,0.060018492287694,0.0671028094524778,0.0024988316922367,0.316074050082752,0.347855616148299,0.38120296415905,0.0363215870809048,0.395498596141654,0.189903214732274,0.140879457522987,0.0994060806808959,0.421710517379552,0.273371350003957,0.0163413150408741,0.0677296413414859,0.474424225405788,0.164994123222749,0.57094206320216,0.420022834628042,0.092180398554947,0.00671544756902838,0.0791682064594031,0.118459945530158,0.133952981991461,0.199305479831235,0.265995851017922,0.21433568245414,0.439425576251955,0.534588350741601,0.3542927125741,0.0320792188448171,0.3557951899669,0.110019787087359,0.0536607088638342,0.177710331431346,0.271326051471593,0.184742173639329,0.367659009559494,0.113778333378071,0.289176260550306,0.360001508807665,0.368369301978539,0.0506794222572585,0.311338600765821,0.153168775487575,0.728625613784046,0.268736711501156,0.0545534100553647,0.106841691624716,0.0501672240802676,0.201002093877179,0.0488275119939022,0.604441272289822,0.469782348772295,0.246533173062828,0.352846480225464,0.122217206060777,0.029354168921778,0.510109180458859,0.398044479364456,0.0117650138856164,0.512481164642945,0.0908190468378312,0.0741566170095373,0.0532223047642083,0.00284898595415191,0.368772511768943,0.031474879732828,0.164306024851024
0.659117163117813,0.29469888764143,0.167875402470223,0.456840545612533,0.217578951031799,0.00438443616884665,0.2189200032095,0.0764926379721859,0.125021315942051,0.303836708117175,0.110053812658063,0.272523781086039,0.422499443978825,0.473225237063655,0.48405705082541,0.352419464078325,0.502622017087302,0.391530616974991,0.193350111225963,0.645437084629375,0.20606720059433,0.658774373259053,0.0919715845281935,0.0484413421839002,0.412447758083749,0.0925518669349149,0.105449108565606,0.423983713841103,0.369537313175871,0.0812322519576628,0.197769564518721,0.688577019998928,0.0397462338593974,0.240203066461709,0.0785177591903947,0.0779148181646111,0.46607695324415,0.173072178721757,0.209408434042303,0.147053851016598,0.0912503907565958,0.200671482087404,0.178381962864721,0.20447683498178,0.441209927927965,0.149964594079605,0.0165468622531439,0.111479483043148,0.375471542051133,0.544975718059177,0.463575668962601,0.464486194016291,0.0399436996519701,0.292715360664245,0.547231544064744,0.162803100264499,0.459228657206641,0.270181802571422,0.102927626168344,0.0294498282942537,0.00359979339399554,0.218601449347949,0.449771279039572,0.356751535422854,0.0675320392848867,0.436379554992,0.260774093169599,0.110775696557195,0.0725371268124685,0.361985710598878,0.232716922529081,0.0300499991309537,0.0498189846598248,0.710575799666043,0.248042464454976,0.521364361251927,0.451297320289239,0.101736394359632,0.0134716875302756,0.0697353912351304,0.181066091669258,0.209384305393625,0.126481517207828,0.0447485798892796,0.175756555083428,0.290068906124442,0.317604994883374,0.149602812229902,0.00980253082090121,0.41359341798909,0.0723347867739885,0.0206414590207072,0.236651693577759,0.313287839674401,0.184169862072912,0.467698711546454,0.0874252400180485,0.31843093293475,0.307957441826402,0.314906384566258,0.0796467271488316,0.358550327766037,0.218189042344795,0.448518587488116,0.316022781762171,0.0215918135804152,0.174281526795386,0.123745819397993,0.246801020975861,0.0610161012089476,0.324039431928504,0.307830227064533,0.215534511907903,0.440818235312336,0.090149826472165,0.274549551765875,0.255814334274281,0.444880944586307,0.00444863328882686,0.0814245509411699,0.290486834550078,0.154662252699614,0.189485686643747,0.00141051490147575,0.462342731735102,0.11992260492731,0.13099740930223
0.0202544302015736,0.262676197881667,0.166306865814424,0.497065485886791,0.0965662764413038,0.00841879009129656,0.654336837037631,0.00681350471575713,0.201870497599351,0.291946522474574,0.138706812014267,0.210072303032888,0.252184817669034,0.742098439143003,0.619153993867501,0.274471661703606,0.608484729451046,0.475269654519656,0.170454020129773,0.411299780735302,0.334228779185741,0.181343037709288,0.0641959831805479,0.0834658637286435,0.303456552863224,0.0580117914307943,0.029701575050677,0.938985525782865,0.402239307050584,0.268192639761352,0.295780170335851,0.481578288921059,0.108836979913917,0.228640463992447,0.0951700672853575,0.173738777438855,0.278443505163624,0.220961699769614,0.0447213298325067,0.291406330397965,0.0140429574280173,0.114743559623936,0.284477894586654,0.157429910017104,0.485085574905017,0.0683569573454425,0.0692197577231518,0.161224527637166,0.418840323271327,0.0583133990911823,0.322747370831645,0.359971158241418,0.00124461559483111,0.440201738453555,0.435569000015755,0.4762333315687,0.468286674706833,0.223078409066518,0.165814179656248,0.0466000224185544,0.00147751402847743,0.217563855563829,0.32196720001598,0.499625154983997,0.215090993351514,0.155870543127132,0.450431014119374,0.144121829467439,0.0515580099589795,0.548909278602573,0.212352615335918,0.00202128584091818,0.0359337189055518,0.367442723402548,0.262807962085308,0.0684652940495176,0.54835941406046,0.150981404098756,0.0932514086122938,0.0602396865830497,0.133485283916361,0.154759486677418,0.0676402251319001,0.00203347492557886,0.172297647424604,0.181813895841431,0.664299318410208,0.296099588610591,0.0102202187213496,0.585780839909522,0.246022437303584,0.0492176588466288,0.137865727813524,0.133266698785477,0.212352629771648,0.102251226729363,0.0840456222829803,0.244525406739147,0.566301564604156,0.407284045856071,0.551046858089601,0.162134662084346,0.294470043244176,0.371463574795895,0.245823861055629,0.0431528445345447,0.113192718621891,0.0791527313266444,0.222932169843448,0.196244545812813,0.501279734152977,0.0764369206052167,0.395457699336441,0.240659667378984,0.139316046386953,0.0725145393176607,0.450226940785811,0.341015735830114,0.0344230370330093,0.107303733586332,0.48567180707079,0.00211633956017971,0.00772247464713301,0.00251435929584385,0.320927778056994,0.306717733278556,0.207397155026582
0.57019521523669,0.177719532967758,0.0388495871301122,0.213507518291342,0.311731868110014,0.0022304366702745,0.236235256358822,0.00907439617498272,0.075920753959081,0.628169831484928,0.0395187556535888,0.139789062833255,0.291642216394646,0.50723611311198,0.617485365627033,0.519217146651211,0.491092998134145,0.876669572858,0.205352899733908,0.539136199071949,0.238195724464978,0.321113008057028,0.0539090861605161,0.00874153151303634,0.365216820835794,0.0432344136941446,0.0695346701623056,0.352811707275479,0.73491394564525,0.0563347962022775,0.359704322673951,0.271225850267189,0.0114777618364419,0.165801952061245,0.14574859049717,0.108502961416667,0.522223190552965,0.224026553206994,0.124706790715735,0.126821128769057,0.061039974020377,0.144083525195529,0.135666015967002,0.182086710790511,0.418556966316688,0.192641040879336,0.00354025890067265,0.0881978824794645,0.550960045481625,0.554806590831255,0.332020363943841,0.609085153953406,0.0160707380530105,0.279715879605605,0.474069522564111,0.33612145382249,0.404208257422186,0.211680868874627,0.0707880940328039,0.0287263204019035,0.000246740353018294,0.192310175152731,0.419847785701444,0.445993483463568,0.0117016915316472,0.399794704585937,0.263713240967916,0.114359015473423,0.048410182727532,0.468629874628163,0.365870064097491,0.00520037311054848,0.025034623027866,0.395277469951411,0.140827298578199,0.505708596527178,0.366279373465565,0.0818419431634675,0,0.0704906633157582,0.182884031178346,0.117164173041221,0.307476157323917,0.123304835799788,0.193517462949528,0.464001081209068,0.313158312846153,0.272103400147208,0.0018493854208534,0.347457121188335,0.0931425655167474,0.00130052830799749,0.217591356076241,0.263218448661437,0.306172380243805,0.509773512571262,0.0505370447773786,0.335083067907495,0.367307958911444,0.403237178068506,0.0718838101091619,0.348142523590108,0.153030172360688,0.332275484901648,0.205667153073158,0.0014599759895515,0.0640625331888953,0.109253065774805,0.221805994355635,0.0140198274010813,0.410466575339312,0.367434412019086,0.417172398291751,0.475978816315154,0.0945797240484185,0.0283799608348668,0.430489969413753,0.217769920775224,0.00324635439637343,0.330162880992434,0.13369288819621,0.0785942303144951,0.143369671003,0.00135460259907491,0.25570521519157,0.0603124958585685,0.11962287011458
0.827152973610511,0.309850433553883,0.443496424677801,0.407749081429831,0.314866127952378,0.00387995083561116,0.0172671106475167,0.0789590650186138,0.187504500032211,0.233330738253134,0.0697690211855083,0.295415475835004,0.292612897429486,0.390746068910362,0.424133552203673,0.297915736786824,0.349562997152116,0.113821301962857,0.122426223809198,0.246307344517533,0.231147219484837,0.249603138946296,0.103551281046776,0.00172905403864139,0.569630804496567,0.169588298984328,0.0747363172214935,0.27929483490013,0.110800361931398,0.0936809798353555,0.321381970110879,0.0911675870820153,0.0225295911047346,0.265077080140556,0.0169903706692548,0.0470737194322874,0.107107063488605,0.380229702699728,1,0.134120345187516,0.00352667312110571,0.148975477234963,0.188092196143794,0.13352866810441,0.307119998202794,0.818670247753886,0.216078932381055,0.448576885279338,0.18677829069082,0.263034894874483,0.569390667112935,0.318676568748769,0.021217339797329,0.257051115723923,0.516251516440579,0.281435470304164,0.295224654230069,0.334432484062762,0.0623356174555698,0.00907951453639448,0.000387679067321466,0.16591873100249,0.551387307484868,0.0791643839566333,0.0752143379141935,0.528723243667542,0.280644521223154,0.0335723056538966,0.123689319323491,0.171686746987952,0.091630727229564,0.00952173484817761,0.111913502874825,0.490796130915072,0.25985971563981,0.338045579679802,0.276701963330274,0.154827109727471,0.32251995002932,0.0912831060429553,0.274611381258137,0.210577630087626,0.0252141017790788,0.0127791189854347,0.0858897295056483,0.225406946349191,0.390814165829904,0.296597409498911,0.000503064358087252,0.48821813856097,0.273930288569152,0.00268708378033723,0.279033628748331,0.509905297446555,0.189621129743032,0.39302795888363,0.0891444479808574,0.232879292039597,0.139985999440565,0.40472946056517,0.0838466300566965,0.548220589745075,0.0770263777150813,0.0910370377630328,0.334924790977447,0.000598062453551216,0.38327067269908,0.530657748049052,0.143594118261913,0.0594161276391894,0.106104734824502,0.0828532785056088,0.129711610816305,0.478753135742823,0.292189836629892,0.0115428897570384,0.472023735451884,0.18110390885877,0.00235018336263511,0.111090736592016,0.315400705438438,0.0745980137148262,0.00580481315757649,0.00131563341861371,0.49131192307048,0.370820467286004,0.204928489643746
0.326268389401492,0.187304210477163,0.134274624944185,0.283579317279794,0.139271757936534,0.00570068426556108,0.0860948407285565,0.0391031454652426,0.0887974777082615,0.242397004805617,0.0932798013739749,0.178455189182272,0.284923470125014,0.411268921671718,0.633350884256822,0.371971922625115,0.49580673671806,0.330736372211282,0.162129177445631,0.393435656859246,0.460128628953672,0.536002036720879,0.0129475828566951,0.00323410661739547,0.493703956686001,0.0146325137277381,0.04271033840903,1,0.936531924376998,0.0621862719788888,0.202931062188655,0.408035315353958,0.0184047704447633,0.154634691993386,0.0412981602852812,0.0397594909779339,0.575428123229771,0.0953919027141507,0.0625994766821013,0.123039208479734,0.0268658437762717,0.153958198958605,0.112026810555602,0.160517587566,0.722283377140224,0.0200987425699554,0.00153924300029246,0.186790528638445,0.720436682228558,0.349949940230078,0.365363679602586,0.614765526830677,0.00212281345690929,0.230260768033212,0.347870155924228,0.222855529478198,0.576033460778528,0.216942303977334,0.0935409537101949,0.0433085710209613,3.76747532694073e-05,0.220045844449416,0.35526657477877,0.603125630748825,0.0173921180685525,0.284590767744468,0.107366451763268,0.248218678661699,0.0550924605698993,0.407719944037707,0.692030347392577,0.000260018655527424,0.0583257512613811,0.465448509981096,0.115480568720379,0.357875324073662,0.422067503936361,0.0985066675545641,0.000216709583662647,0.0669460953751115,0.121197106332375,0.0972879538188421,0.135414657059697,0.00360652953420137,0.476824023214841,0.277164592079305,0.246500103853298,0.146347124702605,0.00596584416300861,0.391455856437515,0.0621995003984278,0.00959455903487642,0.423127352191332,0.184853344071563,0.353663509414525,0.571109980707316,0.0703277487834526,0.26159866427042,0.702365153989008,0.598008498422354,0.0532492461998227,0.169056934419347,0.0692892431653258,1,0.294679540915065,0.000866311054041099,0.177361456275622,0.379041248606466,0.208217709278135,0.0230934238254471,0.354956427642258,0.288542030637211,0.335375805017249,0.308083867570999,0.144902796196496,0.0212849706261501,0.594702750142452,0.468932102402933,0.0133257611915651,0.660955600379497,0.482125133295054,0.0290257744147553,0.019573968177185,0.0121168736551397,0.210038364242516,0.0370807214705064,0.12257094844692
0.8146171170078,0.504120335311446,0.0237799316357179,0.195565243567874,0.45679403127548,0.0153913888939847,0.0100457353767151,0.00533107929306035,0.172026283977612,0.388065933910385,0.0727571041672892,0.225276201851299,0.326488723136638,0.436726252906495,0.687970390559668,0.470643554572566,0.598566237847393,0.281807948193869,0.250989753897532,0.439294273621947,0.177487672600396,0.334800970437595,0.0928889498289326,0.000296083396062866,0.386954860668928,0.10646630475641,0.201456585062183,0.533409008548102,0.20217847502922,0.0812609356624502,0.639961433392255,0.29698943756367,0.0512239956958393,0.238214726737007,0.00834251191397943,0.149042213940476,0.197372434528738,0.346287636969534,0.185077989718767,0.0967899619235236,0.00208808184795244,0.236773255193094,0.222557119973021,0.312936714508812,0.270610171776109,0.0670085773167894,0.0963873966783136,0.197567261871651,0.233803191461516,0.00141584513094927,0.45845649761305,0.29440205946987,0.00279953769878653,0.198767514270887,0.589072174693955,0.307291268398752,0.30483693002489,0.155672476335616,0.102874927939164,0.00195652838494696,0,0.162041875493198,0.464173708076147,0.395908422479167,0.0163627613496604,0.6088729885578,0.374202773482159,0.0751813390607924,0.0339762432272358,0.26769875443148,0.206976537152805,0.0437074674252475,0.0885331500910909,0.517191754376288,0.199510142180095,0.576013648958064,0.503496086025357,0.0567199960044617,0.000326339137750809,0.0468100984848439,0.322810698505667,0.217266341946937,0.473213162331508,0.247817625028379,0.0501347289874598,0.538980625194476,0.60285098312454,0.190463828578584,0.00525262237073348,0.352471902410765,0.094942205588733,0.00660384996862539,0.300813402937963,0.246654490281663,0.0734096892348194,0.834895565163988,0.0727832123496652,0.222440197631037,0.309285976367565,0.718301643407716,0.203532728511684,0.366967851584855,0.318146537385883,0.182381825131578,0.273060324753951,0.000180298239673528,0.0822872193547017,0.128205128205128,0.200347967995037,0.313557062184223,0.366587234891654,0.280028856184205,0.121248546326971,0.189701756015981,0.205665754352304,0.00120053925861781,0.804804726131921,0.20378009122853,0.012610838232066,0.0668984046751549,0.756139775244032,0.0468806652478915,0.00828683148189739,0.00415106487521391,0.513186242482116,0.188889036139788,0.327031854811345
0.322187653194453,0.307801939673987,0.389672591825545,0.119079999402209,0.214042395577151,0.0105544446686601,0.0277782235416834,0.006890580560958,0.0621819187758397,0.120005945092821,0.0718009176131193,0.296006270528516,0.25621769893935,0.51579235068322,0.628782482113544,0.271117432443535,0.524128449376412,0.18266693581148,0.209430260488803,0.403192086074142,0.241931059426283,0.38392188576392,0.101249706181932,0.00407308560870458,0.4874870239377,0.0998862317998979,0.0905216668189427,0.436904457376735,0.375565039569508,0.0645957031810229,0.414115378434838,0.22985183993709,0.0313396700143472,0.185269077015025,0.0111669701959672,0.0576256965915197,0.241339491916859,0.329615972915425,0.355332401685996,0.320886196909778,0.023069055416114,0.335525332217044,0.220997386392378,0.117730348776679,0.407254312102479,0.477047441744401,0.229624270783629,0.116990228254622,0.528804505444917,0.127848584614133,0.795708774464037,0.419641849621213,0.000142253502304328,0.230491048261546,0.278347591813584,0.139378574607712,0.689168869159118,0.27482882225418,0.133874262025177,0.0343105785006063,6.09042643526169e-05,0.134255564719251,0.45784143345119,0.25495227934604,0.09892964725594,0.415611508619388,0.23514946127172,0.0327874524762962,0.0422461447342444,0.417153393732766,0.110859974677534,0.000423862852905222,0.097604065263082,0.447040771811239,0.284385971563981,0.345455841344226,0.39203175953495,0.440141841610202,0.0450628457792622,0.0715040815238647,0.113108642388745,0.127518169003213,0.339341883424622,0.000240897455672269,0.131140532697689,0.059998721826489,0.701479599330377,0.252321891597211,0.00292250181917529,0.456486601822391,0.147740601133505,0.0235258992368884,0.116013111569746,0.12775496703028,0.354765209179878,0.438582887202933,0.0574125984070803,0.19920728126835,0.345577209558199,0.299480862741626,0.0511693367003817,0.0501879991583493,0.207519681644018,0.47006105987396,0.263143611803924,0.00090368995738805,0.296522865821279,0.0914158305462653,0.157613991550312,0.262379146539172,0.287324300367228,0.449833259095043,0.119606750906408,0.17287187587104,0.138046330521148,0.0386927898761083,0.745092773917201,0.484515157467426,0.014290403720016,0.132098637476182,0.513148019030432,0.00400212816268621,0.0100432481615212,0.000897985462801376,0.250235378867836,0.0866718793485031,0.252569684540053
0.409972625212955,0.164179983230367,0.484316541637461,0.225678973336379,0.0869824431731553,0.00827203072162805,0.0353365963251224,0.00468364219337302,0.0402880778515046,0.859441019724969,0.102819935403079,0.205588022010835,0.219986479575489,0.447292634095967,0.561112057484436,0.328160425646253,0.405224393597172,0.253446443267586,0.101523509082067,0.29726514031241,0.267300056634863,0.352352712133465,0.0364693515108778,0.0147649353315541,0.361759110256974,0.0351282733334083,0.0931890788640309,0.331675939545096,0.305826292058743,0.160772165332874,0.26891210027318,0.121364359373045,0.0360697632711621,0.17918312957696,0.0310908515905299,0.0558500962256492,0.383415399363807,0.267275146031252,0.161986982523711,0.337296570176857,0.0619292298073684,0.0764451601604381,0.217329904729787,0.243994943109987,0.421595877863531,0.0919492299896354,0.133098342235289,0.15120802506907,0.553058230928133,0.245607796464717,0.309958250391953,0.503034313659862,0.000790198882659082,0.0929683445770628,0.242168339346578,0.13576695861543,0.59410843960894,0.169313035265835,0.0907495444797008,0.0328329919598912,0.000538768492350073,0.199605608627082,0.373584227242764,0.122141806752977,0.00504874962123238,0.331857017782206,0.0717458197772018,0.0737863258322187,0.0198768289205256,0.235180858722375,0.340278052544116,0.00850413955724987,0.033004812229723,0.445767122806842,0.0899230331753555,0.247908555544666,0.498712753811368,0.0766643914295703,0.0251026183616756,0.115531472564936,0.152720587481505,0.13611213799099,0.0936344039121281,0.00285668565539417,0.108780702663488,0.272938238027338,0.630847751065847,0.207777611498135,0.00328239642522204,0.587817265617572,0.216189597901315,0.00589539096815983,0.270656792521549,0.0753485729899976,0.986879757339896,1,0.0760145563868256,0.738187808798496,0.144892563586691,0.33124719406628,0.0361111482258416,0.0742949904501103,0.15562359086821,0.254653977712656,0.384212832162163,0.00877084973241102,0.207820896790501,0.247491638795987,0.120770519827769,0.122572606470218,0.198211058284504,0.024025662354101,0.162029571862754,0.180834959274056,0.0983183318755114,0.01666978282048,0.524023630659602,0.515091992404898,0.00336718644586623,0.251313492095129,0.221327208596506,0.0180223851186254,0.00240715466256644,0.000892902526219481,0.186270962121593,0.106444730111189,0.190247246332958
0.755785593290265,0.345503160040361,0.0298721636264873,0.321156896695282,0.336250770617754,0.00381115738107905,0.0203482307630587,0.0823247102590519,0.111883116637045,0.405625190207583,0.239902316850887,0.19332210041377,0.331299405779856,0.839623390908981,0.78008950970979,0.974874924221732,0.451222625945203,0.507042762480245,0.248014482489538,0.329848894328013,0.122010555956405,0.437505615958307,0.00192940531223067,0.00135176441068455,0.422863339392045,0.0233393401943925,0.048244928045689,0.449217667498028,0.253648486564349,0.0409316467314918,0.408362526112807,0.776607152431505,0.0124417144906743,0.17472506261526,0.0314616298978179,0.124952651971868,0.559806527517539,0.168313590490035,0.24591651747516,0.109422090236839,0.00425810876842626,0.156232780456967,0.114387488407386,0.253311519297985,0.484479017963208,0.00763060516215036,0.0464543537488263,0.193421223415105,0.32921932634008,0.814679125403988,0.310004051649726,0.416597016752319,0.00730551291800622,0.46933380902958,0.595888936154569,0.23011993623792,0.255928767545098,0.180694477237116,0.0815481142816992,0.144925764014144,1.7373331818535e-05,0.54054991079309,0.447374203471764,0.301980911738416,0.00263800509776661,0.645110648190079,0.279847058490049,0.157579951642917,0.0321802268190493,0.388853044647587,0.301411529635198,0.000133485512998036,0.0536725859849377,0.869330632261429,0.0663673933649289,1,0.316975978866776,0.172557311002714,0.0255615327741376,0.0390519388810593,0.185867228906605,0.127351611343795,0.215921958748186,0.466638013156352,0.312610115037828,0.833137591187727,0.391039881667272,0.318474041542084,0.00190717871525507,0.297864295774804,0.105444582725246,0.00351193247373641,0.843001092630812,0.420121236526279,0.16461111429062,0.690628470046712,0.109561480538438,0.223728773347094,0.207841684926668,0.385952626353962,0.149762391495085,0.328135021920529,0.136379316717385,0.326969254442277,0.290405373239364,0.000554087273143038,0.0470273370292487,0.0981047937569677,0.08264914238702,0.0209554060463898,0.268038111902871,0.0990475097230746,0.296734977083272,0.642135711852334,0.0230806128495246,0,0.516193682335296,0.356249590781117,0.0135795084955,0.227865964011512,0.327112213928308,0.0586821155513518,0.0350246762146629,0.00146049711119771,0.52449280461041,0.0689929363743589,0.209453649795689
0.480675050599673,0.342774541829677,0.203944112771807,0.255175697227316,0.093104296898305,0.00697565628955624,0.00327369012276338,0.00255634886582894,0.0462015938640403,0.270813132993142,0.0243610256187369,0.634164782664335,0.560818664217241,0.293369218817529,0.865665747824202,0.392374874258039,0.415712461946381,0.0439580815345875,0.306787649942399,0.452994067955059,0.248248870815695,0.713825740557702,0.0172601791637285,0.000786058076142248,0.581416349259641,0.0245419612338917,0.0717568682956592,0.104098718850589,0.424731851302054,0.0501391159682185,0.71305158283786,0.365894590102407,0.0177546628407461,0.232268311911201,0.00462927621893369,0.0632319729008048,0.501198309294523,0.251177548952257,0.143790510291392,0.133528616162656,0.0244408766301758,0.302587683514944,0.217253701529901,0.24351751319997,0.249053233370571,0.117171159989887,0.00210876291040067,0.113919638056035,0.2494694333957,0.193052255051575,0.397206123275847,0.614650771823055,0.000125672732875018,0.451167618059159,0.241427843687143,0.272361334141143,0.346775807651844,0.184952456588465,0.0978669992510464,0.0048913209623674,0.000426134644492829,0.364854592180288,0.306326281936038,0.0362157953922897,0.0138628950323512,0.768463001539716,0.251897438481671,0.0144345470426648,0.0120456489788756,0.191209030032192,0.382045283690749,0.0232950759836156,0.0456387710044602,0.385624815095248,0.126119431279621,0.404742389280401,0.346481900199243,0.123528726255681,0.00046656298600311,0.152689541248577,0.179764146268953,0.139187361117318,0.181254665783139,0.000455221091294359,0.0609130479842471,0.292036455184827,0.535409972397835,0.189242182226878,0.00234850932704963,0.429232548318125,0.0625397308597982,0.00877983118434103,0.0909797256282627,0.110838660501773,0.470880072111257,0.757712421138827,0.0320424574064629,0.931898254417338,0.124149397432186,0.578384351268124,0.0354029991671454,0.14067155190027,0.121142212968325,0.107373249306583,0.298905412910815,0.00390499602024617,0.199621912105185,0.130434782608696,0.0630118787911484,0.156655819254903,0.19562472899183,0.291597257808494,0.0249396542457025,0.695151289912974,0.0467255438616292,0.00304071008945001,0.342601992363262,0.211287893668565,0.00761644685302997,0.739047588675665,0.434375769009925,0.0379266177977457,0.0158077501166146,0.000466783009437319,0.380908344641571,0.0525464834276475,0.040689707128497
0.583226147775313,0.196482843609978,0.0251576487470153,0.569701381965068,0.645787621061563,0.00482777176472027,0.00954826285805986,0.157905284063027,0.0784862460068135,0.374243593100861,0.0379785346984345,0.308848056989293,0.266069011966078,0.704557357758441,0.57312540651036,0.506024511077506,0.473514681331631,0.311128688788376,0.267352822069894,0.460710825557085,0.244190955406308,0.283673286009525,0.0413467314372274,0.00295034102055248,0.340476438558104,0.00967716556082977,0.0383642763454364,0.324140393511117,0.558317439851861,0.132633450936523,0.137258556966094,0.470099905277644,0.0192790530846485,0.126346780401249,0.00683758819616354,0.0700574951339983,0.360364286025535,0.122905367194112,0.153179980268342,0.149152467620294,0.0243558965549685,0.0897947110106831,0.0888269895520549,0.173012567859002,0.708935039861888,0.0374317738311395,0,0.0696185867126514,0.468426182925335,0.556075471500048,0.284295453344373,0.360338374265807,0.00138881215605293,0.691842890503373,0.579009836513263,0.301993447328639,0.448856842267327,0.190074373779218,0.0565212461693977,0.0159681248917286,0.000125322236264039,0.260484177042604,0.35029264297557,0.221115308093769,0.0069826925476356,0.281155088609124,0.179218725886358,0.162187799330765,0.0237293526663303,0.602331535838959,0.444960730394872,4.88983389628222e-05,0.0258214618234724,0.466421297015951,0.101332322274882,0.615889186853523,0.496511376271389,0.124510962758253,0.000160620044361727,0.0481888743211685,0.119546608620177,0.0732152940555165,0.120006039305815,0.132104814078579,0.404873562027153,0.76263689290687,0.404554417326972,0.261166611183562,0.00241155655730599,0.410696873279486,0.080151133952314,0.0102979576139101,0.377066893286391,0.272897236583805,0.264608252732788,0.450214328695231,0.122771900089092,0.345243391044918,0.29922595227563,0.412554458826282,0.102677159743285,0.216497370857945,0.154502445575172,0.846440787603768,0.144823795511491,0.000441950563102185,0.0462839057753988,0.10479375696767,0.147158092784722,0.0183760976219862,0.439123410884839,0.257069432375406,0.387620080721608,0.594102635572486,0.0470782427132417,0.075771740093091,0.379560920338217,0.161505052489142,0.00735665794662043,0.146744373310797,0.111783282749569,0.0426992196736817,0.0267436034759774,0.00340556750986937,0.413724011995108,0.0333699988072677,0.126451080266803
0.225519223022002,0.108009834394801,0.0816873027402959,0.150312452630388,0.0914495402809358,0.0163483822836981,0.0348712188076707,0.017932979983403,0.050883522113632,0.0417925870354512,0.0489420828024959,0.129813803694066,0.300801173110439,0.237793392780447,0.423165670393657,0.179459592695974,0.413669841893352,0.164761647634248,0.170420735552182,0.267213978549454,0.194198317327519,0.207850360918921,0.0285852333568388,0.0149542644677114,0.479510363484107,0.190953242643468,0.0450300964604333,0.135226812474686,0.675790194566821,0.0120758397154576,0.232518078097381,0.203563705252623,0.0715342539454806,0.109849374545066,0.0369578730411455,0.0527118601405357,0.452982700771275,0.156321758371889,0.0346884362096252,0.222754737507534,0.0192085319995508,0.148646570614543,0.163045663551523,0.117370417193426,0.28023951851224,0.0674616855407037,0.104160573829791,0.0953588845005655,0.337642431089161,0.26858411550357,0.204601264819349,0.115089709727208,0.000469853235794366,0.123683186299948,0.147090797372028,0.0893727905321546,0.504113315029124,0.20425958917341,0.0475865009493666,0.0835804469444529,1.46404481616868e-05,0.147351951588974,0.234713649347796,0.268821544938151,0.12720353635278,0.255840352625064,0.0935557326295168,0.0732723735901125,0.0381770022155439,0.450639083957023,0.206971591358709,0.036747217603402,0.0887091814119409,0.49049025457937,0.131401706161137,0.576343290895646,0.304334848179573,0.219488238134084,0.000591489687173342,0.0463644819678042,0.0856379361602521,0.0628816100032093,0.236271064176012,0.000941059844820445,0.257759871489273,0.205469534943902,0.411031341284347,0.245398210898918,0.00634806799643783,0.28523005419413,0.166918855034963,0.00361314090237435,0.152264173849703,0.119208726728843,0.197586991358095,0.26053188255656,0.0346922106457959,0.274138922993885,0.167923924741849,0.203459439635276,0.0630519888299507,0.0989346206117012,0.115576527406458,0.472405445403848,0.210293189274219,0.000466136912326683,0.110834979502538,0.166109253065775,0.125642746114863,0.0636213679066068,0.504207581705366,0.399031918335752,0.316407204354667,0.244351327077333,0.181555260856071,0.0240107851723561,0.195283692356058,0.325389030751435,0.0332852019002854,0.420468950561672,0.120290583217127,0.09282533301805,0.00804496426699837,0.00315989224174446,0.315638873532023,0.0978968154048001,0.147404539231233
0.371135859514923,0.192668056691916,0.208723506296409,0.301152242464095,0.452835293298774,0.00360171953061462,0.141875952820348,0.00396683683300491,0.0753845395945992,0.302300892471672,0.0534242072751671,0.2251045088086,0.262271104616169,0.533075815939241,0.598379378697309,0.408982805827765,0.359265442404007,0.424041552957673,0.243023644994092,0.357826389951218,0.27353111343407,0.26305148710576,0.00441053566298415,0.00834553707885673,0.275339500098406,0.0367080403271429,0.0675199804260736,0.410564686320905,0.450248780011899,0.069414565585291,0.350628314317853,0.359628616874877,0.0967091104734576,0.205422237312416,0.0322740706005518,0.0717499477431492,0.325330079742037,0.227709121687017,0.249537750907002,0.182649475897149,0.017445195438998,0.0865109841996677,0.157972476052739,0.203370268461367,0.604735909464399,0.0506605639336798,0.0825649945356873,0.0897850957705216,0.453720038822713,0.200666851247033,0.303313544841193,0.523187205581684,0.000777461051977711,0.223342631032693,0.527716069806158,0.180843533893702,0.48491955556696,0.236598231342162,0.0555119952348026,0.0714336665545739,0.00144589066044819,0.304100679708795,0.335590579493018,0.338528300798708,0.0145580450243302,0.297433807324216,0.171882194723266,0.13989881301506,0.0486268015004278,0.334710884122737,0.320089321041386,0.000909601802981408,0.0332911282335151,0.272149708916044,0.130989194312796,0.293572873141309,0.503003574440141,0.105115953851532,0.0145526859240752,0.101956340362375,0.110921647490594,0.10702040534447,0.15672837383303,0.0684067897265612,0.140299512902891,0.303259237684746,0.305954615908885,0.342286983052711,0.00176926289906927,0.494090827682123,0.0630590299850478,0.00155860980102423,0.170717494233337,0.101620082406322,0.486307445773479,0.159239086606162,0.0589605246843752,0.24371726661803,0.243610224033445,0.226690990028265,0.11627896619145,0.176018849723668,0.140081560239999,0.360288539757525,0.1921731101153,0.000734385512816566,0.0165891374073366,0.173913043478261,0.151355962492287,0.063661485238002,0.408325370969413,0.336565503965148,0.259511174958711,0.523727585245749,0.072006997545216,0.0342350498420602,0.389352449192117,0.279971190990637,0.0055562604091776,0.289446619202896,0.0839861373144123,0.000715299125088674,0.00635189376270523,0.00125463817963098,0.213444237824798,0.0651231827398386,0.173604768228743
0.448455071858816,0.20728362402727,0.207999664157602,1,0.45779624866592,0.0417010633939327,0.141603145310118,0.00800047273185057,0.0952131025779974,0.352296292102227,0.0488904704600833,0.168585505268097,0.244462720193809,0.458502584374196,0.674272927184316,0.525507020454026,0.543454777570461,0.390978800995401,0.193568310123504,0.49421243179848,0.148745632486784,0.394210321382574,0.0950468803050485,0.00166655261297019,0.342915359412807,0.0123708868299883,0.0728052502721612,0.470814414529641,0.312311215090932,0.0589450133379227,0.26997268198618,0.4590861973442,0.00977403156384505,0.246016925305867,0.014912921624009,0.223987025794053,0.373371388731535,0.14911033851923,0.142453995209316,0.152508048984872,0.0188443316772335,0.1737342434507,0.140755416912571,0.255457722912174,0.978701750301406,0.144058864668394,0.000954330660181323,0.0365615323283455,0.37531030424736,0.401177552753025,0.211066288512692,0.566834272730576,0.0549326504474357,0.248177218474312,0.398454937425491,0.161638442338649,0.354088937928203,0.238065852454442,0.0264321542237631,0.00869228496020707,0.000271336305929928,0.192863614154237,0.260082699107089,0.0991176725007929,0.00528046628522539,0.304238746490354,0.157213541748686,0.0668981842885897,0.0676371553293702,0.385151655098409,0.509676446150194,0.00150727391760282,0.0298807864994581,0.377672030367001,0.143231090047393,0.468920110830965,0.3037677136269,0.0646111841776683,0.00138439181092726,0.068678249901024,0.082815345869826,0.114072700387145,0.319798018772176,0.0631682810262347,0.0624028396725049,0.428978079324286,0.388100773316866,0.240707088908367,0.00260726566789346,0.634296858243986,0.0927038472902434,0.00725664433334008,0.176302051717858,0.254758497702546,0.572036141475419,0.408716447168442,0.0462626719687296,0.29702189244174,0.207626140974562,0.366624090245152,0.00981165016545747,0.288175925332976,0.245817265637513,0.449234056316218,0.26809046930752,0.00182496998693937,0.0550139127848935,1,0.177278229409365,0.0427273177788213,0.198790488140874,0.267723316233073,0.116137480821289,0.500426770726873,0.0709771168985074,0.000551067200677025,0.454628216631845,0.30365132368668,0.00463995070052381,0.303008076282199,0.284673119514396,0.0934854575549775,0.00381804674947739,0.00283119567611528,0.451357826137944,0.0340326278542746,0.0397875391235211
0.531551383543093,0.359968490956377,0.225875639086458,0.341661133540141,0.298730800845857,0.00114808631896926,0.0115542004332825,0.00476585642825395,0.116898520957834,0.104994585719038,0.188349736097944,0.228884954997227,1,0.199342159295467,0.516186855390715,0.217541919538469,0.246155356967495,0.0197396394180252,0.353230730541004,0.386041847262591,0.118520822018071,0.472025039686105,0.131473791428348,0.000100367252902667,0.569677113120391,0.0500854822535345,0.0823668965260926,0.122290081217625,0.0815971657634323,0.018300203654304,0.16840752048851,0.524332922274051,0.0300394548063128,0.249628494419858,0.00424214004514771,0.306145408196312,0.43154385812018,0.109369721904878,0.156437735780902,0.104254568442099,0.0136393020707823,0.280820045363485,0.536441342992224,0.301802632557448,0.188853648225566,0.131808525658074,0.0553511782905167,0.143561217110753,0.0705321161624146,0.41029328595479,0.437807176704776,0.264915760261488,0.000356939923144248,0.147363129216399,0.155120711295972,0.253373880683344,0.35615714249057,0.239131018051471,0.132280539821497,0.00271060703331193,0.000604748112065408,0.335890449685188,0.307025428976648,0.319166114010553,0.115207742901449,0.795797482112128,0.274000258262023,0.0190727761438391,0.0219826924342466,0.0884530229146575,0.0519629856769803,0.00508426852372207,0.400799988123188,0.607114382706454,0.176480758293839,0.972673128836542,0.48919832546061,0.471556761616195,0.0258317823725875,0.138899387097605,0.147201842543202,0.119563009575034,0.179988089146864,0.0263826040841651,0.078479635195357,0.379170172040059,0.137618225673416,0.121514108488304,0.00167337856972104,0.366819748686052,0.268987993446087,0.00581442422524948,0.176289911375501,0.125374819331689,0.0386310307331311,0.533433415425463,0.033099546614822,0.240039858360469,0.214650914322749,0.118892549337009,0.0968560854054487,0.143847055391393,0.297932041346853,0.059707343846478,0.117282609070619,0.00155672138644949,0.368380806729115,0.130434782608696,0.304229227288513,0.206925195336006,0.143579648581548,0.361654942864086,0.0550880999149785,0.301455604075691,0.0825033153692052,0.000915165172552917,0.206588159782032,0.103166808529213,0.0154383081901977,0.0269475161246602,0.24291280452793,0.174513281311579,0.0015836543832674,0.000578607614239,0.561288971536748,0.270432166664458,0.161691045126456
0.483592115673036,0.196352909409469,0.197942202032101,0.158809626999665,0.287648820374802,0.00600184672206833,0.128219529808232,0.00586033343010634,0.097750173369662,0.112277324425131,0.0680277837388524,0.207361472507785,0.257866914289807,0.523645778496445,0.598793632111996,0.434178941080593,0.435686929195718,0.29582845779874,0.223169394461076,0.625771250828617,0.324718765445525,0.30053613681972,0.110952231711458,0.00172084217249481,0.406250120595375,0.0340367979559189,0.0532777809609497,0.509885741084181,0.366681268902403,0.309927430226888,0.335195243451711,0.353846978714278,0.0172390602582496,0.245540188880646,0.0248748623212903,0.0770769524471438,0.273824567519282,0.282272052711684,0.139322666799114,0.132694314990959,0.000934780827281032,0.0927527348371912,0.225981399933849,0.168845095560348,0.378445920785433,0.26962784930102,0.0571828774608647,0.0950214162541025,0.64553020538974,0.411218374756754,0.216541300403403,0.598263756734685,0.00848922441054555,0.220238713025428,0.496394678934737,0.280017881616639,0.427168920479331,0.261590718839211,0.055444924761301,0.0455300459580365,2.03014214508723e-05,0.1285414252849,0.305367451708915,0.484155589515873,0.0545781865497389,0.46114482383842,0.286849108838545,0.171700557414542,0.0300304911487924,0.430712704255579,0.303758308934082,0.00100137309316756,0.0407629155028451,0.402327668771029,0.153956398104265,0.611245244692319,0.428522390621385,0.147585196530541,0.00561405297911939,0.0757572036844819,0.0944576765229515,0.105727552293011,0.329041511839556,0.0232266741073363,0.161920924448129,0.439132224954347,0.312019328319293,0.28160780876348,0.00144614584400539,0.410997583264605,0.100672402832866,0.00158897232961561,0.322277528226296,0.199536913861664,0.326002976020145,0.271350674003263,0.0692220871568135,0.351767825050268,0.391669324225622,0.2447248446066,0.307385682918465,0.298547135998764,0.121040570675274,0.426878105673766,0.174113975504891,0.000375987792489919,0.148367637375475,0.0758082497212932,0.194626052417737,0.0758524342960706,0.822214803473509,0.434511845511317,0.198061117789049,0.352395552664994,0.0979656330238989,0,0.351997275400667,0.248106680634671,0.00736471341658662,0.400258313468177,0.209757197932901,0.00792346496413652,0.00556294594267747,0.00137069856491757,0.390799282973983,0.0722133135428125,0.124814850096287
0.190095811754656,0.188349774746882,0.100625506466874,0.231223486360754,0.256169499446481,0.00395027303357732,0.0372462488967343,0.390846472623944,0.0810308958000962,0.486881869590142,0.0318991440500477,0.143333830994327,0.216453074954168,0.412977476428272,0.594260073713879,0.427107413057623,0.521516252577826,0.732550374682458,0.208903254676945,0.48143048969116,0.284441419573913,0.409395872645041,0.0950860560474288,0.00275234380346267,0.398095943750458,0.0568378934275449,0.0644886544009589,0.515358871053697,0.717205705967086,0.189599288644121,0.446254218222722,0.450681822243669,0.0324381276901004,0.165394981942154,0.0539591489547323,0.0342442012711197,0.481698548956382,0.310242873029669,0.301388666261799,0.315579012363829,0.00579685513021679,0.151254330247876,0.0841948078058018,0.112535137948985,0.355519974512355,0.0971807693865199,0.0596456662613327,0.102634848232,0.513358133243152,0.101422537262708,0.54178307819684,0.60317144589397,0.000150997267433065,0.316534769071095,0.576058357360054,0.253003307706938,0.479489877088091,0.218546759964799,0.106876799524758,0.0582780512162066,0.000734560085765697,0.190788704835872,0.432811969397335,0.443383985467547,0.0706156533518707,0.271195241976874,0.306805834202081,0.139941853350606,0.0384923333406454,0.400877467027071,0.32631854870618,0.000597208623256838,0.0361839803014589,0.42418027649215,0.123518483412322,0.273809948059122,0.386181318886327,0.146336590806932,0.00171073094867807,0.0791268791211292,0.099566359917851,0.116051080390476,0.0869827795905015,0.0156895299726694,0.399160534770442,0.269998438952023,0.296489758544085,0.307201299831718,0.000725043147948207,0.423247092952552,0.0779127756538245,0.00664433334008056,0.194439723200194,0.183174297281167,0.467310278715733,0.243013380810293,0.0501484654311377,0.478988356850952,0.265906776260969,0.265970900491315,0.080550841984777,0.208917431826799,0.148573311813915,0.434812949005694,0.19677729827067,0.000941068860735001,0.0793347352322692,0.0891861761426979,0.195135191635281,0.176893833022227,0.702848415777376,0.207938328119342,0.286512846071907,0.571249032178141,0.123303518523744,0.0532370277796912,0.651811269100031,0.358257491433685,0.0069035377610224,0.157092857313699,0.258126896891149,0.00157641680460314,0.0119263571918065,0.000549804306941597,0.313080698932837,0.0702651841446122,0.228139547770387
0.334662838726587,0.196476752944329,0.34104922762609,0.209141507842807,0.296066783557503,0.00995823472938184,0.0195298082323678,0.0120366778255363,0.0557719781573173,0.0983063562950748,0.0636651825854524,0.224861365866143,0.249464397681423,0.394396101963963,0.550631833245579,0.399405321022279,0.651890405577924,0.341416958581664,0.17724777224473,0.416738905036289,0.442509504820684,0.354344505346392,0.0128594374363394,0.0151344693081503,0.576117870883839,0.0545025856976763,0.0454791817974873,0.314052141288823,0.655598937161287,0.178297908957921,0.390756869677005,0.188966632709596,0.0670283357245337,0.0965542421402442,0.0533648131386384,0.0972256110666585,0.691163013638939,0.236058237908536,0.0436196079405251,0.203212978344923,0.00825520730585847,0.120605145466428,0.109512104959369,0.182546292853425,0.390613139888641,0.0525102086158419,0.119568396262718,0.187509966438597,0.400808911215555,0.132984467693406,0.339313333450772,0.500526916743329,0.00270283813332575,0.201829268292683,0.393660096737093,0.157530768340911,0.584434579559159,0.241760394084441,0.058423173167978,0.0718514668867761,1.30788003577735e-05,0.286829431713585,0.467969077725175,0.182679276837461,0.0738151257508511,0.247450412100353,0.142174503239299,0.0547599657365172,0.0389776690723233,0.364518955189416,0.420973629025876,0.00238327259665243,0.109809610461775,0.656320357825169,0.0902779146919431,0.326198515720357,0.476840762049744,0.226913280170476,0.0164367845396834,0.0664280062793596,0.119946418624995,0.0841877876674209,0.292746961474262,0.00309816080280666,0.403293087366566,0.317320193989022,0.336391436084999,0.283702932256656,0.0328962058702225,0.515469980962405,0.112499888082085,0.0266583001032326,0.1691513900692,0.137440945731194,0.492753104790248,0.402792166301698,0.0566034841762565,0.368924120832518,0.238983377152439,0.357360556950179,0.0458248155026745,0.081903391100255,0.107879433760026,0.545757661887074,0.26188332453662,0.00131485789420451,0.244801291446292,0.147157190635451,0.165294912991142,0.168089258702511,0.421552488286691,0.354555072084488,0.453409168645617,0.350858186998668,0.183318755114133,0.0428159533954596,0.529295992350163,0.301599773019926,0.0122141063362313,0.332506836537005,0.507774177672053,0.0361373847245212,0.0227067244844485,0.00291591128581352,0.274811948199896,0.0373855308321296,0.129289578496399
0.176739682277738,0.222000702456772,0.0606996971057764,0.524222284373525,0.488633388132818,0.000590094965542123,0.771130546417396,0.00067312904808762,0.111345007522159,0.0557706326569611,0.0114660893328154,0.167293008573988,0.421071380553458,0.253217508849075,0.424063864713352,0.19435987626769,0.321967985858784,0.0328922902895642,0.288142739061856,0.513589312120749,0.0244702929678073,0.178003414502651,0.000884718848755517,0.000544264239604006,0.778451825524542,0.0334510977819572,0.0279354308199524,0.297217070623095,0.161428672541994,0.0676074921836904,0.540073919331512,1,0.0118812769010043,0.164313604197141,0.0122683998734992,0.16923704030737,0.64854677763737,0.080452877166747,0.0368602732179987,0.13590655826877,0.00139003123017764,0.00163919370891337,0.522100549311577,1,0.120858683124715,0.00739967319295734,0.220311850631859,0.201301663236358,0.128159973029313,0.0536708967062902,0.364201032289887,0.170852993097486,0.000224768737667378,0.327487675142709,0.0573490255392226,0.0431158716994006,0.329347463498499,0.324336216703514,0.0178295675391684,0.0117799313177015,2.49863648626121e-05,0.446123589690508,0.373444397834642,0.183025287621464,0.0352253890166301,0.371137880022945,0.0763271360946373,0.00856587070176845,0.0921699168622634,0.146704065416118,0.139951135554325,0.00041482477129598,0.963548791428335,0.461818108881947,0.0355093838862559,0.459928458790303,0.110083801592454,0.171874739873808,0,0.142504448678334,0.0913822149474267,0.096784218458651,0.672267004420436,0.00222238012463122,0.382099181262307,0.292152748020664,0.46692322499907,0.152162161336725,0.000127407944476406,0.330042475285398,0.230962762671346,0.00168005991538975,0.0567682408643924,0.124842701719315,0.0458958106793338,0.705560139205092,0.067587241815228,0.804035658997491,0.065412200865409,0.0997015435006671,0.00903669459178992,0.0649727937416966,0.311721512437321,0.20892669874842,0.115555463563784,0.00211740493665375,0.29881688226173,0.0936454849498328,0.213292242539087,0.261041115544994,0.29826439652956,0.196103145663373,0.0556060472797991,0.285933289974914,0.175615812194915,0.00263725017466862,0.19771683815487,0.238896527641371,0.0450280632434947,0.0454041728786804,0.113661717660569,0.00234097895483566,0.0297208737165201,0.000168584063299504,0.492868271598733,0.0779649336708324,0.12676051953421
0.329991166292124,0.216919057083749,0.189178496418317,0.141569756891144,0.32108410174143,0.00252854163991366,0.0065955227473321,0.0197802310733839,0.0650922553971965,0.160078701704968,0.0615409272293136,0.21132320948684,0.213050979288368,0.372405696259625,0.428322544677424,0.208022170556063,0.33098301090052,0.0749151653278292,0.159455316379156,0.281270715414818,0.22753346313938,0.59373408811813,0.0960883021233252,0.00162275599352175,0.5738719026284,0.102303962155527,0.0804048581742049,0.340914177911364,0.228519888053777,0.0235206379255945,0.273360115699823,0.50184619234,0.0151542324246772,0.308890320390133,0.0105072029138813,0.0172637343258398,0.398448734149636,0.160827946908768,0.0595065279279727,0.513422325458314,0.0181614560728886,0.112081338180079,0.195886000012971,0.142354428497063,0.437667254162335,0.074861358733661,0.0721443194237074,0.083039439283529,0.577303580421543,0.0386595266432136,0.576028326316346,0.375137945082079,8.03562810102758e-05,0.2037493513233,0.276540992474253,0.174671239027413,0.578845808421647,0.254609457168001,0.15261566862076,0.0155299440555165,0.000894238573715828,0.592943527518356,0.194822316773536,0.194631066001557,0.0442311462845124,0.341445521239018,0.149574655046975,0.0411735664825497,0.0237046745782789,0.15472147892585,0.316713816570388,0.00109175390925998,0.0812013395347259,0.253305720890351,0.100055355450237,0.268395356503301,0.390166185348526,0.215076497910666,0.000882135481732657,0.0833943760081026,0.0568037752999429,0.100305288002567,0.243828584369941,0.000174462905546823,0.221849414447093,0.229365093500488,0.261524614432127,0.332874197912817,0.641233676678041,0.459529079318892,0.0989264833600444,0.00870392486286258,0.177856015539638,0.1070814787117,0.696903794425685,0.396598035992332,0.0934316030048432,0.750690996874203,0.141674100483651,0.217448007233776,0.0446712896775027,0.108300526235006,0.147064077765594,0.401511305387578,0.339436987361481,0.0258640023570697,0.137768431784872,0.132664437012263,0.163602277976526,0.0214320943370847,0.208176484357313,0.119664609370351,0.0820897710281744,0.207203691659698,0.13545046697328,0.00186969228801134,0.260169763496919,0.284139767345424,0.00618861480152329,0.224756635227898,0.328851201706177,0.0067569165287302,0.0118399760436282,0.0017790278036631,0.234299978221172,0.0914295559060127,0.110026517139636
0.14557659358634,0.262087433535611,0.383338655078408,0.115706749275712,0.0911098055723121,0.00628772174423511,0.0564711546176683,0.00282354512919196,0.0319303338171263,0.0453171777795078,0.0612040887840947,0.258483342575609,0.213191084059093,0.491055332131466,0.784154613311859,0.367130995920742,0.794225670234705,0.288554291006066,0.194182225665738,0.48578178913195,0.432890131420985,0.424251954353491,0.0542747264227324,0.00611555920527384,0.403676132921187,0.0688104042330263,0.0666736868512459,0.623377246274861,0.40888683139774,0.0974098614577059,0.273777920617066,0.125327507014816,0.0175080703012912,0.147502249963373,0.044738764872027,0.0842203805968309,0.589764259880605,0.263766220950313,0.107614298002226,0.213125358345217,0.0121035907116778,0.208462724628271,0.164345981983618,0.137068491113259,0.70330787972609,0.0825083808604459,0.0702972278233565,0.180604846934045,0.600583597089762,0.146703337799128,0.401751017316399,0.544196934893746,0.00047978442581713,0.0805007784120394,0.475828856223052,0.163281511937744,0.460383361987119,0.278987529245101,0.0772827515502062,0.027911100241509,2.40103349851663e-05,0.17004044640184,0.588022612412856,0.396845535019175,0.144863019802863,0.356211695800501,0.169053910622443,0.10669952360256,0.0565649198236339,0.329046739381427,0.425991137136979,0.000661633922932973,0.0704570663850166,0.305480200775221,0.101907109004739,0.161860873283857,0.40879954032252,0.162152263305975,0.0370573388063126,0.0688800950169412,0.124101708931482,0.123206966172546,0.20777728382221,0.000770640781455171,0.549862680070474,0.0962558945276363,0.346079207849468,0.288180266135658,0.0129693406573199,0.521667702199826,0.0794438127299913,0.00861283727708844,0.220711424062159,0.104313028971647,0.64650103016082,0.29800683618588,0.0806723956555807,0.405235561724111,0.439246242799485,0.338098414766009,0.0221307715261726,0.049751926495836,0.147861815762564,0.724085817055601,0.251448007975687,0.000954261414857454,0.0830518915015187,0.0457079152731327,0.16416873750333,0.130702265685287,0.320002609352996,0.255322450701422,0.289464168792205,0.158863390008981,0.0951863660731921,0.00824632703870263,0.450636285637563,0.42801021410332,0.0106614145002487,0.391536247598243,0.171596874743663,0.00541499172381178,0.0384280934528848,0.00507615933311872,0.145427283845136,0.0723988496759744,0.152964484217041
0.528819971945697,0.279726001254677,0.145311627398125,0.24514348055364,0.192238884874679,0.00214941326827001,0.232672711225227,0.0924755990720068,0.0933808789368177,0.46994543254089,0.16470313395576,0.163775967239688,0.178423739653922,0.422267490471004,1,0.495685357529084,0.589295885299028,0.320376271557441,0.177342078547905,0.370098414155321,0.0782630264766456,0.336747835984066,0.00517772728459871,0.00114874883094961,0.425896554252482,0.0145401004806738,0.107106852887386,0.1498289313807,0.138446411388979,0.130769010125348,0.177239273662221,0.105128411345236,0.228725789096126,0.235738022869395,0.00231191179838384,0.0612191965493605,0.142424506514445,0.301650845823639,0.618111133938227,0.433549933108893,0.00123524609319279,0.0667840621249076,0.13195800068745,0.135659998512679,0.621655512418079,0.112024988809102,0.111194914341127,0.0901262724592535,0.716337682217041,0.12585669127884,0.467246815931791,0.486960962258991,0.00179175939645481,0.184992864556305,0.594817580732408,0.279113997266779,0.576731415668061,0.194890424778381,0.121966059146576,0.00532950179857948,0.000282658252508299,0.244393821517174,0.463294780367951,0.247066116893977,0.00379658841773167,0.273818796606588,0.246523068782735,0.042636937891108,0.0192543926996732,0.265026283261569,0.262940670254016,0.000441707270441418,0.0308478983344892,0.353161808581586,0.10935355450237,0.15524576142833,0.322654786690247,0.112257978590574,0.0203859980113709,0.0641747679230377,0.126596249987186,0.164578263819208,0.0719851701490534,0.0474198264960627,0.0330345113483263,0.455811341589775,0.452772362776577,0.322896401335259,0.00206479679089598,0.700924019873392,0.143792137094969,0.00169018075825355,0.452239893164987,0.344348407602091,0.398504120643278,0.919578662663383,0.0452196431972411,0.320581030504695,0.142577915464642,0.544044464959816,0.0217967389513159,0.19705300264998,0.272348984193083,0.17752839823191,0.41810605041379,0.0116248389409018,0.0679071348159477,0,0.136897757427195,0.0696554865170369,0.187025375957882,0.0867011928892349,0.126340066649076,0.187761157050389,0.113569030219238,0,0.592616728777926,0.268076562124883,0.00448689677116625,0.14296534294302,0.599418628496432,0.00950579333175692,0.00430753992248732,6.60781755646295e-05,0.291397363086562,0.137164212730429,0.346413212869934
0.431510855267948,0.132748088038542,0.0893836910351706,0.322946000243386,0.588886200473309,0.00714076058043331,0.0175078231565434,0.0154228766246946,0.132812529605475,0.221383932678901,0.0396382789728601,0.176197585633238,0.181044892584248,0.495040613517913,0.654741072258185,0.440433285146127,0.58383580477266,0.335594900130342,0.273956112435303,0.538541294851529,0.206362899338405,0.668763291101327,0.0673757476037504,0.00463149250667214,0.595714136865138,0.0742153303586258,0.083399018516253,1,0.624823290629764,0.147721079654648,0.331576410091596,0.258490161385449,0.0198619081779053,0.227335834067817,0.0303165792429579,0.0642485032194878,0.358621290688047,0.201245108569824,0.175936858692879,0.187640581585099,0.100916874311434,0.219321982495333,0.130753341591382,0.191186138172083,0.362385436642711,0.16471031171438,0.00195483861037142,0.144273238026367,0.522486915133424,0.383856741141783,0.490235524160163,0.817713582976477,0.00175872739485736,0.592232096523093,0.442370006249573,0.315271331964762,0.474573400733879,0.272309450728713,0.0823880921165046,0.031212741891107,3.84555771713639e-05,0.313735359882823,0.514032879886538,0.262117585998097,0.0281803112133041,0.345533315219032,0.215213522851465,0.144716798811749,0.085509575098164,0.433755314380408,0.351203311703727,0.000144145814383296,0.0349220690254864,0.472904872459597,0.0802866350710901,0.384538456741178,0.316543165655525,0.128922702981671,0.000221808632690003,0.0780266136079545,0.168248251258376,0.129880444099593,0.136043751415462,0.0883747047273093,0.749106124987045,0.362536105782478,0.249567678132418,0.305249719784868,0.0269080324798315,0.560067925078992,0.0661031972709936,0.00373459101673987,0.278232366152726,0.267392695607153,0.289589652606879,0.211617793934281,0.0537926750236791,0.203829249630776,0.33792246002272,0.365658216722416,0.0250212667405992,0.275398691375418,0.123421464388237,0.310930991561388,0.283238064355143,0.00108618695608199,0.526667941120245,0.0969899665551839,0.246922405160177,0.219675427190583,0.573148222762,0.18765394475371,0.15105495128363,0.324198333797888,0.14817584153946,0.103620314698734,0.429186615405775,0.64903206093542,0.00922149924379276,0.324869049422382,0.0952208596505619,0.00919642153385355,0.0339938611797361,0.0119381237186764,0.349045919820408,0.0825635792570603,0.146349830742324
0.785208635677502,0.34654872431008,0.0534396495026607,0.444318955744239,0.206716969500109,0.0053169696636153,0.125250742196903,0.00903071986270223,0.250986217585557,0.727835066139157,0.217214617701947,0.297026831036983,0.338554068504322,0.47629363445545,0.59906076749156,0.465479529319805,0.483393891780418,0.419396583450467,0.19465375718161,0.518450529464756,0.180964576634545,0.38302333243478,0.0506020005745776,0.00254476607586852,0.350606450019488,0.201949170216459,0.0724165591700903,0.607381530984204,0.457936952774839,0.0321831167713622,0.310384059135465,0.363824995978768,0.0531519010043042,0.106377338043334,0.0452349534891329,0.0901345861098351,0.295590221796157,0.126229262423568,0.276055835626706,0.124693109480896,0.00127166612542452,0.113819844602301,0.494652805250563,0.219482412434,0.470144259799707,0.118178067154141,0.199131866947835,0.162845116908643,0.354836244164291,0.610050794592233,0.174101150316205,0.295323924697764,0.0368836841105213,0.198621562013492,0.587638449055474,0.209732540424806,0.435990865002181,0.221809332675095,0.0424300590699242,0.0224695056708752,0.000348052254297167,0.222688661762791,0.660134635744392,0.674879617081399,0.00635438390103916,0.430543730942246,0.359173183583354,0.122767071611523,0.0295890275736504,0.382957987530732,0.19294037350637,0.0025990278268628,0.103841512427175,1,0.151147677725119,0.403829192020883,0.70873909571888,0.283699868480197,0.000716416388343574,0.0409913290452726,0.169724472814628,0.123732029037906,0.229267147015157,0.140240446856115,0.309488029847653,0.775293953715451,0.617611758354388,0.206534586335275,0.0123585706142114,0.392032954276605,0.205561872700087,0.0125447847296723,0.481546679616365,0.350255632177296,0.153479654323814,0.348009627731838,0.083246733824426,0.283615663386656,0.165695984073261,0.319252025014702,0.131279255686348,0.382777264452149,0.105868148385428,0.30592466995325,0.241161028146032,0.000987242800163588,0.0605790267422843,0.280936454849498,0.130171050546397,0.0375097048544331,0.505140041672902,0.088122921220486,0.351481036285633,0.411429279321131,0.0629637989898705,0.0814890623001151,0.379128652174767,0.109888910713896,0.0210388736841893,0.72028797168119,0.792166352227053,0.0482048553637582,0.0329860811176569,0.00663577370766338,0.536422576267779,0.0498297043349192,0.228630790390074
0.383419324464032,0.191571736875123,0.107282564309367,0.409380197313783,0.545718762636474,0.00183602086429039,0.166926101259729,0.00842695907529539,0.0491555097447013,0.0708739994196457,0.0405998984051786,0.226060017915796,0.352795749862094,0.540083717836692,0.495087031932357,0.283087622993958,0.306667976038496,0.22078755662371,0.178139059266889,0.554875665017932,0.226239475660144,0.342992781621589,0.00733565776071457,0.00121900590798148,0.28633779825648,0.0563208787750499,0.0486460077087821,0.400172667391443,0.324257629349346,0.0472420617847001,0.294205367186245,0.306692223830715,0.0737760043041607,0.111881899596983,0.0114068855712712,0.0901908578239787,0.430824872543466,0.0919579384448383,0.0792720508056341,0.212743123447171,0.00291663758122426,0.133969646617601,0.3012458412509,0.15435859299472,0.588565142241347,0.174037336555436,0.139193744516447,0.0963861230090301,0.49019328643477,0.311514796828192,0.238578751739567,0.263712745264922,0.000112481521779564,0.124656201349248,0.288914097251763,0.102060503391037,0.478299248158887,0.262993947069051,0.0144984006885902,0.00822353336798019,0.000170414816602034,0.286208377992438,0.252591837957692,0.30998241111848,0.0742206299128389,0.42001328382091,0.123308777444277,0.0769687788781663,0.0261642573540702,0.41704812485568,0.265440769169898,0.00428173322595783,0.0762618582544904,0.384190706373761,0.104605118483412,0.398000320732696,0.533890020670562,0.206519386684869,0.00779389643831426,0.0706182390121688,0.0891268764587085,0.0947530274901386,0.364547597278957,0.00330612982928631,0.273486889833143,0.421035592941549,0.710986078055258,0.281058067905212,0.00427933075365083,0.334734435494392,0.16453724180537,0.00218104163714754,0.207077819594513,0.0934118086965276,0.306490728552624,0.400838084130992,0.0766229898368606,0.324393375920093,0.174411307827626,0.248591500313,0.0404758405373025,0.183533733625675,0.183987950768169,0.455361605786477,0.211240704518981,0.000386981587591963,0.0487690902525542,0.0457079152731327,0.136442566736013,0.0849000724471808,0.504199907137732,0.491691267757515,0.107586463005854,0.357851900027873,0.131979910273412,0.0141506184745279,0.374344229547494,0.277701390252952,0.0137023544124844,0.479107702365482,0.153494381100812,0.0297686608339245,0.0200346676341355,0.00224157503261551,0.350223651806805,0.0687411373364963,0.0739354386410573
0.0934273815822044,0.174278306876159,0.550415159722319,0.496676921631714,0.341448711659695,0.00422544685170577,0.0485115943191848,0.00927479337250499,0.0595349524607124,0.221058368072021,0.0233097636969649,0.243872371283539,0.201752126388325,0.511228126392661,0.62320748288785,0.467152757884826,0.54001767651969,0.139076435399099,0.168928476990187,0.432325395611307,0.203177417413601,0.3041453260251,0.00188043563425527,0.000462145578138187,0.310954690870641,0.0560311507572267,0.0665738040780046,0.279449382873953,0.2711348232715,0.04575050913576,0.23517274626386,0.478370239307991,0.00513360832137733,0.162618282958184,0.00947120470234136,0.153405396928226,0.109765131378274,0.103322566810009,0.117918106844447,0.410972346775261,0.00892290789677349,0.0866135005488896,0.141296946035164,0.127741503681119,0.502551827942057,0.101401023761915,0.030199947665738,0.0525968366987447,0.419577410374292,0.113568100313743,0.5300931879437,0.339085746854278,0.00510091827021382,0.38908277114686,0.434366351036956,0.154493638497238,0.454666290318442,0.198356908283071,0.018436395632754,0.00944636360857204,3.53322815635374e-05,0.218790381013119,0.326102155370448,0.306825062714455,0.00367627399604299,0.147208888083809,0.0746345749857483,0.0407887352470811,0.0244943733959243,0.204031458415398,0.233676406583841,0.00164887052948095,0.026724947879883,0.465959975329318,0.04544,0.143412061331219,0.373950614520137,0.12174738209,0.0161231930245009,0.0569784205410048,0.0788274973602288,0.116689889950073,0.200429461746869,0.0129281634544117,0.0935070991812623,0.502571538428496,0.562560706154398,0.290739615242482,0.118237199442032,0.708083570842629,0.216682036726983,0.00396230998117523,0.38685200922666,0.131368333249441,0.28926415040348,0.16080855577819,0.0719728198973077,1,0.112566849242192,0.3116578246821,0.0409167635361134,0.151179988229088,0.484858378405017,0.313273416902706,0.247309528162706,0.0179792525098834,0.0665052358801164,0.26644370122631,0.0552163167317983,0.164625009144392,0.38402001527239,0.283474733585583,0.0808193340955955,0.563461860076187,0.0335628227194492,0.00560907686403401,0.301529967317907,0.2019686156398,0.00899997381972261,0.198781780927856,0.307024649331474,0.012804445495389,0,0.000317683536368411,0.4840780017088,0.0401553202486184,0.111456039389066
0.738015036718132,0.238315565508154,0.110256804942989,0.513312595673273,0.415429258947452,0.00722331272587184,0.481232448046217,0.0240373869233121,0.133602640524164,0.330172053817245,0.0648115198748265,0.167927526340486,0.221256846599726,0.468279987559459,0.54421284108155,0.497929282499162,0.582951978788176,0.333290039129173,0.253449114352865,0.608247072221372,0.174158617938283,0.442133165603379,0.09667593825903,0.00172129838728073,0.55352312150997,0.00753667494639407,0.0382566507215563,0.636090149431903,0.311787064969747,0.102372142385911,0.466713803631689,0.363702571801333,0.0136522596843615,0.265972414402556,0.0196130819311007,0.132531136060755,0.386378491437535,0.281805208163327,0.218003219375856,0.166172946590024,0.00342651803246846,0.142480639360298,0.105851108675491,0.167444039562728,0.227609301084382,0.115531652455048,0.00104668524019887,0.135057758988337,0.314406388367425,0.591193417041841,0.612355770077686,0.565638908067851,0.0176469474468843,0.335738842760768,0.50626795439387,0.362812511641677,0.325067357778861,0.175921354826247,0.175659167016657,0.0111277551893858,0,0.411531008722577,0.362537704001119,0.419869669271359,0.0176015542840846,0.339141985931226,0.222850519831059,0.0517454543920131,0.0349057845438393,0.344113771885739,0.213203291920551,0.00247458039547401,0.0735959381302929,0.532415370035151,0.201087393364929,0.568017604661315,0.266098039654645,0.166913613132003,0.0899574229406216,0.0543658140257799,0.232231520747406,0.140999183461231,0.093508585040975,0.329734313791755,0.136827650533734,0.595580662701535,0.29658860927428,0.32426464524917,0.00395752718255063,0.372646004647738,0.0764085988772395,0.00210513531566909,0.268083039941726,0.440330919628668,0.292322440336519,0.656897289719046,0.0545698337161607,0.301605307330498,0.209252518067727,0.393693841805409,0.086995443795679,0.319241782469879,0.102831199871869,0.25693955758544,0.300696952657585,0.000813540837551286,0.149344718451964,0.032329988851728,0.257671649037862,0.00921518700576038,0.358467542334834,0.275172406391184,0.0959570787768624,0.677944810926322,0.0560367935442002,0.0712451166589583,0.479761990529398,0.108295685196098,0.010029060107903,0.48999832574604,0.474229964728078,0.161606368723891,0.0546331968511192,0.00315396214906559,0.360923757350354,0.104788157493672,0.217623593592303
0.484799469977527,0.187241273598792,0.307192751910422,0.451007811849502,0.113669847467402,0.00490268019298857,0.0991414587178047,0.0459885876365206,0.0678377487333593,0.198106063286929,0.0464538246103947,0.22640980249968,0.232105856379416,0.388801897855622,0.953843652243937,0.66967115007539,0.85212609250712,0.421999419156664,0.162639540968692,0.432274403820985,0.327229150031067,0.452331745889118,0.0183211888531954,0.00907456830675882,0.401866237540086,0.0142378841862202,0.0593721786987985,0.443216942721323,0.446945103883111,0.17393798583025,0.404788687128395,0.638254427823352,0.0212069583931133,0.203110647035978,0.0266306066587422,0.0311068559639326,0.235108283585341,0.478038379935553,0.464883743506501,0.0944524485085488,0.0149170382015788,0.0990382684988616,0.163773647312135,0.142883914627798,0.38653538895549,0.0266961734244365,0.0026321055305001,0.0703157738591905,0.312328095896707,0.228731814788037,0.458844046717283,0.513530571690322,0.000210260564416732,0.635365853658537,0.474768004285422,0.30183659104233,0.420425444561341,0.203360771856018,0.0532779097007859,0.0205129772859283,9.50653100632194e-05,0.145945398470516,0.451149597491061,0.224777255557798,0.0173965741582447,0.425800803067355,0.266778370240656,0.0805748838543886,0.0241763002610393,0.288277122016816,0.405152033710532,0.00651274890934688,0.0287121930321289,0.525946837689982,0.251685308056872,0.435559455823526,0.332049818293074,0.0998718098123762,0.00304413226933177,0.0616370297742509,0.148220162042653,0.114654636599624,0.308700794336473,0.00333154826585605,0.16749144989118,0.386488239232174,0.51216804464051,0.29153673948697,0.0100914972929096,0.559928625600591,0.10411947461254,0.00310203833775277,0.370486827728542,0.184145052384822,0.793281062210267,0.529205774157729,0.0453615257874803,0.491452991452991,0.325184792198485,0.333842880358148,0.0841004948135876,0.231376698675823,0.150673919203617,0.286050318040595,0.288985250269363,0.00054968975510222,0.140699675014338,0.293199554069119,0.0912505605589067,0.10387557019707,0.558424564756083,0.222325258651422,0.142484388284617,0.550907120071851,0.13047035918851,0.0548410269530904,0.723276330698244,0.281280691416225,0.00488564253449252,0.307305328113913,0.152730497908293,0.00305233703791282,0.00395625658656255,0.00420358855322682,0.302013703908462,0.0953523198642936,0.109296190659417
0.300616660761349,0.167694297309753,0.182819117065246,0.247716117517203,0.201105132148515,0.00268753095705454,0.0169782556366846,0.00866332500057807,0.0385828024874283,0.056379296921999,0.0262869809224484,0.275010664164143,0.271472783862946,0.413862047330602,0.862715644067272,0.487143786626163,0.929058234312089,0.137274221589215,0.26445521467628,0.476280318868662,0.287164414000236,0.464207625722587,0.0298323278226122,0.00902620953945117,0.276119028599434,0.0913779689316654,0.0642509488863458,0.232866491867579,0.340043347597613,0.0200499096463299,0.241214848143982,0.537669115150215,0.0263181492109039,0.170211182608655,0.0306546418172499,0.0183657538746486,0.322170900692841,0.218483248630779,0.305888116529666,0.188732156245865,0.0160126741712166,0.107396554596363,0.158097319592978,0.201746114374954,0.389984798634668,0.112614905071638,0.0052026413409885,0.10411822513953,0.237463499006922,0.235441004921997,0.441520601758064,0.532520612868244,0.000187094984211459,0.28572262584328,0.205726499766297,0.0832436311445999,0.459279977419107,0.255041426087703,0.0157998872577279,0.0317833960033832,0.000585617926467471,0.223038143605874,0.238249335810311,0.173639745105389,0.00745503805500597,0.264314826555566,0.103845269553112,0.0185073442847076,0.0311218110426218,0.37515790331563,0.584884664081665,0.003945006749593,0.0339740449240414,0.35025347620934,0.112730995260664,0.334252470087221,0.409911422537629,0.0635457072935222,0.000430869642811616,0.101430464956513,0.140022348354115,0.12143272086155,0.191588589067179,0.000105139896720271,0.0667167582132863,0.255947959479804,0.249620505243291,0.12880122897623,0.00195315065398367,0.640399502059642,0.195274377960229,0.0116996943505455,0.171628019910161,0.0874182947787757,0.49863002918789,0.418061922692787,0.0730772033024132,0.43852648623641,0.105580285958242,0.465032533023073,0.0438874265685056,0.113252847940751,0.168981852230586,0.196009056071194,0.234349037478598,0.00253736790955185,0.094288323881136,0.040133779264214,0.178370687068201,0.0291629400812258,0.329826055924574,0.19676450053839,0.108866672530222,0.349242776177646,0.0567562992014898,0.00281437891774338,0.285182371318352,0.397280604116196,0.00558042681907616,0.13679452120323,0.255012919366746,0.0239418302199101,0.03798467022557,0.00171040815980753,0.27741368045434,0.0657858117868455,0.026678396718574
0.384306335515874,0.190842887219144,0.0429458466854009,0.396762533865937,0.255458128111473,0.00405269884365847,0.119987161999519,0.0469828660396118,0.0878368392531652,0.425194454077697,0.0222422031407469,0.181992492428444,0.242722405328756,0.68262215358682,0.709236689689349,0.656971489606441,0.659078856918393,0.755272871224722,0.107862371969948,0.586048646167967,0.162778492926141,0.411657231856711,0.0017400558907258,0.00632039964415247,0.384936576480622,0.00286481065899387,0.0405857001937261,0.524013557587773,0.567671797854045,0.0380345925479735,0.164608709625582,0.444595464050185,0.0177994978479197,0.14643017439251,0.044596996695711,0.0881814918794521,0.462133426293085,0.0964726668210163,0.162842623091459,0.0548507078696285,0.165583676541554,0.120093631598956,0.079901487097339,0.15171711162341,0.60506335490661,0.025519624292292,0.000354025890067265,0.0838627134672081,0.628477737142594,0.385739723313156,0.189247273944369,0.455055244973253,0.0023584201454276,0.295186818889465,0.573290689186138,0.124428209818811,0.349926868697236,0.264005451930713,0.0148050085674545,0.0076223084996892,0,0.236329861887892,0.299674397235373,0.304460655690436,0.00387234194249862,0.24700963077016,0.212368231251594,0.145167456442758,0.0532388619562595,0.303310196818842,0.592973510326818,0.0403807581559996,0.0211598131098796,0.356892497003916,0.152303317535545,0.406072093582673,0.312849328766408,0.0599497228095294,0.00586645590597354,0.0468873626390081,0.095182118582964,0.104702816449397,0.284828760516361,0.0728607930436671,0.0869649704632604,0.430142055365867,0.372737688981986,0.291637525310985,0.00270709044913271,0.907100514523629,0.112025356122805,0.00310709875918467,0.312820201529683,0.467968676968655,0.278865964631145,0.429932196450394,0.0388898901624236,0.422331061644039,0.187366479094441,0.809825668523589,0.0254710972747396,0.273869895840639,0.180744637599024,0.622569611196597,0.348316493089693,0.000123130505142897,0.0938635060217932,0.0434782608695652,0.135248955590247,0.0245777650870664,0.332047843254631,0.200734668632625,0.272283952427023,0.580483756077921,0.0546542140458791,0.0054909910353175,0.351895757877432,0.629607804622536,0.00254150077433205,0.213682641175486,0.130970593060454,0.0368014503034602,0.0221884375953792,0.00418918689957812,0.283752994588799,0.0426203003034841,0.0882325289780223
0.289369457697703,0.220579547138707,0.246115232106533,0.0723071109393648,0.252584469649261,0.00861141176398647,0.00953221535745808,0.00344272108563897,0.106422445971192,0.285605090131854,0.0569338465592224,0.159841957087404,0.234156537866613,0.314269057655981,0.711517019233747,0.482071916629471,0.484356280074634,0.150238194640572,0.2341459084933,0.52205394931416,0.153022878162953,0.490160841045916,0.0674116587009324,0.00113095645429868,0.489898931428505,0.027505429278265,0.0683654997158374,0.274429238344951,0.218916845687526,0.0536958953618449,0.413305479672184,0.224854788840634,0.0104913916786227,0.320197113070252,0.0119248846770412,0.161698132209209,0.225630746437753,0.31961582109606,0.342007888148136,0.301145969627027,0.00213967689361405,0.131580802105002,0.148153612680212,0.164522941920131,0.30936514387517,0.437825124303784,0.0672341342527745,0.187617511264393,0.501070556197133,0.267456950566141,0.301925414413303,0.732332032139053,0.000599822287831406,0.194975998962117,0.404630986329715,0.285976459792832,0.630232737163532,0.221793234454485,0.0591976774453176,0.0236108138954276,4.45069624115278e-05,0.101277389526452,0.143464972733265,0.223840143017791,0.00577063615136445,0.314506536243698,0.226797519424769,0.0483140425424179,0.0325037839735012,0.201233343747029,0.211096383635356,0.00707890361117709,0.0582939383720708,0.423959644381152,0.168765876777251,0.305584758069546,0.428962666129381,0.0773802587111059,0.0639216786069398,0.0740555954520762,0.145168620723827,0.18083794752215,0.272221709626821,0.0267274860530772,0.059513939268318,0.313732926692558,0.375486699774324,0.292452974250749,0.00153152230164422,0.493098042510663,0.186088155503228,0.000247960650162946,0.178669418477601,0.246115181890743,0.368311108567504,0.494844945130613,0.0802275745618576,0.629091858099492,0.257906666529502,0.270768651950401,0.151744318105902,0.266746359199863,0.0609946160385378,0.206437259264341,0.392265561845493,0.0140918465618005,0.120202213301047,0.0423634336677815,0.146976016508249,0.294473011655265,0.17153426118856,0.160976592492107,0.0696297164971122,0.396116943850847,0.0736011963545047,0.08177443638618,0.289508327711664,0.232108950435409,0.00483529584720385,0.155920879541414,0.180719383151505,0.0289745408686057,0.0132393506441154,0.000233815082767151,0.217776549228527,0.120797275269359,0.274752806589251
0.783333899596659,0.35136035017267,0.115517063719734,0.195533219041356,0.31072177881779,0.00562577583729278,0.110246329134237,0.00281326834983185,0.161169364159659,0.784702709971478,0.120417027726694,0.123409973126306,0.205250347748837,0.399407324031651,0.711838355994673,0.605868624355191,0.531729352842974,0.279431407392883,0.219783613262795,0.411928679482603,0.269674810804734,0.167655075328721,0.0550745644963305,0.00265334519491777,0.404698781697288,0.108579321162259,0.0889243167321454,0.355215194730447,0.251708748524632,0.0984137911252617,0.120951309657721,0.416553178560578,0.163423601147776,0.17817849476869,0.0347113927087536,0.0838473991536948,0.201664560547301,0.364968061001021,0.36947417613553,0.226746151923671,0.00117454603947325,0.123770337748656,0.244638213148457,0.208827247713245,0.266049081416824,0.566039429171195,0.066310588452599,0.109680888542768,0.355440362429079,0.366161957461661,0.192418130251731,0.467825564738081,0.000317344700314359,0.264413596263622,0.616008360773687,0.238498022630441,0.460629699006954,0.153043100302647,0.0524890331791245,0.0107201451091886,0.000136448976866921,0.132552397233974,0.461217314875851,0.208053400997664,0.015939432828904,0.335793859251879,0.240923822151953,0.0562545624865499,0.0196684361769803,0.268513739286345,0.302989237952046,0.000982833438584498,0.0685907102121496,0.554057374377592,0.163897630331754,0.703299983072441,0.296051698791854,0.201924517621989,0.000209061010121612,0.061592108754388,0.109869156195859,0.140798095555348,0.0768921061240239,0.0558471936024106,0.174085397450513,0.36703695283435,0.320227940979311,0.260433623372538,0.00111252091723212,0.500511870305552,0.344241599441306,0.000409894135983645,0.407320626441666,0.167728504965233,0.518693126538087,0.428859002115371,0.102196368061334,0.32500281736923,0.215902538862819,0.428844682478959,0.122327182680188,0.305410452122983,0.117800337575616,0.21186698160363,0.295279787223033,0.00284079665436827,0.0897852545721022,0.0680044593088071,0.216572987298494,0.185894274312873,0.35512143084639,0.0983394537767299,0.125802574100677,0.412033200161046,0.0258034479839734,0,0.30411047726335,0.152163949453284,0.012761878293932,0.0732924602763316,0.425671602001476,0.0353353826751793,0.0166370091391255,0.000892902526219481,0.286895846945101,0.176378599732298,0.128807052475794
0.00162477127006392,0.182638760590145,0.0894880057194978,0.860202266909484,0.0354848760051176,0.0117392208300465,0.527641819786568,0.173703263134366,0.126254798455399,0.118505516904588,0.0470188439378587,0.160844388516828,0.242295808291438,0.424785218914469,0.70281382599808,0.309316341236479,0.742354905234214,0.334253865858956,0.170000980045896,0.702751856951031,0.240249731030223,0.370488513493276,0.0146321397790488,0.00926526608727389,0.384809227765107,0.287295301535683,0.0270403572860999,0.927149282684232,0.397814638326852,0.209993402747899,0.562397557448176,0.584601361857273,0.124708572453372,0.174601808807764,0.0382228813836574,0.219673191903419,0.131487210771711,0.335041617483518,0.0417728691953592,0.321680069390335,0.00994266879926189,0.133225335207104,0.129402761474256,0.155933665501599,0.270147935902385,0.147959535465569,0.0835808949158804,0.14653538781035,0.315589496927582,0.139828812645242,0.339094896682932,0.657077610724238,0.000132235954107453,0.861614556305138,0.45306780524439,0.90980175326114,0.340617382155962,0.183621670351371,0.164988574065764,0.380605912384213,0.000747248474172493,0.333409573799101,0.392780807414954,0.53879645915631,0.456316952747625,0.201258943936238,0.388587968139285,0.16780076544283,0.114917630026104,0.368312030534766,0.237872912874891,0.00203634931026691,0.0688494550452061,0.238217493117782,0.392025781990521,0.0918141888581025,0.589036393621229,0.191253100704214,0.0852306044922622,0.0750091189670322,0.0749489985955392,0.146469180739435,0.086009780320251,0.0004101611355571,0.246385635817183,0.144348744404062,0.282617439269833,0.296175941507573,0.00158668862811854,0.599410077764487,0.275264350115052,0.00837499746978928,0.286827728541945,0.162346207223856,0.289138957248326,0.109043988560865,0.0735360848330067,0.307646340089088,0.497674329744037,0.27882919056321,0.441310476597678,0.103735485844919,0.220680818559267,0.588031088590723,0.225470681647527,0.000494720779591998,0.210943308056671,0.117056856187291,0.145121535914546,0.188879475737274,0.34080068764126,0.0994760132103251,0.234698564406266,0.463352844622008,0.090065178747778,0.0482675824878716,0.522219238553081,0.182544359326917,0.0425348952889598,0.176171379824443,1,0.00189367068652952,0.00854597492643206,0.00229155724233747,0.321963110016585,0.215990564162371,0.165479030041759
0.599843954006475,0.271948221221097,0.206020229415978,0.582216566928058,0.2454119241911,0.00136975411690607,0.19252186471957,0.00394114488460461,0.0842709189918412,0.09179506415746,0.0527152166767628,0.358839525657979,0.351998472041245,0.615478240498268,0.495315452039521,0.434926175867758,0.66697436904645,0.0738149396401289,0.292179418666361,0.598286675845189,0.122624558513833,0.415041782729805,0.0110312361252579,0.000656949291726545,0.612589771196808,0.128933963242007,0.0739999721257377,0.13792340815587,0.344862085390559,0.124602013596076,0.542034388558573,0.342510678605258,0.0104913916786227,0.30500201159516,0.00114505065485992,0.0860884946130459,0.329535055993725,0.371890075188541,0.189026579040644,0.137722174034489,0.0197123424454231,0.195255201636844,0.164730240672404,0.212185617609876,0.299962490137493,0.041620288741574,0.127356965844198,0.10301310934342,0.365444435254122,0.179641747879841,0.95565381295471,0.508634358031799,0.000356270647294887,0.404479112610275,0.494125926276042,0.212320669148917,0.364691693823612,0.186787653738007,0.170892372649938,0.0119531656017853,9.25276323818604e-05,0.42355029032592,0.475000499390743,0.400694904991206,0.0143842575263355,0.462174319958941,0.263669147451867,0.0280437323566272,0.0112641761905806,0.368648211787398,0.0856982472105721,0.0543740259439291,0.0649195027857487,0.810401801160324,0.234764739336493,0.751585844997015,0.446222958502168,0.214593703697538,0.00925732350916554,0.082733138595721,0.29107535222578,0.143893630591361,0.0950771269680168,0.0759502884703705,0.263628355269976,0.781826258503259,0.493681357272552,0.220736225173856,0.000576619460053012,0.251457669541837,0.157849027209483,0.00115377608647248,0.0710938448464247,0.243292801311598,0.451006552967436,0.229449569171407,0.102227045378143,0.477072545774836,0.240275171247221,0.155540414930413,0.162856468429468,0.355619797495581,0.272789434129634,0.18003743960169,0.389262030511371,0.000762969380081882,0.200259138894199,0.270903010033445,0.101163602277977,0.151445285859585,0.714705622771977,0.443790509765275,0.0439082549082842,0.584195856173929,0.080979656330239,0.0320701429822576,0.336615733251246,0.169623955127785,0.0236468320857424,1,0.0779786317775408,0.0766670607708678,0.000938675143536675,0.000174514155978381,0.496200432225964,0.107266390129478,0.323921274167549
0.553311669716399,0.332974660800679,0.167980989284847,0.280357649912146,0.283413322903754,0.00419334323959079,0.313824921768435,0.0279091635472359,0.174894936090069,0.211539142066486,0.0601419611060253,0.0773727765217763,0.290980017164405,0.352887242117962,0.423200514138817,0.191237700604228,0.307100068742021,0.119547244318969,0.197266596522501,0.431628507810243,0.0572696375429878,0.251040824272921,0.12951826895453,0.00222130979265038,0.626902995010246,0.0323521294384896,0.0622130305981972,0.36403242309906,0.40100927592678,0.0627312623698477,0.225164711553913,0.555846871481422,0.0662885581061693,0.331431813900704,0.00776453396438347,0.051569501077065,0.291995293912589,0.263308865112289,0.0652928254877038,0.363060672439394,0.0289114355866205,0.13252694257803,0.222573333419805,0.153838030787536,0.300249089994397,0.0202114723937795,0.0162697985130913,0.134319778976841,0.41520514369534,0.33133794084418,0.481786953687882,0.226482395625539,0.000171852766480869,0.213537882719253,0.107965317494079,0.169224404485305,0.585317287213569,0.280420270879392,0.148572277218236,0.0149389094392304,6.94933272741399e-05,0.239691120378687,0.41563292782805,0.174922868429399,0.0721886530132079,0.336518431301513,0.150023779003298,0.0426149957592611,0.0326683045605107,0.244427541054862,0.0984039922449949,0.000165234671471527,0.194525213835638,0.798773486037497,0.24766028436019,0.582385983981184,0.472512629937242,0.100654269399171,0.00160620044361727,0.0632044738939996,0.0961013398760931,0.116232871982158,0.0751306419278806,0.0217645363128363,0.163941859260027,0.183201028405835,0.267827048841465,0.24268921011401,0.0070901864359138,0.235652706500421,0.0782082389492251,0.0155962188531061,0.161357290275586,0.140935664104353,0.494802695587478,0.508476994559587,0.0546145714698397,0.250817037076579,0.262025515505203,0.107722561920239,0.123240205051463,0.155483791616224,0.266376729459017,0.162748576413051,0.270952563293213,0.0030694675924908,0.242231143397268,0.261984392419175,0.258113352597453,0.0163135948196726,0.269189297047978,0.181111409329466,0.164560673136122,0.391670847657097,0.304167489630654,0.0269629308902687,0.526810450410327,0.186494685610773,0.0199956903235681,0.0385237863651946,0.0846710688212616,0.0406282020966344,0.0169710162454146,0.0012343064333034,0.543525824663684,0.14397603933366,0.311600983979513
0.00117337850496775,0.134475806860932,0.673573910134172,0.912259202247695,0.120709399216456,0.00517785401111702,0.638481906443072,0.0615219396393364,0.213316684793112,0.109502947775191,0.085089737564821,0.0967623597662415,0.407527081686736,0.59919917386194,0.346505559513117,0.108830916200894,0.258646764214868,0.0955534680212569,0.133659768746151,0.149983852599731,0.149238056428362,0.268667445412885,0.0104109535375695,0.136326102328976,0.424511154589764,0.0638538072384549,0.0103498684489676,0.470422715354608,0.331848241323307,0.0471560106703382,0.639472923027479,0.406084570979215,0.0772058823529412,0.133479222431263,0.0204527857446646,0.478117365794571,0.262190073641553,0.0700285799955213,0.00134554558938735,0.135270725217212,0.00959364349037449,0.0629610566018393,0.274125608814927,0.157209786569495,0.647456307137017,0.0353446303939305,0.0257669278248957,0.101429604494632,0.243322503876513,0.131354736782712,0.165233322176617,0.0837654178134198,2.8627734717793e-05,0.250635703165542,0.223908031489447,0.202581854472659,0.404639347206897,0.55252849385048,0.214582398472071,0.0533153984898047,0.00015753122221975,0.436889867586449,0.228780887317473,0.500792941380006,0.24007628825553,0.224777345047248,0.139958489104177,0.0611763514454379,0.108997630903547,1,0.0651410540476379,0.000365462940968581,0.207456092910604,0.533979852276773,0.365056303317536,0.032082178844115,0.750886147738551,0.270115038207335,0.240376819723122,0.0717358739863572,0.0652988836074481,0.129077108071547,0.0512250564087939,0,0.166260752409576,0.258295817543874,0.529510544811597,0.117076478115733,0.000291593439935692,0.691029334701269,0.559723876120298,0.0028895006376131,0.0706810732062644,0.0590578641949564,0.0849346134035369,0.0373974106860379,0.0656021637734122,0.302377859629768,0.260397178921565,0.0951756909710586,0.517198223837455,0.0296956334794024,0.529106656646174,0.504325156080015,0.360040844346473,0.00250218776522531,0.137895877142675,0.16164994425864,0.305915118737335,0.0201601389475572,0.306196062179347,0.396773186783781,0.155012850958203,0.474373315989966,0.0957647921898366,0.00529418132078999,0.428924634700654,0.350160413802134,0.053087560944665,0.0454599813440273,0.165225371175457,0.0123334909750138,0.00130723470909709,0.000141475068196066,0.404116198421873,0.170534211537697,0.129172527023014
0.417042018356639,0.17127154826751,0.0328489485207033,0.48907002909962,0.52663105804989,0.00567010939688014,0.212565192971195,0.0741264095245191,0.162230424386196,0.573149412922084,0.130878034602001,0.163773834406859,0.291310488507011,0.677338962992085,0.669410288970793,0.536520128706473,0.427437886673868,0.689168101126572,0.240425598798797,0.492410721873778,0.193844578540702,0.58458382004972,0.00683943169056387,0.0199283742786104,0.424021054987632,0.0152706646635471,0.0587651392087116,0.51600637377161,0.576037157269905,0.0470986432607636,0.360932026353849,0.473019319786249,0.0215656384505021,0.135909415428121,0.029204244321094,0.0747394748161683,0.304283411041876,0.161426684530745,0.28402525832895,0.140361064965231,0.0247686569202614,0.135583211239209,0.129287646002088,0.137316873652116,0.560999818237146,0.062004686496171,0.0139917188726584,0.0918766572101389,0.567448181415563,0.46113380458188,0.358497014110311,0.417488280644847,0.012837811857448,0.297982615464453,0.497240209439481,0.402750082839726,0.403925996253625,0.198373006503681,0.0929660639373242,0.040659105499679,0.00165007611080984,0.408124673752021,0.303329937476279,0.482872466191863,0.0228330035826961,0.505488633275971,0.154343053853931,0.193530446817758,0.0330658959791169,0.613724344955923,0.448568687188415,0.0107140663835507,0.0252679175494743,0.491177222743159,0.100223696682464,0.78660361893392,0.48957890259464,0.13045432600263,0.00219769013079061,0.0569502700352241,0.110084438506146,0.106629401083031,0.196151620127664,0.0477080946744332,0.102717898227796,0.532175922773175,0.340126953152358,0.226102306773724,0.0167219643415374,0.455325772835717,0.0565409306198462,0.0177317166973666,0.281085346606774,0.312572357209115,0.206232472958278,0.397835621367113,0.0731871303543102,0.184122493282799,0.394201965662869,0.538053203664945,0.01871027795964,0.304920505681651,0.173106065272833,0.650147504189903,0.227407108434151,0.0206353534065373,0.117908196860596,0.0735785953177257,0.29629542213036,0.0281930445986733,0.619042137213595,0.125507244224791,0.285408543199742,0.32820836817492,0.0775232075844361,0.0263232993180543,0.732540623383088,0.295270520962919,0.00554216333673677,0.203956022929307,0.124440160774342,0.0214136517695279,0.0428738432124573,0.00721438132190237,0.419063175353068,0.0817419192387718,0.223956202825299
0.25003882948517,0.190292697088865,0.184181568612984,0.0134588410110357,0.013109202336049,0.00788831611968227,0.079162320468587,0.00323718549843665,0.0345147733689041,0.0999271018380245,0.0371799016105767,0.274337755406731,0.328540032896349,0.610256983330484,0.807658655186298,0.365378935751132,0.512147697142296,0.0684165917410357,0.193645974137883,0.25434705012493,0.281706817139041,0.307574804564651,0.00609835723053619,0.0314030885741007,0.480451972168517,0.034918470286019,0.0875879007118777,0.176232653322249,0.282631692717948,0.132174511659926,0.661828699983931,0.303222347327221,0.0606617647058823,0.196417732734583,0.0473396656452088,0.0297945364721259,0.30622249335483,0.144587070303753,0.0927342795799911,0.376460945884359,0.0429543930146378,0.0976745874784823,0.257497097793026,0.395169182717335,0.33528847535003,0.0518787027095653,0.202133390798405,0.155016595279153,0.435884415528666,0.253398225141683,0.196149171173393,0.410574291435643,1.24139875284547e-05,0.340088220031137,0.403706679690987,0.144050931236165,0.357640296630828,0.211154993668033,0.0367657978911127,0.0207167823260269,0.000401148279630217,0.355057970578971,0.429675795529454,0.0910585046567285,0.019076519972194,0.287072427014461,0.06625680693654,0.0160489815897074,0.0481606598372343,0.268439032341316,0.339306204004115,0.0612325394112501,0.057498616139315,0.361575914996465,0.0946274881516588,0.202763201268676,0.4985709701732,0.199776915777382,0.00813808224766081,0.161623433678906,0.113959520091307,0.12678490906358,0.113396354607906,0,0.0566768577054617,0.175888199629749,0.587632773139175,0.291548955950487,0.112830899447549,0.54440668372164,0.243596056908021,0.0195332267271218,0.283707660556028,0.0997001445346488,0.553779402506725,0.525551950670281,0.0946638085633173,0.514826776277158,0.0650369584396969,0.310209804801862,0.015752976230242,0.123481750511547,0.227857380462503,0.158643941547177,0.375838131279157,0.0221019256731501,0.186601244716328,0,0.126027129365194,0.0821555750111503,0.354150598040683,0.186560008703172,0.0558503620745258,0.56631856050048,0.155709489009904,0.0103029885555151,0.266761852989527,0.364062943320457,0.00485744838961086,0.124995017101308,0.0863382823394307,0.0237782769764326,0.0157328864548601,0.00108690127242846,0.216231927761304,0.0456021310150152,0.0880831015651899
0.379247581651127,0.151824052850736,0.732962040904078,0.531641299683384,0.284750717585994,0.00748167036622578,0.0478696942951135,0.0149989594760898,0.0973068017750022,0.319845993785963,0.0799828321050501,0.199858166616901,0.287465460718518,0.554569407849119,0.461292470653824,0.275734077681329,0.325856820190514,0.19387193989086,0.240386766791607,0.389067360155015,0.168709574346545,0.486222182286519,0.036779492804722,0.000886881543830836,0.454712095426638,0.178396280491688,0.0871202325332904,0.21838428087229,0.280318928132132,0.085219286923099,0.28946810220151,0.406971029256698,0.169835007173601,0.21890341320025,0.014585764294049,0.0667339517894189,0.318750272343022,0.240293049329907,0.210160223775971,0.161729465900237,0.090819420375187,0.103103682472694,0.24054431783544,0.1893716070499,0.265743420286777,0.227841201984483,0.193282743546724,0.0885501844950029,0.407510750059417,0.600058523348323,0.567491676502193,0.358282347045919,0.00276266275844114,0.341155293201868,0.332151691323597,0.186247232957074,0.485689358753945,0.189307025263474,0.0907543352278081,0.0294600185462587,0.000142109950156106,1,0.388585925171291,0.225699950981806,0.0106411421849099,0.504383660900281,0.144860428274022,0.0702814922337512,0.0430084234540549,0.175578299669931,0.216116364643507,0.000317955076099488,0.0829637736025128,0.568067513425965,0.142416682464455,0.451005853371703,0.387173804353504,0.170576189921255,0.0311551895571476,0.100726103365064,0.203612642197383,0.135049825114458,0.138174284300321,0.0108785131601067,0.274380764846098,0.446634684390673,0.253731414962159,0.165646082943679,0.00159325604793691,0.370105447494047,0.208973130746985,0.00286419853045362,0.309736554570839,0.2080040555991,0.467650088708293,0.322383235836006,0.0735169115100014,0.820549891160578,0.178462064509366,0.138093040019728,0.145370976577636,0.282493766397196,0.137879310557246,0.335090315688369,0.240680371140801,0.00142919336326577,0.294228849380828,0.0535117056856187,0.183475566375232,0.209601257324363,0.327024838738148,0.312177619792576,0.0922825842641727,0.527013534020874,0.0663073841031574,0.0390470473622578,0.376384404288624,0.21397236954102,0.00992232513085104,0.144017731146704,0.0574768271675826,0.00772050130054386,0.0181976285495454,0.000305823351010657,0.471710978204419,0.151251706269796,0.114457039930118
0.143752821204782,0.184740040238998,0.0664751686526741,0.238548563059495,0.278885736445414,0.0019308029572013,0.0144908930434085,0.0363284150380112,0.0922231864396503,0.0739951731508284,0.0315731713611261,0.263247024698204,0.216039671639653,0.344054996883133,0.31071329017871,0.177700870700624,0.410920161052735,0.0989930617211949,0.145176232592628,0.238624581442388,0.291911478548706,0.308098960673316,0.00717242550079657,0.000704395629462351,0.455422160991931,0.0641934883627994,0.0319648102924165,0.3081127027776,0.607543553240453,0.00570805725267476,0.223242808934597,0.153749575536611,0.0335590028694405,0.0944775317611109,0.0512655536047285,0.0600519466055495,0.526101355178875,0.0430075795818136,0.0115748527462902,0.104776466091354,0.0288112804979832,0.0958399719788646,0.228361533921773,0.113442403510077,0.77975447718672,0.0935602814524417,0.0138224021426263,0.263288275759767,0.347668490887447,0.290595980259523,0.470826360385435,0.270299682702404,0.0394618858090613,0.339643876491956,0.225168449633166,0.121722438879968,0.39324112801827,0.199607203417116,0.0434073716838042,0.037357463850081,3.24041919312e-05,0.224555440174607,0.365693853498732,0.367261612986938,0.106375773131562,0.264148778794191,0.055011070622065,0.0399988185005929,0.0614018250817119,0.327083984189294,0.222338173617156,0.000973795356975256,0.297331746930586,0.436761321185196,0.079834691943128,0.323294102973014,0.538591267620348,0.261557926981537,0.0104556000305943,0.0561500769347334,0.0815578238033891,0.0610474445586425,0.349810013504559,0.000559205604534187,0.627603896776868,0.316122692084858,0.395143587689202,0.238334040870179,0.12382738719143,0.285588252852875,0.329826571999033,0.00761593425500476,0.12437780745417,0.133176814053658,0.343422709322955,0.258673953635523,0.104924092814222,0.204029431128668,0.211472130901802,0.280114387247308,0.015205162807477,0.0947162020815608,0.0956792785245235,0.669022159931785,0.189469701935162,0.00154133007330663,0.100193292126001,0.121516164994426,0.169539987659275,0.0443178519764865,0.416464249945319,0.311743576804278,0.319094667096661,0.248959088234383,0.264834513698823,0.0076952598380256,0.309169979631,0.361422117462188,0.018463137162501,0.180253370432675,0.0907318923796243,0.0148281705682983,0.0399541604040334,0.00289473238338896,0.494674238997504,0.0347880249678625,0.0705577564968237
0.660184973959976,0.277913013113203,0.0568375095250756,0.615306442694245,0.822503529926485,0.00442112601126378,0.17243039396614,0.0538940001592901,0.0774062382762319,0.14552737927569,0.00642709484990316,0.404708228469053,0.229054336776686,0.41731281631488,0.751308576207142,0.84265544815212,0.598998330550918,0.403877018197339,0.205556305485853,0.577091088334778,0.0699718536340093,0.441324467607152,0.00062028258768837,0.00027874723419786,0.419702775816093,0.0151357912759397,0.0542100201778688,0.493977958261389,0.279940162716092,0.0287697559016723,0.486016390808292,0.559321216020589,0.0199291606886657,0.0938845181590067,0.00116686114352392,0.0946576001083593,0.567976818162012,0.266612834050047,0.81006359734774,0.0812947472104203,0.00593646525377175,0.106446142608785,0.280803927545349,0.266893730943705,0.344505962434315,0.106713553517663,0,0.239517160816599,0.16423431412684,0.266278610503498,0.613014603554882,0.587889904045688,1.74443511704199e-05,0.50723598858329,0.264073356335964,0.105550555761429,0.329886325729389,0.187737448753998,0.0562577550234986,0.00356658820172623,0.000104825608837677,0.345294460712787,0.462276023251633,0.262074334650097,0,0.190339039338224,0.137301539808571,0.0341571478604312,0.0491560093886415,0.300651308729846,0.229217773205666,0.0439837082785351,0.0545188088405899,0.377381197129777,0.0684132701421801,0.511174416221947,0.279171983553098,0.215459403665906,0.0123957881855034,0.0527570425677574,0.21227177512225,0.144591344689045,0.155830865885471,0.0170811893748624,0.0582184682350503,1,0.706524588418777,0.196828606070972,8.93169095298515e-05,0.617835197661538,0.170670343543232,0.00509078396048823,0.430763627534296,0.0914343445964895,0.381545813540892,0.485831353403515,0.100744308399066,0.7919951126058,0.0971084288952344,0.631186491049467,0.0012648700167907,0.32706262877612,0.167669742629394,0.149086062079172,0.264514289196831,0.00351361691461339,0.237197051764056,0,0.296278563215872,0.0134747036627124,0.643884712645001,0.298476702608924,0.0304611686065261,0.832282820774877,0.0434383905646003,0.0027651764891115,0.618765677907822,0.566446234095026,0.00434189831177488,0.347192435561154,0.04304917562136,0.0221979191298179,0.00479127435228536,0.000144016536487013,0.337665644737063,0.0751686390924633,0.267725359886585
0.635820685437487,0.221326668791632,0.0482264595468926,0.319032603102963,0.379431466394437,0.00314921147413672,0.210350637888149,0.102295061750598,0.138026882718739,0.326222813585953,0.120419744165768,0.222198524079683,0.281745667746877,0.45160508554218,0.730928856815437,0.609632555898269,0.549091623293725,0.871521659961989,0.198424160165387,0.650417282817466,0.173735842047995,0.392832539611226,0.00831831596542088,0.00633271744337234,0.426849740092849,0.0148835280880074,0.0685188081584869,0.462346251412249,0.676050356670767,0.194131314000516,0.455523059617548,0.255296409486533,0.0241436513629842,0.171150702197871,0.0708840881579952,0.101455762733817,0.514270774325679,0.21976137791256,0.233122546241842,0.135869804913189,0.021329998877049,0.213618442691225,0.108883023224141,0.179629657172604,0.608016490724308,0.0119898565047845,0.0193021072236674,0.0825350911349687,0.405051350052507,0.566979709718944,0.37729666883929,0.727875712676412,0.00265251290736257,0.265834198235599,0.493595500307227,0.33803313981189,0.51143157732673,0.258499860482088,0.14391726697402,0.042615633884626,5.64145269163663e-05,0.163511034833545,0.402209304648329,0.411478907759292,0.0101866210363082,0.502786583340881,0.267592210565436,0.153836286378578,0.0401786693574923,0.395138615340732,0.328897780327609,0.000497789725555176,0.03287119809462,0.414527621635987,0.183957535545024,0.498316153345866,0.263359376748976,0.147102402317412,0.000130025750197588,0.0520952062084443,0.128550876677408,0.123214075340935,0.0902960098641995,0.212737871795183,0.190356513628355,0.448915490729575,0.261526615459054,0.332794790899956,0.00558756078147042,0.483669900036041,0.0612235761802863,0.00126510535797421,0.31278378050261,0.361670993118425,0.253906026440794,0.653721130762216,0.05952038571613,0.330646452783857,0.343532481248901,0.433778383402783,0.0944020594221682,0.3228696224058,0.123975876895783,0.336683948995893,0.27246467803455,0.000958658932898272,0.148282673803607,0.128205128205128,0.183590206993752,0.0128446255755067,0.530972636329101,0.340882160156131,0.554692309947521,0.539380594010344,0.0938461104370644,0.136792592082345,0.646532357891841,0.28599489294834,0.00401766564563585,0.119948337306365,0.167589820359281,0.0260325530070151,0.065137144469591,0.00115890954067196,0.375307835352063,0.0372264998608479,0.411623958444236
0.336971979672764,0.265033285487771,0.390750086186828,0.245092241311212,0.0903793759487713,0.00389982450025377,0.00730161277381048,0.0945977540098708,0.0818626912276846,0.410190172195367,0.0675170931928753,0.32610587382161,0.316267357598893,0.636947597588905,0.655937374175365,0.361409597914404,0.497201217715801,0.35898591447504,0.188658834928836,0.466625873234409,0.336866240917497,0.224937850061401,0.0559854005066729,0.00730445493738452,0.292442818497208,0.235878568993358,0.121190323914414,0.398997569866343,0.265466732727436,0.0943980724550383,0.30119235095613,0.230608725180062,0.0483097202295552,0.25692139895397,0.0542317800630323,0.0676419090042861,0.271231861954769,0.281451279267927,0.150315051823824,0.360182884697373,0.00826127731123042,0.147136590220795,0.167113617349685,0.203643935450286,0.587743465216921,0.106953241201328,0.181399787584466,0.0732194841556804,0.816951118770489,0.498932539375322,0.409072172212729,0.345687984959444,0.00576132081718409,0.176423845355475,0.543828415076702,0.148511531878099,0.450278412152626,0.271987486316512,0.070027961999786,0.0253329664842612,0.000509878007977678,0.17408035633792,0.437905754978926,0.337115423430697,0.0180694437017628,0.458186154635752,0.255823021224729,0.118960111736087,0.0421172702744203,0.290616807704324,0.303530802405634,0.0067176120924897,0.0289094329458523,0.410771861382862,0.189405118483412,0.296490649750987,0.667912870223197,0.110210265203856,0.0719271855798894,0.0617957507110997,0.156530742655627,0.160398072806009,0.143483840662982,0.00892822584511969,0.117253083221059,0.308334215133365,0.517445152852444,0.237057420432646,0.0164356248374564,0.402544537138789,0.0836877400639275,0.000506042143189685,0.371870826757315,0.28271264929854,0.433250586619356,0.539953226096612,0.0505971211894618,0.184352331298896,0.210078443302388,0.359450384768601,0.207425321450681,0.233982969786975,0.142092845614597,0.377001107506542,0.249197659269378,0.00158970277175562,0.0839652498991058,0.254180602006689,0.186274146180276,0.0621016289996389,0.457999009980775,0.22219358009528,0.283688567044866,0.124454148471616,0.21016619169888,0.150608634042176,0.379953891395899,0.366245444029769,0.00522800000805547,0.173325148091749,0.264946476909195,0.0214057696855048,0.0377312855242472,0.00159011199403602,0.344794022549463,0.118478073604835,0.231822310882487
0.340214241684423,0.170554879942829,0.141828534645833,0.308330006340856,0.204254307173208,0.00351916738517608,0.0309716761614379,0.0209004000236366,0.0302553744595224,0.295166781086112,0.00361014752980613,0.202154161156849,0.327618985390151,0.343983638804254,0.671477684516988,0.270875386108317,0.539467740351566,0.179585889209391,0.260266905329416,0.64732378087128,0.166892615534815,0.308727948003714,0.00234075060722401,0.0018517758160542,0.409264040195885,0.0549571589670197,0.0610732829841566,0.385679797915201,0.546814831535473,0.0413905860080888,0.157814558894424,0.496602505674405,0.0115898493543759,0.20783615150451,0.0340352675601697,0.02626901559546,0.445466033378361,0.0701177738726463,0.0720318415687797,0.205616647799944,0.0824670929833773,0.0814951582382566,0.277300201695278,0.143645422770878,0.427959620054366,0.105426463490312,0.0281835393353549,0.13596261890193,0.847563267515503,0.154561999976381,0.436411999929536,0.170065008711818,0.000195363779382586,0.352020627919045,0.180733458324799,0.169173426192255,0.535454568781915,0.176825538217176,0.0406526915221325,0.0460701293142979,0.000469079959100444,0.355086630316103,0.217015241405485,0.293532481762348,0.0245842468317202,0.440431120369532,0.197528243471797,0.0928481309101343,0.0155197753745585,0.855313022099673,0.36497240246894,0.0197565511607562,0.0439866216196154,0.533112366931258,0.0848697630331754,0.564032946375275,0.412612773959569,0.133217906670884,0.000678173520638401,0.0635410820695054,0.159582283974453,0.0971335833052352,0.271450020550416,0.000869426069033008,0.161817286765468,0.251231289687549,0.355245912202142,0.179044489306013,0.00739885516737726,0.325679969398337,0.188201165737002,0.0072313422261806,0.153429646716037,0.118949858701202,0.277574686659417,0.375735882531746,0.0202649241950719,0.399145595710481,0.272733641071312,0.215309174375739,0.0540731932178026,0.142026528261879,0.16289871499501,0.422361831208162,0.206037419952785,0.000233068456163341,0.159986405828501,0.607580824972129,0.0786805539164944,0.0267205025521702,0.373079919110057,0.381869890122843,0.145504119147439,0.205280436061817,0.145579977991592,0.00774446226665748,0.239895731679362,0.275562539557825,0.0117408474757178,0.594902295322453,0.355764498400459,0.0659572791045953,0.00938675143536675,0.00122668202843056,0.377028362734751,0.10648448785401,0.0469930534931459
0.39253697295041,0.399364946595013,0.290747923565323,0.472577397943171,0.164938300862429,0.00378211125583216,0.173313006499238,0.00143874911041629,0.0915429710444243,0.510499458571904,0.0159563631227097,0.280611483171949,0.273931842484541,0.709552423279967,0.785602564499644,0.410069793727669,0.805499361681233,0.0300114732109337,0.20228517116594,0.293831693097411,0.214791535440166,0.25090604127355,0.0190622633132231,0.000277834804626018,0.47795902458602,0.0237227302869431,0.134300518616136,0.306079597535759,0.145556871244627,0.0516593523219459,0.306295998714446,0.348770396582846,0.0173287302725968,0.259446939235873,0.00628142073523157,0.024863418929372,0.319839644428951,0.155054066671474,0.147032462416157,0.317945928463269,0.0170597500978788,0.0594007492236522,0.116704389952851,0.185879378299993,0.485360601846084,0.14663851704464,0.061815998891745,0.180215460495819,0.493276697682259,0.0854926393111566,0.510839043810665,0.278252204730584,0.000230619503963398,0.895063570316554,0.439460541034488,0.185219824281745,0.550686407841729,0.228675223765266,0.0795136432521515,0.0015896793127694,0.000990475119631982,0.255623151725205,0.408341822975969,0.0692886594965543,0.00952711976186657,0.252244663828759,0.120319866963563,0.00932203032233836,0.00969300458464036,0.277162766058597,0.16122546886128,0.00544416956831573,0.0734729282916266,0.608663821849599,0.0978532701421801,0.240892527819107,0.488675964688412,0.136414337323322,0,0.0707733662674286,0.200807137804599,0.15505807174979,0.0276046603309875,0.000333905825847893,0.0349388537672298,0.342767371373314,0.763144845934934,0.298408500215315,0.00183625058121665,0.440705960912124,0.274494354860371,0.00277817136611137,0.174699526526648,0.105247830182574,0.44466104847479,0.294197926811868,0.0700784955843837,0.509516776692349,0.0703520763495868,0.259315699950046,0.00244066468028629,0.118792698781538,0.079311789273966,0.13007027276024,0.347253988130762,0.0267698910734781,0.154697423479683,0,0.126701485944723,0.277762963207687,0.39986032286906,0.164208622071811,0.0832722546346517,0.216159063458144,0.151067972122683,0.0249849932592673,0.42749356509893,0.305942949431459,0.00489168413696716,0.0293632254103915,0.416225084078419,0.00605344052967605,0.0113274478977708,8.38684536012606e-05,0.317019316144812,0.110195210517248,0.128591627955628
0.252271524882419,0.759938443672509,0.113138180064955,0.0714146941337472,0.533069859399548,0.00253924284395198,0.106780069004253,0.0105773751563997,0.0862831439214512,0.0946119057561238,0.0295820215196304,0.178708996288871,0.268180635887177,0.239505986673542,0.405356645089355,0.195328061608564,0.0741038986546204,0.0616252269058126,0.191911477816754,0.524756514201214,0.118679668450838,0.530625692634858,0.00498184857269712,0.00807408928123361,0.316669946860854,0.0292600321448241,0.0206556026492938,0.150929419539127,0.142136504760393,0.0198204400080314,0.942169371685682,0.952100870373349,0.0182478479196557,0.17472506261526,0.0246622100568163,0.0405702515956441,0.211207460020044,0.163629014198906,0.0845165179266858,0.130735361138472,0.0172539902697814,0.157444822710789,0.290339055599152,0.495854837510225,0.0951300489398188,0.0443258045133519,0.123401111333446,0.233973039624706,0.0566803230200469,0.329365730249354,0.447960963235683,0.522647857045862,0.000873404983415021,0.216907758173326,0.0653789394631669,0.0762772513288668,0.620266351902697,0.305222262765889,0.0749113312371149,0.0126562929901256,1.87397736469591e-05,0.135663509087084,0.181618425520864,0.0720855800005767,0.089932802167442,0.536023307067596,0.276011552501205,0.00612860621046724,0.0661674380854191,0.29249806441097,0.125796272849569,0.00133578211270951,0.145535485157166,0.397669322609276,0.251152985781991,0.518406493055246,0.293887632735603,0.297900677576706,0.226099482446524,0.150891502560199,0.170746209493608,0.131908588281653,0.0742331339803219,0.000925462167834471,0.0979635195357032,0.635324525111395,0.533420151221607,0.154916973859822,0.159593555522281,0.53152479862381,0.303888476036136,0.00714025464040645,0.081413135850431,0.105147159282936,0.0736815372288674,0.33238007208392,0.0485736965016355,0.127312467007124,0.155060359654679,0.14762056820553,0.0636532474646928,0.107139698774422,0.0813908361772641,0.0878007664337309,0.123704784607017,0.000694807850449206,0.0830731323944859,0.635451505016722,0.159407780051858,0.0564521648019974,0.185160456022809,0.396270977157598,0.139669881849365,0.113078757471585,0.106924183854857,0.00792159100973224,0.412819370853337,0.0543224426547939,0.00721367335472061,0.0332060368814229,0.412946025756706,0.0684598407819027,0.00171610547714067,0.00128344148692838,0.861932284599018,0.12089004333594,0.104780992334996
0.699333588960777,0.265134796581918,0.0589708720325971,0.728724505808182,0.466618993324627,0.00449450569609804,0.17766187916232,0.0751515182656907,0.0878159969987154,0.277933089395795,0.0451825311236007,0.224323891993346,0.301973529622421,0.563730169522561,0.375077430544801,0.318824987175985,0.445192968673279,0.520909989868564,0.298133659768746,0.559056991824316,0.0972573941487084,0.379773564561057,0.0100812243725352,0.00876251739318871,0.436779080850998,0.0176159630147199,0.0392941927071638,0.751577455181088,0.510600649257486,0.0715658434443393,0.389721999035835,0.342827015530892,0.0277528694404591,0.232221801040448,0.0346677717314256,0.0957872846744788,0.672491176086104,0.109020537364644,0.167628791966461,0.104170035724262,0.0208990284956402,0.262356423717157,0.207791533986627,0.233894548970031,0.6848837977136,0.11532698762927,0.0102513583819478,0.179829782499861,0.36908170882756,0.500521592622384,0.361854598622439,0.352110440219335,0.0235082062610583,0.232514919564089,0.471359623555114,0.108248483885958,0.35686022940135,0.277195260683852,0.0462802236321216,0.0382440157745101,0.00123272573521403,0.284219726135343,0.376161083478157,0.393933277587151,0.0139965777231164,0.422048123660296,0.0894814917466387,0.16558207834185,0.0981749182881085,0.414175303242281,0.269795540872042,0.0120496167505779,0.0690594201146537,0.426627287177764,0.145590900473934,0.702823338649181,0.362600461169939,0.150931459869812,0.00194018815490911,0.0658667930045394,0.128110060518249,0.138449023200263,0.208876101963613,0.936742176754031,0.438102394030469,0.744956191126752,0.352442473477389,0.177202857430817,0.00489666821657774,0.35211370375202,0.0790588151026511,0.0136428961803939,0.228541944882846,0.274303033789468,0.299837606593029,0.173627955161568,0.158899553517218,0.223442587946405,0.361844409598172,0.162317337666854,0.0538415972992353,0.235963085280159,0.232702329764559,0.94277229469475,0.273613425279109,0.00712397922612477,0.0789311582658935,0.482720178372352,0.232248405989635,0.0246202422614848,0.440911585143572,0.361408819755061,0.169495831989602,0.532616680603301,0.0449620496035665,0.00846281772468289,0.453868472586994,0.276370064820271,0.0104862080284841,0.124078163742037,0.0812053974243294,0.110217151414834,0.0776336172393737,0.00149777197946494,0.435124223082207,0.0530235763414925,0.130506789296763
0.348151231137364,0.189894773599807,0.208383847507197,0.284189918252059,0.615473341597449,0.00409091742950964,0.0135922330097087,0.0990039231605207,0.13752098436073,0.223882287162138,0.0954176389254854,0.111047007635542,0.222302292063787,0.399139394641143,0.573551274506767,0.358240789470762,0.426730825886281,0.270191081463056,0.229547089356147,0.512994407900328,0.273657579632466,0.588372719920927,0.0252618245449085,0.00100777846209996,0.585329427972724,0.0424776241303476,0.0694518216604698,0.613933832150242,0.768142002597795,0.0799701689470212,0.417419251165033,0.300986542276554,0.0619619799139168,0.166492638491931,0.0642373417376416,0.117826683069536,0.454202797507517,0.159453032781596,0.128136125867211,0.193822495993884,0.0335792697176537,0.133280864896266,0.125829317803013,0.156965865992415,0.662611380805434,0.177591062166667,0.0719134329736636,0.128237933655968,0.569311839147492,0.295151878586359,0.431285782232635,0.550722669660497,0.000550468591326975,0.342627789309808,0.431372857945623,0.234188396164079,0.622062559338996,0.216365451072142,0.119286434038585,0.0140931185228211,7.2226210930988e-05,0.305263485936695,0.45264776972094,0.681843084109455,0.0297176621571039,0.367376143465266,0.117763072940124,0.192809732179402,0.0508917015815912,0.334941796498282,0.480043720819815,0.000641703794256183,0.116036453329431,0.458242865810547,0.143587488151659,0.534280534198124,0.331833411687449,0.247656783258694,0.000583841113632308,0.0818640665981072,0.101004992499291,0.111217861480901,0.0671117858730571,0.0310815486991249,0.322572287283656,0.537402814286627,0.27107711677633,0.23135233197018,0.00552845400310508,0.44723534757431,0.112481981215697,0.00421533105277007,0.251523612965886,0.19873514205383,0.336798202941682,0.323617719493055,0.0837145629057554,0.337096745493692,0.455186207930352,0.45148026835792,0.127600443595259,0.144057468074704,0.149642095925684,0.854101204535876,0.282438885841661,0.000842124704816601,0.378491471781474,0.599777034559643,0.221279996223603,0.0138333998022452,0.516172232646843,0.317592520534911,0.376655232734273,0.436313914955558,0.180200897265878,0.0336347802127513,0.522078423924078,0.276282764791899,0.0104338474737039,0.232266860136013,0.103860429825281,0.00761015212422164,0.0410137691550196,0.00342759356839091,0.390090633428825,0.0699073644592284,0.200089531924855
0.371935504225133,0.132116689032944,0.0320182474369755,0.0987743146217583,0.204577469457021,0.00249490928436462,0.0344379362914226,0.0459577572984402,0.207130324722324,0.115858535100819,0.0863773296860612,0.145684212771403,0.286747973507005,0.242319918463297,0.294596122278316,0.16077872301683,0.195502307767848,0.128638582896282,0.148534276642917,0.157598626621114,0.075566302806511,0.197846467187828,0.0413989657604012,0.00645042085814001,0.731923235737909,0.0396565224395599,0.0448063280769701,0.11172752659291,0.593630619549269,0.0371453976995669,0.349439177245701,0.236742444551677,0.0683061334289813,0.122221266165435,0.0216469099990185,0.00864105490095962,0.489847052159136,0.0813808730372603,0.142043107126651,0.118206142220785,0.11888409021242,0.0648714914847358,0.156959135628725,0.127905108946233,0.163456544041412,0.0431131380590113,0.0127295396124186,0.165033097847249,0.185422427340906,0.152264368072495,0.454781827470185,0.197847196057018,0.000376651176385081,0.169950051894136,0.0655627504424593,0.138670760615739,0.321269662056401,0.223934297795617,0.110281424512981,0.0311923613870971,0.000281877428606343,0.427147226460895,0.282315574998502,0.317436060090539,0.156208224159136,0.266473447453431,0.104922411159439,0.0913535341601016,0.0256761796126089,0.416209369609215,0.0868407256469099,0.000974954085386697,0.15790009480241,0.621841576115571,0.0835290995260664,0.552631344493643,0.36940607580201,0.318877253733331,0.00396960966779696,0.0578804346198514,0.0882691643970899,0.0756293645215936,0.0799704745049027,0.0441847527508236,0.254132552596124,0.257619014192964,0.0923077723487694,0.125979225903789,0.00385113498149301,0.125017965210508,0.11667218795047,0.0146651013096371,0.0961150904455506,0.208572127104202,0.520059520402907,0.506367826502317,0.039145534469161,0.305524416211439,0.158720197986917,0.185111004318767,0.0460831340272303,0.141912681785885,0.154727290647677,0.449833874018681,0.211300499170349,0.0044810708835933,0.178614668960683,1,0.192973878797892,0.0285423013661131,0.335585818933926,0.285840792970342,0.217068808818787,0.493524110378147,0.275810501961006,0.0047726355772921,0.214467229488548,0.318034003361051,0.0231473929478388,0.0720567014007925,0.229861168074809,0.012835973831481,0.0103196678356915,0.00222971484725776,0.622006667671843,0.0994738725366765,0.196745470948509
0.00300807167922962,0.109981179843145,0.121829374251828,0.407061621593925,0.277878961638151,0.0108663083292057,0.463323437374629,0.0229377715317797,0.151320451556916,0.171367300573985,0.0512863697236567,0.141681951968605,0.216865221723653,0.511023476807951,0.791746678229628,0.335037650418474,0.648472945104586,0.603805160679009,0.15571634882977,0.550150425781449,0.303986251230296,0.280423518135801,0.0331981770221212,0.00341339902826251,0.46902146018809,0.246640965793362,0.0248948133740711,0.733383428193814,0.684874825681826,0.155523047356797,0.464039852161337,0.426750129573035,0.0851192611190818,0.15853230296251,0.201370789212532,0.0795294931353981,0.164669484509129,0.261409225303734,0.0259559356395744,0.264738095588127,0.0332089993899645,0.0672090778227236,0.137830511112696,0.126557596489923,0.360615461279406,0.117293739992492,0.0258592824049133,0.179347685004914,0.406373709443196,0.141955860798411,0.360399527894728,0.585277315038835,8.57320773486849e-05,0.571010638297872,0.511157326443048,0.744869328909986,0.472248595109184,0.247070123848977,0.160747165074808,0.0650138077914667,9.0770778602458e-05,0.370468283409741,0.418509418509418,0.362792307026902,0.289137835766358,0.133882800470972,0.398674044981685,0.221780097642487,0.0847637484370544,0.371205226769536,0.297734331724302,0.00102895082935986,0.0712608720549218,0.323125755288903,0.29480644549763,0.150690911682688,0.402374502824479,0.242595768059001,0.0286541060092293,0.0668903933104815,0.0862598628344137,0.141262222691653,0.0617435140371921,0.00149564391543286,0.411869105606799,0.151696146725938,0.193147523308962,0.331319652930271,0.00071978921209351,0.604630491550271,0.168816982872082,0.00135619294374836,0.261369430617943,0.180409442930386,0.367026984490357,0.111900670591374,0.054107117520966,0.289285989667669,0.359255432809806,0.419704452186889,0.286444067358782,0.059260140214133,0.255479443616248,0.454193333398673,0.212175570895183,0.000642037633959393,0.308162875167272,0.26644370122631,0.136621271229588,0.082143775796034,0.348954915752434,0.218657647333128,0.399992181926569,0.361510731208771,0.126407268417934,0.0794717627262082,0.512142805682362,0.31460747724743,0.0448931341215611,0.268040086423395,0.521537404642769,0.00307992433199338,0.00738846754084389,0.000483726131376967,0.344964902581629,0.153146825344236,0.0893631964017879
0.485468065175291,0.21237745073159,0.205343456098147,0.180996218970903,0.279604151060967,0.00680290828150893,0.241129744042365,0.0982896869949926,0.0815727944157916,0.357738883030299,0.0935025493780713,0.197850104508809,0.256932673060805,0.449427990946949,0.669708396568278,0.51406866565851,0.549209466758323,0.613507554739893,0.240738103999512,0.600224363877416,0.270461100646933,0.439617216281786,0.0376674762986759,0.0240927028444992,0.381559905993494,0.0465013468606346,0.0576099058933933,0.778426168702437,0.446128271394985,0.104466052835384,0.383499919652901,0.443006630564938,0.143315100430416,0.222914975802719,0.0656277603899715,0.12124625227457,0.426641683733496,0.20891483313154,0.273335395299169,0.197461078196439,0.0363775421941249,0.167160382556843,0.147819615676457,0.205340968245705,0.491913595248842,0.0887391661714216,0.0644327119922422,0.116645343123621,0.595284736538476,0.421281503866346,0.398019976394736,0.676410004341565,0.0206507654065303,0.153146081992735,0.549221954383367,0.242580207481653,0.490918888404198,0.208879778488484,0.0804845682018885,0.0486482630715458,0.0067798939406894,0.232594079065259,0.401570084496914,0.546826792768375,0.0562313958255352,0.372605138423452,0.237124850790691,0.263571419529341,0.0489942308114155,0.404728270466307,0.391825591516974,0.0110429135067177,0.0374692210295923,0.619304306839094,0.160398862559242,0.560395748509929,0.389718447543785,0.13313466628931,0.00858679856206817,0.0756613721754411,0.161755610154491,0.128127526293767,0.145480166751944,0.255412538337068,0.353197222510105,0.402862480054731,0.27477421412669,0.289866138101012,0.0212863211153055,0.401087420372659,0.0614474120101353,0.0258283909884015,0.372635668325847,0.238363522618594,0.405107165340812,0.405152573495202,0.0653030599345295,0.237237317389989,0.338404984551867,0.353076568003187,0.218265791946697,0.314119707536535,0.114935872953294,0.431051347139595,0.221995692485307,0.0225636650674359,0.125724845472504,0.270903010033445,0.174580803091251,0.107955738784256,0.423781950184381,0.228548580327824,0.262003185864923,0.596775991823841,0.089641940125843,0.0152232314187028,0.505259262655306,0.291778519828019,0.0117448752107009,0.325522805730732,0.140726765646789,0.0456668243083471,0.0735564270453616,0.00321241591975737,0.375778593087735,0.0712193699723021,0.207904585615993
0.380348154871402,0.244499621363619,0.230493472063383,0.339524030137214,0.213659158253399,0.00373624895281075,0.136901227633796,0.00230456777150609,0.0739369502855389,0.196202218085822,0.086635391398124,0.245557309218104,0.279661059543899,0.475329627201161,0.685477127017066,0.352050843054047,0.678601590886772,0.159211054209922,0.216614181818854,0.380415753063757,0.2144194682188,0.275541378380807,0.0436711588184596,0.00108624740527841,0.395182359501565,0.0865912124992663,0.161655235638173,0.595825073010595,0.337575633523417,0.136907322949832,0.264136268680701,0.219282254749522,0.014167862266858,0.343861844109514,0.00417670857915572,0.0888535710994381,0.206239923308205,0.502046714818709,0.195406632456095,0.324877611325914,0.023069055416114,0.149294772947644,0.181504672715363,0.177217223172455,0.737643359494931,0.0847607884083096,0.00571059153108501,0.0840703862342623,0.748648062895307,0.234632700380139,0.390441629820142,0.299525870560177,8.22129817536621e-05,0.352662817851583,0.508142826382652,0.289650818299639,0.468604860024121,0.168424950095516,0.105093044312823,0.00376020298981994,0.000841532960333755,0.304372808086609,0.459059946864825,0.327182030506617,0.0137113879828173,0.264725417383691,0.204581946224808,0.0623705097747978,0.0145134577840174,0.387450591543174,0.255648096858432,0.00512204306993505,0.029904115951619,0.425749773099931,0.0726824644549763,0.36260390402965,0.562612400844732,0.0843558026869995,0.000239655304285751,0.0822881210256128,0.114550692149713,0.121597247329999,0.302435014553049,0.0040553960163533,0.0860063218986424,0.409112958060194,0.67970842636441,0.249744217795112,0.00587915422140611,0.472015177009837,0.0866781867507096,0.00535898629637876,0.277479664926551,0.184767054729016,0.390641990499628,0.639375686255048,0.0373764758665383,0.370546332378393,0.210317501140178,0.403686127463689,0.075896654775107,0.202156780828253,0.260767922924341,0.378530054591252,0.331777522500612,0.00456682248538925,0.256866118651628,0.0390189520624303,0.0720246544765476,0.129857441882966,0.67283701904444,0.195013979738736,0.126242340731185,0.191387159713834,0.13018820010722,0.101603015124827,0.523925387895182,0.34566446234095,0.00779165332479453,0.125680663961285,0.666919243704372,0.0123512256640656,0.0123582629326976,0.00116483963335084,0.291385636025532,0.152775753077912,0.159300206521137
0.351924971727281,0.210706578121923,0.374342149620333,0.108514040619909,0.0401645144610979,0.002507139231837,0.0286929310759849,0.0013077201735748,0.0188698192787064,0.232899011274444,0.00660637982881001,0.178832700592928,0.400328963488571,0.394629025504454,0.626296961625422,0.349541555358662,0.365098693901601,0.114348089252014,0.324332320619241,0.592558598065711,0.17259581341898,0.230119507592776,0.00224281125127321,0.000353110244303018,0.418915529211094,0.0281086130395092,0.0493397671260242,0.192790603483192,0.302966421871981,0.0297736855692281,0.478887996143339,0.357207835147356,0.0107155667144907,0.316183224924245,0.00934034177035736,0.1244640475539,0.271319011721644,0.0986057289037503,0.0272202066631598,0.236669557930639,0.159826276446255,0.0536769197254271,0.342191279759782,0.465537294563843,0.214071712594124,0.0654949331774816,0.00207797805039482,0.115017336967607,0.363821587229128,0.362927427111532,0.378054151179382,0.26126655101912,0.000129688387971179,0.131006746237675,0.194151659813143,0.118642173557559,0.481188576120705,0.23108727382,0.0426248828262859,0.0169769598402168,0.000146014069665889,0.0992859551706061,0.114759992808773,0.128211412589026,0.00716093613532253,0.379705944509857,0.224255843178261,0.0399903792191133,0.0270389584750038,0.247100012224773,0.276084118065997,0.138307908900772,0.0303897927284218,0.500082737041624,0.059260663507109,0.536311841272953,0.243778310088279,0.102951703930611,0.00106825077123117,0.122766152550586,0.184305577862144,0.118245782231954,0.258364857950494,0.00298146707128196,0.0464426365426469,0.198311763282266,0.337362734555374,0.176323272057588,0.000694833016783698,0.383190754052399,0.196160767846431,0.0165880614537579,0.115515357533082,0.281393141435423,0.201010129914726,0.268109378974076,0.0397386292607917,0.130215840139504,0.139591651982735,0.222574566700601,0.023930093662734,0.133306091498006,0.121484100681311,0.245874293106997,0.271733343452428,0.000206683347918435,0.0747254614583997,0.0735785953177257,0.0840416887237465,0.0102275596627312,0.226027528674103,0.30056771037919,0.0819529547431274,0.151288054755489,0.0836460596484298,0.000511705257771524,0.244637582442053,0.181605884021912,0.00563480124134792,0.562262315732406,0.188448445574604,0.378405060297943,0.016026582358666,0.000447298419206723,0.119843862558845,0.0371072266323867,0.0389943286070688
0.376769775128744,0.356961732347728,0.0700600318287,0.190153098586437,0.18986985674796,0.00346413262155039,0.0597448447404317,0.00136167326521541,0.0666213189736516,0.217788567020305,0.0452151283924929,0.423175361515165,0.281995091935117,0.274717832653187,0.819675875739462,1,0.933889816360601,0.206870419953287,0.197111268493743,0.531929359373141,0.292452778315751,0.416389612723515,0.0150793961712241,0.0234530897146377,0.282806765689941,0.0432531461090901,0.0792217505965866,0.214832342094605,0.171496563373384,0.0460373461836331,0.472929455246666,0.19436133898093,0.0151990674318508,0.124930524386812,0.0379611555196894,0.0316185188047929,0.113468996470434,0.115504173134804,0.481158975308335,0.16698887108393,0.000494705437814312,0.0781612411312679,0.264538597731415,0.123310775637689,0.505383107763589,0.646113721408488,0.0955254205981498,0.142207635682632,0.278415807167963,0.503399209278706,0.365437666249758,0.685992047477972,0.000440642583401324,0.18109756097561,0.521345706438111,0.221975173571284,0.280234020168844,0.214117066260276,0.0257263173359608,0.0112398479614401,8.10104798280001e-05,0.0862741562629038,0.314356485088192,0.215881894985727,0.00707627043117124,0.428783624671678,0.244547049356392,0.0511006932869736,0.0560000658082348,0.285509569280504,0.246278289942233,0.00345857256246995,0.0303961553062839,0.347766350594453,0.204941042654028,0.274609552488797,0.395292783212817,0.281851932009256,0.0405068454733192,0.0963549886589398,0.147748591267739,0.171359394867587,0.124602622065275,0.0315408136326008,0.148188931495492,0.525828010229579,0.601387031824733,0.283159299630147,0.000618650946890589,0.533884045345297,0.160651451799192,0.00453919802441147,0.656404030593663,0.320812989422365,0.193881273965547,0.514851024497367,0.092619932330952,0.197930568159576,0.0975155130411439,0.430240535704123,0.0790632835847485,0.439121105205325,0.113312676333978,0.221152394860386,0.19155791514449,0.00142919336326577,0.0585611419104059,0.15273132664437,0.133890127082497,0.0745167631449156,0.32730496045679,0.20993539518435,0.136386291008238,0.339828424540865,0.10683953613047,0.00356225583294791,0.250679512453908,0.134594818743316,0.00178428659751046,0.230273700659337,0.427591050775162,0.0180420903286829,0.00247050083789714,0.000655698819064401,0.673592333852675,0.242972818956492,0.231256354556384
0.331704517325231,0.267715208595147,0.157885363250446,0.0929052863953407,0.158372720462967,0.00321647618523478,0.110583326646875,0.0256457028931703,0.0899646439574515,0.20410777603986,0.0469835302298922,0.158642238621337,0.356970620720679,0.412743206508934,0.691373463003686,0.413240822779891,0.508160659923402,0.228165392548352,0.163521582274853,0.443679567589618,0.263742507488693,0.539401563482793,0.099633706808744,0.00122219941148293,0.534883900421023,0.0420792481058406,0.0755144737106992,0.279145616166784,0.557244271173082,0.0885179129736397,0.318701590872569,0.355149857916466,0.0197498206599713,0.173373921819877,0.0304638000414399,0.0469571802287309,0.317050851888971,0.334288213883122,0.231264519362536,0.141143911439114,0.0359435368100301,0.162848288617695,0.143051240977217,0.129495054659032,0.546533673440907,0.0704550454257411,0.0136223005525882,0.104515028462294,0.378896274883233,0.131642104793535,0.456923917064492,0.511120716530268,0.000635229139216911,0.360693435391801,0.381229222794662,0.258399163955994,0.425757614636525,0.253718688960913,0.0924933767907417,0.00580844364281129,7.65207423917495e-05,0.335332002185931,0.364075827490462,0.387618580779101,0.044658930894961,0.321465446970383,0.136335261899738,0.112044120563575,0.0412562792024042,0.353652490457886,0.349813543562554,0.000744367131509881,0.0625102066353204,0.419155881600786,0.127684549763033,0.293450371069911,0.297708328669398,0.136414337323322,0.00264895596971165,0.0516160486632403,0.0826991617658617,0.105303033380592,0.152341489192159,0.0173284414396771,0.0975101046740595,0.347560522039588,0.400050906125023,0.220989716791835,0.00448554773594769,0.497657336549751,0.13166918855035,0.00857741432706516,0.275233701590385,0.217352067708371,0.526798489097465,0.473787383452956,0.0576759120430198,0.429550941001323,0.29013636584079,0.470653885309238,0.0198326274111585,0.145672664952871,0.141430630675028,0.688516235261832,0.291014818724465,0.000743180548898202,0.163915971027422,0.336677814938684,0.236567659881516,0.0836257572146301,0.338371686985084,0.168042610765305,0.219404458256374,0.515425686766391,0.101534945402218,0.0424715363950365,0.660017814687948,0.35096793906458,0.00557035748161843,0.135662406620479,0.458320687392339,0.0228876014818318,0.0665077253540187,0.00190525406211349,0.28786249183294,0.0425805425606637,0.14499564481353
0.522362143193434,0.256792614864879,0.0800360776152137,0.215066045248521,0.588835240267015,0.00599726049176619,0.0378721014202038,0.00543898547634157,0.0931212981313971,0.41585216535851,0.0505719462471036,0.217841146610929,0.218210981449626,0.451374854759382,0.678334159259145,0.647738199130854,0.566787783560837,0.477152137857435,0.212956576570246,0.416687913245967,0.410149431726887,0.332539611225926,0.0145439943586931,0.0020173817833436,0.350621886227429,0.0047755169834318,0.0562928469997228,0.797350301635011,0.440944158882527,0.104523420244959,0.315989072794472,0.328165603274177,0.023381456241033,0.164367091698507,0.028735318814818,0.0645156347941828,0.29909799991285,0.267481051045466,0.243764999108237,0.114552858675997,0.0144132277557066,0.117606542251686,0.104727516813344,0.132993232691307,0.503193103631377,0.130925292960734,0.00138531870026321,0.0862546587306002,0.644977390062516,0.33010317692553,0.389818028079694,0.700420577102933,0.000582550653009208,0.37534704203425,0.589933460425496,0.367186841326141,0.376782735880527,0.139437420850415,0.0880954700282814,0.00984378343676439,0.000410127754502719,0.185100720889776,0.380895307724576,0.4249444941034,0.0115234479439602,0.292636536545603,0.195251758228952,0.124708950279973,0.0163780244367912,0.406147702421863,0.4594568528923,0.000233599647746563,0.0336559160309391,0.385674958756838,0.129263317535545,0.518143670429336,0.380808465229428,0.107629813375065,0.000328888662264488,0.0493939555473566,0.129934834386394,0.104178769179521,0.0707773089859838,0.0394534573984115,0.0903720592807545,0.447206719421008,0.346629890459784,0.281824650990908,0.00534193928026333,0.474958154878909,0.0758445325860201,0.00511102564621582,0.378875804297681,0.270502707328122,0.445126051622503,0.523849107635809,0.0796459837640301,0.379370629370629,0.302686902324788,0.591704237197038,0.0626110658311398,0.222019941430054,0.0821300528539924,0.447791357528594,0.227626738788215,0.00114555344963303,0.128125066377791,0.0858416945373467,0.146480364422296,0.0461443704764759,0.478858484810112,0.256614693195696,0.319290118932442,0.554403047477469,0.0919697525464857,0.00602237726454178,0.666888258679748,0.218140945895807,0.00534077658758209,0.237807843481173,0.285085308834386,0.0083431859383621,0.0114656577348559,0.00344623100252453,0.333443902765911,0.0640762288455677,0.189944033207752
0.501855321338258,0.226956474073051,0.38194948879444,0.203063252709809,0.206478740893453,0.00746485418845126,0.0145711305464174,0.00892795206910106,0.059902534039191,0.228022619662687,0.173536993825534,0.163644798020731,0.38369670521328,0.44004911590033,0.579803790999474,0.231576165763989,0.506098399292939,0.0669471558447694,0.329212209522718,0.387044685805585,0.0812939386034099,0.260325875340701,0.0126537647888427,0.00113232509865645,0.437948373602541,0.0240424301686792,0.0190234097346215,0.402416277632112,0.225267861754449,0.0722255686544474,0.4374546038888,0.43817757760978,0.0203102582496413,0.13446757843477,0.0262979967066162,0.113729308214991,0.52246285241187,0.213254020366568,0.0299745113931138,0.117640140544832,0.00489545933248151,0.2320126522261,0.194760786806146,0.361749089016137,0.216131010853353,0.19106172888149,0.287530592454631,0.170020952698819,0.143886940889593,0.69691597700531,0.204252470625539,0.227475026441466,0.592226309194777,0.307686818889466,0.187313891383466,0.21831453998953,0.376156629288445,0.180831312112301,0.0963627043453682,0.0125136294620566,4.9777523749735e-05,0.150678707095261,0.353668524400232,0.0804186730486433,0.0844072509491471,0.820212541134559,0.147436119518625,0.019153793246043,0.0464469037225525,0.277655152741745,0.0610113159768933,0.0435167407287243,0.12958874417559,0.777332056341418,0.300877345971564,0.420950526981638,0.428059728223152,0.205753575174389,0.0894475180378859,0.0457888939666279,0.257682673874637,0.0788112251737684,0.140908747766715,0.131250985686532,0.313827857809099,0.578072828650364,0.31303665040899,0.181264831550239,0.0036370370954141,0.241907916411469,0.123127613283313,0.00223164585146651,0.153016875075877,0.382326504490641,0.126917243747496,0.957472348186426,0.0909684701094285,0.288457089983808,0.145887005002089,0.276628706203722,0.0611992214814122,0.340716074004275,0.15188438651176,0.112577549960306,0.136998745462218,0.00307606386955202,0.103167017141401,0,0.0849453265403147,0.0142086148429406,0.0950034727418544,0.353254866557459,0.165674748600076,0.30367245811267,0.110084365565306,0.00262740968894225,0.350268202746868,0.153407974857592,0.0052420970804963,0.0844382080699041,0.291699819539004,0.273307322456057,0.104745780280911,0.000618423950797174,0.429069709001357,0.0679857402229084,0.201760628491698
0.584332788102646,0.204544854707171,0.388252894414458,0.242782205465092,0.268384205153361,0.0037836399992662,0.203883495145631,0.116410218201718,0.0745243229109429,0.955956770682199,0.192242393291482,0.189496864735742,0.274311947355789,0.312621089947532,0.368062223185802,0.307886269310967,0.304566434253167,0.17984787591575,0.126041298764218,0.285282069586797,0.170596792157385,0.421676101476623,0.0105186868291154,0.000913342001414266,0.377392129849381,0.172963880157502,0.0992463109188131,0.326735733623244,0.266794324640221,0.0190459799787741,0.332636991804596,0.317022322306221,0.210545193687231,0.161315978577093,0.00682123032966554,0.0490038824937679,0.302257178962046,0.238135316600309,0.317173993041994,0.137442848532071,0.0142098825757461,0.0602454412260956,0.441892628070016,0.243444634490965,0.224134703294265,0.222929246165818,0.228669940123447,0.158079768593202,0.260373925124933,0.340990356769354,0.358493490936636,0.475783824516642,0.0013624081443185,0.24463868707836,0.417676314117208,0.251419059215209,0.508927150958405,0.190251454205928,0.0207982344496309,0.00366849072177555,0.000629148859001553,0.0852120764897776,0.274285371846347,0.416323058735331,0.0149947418141632,0.499912447544003,0.201925626836574,0.0400013502850367,0.00673163401847018,0.181646541068445,0.212058340587165,0.0376329496011077,0.351038266664122,0.426476856192993,0.10354654028436,0.422563099703322,0.4292760825927,0.22508199177585,0.00705453432934758,0.0708913588129351,0.192100164366335,0.160446821389253,0.532138333654871,0.0326829102030182,0.0382293501917297,0.800994670435532,0.500018209345036,0.258549233875032,0.00568081814289129,0.333872105390005,0.203654791429774,0.000804607007671599,0.364962971955809,0.0711563490979168,0.464291335202884,0.376809076866769,0.124374789892335,0.30040718399497,0.111298569033094,0.254851498921889,0.0513519411746367,0.240135761922623,0.115573447336972,0.192339583067891,0.295620156776976,0.00418863593387892,0.481573525351006,0.270903010033445,0.113747096051979,0.283716847155327,0.311353371629426,0.20987688420454,0.0983904541323404,0.331298584657314,0.0707090657712819,0.0427569104811013,0.471286914718731,0.214234269626138,0.00284962250053871,0.760701273230274,0.139429702239357,0.0320643178056278,0.00164700055859809,0.000602327984954508,0.602357139267226,0.119352743946884,0.176590203414292
0.524384916686486,0.155196251398315,0.394495237780234,0.423575602434718,0.137349356658469,0.00323940733674549,0.0504693893926021,0.0144748437287239,0.20258102900105,0.164806465996192,0.0847746306321969,0.121790086593013,0.26035801480964,0.364812119563827,0.668368848143216,0.273130414121294,0.365275459098498,0.105619444537829,0.191502817169664,0.230516886781228,0.126187606190368,0.369140683499566,0.16174358170754,0.000575743059832569,0.804349923397818,0.00789508848568407,0.0815422829330538,0.246983649890218,0.157308163925081,0.0599776267102659,0.323143178531255,0.416470966704198,0.0570525466284074,0.382572841837458,0.0164396558304889,0.0525312867294781,0.207067846093512,0.241394688599504,0.267300758788377,0.238690992487614,0.00507755949364015,0.230457820929567,0.212274552022465,0.160010411244144,0.50385344059384,0.0169543466102799,0.20910616158973,0.251502846229441,0.408045766408302,0.10916703954525,0.513971145207603,0.280378997538505,0.000511909666586418,0.238618967306694,0.266069018396853,0.330002097952829,0.497339046983654,0.342529889029599,0.158937859206301,0.00712298615144753,0.000509878007977678,0.145670209344076,0.530073310561115,0.198120008073585,0.203999786107695,0.290082420070646,0.451908776814369,0.0652862815259909,0.111429793581504,0.21263294440445,0.0954538260663132,0.00033904393318772,0.190504064626824,0.648457831687785,0.302531943127962,0.295737818839482,0.390890028132859,0.24840594669286,0.132414654666905,0.0399910876696592,0.12854745949788,0.125819077758053,0.0654090371501187,0.0254692734428752,0.112356202715307,0.226064891402397,0.241928957941215,0.26757109218238,0.00158800211208221,0.40832657104384,0.176105077491964,0.00381049733821833,0.120322933106714,0.275313338175124,0.386371115435243,0.333105874033039,0.0346308560121789,0.219249156272057,0.162858151994737,0.334146395442215,0.12905237185397,0.199485454587962,0.220961104882526,0.0875008575824994,0.358022774862789,0.00735045140522689,0.453301896811742,1,0.229325070217379,0.0181637117498944,0.156576528869805,0.22354594925717,0.0834774790622221,0.331013657902072,0.358031658248921,0.00448726149122721,0.765435575669852,0.45195224688448,0.00460571495316751,0.0449656777938116,0.365548355344106,0.016696224481753,0,0.00063451991663984,0.505163257442495,0.24280053540427,0.133065111127299
0.535161312242451,0.292701149308608,0.114398861188958,0.343298654329396,0.54753551470637,0.00220597677532975,0.237486961405761,0.0308483224442292,0.150784237192435,0.140806692475919,0.132399240483635,0.2356332380668,0.38323743800521,0.570548232002617,0.498877257100381,0.360584641826939,0.402455072179122,0.55703349890281,0.220750715156132,0.495810174561896,0.140826526865514,0.415820528948393,0.019787014547259,0.00775930107894797,0.591090992586761,0.0341092299603747,0.0535340693170961,0.73030579181855,0.574305931504674,0.137739150388664,0.593488671058975,0.582777509695637,0.114172345767575,0.157516040436551,0.0387408804894274,0.0868567014966774,0.450302845439889,0.16063247947592,0.17266781504618,0.182976580761824,0.0123069358916383,0.121388968386521,0.153084121847295,0.18883914627798,0.660780817823924,0.0139675535110962,0.00126217926023981,0.0802173147169531,0.400158725006832,0.295281784673444,0.532048549333239,0.354772756396157,0.000761808632920094,0.251401141670991,0.636894539763567,0.227653371135698,0.338862230889636,0.269870570306295,0.136430924598416,0.0344124810206556,9.64317518916435e-05,0.319715784447613,0.678831825173289,0.76629854963813,0.0551351977612605,0.328982881985327,0.228611652656477,0.143225577774308,0.0612537565534034,0.362950109343801,0.209558241671283,0.000242869475038093,0.19245101345261,0.551449903974888,0.1164936492891,0.541027057366606,0.543270127679897,0.267351457539081,0.000476761084057823,0.0631721307596983,0.126688513834451,0.138318011382794,0.352083141110058,0.203427791709777,0.26132241683076,0.710876104127138,0.372123773920776,0.248950147666503,0.00266768593022248,0.320298145105834,0.08658865241877,0.00123474282938283,0.234660677431104,0.314377242624059,0.378204944771934,0.489336294439861,0.0591241370406871,0.300897999371282,0.268583930120651,0.302762619588105,0.2121997603873,0.234646735401477,0.153997314179408,0.333620174260764,0.209081197686867,0.000292434949714381,0.129229592812082,0.103678929765886,0.237710694283816,0.066264392092638,0.738922720941209,0.276485999045744,0.350484231923148,0.609489919167518,0.119000592534071,0.062615010676927,0.592161537302778,0.37462624675353,0.00494203082425583,0.204482217031149,0.415559634156345,0.0118546543706156,0.0252060190384051,0.000242286643736975,0.574084870415976,0.0917608704295162,0.259242863751462
0.449137014692106,0.165164640843598,0.161016075910559,0.343712838205687,0.18095182064659,0.00249032305406248,0.242911016609163,0.0591402960226295,0.0928560330747631,0.137572278881473,0.0404124641090487,0.2606332380668,0.269821055422432,0.373641672040962,0.658724873788212,0.447716881288486,0.679858587842483,0.154661756501647,0.207721652172466,0.351962334064216,0.25934918172704,0.502800491209153,0.0195846065449607,0.00142703985036155,0.574497069050017,0.0397864005165151,0.0667031096836736,0.21329752083733,0.526357673156053,0.134669993976422,0.405302908565001,0.272233839114972,0.0289409971305595,0.194134048980598,0.0279555938450801,0.0468487343789047,0.428558978604732,0.314760448018947,0.173850811503963,0.15842901456903,0.110993083228879,0.102481109226899,0.115744553903225,0.168290324979549,0.432014225155843,0.178081382177087,0.00329398002062586,0.0859579833490942,0.532358019120291,0.437392483030197,0.420367467014286,0.728350033374581,0.00387996481508912,0.490626621691749,0.428269078266715,0.383103832979426,0.397223576505607,0.204890102813969,0.0677220152441605,0.00846809941609856,6.73460615437591e-05,0.264138989151594,0.443478955674078,0.292105187278337,0.0545870987291232,0.332394408719017,0.274634574985748,0.0737711351255554,0.0276339745980214,0.268391491558115,0.306453766716784,0.00391627028498925,0.0535665430205702,0.603168076539285,0.1158536492891,0.350086419643096,0.339788220018357,0.159704996087702,0.00567524156744767,0.0641837521270103,0.0916077487962985,0.117370338924525,0.173042887459214,0.0196958221911039,0.085941548346979,0.38921850166634,0.23778042891612,0.330892076707174,0.00974736449442689,0.407603540417854,0.104092614312958,0.0051312673319434,0.160641010076484,0.274083715043828,0.439910862473531,0.337041953834033,0.0342703975396792,0.468223040742125,0.240085590543891,0.425985001296262,0.0423686917948238,0.276814656920595,0.122814690699422,0.40627456361302,0.303049642209504,0.00128407526791879,0.227468722785106,0.0512820512820513,0.163747264641124,0.0819951056855698,0.264665139427707,0.260745929976629,0.187936712695574,0.687361020781071,0.148669619931717,0.1067791106169,0.500389696298868,0.300464872651084,0.00893955779497621,0.755056645592327,0.348261012222131,0.0517655868211555,0.0209445490616128,0.00237966147642365,0.263694694342531,0.105291755569397,0.0643801782046421
0.639414839658495,0.165264121715862,0.128684884420602,0.0642817645941105,0.456898851862409,0.00415971088404175,0.401219610045735,0.00517949679749863,0.0939777253142444,0.293468183137169,0.0510826367930807,0.169408778739922,0.24368931672851,0.445479061789364,0.771866385851891,0.521002515949521,0.570951585976628,0.497414862095618,0.207087396055038,0.59135179236143,0.190977400429252,0.495537185131938,0.0478107289299799,0.00445949953237984,0.404227977355083,0.0162872103812546,0.050934020072566,0.479676941442306,0.43308764593468,0.145627169205175,0.410676522577535,0.57974996872375,0.0100430416068867,0.145627861872016,0.0761404159260188,0.115592815636787,0.260512440629221,0.22257478052613,0.244837371851457,0.100553505535055,0.037973953606949,0.0789771004104926,0.138229361903588,0.192178181006916,0.53576609639422,0.200998370342644,0.000554127480105284,0.102223211140161,0.441425132785613,0.507317386814401,0.424024521288777,0.645841182894619,0.0261544150217108,0.25029190451479,0.520232337077825,0.108240641071642,0.327802725103282,0.306295477473223,0.0386469649812283,0.0282371883056668,0.000375966708792116,0.197015380540094,0.370727712191127,0.188301952077506,0.00861807746466321,0.26150409081303,0.253952826236902,0.0768008371767228,0.0584240024568408,0.277858898955461,0.378855246498378,0.00434569503426939,0.0301713442218249,0.227732453479218,0.119889289099526,0.558094936878024,0.309550993604812,0.17473820899995,0.00539734339545675,0.0615519793099772,0.117957620139489,0.123422272415208,0.258524228520622,0.262582848216694,0.166040522333921,0.686718624769117,0.264363671436181,0.275646174567155,0.000374342929647172,0.513718787519651,0.090017817332056,0.0036991680667166,0.161685079519242,0.422846541595058,0.495636124306072,0.254799908189155,0.0841875048732196,0.197201017811705,0.246266803243153,0.394500053747463,0.0593509079005385,0.391668470930014,0.105295255460963,0.452821201399575,0.251245626078747,0.00131046037616369,0.0848998491896599,0.0691192865105908,0.161309465606129,0.103066144040098,0.410297734851363,0.274472121133808,0.232196780908265,0.649927839202205,0.0921813718574532,0.0242371163440627,0.560825370211484,0.524476745454942,0.00270261017365579,0.153672595651723,0.124888237224182,0.0612122645227398,0.129191645215348,0.000312600599786517,0.336760985743244,0.0364843553282002,0.0685516934795481
0.00699901470181382,0.217471277435911,0.375695696255993,0.0157219075515969,0.00159178140308777,0.00184213583802658,0.0893524833507181,0.000994278403091255,0.0502639387313509,0.13686452973608,0.0344743282925279,0.228874290833085,0.26100325068199,0.574786632612258,0.970313129123177,0.286731641673717,0.578847098104684,0.0141098131571235,0.177933804371744,0.325514592150664,0.154980354972901,0.426004133345314,0.0220494136697224,0.0111453272200552,0.409267899247871,0.20416583931834,0.338855792503991,0.106113171750762,0.082809980277417,0.108424404096033,0.161632653061224,0.0607465194002109,0.0880335365853658,0.561344350208252,0.0159162041025529,0.149524455658971,0.113970107629962,0.534108118161012,0.283621143126768,0.447861689772276,0.00816415722527914,0.135511663370481,0.364361546892531,0.160791254554919,0.686975772441075,0.0509856198334444,0.121215386273031,0.074076134319779,1,0.0487659577818339,0.273732978667183,0.76259101506542,4.33949824907723e-06,0.031830565646082,0.410418406306292,0.135770880022587,1,0.211702333168774,0.0705581381236556,0.00669499556724038,8.78426889701206e-06,0.00119730921240816,0.40406703821338,0.298837980450391,0.00428675828387074,0.240283186909398,0.165776502565298,0.00813631127445809,0.0156157457169807,0.121133915594735,0.328472442035293,0.000379135936223588,0.0446716591694291,0.248376598956009,0.217687962085308,0.0790695188118636,0.451827143358183,0.0857875372500708,0.0161078958774189,0.224032506047867,0.262958799066427,0.264049747929201,0.00915961381994481,0,0.0114908280650845,0.0450315195492448,0.35610115111075,0.616265610349788,0.00177320335096029,0.805515817124107,0.218159353203986,0.0259295994170394,0.11744567196795,0.0757620427563692,0.604139243404109,0.149887407646355,0.0462358293165222,0.119738192257276,0.101189557679317,0.325142114614884,0.0449607845757118,0.0895392368830055,0.204732218758855,0.0221991355568406,0.433943583746434,0.161505446326094,0.0870026975934068,0.032329988851728,0.14452810212456,0.279705114015816,0.0804678416429714,0.00064212049638084,0.00941100589287285,0.0249905540586578,0.123388166248131,0.195766623040513,0.192932415527596,0.471158253126432,0.00333899230098458,0.0199076768530404,0.0921294397506357,0.000614802553795223,0,0.000143169380390031,0.0321623025246687,0.0992883364035146,0.143148971036609
0.47234491260939,0.251201383799235,0.0485890166814446,0.245871504789802,0.283387635645297,0.00369497288009148,0.440728556527321,0.0375898897044655,0.198260998078723,0.568464113579583,0.0476816550719992,0.194555944205093,0.301210806789867,0.441461467310595,0.524127357760089,0.345347936055355,0.495924580182657,0.444354334576721,0.186438013946238,0.391837914095831,0.232195605941101,0.550573576541768,0.00594818355141163,0.00241428864709505,0.691160069617298,0.0118251491412437,0.0732210413514681,0.372825669885528,0.753963167932725,0.0624731090267619,0.21092720552788,0.71189480456812,0.0360249282639885,0.111942363728963,0.0368106522426635,0.0360819779362452,0.413307769401717,0.125151344929803,0.110937524692793,0.186203525381867,0.153610590945373,0.0957481344160199,0.136708540595228,0.173165761879973,0.485677835891969,0.0541978725802762,0.00341711946064925,0.119575012515993,0.585192715820465,0.381985568614689,0.589564359575105,0.347384446488784,0.00233948611575376,0.361173456149455,0.310582785839202,0.211106993633595,0.477303636037053,0.328269548605894,0.127109725697733,0.0228363547430528,4.19692847301687e-05,0.28511485598343,0.458260921675556,0.437299962515498,0.141329340676969,0.279533858648069,0.231964019690904,0.171000940979885,0.0488187421852721,0.41184580486546,0.261078578776608,0.000729303662161145,0.0983654537472402,0.53641181986391,0.0732906161137441,0.50830341313044,0.418575149059377,0.234721227962109,0.000726614486398287,0.0535027314974811,0.133512621352588,0.0963332940636413,0.278672023754603,0.0162256279075947,0.196820914084361,0.333146496494976,0.210610885506442,0.152409544722946,0.00121103221450769,0.34161980971249,0.103832964750334,0.0225593587433961,0.218089110112905,0.293732517419661,0.500897813769816,0.374792960341437,0.0248524612794742,0.254850323552614,0.244198561048171,0.438026013771997,0.0525544584441208,0.235195638053591,0.13990291620979,0.620701551489253,0.278492438851345,0.00177659728849038,0.286284755411117,0.263099219620959,0.340442175609197,0.0711303884065632,0.579226480328164,0.253000861200069,0.401790338815757,0.615738486791167,0.1778871927993,0.00886627763946428,0.443068318018378,0.521835919596674,0.0194036132810533,0.147063278827065,0.10049114100566,0.0268345550563569,0.0255688198607536,0.00390793107537995,0.595144996733176,0.159574327100203,0.146903334784024
0.338142931334909,0.12050178964059,0.0545374979486899,0.137107672863057,0.172835061284827,0.00204240122788673,0.101885581320709,0.0129692955524668,0.0471489690663049,0.303044029074335,0.0191780598648843,0.244089920232052,0.167405096295328,0.422305189078713,0.552567596865612,0.502010761069179,0.56971422959835,0.398656240711431,0.209785295983106,0.375792497407917,0.318289761553176,0.481909126306646,0.0739833894852308,0.00388512511690504,0.281475392755016,0.0325519418645746,0.061642382506113,0.217491633092452,0.546717270746493,0.152798095402002,0.226045315764101,0.315397744535592,0.0326398852223816,0.125721209189618,0.0614946727881438,0.166578348156175,0.185018955074295,0.348179685809823,0.271687327714853,0.211614795430823,0.0707307375967028,0.0837099385329056,0.112852074996919,0.135658511192087,0.309728669584403,0.0880978100863642,0.0468237720688965,0.0686173073000686,0.51567095342845,0.198274742188904,0.425271724769672,0.513346963678128,0.000137676519076445,0.396922029060716,0.595857425700976,0.30955588103235,0.543912139796259,0.15490781085664,0.0565212461693977,0.0250476394281231,7.86680081221302e-05,0.401592479684977,0.289486826072192,0.440486145151524,0.00806552234283372,0.213670259336413,0.326122573675541,0.132973538632921,0.0178449996709588,0.257776313823501,0.332100182005223,0.000971941391516949,0.0186296279800724,0.44062739749382,0.0816303317535545,0.278496209117718,0.208048833269904,0.156125659680024,0.0255538842005966,0.0759009509480432,0.0692423087831765,0.0638921275100442,0.226834648839531,0.00534711474748805,0.169693750647736,0.35047622440117,0.306712604908839,0.355358599015964,0.00130428957592857,0.427786487066154,0.139011003769395,0.00749954456207113,0.235801869612723,0.201079335859694,0.685994105190866,0.220842302467106,0.0228021939394404,0.445028677853105,0.257128258938828,0.282019260561376,0.0825416761309229,0.208360397283542,0.141538433107051,0.761572463270967,0.198153725149285,0.00291775322008259,0.149812018097241,0.0746934225195095,0.0859197717977335,0.0951205525808423,0.383463609118921,0.216063891374077,0.282887214518162,0.400424912508904,0.0607488502017437,0.0166402613633009,0.379515073714821,0.321067679346996,0.00848039600690354,0.187891157547298,0.845359281437126,0.00594900291637109,0.0108034022654896,0.000853086189661307,0.144172488314821,0.0642750175596697,0.119338958030198
0.256433560324032,0.152757954916893,0.328123111681591,0.154035837580141,0.175857042949096,0.00607522640690258,0.00807189280269598,0.00440359995580985,0.0426546211067616,0.106608253770534,0.0450249776572886,0.269941986947063,0.246524082313752,0.413063644674466,0.447060736519342,0.238414529886061,0.420210154178533,0.206357405848805,0.230911757037377,0.457498342766815,0.297097203630741,0.395123850600533,0.0185399200814855,0.00268299915600265,0.300836256565212,0.0768853239021868,0.0826479620042834,0.288493103962823,0.324820038603465,0.147835814473797,0.188172906958059,0.207388343788537,0.0414051291248207,0.229749748259912,0.0355947174996456,0.108702648376943,0.393873371388732,0.132460498498886,0.102392407149453,0.217590891048353,0.0486571630615893,0.101699422064081,0.218670756778842,0.173838030787536,0.374020982377172,0.0963073868679605,0.0657256761124879,0.0973911108638816,0.749405042974063,0.274411518864595,0.251582785773425,0.411471293078552,0.00160872324642657,0.138294628956928,0.398701769311969,0.218961572170558,0.47315183084858,0.13913960376913,0.0670720704176095,0.0496163370120143,0.000633638596437803,0.273694089861354,0.391382513333733,0.344352815662755,0.0211396894996702,0.302448449717719,0.107510070644112,0.067329431572196,0.0333839691140018,0.357245215359748,0.243946348025639,0.00157517540251328,0.0338616393818119,0.316446619565054,0.11166028436019,0.325171725630997,0.544717813248562,0.134300031631345,0.0360834204420876,0.124969678311593,0.127043900505401,0.10829700886818,0.658678566335903,0.00954808908237711,0.213092030262203,0.260691869035409,0.349940389407844,0.245022554645768,0.00425306107437734,0.312214353152922,0.0891403808790481,0.00355241584519159,0.216340900813403,0.138738881258674,0.419826303439593,0.377978424451461,0.0686673390111934,0.466236054022314,0.20520372087646,0.235458149696169,0.177571716793822,0.151257241194941,0.147091798390972,0.492701237859082,0.206200705346907,0.00240544236832732,0.104441470719429,0,0.161950104356681,0.111176924510982,0.370340098464703,0.235025603458434,0.207706665884859,0.248459227600731,0.0782144973335967,0.0334871729268557,0.288430932061854,0.276610139898295,0.0152107411636529,0.388889331813217,0.0917879993437782,0.0386616221328919,0.0212555211950544,0.00196286067670829,0.230957765827344,0.067270100852141,0.0739254768135351
0.245247028330963,0.218847767872551,0.10471922176157,0.124374721119748,0.151686161362386,0.00355585722759321,0.286704645751424,0.015985530294661,0.0748407462284993,0.0240068510117274,0.0743679525383765,0.0919560209870751,0.142465818833851,0.410041024163461,0.796183448446743,0.412772274369514,0.558833349700481,0.526213406462526,0.158077704695529,0.438937331089695,0.423573788139181,0.465825021715039,0.0114784925174332,0.00725427131093319,0.473297289787791,0.0103989879500619,0.0675230775663291,0.543643814883503,0.834378126488519,0.167053896681295,0.260703840591355,0.241305202580737,0.0619619799139168,0.165846137388461,0.0500823345947066,0.0568204078953567,0.540720728572051,0.196585202925559,0.122559787602468,0.242855147674983,0.0338311749405898,0.0898513085784827,0.0975790081261795,0.121299918197367,0.47434590900829,0.0278256605912953,0.0679729708929149,0.163757393706774,0.802905630863847,0.142077893789308,0.302756883400567,0.722388510728637,0.000413590885361057,0.185459911779969,0.448756124844417,0.249566194333174,0.621072079238408,0.247292815900749,0.0772300533210264,0.0788929310221842,0.000329507686625697,0.130564301876628,0.509897924532071,0.388642196015109,0.0300741493324778,0.210400627962443,0.107666287672398,0.200567119715427,0.0382016803035953,0.411689599434944,0.643863258684814,0.000463723110258802,0.0817485212308619,0.298625562235806,0.12176682464455,0.280251329704302,0.522950293641377,0.136497577704896,0.000815847844377024,0.0685315079028053,0.0982746660561306,0.0936338412664882,0.100160209362602,0.0276737451235596,0.542970774173489,0.203229588250023,0.132378336562324,0.326991970729353,0.0105958751349605,0.520316718369621,0.0513927065333202,0.0019330809869846,0.252628384120432,0.157064580382118,0.540952469524409,0.42260283745138,0.0396261457658273,0.260069870756894,0.429289581830037,0.468987713962326,0.0885052710340312,0.106011398878409,0.109915359690515,0.631751134459135,0.295646604411235,0.00103781425763299,0.236262452473502,0.295429208472687,0.1730803597018,0.0259228756103144,0.475086434817978,0.177387095062954,0.433629442864542,0.312419709498591,0.207104765666883,0.145954084293601,0.478992422208104,0.406687182173334,0.0109816194314047,0.838227204235065,0.184405504060372,0.0059273271853078,0.0122027768659768,0.00198488673522983,0.20369569951919,0.0594775832593398,0.227836334645181
0.0687925000849395,0.114869954137288,0.135873692727104,0.0628940351116909,0.0765973331653994,0.0105024673919026,0.0493460643504774,0.00777181439108798,0.0437062075812753,0.116424734417133,0.0638716319551027,0.0700411636735913,0.168720070668092,0.301401715017375,0.582924241954967,0.352202954741776,0.410802317588137,0.749325669321238,0.175598336510778,0.471691057739704,0.435967475581943,0.540315092700752,0.011576431873384,0.0118743584479573,0.530214447518823,0.030694935129647,0.0716113027036486,0.718562810428258,0.901027449014923,0.0441442216676706,0.166884139482565,0.129636480617661,0.0272372668579627,0.111551672414635,0.0345041930664457,0.0254655084551496,0.520698069632664,0.124059194370538,0.0720747364785085,0.297624998162332,0.00152053634567467,0.111776992768326,0.133953875986588,0.219919684688034,0.371820086088879,0.0789874891784841,0.0251820154847846,0.196020841445551,0.366012955562233,0.100967209866564,0.311381612556591,0.693676807821701,0.000160000107084136,0.077234691229891,0.349918335407771,0.127475143180379,0.536660593774858,0.414510399450514,0.00841574750841175,0.12522800688861,0.000150113395151162,0.167246817656179,0.460777851021753,0.307199907730458,0.0606607489795555,0.137958518250159,0.0672356829928159,0.153947684894108,0.0949064426261873,0.361231849608128,0.92526905119886,0.00123219179272666,0.102087561796537,0.22157481183591,0.0585342180094787,0.197722797858218,0.300536539136015,0.231058651172857,8.66838334650588e-05,0.0641052900789831,0.0736504703747621,0.115060874793326,0.323287395465488,0.0127537005488649,0.501269561612602,0.0875119304925054,0.222344507201096,0.197130963543019,0.017517935623524,0.765906120995969,0.0455550680908594,0.0487976438677813,0.22158552871191,0.118633464445195,0.46412321868025,0.152654139862656,0.087202829471187,0.196879244589168,0.185791048753593,0.406816126768133,0.0103104721439101,0.0649727937416966,0.121745906587653,0.732416618478698,0.292441841077316,0.00143139212228618,0.142144055736103,0.0568561872909699,0.188243267392499,0.0484381378950672,0.394303935902011,0.0501552579809111,1,0.0786168664250983,0.246917412036906,0.0031686364038929,0.364634569663944,0.243763504223139,0.013041805875257,0.427197856954931,0.136132187679436,0.015326712382754,0.00961134242063012,0.00947205232036055,0.10482484796703,0.0348675404535033,0.0120357554894339
0.652843774420106,0.381176188745668,0.366245040282006,0.011323872576544,0.055551182276786,0.00140032898558701,0.418631148198668,0.0179740871008435,0.23576379283557,0.0724664349967797,0.219675711503305,0.206128695132876,0.354718263756341,0.518262955867048,0.321011552637284,0.236905626355959,0.525208681135225,0.0569130205615875,0.284989949906711,0.499328608094097,0.0369959451393297,0.626411477521191,0.345908746637415,0.00536234859371792,0.49843129536798,0.672251423975743,0.735875879007119,0.364943723220567,0.102752553318884,0.286177322662995,0.0598553752209545,0.0941629581970582,0.60321018651363,0.303155530026255,0.00402403515850773,0.454638852032599,0.0591964791494183,0.441113063676837,0.695915727305771,0.19531100689493,0.0206046332351004,0.408560755887215,0.367717730376865,0.372347735554399,0.557173267653632,0.0235638165721597,0.637646805301153,0.644779440396062,0.0593711097453594,0.0173575527267813,0.491898462134691,0.146289683716073,8.25368249065783e-05,0.156538661131292,0.436073167273243,0.0883826352248241,0.366872802853404,0.424858872265986,0.298875611419227,0.000947693436458684,0.00153158608368792,0.0207215464460256,0.659275683665927,0.862201205270898,0.0464235424130617,0.392310479123268,0.519022887684366,0.0051369906366172,0.140031697633097,0.322513277461594,0.100458969692174,0.000996969925204081,0.378747293253335,0.674823368952048,0.31631317535545,0.375758399187477,0.482862835523517,0.536534203472789,0.113614460903042,0.203965987001654,0.356514340193891,0.47149528154338,0.00499920314714936,0.0115728986318527,0.0241734894807752,0.148029255505837,0.358459161241549,0.12352371673686,0.000153677623749892,0.324910505612885,0.166703972638308,0.054207234378479,0.0789000849823965,0.177169997195596,0.0972178503977566,0.101026048225507,0.0991746523556984,0.0319430357598297,0.293579190603067,0.357270450909597,0.312748019186831,0.321718959809145,0.449302056254389,0.00513177367662769,0.42517791783525,0.00628405328032858,0.42182289343444,0.0568561872909699,0.267878035869026,0.523653886543467,0.0831961504368747,0.000385303072834322,0.0343213423632081,0.0495958375917495,0.239355548658334,0.178575294476535,0.243478317821892,0.369082694951876,0.0271489476535423,0.01061955369173,0.058903084242474,0.0140104043509104,0.00412326013970711,0.00277274190542349,0.148915246854635,0.569344129769273,0.546295414259484
0.0144797577040125,0.344532713980311,0.320247353014885,0.0779263478589469,0.00316284727516191,0.0284330991298392,0.029126213592233,0.0045320596978113,0.188514401997825,0.180553884481185,0.185217681845223,0.430739453141663,0.613370518689222,0.535204440895988,0.487545296868709,0.222963535386508,0.340273004026318,0.073467944245556,0.180001146468784,0.519878299593765,0.25631277106991,0.718677928535059,0.120589464337016,0.0273984351832843,0.431438152903358,0.30221129914293,0.183234560368684,0.154340133444182,0.179341598581351,0.216131715572383,0.177258556966094,0.163786570871982,0.0351506456241033,0.344178118030637,0.0598861492491739,0.0860900725625154,0.325831190901564,0.350362089186286,0.101006224277164,0.130599373722821,0.0299524415079107,0.273855340888219,0.483695757913783,0.303240871569867,0.470158555754564,0.0277315366607237,0.172564532762787,0.176837069588919,0.205221173245832,0.0206275120097521,0.395370549791252,0.398754525650613,0.000409488872090785,0.0296769590036326,0.179751382521151,0.133678809303931,0.635026045007826,0.425427676060873,0.378833197329318,0.0299083896344757,0.000502264974933601,0.0545069245263909,0.274365274365274,0.0697355900925579,0.029129458317737,0.417640310358361,0.156091046811566,0.0073759320131484,0.079148112400465,0.126937286915418,0.175140460552346,0.0012491092275337,0.187568795373133,0.23139795514148,0.415399431279621,0.0382496013114404,0.413247069182953,0.282984001198662,0.00648344083828366,0.889148698757844,0.307224942676813,0.308044328711697,0.104714852498343,0.000130558333290006,0.189177634988082,0.0279919998910409,0.203928656186355,0.141121532433184,0.00215542718438951,0.716227062571999,0.453321276043299,0.0480082181244054,0.182238679130751,0.0222410780415196,0.0743325416356665,0.153562943157921,0.336365274811239,0.0972971049306927,0.545403598702229,0.193522482247529,0.197377621598992,0.0788437670579123,0.511537940295933,0.131740353421999,0.660828638878252,0.00552987893632834,0.43586312368572,0,0.522990501687577,0.0174156415115267,0.0665001285490079,0.00391931239712252,0.0723367244226841,0.0674025209823779,0.29096244462628,0.00768541935229923,0.208133845942246,0.485453632772431,0.00727408937946701,0.0684450964290555,0.0568903289311787,0.0146271774257114,0.012093360744951,0.00184764744751868,0.193059255164095,0.410869766887101,0.252746506978571
0.690414941585893,0.671414678910258,0.146871259141846,0.0766133422717345,0.0714031209190404,0.00238178227024515,0.084153093155741,0.0106544510016006,0.530484639258471,0.0174035514852116,0.635978148964086,0.389002047519516,0.787814780236557,0.489354855647992,0.284836002106111,0.153951461937659,0.401139153491113,0.00867636585192109,0.428361418736628,0.363384495096289,0.0396132455930806,0.333063767334591,0.434880122228316,0.000262779716690618,0.573408816390166,0.64823646801565,0.711113468378972,0.115290123851549,0.0531113283379659,0.202363537274474,0.110994697091435,0.119807695744643,0.568194045911047,0.406277107116861,0.0353657073686736,0.0888294946446304,0.0791102008802127,0.317503634176057,0.357352977696905,0.127975184134311,0.00746610660750435,0.391962718221,0.499281744307459,0.569389454897003,0.55893439314012,0.0207805938344448,0.520587375128912,0.354838590050249,0.022016289206176,0.290246939661903,0.589518558317332,0.174462038087187,3.39387624256189e-05,0.103230409963674,0.46201152232253,0.0991782691300946,0.257889199661287,0.640583077550495,0.631078860504594,0.000356658820172623,0.000271531511905417,0.00530622511750492,0.827790096082779,0.569923012600559,0.0538295634814537,0.405953567007819,0.46207800142989,0.0071219096406132,0.179239695527234,0.253806658426264,0.0296549814038142,0.0025417866433376,0.308932847232385,0.587688728206311,0.365282274881517,0.634182087078927,0.463184759005127,0.629580301996104,0.284236289931928,0.216515722057479,0.777343416291062,0.749371346395245,0.0182772880161719,0.00726793978372377,0.0728572909109752,0.145854265170715,0.275954419808246,0.103607827088175,0.000345446282446338,0.234385744577823,0.397022088119689,0.00202922899419064,0.0504795435231274,0.23318975745504,0.0123082756252504,0.124549475499532,0.0965606893193087,0.0393912703073008,0.555577763114257,0.198219062011926,0.42310792815182,0.425015323532372,0.595938004361378,0.00114082974782174,0.428505720163331,0.000718994199673704,0.648059644427452,0,0.604344879441903,0.443780279735792,0.142712422438901,0.000249008265820344,0.028584830983025,0.0695871659078943,0.301839677210011,0.17943141673473,0.196842477551528,0.704729479037081,0.0804519924198028,0.0070398392716198,0.0473320482323025,0.0356565775991172,0.0144947566643056,0.00419172836786906,0.193295471679148,0.913076321613634,0.815317679566611
0.554057923884502,0.431854587387856,0.0399054552763512,0.0916029556503007,0.144896024606736,0.000247656436315606,0.346914868009308,0.0420834114796764,0.378959554657865,0.00931397875337065,0.278557244878833,0.146744230687199,0.38427157456401,0.433770951337829,0.227649673243101,0.165708474064402,0.206363547088284,0.0126274926687411,0.258042386060419,0.680213485628814,0.0850451582079923,0.500164734777009,0.361458251717203,2.50918132256666e-05,0.460658894535968,0.685827429500556,0.59597031081351,0.251236383790582,0.0998123389529623,0.398560078019677,0.202571107183031,0.0824969170553858,0.339288916786227,0.501394163350829,0.00115595589919192,0.390469678950146,0.0279532877249553,0.700223174467019,0.506132843277803,0.055699710383558,0.0202373979100972,0.59496751513184,0.23746052025708,0.766950249126199,0.10763424412181,0.0250041316027664,0.311096402789108,0.384795386697818,0.00597312773070355,0.303204743802889,0.358563954410133,0.286277404930258,0.000156502601032641,0.142235339906591,0.330560413417151,0.119014707237545,0.313905211567576,0.566002704501062,0.435477406033468,0.0010801667125228,0.000224096459861552,0.00307493936935222,0.375881424661912,0.437732475995502,0.00446500187155767,0.370343869818555,0.492676381938036,0.0022448488735669,0.192404084497774,0.191124135776477,0.0450091991770199,0.00191862250366448,0.282971408695947,0.48387129124943,0.444692322274882,0.160370802633572,0.435544411859082,0.351956981370803,0.437307192208653,0.200574150528541,0.537433493143429,0.901478097667787,0.0427113127941016,0.00166086375313614,0.0336952015752928,0.0868749391034137,0.187894027214767,0.126959597101033,8.80034255661773e-05,0.558228287522968,0.627349157034265,0.00019229601441208,0.136493869127109,0.262815765062883,0.00833428718594403,0.16029987407026,0.1406363242439,0.106627045558343,0.657121988569312,0.413504524271722,0.414561148003153,0.465834367608238,0.401791984427169,0.0109084493928316,1,0.00150614992898008,0.726374816797298,0.064659977703456,0.350517062907354,0.474831094235611,0.0619337608067505,6.09345115185269e-05,0.0165938608578381,0.0935030505744991,0.474436387235123,1,0.418288218072739,0.766668849167376,0.050119120262125,0.00825965287134554,0.0851724632925929,0.0287617245999842,0.00631158256022206,0.014079734331848,0.137627112965104,0.482963807201452,0.814419247246956
0.0744106412204107,0.272855730402776,0.349790034894534,0.114692639269328,0.000488472221301532,0.022304366702745,0.914450774291904,0.00424430987572805,0.51314009405541,0.235751240330377,0.279290683428907,0.17637247792518,0.293676562796466,0.387802884751317,0.427854089881376,0.190166256964384,0.356574683295689,0.0182850133977543,0.20674715370633,0.282290551221253,0.509603794230331,0.269281456854464,0.0242824309854005,0.0106475968886152,0.234279186974928,0.185126212767764,0.0637074007714977,0.267152160474089,0.0957453931221557,0.168086510053639,0.0643419572553431,0.0482252962307651,0.553241571018651,0.524544949268268,0.014618480027045,0.318957518011721,0.0526602466338403,0.19314934091418,0.18386790173905,0.281313858955323,0.022811080187806,0.134811134984131,0.330224134688345,0.362941920130884,0.0361469814772079,0.12310643993744,0.384302799883018,1,0.0354649878391098,0.129382526187886,0.235207074532739,0.328849600174428,3.76737534559192e-05,0.0504054229372081,0.563574965994969,0.201191715635239,0.322819532472864,0.296081156496169,0.179447051853461,0.339019493952085,0.00229796474345835,0.0158315831416192,0.353488743732646,0.246157838585969,0.183461668716468,0.0720737855870543,0.246095361677065,0.0651090566149198,0.191570513523592,0.171360753046006,0.131775737912479,0.000618992717391934,0.193524168252009,0.312771089170473,0.748323791469194,0.0587364022700748,0.394845045408076,0.335308905056021,0.473755194656197,0.159357018490091,0.450756734406556,0.34257254398544,0.0141839807413248,5.89245575025693e-05,0.173165613016893,0.0882212120227934,0.248080514920257,0.0796085845089134,0.0975905450170359,0.606496662340276,0.197709711788985,0.000268202335890533,0.244785722957387,0.363252964398455,0.0206318319693241,0.0770063461144782,0.175025596386212,0.167667574156124,0.485162493196894,0.222465490967265,0.499009036694592,0.126568819686495,0.174347333275839,0.0156619066754222,0.356308278224513,0.00100923039036768,0.201873446759702,0.0445930880713489,0.320585746124978,0.407891787038326,0.0223329918150736,0.000492977124438082,0.499887615194426,0.0232593143175694,0.0587173048164555,0.35242715580441,0.0918537099742604,0.379602348370763,0.026470274308891,0.0207448038332443,0.0407841850545484,0.00158626940963191,0.00217680493409118,0.00348774165127666,0.058631954566015,0.407821673270869,0.18988799792794
0.463887365370894,0.329060393010352,0.47985009216584,0.0478254279010485,0.0439078109152619,0.00355432848415916,0.336532135119955,0.0147112096540065,0.485321368616112,0.0830472847204037,0.362878230185614,0.112978287761805,0.450110136171785,0.551603335249679,0.422534611453526,0.202631643228143,0.470332907787489,0.0225846165967468,0.367158477119627,0.421957064912549,0.0839411755002593,0.468176236259622,0.561747499281778,0.0490846050320491,0.544423476928658,0.361243382774421,0.137846744208735,0.126990471318028,0.212175586464684,0.516736941743396,0.0504386951631046,0.0819071363465766,0.332384325681492,0.342880464736621,0.140715820237952,0.236923335503184,0.0856246459540721,0.54664460225224,0.566921703243984,0.201033504358948,0.0451608399673434,0.27355847062693,0.340556964323932,0.265879378299993,0.222842621279052,0.172158141336932,0.499191897424846,0.237455266915132,0.0484017040951261,0.154230017753832,0.427766131731464,0.251837514559542,0.000162115882349855,0.162117280747276,0.292527295930425,0.0883061677852481,0.53120012316851,0.629099680182017,0.404564305413386,0.00325069038957333,0.00125732168812566,0.00938759428497016,0.602844529673798,0.379645915631037,0.0615118621107606,0.568136944117381,0.517181668435656,0.00693708937621051,0.107064514006186,0.253911927303351,0.0705196051277993,0.000551322978163763,0.390412019333753,0.522637356025012,0.378691943127962,0.174850547472894,0.416657338795735,0.413038773369737,0.176256278204115,0.103314752003028,0.203315347578416,0.29808539939308,0.0280659961918822,0.00110627968252373,0.0465333195149756,0.126547559055283,0.202447896260361,0.130484046825705,0.012642283150365,0.370934611055956,0.325314041669278,0.00540453008926583,0.0591841689935656,0.113797665873284,0.0989884393063584,0.0873598799014894,0.055009541923749,0.442687295740731,0.476721987981465,0.133641485453407,0.477720027257058,0.305206138358029,0.654542486478495,0.0052435044251257,0.456297584181095,0.00136762811069432,0.147305592727118,0.064659977703456,0.444744907764879,0.284587629230903,0.0665730369415313,0.000281283553171382,0.0372922102670849,0.0723193657282666,0.212874918879264,0.433355310418122,0.23547153252163,0.208014142604596,0.0105164160408573,0.0853391161533616,0.0780616848494791,0.0142902183337274,0.00472792817695466,0.0200682807814168,0.127208456886298,0.226102283419696,0.384967975837587
0.714986725169758,0.520920421392854,0.0970991612844954,0.0364481811136422,0.014617707304462,0.00227171274299377,0.441723501564631,0.0219691850770887,0.589958959706238,0.0313815971067215,0.624465880167007,0.139163076398072,0.54016860321198,0.587946139460614,0.398411125220677,0.200880693362823,0.358087007758028,0.00836950522129583,0.342834847473423,0.426495334251186,0.0338379558663515,0.314014436756821,0.276825589594923,8.94180980405575e-05,0.34876182317052,0.583513476723726,0.630271913428736,0.124192620067788,0.0430281338534025,0.641740527206494,0.0251390004820826,0.0807874466069737,0.592786047345767,0.421404767829361,0.00206109117874786,0.0898699741641315,0.0879994771013988,0.434804969047827,0.866219807063211,0.0851060701842078,0.00703817122878154,0.41791430487508,0.282775482674311,0.753986762846732,0.486443009856721,0.00812530302980555,0.389243769913956,0.330926554300866,0.0534199689878977,0.132548823037729,0.351528176581465,0.230688166654872,0.000163001053634493,0.122421510119357,0.296114235897759,0.143201946586513,0.356834569295117,0.593010152611131,0.357218938785418,0.000723507892350178,0.00123272573521403,0.00608755076668971,0.50294640538543,0.213950001441712,0.0242723205532681,0.326866527790357,0.564157010711575,0.00348457932291645,0.136733059863558,0.234243626139281,0.0250628115850281,0.00143496926472889,0.308332644054065,0.661329709618056,0.38558028436019,0.483887636645492,0.435208608505526,0.349992508365658,0.488078423374041,0.251137250486195,0.715061902207156,0.606629401083031,0.00326290272523675,0.0156069200538178,0.0186029640377241,0.106986265920856,0.130962409908765,0.09764924700773,0.000157618075640915,0.358647512619869,0.511599172702773,0.00207477278707771,0.0337380114119218,0.260410449639382,0.0340811537801179,0.143733599667496,0.075008596039814,0.0452410185234613,0.541945098016163,0.390323559726078,0.522101822036352,0.545162998675518,0.648394667783705,0.0121433681920201,0.435813316498839,0.00195909428718431,0.368784383695491,0,0.474312071994308,0.212300917742952,0.0458632161810584,0.000646005840865292,0.0537590274316652,0.0558295394716467,0.31220902344742,0.197911848928863,0.218472259518086,0.540780025753508,0.0201950632052312,0.00348404276522973,0.0569682552702813,0.0364211397493497,0.00282178417382191,0.00326493959777029,0.0908679700457355,0.430470334097566,0.675655348162759
0.292731848429105,0.295533308835323,0.675311640119428,0.00361450155959444,0.0624337103007564,0.00496688741721854,0.377244644146674,0.0119827247338956,0.103186212280256,0.0905706581359303,0.168644687052636,0.18856481678966,0.548841277001582,0.31658482927243,0.550527302010097,0.282525809023221,0.590533241677305,0.0409171696964464,0.336954572099018,0.50289803341662,0.238991789472269,0.191316979662743,0.333682650369558,0.0305983256917357,0.596011283868005,0.395187767483275,0.119545742438719,0.0795975357592036,0.148089625844809,0.233198519920833,0.0760533504740479,0.0683663074365986,0.213011119081779,0.268528186750448,0.0357746540311236,0.0510720397814296,0.186565863436315,0.810901389526741,0.559196104239146,0.302605077843607,0.019317792096246,0.278676812937563,0.290517403513778,0.152462259239979,0.420577461269876,0.116521048190358,0.554543075715363,0.272006823533775,0.212193137760951,0.195873447851891,0.513196046999137,0.361158872570302,2.72244143884895e-05,0.0686429683445771,0.516461586131199,0.219310577407597,0.280798542505966,0.473794779883663,0.108138363193002,0.0107710963692132,0.00104376635094052,0.00926460784019108,0.677193823535287,0.377944695943024,0.186843840792827,0.378960239108776,0.306706308837286,0.0121204960609654,0.0586378792199531,0.0573817253229377,0.226129124792277,0.000612503838287863,0.229090978500849,0.155294919945644,0.144899336492891,0.121858378696222,0.309043557426105,0.476451296052741,0.119152028146751,0.292777838005219,0.347486151879961,0.344238120579621,0.0191076925657823,0.000937593694379117,0.142437040107783,0.100055841514866,0.0796128573183758,0.193020123569528,0.00177320335096029,0.466140276785853,0.190197781339255,0.00898224804161691,0.120335073449071,0.128402137099384,0.4511639386482,0.119810050806136,0.0792343964301829,0.261945645533432,0.458508034155878,0.173229653423713,0.0251637873058714,0.172426586811496,0.669151256052337,0.00439474277425488,0.395067861179818,0.0127901812217185,0.316043246458081,0.198439241917503,0.471918106136982,0.224357355748696,0.0965038507143104,0.000780877303860213,0.0221935559529743,0.0478831800303509,0.584845235743912,0.195609175268891,0.12552805485876,0.412623584102665,0.0111306456257791,0.0315477281968285,0.0453654335165286,0.00769882556948057,0,0.00515240338184714,0.138156506005931,0.103966497475383,0.287942888842815
0.538060175994642,0.450721439346106,0.399596480269895,0.0233971190735945,0.093669416584357,0.00292907241963396,0.579330819224906,0.0962600230713697,0.578427508744273,0.0286213754396892,0.51816618630969,0.261637802329054,0.275782105039625,0.706290147334237,0.565204261777186,0.27913160880871,0.613748404203084,0.010085525552886,0.324095630289705,0.445022351401424,0.0564167543885909,0.484125557851859,0.740026508919011,0.00321813909988823,0.62409746421694,0.283383973295069,0.199316461145601,0.266773784400247,0.169794031957854,0.864871066746981,0.0496287964004499,0.0761764337926474,0.240360473457676,0.357445343913006,0.0184516734097427,0.429612038980748,0.11074556625561,0.550553950909208,0.601264722548951,0.0951397362579203,0.0131961916786296,0.461814795672101,0.151144993611902,0.582547780174017,0.421872947083863,0.0261719250204391,0.366386011359613,0.334727707626412,0.0693092216506773,0.189728496277994,0.645945707893671,0.414355468936776,9.17987390799819e-05,0.259136611312922,0.345265291760542,0.11201695616455,0.272207538939211,0.633591083732211,0.476336099724213,0.000988454444478412,0,0.000967474815603808,0.722578454285771,0.419739915227358,0.0417758408641249,0.235464782779338,0.592978422522968,0.00322380552519758,0.159842718318819,0.15593716466769,0.0385994500276964,0.00108433804742675,0.267991779549402,0.622603759771746,0.345498388625592,0.263301497643506,0.494115979016022,0.26094194815789,0.368051908319099,0.147115741103991,0.411496758805217,0.311255641632915,0.0029525495097258,0.00451697171679009,0.0539952326665976,0.232121548014797,0.152481853687312,0.142474505767698,0.000254815888952812,0.609570095276421,0.658695126646312,0.0056170677894055,0.0537331552749788,0.166013504282109,0.0322533337148744,0.0740317988101811,0.0736191692326964,0.060453329537299,0.79884066746124,0.263836810056466,0.442896017886331,0.732139571713623,0.514953737356315,0.00302457096372671,0.84247904024985,0.000729987994775749,0.315278574311264,0.0468227424749164,0.568189251430479,0.604884403089506,0.200402147344024,0.000106981613972868,0.0903964740488825,0.0823141007773545,0.266061905702435,0.644059790791273,0.280411047726335,0.825792793382658,0.0148160231353097,0.00710362037487343,0.0708904109589041,0.0321963427130133,0.0126058888908085,0.0151437623896579,0.123852842137006,0.384245331778364,0.537206491873951
0.393795290954186,0.708549467371289,0.39560580752923,0.0996112222480791,0.0988267551855117,0.000629842294827344,0.497376233651609,0.0279733934182367,0.501220219260517,0.026738762712944,0.482849761904115,0.319260546858337,0.582881710107523,0.311736519045202,0.379401926471955,0.338777155267172,0.342354905234214,0.0131208096381488,0.267519244957849,0.332432478370982,0.146741112694824,0.444349597148591,0.275190002350545,8.57683797531878e-05,0.616379360246362,0.587804448573901,0.401620114067676,0.266334122060924,0.201887705618928,0.281128990620429,0.0996432588783545,0.0863555126624131,0.358680057388809,0.658659045085313,0,0.28780833737089,0.0567562856769358,0.652292851964732,0.31298383764954,0.115332029814322,0.0236760559533095,0.780157960608093,0.36295421971166,0.645571502937458,0.44211397688276,0.0182677037810458,0.458094109317038,0.50885390591682,0.0588214354143131,0.41820181107456,0.592685891451019,0.322276050821168,2.94913164589029e-05,0.13838868707836,0.263038763109662,0.149025236215764,0.272936285956224,0.516548970787096,0.644108098440292,0.00092731293244882,0.000560436355629369,0.0122524549986477,0.426719402329159,0.354603385138837,0.0299493788210969,0.320484255653172,0.528511182430624,0.0017823762484862,0.259363963410621,0.13490715964195,0.0928152449157237,0.00141921055833329,0.620026850078578,0.457761486659279,0.543814976303318,0.434799942980854,0.427447819890006,0.675911898380142,0.220153991280626,0.136113684919175,0.422407813039274,0.509609564472033,0.255630394484101,0.00597564336084879,0.0390066328116903,0.152253514191393,0.113225707433055,0.0995336365052363,0.000601575655362824,0.615566606156153,0.851892308105543,0,0.14285540852252,0.206030186888334,0.037261059921021,0.0765876142207554,0.126143848494958,0.0703808490068032,0.407564221075594,0.242875299563065,0.283758445456934,0.683296384052955,0.195861618638116,0.00913055835971421,0.829532348331442,0.000936671342694183,0.639393360096859,0,0.44518661132447,0.90886286244239,0.0908438570842015,0.000151528434893609,0.0106423524582955,0.064363715197126,0.263988036454953,0.00779366469528936,0.32915255791411,0.581527313996377,0.0301697488908625,0.0109942676733451,0.0551923550159954,0.00698549696539765,0.00539594238953291,0.00753375917046475,0.145485919150291,0.873941450097407,0.526005039439498
0.646872527653874,0.59778056143756,0.0542041998109614,0.0642241204463792,0.0473035007590171,0.000613026117052827,0.395490652330899,0.0183157900145673,0.60840435489433,0.0198877509855407,0.542630436613252,0.325575864863712,0.487727324702544,0.42213554534402,0.199348809118221,0.0816451156603979,0.375174310124718,0.00831278339623335,0.62109021784756,0.329576938112964,0.01674852349186,0.249273669392278,0.436463475149521,0.00920185223203084,0.507550235209218,0.747992821738593,0.291591109349182,0.167316834004818,0.12348135154213,0.198089665261165,0.0698762654668166,0.0733642521401891,0.542189741750359,0.298755601652996,0.127482306241071,0.319668816911261,0.151074120876727,0.372245901826007,0.179300722666348,0.0894613428205995,0.0128593063804861,0.239924565053031,0.291473996874047,0.530988324533353,0.474923193280629,0.00771487891394118,0.38220942940262,0.330744840629694,0.053927763369912,0.205826353614867,0.60892772209206,0.0897269404593643,5.36068365793968e-05,0.0827614167099118,0.202570202664734,0.0750714186278604,0.24593672217803,0.548651505720234,0.772532086035448,0.00181386485687791,4.95823177742458e-05,0.0026959630395126,0.782565270370148,0.97004123295176,0.0965055344633977,0.539788062675482,0.331101361544785,0.00905450509943583,0.120237129006076,0.217825077083984,0.0316778111893646,0.000423862852905222,0.764162568106094,0.557091065903814,0.424967582938389,0.415700756394608,0.618661711701628,0.492466745467561,0.0604007852535502,0.213361667516173,0.314428357122598,0.472689621832865,0.0106610523490383,0.00154936924727344,0.274238263032439,0.0552610983701192,0.34582827907282,0.18229712271743,0.000252188921025463,0.217280653071332,0.198667729140739,0.00148270347954578,0.010258589292218,0.0544090258652304,0.0533966691466835,0.0296462180755703,0.0859770150203812,0.0368052219197257,1,0.0555195482683832,0.56704033777374,0.309894173601645,0.343575591065334,0.00411247562015466,0.530548742414991,0.000875106090122735,0.295949361711166,0.311036789297659,0.577367244477863,0.560002548630465,0.207700661164002,0.000207808226782249,0.00596128099133171,0.050511319644461,0.295603961513501,0.691864870450005,0.242479516383618,0.493572535411074,0.0522739584780801,0.00439292348659401,0.0260694364695267,0.00494009616142508,0.00301758144302587,0.0233967570864608,0.165396793486455,0.578302874484806,0.665247106244758
0.714081512796742,0.412076165804161,0.170087637056138,0.000305300486132313,0.140907456265371,0.000849981349330105,0.00669180775094279,0.139188699653416,0.256937628606184,0.27435895621156,0.175001154486607,0.47639487266988,0.459109511668905,0.61800135445712,0.228822745996841,0.0928480859464345,0.152312677992733,0.0122545799911763,0.102388908099432,0.271599272517125,0.211311576666925,0.358163356995238,0.4289417326125,5.15522708090969e-05,0.517958098413544,0.0828946826166936,0.206303609562111,0.129353989469421,0.183515669984371,0.162235034277027,0.37782420054636,0.069908673350848,0.256501076040172,0.449627564202443,0.00106326132236993,0.172647370872768,0.216937557192035,0.145824398131104,0.17453035717914,0.0135913908939886,0.070160157091739,0.251766271266803,0.249447121464658,0.346092065144642,0.104159646331692,0.0872255220321138,0.107346806840396,0.299671802859209,0.0518295779234037,0.278107937524357,0.836697376997199,0.191403702379063,6.93024347240691e-05,0.235755059678256,0.211823772536539,0.162236456930205,0.21108003387134,0.360806735495503,0.321380949111077,0.00130435225663131,2.38151290096771e-05,0.0834952747606216,0.441820978406344,0.207289293849658,0.0608523608363189,0.330721854904447,0.265714456689144,0.0206745517686624,0.0902614780529537,0.0631511389413347,0.128699453984332,0.392507198600256,0.474313212741274,0.750224392885617,0.366398483412322,0.516987696337411,0.274060310282299,0.325636372717133,0.447229941615889,0.172296667998325,0.544995711439692,0.70492584121774,0.0158615656900326,0.0294270395551311,0.133265105192248,0.415239809447378,0.200726612897739,0.0847211744908025,0.000120840524658034,0.22579782117927,0.457547296510847,0,0.37639917445672,0.315765062883358,0.169518685972643,0.0377448030719412,0.22061848027129,0.114834486971892,0.0767728367592575,0.220487900497638,0.156051111437721,0.491845237913723,0.275733980558601,0.00682733678979918,0.468915405516977,0.000817938355592104,0.604494572951847,0,0.256778126569986,0.339246313335237,0.122363306357228,0.000656546280357764,0.0629257185298113,0.13274613645514,0.370827572585424,0.389584829907204,0.0548751334464217,0.320369279120016,0.0171480816905209,0.00534964003539851,0.0488188007546551,0.382320485536376,0.511203634918715,6.6925331661612e-05,0.310177413680454,0.33686735491737,0.106921540023821
0.547520009319076,0.553897315437604,0.0581388988185726,0.00202608504433262,0.141541765825008,0.00126732830682492,0.483816095643104,0.0441156445981394,0.613834709553711,0.00931397875337065,0.352197191745285,0.431756814400887,0.347257527647132,0.408321698376132,0.362297519125345,0.142142265509285,0.307335755671217,0.00957147475708471,0.222832850398768,0.33960532354291,0.029426301670148,0.663386947015305,0.425004570503278,0.000114509911266224,0.478572613851681,0.754435523652172,0.238513868219779,0.147755856835284,0.101702340119866,0.206264521125549,0.0436059778242005,0.247954533268994,0.163670193687231,0.676905259681819,0.00263906912834382,0.125624527585471,0.0547954159222624,0.460265076611847,0.301413500156905,0.0610215962717396,0.0789829098998753,0.328670619241464,0.374582503745306,0.353769614040306,0.27061697937366,0.0009806400208386,0.370803638770453,0.602521740742801,0.00906072697309527,0.104056087937236,0.944330332763753,0.100177296486775,4.26609380108288e-05,0.0864296834457706,0.131272549668352,0.0894022010858376,0.349187857637731,0.547296572152225,0.47414193709109,0.000621605372300857,0,0.00402182369420116,0.324883641956813,0.451962169487616,0.0241208135037342,0.717459167345953,0.514432752663721,0.00161612240333858,0.213808212867704,0.206483204520449,0.0459736290258764,0.000354570893901033,0.521273279081753,0.638810191197782,0.319956018957346,0.346923638890621,0.383069541143373,0.400169810378411,0.297322999260638,0.149808007561106,0.983501857237074,0.65505807174979,0.0254237998976673,0.00165450914399371,0.137034925899057,0.118052943623119,0.185808156746042,0.0977011669776775,0.000200963046442166,0.159325436748087,0.855330426452023,0,0.0884302537331553,0.141284416863814,0.0115141933268471,0.0379153975471616,0.0938828152062346,0.0781034063476812,0.188429502676419,0.176144662876944,0.309162736216703,0.318031147176048,0.249097539640494,0.00407327184875185,0.582138877677392,0.000729987994775749,0.351961596465515,0.222965440356745,0.36235202087808,0.241093362469529,0.0445547023994536,0.000367492038217479,0.0165938608578381,0.0789395769457091,0.318543494822381,0.0249948337449937,0.243838541291434,0.27008446277745,0.0334523529020837,0.0022801744413174,0.0575147649905668,0.0202155749980295,0.00540745987595667,0.0533572796123414,0.10190648506475,0.459851306041852,0.29159950215767
0.309456435744483,0.274971221604809,0.347528187227049,0.0387069777173344,0.0454374457253087,0.000687934545321128,0.571595923934847,0.0494364471118396,0.276260293231573,0.0238157587424713,0.182960320974441,0.174157531032718,0.376291885357858,0.400353828360932,0.251416978969864,0.185188762832342,0.236433271138171,0.0324371828002247,0.293662431512359,0.208080499039655,0.0712542331046963,0.296612453949142,0.159131865548852,0.000296539610848788,0.389524989291131,0.246256326873148,0.281395323627928,0.0824566732749249,0.0222610764972233,0.0480452055187448,0.0659039048690342,0.0637633370864833,0.145512015781922,0.463122693351504,0.0029498685918058,0.284794097573116,0.0510044010632272,0.238035685141818,0.341450254321662,0.0596065920818571,0.0045342940128502,0.290593270655977,0.375959025377287,0.460886443072804,0.199591952602783,0.0325395183700362,0.259454800129296,0.285924607368675,0.0278313201292834,0.257547346832194,0.405302376380644,0.181773844656146,0.00258023111563167,0.0593604047742605,0.260013759564736,0.0827495338427241,0.257535090195273,0.4244000729786,0.253250123361764,0.00320992938155361,0.000804834236941794,0.018875358524964,0.32612213100018,0.202747902309622,0.0106322300055256,0.274093530175407,0.396891407118583,0.00520197310400992,0.154621931691052,0.0710768666548947,0.0206462174566748,0.0027746910540373,0.251913545292011,0.496141445240614,0.248956966824645,0.280409468741926,0.346743080585342,0.249421479348061,0.341445070494353,0.388526093422544,0.522862639634499,0.442183164676777,0.0258599719843314,0.0112170405198764,0.0276194424292673,0.120503474641352,0.17985430122739,0.0755863138959219,6.17337462926915e-05,0.235652706500421,0.255701098586253,0.014275448859381,0.0540730848609931,0.236195502887098,0.0133813598122818,0.0557905968325258,0.131481701619634,0.0513206047557193,0.229948166578245,0.078885467318381,0.234994143295521,0.670772255207206,0.106456441657324,0.00333036038066862,0.547984632774598,0.000635441356898167,0.256568746150088,0.136008918617614,0.351228509098756,0.346365959736358,0.121346426145717,0.000557681574169245,0.00794511712451259,0.057197187896807,0.2684602578934,0.025398293659775,0.133855766522796,0.25598550819529,0.0105345408482813,0.0028621770085068,0.0310803051431384,0.0414735556081028,0.0120876020017391,0.00442808491892716,0.091104186560788,0.237897080456419,0.141163454288598
0.000891864737488412,0.822550486542674,0.566726414386267,0.144469044025184,0.000332277117458718,0.000642072242299719,0.422755355853326,0.00750718732256498,0.324280847483961,1,0.0644638156733102,0.112127287463209,0.475031822002857,0.209989323215745,1,0.405363213842386,0.455072179122066,0.173781454510503,0.16283000271824,0.807794945013853,0.090243102246394,0.65986761314284,0.146651126955522,0.00541755058281439,0.52083695119457,0.166653553976205,0.0195747007001086,0.106627443456759,0.0795675187613223,0.0919312738433296,0.418531255021694,0.0545270137436777,0.00860832137733142,0.343661847365275,0.00533811710051364,0.0146988029140858,0.322149113251122,0.00195846981261695,0.147899391118045,0.0481983505094015,0,0.0132203375350798,0.0742527222377151,0.6848798988622,0.136917805747927,0.00313235685227687,0.00146228085027783,0.718755446774582,0.0582550091036539,0.00178194410364144,0.104969436468371,0.20283903888856,0.000168700693125818,0.0412655682407888,0.104714489031736,0.437242780199247,0.213425367581022,0.347877181308893,1,0.00350544668969664,4.78254639948434e-05,0.00728569472872307,0.292942610015781,0.0665782416885326,0.0299538349107891,0.136461069347583,0.000357157479992567,0.0134226771932638,0.0850790795621559,0.544440444981731,0.0166895821793147,0.000634287932422959,0.277968301637091,0.292984400306879,1,0.0235916716409932,0.843612647100525,0.0703048262773237,0.000645029701960584,0.339856264715377,0.190224132805265,0.4437492129135,0.0360093609240138,0,0.0302492486268007,0.0890205943087753,0.181047313481279,0.138415585764155,0.150228414861283,0.536283091917756,0.380252307747406,0.0300386616197397,0.331334223625106,0.0518023686424529,0.0340990385165684,0.235470003287821,0.789807972778994,0.0255238823941114,1,0.157462677129506,0.525954331066366,0.0131309712222537,0.452262003030788,0.0623241955876155,0.344253906488065,0.00118293235297998,0.212026593597995,0.0602006688963211,0.100212759500841,0.00059704028488025,0.027739724713259,0.0534022903759517,0.240777116499067,0.0457134008485862,0.366976101125815,0.289979433384832,0.117059528565721,0.947598157969401,0.0135110370007874,0.0368415597668801,0.163297719629235,0.00110152124221644,0,0.000253299672997747,0.00130170377443836,0.236863379143088,0.000642537875179546
0.641920554873343,0.523253146336363,0.176882084970671,0.0976833457517331,0.0460398533671853,0.00282817535298686,0.310551231645671,0.0277755654155544,0.533190342836138,0.0660966926882436,0.489983130913348,0.171182229236872,0.595487998110156,0.458071743143229,0.370481927710843,0.177156821598527,0.333300599037612,0.00794149980502798,0.390243180822166,0.372053099450988,0.0439521969989021,0.432159223649924,0.151179189845648,0.00027874723419786,0.640699105857655,0.553509143291735,0.280291193126826,0.0365665835305152,0.0685412366499538,0.284398932966182,0.109008516792544,0.104428716958876,0.501255380200861,0.482908417769943,0.00428576102247571,0.0675440506863838,0.0825526166717504,0.3669739743653,0.155938800251951,0.0221365460666559,0.00816415722527914,0.490991375812122,0.318313736680653,0.697577154755708,0.415528946925927,0.0298022631332981,0.417565841119338,0.396436186979659,0.0440796933550132,0.193355369254772,0.454263920939983,0.152033171847537,0.00040799919358737,0.169881940840685,0.197166159873538,0.103517306150139,0.377614123322471,0.669087660177295,0.391161389125321,0.00377039324182487,0.00094460171539203,0.0745840442617641,0.526158087133697,0.136530088521092,0.0513742580610662,0.67233342390484,0.49447728711493,0.00405591867908366,0.107333230964968,0.168827508455468,0.0243926564849252,0.0120482262764842,0.374836428727463,0.721652534511375,0.312972132701422,0.41433541512611,0.327281410672577,0.402850150665091,0.372906202993142,0.196118584305075,0.84601847327253,0.562422560844326,0.00834598511982151,0.00553659763828063,0.0239273499844543,0.217756763580855,0.104858213235032,0.0808790967146875,0.000325744022991223,0.293652144880302,0.631333434805576,0.00143715968665871,0.0413621464125288,0.228537323736041,0.0225633835059807,0.188032332305631,0.0675680684922227,0.083723316547744,0.619603624469529,0.174685577342599,0.564991604647952,0.538910590873375,0.581440117289046,0.00388901412315865,0.538210507070143,0.00169524320473525,0.303319951570764,0.0602006688963211,0.491487934074901,0.22535792919055,0.0415884820088948,0.000314443621939671,0.163690912466895,0.093449162253399,0.43913828616574,0.329154407061533,0.159631393147895,0.310089700779153,0.0155551125047074,0.00424941600427333,0.0636996554835534,0.0700697564436037,0.0219696053533277,0.00917300621812575,0.156660133018378,0.483096333010854,0.404083477624179
0.585939358051536,0.81976705234115,0.181713635837437,0.0753110115266946,0.064382213147899,0.000441806852439569,0.0351279788172992,0.00442672270937011,0.309660953362614,0.142760080117203,0.465073384601593,0.157966130614683,0.584363176696619,0.140195736556744,0.26591197695667,0.137155888942924,0.210389865462045,0.0190056619636918,0.482870461971445,0.533731069297843,0.0389240964539978,0.179081678497619,0.329748752905534,0.000866808093250302,0.477966742689991,0.726830188160864,0.248691845384564,0.128042996312166,0.0384006917251234,0.131486102745031,0.0630564036638277,0.108154165102854,0.126995157819225,0.439269593285691,0.00341879409808177,0.0454127240093334,0.161161706392435,0.205013075442838,0.486236378044128,0.0769725525940518,0.00976967364616118,0.303266854328539,0.806139059490379,0.477844872462259,0.350035093165376,0.0452221707823997,0.148521557098219,0.403052047987243,0.0816533366278893,0.220030731318783,0.369172230345095,0.098266625609875,0.000204021186337213,0.0200214063310846,0.135536964387936,0.0804986461341788,0.266110697698288,0.609196913434502,0.186617204853986,0.00385191525786433,7.65207423917495e-05,0.0164618191086432,0.240946045824095,0.472347971511779,0.0295037698518796,0.407728768529421,0.315434305385393,0.011075713013794,0.0985505736284467,0.145050325314788,0.0466784046846562,0.00308407153989212,0.397743829890118,0.525926780225346,0.453832796208531,0.684033748207015,0.297738177856381,0.490052774401918,0.0407337531550366,0.198923452785313,0.343850272861785,0.39721259663391,0.0414027965341095,0.0168680211227208,0.0369597885791274,0.058286807468305,0.128486739394657,0.145504188719928,0.00499386602988964,0.259563572523067,0.400478113332557,0.00137137420804405,0.0662255675610052,0.117802929523179,0.0477629771647685,0.0502695392708482,0.133186849145573,0.137551379917792,0.62124665723172,0.0564838409833889,0.365934912639347,0.267757763160703,0.603240849113556,0.0213719359802413,0.432447567565081,0.00210860990057212,0.186941099003802,0.114827201783724,0.331877847049184,0.115823455423745,0.0491172328578939,0.000505325595522329,0.355458481143784,0.0265434048747251,0.152097852769391,0.203924385707678,0.103701787363361,0.338309434950566,0.00984378429868072,0.0199953758700141,0.0485860470839144,0.0961890123748719,0.0126058888908085,0.00137154572101455,0.120743495669364,0.228686536703023,0.363403732323204
0.0537266598391489,0.290051709751359,0.163310998965758,0.0386856280329895,0.000499658608048895,0.0997367503806571,0.619497713231164,0.00277216123239138,0.480588282105598,0.25641751537585,0.288195170714614,0.273919720172333,0.325421916407085,0.344748381989221,0.606637346300369,0.291166197007952,0.53137582244918,0.0861391260484837,0.237637090853953,0.284585181785732,0.618655536012014,0.214724293886842,0.0416340202146831,0.0424138324323091,0.226375848509055,0.189920462166142,0.0785806425636888,0.282860096779007,0.16190691170366,0.0780770444310587,0.0629214205367186,0.0672895108394546,0.419879842180775,0.497575620861986,0.058572067307168,0.153643820002897,0.0985228114514794,0.147940380535239,0.218714371826623,0.263793534349686,0.0290844307397212,0.172820139336805,0.380965737744256,0.862213133040827,0.0540496015172774,0.184635034459209,0.40731448273739,0.863981754464037,0.109671022530366,0.174617400329883,0.152141208800888,0.337266879983475,4.27041170978843e-05,0.0707576543850545,0.519318533923629,0.186645255783585,0.227764234943933,0.249001910322179,0.0971627592792799,0.479950679180296,0.0100335871401427,0.0171538265479319,0.366432951798805,0.248089732129985,0.0841666221057698,0.0685414968450925,0.353213000028346,0.0318447847350277,0.191403250926799,0.26448975156545,0.17963124159215,0.000614821295110746,0.093640179255027,0.297091166191138,0.646498578199052,0.0746594442415117,0.326647115449193,0.329848336024772,0.0984116462279785,0.135015216246795,0.37229829243539,0.320485373393836,0.14326575461965,4.9681489659029e-05,0.155469478702456,0.0808444745711571,0.195787278031086,0.132588332666518,0.196683715688515,0.660235305563356,0.135662419754855,0.001128473979313,0.327024402088139,0.535428965894137,0.0646103989011618,0.100309551429582,0.184581580572055,0.211961066922899,0.591972849299996,0.406484157144935,0.555505079522022,0.14678876701217,0.232194118299309,0.0514471092119062,0.336469102838751,0.00793532130465565,0.248072388963232,0,0.247795696930666,0.387632534683793,0.0369530431579311,0.00167442959776952,0.339851652056642,0.0413713648610982,0.058759628678649,0.576563899194064,0.113742197887126,0.307012374779022,0.0410869245625376,0.0434429039536311,0.0496657370191125,0.00075865058721526,0.00367983691239224,0.00957625252028939,0.0565043306361093,0.506513643532078,0.237240922440324
0.360860607001927,0.350903550249007,0.436256731159432,0.0215952057148835,0.121895156211676,0.00174429625824757,0.149835513118832,0.086039765997734,0.269710141083115,0.232941476223167,0.297265360783856,0.162692488162778,0.333879720996742,0.255005499957589,0.372096354569951,0.251883631227974,0.382500245507218,0.013120217243109,0.23691037757655,0.317559872860469,0.14316279132283,0.258783358792344,0.0736895714173784,0.00535276808321358,0.45942013884869,0.478565746405562,0.201801141915612,0.0306564558419134,0.0807210316192604,0.257235464532599,0.0846794150731159,0.0847559558915518,0.20599444045911,0.441404442253266,0.0124101680498152,0.207946736773774,0.103817159789098,0.396003734756387,0.411208665674816,0.0952720483380133,0.0067346709601838,0.552488370801635,0.297153567282561,0.587220941473935,0.249588991297848,0.279335747721599,0.254652361968384,0.575153436798873,0.0550114070511176,0.426612902167595,0.318209523138443,0.310245900855499,0.00177707850685594,0.163362740010379,0.233602747711553,0.0872532699633937,0.369536321880373,0.441423941273691,0.205135043204563,0.00131454250863624,0.00161201094558946,0.0103859548367063,0.261461017558579,0.155099333929241,0.0125037876762383,0.239317090843221,0.395813635604884,0.00281196858899433,0.175735407023932,0.0674264136591462,0.0465226121706101,0.0659650179892586,0.160413313057919,0.341197530926103,0.430779146919431,0.19690760225582,0.330214093293634,0.229377195465064,0.588504193967825,0.183431690401935,0.587044105536173,0.699476155849221,0.0993717444367089,0.00347885965961247,0.0159731578401907,0.136063665613047,0.147693396250956,0.0736011385743998,9.45708453845487e-05,0.389499030431408,0.616900500496916,0.00103738639353885,0.133337380114119,0.332289471981131,0.0455059234247124,0.121038331027723,0.127001535144062,0.0405686340800845,0.399255001721902,0.22500268737314,0.308548116278966,0.777715772107817,0.249125260265872,0.00754280561790044,0.558038183484487,0.00166885809649034,0.215807472546146,0.0345596432552954,0.320572258993388,0.199734753644188,0.00950111473094884,0.000217771634915644,0.0116977923715149,0.0425377063396203,0.392455066166305,0.0754076421212151,0.15123163678995,0.470459852899452,0.0104902357634672,0.00944757591944447,0.0473094906078254,0.0652853314416332,0.0101699405121826,0.0198463258840074,0.0502119247457741,0.316352359622036,0.387781569498378
0.502594294977891,0.558442982233528,0.128738313893062,0.0235636466114848,0.116316049399084,0.00429729779310598,0.490636283398861,0.00187037384354117,0.327808872737194,0.0322945935042783,0.372214631284142,0.336408522799983,0.336647261422937,0.532898093931467,0.539253414687026,0.433586038589736,0.678778356083669,0.0439023964008447,0.253696899541597,0.438733363928408,0.111697756782895,0.197067720969239,0.511481757162632,0.000226282533816921,0.482443242992926,0.474524540087992,0.599987301724952,0.352177527658758,0.0387603275746962,0.760863953188194,0.0757641009159569,0.046515825782353,0.549408177905308,0.352277986172318,0.0260907970643082,0.325512854574472,0.033705172338664,1,0.611374375483979,0.0227245997559577,0.0084919375153647,0.467266316117706,0.177206487972865,0.359894400237971,0.696897845871907,0.00239906576526586,0.475764618960395,0.592902041497469,0.00460993538970863,0.104767290959455,0.462955590395829,0.195657287994905,0.000231785339313896,0.157703035806954,0.3846481070095,0.209438434887975,0.205701675604937,0.514721822747859,0.386014528742093,0.000346468568167691,2.22534812057639e-05,0.0116361315253769,0.505882822955994,0.467402900723739,0.00909487906172575,0.281662289043867,0.724118208417452,0.00521547595437724,0.0635652708008862,0.254937449912389,0.145099707208989,0.00152141040422241,0.212620385275298,0.451453414031199,0.324152417061611,0.214229395151591,0.581350227973166,0.399520535402134,0.767149376641256,0.158269929809409,0.616790653330554,0.70048057978315,0.00249960157357468,0.00390461847215555,0.0307156181987771,0.231311688896758,0.233351756121241,0.133211372305888,5.64798104379944e-05,0.491727158754972,0.635890732301301,0.00149788474384147,0.087701833191696,0.179046790395996,0.0148586390430951,0.199527298217753,0.122246551038747,0.0561546172233195,0.771393104650998,0.601704426893966,0.410966957497695,0.585880394112104,0.801560363201794,0.0047201340768982,0.703998077371979,0.00017590072163271,0.492852439516557,0.167224080267559,0.260712997211536,0.869609233593781,0.0331618067467124,0.000303172276059034,0.0495470403705767,0.0549419306884698,0.250613696001806,0.436553468279194,0.448255535979775,0.540670900718043,0.0161693420896292,0.0146457358346156,0.0742125338364367,0.0205249467959328,0.00611002654780621,0.0398612358313143,0.0952287614548257,0.448997442251879,0.679925236484446
0.704517325230914,0.551146364786207,0.182468009103364,0.0136830126966573,0.0815413017971138,0.0137372884983459,0.103618711385702,0.0052206039149391,0.193531701069018,0.165514215141585,0.596160585012319,0.425982169517553,0.287301481592244,0.509763266207372,0.546524142843869,0.216233981084856,0.809113227928901,0.018305451026628,0.303078268684205,0.263661550490371,0.33361599852395,0.539401563482793,0.13672334090731,0.00429252492073268,0.460080036738175,0.434950440274193,0.27813016351352,0.0506597599710089,0.219584467557212,0.085219286923099,0.0380138197011088,0.0908414204779011,0.690279770444763,0.228535814533252,0.014024144210951,0.101998246490927,0.050851888971197,0.287692004053577,0.519633451708233,0.201706090766087,0.00672860095481185,0.493367405781068,0.303186590830972,0.165378151260504,0.214605428242135,0.0235769501438673,0.216925516031216,0.305468098125382,0.0654164803881434,0.0902781696101112,0.216210122077968,0.166957060588731,0.000871764178106912,0.13823624805397,0.410628475996912,0.11474625554634,0.342249364912371,0.572063684560733,0.141477179271391,0.00755097673565467,6.65652376418025e-05,0.00148084583510022,0.27003056271349,0.366137077938929,0.111500276277561,0.417685596111463,0.265898389641803,0.0117643583825273,0.0627728299734573,0.123955800654705,0.0613303196961304,0.020223518710567,0.175895585855565,1,0.25957308056872,0.134427091221724,0.663413105285545,0.326785089982853,0.01540167758713,0.140398551267162,0.406497425155225,0.319239237734653,0.0240817319387011,0.00160713842129557,0.147878018447508,0.0809387660596739,0.738298494787525,0.131531608572292,0.00135682893447554,0.363682193767786,0.81019616972128,0.0838663643908265,0.2295010319291,0.146562448316279,0.172752246322898,0.140380642799983,0.135837880606439,0.0547637265194517,0.219790657835243,0.204961206978318,0.173469796774581,0.417551263950005,0.595962644917269,0.00694102772686732,0.572505039424223,0.00293534329224586,0.176894156630345,0.0278706800445931,0.19387751661446,0.523019088770215,0.100851493278997,0.000724405168185214,0.169837872702219,0.0265626064604045,0.22332891284106,0.092205351256138,0.124624221426092,0.427922914074947,0.0209563051170359,0.015012477178324,0.0532636781232056,0.0187475368487428,0.0155543654152918,0.00212720895952288,0.0796133420448644,0.296672276925931,0.341024486794664
0.000837260773968713,0.200746309564172,0.312002676562144,0.720184632070215,0.505330934751049,0.00963414112136388,0.0166412581240472,0.123159493046474,0.371808766631172,0.302060257762239,0.0844812552121675,0.140298809879282,0.26939257356757,0.64327423178989,0.581178183169697,0.256787845276877,0.699852695669253,0.305298633004016,0.185234221723364,0.602264035490286,0.210720179178776,0.521430496899991,0.0924808691791376,0.00586783457651863,0.648532981387792,0.218141469695324,0.0273229713344184,1,0.448429558240922,0.290623296905028,0.785691788526434,0.422728003860383,0.054407281205165,0.2249451753111,0.0105835396242053,0.134263902733769,0.143317791624907,0.265430540742624,0.0399870863745448,0.208079122623896,0.00742665157258664,0.193350106147137,0.261101347013159,0.16031233732431,0.31918850714151,0.111313587008271,0.115704896331984,0.323598672377668,0.360111023744884,0.16270540579906,0.442915778533303,0.400500714349922,5.71475217179473e-05,0.605987285936689,0.50288583237489,0.829120761694126,0.417967206384234,0.273412178840499,0.45607602597863,0.0984072636116291,0,0.343133015683276,0.619803839316034,0.395850754015167,0.428065344099246,0.251351024967545,0.29101153675352,0.131878119896872,0.162793120845855,0.422002553619212,0.123837738387275,0.00137402015028707,0.118006731607378,0.453353858805478,0.514696492890995,0.0553419812371373,0.433477355660525,0.328183528393294,0.0469469443948704,0.0808895799405485,0.157299608049508,0.175749814146026,0.0414279603083401,6.18130162036756e-05,0.210138356306353,0.267855926796279,0.259342694670905,0.258411798660465,0.00267031289814983,0.546659797507203,0.358701394049548,0.0125903285225594,0.184460361782202,0.182174779063329,0.248730183712013,0.106804548358881,0.0469618591476563,0.208430458430458,0.689338951192521,0.335123334619057,0.566612776077923,0.0670464259830186,0.276852045782153,0.351191304603503,0.284961760170553,0.029801979762622,0.475859725142845,0.235228539576366,0.281054963433014,0.0888646087262275,0.326510642706666,0.0757688721664346,0.15158267124024,0.326507479327325,0.21113964052933,0.145068440578227,0.576809467982683,0.408782382854274,0.0445386934430488,0.133900453643097,0.483477565417111,0.0060810278237566,0.011413829045949,0.000870876467697938,0.488009917743043,0.298063797924646,0.273947766402616
0.268837153992884,0.309074888794596,0.280422041947224,0.0160250730692947,0.045045922189151,0.00084233763215987,0.230040921126535,0.00639729515167242,0.258593640459742,0.17063831895423,0.153970483173018,0.0858027982766711,0.493151829592389,0.26145465463363,0.203955926533899,0.137412369233912,0.19689678876559,0.0332375084990176,0.190195472927619,0.11833494807336,0.0908161712999931,0.170635277203702,0.0884327091331714,0.000428841898765939,0.255824274208798,0.225624445052207,0.166618402897684,0.0519840762294558,0.0446560599597131,0.0655996328485787,0.0530355134179656,0.0645300520079352,0.175260043041607,0.352826814447207,0.00073065137024395,0.110415258018026,0.0401324676456491,0.290376360206626,0.233054817437007,0.0643698269652019,0.0116392353007232,0.324625494961749,0.289079270784017,0.383157581616717,0.265688959506368,0.150052151224322,0.184155032554989,0.232055774971723,0.0659766247064477,0.00201551262385364,0.243761340215266,0.135273202984395,0.00522423774284431,0.0563927088738972,0.153623964750306,0.0717088119900945,0.276852018167355,0.275904719998283,0.182883615162398,0.00515626751449563,0.000951433924534151,0.019839494342067,0.273945786140908,0.105129609872841,0.0121651248596332,0.263427225794765,0.219160522445174,0.012684240063801,0.0985971877947661,0.0196886757854416,0.0472941560496953,0.0212044981836932,0.208374424982026,0.271101706388804,0.237769099526066,0.144619263562093,0.145275993045139,0.177818103118185,0.262236442903399,0.252919716554354,0.51062230256391,0.343850163104635,0.0290222196126456,0.00696985084576959,0.0301715203648046,0.160440110761068,0.140231566840102,0.0309381938569513,0.000501750874123578,0.222872532132852,0.374665365434376,0.00294010485193207,0.0629719558091538,0.189358366830377,0.0332477250615235,0.0708184192405754,0.0744257270204528,0.0692716952258937,0.243630798683418,0.0821308655870804,0.282333239804212,0.474630024365179,0.185962275308931,0.0188295714047691,0.349614726962673,0.000521105887836905,0.163597357632915,0,0.291527721113093,0.212624216237136,0.0261050418072072,0.000937445145956428,0.0157827357393454,0.0417845086561987,0.225360458226348,0.199407602759272,0.102604743160666,0.104367183919335,0.00425127427465528,0.00847491409482655,0.0252624887211878,0.0564554268148499,0.0390154852604968,0.0108639297877027,0.0862743127104589,0.227838371522854,0.116557740308854
1,0.437295582034161,0.0815689946227052,0.000234846527794087,0.0465337116265504,0.000128414448459944,0.0311481986680574,0.00175732927057989,0.304056281666016,0.177956445117593,0.318524212979689,0.243373288401655,0.351326220450773,0.427146767411708,0.440881779044197,0.294186224676735,0.437395659432387,0.0178690039810428,0.390152572805391,0.563136335050057,0.143514086318373,0.663237188127115,0.106208702238241,7.98375875362121e-05,0.529504381953529,0.078166621084457,0.16459519602575,0.168635821022788,0.0414269891401451,0.0598628918911167,0.026347420858107,0.069494933247547,0.25112087517934,0.494477996869818,0.00214833313340385,0.148252272075443,0.221120746002004,0.213782541532085,0.567822496348289,0,0.00931138824057859,0.370548547898628,0.289799147821237,0.424744552688332,0.21739586247836,0.778358938325842,0.0289531608355011,0.102397507926795,0.0425259472459222,0.711826309000655,0.241436045589867,0.226442231372872,0.00704514302306158,0.153353658536585,0.510857977133914,0.159177759347164,0.186451463909061,0.334523707312885,0.287272419503455,0.000866171420419227,0.000426329850468319,0.0199905840242278,0.347256347256347,0.00658862201205271,0.0143396966294138,0.258195211786372,0.150522035734645,0.0098967453910974,0.0822602935047272,0.0811181592208745,0.120205052623249,0.173017386719814,0.195483842233519,0.864657243001198,0.401775924170616,0.399817806010174,0.303961733342288,0.264404748031365,0.197231216378145,0.18373595544314,0.498528904213041,0.673634328752321,0.0266736006844547,0.0477641307732346,0.0300419732614779,0.311211153216335,0.104121034915118,0.0761665959129821,0.000350700218301035,0.272467568649215,0.684257178415063,0.00154342853672854,0.246315406094452,0.324199846117339,0.0291843129399645,0.0703159409681081,0.126205203128575,0.109349513929667,0.261593937728372,0.220002592524676,0.120340802301707,0.754936312045059,0.146586666995207,0.00854642216581235,0.542662908802808,0.000947665137796228,0.402323753690605,0.103678929765886,0.420184841138449,0.0937896011157338,0.00774747602656935,0.000708594508946506,0.0173658956091745,0.0618538821270402,0.183629130103552,0.27765914525541,0.0804509997838659,0.24537855474803,0.00306510632213422,0.00412982643567277,0.049874907718809,0.214560179711516,0.269244280128305,0,0.104050861938986,0.132949891991465,0.192077732140155
0.509831140276369,0.311153836002737,0.155357640350955,0.0461879071117934,0.0125776418102391,0.000926418521032452,0.159544250982909,0.0333866869461779,0.158867242418156,0.104562858740348,0.298998448913289,0.173820543445805,0.424165622687172,0.39258252965736,0.320601170749837,0.202555032232134,0.361327703034469,0.0689261995740384,0.363203159815899,0.471504087841858,0.130754441132428,0.471321172911612,0.333117866750242,0.0004817628139328,0.412914703373969,0.463409973887014,0.172654729255742,0.047539489671932,0.174178528592006,0.117144250351375,0.019604692270609,0.0677255911211195,0.397395086083214,0.290532479703819,0.00266633223917382,0.193684924059528,0.0896117477885747,0.286934804969048,0.445260451118993,0.171829288013996,0.00805186212589798,0.236740150955324,0.354278404337421,0.320712426563546,0.240250328977152,0.0885749965250758,0.492850216263642,0.231436465112829,0.0350388593577082,0.420422024199273,0.32860288547924,0.126538434320928,6.96478674205131e-05,0.153470420342501,0.367149301780866,0.0643953876409011,0.223196736034487,0.439250681491339,0.225000678689315,0.00145720603670529,0.000915906436995124,0.0339907264881638,0.344479734723637,0.450909720019607,0.0317897438639645,0.217637291308154,0.296979279196994,0.0433610282420555,0.135186566345669,0.14745113486641,0.0674903062435705,0.00440200923506544,0.188398051354487,0.4277003615358,0.330790521327014,0.483892091266271,0.513473176774348,0.267184976775934,0.00681997807408918,0.194446324472313,0.61934328643824,0.324212608821056,0.0191999597379612,0.00222989011725409,0.0122162918437144,0.153339961675748,0.260658169772727,0.0946409428666543,0.000135288848258452,0.252317788543392,0.172738586611036,0.0419711353561525,0.145659827607139,0.21054959120424,0.116279402506725,0.0478315891340624,0.0748322014681653,0.07162197429373,0.344112980301732,0.233700291500945,0.163684869215113,0.415164553899699,0.614778789409489,0.00552185120208564,0.40342646350284,0.00541334470824666,0.229550330295886,0.0501672240802676,0.170224459587496,0.3707077405211,0.124750096891416,0.000697246225551326,0.0191640524983631,0.0394493480751959,0.165077170508733,0.0308696037236398,0.138473176450554,0.42270673737969,0.0212744961807003,0.147103142016599,0.0475155852678205,0.00367896271774257,0.00243018963541397,0.0152547398383626,0.131430198857449,0.175821991332812,0.623277926893883
0.759782603419907,0.53846965934907,0.0890618420701122,0.013507945285029,0.0284710115145208,0.00161741055322167,0.705480221455508,0.00845008182885566,0.39920117322945,0.0333986821710913,0.410961918240617,0.371815680586956,0.56728610148109,0.361789499052822,0.168454021742497,0.0438636812804917,0.172994206029657,0.00536991293718199,0.449809630707612,0.322778032736729,0.0184267971488287,0.255758229250906,0.308045391626838,0.000247268413969297,0.481987874858662,1,0.327696796163263,0.0793630491782311,0.0500104256137243,0.253105011043226,0.182542182227222,0.13161582042071,0.367669476327116,0.488064147792943,0.000474378128441968,0.0940991587009699,0.0743169637021221,0.378253204337479,0.100067051516787,0.0727900207288925,0.00828252233003226,0.469754473343613,0.527622849286284,0.524952777571206,0.315978044136378,0.0022469352263188,0.36389243769914,0.422369323765552,0.021443580903162,0.0933434283922219,0.666454101854951,0.0702817044178765,0.000113539409412424,0.0515114167099118,0.115596099005845,0.0822985720195835,0.401503682225244,0.522389941831763,0.434658188107128,0.00200747964497162,6.38323539849543e-05,0.0733647533092257,0.467549589500809,0.676609671001413,0.148842307897973,1,0.292275760849367,0.009805601151118,0.148224822866168,0.253697993778949,0.0796347036480177,0.00168896253251682,0.543603806518249,0.640174098793042,0.6054263507109,0.471443653501777,0.197012096383025,0.432050876521218,0.114450704943528,0.291480518951579,0.676123141481484,0.860060082628848,0.00234023100344744,0.006524450514059,0.0453026220333713,0.0499283908528875,0.348838223776442,0.159788288687249,0.000109019168984966,0.182285528553076,0.140900178173321,0,0.0331309942940391,0.134312957063861,0.00754735878212099,0.092058982264378,0.171460636528759,0.166303374318642,0.617383521762836,0.0435923539491739,0.370468848122069,0.23960922197115,0.429848337378491,0.00986562907351687,0.483256922668267,0.00451185350987902,0.542195033879224,0,0.371243412379164,0.436254740334673,0.0419069765657077,0.00103811788373672,0.0140920773598366,0.064477066493233,0.635901921503344,0.159868531110696,0.318774847232501,0.156790850957027,0.0460652050016413,0.0074225258911416,0.0251732835698466,0.0237605422873808,0.066254340652696,0.026807407532912,0.340307584057898,0.50581125674225,0.459293170980449
0.383465434477671,0.348678427065294,0.117591908233609,0.0225303218891909,0.04610780030891,0.000267530100958216,0.0288213110807992,0.00181385155706053,0.346426690212098,0.0525645290283312,0.217581336976984,0.121864735742013,0.529858022977182,0.138309459792415,0.0634272307739957,0.012021264547762,0.0551114602769322,0.0155485926100792,0.443119430611826,0.115751364030391,0.0227339792680967,0.0591847126126936,0.180512026952911,0.000782864572640799,0.279403081838915,0.140888990460205,0.105771211152183,0.0601458080194411,0.0626933281811034,0.134813412500359,0.0353655793025872,0.0624774364198524,0.134123923959828,0.513591639205873,0.0368651784643235,0.0795524243043005,0.127260447078304,0.170851820503964,0.0812632776677812,0.0522853236500493,0.00264955734485825,0.227311850462819,0.432232656475975,0.37134379415483,0.251105043272494,0.0252033241069992,0.171717949112626,0.222424950399585,0.0979205558306836,0.0283221513497767,0.473000158542815,0.0272237129747749,0.000202121306506771,0.0422223663725999,0.122932782950744,0.0300144503853763,0.271802109260732,0.294393526368885,0.212476066220914,0.00211957241702587,0.00131451703894398,0.00247447613896021,0.285871237090749,0.205861999365647,0.00981230950216566,0.440322434562087,0.111535808659337,0.00969167085114373,0.139241998815452,0.106766411757515,0.00491117353802327,0.0038462830889382,0.294105919954529,0.304377040220231,0.319761895734597,0.606939853710254,0.127314244778258,0.100321307872875,0.16865614562884,0.203490423138039,0.401935490484864,0.456169945685954,0.0264051870926614,0.00999117864712682,0.087185200538916,0.0515177262759996,0.116847165965574,0.160166999056278,0.000514885713760321,0.110590519233278,0.145788752697222,0,0.0102464489498604,0.0493035730978593,0.0306079379614262,0.00828468806024776,0.0793775572419558,0.0291642200039147,0.267283808191356,0.0123113305974821,0.277879472139456,0.184558351909622,0.166157428511587,0.00806029540041752,0.258054167054757,0.00160729284391889,0.246054504131354,0.127090301003344,0.366991594145236,0.21457816626038,0.0400804294688048,0.00114659977924319,0.0121668767773901,0.034621078385828,0.279224626844615,0.131832987276252,0.0870725621058009,0.0558065431371265,0.0177200200581202,0.0074225258911416,0.00892154048068247,0.0437278316386853,0.00924854159828159,0.0146947696582572,0.0876078470791242,0.371496348913951,0.275415890733695
0.784303423304486,0.855480685484117,0.0590891801501877,0.0548110446187053,0.0245483185617787,0.00101355689677313,0.604124207654658,0.00797991917313033,0.574632323684001,0.16564868747921,0.825593745670675,0.139034040011944,0.766649535769439,0.553604054215983,0.261482949794035,0.125813020316348,0.250770892664244,0.012776924317535,0.460595682990286,0.380942668230415,0.0150109878965128,0.594213316560338,0.0496944292094335,0.0002107712310956,0.411544739919191,0.636256464244191,0.285881531288085,0.0217353072840059,0.0233725043089348,0.605054068783524,0.029901976538647,0.193465051024967,0.402618364418938,0.611827249323848,0.00824436471499144,0.0289894004807503,0.409603904309556,0.307311810407977,0.321594426370887,0.0347245703532732,0.0270358039266865,0.529069792276248,0.736195871407911,1,0.108347680345172,0.00176755985898922,0.395446919205135,0.27467319352506,0.0420757377938271,0.894472955258506,0.418831363292053,0.208903841041363,0.000395390900167166,0.0817397509081474,0.289061146035197,0.0491273888722229,0.220779554027354,0.632241516237738,0.385830883397982,0.00166101107680393,0.000830796631681852,0.00482151383514029,0.605621142206508,0.190291514085522,0.0444539507691211,0.268927935271564,0.49687408466585,0.0111803601041407,0.136308048347117,0.286344928756741,0.0284506805412677,0.00420711111626102,0.359400814834138,0.942344817903293,0.321615165876777,0.636620991954955,0.264672740976218,0.433815572610585,0.299790938989878,0.155108088957994,0.891682243310017,0.827091822018923,0.0282253667620094,0.0626108084969212,0.0560938957404912,0.351841355618254,0.122296762698617,0.0785182651400159,0.000403239576848006,0.226611507021357,0.485302939412118,0,0.0365545708388977,0.287009139479531,0.0152556801922967,0.0866247727991762,0.129412260956595,0.029929358173633,0.46849457735505,0.144963230412211,0.522618459085463,1,0.276781204183966,0.00880124667993061,0.477691420502436,0.00202505705779658,0.318974489687546,0.0501672240802676,0.522852258588774,0.166121149621127,0.0334496030329891,0.000572222764417984,0.146735465712862,0.0501477283285329,0.364648288705172,0.149152242154673,0.0718383841030108,0.50003273751064,0.00502057165642615,0.00648175461815051,0.042733368878681,0.622463939465595,0.551347833848741,0.00545229664017892,0.125761002496189,0.580038962587964,0.410461537695244
0.31835445495537,0.234695679890855,0.164530971920268,0.0145796994391438,0.0232904715186307,0.000126885705025897,0.245125571692209,0.0125685011574223,0.402552986695063,0.0117274033391605,0.298148203483018,0.269401313825022,0.203806577510608,0.225570965609445,0.130420138136092,0.0247642268840198,0.0927624472159481,0.000979080902057699,0.215391898163986,0.104652151003688,0.0136937844001806,0.13572648036661,0.234581080728146,6.98008622459454e-05,0.466644284165152,0.522591916838068,0.259566679106847,0.0202830892541195,0.0569104602382396,0.422883859679316,0.249577374256789,0.05262631136847,0.47092449784792,0.340652594027539,0.000534356972267964,0.107388979992848,0.00830101529478409,0.233167976741273,0.0989698448784607,0.0352464680025286,0.00628245555997317,0.116982901127253,0.278559986510412,0.325727671599613,0.000127302074206914,0.0008416430535992,0.772715378576816,0.500094565277855,0.00622336042617036,0.02584475041629,0.666651399580742,0.0453607419293759,0.000151688132825953,0.0520465749870265,0.0305021190780041,0.0275420031724184,0.2266916425034,0.415575565047543,0.306917680575273,0,0.000215702602915518,0.0305685312747295,0.356944527676235,0.368083388598945,0.130630269326061,0.569217764091417,0.374181986538879,0.00218071033432214,0.0714979051045254,0.101879898398555,0.00981987417899818,0.00163867371946026,0.63553669404696,0.772322704548531,0.135437345971564,0.216877667204191,0.107852574865492,0.386385203189771,0.259457461183489,0.306983661326655,0.206260956331863,0.2572442425892,0.00473078955535611,0.00189425121618554,0.0303010674681314,0.0483076249336031,0.0954393794895541,0.131498013297621,0,0.0950818439713176,0.32791949072872,0.000536404671781066,0.00932378293067865,0.102037147561967,0.00934656326904367,0.0738736112058858,0.0654692287339088,0.0337268753299288,0.224580632298183,0.0504388322257141,0.214894289824477,0.153905188248198,0.535596363053951,0.00342444943203536,0.4268751660164,0.00253956666857226,0.200726438539476,0,0.244518323954157,0.193854024830268,0.03744421548651,0.000625309649453065,0.017297487466651,0.0416420452785779,1,0.0303972604087738,0.129470864470832,0.427137213819594,0.0279927581325004,0,0.0279048068247068,0.0183100811854654,0.0175411318233909,0.0106733196658816,0.178747214823005,0.218680838093219,0.511595255928688
0.630446442005737,0.498255024291605,0.510014845760562,0.0730970492601267,0.00454705905749306,0.0082215821883045,0.0102062103827329,0.0295585866345346,0.658653135622445,0.0600383600036803,0.469661450198164,0.402587126221047,0.517225347528941,0.439945444729129,0.253755381422864,0.143519042828878,0.269488362957871,0.0421656422428609,0.382587727976242,0.316659017898118,0.0754483898775722,0.570716147003325,0.176065580192745,0.000290152603845891,0.587486638032501,0.553780138894613,0.327140859487392,0.0943995011830914,0.0938936510881854,0.0831827438831999,0.0560051422143661,0.125138062302289,0.245381994261119,0.498001195329378,0.0198966182837326,0.129708820729899,0.0848838729356399,0.255666657810537,0.704142519466387,0.0876347010482057,0.00927800321103284,0.404249729826705,0.3756574552671,0.488865918048635,0.575815192787759,0.0320196478232747,0.338972093524405,0.638323042406037,0.0551004019428108,0.192659912424927,0.545193510314091,0.172757926224006,0.000264968467716044,0.096101453035807,0.235020718123237,0.135931657716055,0.297903569320777,0.563958230483591,0.489239181293087,0,0.000983642910489862,0.0383077732998098,0.552525918379577,0.477595801735821,0.0279575067286954,0.497092654650847,0.420585372920912,0.00327528514222299,0.183467874613377,0.259280640034773,0.0400881340508032,0.00362681992781122,0.369580939413413,0.565189267250673,0.365379336492891,0.265869586522099,0.375286365637616,0.327217939967037,0.271419830201667,0.175023673377468,0.671773071941881,0.426158083530697,0.00262542044472777,0.010098629310808,0.0141335889729506,0.252425648542096,0.201581851806347,0.0880501607992011,0.000547722812852178,0.260176048007465,0.330247383359149,0.00103232597210696,0.0414835498361054,0.174013245414081,0.0242946259943914,0.0653842097753736,0.0799553133751823,0.0635806093821361,0.706071040347378,0.122392457650161,0.628529054153361,0.436094008727552,0.603182327793315,0.00662739755564485,0.623358090618794,0.00162708167510257,0.374200811402111,0.0579710144927536,0.62700663229696,0.314003072515616,0.0247696670388832,0.000345757190358914,0.0351226948899118,0.0612716404967636,0.213523884766231,0.0682339280266874,0.235658193774029,0.304480673956219,0.0164895470207851,0.00554895598306612,0.0405001640554507,0.0138034996453062,0.0210885176419098,0.0230341742769523,0.182952203849827,0.426335528844242,0.439659031548485
0.00108358532051313,0.321304945417485,0.0070488739738679,0.0878368713318574,0.00198289062862522,0.00901958626087701,0.379041964214074,0.0105336988441192,0.262199350479561,0.136284175436858,0.136501063485898,0.248280936740178,0.594167369284762,0.478803284625835,0.55131322203983,0.26318652890011,0.245271530983011,0.0117467493432931,0.288893491200852,0.421855081331906,0.296332907910002,0.461242399736424,0.201807307581812,0.000454846141563448,0.339164360883105,0.189257334677072,0.1333450508473,0.126963825115645,0.303481007209934,0.465995467974644,0.108635706251004,0.133850731864243,0.0162751076040172,0.393286620915473,0.00199565971275586,0.278718203141092,0.143296004183189,0.401953156134831,0.0947819471128339,0.0519104394231193,0.0214999590274637,0.591399732603189,0.522068122418009,0.404226965122332,0.188029248162119,0.0111142850576071,0.00272446011051765,0.191960097161187,0.0329270629277644,0,0.26910705163211,0.216990243911769,3.9141842415806e-05,0.0365788790866632,0.0608992033106983,0.0473039345438717,0.401508814246491,0.351528794350598,0.575662680231936,0.00316916837353388,0.00013430171113654,0.111461334953861,0.220411098459879,0.00392145555203137,0.00642122524642176,0.685747063973674,0.26813393090546,0.001905589758088,0.0151276679755193,0.21856535499382,0.0899343198543958,0.000896855790455554,0.378590349666071,0.496216660733,0.577651563981043,0.00633892536728348,0.372196974784899,0.379376363061248,0.000257501975881498,0.498630507841114,0.401436582273723,0.328852864588623,0.0610389283587348,0,0.120932220955539,0.0578247791745723,0.43768501995224,0.00128272866929116,0.000455778935394978,0.610458958614788,0.419110207809184,0.118919903649576,0.110392133058152,0.0309598970280512,0.0169690379442569,0.126838543185216,0.130401604423669,0.82674365498793,0.381528961024265,0.0970805642851271,0.394897763763256,0.14407068239781,0.838890805376569,0.0319314718075879,0.49878283387551,0.00225152923689869,0.214554259861085,0,0.356313157708401,0.000660756046507786,0.0172255670546161,0.00127558552237553,0.0148054765604386,0.10296943231441,0.232597838661437,0,0.133534840159022,0.547371177895633,0.0127095177391518,0.0117038324470418,0.0458340168977114,0,0.0061445790070775,0,0.261340905664171,0.219118173264243,0.2708365631446
0.60266030510268,0.545325718647791,0.118035881707148,0.0402164004005201,0.0865171723465891,0.00158530694110669,0.468811682580438,0.0164454161710262,0.528519783088974,0.0572002859306547,0.284191139519027,0.189110821993772,0.335325376052514,0.474350809779557,0.311185616501998,0.198613452002656,0.449906707257193,0.0176237524345585,0.33672712748548,0.384597079870141,0.0533943955312833,0.653457932728307,0.434158635639479,0.00424097264992358,0.457907390470457,0.410333549380519,0.617984009464861,0.383041823879261,0.0543738797247638,0.472764822304449,0.0672858749799132,0.0764212821475167,0.472336800573888,0.408688695765418,0.0115050327702592,0.211251675585093,0.0576713582291167,0.554398776335915,0.408917174444567,0.0839997941812087,0.0288173505033552,0.471854990624026,0.434350132625995,0.453020004461962,0.642405750513803,0.00615636173796554,0.399233456985854,0.504882164246908,0.0366397204094603,0.137919586819912,0.49018972290239,0.221268693112596,0.000555995514470079,0.111286974571873,0.404988104803769,0.065332603951602,0.346267737548433,0.647870205413295,0.267890649577536,0.00519702852251536,0.00245861926128593,0.00989094830896421,0.602185333892651,0.482958968887864,0.0244728445894159,0.520215560184766,0.504330928137018,0.00451754737601641,0.177317546669007,0.14728134635498,0.0427613357600696,0.00201734616431928,0.404978080919265,0.605880848631329,0.32239317535545,0.148218597150825,0.454879222727171,0.621189671533454,0.457909899803687,0.187237399204718,0.559088159814652,0.70161398434358,0.0137142569556866,0.00333097057411583,0.0243159912944347,0.193205355337474,0.223453076118664,0.0958228857119297,0.00303152098816026,0.452798482299016,0.419199742141124,0.00266684209460964,0.073752579822751,0.169461482594721,0.0300642419733303,0.109586789163839,0.10208388456637,0.142026548515098,0.546041412851416,0.24429960732736,0.529624235622125,0.494244145800742,0.51239727968263,0.0062275190873362,0.672534591780765,0.00209981486449048,0.405531128528643,0.0501672240802676,0.422626011956342,0.464225959689161,0.0675400324634211,0.000259971861642806,0.0341845260781612,0.0570547245191861,0.548023475635563,0.195628856240344,0.263775272951147,0.601060695344726,0.0220820570448106,0.00853869519808019,0.050095357230744,0.0169642153385355,0.00725601644697061,0.0141381881025398,0.09606975926019,0.575055992154472,0.411117773083267
0.182340835513447,0.473685279064149,0.00854998772394264,0.0178696857966955,0.0175398401092454,0.000226254028238949,0.73234373746289,0.00955483561006816,0.585781035064251,0.15210236883639,0.167262019563794,0.220104082242034,0.678646776396556,0.752697133424797,0.286194908167374,0.0920031443817493,0.186722969655308,0.037912986350774,0.212098574125679,0.104720140057451,0.290697525233672,0.433836523197652,0.17543876831466,0.000313875772713794,0.517105247924795,0.0877988288494176,0.0850792171048862,0.260069599880625,0.45564331775549,0.532398244557267,0.170393700787402,0.183126016478116,0.0135850071736011,0.438413793263831,0.00827162782582144,0.163819099902501,0.186827312736938,0.379784682185136,0.173293177677489,0.0617125593566693,0.0599352330426813,0.387277934637284,0.469933784283333,0.802907711757269,0.0573192906211048,0.0431010989516126,0.314744408699801,0.18175817247965,0.0665608499954456,0.000288680193520704,0.567551570454666,0.286013468412728,1.80056793021413e-05,0.362175661650234,0.31796673546449,0.254573831273614,0.445315747607195,0.363827834896649,0.465761321735464,0.0155299440555165,3.08425441272868e-05,0.261194827223523,0.315015680869339,0.00581009774804648,0.127065397572322,0.66717386710141,0.505583183992794,0.0123145995349956,0.0497181213942571,0.137644150446204,0.068850399620163,0.00223866329090456,0.433681790514245,0.399840543156142,0.465281516587678,0.012713487700792,0.334206422052579,0.23618625867781,0.000624633505851159,0.679956899778809,0.543263201418813,0.404508634592807,0.0275794965567569,7.62553097092073e-05,0.210423359933672,0.331847369319855,0.246902310265628,0.19575355728147,0.000472854226922743,0.546894174407369,0.504794563475365,0.000344108657368986,0.325373315527498,0.205289536698138,0.0375042923367481,0.144481113640734,0.240211059939642,0.122129990450601,0.574757745743374,0.13369681372394,0.00111789568385376,0.271345960127305,0.309106533443395,0.0566318079799277,0.754831580315141,0.00891816658677842,0.531255974001147,0,0.615397583780376,0.191260557347725,0.0339446126453851,0.00355293595286592,0.048305921213365,0.0867818761807427,0.465153353460681,0.272660178506411,0.274116961285801,0.43680569196185,0.0235622496510975,0.0305989842859307,0.049214584529571,0.00596673760542287,0.00706597792097853,4.23578048491215e-06,0.373597359735974,0.632201121168347,0.21305049214541
0.267194181401647,0.33095865047091,0.115415293296001,0.00558507742463028,0.0325826301101072,0.0046366788354644,0.493428548503571,0.0162141886354235,0.153990154876898,0.0503705066776132,0.488573299033763,0.297365951456725,0.386712413282686,0.399167668596925,0.220979031808468,0.170663762110644,0.558617303348719,0.0597233426304798,0.290491150925219,0.211819896996584,0.0628573662894878,0.56793063168299,0.0726644728250934,0.000449371564132394,0.253412366717992,0.215246687172417,0.34078221374294,0.0805621282854768,0.0981920646732383,0.136075495511,0.0583255664470513,0.030385323396422,0.329604555236729,0.17799942791629,0.00254637455152183,0.238322264060223,0.160617020349471,0.27171396472477,0.452175562092639,0.0747820526014025,0.00733256648932135,0.699992311273808,0.304272891765515,0.232497954934186,0.120406658647317,0.00642122210073668,0.402573614296489,0.183983237840945,0.0247081229302144,0.00641394902695092,0.399341166522804,0.187863510393935,3.93577378510835e-05,0.124996756616502,0.294880076465367,0.106746584944542,0.142824151291986,0.341134709910065,0.21638691359247,0.00384172500585939,0.000390997568904781,0.00858679114453078,0.340125047442121,0.4499726074796,0.00808780279129458,0.302777526190261,0.53785648820341,0.008435905766983,0.167536797771294,0.132845927113188,0.0609841141093614,0.000213437773387485,0.407951525640128,0.360292237259749,0.343329668246446,0.24887743556391,0.402516286462647,0.288710939450947,0.0944037936924764,0.314539376867591,0.494530804164858,0.362794065672466,0.0178327280047643,0.00821015501202465,0.137669706705358,0.118275052462737,0.167798514197486,0.067108088215083,0.000249561953098115,0.22231754532208,0.173759277995147,0.000364350343096573,0.0537695763020517,0.237403553682757,0.0112852687002804,0.0525741155451889,0.126070989867538,0.137730801852939,0.172604167738263,0.125683699343016,0.133140930570216,0.749483879034053,0.215275296610692,0.0121120051748978,0.437140297800362,0.000171503203591893,0.643004311901272,0,0.180521884556897,0.262563214294985,0.00367611789670799,0.000742100796530241,0.0117564279222493,0.0515940413143795,0.19600180581812,0.0249751527735409,0.142635394903165,0.165171653680787,0.0268931864821158,0.00873003850784109,0.0412261094249856,0.0252936076298573,0.00149151449187729,0.00547686416699141,0.181496372987553,0.245225757716315,0.344879714045741
0.408642715345898,0.175214239164198,0.26723386716161,0.00406497989927219,0.0832814064022592,0.000742969308946818,0.258605472197705,0.0457111145937975,0.267444019599298,0.133906138308338,0.230158449891207,0.257478778313356,0.46912794518448,0.344466988810245,0.407931210703999,0.22256604645069,0.40382991259943,0.106788980445188,0.392721032709494,0.392211853891523,0.192765644693521,0.50284541887561,0.0542355506803521,0.000970825064440339,0.486738367852553,0.295425169622017,0.115476100142933,0.34621410756539,0.171661077644997,0.090124200441729,0.0391965290053029,0.103768341286437,0.0312275824964132,0.276321083145158,0.00651588348836956,0.105299164076178,0.316854764913504,0.114729894371677,0.258893356481534,0.155459343438056,0.0234150457223155,0.214380908038563,0.169307296699591,0.304548226370194,0.483237992929629,0.181686547610839,0.297135468776456,0.275978565203686,0.305625210054119,0.302627383415848,0.327419099124491,0.407057050452039,3.84941561099736e-05,0.0655974312402699,0.420275926538629,0.0583623027287112,0.339488337481717,0.327655133185945,0.0662800000638766,0.0439505568972721,3.65035174164723e-05,0.01655391981729,0.314416411977388,0.417015080303336,0.0292765092775787,0.194885728949672,0.214661723993487,0.0368349318739003,0.258343935771163,0.0683772293231551,0.0956294017567461,0.000766151225644977,0.133397807455669,0.383423508351427,0.109878293838863,0.200382206462764,0.233137074928922,0.127540912647544,0.0491956250159345,0.125217043394304,0.3528887127143,0.209722498689882,0.109420478279469,0.00300399704915059,0.51098559436211,0.114774742872349,0.204736670859485,0.095792344553137,0.000496496938268881,0.260985311643889,0.282194307407175,0.00245430439446997,0.212067500303509,0.258041088108609,0.0925392033422996,0.0754368769424507,0.18455218147678,0.473733221824825,0.166448918287778,0.198275971090188,0.0268205888771606,0.340856349126482,0.11528700087474,0.182617047759995,0.351837478137581,0.00586189154841008,0.216635867371864,0,0.297094534677101,0.351795958532838,0.126208264741885,0.00771610180233437,0.0628964007544441,0.047629223574592,0.156824017380999,0.174176597356846,0.0739211307087233,0.250594731443288,0.0911416010649331,0.0380852912803259,0.0300088179804774,0.00184046661937416,0.0133487667651412,0.00445942969451551,0.237829823591496,0.114687835455955,0.16046823079811
0.387782787859961,0.166585796161663,0.0113741169825578,0.0101090755373182,0.0055227605682353,0.0318574844221044,0.0373264863997432,0.00204250989782312,0.476969308832947,0.087704274097089,0.116584132192791,0.224853900951243,0.603592713546686,0.75353458106749,0.271370830365162,0.0591392477022253,0.105155651576156,0.00247917324163453,0.650084783215697,0.629221695307056,0.160538758224121,0.303186869140683,0.229328266603986,0.000441159697985812,0.572077443455241,0.120425700373774,0.433397547374632,0.0377629980175225,0.0385881614764964,0.0988153629922841,0.202654668166479,0.102549461154898,0.140781922525108,0.259891118051567,0.00239370113087384,0.0229634659649916,0.24364896073903,0.0759390976616022,0.106282298173806,0.033776333779274,0.000525055464674086,0.171812061902789,0.581146679810367,0.765296348627947,0.219530725070408,0.0330976951676117,0.188665014545846,0.203986575438987,0.0461506568346506,0.000368723338087809,0.415213063927986,0.13084748485712,4.01997300486656e-05,0.0115399584846912,0.123242635744408,0.0338417437713349,0.392332760257628,0.58459614930563,0.529420782584673,0.00112092772054253,0,0.0469872216527375,0.184954355686063,0.453850811683631,0.00907705470295706,0.336195392929384,0.091175942577644,0.0134032668458607,0.0424134073310374,0.108471088412274,0.025401598480652,0.0285510680579132,0.54853056264276,0.402352740601824,0.269467298578199,0.0207318051014317,0.445036453319603,0.354204471673298,0.00268209978838947,1,0.543218778084944,0.406436234821925,0.019678071448343,0.000265160508761562,0.250699554357965,0.0043510283534506,0.143919059261213,0.138733213815599,0.00674211318554012,0.23895609413107,0.0889613122151689,0.120230552800437,0.0447614422726721,0.000884465761107955,0.0131917816059063,0.107040278906458,0.0610810942087617,0.11395665403299,0.821092641280488,0.0365229817827717,0.459521932578865,0.0654108993769955,0.473308117831138,0.00489655104821084,0.438492576839002,0.0016094916029393,0.482486883748593,0,0.839159212216644,0.351364107259585,0.122885176956343,0.00123642432747284,0.00537492548398761,0.040093530304438,0.465266217093197,0.0576258844136547,0.0755388615628459,0.458346973962766,0.00707874423278697,0.00617082173978904,0.0258028463620704,0.00158823993063766,0,0.00351315633418614,0.382002311906318,0.94722822269637,0.216210881926817
0.0743305554072485,0.137961697833956,0.369749759249341,0.00320885755704102,0.0288003884576376,0.0110589300018956,0.164936211185108,0.00278757640143156,0.100662404741423,0.0682057851415144,0.139136009388013,0.194726570831378,0.268636133460161,0.378915437983771,0.436274661628519,0.154357833307796,0.324324855150741,0.166028484426897,0.363060775789538,0.274148862033213,0.274043087705836,0.548701590439393,0.0438605082399645,0.0210962841305687,0.446507750905912,0.123693882367927,0.125588263077288,0.183216622966895,0.256718781982244,0.102228723861974,0.124043066045316,0.130821403678087,0.0515154232424677,0.394561018774113,0.0641610050273176,0.0937478613376395,0.630005664734847,0.0930823506192332,0.0901651002499193,0.378563237823613,0.0175908755679249,0.142830903553473,0.386752316901545,0.396384323640961,0.425571514833415,0.0809082740407294,0.112564840611387,0.217088501974746,0.421819034646235,0.0144707507915742,0.2360949142988,0.439385448682517,5.90042224613336e-05,0.0321970679813181,0.348642162037256,0.0925197197762445,0.35442251930923,0.287390800403529,0.0618565426448443,0.0264640844568086,0.00700516163640388,0.0460817965592733,0.57002457002457,0.260099189758081,0.0265894871931982,0.214886936569755,0.0379840444462642,0.0452328608742252,0.138005352403097,0.263369147390011,0.190385870855424,0.00176752431881254,0.0500098619956862,0.301042486724466,0.0776250236966825,0.194009871439644,0.271881319632556,0.26856676711006,0.0286260612395788,0.295854628392361,0.239281162114414,0.222662200754791,0.0849025742541038,0.00151932927678193,0.330461705876257,0.0629028996728085,0.229703083622515,0.143289954707462,0.0103581345375354,0.330975560680401,0.067714815245906,0.0212841325425581,0.125264052446279,0.1028389193698,0.28483588965833,0.140138708816943,0.0970310748437055,0.170843787256001,0.125743442932534,0.158918601048392,0.0183717916171185,0.173204198901991,0.181668658444935,0.0840430849447717,0.409890035336339,0.00913364497077849,0.326366320440111,0.0501672240802676,0.370794965253777,0.0903867074762187,0.186100590557979,0.00464737209724856,0.217919024304436,0.0336232153364923,0.258401286645411,0.221164916700288,0.126834683625551,0.4102883083437,0.0365496811040827,0.113339020481707,0.0429568944303174,0.00535981713565067,0.00244746586504961,0.00381559106080887,0.0362165150525205,0.0370674688895662,0.0723701864916373
0.34321260599236,0.332737124840374,0.0159932220897793,0.00959668311304017,0.069895444571868,0.000331737325188188,0.488855010832063,0.0167717039157099,0.380217668926472,0.00615741756491829,0.639707819813163,0.400646248347055,0.430399970848155,0.209954317365729,0.354515749372813,0.0621292971551783,0.106157321025238,0.00223406979391021,0.374723321948775,0.257899478184012,0.0190664595146264,0.110986312037619,0.216351301940505,0,0.383296479386874,0.453365652993253,0.204810013673874,0.0163367866811622,0.122258972244912,0.249519547944813,0.0520392093845412,0.0435624542026344,0.234845767575323,0.295413795589374,0.0015158289621479,0.025351870642553,0.0455139657501416,0.326764615460525,0.163183524742461,0.0372715778950618,0.00369966827420642,0.211652478119167,0.358249077454878,0.415096304008329,0.212034879406813,0,0.749518986562409,0.586056257069218,0.0124854598051954,0.0051975556660705,0.499332358588617,0.0759506017943858,3.39171728820911e-05,0.0802932018681889,0,0.102331080484921,0.243617048574581,0.423042456373822,0.343038324387942,0,0,0.00192882813395617,0.472923033898644,0.273579193218189,0.20198117747714,0.49053225855146,0.403918653761964,0.00653200386519092,0.134673810516156,0.354888550821097,0.0335522671520139,0.00802859741719437,1,0.645970706072899,0.231437345971564,0.430906604420766,0.204146052071907,0.658314881715418,0.09019197919588,0.125593781014221,0.233393361787048,0.242635917143658,0.00544376315855694,0.00855041544701498,0.197028189449684,0.114686737483067,0.0160486361600773,0.122760187767044,0.000605516107253847,0.0915219684121849,0.816132295928874,0.00114365524360869,0.0101371858686415,0.0822984604543134,0.00715747152749957,0.0498166884820814,0.104945822580295,0.0212993113756473,0.401844468382886,0.273917620947599,0.290822120973237,0.207765752743751,0.913511648822798,0.00813870294322314,0.357826142451558,0.00305627503836834,0.272690583912148,0.128205128205128,0.281398885288574,0.381164204957086,0.0165809033733562,0.00137575816631129,0.0357188229890449,0.0345102047136796,1,0,0.0992743134468147,0.130142517296318,0.018418832077687,0.00125170415135256,0.0288409482405053,0.0889611413257665,0.0263923201400526,0.0579734331847986,0.203015529979394,0.459626012165869,0.595778924633171
0.556295472967398,0.474994772178651,0.336385597958485,0.23054670136702,0.0216087847109438,0.00541786673026239,0.451721094439541,0.0466360247362079,0.458988127493965,0.0192366217717792,0.487837144044615,0.376565499296165,0.316800132691155,0.563631883866746,0.392541889924738,0.160553331245961,0.383325149759403,0.00201281024653852,0.396920436915555,0.338874441214964,0.14545017995468,0.506080210860515,0.104605761445846,0.00121718104883779,0.507422886493704,0.581705174267656,0.441128783737536,0.162158129223423,0.0855512471520858,0.419585233628775,0.409223847019123,0.143523135488714,0.244642216642755,0.461650624292163,0.00272085846083382,0.410432444941844,0.0756024227635191,0.412037757476155,0.305174706452072,0.128331691683451,0.140050198944426,0.348663443097019,0.471216267923965,0.802355915817655,0.158327019286605,0.0332859430287549,0.203195468468607,0.324644453097476,0.0205609609773105,0.0856015504750757,0.618419151972096,0.220863225418999,0.000210735534374342,0.0635378827192527,0.196614726935661,0.125537968044453,0.503877242051782,0.56726373178218,0.567138342433093,0,0.000106777668592569,0.0413763129220355,0.571702522922035,0.369856693866959,0.0632942979876299,1,0.544314298582393,0.00139754501301759,0.0436911838901441,0.194170141671534,0.0546905911213104,0.000414129534249115,0.286246015435614,0.82639762920768,0.332827298578199,0.200266386322532,0.546561000544748,0.366424159688348,0.377735002422048,0.131520959848395,0.377406975830289,0.464803522897616,0.021280165074359,0.00225935239600538,0.0455617162400249,0.115407543528618,0.293643898048479,0.102847352234238,0.000154991107713566,0.390334827301813,0.622729185506182,0.0027326275732243,0.0426611630447979,0.137257580878282,0.0215940307903623,0.187464717960807,0.0706102357423975,0.086298985153947,0.800129032447693,0.0856655516702814,0.493829304900481,0.462701556545613,0.368499513349021,0.0152620282071135,0.6435652330899,0.00113016213649016,0.536821087958538,0.0579710144927536,0.39098857302776,0.12571119769113,0.119562089170801,0.00057191501435981,0.0210892530808096,0.0951704914986528,0.176278886035947,0.118420405231202,0.302590989173647,0.357799166284729,0.0123852850730128,0.0154908354527262,0.0429804774013617,0.0570111137384725,0.0474117328634199,0.000448145575303705,0.452605920490526,0.446426441549492,0.457175037403549
0.00457823898577385,0.236504607588563,0.0824442202668166,0.140130788166297,0.000493029638124532,0.347731038995188,0.53576185509107,0.00848091216693601,0.416562771186152,0.0419341368645297,0.313251604736383,0.645574371880732,0.565812174162167,0.252288507444802,0.68870210920804,0.286311946652099,0.728292251792203,0.0263013030765592,0.434289771834221,0.452518144578723,0.551896656954633,0.360110222541708,0.22085977695944,0.021922489107872,0.51071079878517,0.452973521107061,0.0898929473470671,0.140401504977511,0.183739485912031,0.280125060952873,0.0489088863892013,0.153056136400193,0.495807926829268,0.190587595085661,0.00800990196185346,0.0465318719451248,0.113556146237309,0.208224055019338,0.0394678322041436,0.616037694241484,0.656380030896327,0.36308194046363,0.419487265958896,0.181662824421804,0.738101510810125,0.368067252642858,0.497175489094463,0.606997830561273,0.0985361910814554,0.661912191358227,0.0575968432363873,0.239302442560337,1.81136270197801e-05,0.123906979761287,0.809655853329342,0.220137994317881,0.155951861640707,0.244915645324004,0.180510597933271,0.237116973902765,0.00215253629171893,0.0379335272178463,0.733724855676075,0.564516594100516,0.0238890968397412,0.0733085771216375,1,0.139317346521117,0.163160550156843,0.28921435459991,0.0266998694310358,0.000273459905100143,0.0712142131506001,0.450094520802098,0.107782369668246,0.0640351736856641,0.356003790846747,0.368804834601362,0.00232261683196084,0.0940586261235496,0.642006021070329,0.502524770373861,0.018185020843993,5.37253318405779e-05,0.730619753342315,0.155410183690296,0.320748608185721,0.14225766354027,0.000554290232670549,0.275355268947493,0.11572312403191,0.000242900228731049,0.128444822143984,0.964315761467494,0.0438032965146226,0.0715007971414569,0.175622525842444,0.0829107279488959,0.538698222301255,1,0.0982857448258354,0.0835521320293846,0.0954944743553414,0.039595809116837,0.367908440589989,0.705658726214924,0.465090592408505,0.0412486064659978,0.455790868537557,0.754927942193285,0.292001949340179,0.00243999633623556,0.0333538557760904,0.0181312521292081,0.250599588047741,0.507985554166954,0.0929998755591651,0.415460835024771,0.158094639688898,0.0147174895757759,0.0313602247559675,0.00909986600457161,0.00298302898375459,0.0175751003879975,0.148276959675663,0.174828047762302,0.198074129694278
0.516464915133306,0.453180038046358,0.0572891157803947,0.376298861421334,0.119476410810524,0.00160670934918335,0.0212147957955548,0.0361537097888893,0.241408254290662,0.0310772649742025,0.213093779626164,0.20612976154929,0.400098387475764,0.561462867544595,0.48878031405829,0.347383123818914,0.373838750859275,0.0134753580694793,0.42300999831728,0.326602417010861,0.161796699782075,0.425839398568305,0.00364007939617122,0.00272451470152148,0.537859229501681,0.0393230854535305,0.285448705937373,0.12185308349854,0.0672385131735759,0.0322118004761495,0.417605656435803,0.125092488338427,0.17741212338594,0.315180915659513,0.00654314659919956,0.0245085330035385,0.0703298618676195,0.181827411745505,0.29565203649228,0.0742895576366122,0.00316247279878843,0.538084823735952,0.180244887900229,0.466233360600878,0.417730523973976,0.0456172723979385,0.150291686548555,0.198394244497599,0.0606170382290645,0.425071087497654,0.132823647541706,0.275232235446674,0.000750625249372721,0.0668818111053451,0.133278715213772,0.0953941112228712,0.243185958789869,0.417142458520252,0.157583674407983,0.00675613707926997,0.000117318791268983,0.0977027133814817,0.658916122330756,0.166964620397336,0.0504607596741707,0.274114663526855,0.230612238470333,0.0130175916822442,0.0718050102002764,0.259029353037856,0.052759258526549,0.00151816596467037,0.192981228274448,0.506220321220296,0.348818199052133,0.250441007457035,0.31502831941615,0.312700817420547,0.000451265838921041,0.430572766961129,0.231510495866921,0.144179012922437,0.589629169847088,0.00318770302254095,0.379858016374754,0.0891326964117898,0.22946055915896,0.117626218974,0.000299474343717738,0.240508288318965,0.594964589171718,0.234960427504403,0.0879810610659221,0.0681937483371325,0.430600068677388,0.318428545728624,0.177578204788985,0.180161865276369,0.120535607126079,0.219520446167174,0.0735227966097921,0.212342990970551,0.164093781955721,0.0344405131773677,0.120464374461704,0.00103561549861258,0.512776397119735,0.147157190635451,0.659797220976536,0.73800078818757,0.173698489261361,0.0344046100035464,0.0188122391939566,0.190370095078819,0.131302728478316,0.0330640320406215,0.392483118618314,0.616731050437591,0.00687534361614075,0.0131947157355954,0.0759638257731113,0.016607551036494,0.00357617953457837,0.00024059233154301,0.715958854768726,0.469591953032853,0.335766509705622
0.51606812633173,0.511112419476325,0.53312182046934,0.113879216295787,0.0636418400694716,0.0258051891667125,0.307726871539758,0.0163888938845455,0.459628553130696,0.0563439094647293,0.707572617207555,0.321262210467944,0.572444847097318,0.530679261591985,0.415155480533961,0.160024826403924,0.369969557104979,0.0366662909894789,0.328546517970898,0.362636615504904,0.0266629846878148,0.439003204840207,0.412076575517773,0.000633682337644563,0.593834778548302,0.57331055471676,0.143461085206974,0.091950715184072,0.0591639231680092,0.271003642830508,0.0648240398521613,0.0756125676907405,0.296740494978479,0.597348415258356,0.0265215542154222,0.286918221165347,0.194823303847662,0.448352000789461,0.242776158557647,0.218399464871143,0.0139094173098343,0.268156072598661,0.283214867082163,0.629846062318733,0.512182536197698,0.0208440727643651,0.420551972539905,0.283862713467208,0.245502355223634,0.13352377478221,0.404756284461042,0.272443688761468,7.57361186953378e-05,0.0996529579657499,0.169415953742654,0.0980292968328755,0.502209335146648,0.521018910043143,0.35176387360729,0.00266984602529221,0.000266651362518188,0.0205626657673631,0.599708355805917,0.303465874686428,0.0407063793380033,0.334018657730278,0.341593728642203,0.00934566031048117,0.108652137670827,0.257518235286128,0.106035352536203,0.00061157685555871,0.510560818821354,0.668109132665085,0.429857061611374,0.380469160660353,0.499481370376174,0.294271396940084,0.179486525762945,0.128193210696953,0.306244212152174,0.339605989575928,0.0154589453023427,0.00341415818470769,0.03276246243134,0.13409402118625,0.165468918649051,0.140382436390402,0.000370402477756149,0.394177724023411,0.358504418519281,0.00271744630892861,0.0483185625834649,0.112625568970352,0.0961912665254965,0.0596181165129248,0.0738850393117033,0.0998238402818555,0.505677378711214,0.121567276015353,0.521714344249518,0.514875770115503,0.440520778148755,0.0194176279758113,0.715254420492087,0.00198987691347004,0.264172985832324,0.0914158305462653,0.405716520724664,0.227882961225419,0.0913350294127804,0.00116456468888912,0.0875135594711073,0.0576605035770696,0.354659857227505,0.169817262180061,0.168800717827132,0.463868700757328,0.00830317566764742,0.026979406676287,0.0513001394471331,0.028162686214235,0.0188541252756998,0.0315574117686925,0.133204335661993,0.415362391825808,0.358922777780891
0.678314703269928,0.219651735738199,0.0767654306224661,0.000104613453290093,0.0128747025249746,0.000264472614090122,0.683350718125652,0.010251087411716,0.228450056274087,0.108193611856214,0.43758302116921,0.618874504116367,0.506929217561976,0.605208062655086,0.26591972001115,0.118059765459322,0.508003535303938,0.00386345235092712,0.396987006070737,0.316896979586287,0.168000263929458,0.30308203791895,0.0297343884666614,0.000247724628755218,0.447731070385249,0.117624579925595,0.102876933583376,0.0489703907399118,0.144944725117695,0.131973725726415,0.18700305318978,0.0341885153611066,0.0126210545193687,0.173566941933503,0.000817893324899944,0.140785720595694,0.111704213691228,0.102128887050188,0.272434602194865,0,0.037291078002604,0.150416045517259,0.382930807494504,0.722968691901539,0.0372266664488236,0.0559304095813783,0.0182246371234627,0.206037344013647,0.022806773244157,0.1230499324882,0.159532827170715,0.204820475353493,0.00033515607372475,0.0650979501816295,0.391506882408239,0.117073610694462,0.242133894434323,0.337045761875121,0.257828481636264,0.00115149847655733,1.21027704803277e-05,0.00915748163829075,0.250634226243982,0.0138980998241112,0.00950038322371353,0.164586541074178,0.242218911709033,0.00618514939638039,0.0541053370478426,0.036932397006289,0.0634594840547598,0.0582434836010962,0.159840681050334,0.632020739418434,0.155354691943128,0.281382803381948,0.183020289984852,0.238683470125027,0.00464523366392168,1,0.54349898680627,0.684309252887338,0.019787114470009,0.0163873815948567,0.0890247694061561,0.212216614788887,0.035276103696417,0.0361332449675806,0.000311295699390806,0.176297862084672,0.172004405089131,0.00355241584519159,0.0688114604831856,0.158833511904334,0.013524437703886,0.201720212653768,0.0983987718847504,0.0490489154611292,0.214458394383708,0.140755120236236,0.108912434473943,0.616692129650806,0.131836214224993,0.00777410786917701,0.454415202560131,0.000259453564408248,0.383143227341277,0,0.250543699992245,0.30518433913776,0.000172677771766033,0.000449199678662777,0.00659649945762116,0.0777249217999938,0.172385090714145,0.240403066295352,0.0541939836131069,0.36792596957594,0.0116623066435475,0.00220842070015706,0.0299165367894348,0.121545676676913,0.242091805884284,9.31871706680673e-05,0.210576133755508,0.176511125541699,0.25739120906078
0.559245300418873,0.766193557293877,0.179404719348975,0.00345010899013858,0.0566250754045329,0.00284346278732733,0.234742838802856,0.0610029622816506,0.407521022255738,0.0510570233486443,0.270402494777646,0.123943181333447,0.297967664070226,0.280038721855633,0.223549725895871,0.282304858469512,0.391397427084356,0.0372977841019239,0.131117196846841,0.326772389645267,0.0639772336404975,0.87462185880732,0.116456423515892,0.0024927575902735,0.539761742130428,0.115820023952515,0.469583759835356,0.265897124341839,0.118718089491938,0.231276711700083,0.105460388879961,0.0808008507139921,0.272664096126255,0.424567507040583,0.0211452687597466,0.222623550198479,0.232668090112859,0.535046551612891,0.617646062811694,0,0.0059971653074913,0.565919080428348,0.207810990122768,0.59915520190377,0.117173730570266,0.0104751179011677,0.0820108670555821,0.35777196788489,0.018230341813674,0.511819485650626,0.616604717529551,0.299986803174124,0.000553340000616166,0.211507524649715,0.446434854763068,0.165708862968388,0.134125375279054,0.48997080855996,0.39591700507979,0.00260870451326261,3.55274875390266e-05,0.00322352480263736,0.560616048420926,0.243505089241948,0.00595333582874356,0.351169881955137,0.692026317530007,0.00845109647364624,0.129184306929607,0.122977818828867,0.0819171876236448,0.0157322873878206,0.139955504372151,0.552848912133262,0.373894976303318,0.413992409326194,0.281239039751655,0.274659963041271,1,0.201455201464785,0.45735530807582,0.579246915636514,0.0228151553024266,0.0525422191566047,0.0462871800186548,0.170832080478833,0.13735489052982,0.143436552269666,0.000362521573974103,0.541824115614145,0.40251949610078,0.00238851891585531,0.166759742624742,0.38885573141004,0.0510036914096034,0.11390438024578,0.142005299506479,0.0562821402516059,0.602796094931435,0.380644273998242,0.20726498581475,0.878593914702561,0.276587159806325,0.00490047142535112,0.833720273721516,0.000125329264163306,0.914292996877589,0,0.465248719565445,0.453979521282244,0.0268034274619054,0.00045804749283529,0.0840540619777771,0.0771284338319552,0.224048418498349,1,0.210606288846826,0.373469521377594,0.00917719415897873,0.0064737819802438,0.0701080715281765,0.25435288090171,0.0379213240502393,0.00142322224293048,0.225982141361344,0.305684031965225,0.422944330194735
0.497394784229405,0.425398481800076,0.286201329885012,0.0496913903127942,0.207912669950216,0.00661487283912116,0.481184305544411,0.0543667320098554,0.306779037997325,0.00585308543239934,0.888943821323503,0.672246512818325,0.330909248548376,0.475119592101065,0.238637067550407,0.12189586678125,0.288932534616518,0.0100298404191432,0.134245947140392,0.189536484625975,0.0794012222622053,0.543475005241561,0.36886899631748,0.000484043887862406,0.642512860290741,0.896414740662204,0.233757435072326,0.120840527807977,0.265692461611742,0.118893956343401,0.158045958540897,0.140684145622219,0.277595946915351,0.592357798826531,0.00219195411073185,0.116720056926309,0.0851888971197002,0.579769690022811,0.45633862596316,0.156025345114009,0.0142038125703741,0.607347432179028,0.284912414960472,0.351824198706031,0.0561211534520987,0.0448752255964557,0.32984438253267,0.601605755502401,0.00154327612183296,0.170019512156717,1,0.351951695792125,0.000275374627696418,0.183231707317073,0.306565203006097,0.109783714788215,0.419281003823356,0.396139646697718,0.464073381485675,0.00138587427267076,5.89522045977254e-05,0.00983112458582506,0.374383252432033,0.421700643003374,0.0208233071315259,0.671020137064879,0.270872768159442,0.00109795052049269,0.227230350757892,0.342738484943155,0.112966882962728,0.00101550957978714,0.290994619379988,0.550316657222944,0.616536872037915,0.312226597649742,0.579156312729932,0.466678875255964,0.362575529663718,0.147031289586649,0.612912154565864,0.569421029326335,0.0146956441506807,0.00218136401107551,0.0614830552388849,0.168898057281032,0.185515606609312,0.143870236724522,0.000149737171858869,0.290320012912841,0.509038490809301,0.00197862477987167,0.0980818259074906,0.190426197444397,0.0229425399187318,0.106767327746106,0.13142801631522,0.109035154836682,0.549734072649089,0.213739432300328,0.51017017846247,0.30342728717062,0.50590141313588,0.00432025560858955,0.602555301428287,0.00135223679755146,0.845238853841416,0.185061315496098,0.281375282808291,0.63894401744396,0.0887141645657538,0.000236044294619748,0.0218319700567788,0.105005419802409,0.193843288846251,0.185650603713799,0.371757170084423,0.41838538597525,0.0548517088672599,0.001132114582752,0.0793987367730293,0.00748995034287066,0,0.0287321461852561,0.243046690455848,0.514160382734538,0.503013141518344
0.640440180751253,0.579149215217731,0.0662436409386795,0.114229351119044,0.149148094502595,0.00369344413665743,0.436700633876274,0.0645227592124904,0.371564343828987,0.0342055161968392,0.393755993143708,0.181780275562002,0.350009361260465,0.426289124086314,0.414439247994549,0.336785269370924,0.488343317293528,0.00667732879005831,0.261644517013042,0.372614009144528,0.0714772290583889,0.348968161260371,0.479011596019745,0.000212139875453363,0.453828372522006,0.55716945717208,0.435829576760298,0.180570655070239,0.0512710640438756,1,0.0333279768600354,0.0708264078780405,0.563217360114778,0.456276293176623,0.00207744904524586,0.397397360686086,0.120005228986012,0.596086476310486,0.536299252951283,0.0647520618632481,0.0329935141992601,0.415819126987856,0.208955659465735,0.458301479883989,0.322351316963784,0.00351213596749003,0.357981744578017,0.391522500973466,0.028798746951925,0.662961937516484,0.597547871122307,0.275825136319386,0.000133919938502617,0.140733653347172,0.324058756492466,0.143801921881648,0.207374714531318,0.419170834317113,0.409894811140725,0.00125340099660665,2.65480126665253e-05,0,0.507121311999361,0.297122343646377,0.0159528010979805,0.469272106995139,0.577433568393768,0.003394279011085,0.113637111457214,0.278116977492835,0.0720082891509061,0.0128989646761644,0.315219074160087,0.737999368189864,0.303845308056872,0.271832096433631,0.437163730252897,0.309038240631295,0.325589577543788,0.0895120199664949,0.58882103889092,0.56511287328212,0.00592187486893868,0.0206166628250166,0.0259741942170173,0.203151012009593,0.190384505328134,0.101653192925446,0,0.416111864114464,0.830171279177,0.0083446349411979,0.0659706203714945,0.314459936577333,0.015402335031191,0.121906811992481,0.107640313573307,0.0365902121627312,0.721737166684547,0.325986265942446,0.415193583011549,0.952509755728155,0.321882661672847,0.00428497221432702,0.824465901525109,0.000422161731918505,0.316000764672147,0,0.358855482013224,0.423126933596377,0.0249423448106492,0.000390804105124189,0.212622279554761,0.0670122952088947,0.213693180215005,0.256384015114986,0.235546851974352,0.384578449987996,0.0173897457895065,0.00218450278643695,0.064635796899352,0.113249783242689,0.0863235607461028,0.016922790193321,0.0921814008812049,0.473740010867116,0.475370315372781
0.381570070232831,0.278469293909131,0.185194184329136,0.0287452150019962,0.0383684779222157,0.00109458029877762,0.116761614378561,0.0754726676206944,0.131344098041965,0.092899152824273,0.177320993456098,0.13691080493111,0.421906354725175,0.294179738883286,0.277383312168984,0.193084136638487,0.218088971815771,0.0190163250744085,0.361489004069964,0.343038770757908,0.0784133196399562,0.377901578458681,0.122776776619917,0.000669267090946418,0.374949349942693,0.064098577460409,0.112532268330037,0.088641256848074,0.0147718512255357,0.200126208301064,0.0580684557287482,0.0930995657069326,0.0817566355810617,0.486329292313846,0.00532175923401564,0.196877803007719,0.146738419974727,0.174620736248012,0.213223823381338,0.0759508093088899,0.00109260096695186,0.488360122848759,0.55664167634069,0.522290473711609,0.293896239959645,0.174973103539607,0.116874721012206,0.3981680295192,0.056483487259596,0.550585299092363,0.252248665597971,0.157897152737003,0.0488801082776059,0.0328035806953814,0.296513368309937,0.0666188254993422,0.335403248569449,0.264815729034751,0.10302663496256,0.00149796704472502,0.0033700359608448,0.0118665224219314,0.222928027806077,0.197687494593582,0.00697823645794343,0.353419074359207,0.162158314619835,0.00560621468688156,0.0747718647860136,0.103333288056397,0.0372393566511039,0.0984476515471921,0.290175967695071,0.625988456929102,0.239956018957346,0.325937920404836,0.325721790652727,0.153345430935455,0.32414909619356,0.524843420298431,0.549745590984114,0.92449555372297,0.0215989062146134,0.0583561088301916,0.0164524821224997,0.15891154096389,0.170878895048939,0.0229211396738815,0.000404553060811681,0.184153910445913,0.439192758463233,0.00249478776592515,0.0927886366395533,0.215662234750156,0.0492974875522234,0.0800429277734009,0.10386956004893,0.0370454397171954,0.306571102316265,0.0844752034499548,0.348925973927644,0.398524671649483,0.0854257272044057,0.00816026501749468,0.41004642134761,0.00227351682710278,0.261199260816925,0,0.248014862819013,0.0820706206623135,0.0276361180501993,0.000849890254405817,0.0200826761265355,0.0344426894608071,0.0696509692164442,0.0184804321941331,0.0777329499682348,0.0501756913070997,0.0211999830835131,0.00912069776526959,0.0324655483553441,0.147320091432175,0.0116326612880005,0.00228901577404653,0.0596337806369469,0.0726639012947772,0.181128438464857
0.730915308039159,0.275277785109135,0.222417988940099,0.000913766489962446,0.0142299125638867,0.00116184500987568,0.406322715237102,0.0132775989332703,0.11383849905452,0.208028706305337,0.283574507849151,0.504395768459668,0.433976726272974,0.705619650668544,0.422337163564283,0.216676992496564,0.385583816164195,0.00514287753817209,0.220772904874526,0.563357299474785,0.326985992799369,0.326279689699584,0.102777560134765,4.65339081639636e-05,0.31828688964269,0.569404221786798,0.269487593630421,0.0912605785423461,0.20036116621489,0.0615265467687807,0.0347420858107022,0.0826684896252212,0.129192073170732,0.216922050106161,0.000474378128441968,0.285926429022217,0.143775327900998,0.159109541467562,0.262932250876524,0.0749253906881698,0.123646009426718,0.28015475697218,0.3101048685738,0.441887409831189,0.381877630710979,0.0743086542576303,0.408622839287638,0.314264523187035,0.0817255795399697,0.318758045320166,0.488667711874857,0.15671708874196,0.000928026528540221,0.148978334198236,0.414614548376424,0.0971665872581717,0.400148828616151,0.391288716220567,0.34339603357995,0.00184443561289271,2.12774513283181e-05,0.0126812380561241,0.796128722957991,0.294411925838355,0.0170400869828708,0.270778613048335,0.616228933535324,0.0095971508985725,0.0558519972799263,0.135677999483843,0.0380133734272375,0.0649847337531793,0.269616357763512,0.987554343193249,0.154283981042654,0.583446183726379,0.417276709425627,0.164449697837415,0.255819289702471,0.738467426570603,0.884109773475169,0.762934624087487,0.00932737231481559,0.0252052683175941,0.0423359933671883,0.301259210444982,0.37039328583429,0.0690779929572088,5.38528425106458e-05,0.213008802400373,0.373823742714144,0.00263141914458636,0.105997329124681,0.156190900788828,0.0186215875922852,0.109772892227716,0.129220527726542,0.0523645141965753,0.154844325829954,0.12344369479029,0.111923181415318,0.695488121848257,0.658521936254882,0.00469073124834609,0.49344156165231,0.00356198961306239,0.34019414176172,0.040133779264214,0.236914953519973,0.292384550579695,0.134339469150157,0.000509480221307683,0.0154113772513608,0.0592616680603301,0.271070229395333,1,0.0167340175396082,0.473559003906676,0.00257573652168835,0.0127960838402602,0.0262150356820605,0.104648459052574,0.038082568860172,0.00337252842208705,0.229382989060327,0.239858462435559,0.267395374349913
0.380098190060623,0.356675471062232,0.232764224642945,0.0856442587496344,0.0451130405096352,0.00298104969639155,0.614522988044612,0.0353649669730003,0.408909874302258,0.0913704146702243,0.220930706355653,0.32992684383398,0.347461716214331,0.543214048655439,0.411593675473101,0.155563623766729,0.33137582244918,0.0107324209363663,0.22997609057843,0.347050124929886,0.153277643403199,0.550438793542397,0.370876753114472,0.00319578457537809,0.680343146902532,0.336907478104929,0.144901255425803,0.256251199079107,0.175138832828632,0.304190689269426,0.231238952273823,0.084005325898522,0.368431671449067,0.432774350184997,0.0206708906313046,0.233674846561593,0.131465423329993,0.65171593837652,0.144497147488503,0.13247379485747,0.0221008895592873,0.37242374278648,0.261148366008833,0.563530899085298,0.234639507075477,0.0454071352506159,0.73552726768975,0.243655782388608,0.152788524056366,0.0682807388638335,0.759106523156059,0.340919914392764,8.72217558520994e-06,0.0785417747794499,0.282128846244742,0.121622442997445,0.669097534063791,0.583839532936959,0.557443465180044,0.00494227222239206,0.000174709348062795,0.0316356195456068,0.623479355186672,0.453360629739627,0.0861406698394025,0.616801014400869,0.320280812706492,0.00591002882014625,0.0654051593656086,0.178311894703957,0.0977437287330854,0.00143705497586948,0.413877206488981,0.531357338775592,0.305913933649289,0.134382545013943,0.336325714328356,0.39066375880267,0.0408382836600974,0.205434604877704,0.299341509504885,0.384202818480588,0.00992291497160687,0.000690341629564415,0.0341486164369365,0.13295938027443,0.275351710497828,0.160438815369533,0.00454202754638569,0.472488353015834,0.530455103009249,0.00665951460437625,0.045890494111934,0.0896258637922728,0.339298489097465,0.0777600635231791,0.0826089012791163,0.12574956849766,0.576887222015659,0.128962294574036,0.308931140298135,0.263564756790383,0.391643155469587,0.0225637306308867,0.581891649791926,0.010641993658779,0.599248072388963,0.0657748049052397,0.567046217028178,0.465247771718225,0.114569782924854,0.000632964932150152,0.0042022144692994,0.0699470407878844,0.427978894500719,0.517127365406756,0.228817222611555,0.75811344638687,0.0270744345563551,0.00669701584163152,0.0566596259535723,0.0129581461338378,0.0031961024825942,0.0073338303315769,0.133556147492922,0.485269756285036,0.276160537340977
0.10338107742114,0.210391893730066,0.0250278914567546,0.125446475273863,0.000394009399879353,0.167869787749262,0.671459520179732,0.00367394862124159,0.373472357486348,0.32025648829029,0.285690613888066,0.39099837904705,0.412242266907756,0.286319579175828,0.493553907145291,0.305783352985719,0.468368850044191,0.175062360685348,0.269327707006958,0.278874101269696,0.53916939200306,0.221987599964058,0.151241218104416,0.00303839047423527,0.264082645457317,0.134967049682111,0.0792426562933116,0.229519728848245,0.176387993518903,0.0807159452714913,0.0343499919652901,0.0743722409879721,0.234980272596844,0.700090928752323,0.0129772407550791,0.0542033787003138,0.0911586561505948,0.113197467652986,0.0492952817856925,0.316328780817689,0.0597561678842086,0.49489447223302,0.234889067597102,0.779293522718822,0.312016022361596,0.132500227101344,0.7331568334693,0.581072110659917,0.0784306745498691,0.226107449392394,0.0977574999559603,0.177177906600899,8.72217558520994e-06,0.0714809289050337,0.560970101831282,0.128835871464116,0.0698006209745708,0.205756723690141,0.0499722935067797,0.417280629349964,0.11855659235956,0.161065218431717,0.2068875971315,0.0767999769326144,0.0376851505267098,0.0205959605108233,0.664642354341794,0.0942988433964732,0.336397986268015,0.304417217913367,0.099358530505658,0.000585621339142425,0.0387883955063233,0.288456427665261,0.404217630331754,0.0125286209384995,0.164222764482452,0.359415319559825,0.0030874741860643,0.0846473729888111,0.384938439510797,0.275820499591731,0.0311695283469917,0,0.259327391439527,0.0973391989623746,0.170444272000391,0.0902827195069435,0.0119119860665621,0.386303986839516,0.139503442595063,0.00130558872942939,0.401578244506495,0.847735264297065,0.0816330910547702,0.0813797681155824,0.154304347103614,1,0.406409101441352,0.408708353620366,0.686980300985619,0.140192786809259,0.0966186997178656,0.137515068949633,0.31422319273541,0.226197334224564,0.695448076637142,0.0434782608695652,0.25662976812249,0.447817971148559,0.0429967651697422,0.0026109899623087,0.691635638687736,0.0665551735885286,0.058251742332327,0.157319845307564,0.0606288846826431,0.287762718522883,0.132518522546254,0.0375192339889499,0.0679897055204659,0.000926144872704343,0,0.0379576760813948,0.111829253991389,0.574048796003022,0.109735133684612
0.00227273830383101,0.0076153622829439,0.00268801131687112,0.0198573414092073,0.00113396816768642,0.0911650859459559,0.20648319024312,0.00246128865674786,0.247401349820188,0.0522035769641808,0.240437455348533,0.0938670392014674,0.214945849191979,0.0397127904644065,0.141062966519032,0.0416608375691442,0.161249140724737,0.0526508863488635,0.67252968337121,0.231043801947886,0.0887670523172945,0.0552610297421152,0.00180208414949463,0.00145578138187459,0.145559581833127,0.214171446554547,0.00681293427713521,0.0167338150966724,0.964376921325832,0.162607922439262,0.00549574160372811,0.0132352152699587,0.0487580703012912,0.0916124621227096,0.00423668742298171,0.00316457766093373,0.0138350254913068,0.000457355838023919,0.00796039219493253,0.517920936181473,0.00694105114283026,0.103831975703625,0.0690660406114415,0.120065442106046,0.0621261352519867,0.192758148560396,0.130219957824742,0.139604309209916,0.0336212230829715,0.103171676798904,0.0180668346046118,0.0708057522860154,0.000832881410213439,0.0569505708354956,0.0186594402693093,0.159026785171591,0.187847373688127,0.1198566185151,0.0974070874327499,0.229739231451194,0.125311695141362,0.0326759958284779,0,0.0216112568841729,0.172290251858189,0.00503577574495064,0.0020434195151603,0.264920016709777,0.35248809967754,0.317844093397264,0.102813167682203,0.00189799713794082,0.188272920656533,0.0651065302090489,0.269996587677725,0.0132524968149461,0.0825330020073578,0.156924767343134,0.00868113096907427,0.037282050698462,0.0497233793171792,0.248693944207246,0.00827049379712965,0.00502129660600326,0.944100424914499,0.018661333260694,0.0112357661952114,0.156266893078457,0.00241681049316069,0,0.00113708601563269,0.000607250571827622,0.220590020638582,0.177112470967232,0.0143077891604189,0.0205954057356964,0.0932756599777334,0.0235546895852239,0.165813553501683,0,0.364549790895608,0.00267132624029129,0.0641024061502828,0.0712548147131754,0.0994224066657237,0.00186674640832714,0.118375496505873,0.0512820512820513,0.185974057502386,0.00249671391859014,0.0434764256468701,0.00662820534668794,0.0326013662083321,0.00768187308371272,0.090036962839649,0.00500880723472511,0,0.10558938431655,0.475784250347896,0.0299372553396742,0.0109681322286933,0.00782887995586033,0.0024820183243209,0.471053523322207,0.0173912315089377,0.0875598022714924,0.035983988852715
0,0,0.0039181613137544,0.075199993168101,0.000212955658820176,0.0852029865531728,0.37846425419241,0.00222749192630522,0.283886663609803,0.660966926882436,0.442048847007435,0.437462142217293,0.396780480326903,0.049754083903637,0.343675473100629,0.223881757034333,0.482627909260532,0.695905261815652,0.659273175774005,0.45041048391209,0.16465471367625,0.272980501392758,0.000551725038522813,0.00129200027372887,0.439858604335259,0.376220572937155,0.00103754198560759,0.0515071092067958,0.502126251312767,0.136333648854086,0.0145267555841234,0.0110011974335603,0.00262284791965567,0.177129674633204,0.000463472884109969,0.00218792874255065,0.0274739640071463,0,0.189837067071835,0.323477308478264,0.00373912330912413,0.169008880478751,0.15608036681302,0.228122257752659,0.410356534306548,0.806162709630957,0.230440069573784,1,0.0816690416087764,0.660632813227851,0.108834357989677,0.623624613419068,0,0.0180883497664764,0.257240839648553,0.474815742881175,0.151317646455056,0.15661690527807,0.110263858436587,0.299185798864806,0.519161028142065,0.344894615642318,0.101516150296638,0.0220293532481762,0.0153334046307684,0,6.29907372120929e-06,0.283660285163321,1,0.069558957362709,0.396281751998101,0.000340666152963738,0.183117111728988,0.0834841821819513,0.686155829383886,0.0426463120194578,0.20698172483527,0.158872592271963,0.000359482956428626,0.127436740722462,0.131479399533213,0.584694569814065,0.020005200513341,0.000102251438019164,0.838739765778837,0.106964264573535,0.128712455232025,0.147675665110086,0.000421628352339446,0.0177418891220374,0.00564066291219368,0.000926057122037123,0.757897292703654,0.753604377745979,0.0327684141246495,0.0475896551510226,0.575396536275288,0.0237652508644875,0.208898830037225,0.202558379229451,0.385402331101996,0,0,0.129784085228999,0.180875370698091,0.000987242800163588,0.34019414176172,0.0780379041248606,0.301113699891091,0.00135926958138745,0.0430044397373763,0.0036169479649662,0.0348588349116069,0.0464833224937285,0.0456392313986626,0,0.0549177053110038,0.0892424540037976,0.427789760289352,0.0467196581332866,0.0283057173324584,0.395394892409553,0.00378925303341799,0.738499008827367,0.00262183578763968,0.230409372225241,0.0416634757687885
0.000379800901814793,0.0962406381393422,0.00720407387006207,0.0928326974685679,0.000812463126354796,0.338179450019262,0.240985316536949,0.00662852268727504,0.247831458162016,0.171926422398845,0.358499330397768,0.518124813377128,0.462850874492513,0.163932395625346,0.404764301421625,0.328404692590051,0.665658450358441,0.429685004304491,0.665508486642714,0.445719239202488,0.474207921427223,0.345898104052476,0.000803102718796521,0.000592166792125733,0.538754529562268,0.247687483374982,0.02962646939948,0.0566444970262838,0.255827344184899,0.05065542265439,0.0175606620600996,0.0142351616535306,0.0135850071736011,0.0798428862785955,0.0116358957022432,0.0124756502672499,0.0366246895289555,0.000435531804259292,0.202412048502855,0.495376427867864,0.0133540118183005,0.128349401347236,0.276586810036772,0.188174313973377,0.308849127980792,0.856485084093165,0.184247387135007,0.369687192894625,0.0738961230684182,0.139154350738562,0.105814998150334,0.742373095305946,0.00030199453486613,0.252821743642968,0.383849842185145,0.500563702278926,0.151107233583947,0.190369507823735,0.0601222918300179,0.461679557335453,0.54592630505931,0.114295031681531,0.123209684185294,0.0216833424641735,0.0895852271714525,0.0186064064245388,0.000331331277735609,0.518696806153924,0.59332978700068,0.232066937422746,0.809878729128749,0.000677160883646287,0.0474902811623157,0.0860264658245874,0.416471658767773,0.0353073242874834,0.206541449327274,0.128889406829041,0.0105932743543329,0.130988496026287,0.105693362812202,0.469152302761201,0.0930808008790545,0.00296702477777643,0.628575500051819,0.0934397220705992,0.248998586074373,0.247612444911385,0.000404553060811681,0.100771011557434,0.00530043245082327,0.000764123636216424,0.455044312249605,0.370530032286596,0.0301858581811938,0.0591838760305457,0.862036436983039,0.0375140127048524,0.253274920922313,0.33927295490904,0.340486084202931,0.00328833348072386,0.0374320844678256,0.0923974086307103,0.124732792651697,0.00114115593159221,0.305167909258905,0,0.508063618799713,0.016259318430138,0.0545930368647856,0.00676042246543111,0.053162899332532,0.0534138561119886,0.0668717022657374,0.131754263390441,0.023303183720519,0.165237128702067,0.303219972732234,0.0389622814500634,0.0341419899926175,0.00409474264995665,0.00310972133441598,0.367963097880415,0.0286475348042418,0.109863895993745,0.0337824249703169
0.000235403753840479,0.023398307200994,0.00314216183278356,0.0693651244366352,0.000219584628744539,0.192187509554646,0.281200353045013,0.00319350918615615,0.225981196496985,0.13868344503974,0.301386198859639,0.547079085441283,0.432030966295693,0.125885075794397,0.433320686344349,0.368324573032485,0.729863497986841,0.10823797871258,0.582609547865996,0.593017524178607,0.507229040060459,0.244361577859646,0.000466844263365457,0.000873195100253199,0.375906394835045,0.325519418645746,0.0195870892611307,0.00621122977553239,0.249853180577369,0.136563118492384,0.00804113771492849,0.00119207191750219,0.008092718794835,0.109591239212385,0.00424214004514771,0.00764358722989927,0,0.000265683889308501,0.28206789586922,0.616048720248159,0.0262679482471342,0.13423341264112,0.152883075107171,0.155618353536105,0.503682569895306,0.892489676465406,0.295857897086213,0.393884778698708,0.0267110314926747,0.129320853601089,0.151341448376698,0.634744373657605,0.000284766079130988,0.378973144784639,0.475324688965564,0.659998313794922,0.114500526032178,0.141599948485694,0.0448653560244456,0.497956854473011,0.770442652974139,0.135286202256495,0.0696749965042648,0.011879703584095,0.0706824946972533,0.00279865954170818,0.000449123956322223,0.666241608189479,0.744727115186347,0.142469539941049,0.694975567777162,0.000894538333632672,0.0427777318258266,0.077963365040842,0.339985592417062,0.0248278289069252,0.199900005223608,0.205703630945444,0.00121867271753818,0.120063703995635,0.120178786832924,0.548883657443705,0.00510824616881537,0.000313108923199927,0.573880713027257,0.138768783650275,0.248681623409134,0.303157650407572,0.000161558527531937,0.0863944209453349,0.000420811360116036,0.000237839807299152,0.563275464368095,0.660800189836554,0.0159996852286385,0.0690473384160148,0.825853820028965,0.122567424094142,0.252160950588019,0.466121709548711,0.37930066940128,0.00301286566827373,0.00119506696071064,0.0406111867961698,0.0898219154296648,0.000558484791183856,0.519446037511417,0.119286510590858,0.463620148425883,0.183650063597769,0.0562852790280928,0.00183180528376844,0.0361781348031311,0.0775892718882592,0.157712818487063,0.549955225789945,0.0158596569362666,0.0919269298762522,0.296348656851077,0.136810466479044,0.0460298580920351,0.0024887680302672,0.00386411669517245,0.671435590721946,0.0188671659044077,0.212544893117935,0.0313890959081171
0.00225817724689243,0.0790771423408864,0.0166432806713795,0.0858043813822213,0.000389451983056353,0.434280848513756,0.257193292144748,0.00447553741133066,0.240593511616715,0.108653648800719,0.23481714290371,0.624099944546347,0.406913259440109,0.176075386444388,0.358294359959117,0.316999646923236,0.592438377688304,0.250728090528625,0.97208533426037,0.487192561997518,0.455773792904574,0.299203282714829,0.000528872522134294,0.00123999178813385,0.631703655679946,0.294950615110065,0.0229529064338443,0.155054251668052,0.388980604532559,0.160083756417979,0.0432203117467459,0.00579772308902114,0.0312724175035868,0.129016504382487,0.00332609952125977,0.0223973384166382,0.0316789402588348,0.00589248911644925,0.187547833468415,0.197185428029579,0.00399709853743221,0.124777347304034,0.100463380309093,0.211195062095635,0.286544715364135,0.682262783069513,0.243015684886173,0.358839999258312,0.0688370252253403,0.164503096095075,0.0768545105430972,0.37143327091936,0.000487275997421259,0.37254151530877,0.486526655217868,0.506304642357864,0.140063123861333,0.215324432806027,0.118564627990425,0.459030091814171,0.89158182038942,0.119356675158853,0.093685703441801,0.0355093567082841,0.0291962996631196,0.00781330193521118,0.000287867669059265,0.461247241409866,0.407525720051769,0.186414202469404,0.973688375405555,0.00171445455756852,0.126256874235165,0.101576015283788,0.404137251184834,0.00944602336003136,0.231025244949891,0.219438293905139,0.00911455013639956,0.13545903592304,0.109916996709256,0.580848509715186,0.0384334711748966,0.000637771681204279,0.395701627111618,0.0855538105809718,0.330173845217366,0.283528847651538,0.00268344773778657,0.16596537855186,0.00248010099472643,0.00267190251604154,0.461005220347214,0.32366053772642,0.0329293767527042,0.0681075179434371,0.399454455049422,0.173969584274928,0.44000260612233,0.33927295490904,0.480214137149321,0.0138730062890013,0.0321805659935688,0.06922601954308,0.179323009556795,0.00115654724473507,0.357123133456531,0.0379041248606466,0.292168359863645,0.0289788723254129,0.0945161376970925,0.00366507238031321,0.0770666588485932,0.0327083526897705,0.0825597471854632,0.0609027661605377,0.0189739525683933,0.183395534603549,0.637950930104701,0.0689712905308979,0.0453982446066771,0.00407897848191062,0.00181976285495454,0.228602531302418,0.0191469400747181,0.134288402666419,0.0166922872418252
8.12992345737736e-05,0.175878121719923,0.0275670635289149,0.459393967860185,0.00037826559630899,0.637330080167306,0.191494824681056,0.0138453909929167,0.47901184976903,0.151911276567134,0.140953307128751,0.132028750586529,0.367941515368174,0.150636904513466,0.510445380493697,0.326177422184324,0.462830207208092,0.0982524198226636,0.595914133186388,0.351146465419068,0.279737732320545,0.488258903165903,0.174390817205986,0.000833504413878054,0.392836055894509,0.30779355879668,0.0742183205137536,0.0272750527594807,0.359614807049628,0.0930499383300347,0.00596496866463121,0.053944381891945,0.0129573170731707,0.433395270309553,0.00556167460931962,0.0514483298282919,0.014684735718332,0.0192393090700684,0.209072047644957,0.303729730524397,0.00618837047670787,0.133041660081415,0.27461525490781,0.545607198631665,0.374720122645678,0.413947196474949,0.186448504625425,0.192928000593351,0.0767690875720204,0.279738980617749,0.0546796554336146,0.598036159302902,0.000181395344720134,0.111118318629995,0.247294039797703,0.393897506181118,0.150686407841728,0.236032110584043,0.139771672945208,0.457002231665189,0.656195037317526,0.12107959838526,0.193064461357144,0.0110146766240881,0.0338038964048268,0.0488633275971379,0.000624238205771841,0.264065117495896,0.515297672582096,0.234352290786596,0.215656405792514,0.00455982804470374,0.467643110282562,0.0884032753839751,0.424427677725119,0.0107445453168572,0.0940249389957241,0.164999084355803,0.000688371618693114,0.0972534090561974,0.0770608155440662,0.311420168101365,0.0373849805819542,0.000267471275722447,0.351331744222199,0.0776720898241673,0.317460920944629,0.16846503190024,0.0107705685021292,0.130488233616281,0.00303521385275184,0.00218610205857944,0.500267087531868,0.414408162971805,0.0213007211125737,0.0166252070396586,0.775309105922384,0.0636710617626648,0.315171795877918,0.141973922995694,0.595976466291659,0.0259752932817365,0.167749824436039,0.0530662249708422,0.212793065660277,0.0134300200966574,0.542853501561206,0,0.567471061673281,0.0825213506797528,0.026247021308437,0.0027649803976677,0.0658281782911646,0.02482455325343,0.0345362715498998,0.0246307357731178,0.0107641322216619,0.0720443484144132,0.287390974248676,0.0263734861953775,0.0453059634156345,0.00983289981871207,0.00495827790542992,0.22244794225784,0.0384647601816019,0.136395563035901,0.0442784554933564
0.0108819632187702,0.143136733413595,0.00945320023458083,0.130452976252746,0.000285045706747629,0.642008035075489,0.155837278343898,0.00188065062290129,0.361548693190646,0.436773230096325,0.326934308353865,0.586732713389925,0.495677485100517,0.0972677934062442,0.443661535602565,0.371838686110315,0.606461749975449,0.315336026459917,0.542412872995298,0.369639488042425,0.564661189723125,0.197382214634439,0.00284677061296978,0.00488560414243026,0.31800903789975,0.309701767465791,0.0345470509804772,0.0737859990194197,0.498866573186852,0.0657717350773026,0.0130612244897959,0.0374760960091505,0.0255783715925394,0.106691286420919,0.014563953805385,0.0270169636439679,0.0310688918907142,0.028751741178346,0.707124844505952,0.422406315696623,0.0374944231825645,0.0700773998436626,0.152009170325501,0.247610619469027,0.146392620019647,0.482622642934303,0.424569396770668,0.271869611169828,0.0773784408304375,0.27083057228224,0.050497648281572,0.529274958736012,0.000389842387480535,0.234490140114167,0.562529869284135,0.389029079194778,0.107377280541941,0.255902680890339,0.0567527989945817,0.338937971936046,0.758910664766141,0.18636425357245,0.192984558838217,0.048628932268389,0.103621909701798,0.0280318811701839,0.00408179977134362,0.640546527868617,0.212313817535701,0.122145855122859,0.446751107857878,0.000991408028829163,0.124036334561311,0.229728171210518,0.0888326066350711,0.05784102349367,0.128067936749573,0.318311219138629,0.0322744308186523,0.0853199903928912,0.14263990787284,0.576643944410366,0.0191664080389871,0.00219985014676259,0.0827417348948078,0.134829494796681,0.207330001756902,0.170135633286198,0.00137259074203963,0.184907896511543,0.00329486341537663,0.00650264153998745,0.989195095301688,0.626762639590989,0.0324214502375093,0.058399141444532,0.267722222009185,0.124465441259334,0.402052174373098,0.616680999323414,0.195088385019307,0.0100682977207326,0,0.070272760239535,0.249141314309435,0.00493621400081794,0.433611589031203,0.0390189520624303,0.339390179345132,0.0374082316044337,0.0531271944466829,0.00267027031726454,0.0585475974083087,0.0321669918548112,0.0616235433537429,0.130258509560032,0.0130859362207973,0.252646282110042,0.0710250786918722,0.0405647816693109,0.0401392420638176,0.0044474659099866,0.00284481914666943,0.225762864065333,0.05714764369838,0.328995321838928,0.040758817306932
0.0421506195729727,0.218163583097997,0.0288124790893582,0.220311662692067,0.000241128780998721,0.148295756819724,0.54730000802375,0.00312927931515542,0.455804946814356,0.271131620108569,0.35761920413768,0.350946977775882,0.391311368088531,0.270786406420611,0.514235605661721,0.302263688386439,0.562407934793283,0.0992023252690103,0.217307610518666,0.207961518195571,0.546124421966995,0.293572348518885,0.103792864791454,0.00572777663724081,0.200435301063941,0.196782770174499,0.0543075800959184,0.180818464752403,0.161744310388694,0.086882941800763,0.0311103969146714,0.0569763908995049,0.238836083213773,0.718806903143437,0.0119685056543692,0.0526881399968986,0.042921260185629,0.113038057319401,0.101432915747624,0.410075564899075,0.124350130049865,0.340289138819951,0.306643297685368,0.800322748568454,0.137710210102883,0.08126944726269,0.743515938861268,0.463818583004209,0.133981285944775,0.14561816270803,0.0843518241231702,0.16477671544392,2.52597659274644e-06,0.0888233004670472,0.538807749470887,0.162442330805986,0.0828102948346206,0.219582412157376,0.0417673389150872,0.416353316417515,0.0162175172376637,0.0258674996354927,0.235772357723577,0.0858827600126871,0.0289512147300501,0.0301120067626725,0.491305073588929,0.167204952170372,0.220276613946959,0.291683079556105,0.0857699612249743,0.000459783433659902,0.0556110513735745,0.298545332377261,0.315040758293839,0.11348591894372,0.250434678785437,0.365558459719979,0.000991765035820819,0.0769533007066975,0.321583931054986,0.287152514005062,0.0187050721780924,0,0.279161052958856,0.058996088998593,0.139409945183868,0.0915593399444762,0.00366199329072391,0.270203399349494,0.0747701206027451,0.00498957553185029,0.37406822872405,0.65336492482041,0.0399831168087907,0.0717799517372721,0.214295118344141,0.21539529173117,0.522449147548163,0.425409587282718,0.858619599249986,0.0985056633539375,0,0.0780645098058433,0.276871083881547,0.0864903848268037,0.679432443339918,0,0.176728628797049,0.358455435544427,0.0253874697334239,0.00158110439262814,1,0.0469608845117532,0.134096103383087,0.222985406559668,0.0527596392525691,0.449791571182261,0.14904834691687,0.0304475041657033,0.0662691739808055,0,0.00370287188523977,0.0313371511834771,0.113228124842941,0.653961859072054,0.126490927576891
0.000192934004436269,0.118217790022272,0,0.0890046990655243,0,0.240954425100744,0.460531172269919,0.00195515727326213,0.325103169159527,0.0418845944243522,0.540079700322441,0.396586401057885,0.696414323105476,0.0634965727926456,0.457289311487596,0.403818780575004,0.558754787390749,0.229511758375096,0.696176526606397,0.858038855744225,0.295104291847329,0.873708329589361,0.00745971427825224,0.000271447797623121,0.661456946486526,0.655947978834869,0.00700650554310677,0.0271498156082795,0.302926249782401,0.103863695034851,0.234382130805078,0.0329455078369346,0.00264526542324247,0.143834867804478,0.00370778307287975,0.0761699878133945,0.021003093816724,0.000129995331554516,0.116536439225815,0.380775789829611,0.00887131285111187,0.250799841099659,0.261012173055846,0.294220272179668,0.420655748641714,0.703968199245038,0.120399587482876,0.538925664274721,0.0382332524701317,0.148953731125892,0.0801099230186552,0.922463866516975,0.000496516322051134,0.557884665282823,0.240419509172168,0.427888263424447,0.165507685201817,0.294264740604005,0.100739851199364,0.749391132442705,0.458179071811203,0.0508487734189007,0.0745890014182697,0.00935670828407485,0.0292141240218883,0.0675603055278809,2.20467580242325e-05,0.638256106875061,0.689505780156624,0.132387498132326,0.356314789902667,0.000668122802037045,0.377962575317015,0.0581766761772478,0.78130654028436,0.0729689156562102,0.174901311125538,0.225697970599497,0.00899217295974301,0.142115732119787,0.194782650296099,0.54536766587721,0.0824616881537339,0.000615819395075871,0.659718623691574,0.0436464823512526,0.31975609882992,0.17158328421297,0.000476794678813766,0.0693247070841524,0.0101442398087547,0.000698338157601765,0.436263202622314,0.317591520633939,0.00727551078807303,0.0586503805807656,0.619891427862929,0.00795832666061674,0.401576508060609,0.342383984520731,0.574589473965501,0.0015338779667426,0.133200685007454,0.0503337221040664,0.130084413949172,0.00137422438775555,0.736974022387901,0.0390189520624303,0.725516641434491,0.00216633589533624,0.0237527868273721,0.00325526470909676,0.0149911558044309,0.0707770448140234,0.176462289438786,0.000551067200677025,0.00614672229390305,0.23909295270521,0.292125576721303,0.042286871457159,0.0330674267902551,0.00482777646409711,0.00190038525992088,0.7887421426272,0.0532726876748589,0.238321163046503,0.0444260150635284
0.00453334239354654,0.0749334594777863,0.0296368195216027,0.0233757693892496,0.000841879180394159,0.212764396176918,0.314691486800931,0.00145159508461643,0.194642024806072,0.115228638361419,0.277150129438322,0.484325811542891,0.35982360620884,0.198584148004734,0.244754080589711,0.183134699895853,0.365550427182559,0.14334834412998,0.474035255764242,0.382149473934697,0.454118124316884,0.152184982178692,0.00774373841050955,0.00152421359976277,0.201998217117983,0.371281459529866,0.0769376096581222,0.0629649762315875,0.240538994664764,0.0900381493273671,0.00842680379238309,0.0118376137115079,0.0710186513629842,0.0954798410258438,0.00394224582601773,0.0305214112599776,0.0300884570133775,0.000609175203343062,0.0507943459993724,0.42006512694609,0.00393943348639864,0.0736515896441401,0.0956204237546452,0.244601769911504,0.326294958225178,0.290884535109868,0.311296504379146,0.137271699022825,0.188619961449507,0.123702087289017,0.189257843465394,0.143577640369282,0.000271315793513201,0.175587052413077,0.326385278316081,0.313104754510108,0.206009596879731,0.112429972740346,0.0366140908677163,0.239124453547736,0.595217765930076,0.0519573209211629,0.0756277341643195,0.0438280326403506,0.0322754576404114,0.00853485493463756,0.00056250728330399,0.368221041660513,0.341018272753197,0.20460873935426,0.508580952757775,0.000460942162071343,0.0501858933165361,0.126146409463112,0.242391658767773,0.0221038283010967,0.203922183169536,0.123179116653071,0.0186880146852612,0.130411111184316,0.0960329962855258,0.339294201762261,0.0359422575260655,0.00261752127494256,0.14552026116696,0.113765823945219,0.280044919052458,0.170022630998665,0.0017009617329582,0.0774084990370647,0.00338439774731621,0.00571827621804344,0.427655699890737,0.443138918650722,0.0404409660619241,0.0537186493880311,0.350844968344844,0.0554636203491165,0.324899686334562,0.221850556760482,0.292349763282249,0.00851205705334825,0.0998712530954698,0.145240172104556,0.126001129198993,0.000934472583673774,0.297160092610293,0,0.228886738440685,0.014465837732474,0.107455458728094,0.00347746025109866,0.0525276808662425,0.020460838056304,0.0534268220422674,0.048749766288464,0.02256963774618,0.132652393112028,0.247331122106828,0.062258329413453,0.025220449511935,0.00142665720816584,0.00269509182316051,0.20998881753952,0.00531068335259922,0.122135785944313,0.0220355624790257
0.120621368836426,0.118759859265019,0.0226286537172283,0.24201575179711,0.000297889335976083,0.0907324515541206,0.719874829495306,0.00483008629925468,0.494567750590215,0.100309286376537,0.557831629673294,0.467585206671501,0.535478548891539,0.45774995859885,0.467831480162295,0.192923142516438,0.590926053225965,0.035736526974486,0.415103061996224,0.235769041184369,0.521951660586718,0.27038967262707,0.111768393011048,0.000588060859052442,0.359493846741609,0.455281354628343,0.0691815961731735,0.195884227579885,0.428854272875614,0.170581992370135,0.0388944239112968,0.0885046378210284,0.389907639885222,0.944033469222594,0.0125355783596331,0.0797696214135276,0.0634232428428254,0.0638248611801678,0.0441253163499592,0.358198203495979,0.0668641441747676,0.426205314618404,0.357386522085957,0.448373614932699,0.169481267874198,0.110502588955323,0.676235627318485,0.466633290686247,0.0786809072453359,0.320924458954269,0.0762943259287966,0.108793484975701,2.18054389630249e-06,0.0781395952257395,0.360831455835473,0.177890714303921,0.0898001077724462,0.320808023353152,0.0810323104021514,0.273598076080421,0.0828778201895294,0.225612789699857,0.204870058528595,0.061618753784493,0.0883419781473362,0.0302599402228059,0.561461007158897,0.243150046205066,0.442415052536907,0.542603333288056,0.0402736013294294,0.000618992717391934,0.0743912603630487,0.466656972225426,0.46265327014218,0.0360111543704285,0.271478355608289,0.473238217323988,0.000377329628024373,0.0841975638432508,0.40750891029562,0.244728043841226,0.019678071448343,0,0.521867551041559,0.0915036035063861,0.2103707622752,0.0570875340152156,0.0167784441519754,0.274784804416899,0.103465873989381,0.000293504443050017,0.219375986402817,0.565756074410176,0.0191974761059921,0.0650833431554395,0.182291007583688,0.177249595188526,0.768645409134263,0.2623176538284,1,0.154476453600954,0.00794657927482844,0.0517921024002509,0.238953225633967,0.271278490420007,0.826865481424839,0,0.183060837078822,0.206870918946472,0.0147658681279043,0.00152336278796317,1,0.0524791724735978,0.23420614542479,0.326556518829769,0.0444253780709051,0.569130709967481,0.260469593621679,0.0127163574611932,0.0515503240095152,0.000616773074800977,0.0047797568658616,0.0527634231883567,0.159977215995711,0.763269146666313,0.160998075499446
0.285924554310316,0.215550687534641,0.0610787919341851,0.0406305842768115,0.00778779672926624,0.0297050136669663,0.319024311963412,0.0695532427092673,0.236281059696006,1,0.212637417861674,0.297761591946423,0.257484924601016,0.447980633686668,0.5129386440363,0.276579019246015,0.398762643621722,0.458166617325097,0.19443370914087,0.34135604167729,0.438789443554837,0.145805253541798,0.0448921361226462,0.623850909007961,0.244814398894768,0.38841287741133,0.0924155680852085,0.270413655645797,0.464310924321522,0.231563548747956,0.0294327494777439,0.0709952996264722,0.327385222381635,0.229986953700754,0.575175301802637,0.0537747618129815,0.542943047627348,0.214879436446516,0.135299575791919,0.279167462989371,0.20103250791377,0.0854484449551278,0.298246353595818,0.219573138990109,0.173900760204419,0.477484133003681,0.227484723013222,0.236172145890119,0.31906972069215,0.373205754183566,0.0572762344319763,0.570734030406252,0.267512730652158,0.0810878308251168,0.52763204192991,0.192911664421661,0.169372097200482,0.223625748567258,0.120262149736429,0.18898841368347,0.043557675752724,0.0830706654512712,0.490561514951759,0.246114587237969,0.586497157014776,0.156788334390001,0.452643878717635,0.166800710587501,0.0944512690021278,0.36570068322897,0.326185012265569,0.165913222829267,0.0720265022576547,0.405020383398437,0.25734672985782,0.200464616947159,0.470520196706142,0.145321058151731,0.0229380720495628,0.101473589135582,0.244868250643284,0.321035826146303,0.112549174208809,0.238068499220405,0.186586692921546,0.219004554278895,0.261314106399404,0.150085362538825,0.242620190350096,0.653716974415329,0.0882360841264583,0.141524806185859,0.419934442151269,0.272638368556164,0.159725004292337,0.0850335916030298,0.118455345969831,0.120402498265094,0.287472438541806,0.513514325279645,0.268615635396764,0.385355073944303,0.164598913351485,0.124258313649773,0.219803988533226,0.262542820831922,0.0781877270120436,0.0713489409141583,0.186291005094764,0.202840307062774,0.242132608854149,0.00176209989559195,0.325573895452813,0.0428108643810586,0.0866087300019751,0.184066285511853,0.120294990273966,0.216569545385102,0.0128585439335263,0.189453794577012,0.0641702895578706,0.232419011586664,0.442403929766368,0.0186187966994798,0.111005009130355,0.181878420822455,0.102576315381498
0.121850564726325,0.275521411735089,0.0157566058545981,0.0459957599526891,0.00370725143020026,0.0082964906165728,0.568707373826527,0.582475008157194,0.18286046679071,0.523882994911284,0.351776143688761,0.421212088896472,0.289651849068837,0.826070741437367,0.573864868213213,0.430805836647592,0.4843955612295,0.45834833450356,0.187207257517229,0.319650536263662,0.576828826473102,0.114161200467248,0.00828566951343728,0.465960902392847,0.149885579108636,0.172577992409625,0.107094464326364,0.575222229327876,0.174582162444452,0.658663913031007,0.0869869837698859,0.0705770914874984,0.581846305595409,0.16466243572779,0.164194811284747,0.0366960293370329,0.16124885615931,0.196604180346224,0.184685162650725,0.420770791373252,0.384540910318706,0.128250088633927,0.327057648531386,0.223591879229568,0.349020761130252,0.549108066311404,0.351101328366709,0.373184253954127,0.0953815839206124,0.441279168181144,0.0546902249546391,0.408118534272539,0.118701339732647,0.244080825116762,0.77203762348159,0.383441073994992,0.125867953093326,0.196425121809869,0.176741876088897,0.383153475385446,0.0300138947613353,0.0157803851646071,0.681168973851901,0.449179666099593,0.157718838564783,0.123041391178335,0.738696154730447,0.11651272010701,0.159757716015531,0.408348161529998,0.262139451610351,0.13503751383232,0.051948327384323,0.324860725979933,0.421605308056872,0.153953921402671,0.631258068608356,0.119899445619059,0.0283022716263417,0.0548335915792853,0.244441103202239,0.33984262332376,0.0571133795787584,0.134558270899299,0.15059850761737,0.290206152624394,0.254464591228218,0.229858869305219,0.399731261181032,0.80108255594643,0.12909059979049,0.60978078254357,0.371251669297074,0.612560851963442,0.126584587649516,0.133690237653613,0.178061372528718,0.12483169925918,0.400364073330012,0.258585366779009,0.460065292233965,0.320273516158576,0.324300516219646,0.145689055287119,0.131505686816314,0.405651250434255,0.073705898595977,0.120401337792642,0.228094369459739,0.463560483956607,0.264028150314082,0.00132444084411071,0.399689231581108,0.0534392517575645,0.0914759741542281,0.311963078497555,0.0989009909420171,0.381370173945306,0.0369343297949681,0.0903539053966786,0.0866889508653925,0.106012059588555,0.214824156776025,0.00560224326934481,0.0645105627314,0.488993731529215,0.22258147062724
0.00160535652747914,0.385216330292738,0.0711146278446424,0.0104335907393609,0.000535703632012622,0.0124455002965762,0.670544812645431,0.0945694928666305,0.293426731896607,0.502508970720418,0.629072960837098,0.441966685151218,0.338157628547698,0.982900988645987,0.638345154396506,0.472683183553285,0.734184425022096,0.469872047114362,0.168000207104038,0.456920435809835,0.806364365613169,0.171518854644023,0.00675781556060487,0.0842350418577066,0.24411591048543,0.0894922391604881,0.0238750799449329,0.33459369870606,0.203326249017219,0.572928319421736,0.206807006267074,0.0657891444605294,0.48549587517934,0.243651847528064,0.440915386209228,0.228192515638052,0.0801342106409865,0.230597485112213,0.201956007883633,0.140710221843254,0.0668246891398499,0.0463598152997108,0.866649264233785,0.388135643637986,0.356371604966006,0.321061105036834,0.306232394908184,0.233238768055478,0.136837498468764,0.179431798648189,0.148836471893882,0.654145620279505,0.00106160103434639,0.139335755059678,0.853250565875229,0.256530613445329,0.188745477406276,0.184456094786323,0.373413264303976,0.38716843467539,0.0151725796508702,0.00256546384810673,0.827889974231438,0.599896196764799,0.725981676559186,0.215077136732784,0.326803503544804,0.100990349681628,0.0802860464606138,0.411798264082259,0.243886998496479,0.0031042334142512,0.0957271047937783,0.395051823474254,0.421427867298578,0.0571884215496735,0.847664674233436,0.149682854146203,0.0262422558192897,0.0730517603948737,0.238109069536186,0.343541422077421,0.0618106174351404,0.00290521176157275,0.0699813452171209,0.559712180469718,0.25662730113094,0.241843220015454,0.286177945553463,0.591589407048554,0.249747065512271,0.222845778596442,0.27230787908219,0.246223043568927,0.129524838321982,0.106100458433881,0.119270851308324,0.50681210223195,0.608834264826117,0.170896381214946,0.481866484952946,0.23825729506872,0.71985535993692,0.104223226274368,0.300109355218176,0.0732604518010035,0.0388495932368997,0.187290969899666,0.176964653599884,0.167253874272283,0.340121488405647,0.00226088580237807,0.410478172916239,0.0373489423642727,0.100900087469315,0.0433374991389575,0.153448648507037,0.254435932691678,0.0179757812295467,0.0684690143427756,0.0765277663850381,0.000279813982817057,0.00454364839417446,0.00158248758916318,0.0499807341140205,0.549809825463509,0.126975944054377
0.0229142499356887,0.365872376191994,0.00882222360743077,0.0522255978445359,0.00125950428562906,0.0171632025340451,0.678295755436091,0.940276496748684,0.320250713373527,0.50827712625537,0.691773807551157,0.351460990487566,0.269568489871619,0.574079783717702,0.60668380462725,0.443934074572477,0.571147991750958,0.285842454612543,0.280380035910361,0.593204494076454,0.761642985310982,0.277937520591847,0.00983311133745985,0.351499806108716,0.237219784587718,0.127742581651475,0.0718311996617923,0.892250751422907,0.313019009050198,0.552878409775407,0.0913835770528684,0.0779109252408271,0.543826219512195,0.32015990437365,0.227696049029979,0.0956744612874149,0.0990892849361628,0.352019766881365,0.186416762427671,0.372932623748548,0.666914525219355,0.154944918819866,0.696558858054516,0.269938276195434,0.156193518214068,0.491495465087136,0.339664752874536,0.333715302887022,0.106293404640927,0.38388823352653,0.0704282417601776,0.724605194959195,0.00124558712428986,0.338846004151531,0.676419152053694,0.281313906682274,0.161556028841959,0.224674815943678,0.386787436103397,1,0.0673964246854353,0.0185467454225113,0.784602784602785,0.571364724200571,0.340734898312033,0.173477643933219,0.606294664369604,0.174390156422082,0.159787878123149,0.493449559229024,0.197216012502967,0.00150032154713417,0.0883528770516663,0.320122149959634,0.657276966824645,0.0613134003902248,0.530800629817845,0.187773652754424,0.00640185605384596,0.0444843875498099,0.267278113990275,0.411571085590325,0.0383412040027177,0.0116092932114866,0.386931288216395,0.339908243904841,0.245989441781522,0.21348880819236,0.924490433896293,0.552417509281104,0.231276132833135,0.878220958241402,0.359900449192667,0.559827277499335,0.0821481714645453,0.0836998529785795,0.154683978899119,0.192756988558515,0.806352374192139,0.273773767444213,0.578504335742822,0.237422759740227,0.375146303300602,0.112699081651655,0.320988037620035,0.841280381352764,0.079313494339302,0.0412486064659978,0.350065243999069,0.449809678660176,0.190548002501909,0.0016830465993984,0.13605402288741,0.0556808820341293,0.183629130103552,0.440499503055471,0.132739073767217,0.389729151661974,0.0407908860412802,0.0932320276809988,0.0732025674678041,0.0057046583116576,0.0120530495424679,0.0151285135799122,0.121728568795966,0.523781756497078,0.220797058272333
0.421599629178417,0.251351620218574,0.015924527053759,0.0399495293462086,0.00481097492260678,0.0287082729479677,0.401107277541523,0.310525734340115,0.306267455388102,0.720078135505651,0.338984432087665,0.282651537772469,0.313642435033481,0.384329227326644,0.528982252919131,0.337999942264177,0.519002258666405,0.369288404711259,0.245562518607003,0.489538184352319,0.509712542941995,0.103857788959775,0.0362473556373893,0.491514404981865,0.262878621237907,0.271567565947467,0.0820502139349632,0.36434951290742,0.391620484704955,0.382841407796231,0.0260967379077615,0.0980599789108716,0.418602044476327,0.308297306788029,0.528075551532732,0.0168731409305611,0.615124842041048,0.144102197205765,0.212546535332989,0.278899163493627,0.445872244596937,0.173187489588183,0.315505567697626,0.316378374358593,0.0526622131363487,0.615481854328989,0.298089799436637,0.285168085145834,0.138588080338306,0.889352818371608,0.0428171296704071,0.49941761833632,0.676599648621543,0.136741048261546,0.598425527668804,0.275580809417651,0.0919606887172513,0.222388868617055,0.143741606210087,0.319759917662764,0.065736588275851,0.0284635709698566,0.461277241765047,0.214079755485713,0.340351674598506,0.108263140416025,0.688502615690363,0.162448573128484,0.101056770570557,0.338948805368034,0.292420075967397,0.596105977300511,0.080484489095602,0.662006649049527,0.323328909952607,0.579657528754577,0.340661308737603,0.165748247789968,0.0282487316115544,0.071652620362878,0.269287415552951,0.412193645622174,0.0673634236153633,0.720305344746211,0.216447300238367,0.530635828460733,0.175779009787823,0.166999056278193,0.40384509295526,0.442779975368314,0.0757997654200503,0.298296662146024,0.576047104528348,0.59592139040894,0.0698363188920048,0.0868760119354098,0.0954716445726075,0.0822404906374372,0.328902435499697,0.426924001087596,0.31897438638216,0.827759430198388,0.0802820111621718,0.052993697993747,0.21233540659788,0.536653312870216,0.198942203530236,0.0680044593088071,0.210392509247115,0.263672340515909,0.078219193326196,0.000666778969792062,0.401712158081445,0.0556412400507913,0.101704240850992,0.29329567707462,0.0817117819272611,0.259324734280539,0.0165318382381076,0.139856014159405,0.0764775244032483,0.670909198392055,0.720919786465802,0.0214305077853645,0.138461409592736,0.227705845713453,0.149259306993016
0.00387809483131016,0.379537799686128,0.120454201401124,0.055265792895252,0.00204628015352694,0.0371713965988516,0.675712107839204,0.520662749500934,0.365474616028831,0.365750603356146,0.700686444154087,0.416033570788722,0.441728352556378,0.680987649666838,0.406634249078577,0.370730602428902,0.605970735539625,0.416873869173406,0.298418427821469,0.603844780990261,0.49500336326774,0.176865246952407,0.00362375617017943,0.33314354798239,0.335054470518772,0.156401927690381,0.0394939582536465,0.625423674617893,0.204382201086177,0.542408857528038,0.128581070223365,0.0861196003788894,0.572005021520803,0.344524624017749,0.258585153600366,0.16784839387268,0.105995903960957,0.234598874259406,0.156397098498001,0.432120227576778,0.754440967680256,0.130527873768202,0.548283644523422,0.37187625492675,0.294276784662755,0.545834523563269,0.255483553188542,0.230765237062172,0.118290963039898,0.192120605336122,0.115475540366762,0.494861844533741,0.000260866454445772,0.176002205500778,0.775603556479862,0.215389170249852,0.223196736034487,0.236697503702591,0.237448639188,0.58293336594214,0.0624641553027508,0.0140009772135612,0.586684245220831,0.823087569562585,0.328266759353332,0.238139661262567,0.50336339041344,0.0941638148928,0.170407682014609,0.377568900177938,0.213012878847828,0.00193808914097669,0.154602158610583,0.419968208918552,0.600426161137441,0.0454772235239614,0.699620169095644,0.173955749413155,0.0154373709303215,0.099832474543258,0.27329234996019,0.431250279288758,0.0409917882216761,0.00403690988066622,0.176132241683076,0.433900095024867,0.35975382566333,0.181814572408506,0.418345955914224,0.634133236634436,0.204227811154187,0.560294921361051,0.232354012383149,0.400292664686806,0.104268013506553,0.0702197877184385,0.132947821718773,0.160453626102481,0.812238193702492,0.154073425357421,0.535672452110863,0.214208243501348,0.243501053383764,0.117419215728553,0.432630401210612,0.54667525648524,0.131651054610336,0.110367892976589,0.408538703009991,0.347595437951467,0.259619111208322,0.00159287583235331,0.29896312801118,0.0378785344854285,0.110013825794983,0.36912646008207,0.152515342245044,0.392435452541522,0.0423838552270938,0.0393928038970254,0.0532124107948486,0.00158429888862615,0.000892605197841623,0.00539299571339015,0.0895528639158332,0.57007302172098,0.263457339407558
0.158409738434881,0.287889523446017,0.0061507499844164,0.0712076021956015,0.00353116941658436,0.0194975937578348,0.556912460884217,0.825361549943863,0.455416522981428,0.334369006249425,0.648712815344621,0.278000895789788,0.415548865151357,0.418216236521065,0.498300399541611,0.313200185642877,0.405263674752038,0.464784706611173,0.3307525458079,0.581595363146533,0.350863666383391,0.242085242759158,0.0225064639974928,0.342501881885992,0.341066873511853,0.195957295089235,0.0544833428054206,0.733319477308094,0.444119666915989,0.495855204658234,0.0598489474529969,0.112042249745322,0.547838952654232,0.235603141344211,0.267554717063436,0.0334897887199468,0.426707046058652,0.218413032174319,0.125555658403,0.366357448435042,0.684010695349465,0.422091846105874,0.37210184638732,0.328517885030118,0.253370611737524,0.519565191219332,0.285129373374175,0.421267916411711,0.0543737848271039,0.529335812483844,0.0435640424894745,0.451419423815107,0.151773800134671,0.227153606642449,0.474337361419651,0.171847825873837,0.171430037720356,0.308307755049475,0.335534415935945,0.781337572478167,0.0329574056657363,0.124401067143921,0.507500848964264,0.406346414463251,0.339175266919773,0.161482957461583,0.508126749961418,0.185986573103166,0.209190668392305,0.552923079012782,0.295214449632033,0.145783561120027,0.173467201971551,0.418017620482683,0.546010995260663,0.248507702039325,0.400620863089242,0.333061414753525,0.00550697294954491,0.0622641272115367,0.180830306281801,0.418093239790219,0.126800258348082,0.115374861281771,0.303528863094621,0.246551288807496,0.12805371716765,0.11496913815904,0.504070486803427,0.846394686277675,0.193134507426873,0.645117705402506,0.405572417142163,0.435822301480581,0.0920455846162651,0.0686906408769176,0.191841878883397,0.152069728405606,0.767177260896849,0.244057743744744,0.532577083583858,0.383176743604522,0.679826776892087,0.206319647950133,0.311656622315134,0.444468142180553,0.24288961107925,0,0.448113318879624,0.38951568941634,0.104800058326714,0.0020404213544534,0.255181916796154,0.0598030288952894,0.045032589373889,0.35153167160331,0.109177184100391,0.432222440472293,0.0512529276598658,0.068405233239522,0.0638103929128045,0.3002739024198,0.172883229963893,0.021263618034259,0.115898544169138,0.230051552539857,0.178806710037973
0.125927660669129,0.436723059463169,0.221357032272673,0.131691257944751,0.0040316566458738,0.279990888689133,0.463435769878841,0.0106750045603208,0.73600632088735,0.13072126715407,0.344561281507298,0.363586145117946,0.351556168191065,0.278844483818546,0.574763062532908,0.260142074536948,0.580064813905529,0.228602283890217,0.28049468278873,0.609317899818129,0.337130170375018,0.224758139395573,0.258253023061454,0.431120691621615,0.39711188549421,0.277784230054037,0.0587821734801171,0.805570655070239,0.2105897454046,0.103347388348679,0.0619251165032942,0.0926304219612889,0.51058106169297,0.451643810449597,0.538135639429001,0.22474670666039,0.358033029761645,0.332820310394692,0.268020941746455,0.345529321827083,0.145291648583109,0.373794898957323,0.424211864351819,0.210076597010486,0.531851047042541,0.170605096482501,0.274108393492081,0.39182659323951,0.122778399578688,0.237957771336419,0.127521271161062,0.365364643599635,0.0647026961173084,0.073326414115205,0.492765725029278,0.264677336815543,0.31665084293449,0.327859043980339,0.315453196786366,0.267901725209664,0.0387655642604407,0.0676038678958633,0.516270150416492,0.375810962775006,0.540091438960483,0.193998128188872,0.825863996699285,0.09206074594809,0.162735538640402,0.48140136645794,0.0801020811901559,0.0557311286594092,0.174275249360031,0.36296990878868,0.639491943127962,0.0987478060992668,0.55714253733014,0.353621789002281,0.200650128750988,0.127593065871585,0.512682861819512,0.405286580733747,0.0427532524178193,0.0369150798918792,0.173385843092548,0.177442961507071,0.307529824305834,0.134161202344339,0.238864939697951,0.768842465556546,0.326039269757989,0.0702386494747283,0.248257860871677,0.203301286430282,0.0526526641103417,0.0973877333267163,0.151841214208199,0.141851575057682,0.868829258327957,0.461205397509912,0.686543831754473,0.220554168051629,0.403039412569148,0.0261528359028139,0.331814319209147,0.364587226969099,0.323902376855923,0,0.424308531622266,0.304268720044743,0.0939904298141603,0.000438851582956663,0.0763825774233585,0.0541651955774412,0.251643576648514,0.619783312504305,0.199246150521014,0.42940701455728,0.0288929569012218,0.0473893597174497,0.0681271019604626,0.071628438559155,0.0677746488606327,0.0236195591399671,0.088691762577273,0.395867845262865,0.390707856333014
0.159317377650719,0.304303867369665,0.00399830552244483,0.0307350055829425,0.00269633351673484,0.00504332458892089,0.590162882131108,0.796540322228417,0.34956060738119,0.450553105957125,0.602155766049401,0.246638655462185,0.360636590842551,0.30391944346084,0.474246600799083,0.31805554630302,0.498890307375037,0.324062597791462,0.290809203555532,0.676814032940696,0.293587308414401,0.227408871716536,0.0164831936065188,0.389211432742535,0.316612061081075,0.173643242406191,0.0639559462770051,0.836520219138368,0.39083808543647,0.674267848435304,0.0309625582516471,0.114398691759155,0.259101506456241,0.253074949942675,0.191496090469907,0.0242330281163363,0.441217482243235,0.26194628630855,0.188091921533922,0.327376839505447,0.908965094434109,0.187463959095977,0.322221177355652,0.240145757418011,0.0711046756622261,0.403582619468988,0.227915711053304,0.3839053605533,0.0618137577726568,0.60215014256865,0.0251730759067768,0.475722621845911,0.0245607828662101,0.318678645563051,0.366114708554563,0.249170132210242,0.138492725359883,0.193814527034278,0.309916688890415,0.921361825277939,0.00571914466988132,0.0529348127322691,0.543476958111104,0.401963611199216,0.46858902375987,0.163267216133804,0.463470096722277,0.2495402701414,0.182628819619628,0.588673747979517,0.190484786737359,0.014388394176231,0.113340841175211,0.38514343594398,0.502938388625592,0.345431340929947,0.393397359839411,0.262540163484109,0.0336282283354154,0.0513369393931589,0.253893021777685,0.373680233668209,0.0202820020298778,0.174370474868387,0.489066224479221,0.290056333925973,0.113684743010113,0.153237210126227,0.368715964346791,0.400556755693037,0.0989175299268504,0.846390907434771,0.28209299502246,0.339566539869272,0.0584187031419905,0.0665473539246034,0.153059359329803,0.113350178235674,0.775841637898897,0.248694252815419,0.517028980666195,0.385086721536602,0.128697623418384,0.0904058570434476,0.230049572065779,1,0.22944412583105,0.0903010033444816,0.369200111943192,0.480369645811161,0.0920027167969424,0.00141595801766031,0.176307328466583,0.0556040756914119,0.116856183516266,0.526495507818266,0.0749985263585337,0.318928828651869,0.035250736572035,0.0906329477234132,0.0672658108440653,0.332694884527469,0.225650594014362,0.0113078395825215,0.112189442294483,0.359582278648767,0.197298352375989
0.451188910299036,0.268937402168683,0.00669394962109599,0.0228804567124475,0.00196176078699131,0.0175484458794249,0.269533820107518,0.492756155148538,0.308724946662776,0.892266425088292,0.501479101075981,0.192152241607303,0.289796980019677,0.254773922795944,0.533775203642333,0.284779726731908,0.499617008740057,0.174364963624723,0.264449667246681,0.536501623238659,0.292898770223136,0.167999520771558,0.0554206168873567,0.355517233513538,0.295367979902057,0.407618598041089,0.0938905811319119,0.321137366502526,0.277365323069683,0.448727877692683,0.0184991161819058,0.0906930816935643,0.382577116212338,0.25538886576265,0.530174811066642,0.0143124089004596,0.72552180922916,0.202194928474102,0.241037785900217,0.17894106231899,0.433750443869143,0.141928546104592,0.368572179022394,0.381551275377408,0.0149542495406574,0.85562811853924,0.238798159065372,0.2599655114869,0.103483260060872,0.783808715255042,0.0394066975531559,0.600157214360442,0.924974565898509,0.142562921639855,0.454412251264357,0.244574243021366,0.0799107028303097,0.223601601236343,0.0964265809867983,0.28359471329726,0.0582344322258517,0.0494653150400735,0.397754739218154,0.161500533433292,0.35022191326667,0.135386287473961,0.557284091374363,0.144503284990316,0.146672845328712,0.263117860393094,0.233582436496004,0.653465582869359,0.0785523862848272,0.633785796306418,0.317688720379147,0.748298334862753,0.365339124075608,0.163583997869046,0.0758458047574127,0.0892946022303586,0.296187452800208,0.464056044621203,0.107960979374093,1,0.234713441807441,0.461733894751841,0.110387050634386,0.131687368482135,0.268468241271242,0.474044969409392,0.0725138554378676,0.217694269578771,0.909044555056453,0.571835877670475,0.0494620271275682,0.0748692625976266,0.0976612380598131,0.0928352817665795,0.462689586826737,0.413431807116164,0.314712130726989,0.981915690585608,0.0614720268089248,0.0527604355539003,0.207877255379506,0.405473150953602,0.15561078187727,0,0.199447701961366,0.148080149708441,0.0643359004762069,0.000423348673776129,0.321186001739521,0.0479996283564062,0.105569820264665,0.383956072071717,0.0695100305862473,0.317968528339772,0.0149006055699547,0.186719179775012,0.0736414157985399,0.816319854969654,0.883483348594003,0.0197455143084665,0.144891189626577,0.204911406496415,0.15231447497122
0.329509437991739,0.326412983674986,0.00999894413185376,0.0463736493655941,0.0042669850781887,0.0173833415885479,0.369798603867448,0.628306874908472,0.329250777795041,0.660620129801193,0.539867818074642,0.237423751226379,0.301982325437623,0.267108099411228,0.529559110477901,0.299074894465577,0.466365511146028,0.26988525752375,0.265422316569617,0.645335101048731,0.341750157777274,0.250381885164885,0.0245436026012693,0.571928191792696,0.284998707217585,0.2712928238616,0.0792387848679921,0.526808744217774,0.355639683137861,0.395777758655308,0.032087417644223,0.104834414597966,0.267642575322812,0.307234533391317,0.539166185018375,0.0380673692291557,0.825831190901565,0.229387674544827,0.178612146483859,0.211445729995149,0.599473730534252,0.206561900653115,0.352815951437484,0.39479289060757,0.0518412168716775,0.618092151705887,0.147428694568011,0.258656431366005,0.114922768138991,0.877057666493021,0.0406997022918245,0.596177128179431,0.591133209016424,0.168659185262065,0.428431882276945,0.222361432176322,0.140016935670114,0.213008972074953,0.155911703318551,0.440809921229352,0.0405923017790682,0.0318484807000322,0.494796348454885,0.254260257778034,0.513301427731137,0.170286507864626,0.472510527326957,0.161928713389342,0.18897657226841,0.358328466062672,0.255091695022553,0.7028033116458,0.0831652552348109,0.575298229427309,0.440802274881517,0.676993220067176,0.262695232338609,0.239815539314432,0.0868597506565026,0.0626306827336178,0.31171511657708,0.449548263128603,0.0534143047668576,0.82029569729415,0.377072753653228,0.40585047255751,0.10963346389367,0.14101158426153,0.233901283799226,0.362565586837747,0.168825936305276,0.453600995890938,0.600801262595605,0.475738313187169,0.057685428947519,0.0680237715646925,0.139165091258626,0.0857414426116716,0.585685334242537,0.38052097099534,0.381362763830062,0.83771184847034,0.0985807039806818,0.0614323097882016,0.226883905234677,0.71456150148856,0.191826504386244,0.0334448160535117,0.262928258575287,0.222570954580101,0.0862928384772123,0.000804650995854184,0.3581263987022,0.0525027099012047,0.0838153550972038,0.654343098375336,0.0822226443022472,0.396167528754447,0.0255741032751527,0.139018887179201,0.0689648101058158,0.72782178608024,0.518678483607737,0.0186670845970078,0.148653900923087,0.260558993864055,0.210649691712569
