0.664125206451497,0.0187444628871817,0.182351599846198,0,0.136095315976706,0.224620807284979,0.465986763622452,0.117400366914189,0.11167722333349,0.277195592992021,0.313834180474232,0.0334593784050193,0.163665086790151,0.195528605664213,0.25208293525104,0.0824135381974592,0.277749437077024,0.392605198057901,0.0279425944509029,0,0.0681704591170699,0.179680487372734,0.173146583777164,0.261301936020645,0.348594553706605,0.236950520965665,0.118923633710662,0.189347067282956,0.0995026720144405,0.161101435927302,0.356054355725067,0.0319627652468656,0.281843495797966,0.26447921996603
0.649248535317607,0.0401829749909805,0.137968858388557,0.25206705416667,0.075733921454566,0.138477833638584,0.215503765888793,0.0822683640486837,0.0989165464732802,0.224798015709957,0.0791498215408348,0.0843855751379638,0.17814322133973,0.149219534545801,0.279043946138277,0.30138155569946,0.420295437867311,0.0660106808059489,0.0476346615950572,0.113534061658638,0,0.422948703325418,0.109170192916199,0.164752790049054,0.175833157909341,0.150518080746596,0.199952630304893,0.191015707955457,0.150569230826845,0,0.113520379555566,0.0147304583175594,0.148272292144997,0.309769164458795
0.056475483281229,0.123935135338007,0.344479390914539,0.314679364253399,0.254032608849593,0.306460342595548,0.334961580137083,0.0951029295551235,0.0614118758778815,0.203374911920779,0.148215452641364,0.126415850511447,0.459154215481468,0.229484436811728,0.237622112222862,0.505982290336221,0.131173597710257,0.37083378996221,0.0295285125324311,0,0.193170587402195,0.169716540800515,0.367976313312936,0.123405949678805,0.0987791342952275,0.184875370419932,0.205936373920708,0.536541556029697,0.375939886228733,0.152167912347635,0.149017506844576,0.00698171508841691,0.211432717650141,0.625436691455873
0.721584712495099,0.143536814542647,0.101186130588464,0.203352081395376,0.0575877462314536,0.448707888271792,0.203732875981151,0.209226385921104,0.0910825565102127,0.208727066957223,0.0696579850104341,0.103972229996628,0.277764549161199,0.123183240654725,0.183039255949305,0.0594501879163582,0.924731919039445,0.232378332518584,0.0359056433785644,0.183184492903142,0.136179022405767,0.385521688185864,0.0864704511462487,0.028999004748099,0.054161373060477,0.116705685932126,0.0989853001019381,0.46229862646251,0.0441708141873294,0.053636763401157,0.0340767257238381,0.0167736364303199,0.295182779567576,0.184455972243127
0.261292383970467,0.0558419370959998,0.15521340004485,0,0.0949593350268931,0.212435418836123,0.151117290477514,0.162446471415504,0.192695429669573,0.381576305115249,0,0.0569596744970764,0.165264475042836,0.212212755605323,0.296510483455674,0.385816395710977,0.472827598174394,0,0.0194238218954731,0,0,0.305879431783191,0.515823830102043,0,0.474744619512741,0.111001976060715,0.185579116902067,0.644671110674027,0,0,0.0545649167058669,0.0322473456911803,0.234533348993218,0.304012845605868
0.819714386774985,0.0160515688891968,0,0.285291796593062,0.0447973711969652,0.0569928947334309,0.297829854110694,0.204711404360332,0.055341933604293,0.0951276360515866,0,0.152813346778421,0.227573827931927,0.392146480339899,0.251837598986389,0.352868551912286,0.158564739801006,0.298846339970768,0.0262416118567913,0,0.0778358453271373,0.205155928708258,0.0494239167082035,0.298349868414324,0.19900946069406,0.21207837013556,0.0905232449061726,0,0,0.091971409692892,0.152711482747415,0.0283431314515599,0.349074499359788,0.313052322092854
0.0845182558897236,0.0630778738700198,0.129187363885634,0.0590058485489909,0.0573169414636091,0.212177432338779,0.309830959144897,0.147997894852013,0.102065739351876,0.169013036987886,0.111168233530361,0.0474087301349934,0.255492368720147,0.240929951998928,0.222241163186495,0.467088291725655,0.196772156794695,0.185427854074135,0.0837455182809107,0.0531539012071909,0.0482955011945911,0.46674829820337,0.0613329968574313,0.0925599019696547,0.12348128141273,0.190395792287338,0.0912726745116352,0.268286634198903,0.0704928715073757,0.228265435168782,0.10859715184629,0.0272022090785443,0.218989408005769,0.39170858277244
0.0626919671412007,0.0488264089822464,0.0730766320555347,0.0667549604519597,0.0517343163008711,0.240041946641272,0.154450435702804,0.275496411982776,0.24108959711673,0.336007054541797,0.125767719901054,0.0536347543128539,0.294981116897413,0.234669476952984,0.291758001952507,0.231187873166171,0.667840947341352,0.314669300132617,0.0934720361904507,0.0601344893804444,0,0.24002038684512,0.104081510798522,0.104715473020019,0.083818578289623,0.136145703694186,0.166803336318494,0.303519787805062,0.239251461462699,0.129121285978711,0.0717494361478642,0.00394855056623685,0.150390776201489,0.284350847058958
0.52562633117524,0.181294923895255,0.312552813617879,0.0407878104421246,0.0661278108703247,0.0366669121444431,0.258480267437982,0.164967645830985,0.0405890487164885,0.33196986967997,0.307380298592436,0.131085195491593,0.246246485659171,0.122146283395348,0.10305070845102,0.464132467869432,0.612084654834656,0,0.0125850738451769,0.257198550653633,0.166921398164189,0.14665442945011,0.190784035825886,0.159955149740172,0.136570283728983,0.216570127551313,0.203836441767539,0.185453216061709,0.243641092473795,0.0394471113727764,0.174338542653719,0.00520070023947825,0.282199366235795,0.37946621206383
0.230860470435185,0.180277484926425,0.332297578753522,0.0674558772705936,0.0903246849622175,0.394164010089888,0.229306637507826,0.153522486521565,0.0856454527406006,0.41769487616378,0.0635439831636837,0.216791835477968,0.149153673901221,0.117680634619411,0.136510231954565,0.0500604572136394,0.337426851373699,0.370968993154877,0.0639220704712431,0.151914660082305,0.193241015936091,0.121270282589084,0.122703464401178,0.0529075468024091,0.169397387919813,0.149681521765634,0.164541601222511,0.230030116060141,0.120881783490059,0.0978578188074962,0.104634381663244,0.00787345914800014,0.236831215234357,0.220252782251187
0.57771171867314,0.0485407260600251,0.0858579350782624,0.196076464507858,0.0876407132044158,0.199768530738483,0.306605575995089,0.10202027481646,0.0435349498417883,0.253343971550686,0.147764838450679,0.126031387332171,0.257857400321456,0.135903470160075,0.198503445718546,0.32012759562208,0.457711783436161,0.246470741068647,0.0665204856253478,0.317934792967765,0.06419438993752,0.141000371038778,0.18342862156016,0.0922729802877183,0.164131256986757,0.19964870369895,0.279968307063045,0.0891516620844076,0.140548708557562,0,0.0865186484024348,0.0162627557038735,0.205195835983655,0.30887250496671
0.00757917803738863,0.0897426920692953,0.374161566390353,0.227862540682406,0.114769130703437,0,0.260905473075491,0.689700608382459,0.415743601560198,0.209541556556314,0.214648859039554,0.320386465460492,0.249116099746027,0.299843725156472,0.191961349800317,0.0563672306005546,0,0.179016415243729,0.038423625638075,0,0.186502454864161,0.245787041774999,0.0592123189279995,0.178719016392153,0.381477286272078,0.124848328159737,0.135564197313057,0.259010232049018,0.680554588112813,0.110186339037944,0.167454970452579,0.0242011734070591,0.46093914485874,0.114397147219247
0.408414858152221,0.0378961271145439,0.0614440386261536,0.0280644147571829,0.0734252704520157,0.210241288998794,0.286566552767063,0.239478914205705,0.092448785332975,0.155345229726434,0.264369380795272,0.0563713942016329,0.217047513441246,0.199830789892742,0.183521739357132,0.374889160482594,0.280766327902372,0,0.065519158211387,0.227529674312167,0.0689109208614192,0.363264208012544,0.145856031269451,0.132070025609051,0.187936527762134,0.190937620201269,0.193680341837623,0.0638013651283674,0.0335278829481663,0.135709522770822,0.102683058111633,0.0226296529972236,0.270917878520273,0.251672463349917
0.0565467338100311,0.0392316656750011,0.457988713306278,0.209184643464209,0.0762741650921771,0.355205888535931,0.214417255956913,0.226230976933577,0.00548872217092427,0.390359056054993,0.131369391721042,0.056023702476123,0.197055475770345,0.198497871493803,0.277850450693054,0.569214921614216,0.34879350500829,0.328684871895591,0.0555718014557547,0.188438606446381,0.228286459658946,0.451279745655848,0.181195613029796,0,0.145919852238442,0.280812521741508,0.141045635665874,0.158519438612694,0.166605249656402,0.0674362416839863,0.0755105238809443,0.018176786293309,0.355026027525567,0.493134833027051
0.421485743211512,0.114445781480184,0.0824713435990281,0,0.0702871931843574,0.112875738335469,0.346843625643826,0.18096896304778,0.11132286258612,0.287872734286423,0.283872470868797,0.0907950787957475,0.128370271653303,0.138008471032086,0.0650200296096549,0.0745455318075199,0.3768492307242,0.236748917327804,0.0373490552848119,0.0678653626521519,0.0308311490652633,0.541754598649203,0.117462211423786,0.295444386857954,0.063062831396366,0.127241279753712,0.47061883471296,0.171270304823558,0.180006328948009,0.0728606268761195,0.112385897187402,0.00748263062037828,0.268079204991268,0.284513925255774
0.154682628400886,0.0398469739197842,0.182420230740498,0.166639525470537,0.0683640760937413,0.0998690482519759,0.157916099870273,0.140629562021298,0.054720545271821,0.108728135657745,0.0784880742267286,0.100415914105914,0.390047830115494,0.168801731214998,0.0891353054496303,0.133972378966736,0,0.261835143225495,0.0321442907978679,0.0375282327595031,0.136392232284337,0.329538113076209,0.0216514585912667,0.13070007906942,0.313853190552964,0.110254522365409,0.128882440725405,0.284127496547271,0.0995401214109435,0.0805810344939966,0.171750251502079,0.00681729839361121,0.140442773920057,0.227565934299801
0.0683150095031209,0,0,0.0645796419086191,0,0.0967582279986316,0.0127230031409589,0.0562352438203835,0.0998170674949119,0.00731072588774736,0,0,0.0988263017580903,0.108213779408706,0.0797694348248678,0.0159753136986128,0.215359329886454,0.304415283132478,0.238532774204988,0,0.211430179024458,0.0928795043679334,0,0.25325792562754,0.0270290925247469,0.0745991043514084,0.0153683515980185,0,0,0.124913654732009,0.171110731273352,0.159801448615443,0,0.0593303508834579
0.189081236182266,0.0605511638042877,0.13090210677972,0.119578101991861,0.104051494462448,0.214993679260365,0.172668851957597,0.0855714869747129,0.221327963714928,0.354521359358285,0.675863113684999,0.0480380005270155,0.234274567194365,0.116533118141985,0.108307112298006,0.295805014571689,0,0.187889093978532,0.0114842254667176,0.323156715129286,0.0978730839333656,0.773907543267945,0.0621470882466431,0.187576955001239,0.350336745185112,0.140632506589161,0.455306599419106,0,1,0.231295117628896,0.23310677142754,0.0116645711344749,0.0892579638175144,0.152781394884182
0.259968548140045,0.0993299749569765,0,0.371670860621468,0.061889312424532,0.361963321862883,0.132684457977941,0.147830961098608,0.0897368809320103,0.359163315599132,0.350117776847939,0.149310991736812,0.305919869588689,0.133299181392868,0.373145877084047,0.4137374081074,0.309861135212322,0,0.0499311680036646,0.0837025341253355,0,0.601361775431823,0.0482911615692821,0.145755968561055,0.194448393169806,0.154862586761326,0.0773924773194273,0.422476443767914,0,0.359454005351777,0.0754600165286426,0.0049733340285833,0.154279351886826,0.243228674363777
0.810056221011861,0.0435436647245825,0.154038439134434,0.492495315596731,0.0595161682415059,0.189744536538271,0.459388213009054,0.278478562864895,0.0350815058903601,0.352336758607984,0.265106132044132,0.0847927056517535,0.285637514338996,0.383588135901604,0.376807058470634,0.24366091013289,0.469248307049656,0.33164628973133,0.0843887827678467,0.126757660031053,0.345515075041667,0.556533821559652,0.182828194540961,0,0,0.244053726390187,0.100458684114629,0.159947564133811,0.0840531107341205,0,0.0763052588042084,0.00822795595570181,0.325620531475358,0.379290513439134
0.102882691085624,0.569421364567529,0.107563141709585,0.122822663499584,0.345980800319759,0.0956917147305265,0.257853273312807,0.0824057477180565,0.0362928601131761,0.681493730638891,0.416520472973631,0.217102252031166,0.277644757833661,0.424400131535193,0.0874468742246022,0.18837522508128,0.327670303800697,0.0771948662190267,0.0261434847345029,0.132769965327905,0.261374528937019,0.31796231183758,0.242566650779639,0.192666434244533,0.277592608615877,0.169579983412979,0.163681113926355,0.0558447676017896,0.0586933156572182,0.095028377030317,0.204818788021312,0.0330060345731561,0.354957960436008,0.462967298189383
0.0678060767583921,0.901809934823799,0.764320822664804,0.182139473356305,0.167312837868318,0.245606198288807,1,0.940094393528923,0.0814443034973678,0.546342729727925,0.400347085137439,1,0.925811529171516,1,0.211101933706148,0.300376972613848,0.202465675810724,0.095396565247854,0.024496379502743,0.46488110861471,0.124232341809046,0.196467287048312,0.283984385150432,1,0.0381162605478253,0.843016530095726,0.903015248938937,0,0.0362663700674464,0.763327790966311,0.654503316570989,0.261511911487448,0.928924858687239,0.337774449521406
0.0356018245489029,0.0480294404029233,0.0849535514686239,0.0776044380949545,0.105584839108327,0.0930184805313893,0.195495269415111,0.0887252560251979,0.144042138601916,0.15780518699766,0.146208359158999,0.0311759592768742,0.340099809935861,0.158276622330793,0.355775707630574,0.383946227238012,0,0.243874544243336,0.0338054322098928,0.0699079622982444,0,0.223224232303637,0.20166275355945,0.608673615400048,0.324804830012348,0.232904717243421,0.203147511095512,0.352850336151102,0.0927121601935385,0.675482309470839,0.343160135989187,0.015808601317449,0.200068672506623,0.175365129338697
0.80344874973812,0.0603003226287541,0.439964524690736,0.0669841063349746,0.0775717210578052,0.481731897689121,0.671673347892743,0.502180212466364,0.0936411626448822,0.439218159995997,0.504797446558958,0.18836611649058,0.34031506649971,0.319300616706902,0.528731394668729,0.397682495447971,0.893511384947325,0.315749448043433,0.0924470513007882,0.181022587478315,0.164476668527656,0.722532761191237,0.174064697049908,0.157612447729606,0.0560708432599041,0.653196243587115,0.382573509747527,0.609123683936724,0,0.194346846269877,0.156771228038193,0.0179284057362873,0.490848137712219,0.331861748679916
0.0176629704907285,0.0383275704090765,0.319596059145418,0.194632312547461,0.0345809960775016,0.291613602449618,0.226609271874383,0.249093634736052,0.217370884613386,0.309003969076069,0.183345642049922,0.234568440710911,0.165003895197702,0.154947600531975,0.219829666273364,0.216661314835253,0,0.152909639199568,0.0503625905490907,0,0,0.209942915030317,0.252885670500868,0.0763278056859174,0,0.0974152987945935,0.243168077748962,0.442475189525939,0.46504529504507,0,0.0642453273450151,0.0080247500455924,0.288308187614675,0.278487503210142
0.588388341785024,0.161661674593642,0.314538476967214,0.0638508263436264,0.120578304933074,0.220032517664537,0.362443675660156,0.188565998996082,0.00478749424297428,0.270621956636699,0.0601481357240493,0.192380438468104,0.280278859132443,0.327968375770858,0.31617145996087,0.434362999332268,0.266161429792999,0.200653358962014,0.0219364999862114,0.34511010793855,0.209044075690277,0.550988302134668,0.0663690570982391,0.275439897406444,0.18706831840081,0.203554727308737,0.220326392118876,0.0725789210383413,0.0381405251154378,0.0926280657401834,0.123604204660252,0.00720335615761373,0.265968328329345,0.280354676005257
0.195164423710599,0.0915824262427295,0.267282331542467,0.325547179836416,0.128210275917706,0.243880276605861,0.242757723484746,0.159504862279823,0.0544245318909729,0.232608912468991,0.153334323542761,0.196172683532213,0.431982939388474,0.147496465753109,0.254092061060789,0.221462609386536,0.203555979736864,0.447581180405142,0.0150109269187874,0.146630473011409,0,0.468207882703056,0.422983199366126,0.12766797826181,0.0851588416414333,0.205400463349827,0.295362917137722,0.370048060272028,0.145846300186873,0,0.0645204412399619,0.00372506722058335,0.123799403552779,0.247881135764791
0.140141714521174,0.17591365095226,0.0282865662402229,0.0516792929391878,0.0656124357309286,0.0696868824503992,0.087544262522349,0.229163885749435,0.201350928017639,0.147432873019687,0,0.134946827785241,0.0701565699398224,0.0970171618619465,0.0317595907034149,0.0575283751103161,0.129254589625492,0.162403907840184,0.0181707924369806,0.162938655227619,0.126896310725047,0.0929074562564216,0.0268587435769338,0.0405335268108274,0.01081486450522,0.0550857608524403,0.0092237934621615,0.117487197467571,0,0.0249902191293972,0.0567650843813547,0.0163480390191359,0.219493078000741,0.202054013795852
0.110982337335858,0.098402581312224,0.281555670207277,0.154319407731558,0.119374401370514,0.184970870492375,0.2029454029916,0.363141694789264,0.00810519095314303,0.159662321464103,0.0969136471431031,0.165318915229521,0.18788271288171,0.361118262382019,0.11210091451324,0.0763491674910245,0,0.161651301361513,0.0325736099660223,0.695073490241846,0.252616759989819,0.369908304280651,0.187139930123687,0.161382751065077,0.107647792881917,0.134486574278813,0.12241412750803,0.233885484857166,0.061453897920435,0.0994979430992074,0.0605101128581583,0.0166403908278065,0.458835124143155,0.17594100075987
0.539566002289151,0.0268949536240567,0.104656794913215,0.191206409188405,0.140762760184176,0.315128698299609,0.256018237631596,0.0825502234075972,0.0104443946825414,0.214920430099865,0.0900593505545124,0.0768131742548192,0.167251584775195,0.105745595021778,0.575941741301665,0.236497391379599,0.438373001022356,0.5633183148609,0.0249414913446262,0.0861216882233619,0.0782499497122308,0.292183908097797,0.0745303354937899,0.0562382477665839,0.100034183898616,0.155263794664712,0.255951274860231,0.0543357577260593,0.171322375639917,0.046230435037663,0.0931245788627325,0.0111416406805497,0.136992744787802,0.287333416310859
0.385498084710801,0.160893101464669,0.0652173651947685,0.278019157661615,0.0659221321385747,0.226127301894268,0.151796871753597,0.193213544171536,0.0057906266818697,0.111934056967849,0.0748276459778845,0.167532632304037,0.218300375148431,0.470413132815979,0.138977641858127,0.0392998253630593,0.364231811368013,0.405639130611456,0.0254255866195437,0.0357780381640126,0.0162539819702953,0.228486964276134,0.082566901670321,0.171331459204507,0.149608118436483,0.0889134464944708,0.0708875924594905,0.270877071459011,0.0474489471102173,0.230469143759623,0.0877879987839574,0.0121926464411837,0.594576821218836,0.246092559862475
0.617101376235323,0.0804946642655991,0.361419726131848,0.11005146378296,0.153196464689646,0.428707993476553,0.336563013151405,0.107645235041925,0.0296523630044823,0.00435336453951277,0,0,0,0.0933110344365595,0.422019780868924,0.190566852387236,0.366998339978299,0,0.0437392478830588,0.198273920702744,0,0.158277906692088,0,0.258949276573816,0,0.0728784926401106,0.144042421613412,0.250189917889909,0,0,0.0743137623291037,0.0320672296459948,0.184446186026014,0.443536044624501
0.714381413413581,0.0269616652954545,0.0749403039902517,0.0342287838262504,0.0631055274286392,0.112825155510484,0.106871652977776,0.148717298914209,0.0341173077687651,0.218770188230615,0,0.220010659943703,0.324039038145118,0.179132605416434,0.259232007626004,0.262485889891956,0.399509624571666,0.161347402017704,0.0345773590546836,0.154170315846871,0.140078761935648,0.246141737714807,0.071157322061282,0.0536930778853454,0.100282346801063,0.115035313002977,0.166984665273426,0.155630406246125,0,0.0993108901069734,0.0197807163077609,0.0175926877539234,0.21755888427985,0.279976934906674
0.825931168933768,0.140022710010987,0.355351897189548,0.270509379386118,0.124812334704826,0.162119457000654,0.507750614486552,0.324527606906839,0.0440983745586976,0.290231514216893,0.101929166165902,0.108671483265368,0.243963475076818,0.200830223333795,0.160700191355539,0.455035349615463,0.721674050348416,0.0850085764138153,0.0800056788032849,0.0487363400177985,0.132845020279313,0.0778102806144186,0.14058903755972,0.212168134630439,0.362299928909824,0.294676125405786,0.14162414272974,0.368984092506047,0.581708029525104,0.156970657085026,0.226835284892322,0.00429670588653897,0.334047743738343,0.169510185038181
0.643108766266068,0.0548425759759957,0.0820806622332253,0,0.0919556949924414,0.157277642691942,0.470685777672707,0.212453952673254,0.0673468369692105,0.221090783822861,0.141264005286892,0.18073018410598,0.375756279017209,0.253605950386321,0.255415018235364,0.48225129279491,0.250043120840799,0.117813697881201,0.0326438129417713,0.0675438724057876,0.184110706984458,0.593107965972633,0.155874633836046,0.294045182666095,0.313821112398246,0.347774268896223,0.294416698153216,0.170458967046217,0.268730877401911,0.145031097938916,0.212568147441618,0.0163395532796892,0.266541711040677,0.281090012065149
0.175125077543819,0.182967177822398,0.156479983199157,0.214414874733845,0.324469439735255,0.406920791898782,0.48741386964316,0.157321285463728,0.18861076089692,0.445707894483775,0.0673269572114364,0.114848898603661,0.361803522130945,0.29623719672748,0.487812470958523,0.43316506017379,0.178757053524201,0.112300904679286,0.0375618211986466,0.386300251558705,0.175495719381933,0.513958925150704,0.241443833518392,0.0560571699441793,0.224352383711933,0.150050076070184,0.344421920009369,0.568690058279494,0.384234365813195,0.311050481418923,0.0551137318759955,0.0104194964788919,0.350387031144878,0.457242757674883
0.601727832755346,0.0483469403390777,0.361794793969197,0.0660993399125265,0.119670473154648,0.138649448905523,0.463266986572666,0.231719493279228,0.00471107305825887,0.388283711611105,0.124532517306272,0.106216170183829,0.167142349706032,0.421200829031241,0.224133739701873,0.261620149416516,0.330641460400956,0.207719634384955,0.0353624233353279,0.178631812624698,0.0541014294041823,0.332728685896063,0.377884621728941,0.155530851825481,0,0.309930061832536,0.180895373025159,0.450809128601135,0.315869369015118,0,0.102275034044756,0.0243394241423069,0.371182722690198,0.333403348929443
0.106884383374412,0.079622359558219,0,0.0764953845599247,0.0924104682397224,0.0458445716127871,0.147991433402139,0.091876980791181,0.00152730216989476,0.153703204881533,0.360297051016554,0.0153651786296148,0.199431795012528,0.159167589682301,0.0886071837917963,0.0473073722595644,0.127548049683571,0.300486509849023,0.0410099187798368,0.0344543793762807,0.1252209069861,0.13752126259582,0.119268461420222,0.209991144028292,0.304154698311515,0.054419282697534,0.150183175254071,0.260855606817945,0.0456935066491404,0.295923897020203,0.11430921617174,0.00787835385682452,0.119572856282623,0.0690751048185882
0.145263458891841,0.116082435272835,0.0921863898416668,0.29474085120956,0.0990827604936536,0.3406659329887,0.198680646282064,0.319354801721286,0.134982151335038,0.280536106859832,0.079328177354186,0.10149078651558,0.219224304110373,0.27627673032188,0.114901133993963,0.0208317420649374,0.0702070009429091,0.066159428945058,0.0375772039187842,0.189649736588372,0.206778303803808,0.575295061487392,0.0875329080193215,0.132099160329967,0.211475136576516,0.194127342433334,0.135272090409725,0.191445784678009,0.100605556741453,0.244330770929661,0.0672004287623163,0.0123428657761397,0.329779361605071,0.177361262096503
0.0701073873692039,0.0196338136832349,0.152802739882562,0.069792162176353,0.0268547798302384,0.313704207044473,0.140944224662073,0.44432534791724,0.203172679198625,0.29346742661973,0,0.0841125596867122,0.521462554279755,0.287883948842141,0.196168717985366,0.224441657683835,0.116371127748496,0.328986062250111,0.0177094716607991,0,0.11424778220675,0.351317029868396,0.0725446334931078,0.218959720818073,0.146053609615679,0.0921289041404237,0.431829096853869,0.634658910320274,0,0,0.196981895741177,0.00765724237168559,0.266182853962886,0.192109130877044
0.0489781765295291,0.0753045403231621,0,0.0787307324282959,0.0634890926167019,0.188736872183542,0.211028492046246,0.357997228618725,0.0729329176829112,0.399493779012984,0,0.031628424459691,0.34719397668117,0.278741032441899,0.422691258158834,0.0973795773958182,0,0.494827677497288,0.0279677214525545,0.425535051120055,0.257760095526236,0.339695694101746,0.122753642537635,0.370504156061792,0.197711115421727,0.279110223905593,0.13115180346127,0.178985674561265,0,0.0761428460340142,0.0993471193622314,0.0273633998176953,0.226862325014894,0.20454911860108
0.0574553908661152,0.0450535354769582,0.0547868418790521,0.400378357155676,0.0219456760461132,0.269945366791704,0.142062285488396,0.168652517088511,0.112287827484549,0.267913918024038,0,0.201054534773423,0.210707309595962,0.20292823937044,0.373257948431845,0.136184322812132,0.417243266354036,0.314550843419188,0.0518160305508769,0,0.122889196545128,0.359894652938983,0.0520211240179524,0.0785070090516784,0.0418934796656971,0.0491845169007454,0.065505164229241,0.568885320950544,0.239161208417126,0,0.0268746449398808,0.00358712860189738,0.120875112298404,0.213981199697349
0.0413828563265547,0.0617948316188595,0.400772337769005,0.274576953911428,0.0722241656953963,0.438818969470518,0.492208197530478,0.306535771808205,0.612147709441318,0.244421959442254,0,0.110305546224519,0.485138843288441,0.229710418266393,0.206232044124336,0.452820924360671,0.457828340375533,0.431433387800436,0.0381259930238828,0.329794069754488,0.149824967774776,0.26326767945676,0.285405990406038,0.358930664773197,0.114921137267016,0.201900122222438,0.631644783981136,0.624220552750139,0,0.0885171442252846,0.132027309360085,0.00818319032796612,0.40872332699953,0.428103055494824
0.612553792921321,0.0435244933863645,0.16936766410805,0.309432205654512,0.128712502976756,0.417254200816727,0.418179798095616,0.234222627610621,0.0140325823438125,0.302963111486765,0.437232484735666,0.124307914331328,0.362377262080911,0.386374143495424,0.172963170729688,0.363590799461255,0.386959369191753,0.121550132925179,0.0601558331358329,0.0696860111927175,0,0.222515516679388,0.241226992285845,0.182022303673778,0.194264124178801,0.276898804431117,0.276139772677682,0.879325175059398,0.277253423811075,0,0.183016538481336,0.00741525062659625,0.426093038812329,0.384637044374332
0.108705630373341,0.0638989168529008,0.0956350922802426,0.174723735798872,0.0619313701783116,0.209427924687669,0.200902395070789,0.0782965760080261,0.0853433281665167,0.139968408357828,0.164591705450689,0.175479044206654,0.335678586062009,0.181701673894241,0.264836771179691,0.108055220974547,0.291333547282394,0.137268920135302,0.0469130202884613,0.0786977626001374,0,0.188468200443894,0,0.205561191273254,0.255950415700741,0.0828153327721292,0.197504829284468,0.595823017905729,0.417476509866044,0.337961101163079,0.125443584291182,0.00214160300008062,0.109810282919417,0.140819101014919
0.01688945289218,0.0160579799116827,0.104144465287266,0,0.105877890075628,0.0285078132382533,0.349417255807331,0.263609677532383,0.0363293572402811,0.340673178758276,0,0.305748719374306,0.22775409248236,0.156468904082283,0.0657746556198383,0.164737784428644,0,0,0.0396511181413247,0.0857000940750774,0,0.273650453519391,0.197774599648118,0.0746172164810568,0.756538088807158,0.318747677769581,0.101879327380169,0,0,0.276024429666483,0.122692048816868,0.0413493316831164,0.184671438746064,0.148949899581859
0.0566754632084004,0.0917195004291417,0,0.20377150299794,0.0834043649727922,0.244245252588178,0.364541625157165,0.173631691715231,0.0344748530871539,0.546040109735304,0.7678194141484,0.163721875583408,0.310416852753926,0.161420974347471,0.549563170177612,0.100815476426339,0,0.320179384345243,0.085551981934039,0.550686954202536,0,0.732669716428091,0,0,0.341145205867298,0.180616776907534,0.290955726492602,0,0,0,0.180628988033153,0.0128137414974984,0.241552956497591,0.226331289995281
0.377012992108758,0.0361535106723859,0.234474705140231,0.214190901090324,0.0977312946972312,0.032091773119169,0.339222013918353,0.167064592458103,0.124707224302609,0.304933933474867,0.20177003380197,0.0860467129688951,0.102685546282082,0.386723665268473,0.431408225251754,0.317911386854284,0,0,0.0231569980504972,0.289422547323802,0.175312399937602,0.308053254659287,0.111319218234409,0.0839979819595841,0.268941674764378,0.138548087314424,0.165659600624982,0,0,0.103575213265422,0.122778491233368,0.020417138691792,0.434972775013762,0.331695717935744
0.137706223020443,0.0384062751899391,0.160126171036081,0.0975159927996157,0.191241670723097,0.073053106048466,0.745858342038441,0.438023186962708,0.00291240602919691,0.0582184981050316,0.367444276358199,0.11752509226707,0.221902789197165,0.418349455159418,0.363418366267199,0.398028070478541,0.243896702327166,0.383059212349051,0.0141698251357147,0.0439224577385752,0.199538917601951,0.245436290658163,0.101361953552152,0.344180505454216,0.816284996758401,0.191412753768769,0.0116032068164618,0.665076059798837,0.0582501020496055,0.330087291901651,0.380496816388749,0.02591873845199,0.789560603388426,0.234403010413094
0.450380313541925,0.156892253057996,0.0859883337774324,0,0.126266177683198,0.200072121621213,0.142718180906999,0.14590818072907,0.00144924465078789,0.266794031918371,0,0.0631114631544052,0.0762670898411253,0.31005326139518,0.168076044120655,0.174880429023278,0.654867585044752,0,0.0239511601473771,0.283038205663678,0.128583901550916,0.225943455132936,0.408238647216991,0.338848482732576,0.263009118527076,0.117840417513749,0.172909495162137,0.178574126413338,0.187683080737154,0,0.0804592778772022,0.0188291808942194,0.271734825714058,0.156637214983887
0.101291873457357,0.128010649669562,0.0452845514087435,0.124101303796189,0.210888827226482,0.347085067254962,0.204644749583236,0.12286814491398,0.116336105354972,0.323658216439139,0.155872940972199,0.0997102044247267,0.330935466004685,0.216433624745554,0.452722545510199,0.358159963591521,0.344876564633175,0.389992501025106,0.048560623771509,0.260851566527232,0.135433685826649,0.684191786923656,0.0859971800864807,0.129781536307025,0.277019924994846,0.13332932347842,0.231342401210874,0.376174248416876,0.24710141671067,0.120022082560704,0.222781611388253,0.0106328636422652,0.1259744322549,0.306982915499804
0.0329031171382128,0.198649244300063,0.124678657284595,0.227786054231715,0.0819404887544205,0.238900897678413,0.218773271826158,0.365607973868308,0.0334759767128621,0.581076664525949,0,0.183016499615757,0.0981032940016356,0.208214089941852,0.437054793197079,0.253567316798514,0.569713855327227,0.357912649871754,0.0246614236650725,0.205195208962307,0.0932199258614603,0.327605938784463,0.0591924431726495,0.357317928892595,0.286011910638526,0.203484518266824,0.0406556003101783,0.258923290275776,0.136065266808225,0.110149352870922,0.221420638984424,0.0102735949441696,0.259932836418949,0.23471375824891
0.143896945412743,0.168240406605918,0.225750689011284,0.128888446549215,0.102456860647973,0.131315408946876,0.187760881615697,0.18713331888092,0.0286362968712442,0.148809059189614,0.145697210296564,0.113912108040072,0.233606660658521,0.39147483793581,0.182993249648895,0.0892741699162144,0.171926451003226,0.12151072944462,0.0482073951433712,0.0464422804996046,0.105493476957939,0.407813431964427,0.0937802489242858,0.2426180976527,0.183412458354978,0.0895758627032233,0.13802533271616,0.234411055002786,0.123183985140079,0.22437339900298,0.0688265275915247,0.0126016284342451,0.367354899190073,0.172222641143122
0.210705087134483,0.140473430465292,0.160772674060387,0.0934592329568831,0.0375720825959197,0.268053747609645,0.16490408100284,0.200400570281743,0.0336089254833352,0.155469345577377,0.0251540755041578,0.107272279077704,0.245972085886494,0.266997619067415,0.111490993653278,0.115596883256744,0.534286556542137,0.272720354729834,0.0607018503239571,0.120271943756573,0.273197029532262,0.326436017000158,0.0485725990067173,0.125661862183181,0.134113188916912,0.178030212708668,0.320906074100377,0.182116647354191,0.0478515281226243,0.18077459038199,0.0780849118801595,0.00855587102402135,0.237543287415554,0.222361203472099
0.0732552979528305,0.137088816242,0.213382543972243,0.0974616059176689,0.220595940177441,0.379664398689975,0.172449114572049,0.116957164096456,0.0577482962893088,0.338176110215839,0.183619672173747,0.117459545891435,0.326438361523173,0.238494159517787,0.31553105225917,0.337532511309605,0.325014321345914,0.306276605045369,0.0249466977552345,0.26338748497912,0.239313207620752,0.770941261811363,0.151958213993949,0.458651561522696,0.163165960367801,0.110319299871255,0.185547879012577,0.664705131987589,0.116435042149296,0.0942580339942286,0.0951815267202852,0.00523466798630601,0.159979171688816,0.225855540828179
0.104780707949039,0.13255028851894,0,0.0872547398481086,0.0440054317266022,0.313756433693854,0.131759891819692,0.113232729636258,0.0613211429757766,0.117782631964055,0.493168883761323,0.105158235310229,0.26165605771158,0.247722907178715,0.0596061615318012,0.194260701678991,0,0,0.0345658772006407,0.157202235719698,0.071416842502812,0.250982486338514,0.090695922692435,0.136872583170408,0.146077881430087,0.177189612266871,0.14535129850778,0.198364069388087,0,0.0843866685483126,0.0286973705272648,0.00590219742352601,0.169768800142805,0.261011765831642
0.145408527876841,0.0677068613849107,0.11455165409892,0,0.16247476170219,0.219496396079394,0.0850472653619494,0.047927368489979,0.0241696396387,0.196826933596951,0.0985740688955434,0,0.412438104763048,0.108592023925276,0.237032802185483,0.414171693523917,0.261719721852283,0,0.0278775158950439,0.565585210375621,0.128472293491736,0.188122859369991,0.35349975802897,0.0410369305329908,0.0218984245558865,0.139951319975056,0.255248207877618,0.118946322719311,0.437547139427848,0,0.0203992950680413,0.00151010105364117,0.0521760221755682,0.137537674250105
0.0974465354329809,0.0142837669171627,0.238211485757631,0.217604422421501,0.0706722173760699,0.630328691611592,0.460050674093102,0.176797004675594,0.0178994676435577,0.501627672969385,0.409971212072444,0.145696685248634,0.331412784018629,0.136355159472437,0.296480916739944,0.466523499683659,0.0604721444595208,0.284928784365684,0.0600196213249217,0.098011603298826,0.0296844083284756,0.391203247648773,0.0376977912578119,0.113782148996684,0.0607172557315758,0.284529612178609,0.163984261325553,0,0.173311125841207,0.175376428988606,0.0847953266374661,0.00979782000688817,0.217385485868507,0.420307630556736
0.372580599761562,0.0183738581677943,0.158885667621608,0.181426017775263,0.0687485149005632,0.184842276458199,0.322936134074957,0.243062157395539,0.0342751666351439,0.309007072230062,0.0683619524528206,0.102037761890355,0.275004373244812,0.188503385293976,0.27532924408888,0.305184431916601,0.302508901186895,0.228054785614282,0.100202471348462,0.130746426368356,0.0890968419280946,0.443581479980362,0.150865128907714,0.0853785005920372,0.136680950082783,0.185760892240303,0.202922281249918,0.082490283187884,0.0433489871810716,0.105277486444342,0.0905806241454735,0.019976228413913,0.321749833248763,0.31924414443217
0.605488800864575,0.102662621978742,0,0.202740973462493,0.0740369769433887,0.334138916875652,0.178648325337977,0.0984940439117058,0.0949884828959475,0.334554208841466,0,0.0407235035387802,0.160547598941124,0.0661773535698184,0.183064191364127,0.401222613673171,0.338049359511778,0.265466912774239,0.0443252103184121,0.030439069268088,0.0829704574750203,0.267287003228443,0.0526842737077236,0.0530051542640447,0.0707125201037863,0.078058287546011,0.148762793081339,0.0768184014400978,0.121104981893217,0.0980385053283576,0.088822234714407,0.0100749502176056,0.192961686630413,0.251525516479367
0.595087008470711,0.0201701173194187,0.156976699296653,0.358492621330159,0.0470725040625502,0.236333619703199,0.279266808230684,0.219937991037925,0.103510839782341,0.246975790011877,0.135081495909185,0,0.243625653355226,0.198523563507179,0.356099469301989,0.407935756620885,0.478199148245792,0.337972518535028,0.042731793239654,0.0645877717083218,0.0586842872273171,0.10311812332824,0.0372631312965517,0.0562351744837868,0,0.160609470906229,0.0853124292485115,0.488996164585053,0.171313013290791,0,0.0553289953019488,0.0248862185553001,0.278163336256068,0.393112404545346
0.0438612780069046,0.0226719769568628,0.14703980368819,0,0.0406006328293918,0.140873966010972,0.138149834967352,0.235783923255467,0.112374984451288,0.0695777097457579,0.25306120882129,0.053960219457577,0.28135180793215,0.246028743547121,0.135873136706495,0.132908784863899,0.111982210170455,0.316578398765686,0.0359385311170464,0.120998508889551,0.384786359083408,0.144885908957092,0.104712973320953,0.26337701656524,0.140545154135533,0.149592873009949,0.175806469059197,0.4580420427611,0.0802343957727121,0.0649524083527498,0.146596772223316,0.00590602056971411,0.0893520189332166,0.126652797377349
0.0603194571808323,0.0344892639095025,0.111840562196834,0.102165522635209,0.0195222611488021,0.520446545366829,0.0647096080665702,0.189956277162794,0.116573939407625,0.503768683768646,0.192481948117948,0,0.283815712188923,0.0935966496837153,0.191232272622295,0.151638501765329,0.170350318937419,0.321058574505209,0.028232608235277,0.18406636733388,0.167242239263048,0.293872743166778,0.424779592942901,0.160262600951193,0.0855204916761124,0.0781399127636778,0.0972515879105078,0,0.488218981601111,0.296422149196438,0.00346171147409822,0.00256730182097782,0.142594941521275,0.121848553499306
0.0496493601631213,0.137429614556982,0.106956444603973,0.488519744240594,0.107347978140385,0.146387775732756,0.260644004224643,0.213934828491046,0.260501338648059,0.482828119946646,0.184076192186066,0.039250504584311,0.162770773809986,0.153854290762528,0.258978972973752,0.169185827089035,0,0.614075908342579,0.0151810828870502,0.0880140614214387,0.239908194032792,0.351298996391952,0.0507786449345375,0.0766319377515175,0.0817857810332039,0.13434260345534,0.174383569205819,0,0,0,0.157245347840393,0.01578460214543,0.167350341844004,0.217393337193998
0.199814785960926,0.167452953148001,0.0335883028248991,0.214778498843691,0.166740102877723,0.11033081637204,0.254384712234931,0.0950353761253138,0.0186286595419557,0.218261449979926,0.462453886606453,0.0986088867914608,0.171933438262168,0.0787421297338745,0.00932041639995792,0.0986711122149937,0.255800667771954,0.1446319530212,0.02167869278666,0.0276396897710896,0.125566763684431,0.0661925515430569,0.0956782206441814,0.0721958384308851,0.20547015849298,0.129225856509048,0.193495525428761,0.139507339453464,0.256590719290559,0.148370615339164,0.108595565746905,0.00602620910826415,0.140437116664052,0.125989096526504
0.111641529949511,0.0976951730415217,0.070925911405408,0.0647902931170815,0.0470646527712939,0.166967236043602,0.0731009263940539,0.0813203585986988,0.108282611474806,0.0953415559699968,0.170892921843242,0.15096331449321,0.131040085348949,0.0724374238051219,0.0775223644294007,0.0416713160782844,0.0216061546245403,0.0814423151515002,0.02552624599363,0.0583646693373277,0.16969607714349,0.214319977890958,0.0202037053132537,0.0711436693324731,0.0108468770604392,0.025771108093409,0.0262114613028755,0.0883763125000891,0.0619227643646523,0,0.0754110704929233,0.00987660070598445,0.188424932137177,0.201107581893175
0.617655087804635,0.0614746773253899,0.17719810599321,0.0809345766561158,0.0831791410211085,0.109136366599517,0.15000613935591,0.115973291626442,0.044945319994745,0.224124773480721,0.152482408772035,0.130055154032409,0.235474742680688,0.112039915552933,0.141767218548023,0.480506513040543,0.202424907015787,0.254339616136218,0.010853499252694,0.109361747969437,0.0662438731024064,0.17460248582456,0.0841265782591983,0.0317396354152325,0.389554290112076,0.0931134285821077,0.0722267001710904,0.459990037327952,0.0966905968310321,0,0.179267569538872,0.0150482718516684,0.171317295535936,0.260506506001797
0.0908633635858226,0.0497633794776451,0.0387290999624417,0.0707573334127455,0.0601464030039267,0.243832840530435,0.192606581048488,0.112887923754079,0.0469873565526226,0.212972416289924,0.133308272963532,0.0568505564673211,0.195366749733365,0.062959265700497,0.0674623814149268,0.315063349218748,0.117980449794797,0,0.0378928145746953,0.159349880927185,0,0.152646840963222,0.0183870286910601,0.194239463311396,0.0296146967541827,0.119351133717851,0.0715636922849686,0,0.0845320885153936,0,0.0824064131351234,0.0164158167643487,0.16443541720438,0.573939299259552
0.0412224805741744,0.121652696692992,0.189355725763986,0,0.0613699926249896,0.336914396952218,0.263909329835528,0.264414791371102,0.0587758392409059,0.564379764335482,0,0.138978213228468,0.173751846714676,0.10583673302899,0.85445544949229,0.256737045899172,0.14420889721455,0.271789940045142,0.027296684186559,0.0779100620799501,0,0.684133741671352,0.224746325490094,0.203503812837569,0.217190361675618,0.143216641814463,0.144073379760608,0.589859667426338,0.206649140349103,0.0836446714680977,0.151411847780753,0.0207693943448317,0.186928024745042,0.285797915264016
0.185994989482076,0.111118575449992,0.150836464760867,0.275575979806323,0.106605605716,0.302785690574386,0.172430613236842,0.489433546349232,0.116700731485812,0.285578599408955,0.0865318032924365,0.0738045893166963,0.133431057832983,0.370518465985088,0.0991609370931318,0.136340535288084,0.536076202104506,0.360836141857455,0.0142402236277919,0.124122767199411,0.112777634668593,0.52845107765801,0.190962917624036,0.144094674812259,0.0961160570581813,0.112638615522059,0.185810855418366,0.104415288069451,0,0.0444196286801047,0.00183199435566708,0.00821431184217639,0.539583202435003,0.269214568698653
0.112968759225061,0.131937599357621,0.228182796328041,0.364775638438517,0.0425428617400618,0.390382697348633,0.179011262838636,0.121736274965722,0.11688372776208,0.350291053949431,0.0981777882638922,0.146540980494444,0.13388594126592,0.122390074284297,0.511374965763645,0.244926196293286,0,0.327520006501574,0.0602657543075913,0.0938853176378698,0.2132600380545,0.786940562112477,0.0812490739242064,0.204359906493527,0.0218103900290337,0.106253335668426,0.148813146694248,0.236936285932964,0.311277698509889,0.201591739109279,0.0532252822953316,0.0112428701098274,0.122676246094763,0.400410359073235
0.494304752606925,0.13386855171069,0.179629355423788,0.136741786914704,0.0502767690320902,0.335998739797252,0.10754782776644,0.171112920060682,0.00514800642576824,0.226853373111789,0,0.153812724371194,0.178118806493777,0.142394457000858,0.167914224626682,0.0541221366764949,0.319203461375226,0.257829286883197,0.00660791264355688,0.0246360079524008,0.0895369881936633,0.196664415487691,0.0142134458996195,0.0643502391751604,0.137356165719814,0.141298297022637,0.12040237012591,0.186520390696375,0.0653448902170942,0.0793482127874822,0.0564962901011463,0.0082801999863996,0.293416493775444,0.206351197140024
0.042274137423015,0,0.0596428208052497,0.0544832736827834,0.0112155991959875,0,0.0235783327416024,0.074376146982273,0.239122465048115,0.00918974972838616,0,0,0.115302152284193,0.136574435038367,0.225864128672875,0.0673886430699625,0,0.171215511180122,0.57167093914518,0,0.178375207308763,0.0783588364259994,0,0.0854655359608508,0.0228033696363144,0.119840156331782,0.058345551855083,0.123861739776146,0,0.105384806961767,0.20267909038489,0.167661662528123,0.136670101483625,0.146689120784597
0.163236987413876,0.10928961743815,0,0.323742381722246,0.0416840525367203,0.194022519079165,0.218033166562705,0.168506815797124,0.0296880958925496,0.259900014555193,0.36596221041911,0.260113393340904,0.229432956725855,0.263590671455335,0.295397805744837,0.224239073869774,0.107961257100565,0.508685389066273,0.0359312843989496,0.0583269715350531,0.0529957399075526,0.325928487347487,0.134604154374992,0.203136125283725,0.0270997431845237,0.124396360561799,0.154085449708117,0.147198479516661,0,0.0626201576732427,0.0589733560333895,0.00754257728218185,0.199375505218469,0.250921350416171
0.0385843564675525,0.0712810020115972,0.173360609538425,0.950182243074881,0.00493264939641363,0.450818699695451,0.504198561558833,0.333252075446519,0.0382802795016194,0.46733440820207,0,0.445335109780734,0.122628427229862,0.15511912237489,0.239225217096064,0.235050225664799,0,0,0.0743319967847655,0.49930259065792,0,0.341642295174647,0.123457113944203,0.124209059939341,0.066281339586365,0.128506578907091,0.197855047986993,0.540033836027816,0,0,0.0248679566066008,0.0110142700807551,0.192921552204177,0.181024087029113
0.0966724890540208,0.0871826834878728,0.424069437993617,0,0.247019816799707,0.0967349796250314,0.72870775288714,0.225835281931272,0.0841118916415081,0.249056400753217,0.121640141160949,0.129686306128019,0.348210511779342,0.383849735343024,0.319800375595437,0.271514769387504,0.107653923107962,0.304342140421691,0.0371264189498966,0,0.211379249829637,0.139285838265865,0.134220812962381,0.708951636855004,0.999835017261524,0.221650138467296,0.122917290647395,0.293558541031529,0.154266235249619,0.124883641366966,0.426287579991763,0.035369346248909,0.411897671516288,0.255983487611772
0.577719137375355,0.0652583269922707,0.211617357370847,0.0644370134862226,0.128244342459603,0.231707005491125,0.299166260210026,0.125768921646659,0.0945275771480311,0.214538034536913,0,0.310634537399056,0.119522158740467,0.178765548805457,0.155230870350258,0.191280296360928,0.966977276100914,0.101247735839066,0.055202836916693,0.232185564678487,0.105481674726393,0.278023346138604,0.267913370705727,0.151619177481344,0.161816316287719,0.211562403473907,0.115008155420343,0,0.0769813539454812,0.124637925888513,0.160516107818179,0.0190855514098676,0.159826011542866,0.251817339752691
0.202261929799371,0.0353352102314487,0.171875780140244,0.392517963736332,0.0562562991820348,0.352860808652641,0.362625679416486,0.114267113372865,0.0134327214068941,0.226436289496066,0.147902444094754,0.189223067664827,0.301569863813512,0.382893413823736,0.221739479815963,0.621431452189793,0,0.123350133171451,0.0436803470124703,0.141435941762402,0.064254170806,0.451621141906779,0.0407998753366558,0.1231452123663,0.16428403821853,0.228429801686541,0.26154697861538,0.178469368702957,0,0.227769456732324,0.223153502128508,0.0176891565605531,0.393518299352249,0.483720844934119
0.0299679051569564,0.014668472358634,0.285398485556371,0.202774044448345,0.0351506035076934,0.156246213333088,0.0967611175468615,0.170885321438039,0.162383310487565,0.0994083169974577,0.436606172351364,0.139646081053981,0.186077667406036,0.235823192864937,0.201045968575243,0.229307391335399,0.289803933456964,0.0910321372324719,0.0524921133995334,0.0260947858291843,0.0237096568937348,0.458280904757547,0.0301102216529574,0.13632123623661,0.363723503624602,0.0758195406556971,0.175786961696566,0.197564846448001,0.242249285652762,0.0560311629678731,0.0560128023994511,0.00920893830936268,0.130251858968236,0.182632429007031
0.868018695277762,0.017465344851986,0,0,0.193435107908046,0.0465095220641625,0.295235495830249,0.24703177035624,0.0770865784247367,0.0526224559884666,0.584836684837896,0.124704529720496,0.214034607409024,0.342064480750669,0.477267642879467,0.268763816894629,0.776388125199924,0.487752043747714,0.018191564470098,0,0.127037167792839,0.334838264512327,0.403327787943285,0,0.519690575037987,0.0995978661601853,0.166212501944209,0,0.185425443868972,0.150108055693285,0.330891211153173,0.030872162373546,0.4689320345105,0.194245404361186
0.378191096289292,0.0472720314479084,0.250841629235663,0.0381904058092086,0.102547132794248,0.205991157539809,0.188764171937506,0.116494550264506,0.0494473927096271,0.222511411520031,0.215854237235083,0.0306843299772036,0.280986120167046,0.0818067211797958,0.320134841399414,0.321207822922283,0.382070249860445,0.300036078811887,0.0424843799403842,0,0.0625165487811887,0.164778073276326,0.178634410162115,0,0,0.140599270621965,0.163590514722091,0,0.0912501357540623,0.0369350836683184,0.0416551085869661,0.0089641961074961,0.128795728441674,0.38530777175797
0.22627233851297,0.0801756916461502,0,0.0838235075150289,0.0704684138692158,0.100472754502999,0.173817819477288,0.250422860491442,0.053552538230427,0.235664130931214,0.157925213990065,0.033674340293989,0.414190862052857,0.243335996247609,0.106129818124826,0.331771686762076,0.419300522467787,0.26341817805694,0.0618560494320779,0.0755102510490084,0,0.241112877389943,0.174258811496626,0.131490158610896,0.59641745395358,0.18221478105683,0.299218903566863,0.190563539470852,0.300425612391256,0,0.0668321315284811,0.010476423384791,0.19410333362702,0.209671652970676
0.133636090053816,0.0573527514238996,0,0,0.0918370285317435,0.0339395726394729,0.102003883176269,0.100913905137439,0.066428088411476,0.288067056612543,0,0,0.357956585872722,0.181529415208954,0.0799631826913256,0.280180083634353,0,0.177964588584565,0.0792134277208379,0.204057921331887,0,0.0814476328131727,0.235457565547431,0.0888344685630215,0.237022402031905,0.119806332143277,0.431256520326635,0,0.135311223209638,0.328616637014574,0.041034076329199,0.00858611365405044,0.0996531806929554,0.121967609813744
0.128207361637749,0.0908089412299541,0.135910274714028,0.869070713134275,0.0837426586912346,0.0744063022912282,0.337455168815634,0.216301557696832,0.0493287203086753,0.137263219230329,0,0.049875880602334,0.199315705138205,0.24205858211408,0.209963615150549,0.24569752689557,0,0,0.0469157480565874,0.111840060790883,0.304852667099073,0.53567709166912,0.19357421717016,0.0973767195631906,0.0519628714710996,0.160435158398517,0.147726776820479,0,0.148322641530632,0.120072104835775,0.105093433521284,0.00676975075940974,0.212410672305892,0.281086719988149
0.0779863507316905,0.102904300771383,0.294436316449504,0.215172372717847,0.113305267336257,0.241791116697818,0.265692840400111,0.0432332552886548,0.191664226854082,0.354706162292142,0.506736327801449,0.17288193435477,0.263243807660548,0.149592747676439,0.486057667977437,0.439131027488821,0.0896942235844343,0.338092945422485,0.0211009704184899,0.24229055235187,0.0880578606967216,0.193415459287849,0.223658535174751,0.0421913784828899,0.0900580089804401,0.110116822976091,0.140815762098201,0.122292512032884,0.514122354668255,0,0.0553532576659839,0.0178053326547837,0.183734878333365,0.540943778529759
0.0678751349524621,0.0526159052899913,0,0.327308249016687,0.025514133425792,0.308250796127638,0.13294657202708,0.177826786349933,0.0182871665062412,0.356498107330065,0,0.112705072477228,0.126267394503972,0.199822574576469,0.604356612623577,0.231335672113386,0.0779645708718459,0.293879038702837,0.0897690515406742,0.126363033224471,0.0765420898365339,0.571613639980578,0.0972048252794845,0.0366738524116173,0.0587105014760215,0.106183486582836,0.0945823242407141,0.106299857900085,0.223444071198793,0.045221349325101,0.0982084487003787,0.00736081952641684,0.180146197018399,0.179605940136361
0.162099398969457,0.177999631882087,0.288605607247011,0,0.531059410927604,0.263336535190147,0.847604236645211,0.315193147124302,0.311792268970655,0.191626695852515,0.496701450971788,0.141215290250496,0.190614414539687,0.261384099443075,0.713576980655578,1,0.146530105141677,0.27616471147417,0.259370333673684,0,0.0719283152981552,0.379170410491516,0.274036732513795,0.344632523888013,0.110343210671674,0.2589565122543,0.156849042479427,0,0.314963280866729,0.509946323067196,0.459754301805122,0.138619368569469,0.355978297240653,0.545649675007692
0.0897489922386693,0.057327486527858,0.278849382467792,0.169817945006555,0.13649139363567,0.254434568556213,0.217727532044042,0.146348249300185,0.0226334881753166,0.207334875793617,0.479910609483746,0.068220743318567,0.34809792189045,0.115566007707783,0.074385624196615,0.357072292063127,0.283153654452057,0,0.0353303208156474,0.0764879936735464,0.138993726344223,0.122117630563497,0.0882577214254859,0.266385883354904,0.0710754165289351,0.199016670145074,0.141443727599636,0,0.101438618566662,0,0.0947135034875971,0.0100064727453717,0.127949921092062,0.172415932854012
0.124426076391074,0.0665703467123289,0.117748309578179,0.188233938824946,0.088030100506809,0.201447861741406,0.178025504558775,0.123006439307254,0.0710769421521108,0.154593171229485,0.151987205628012,0.0756190464796842,0.210950685290418,0.110560018616944,0.375443063676094,0.279384908238644,0,0.126756810337503,0.0286706720288807,0.0242237323619819,0.110047855483214,0.251384294735532,0.0419266840405749,0.0843640714063735,0.112547485016911,0.2039798474326,0.252772134236018,0.0611328940635872,0.0321255902961124,0.0260067323918939,0.127620877439597,0.0249540593998899,0.267151096741134,0.38644810950428
0.278807201960301,0.0297344545667856,0.16529459210858,0.0754977692758003,0.0354445334702728,0.135739973657479,0.309495204735728,0.132398948049949,0.0555917781374803,0.165341428083353,0.142239351729771,0.121318470697905,0.267071353134797,0.161672466926412,0.272011944462421,0.373523144609483,0.377653630408922,0.118627133482984,0.0905952593944295,0.204030530419373,0.061793918669283,0.217164307963087,0.0392376735493529,0,0.0315987535832906,0.230446555025423,0.0898330087701074,0.171635887853664,0,0,0.094746365484237,0.0235107490369196,0.300961130396125,0.405774529826237
0.195693656631741,0.113239618588078,0.0293767679961786,0.0536709186132442,0.101595751999278,0.168869375701796,0.106537967790325,0.131004232526356,0.0173299105246917,0.141654439038109,0,0.140147595830092,0.227012233439981,0.214544314460891,0.185607511663364,0.0862990375931197,0.313217243318622,0.210828322729282,0.0340100715821542,0.0483480667733971,0.0658933981395578,0.135083361999047,0.0697345763934839,0.126286844972798,0.134780204616643,0.0752631623121726,0.089406513668768,0.122014939732248,0.0641193587165343,0.155720251790911,0.0467122873458934,0.00792503950846369,0.223982945119527,0.25395876023238
0.0507410920035055,0.0188433972218032,0.0523754954078211,0.191378503702461,0.0232083815471576,0.129032230793697,0.179427012860856,0.268228055321613,0.00782596853477934,0.147446350897474,0,0.0384411548125427,0.370004909850438,0.24661939360622,0.187921475219626,0.142026064569219,0.0797759075238288,0.0751766691991612,0.111119847677644,0,0.0391601891230634,0.619298885486072,0.0497315836260595,0.150103557337131,0.200248307221344,0.158988821699773,0.0626221401479053,0.32630850931916,0.171476479906526,0.0462719686842368,0.0780893975674836,0.01338772047428,0.120931858152039,0.26833111920016
0.60915715556561,0.0942212189711803,0.442502323584715,0.346476411845055,0.0553494153756902,0.155735547542877,0.288997746682367,0.199705188984583,0.0773660025978559,0.130821308569949,0.217589662922277,0.139189649087624,0.295657005586785,0.231813417130506,0.126909545172513,0.485685563400514,0.192571141547165,0.453672465956008,0.0168824155184589,0.156057182624391,0.189057637993744,0.166102970248821,0.15005885748782,0,0.169182877560045,0.148306895390055,0.233616556864708,0.393838037453376,0.0689877802619211,0,0.0968767943523759,0.00502622595467107,0.2880063270091,0.516970514270038
0.0970097513980067,0.0717994306236008,0.291035827214174,0.0531718758693868,0.0203145976947585,0.127465947942805,0.128119995194619,0.129585092162812,0.0418533723542668,0.143962772963907,0.20035352248302,0.128164005720983,0.316757836987388,0.17719596650108,0.15778817656482,0.11837986143965,0.0886585393899734,0.334188553042626,0.0336887436503904,0.0957968927127607,0.130561288475275,0.305890702705968,0,0.333633244757225,0.267053721200426,0.164286819824044,0.1265358877659,0.120880420855193,0.127046141401431,0,0.062974911302968,0.0195066969346416,0.136376049684381,0.23431256089612
0,0.331018860152301,0.468399848394354,0.320909875294171,0.172849267062448,0,0.127106328847756,1,0.230461210979477,0.253064588874671,0.403067306582127,0.816485952391671,0.256645609727436,0.535715354267158,0.137836072190633,0.0793847066241301,0.535083638750844,0.336156510624779,0.0252814500903656,0.385444497328045,0.262660459034967,1,0.0555943612482072,0.41949781575645,0.089542200124521,0.104416013240587,0.598221323897191,0.243184335087847,0,0.931084614800439,0.173361877174397,0.0365420718347625,1,0.284265005509468
0.626219686112791,0.081350601905945,0.134135994519137,0.196051700452101,0.0538356336529171,0.146870026844122,0.237643841947799,0.122303873948681,0.0886399450395248,0.235496395675666,0.323194612473272,0.127984430059782,0.178023384926969,0.108718517785835,0.154357854793688,0.212178958935544,0.286033603940565,0.192530823988346,0.0379140407102522,0.110380012201663,0.040116426448493,0.281965125961579,0.0382094290420464,0.172989925533129,0.174367402717092,0.116984058008524,0.172042107556063,0.445702012060677,0.175663696929524,0.118504588634242,0.165555120782583,0.0103762914339651,0.200831370965483,0.245122324029992
0.134524809899604,0.216507601585517,0.0339717779468004,0.124131867029559,0.302186539766832,0.213881796438932,0.156727210831026,0.122264238081869,0.00621497874609181,0.115254162386721,0.0584667483048077,0.124668450879729,0.191337068475156,0.226802956663344,0.0338170231285941,0.0383837200312627,0.413953799547153,0.438849615385089,0.0144398552592623,0.0559105000521698,0.101600279969458,0.267793067661153,0.0322568846887689,0.14604018575413,0.246781573809374,0.0427807095391153,0.114468793628142,0.0705500421168754,0.0741486815939961,0.0300129102944478,0.0756319100495282,0.00542995041748976,0.244947956207855,0.110354232646968
0.0818972060786293,0.0727898410038205,0.386247810031057,0,0.082062988017444,0.281943828923532,0.361377649527471,0.0801736990755954,0.139599958589846,0.832809665450902,0.66474747149629,0.141743879898387,0.384564613804435,0.251124372328469,0.175427973609559,0.552786285436368,0.196104959785243,0.369598244574941,0.00892004774445663,0.211894687306613,0.0962634904637969,0.845755167605384,0.305625091283887,0.461230168720767,0.147674966818134,0.228134347780388,0.825665404345106,0.534753904897102,0.140507701468391,0.2274913025664,0.0988874727169221,0.0131576714130833,0.182705331601519,0.336108667764812
0.119802381731443,0.304590156295613,0.750933508845407,0.0556194422915215,0.0912063779414804,1,0.866318133276008,0.666587225383379,0.0720701704808759,0.328091723466771,0.174646662073906,0.849068860528835,0.630441900169511,0.660935855559557,0.452062661807992,0.0963114469664266,0.340044678417836,0.174785712790493,0.0725665127233118,0.283918527001439,0.318666024556852,0.546617438281554,0.240887312368593,0.203577940418635,0.0620770021344109,0.544595817101498,0.600034053961916,0.210740800919017,0.132894239159336,0.430329202655546,0.377197407490815,0.0910620474868312,0.55783683915534,0.175342224779256
0.0524889994665928,0.0272506463227786,0.0662756535848747,0.484338066977367,0.0365511664947929,0.126992855281645,0.19160740523695,0.264686763562555,0.00139035419599368,0.137601198227935,0.114062972004338,0.072964764572971,0.424941768144297,0.27058622883497,0.536284433032156,0.194695413587748,0.302843675714552,0.095128129036548,0.0591419233001113,0.0545379894307787,0,0.304755382654591,0.0629299812165966,0.0474850466352225,0.152035759073772,0.118834482261241,0.2305211710833,0,0.072328453676969,0.175656705311653,0.0830365158987504,0.00659327757647768,0.183355948541072,0.221172149301466
0.0495674668011667,0.0494483839849378,0.0874633832731755,0.239691452404033,0.0879411338055578,0.311241335401609,0.282452531131341,0.331518856443914,0.0352128844904001,0.65732897015867,0.301055754204428,0.0641940172718792,0.330162957831963,0.151637530702267,0.475986919488668,0.217409072048265,0.399660416845248,0,0.0910836528750762,0.143946587155836,0.261579015427056,0.63200234254859,0.124572355610172,0,0.300960527535422,0.204378813656769,0.256683024752717,0.181637398645134,0.286353627161298,0,0.0252072579610479,0.0162865858597038,0.26090907892191,0.308135937076398
0.455370953242629,0.0345439295606585,0.0960153074346647,0.0877092699854159,0.129370651051857,0.0525651832732696,0.283360644234581,0.241346421385274,0.0719908402572423,0.240123356959219,0,0.211412184384914,0.232791027816976,0.232272401088294,0.162943243867437,0.455636548585957,0.146246030269262,0.13781465834104,0.0276899842014923,0.158021280479979,0.143577738733487,0.31536267349895,0.0911684606300794,0.137585707710645,0.256968191918417,0.248602359831515,0.219162869320439,0.199397393742188,0,0.0848262582383276,0.167598562012558,0.0135014492140984,0.320414417745971,0.267215335991297
0.177437035806871,0.0264245415422264,0.385598561770979,0.117413754865628,0.0533855649908363,0.351837316617299,0.656519647449693,0.304998755675027,0.0323579080520492,0.448755953226109,0.884840316918201,0.707528168098434,0.490772734631222,0.682818363183049,0.221071100283613,0.174270622663937,0.195775150687738,0.368976900940881,0.0230782901144753,0.317307625785353,0.192203317555973,0.422166726703115,0,0.276272879975768,0.294853476632376,0.471073148966163,0.488978134969316,0.266927278195146,0,0.227108859536087,0.135830750903315,0.022419980527735,0.439558655129502,0.276872947374781
0.0792228878803101,0.0788150292850569,0.766735943835221,0.0824008281852571,0.230461784227969,0.419762395046509,0.303506817247903,0.169401989572279,0.245426037878378,0.326144061700568,0.465734865815303,0.148962796292757,0.287801430127829,0.317678064348141,0.241241642572145,0.621706656000742,0.137394759014608,0.453158250534718,0.0790339437316306,0.111343071038049,0.0674439804513994,0.35553134060413,0.149888773155153,0.226202710782945,0.36212379425662,0.308902155337694,0.411797198772565,0.187329234242516,0.442990596456538,0.0796923054069077,0.221832876127794,0.014439034971152,0.255107772653918,0.390778909675741
0.121518575400219,0.0468600681377932,0,0.265002511670845,0.0465613829298409,0.328982474577551,0.208392374378472,0.222938555013389,0.0268123756936927,0.176242431494356,0.285297250338034,0.136876195741249,0.0776196944356923,0.260135628270998,0.139472086904061,0.0749196818181783,0.252493691290322,0.178452699199986,0.0283989547886308,0.238720697547709,0.0929575827798258,0.408355225222341,0.0983764358909548,0.0593854122821165,0.063379348976146,0.0954318106876499,0.229733547329972,0.258194618446764,0,0.0366131221160453,0.065125538155467,0.00752204519558013,0.306955750593023,0.167526773895494
0.146063538545765,0.0611626977469745,0.158668965572856,0.0724715389685144,0.054576574349651,0.108582491710898,0.0992620347605515,0.106066548445985,0.24184180482784,0.0887762525436985,0,0.203797345214375,0.280668057207608,0.340173117842082,0.289123742532794,0.215130595413409,0.241677155048954,0.227743990661375,0.0854838981030075,0,0.17795084011363,0.416919323185596,0.0753296829825167,0.0568414717139969,0.0303321584681835,0.104300098525021,0.112101838130665,0.164756085567808,0.432899669321829,0.210268026928961,0.044603146905442,0.00744443521528416,0.250152349226745,0.206373348284653
0.224051986441944,0.195191269284391,0.949439277014707,0.371702520996549,0.81516958222612,0.148510375725655,0.424178219563651,0.112422786054296,0.0102503687837652,0.006071285404775,0,0.0995491404200446,0.106333931249345,0.224681596468012,0.500468497492503,0.306498183104285,0,0.194681268939837,0.124098543193648,0.223225771290681,0,0.0890982224853106,0.77272424026758,0.19435784616474,0.155571965634522,0.0582916723396368,0.398052284953706,0.281674954640624,0.740106618431844,0.239656416698284,0.300765706826232,0.0717786062893757,0.0904093848368821,0.44762726952884
0.070563403062402,0.0983392735674831,0.347881252767755,0.0794466957618199,0.29220299519313,0.285680147842748,0.406461981979941,0.157643090723123,0.0373997619292435,0.332966743117977,0.149679210533387,0.159580364673337,0.315497964636991,0.184023921928701,0.17786793308721,0.510979228509657,0.132469052303228,0.124831950312211,0.0458101505234484,0.143135166670173,0.325130568600727,0.457047076841094,0.0412900082052657,0.124624690704819,0.0997546644359339,0.249136210176847,0.245782903568355,0,0.474565680624057,0.0768352755871137,0.150614485880382,0.00819661922754461,0.288912311853104,0.438319790885786
0.0553675890297078,0.0722244628956474,0.187365601406522,0.171157084831781,0.00706385363699213,0.179508723823036,0.180607586121831,0.240248480746616,0.0186600433733352,0.31568116615464,0.161231588231942,0.137517492413526,0.433002282294119,0.194630726079888,0.175520262248181,0.169359138026614,0.142693134325862,0.268933187704636,0.178525542938988,0,0.210134627542098,0.184620870953795,0.17790739738958,0.201364930942106,0.179089713808412,0.202289864200009,0.224021526729003,0.194553240433911,0.204477262598913,0.0827654920880677,0.0279022638619572,0.000244631777956636,0.243822089216601,0.203907751283333
0.492578088649859,0.0848875286194393,0.101119730198228,0.0923721222560682,0.0562471244803135,0.359837903885306,0.231739694221284,0.101156133473815,0.00537802207378731,0.239458754491522,0.0580102282924882,0.0618476333256411,0.166518499382475,0.159865373824047,0.370903744698157,0.182803530456237,0.821444438404623,0.0967606644904453,0.0124643488195457,0.0832110507930587,0.277219537927241,0.243560583689532,0.128020228957298,0.0966000395347099,0.141758154460448,0.113630740017173,0.0512920177587868,0.0699991733405167,0.0735699011710426,0.0595572786124003,0.186920499073111,0.0109185753682696,0.146327826118631,0.1638383535686
0.0810247108613566,0.110629106669961,0.0827870457128082,0,0.156407772243314,0.317262382365578,0.253801283453968,0.118635109909091,0.0253367256415382,0.297861119717011,0,0,0.240245416452009,0.165394130179991,0.331682361460461,0.243200763777812,0.378292341529603,0.356483042342734,0.0268431241472078,0.204375599440943,0.123796813807995,0.271914618702428,0.0786080422030711,0.0593150955717191,0.443130581246324,0.198382119823408,0.296950436006339,0.515778150249637,0.451739337220581,0.292558458986509,0.298211789422209,0.00724086761053096,0.271372092300345,0.310813975372368
0.0501909465049514,0.0902752302218457,0.250921241073051,0.0764049487360536,0.132314594022989,0.160266162410226,0.224325669810311,0.219262970233091,0.161157859353636,0.298213104473927,0.143948496510693,0.214858437773602,0.300231655779952,0.240219370585322,0.514607583126484,0.132303980095375,0.12739725740999,0.480209725025274,0.0809295628303782,0.206482158279659,0,0.3296606280068,0.119127376140443,0.0599265559170283,0.415719371643397,0.15063428810958,0.209098599460881,0.347396165155163,0.182558130825722,0,0.12019954319842,0.0023758008453223,0.155437729099964,0.208377278659727
0.590039665127361,0.0318993783759721,0.155163299492011,0,0.124210524417789,0.0849467391502424,0.544696460580793,0.188672141929073,0.026654084495695,0.726387547122421,0.133520882542362,0.0569412887701932,0.234475404327892,0.231391340839382,0.240938461052446,0.262971703325484,0.118168613463738,0,0.0793053929253016,0.127683303445706,0,0.152890292895216,0.147330665691994,0.722612010094136,0.474591313484981,0.271075831957686,0.269846111899156,0,0.254000906275395,0,0.245044821062091,0.0144046356696558,0.179540701611078,0.202660658089609
0.594093926524193,0.0401209282864259,0,0.445679651861262,0.0692113979054131,0.173615660329896,0.206492408015541,0.169861909986733,0.0518326068557282,0.278467115549952,0,0.232755242844285,0.128058780028411,0.196088985928261,0.479703983194819,0.385873196722958,0.520186825616184,0.280112693954398,0.0182855006052886,0.0802957540838227,0.182391429732592,0.576886177655891,0,0.139823672243487,0.242494580989436,0.0947555054324667,0.153788195546577,0.101320303469547,0.106488482438106,0.129309096884203,0.0366368140457824,0.00892105979581936,0.25391443313003,0.379267397412056
0.556611991467247,0.131529674903487,0.319889970950258,0.0584434850549707,0.129583654569412,0.0875645529840297,0.191163442997065,0.0687084844632416,0.0941922605631554,0.262832259154829,0.110108729129195,0.0469568316355395,0.238329542460368,0.146625970850296,0.220039823053634,0.303604782203208,0.389793061778314,0.367320723398649,0.0347310380420692,0.15794179035758,0.143505514207834,0.126081614104343,0.0303742270754545,0.183355247888532,0.146765036175827,0.117523079433722,0.18775931644411,0,0.139641871421242,0.0565224423421278,0.236815666577721,0.00803247070509163,0.156456531528007,0.228623103954573
0.0586800517375339,0.0947940310435289,0.0878271270129656,0.240688127280977,0.090245273253051,0.120206020981211,0.199595129596553,0.308190426341491,0.0653328909090219,0.341684038442606,0.151153894195434,0.225613332422442,0.180320215654669,0.407677707412266,0.24250506759399,0.138926551600094,0.267548352836149,0.252123662898298,0.0398099625439594,0.144545233903568,0,0.288468448404195,0.208483966171139,0.18877848564359,0.167895618602942,0.0974281343103215,0.200472577981894,0.364785588759712,0.383392503379808,0.232776686466898,0.164909107459497,0.0140487585630798,0.465461165118871,0.219971796707209
0.0380788116219626,0.053214511366152,0.0493034050017166,0.0900767450626664,0.0179213673615402,0.215936107269781,0.117464685041668,0.32500544629848,0.038426565294675,0.240558375145308,0.0848530734929303,0.0904660876212112,0.142573981382858,0.073756328031202,0.0618151080396623,0.111413110697147,0.0750966429510754,0.14153434690578,0.0520125086931841,0.121714908323039,0.14745323237465,0.356262485364707,0.070221939689627,0.0706497313213248,0.075401244251926,0.151399022634885,0.144693325982949,0.10238961601667,0.0538061694135799,0,0.08700761310357,0.010961831118053,0.221974290988338,0.167797953284361
0.541174034128011,0.0345138938762195,0.167880604205804,0.0766789206946788,0.105054646282753,0.252749977315223,0.35653243673574,0.115848764665761,0.199516968408058,0.268917972977573,0,0.246433090278641,0.122024903154198,0.259014085222652,0.351428756330084,0.170715111946071,0.127854076984029,0.120483037417299,0.144475478807268,0.138148326309353,0,0.606545272817194,0,0.0601414398502008,0.320930917233834,0.159812881709538,0.100362303569624,0.348641855479968,0.0916064667617881,0,0.0964272343078452,0.0161668829610026,0.264573362795509,0.3821397056225
0.654799888533014,0.0143780274664782,0.652744146256554,0.34072958356419,0.121776979503136,0.306304836807689,0.366535787478823,0.275895270297356,0.066844333849984,0.251225975178176,0.320970775336935,0.136880981067424,0.365682844825203,0.264528213370428,0.208005709688589,0.10535951861278,0.142032732115566,0.535377060524977,0.0405874584506122,0,0.0697206565735351,0.183766309588805,0.221354902546483,0.200432865735405,0.106956439768279,0.32693978033721,0.131763599858115,0.193652822970872,0.203530729102301,0,0.0277143606504009,0.0143265659653266,0.356934390315376,0.421334296077972
0.0410673250509982,0.0262623611921038,0.170325408238006,0.777954661402476,0.00229780630159491,0.256430500137799,0.137189396980825,0.110637021189149,0.0275217118787968,0.434720638957997,0,0.0625054267802594,0.217730358976488,0.217650758776951,0.508908230619156,0.211690198828356,0.129715851952825,0.122237477389175,0.0354552242144197,0,0.0636745786090198,0.279717140413607,0.0404318480306263,0.183051484616867,0.0651208844596691,0.0475832555856939,0.0740536597938337,0.707437726173322,0,0,0.0119093263659953,0.00522216867576529,0.161270572150596,0.391927741311887
0.495051406216779,0.0330653202590568,0.343113807695205,0.156716035431408,0.147256268234267,0.2348042524516,0.342672824564133,0.278700963579313,0.177890668250383,0.313794127998919,0.147628118679848,0.220350732926224,0.314785742812183,0.199821710576761,0.267312952951197,0.271372010803126,0.0653267671181898,0.307803243645265,0.0514811079273309,0.247053747323915,0.0320674328196455,0.197217817796066,0.12217252106769,0.0307291400315491,0,0.153364966529154,0.186472762984798,0.0890689961360795,0.327643459275654,0.0378911154527751,0.0740368640723483,0.00526260861584518,0.273796937501604,0.388650293570983
0.0520742825169677,0.0770257719929289,0.26446915118511,0.0805302015684425,0.0681260384549616,0.144788099763421,0.343468761917034,0.309427077981165,0.0844871085374776,0.287089387708998,0,0.064702647072435,0.230230210151693,0.306524340739142,0.337999149190151,0.199210725706013,0.268551369726975,0.1265344269441,0.112873127736036,0.0725435610812408,0,0.463280122555506,0.167412591274723,0.189486324137416,0.134820154711169,0.237680726022188,0.0670747609415603,0.549229710141829,0.0962074996161437,0.155766332917037,0.127374833772447,0.0216290073001709,0.271462260281113,0.248933728649541
0.0581685194586573,0.120594992622827,0.111731782229368,0.102066152943122,0.0856552026606687,0.489355485573515,0.188635076435405,0.183441224807772,0.269209466346469,0.273066302634778,0.576884200716435,0.123008824204432,0.339861994861093,0.545013294389733,0.211010749218736,0.403975970031398,0.170184630373379,0.320746301921782,0.0138296551062014,0.183887338070643,0,0.220190099891934,0.10609156874531,0.240160086071587,0.0854373115121412,0.188583277581074,0.194313939483909,0,0.121935984001618,0,0.08413930106201,0.00549948367751566,0.323884363822074,0.267357227176782
0.517422206789268,0.0498465375822428,0.242460939155452,0.147657563263934,0.091931257271414,0.376094622665276,0.228818385945431,0.181477316534392,0.102677496749794,0.321839128026431,0.278189889292421,0.148295809974698,0.189089102178941,0.136746357341648,0.208017456630627,0.292212825521172,0.369305174291825,0.11600458558005,0.0425321710686511,0.465547103121562,0,0.265454689312505,0,0.0579059339435971,0.123600803698815,0.135453282345725,0.272326195180301,0.167841449561657,0.352805708786003,0.0714019470185284,0.0690237491369698,0.0134291531027748,0.168746826778453,0.511640872949714
0.0412504466800577,0.0100023502967166,0.0973059114019765,0,0.0300765335667879,0.0266358729825343,0.0349943316787305,0.126746322163842,0.107509035524186,0.0131010513780924,0,0,0.0391919790555819,0.0907273441584207,0.14785593771115,0.0439772045325734,0,0.279333982669857,0.668325378840873,0,0.0727538300807067,0.0639203335111134,0,0.0697175431833112,0.0372031811295958,0.0513031554380018,0.0105766085461644,0.20207762332548,0,0,0.184076796354826,0.338311410707354,0.198118540259034,0.130464527051538
0.0322707921477609,0.0203510192661543,0,0.144683212086113,0.100908216527367,0.195098143831065,0.292774287729259,0.269058281887485,0.082440660021834,0.362611183956654,0.27258615043486,0.0290617266149453,0.27282243861315,0.234473201051062,0.147026996190372,0.304221994018718,0.241244117271961,0,0.0154652910978751,0.0651670753889686,0,0.364150440670539,0.187986686176404,0.397176808663806,0.0908332638525313,0.221602407673515,0.421780231469964,0,0,0,0.147448036719985,0.012631108237876,0.149180943733701,0.178859684982284
0.62961358296932,0.0242007015827942,0.078477197128003,0.0358442466280525,0.0954348169203509,0.268522848125843,0.329165040914896,0.134598937273373,0.0342238756094727,0.37613404514317,0.0675312986399779,0.143996446265667,0.166451845672532,0.186935897470215,0.524389258694347,0.186205116247439,0.298832130828108,0.0563208723930596,0.0283020070712895,0.161446556446952,0.11735189738832,0.154655206692944,0.0558867955174958,0.0562271839485144,0.300043643346285,0.160584794875992,0.127950507247377,0.162975560810069,0.0428222614192572,0,0.163005019930206,0.00942147278631303,0.19843935863206,0.276678816914593
0.507719337557011,0.0394921807042721,0.341503726914926,0.545931759352937,0.120420101781437,0.210332122038275,0.284030842712035,0.1760512622844,0.102548039986158,0.225279050305418,0.146935365802163,0.09399287301224,0.272718607563313,0.163831684970573,0.342325980401929,0.32797675880941,0,0.122543593178765,0.0355453635486579,0,0.127667945754891,0.504751595624538,0.162132319908754,0.183509895478881,0.228493680045925,0.143845069952156,0.287676400828186,0.177302424820308,0.186346137281998,0.075426769587245,0.15995239818351,0.0254205440806665,0.198935041535125,0.267581185432281
0.881026877307629,0.0790959149634923,0.256489437104847,0.234301195179159,0.168170788008842,0.210629184589832,0.362760911781459,0.275299947522442,0.0287611892281033,0.376804657021769,0,0.0470628014243901,0.125204514628411,0.422614412622799,1,0.405719974345329,0.781345715199652,0,0.0300965253074679,0,0,0.505464481490214,0.182656399590006,0.183769034684332,0.19612839632383,0.216250802395321,0.13939487638934,0.266329019025996,0.279914016185629,0,0.11697401183592,0.00720923228710709,0.49091701065258,0.397409477505788
0.0518445269570151,0.0931343434259347,0,0.082766019640404,0.0608872686916648,0.173609085032312,0.154714580082266,0.162573934007483,0.0699075094133657,0.174820149022261,0.467798359894274,0.0997484870341273,0.470510446334939,0.238711050898361,0.282839373909459,0.511853227425746,0,0,0.101034692906051,0,0.0677428847937996,0.297588766406519,0.0430151260200274,0.0649157232098251,0.311766929705349,0.124113382215051,0.147721983902509,0.188159456913225,0.494392514614627,0.160090834388222,0.0789157801300458,0.0115295959329639,0.194031130821495,0.252877623263693
0.555928966043889,0.0225043644336296,0.437858242544669,0,0.182637394449754,0.119856403015394,0.376001358965104,0.254485008813652,0.00691551729997614,0.342967447723099,0,0.107122485775461,0.207232267290646,0.21378959804687,0.226120322424422,0.197889297658007,0.444616898770037,0.837967716235835,0.0262799614385038,0.120103927334451,0,0.383505883647108,0.0692925037529743,0,0.558024297923008,0.439649242872552,0.253827974900775,0.30310360751348,0.318564602081437,0,0.303530947190548,0.0149653164527115,0.235432161051947,0.310746539394981
0.14678065839256,0.0742464041483178,0,0.615820313265305,0.0627252579155472,0.474516307019807,0.234541165141753,0.26117455199275,0.1048709885905,0.302971474016622,0.33149081541384,0.0706836751430954,0.510448599437187,0.229410862095589,0.197892727416044,0.348200749432164,0.293375907105687,0.414693311628583,0.0437056537630042,0,0,0.44284199473693,0,0.345003776449901,0,0.131125881572543,0.32450382109324,1,0.105100795050688,0.0850825845024019,0.0568596803400082,0.00721883916727207,0.20616328625705,0.280504613268275
0.59821014770719,0.191796866567345,0.0811242907211546,0.0741064368520497,0.120312630282233,0.148042684201796,0.221680781634095,0.0952040780394854,0.013815789698842,0.00619996906187206,0.139618052797455,0.138929856248172,0.141635558610865,0.082531501417759,0.199164556255431,0.0488852772319754,0.288317440472333,0.349322691109959,0.0506462311318662,0.089009029259001,0.161746889342277,0.0710540386646752,0.07702906006494,0.0387491788188366,0.196437173162799,0.128633459121387,0.126387717597543,0.168472846373887,0.118044055470046,0.0955605837205386,0.155260592287676,0.0166775743893177,0.161350205593277,0.229062549859738
0.0409572936305873,0.086027279667884,0.209224712818312,0.12741686604605,0.0749078384662916,0.15272476574563,0.167981279955537,0.133947885946539,0.0979461216887466,0.157867729213377,0.480111702710388,0.0511870599743041,0.642191572880851,0.189882022310676,0.178311188456222,0.362475250849165,0.424908322479077,0.200205883185919,0.0443180266700985,0.057390032898745,0.0521444398147768,0.320693031008112,0.0331104832146395,0.249841541538982,0.506624466946676,0.302991669580557,0.189512964936355,0.144833948339483,0.304443558142061,0.431300089539872,0.158557671602137,0.0161175403748773,0.166275460757887,0.275283283350442
0.0638218033433347,0.0415776942555686,0.1011200733527,0.0923724357251284,0.0645168848921392,0.0553598726120633,0.308535273334566,0.469451779526164,0.0238245699425361,0.241788459556037,0,0.259760727394765,0.192298867063852,0.403040069374099,0.17206837885759,0.114252579715858,0.154021371211377,0.58056669593196,0.0217570254574715,0.0832113331736001,0,0.265703325868977,0.192030995100056,0.434701714547593,0.309291532633225,0.14697600517101,0.0769382690815016,0.629995410614593,0,0.089336145292578,0.11876033148585,0.0228718915059485,0.47964192379673,0.0817167421076079
0.547882537755458,0.682785376392453,0.120769784699737,0.0367741525951712,0.242412955207565,0.110195740973103,0.151029139637853,0.0840948983412438,0.0819550510083587,0.00878925281425448,0.0692832606277475,0.354557409274781,0.175833469884203,0.0827083752735641,0.480649688706036,0.0454847382853632,0.367901786927643,0.1155637591413,0.0327498710893049,0.066253958092751,0.150495514125732,0.105778399231413,0.0573366667038658,0.0288430049133187,0.138522524801366,0.12733462842692,0.161899677699578,0.585213271020312,0.131799406052571,0.0711306140719329,0.248969128335043,0.00623868724648494,0.133343922450578,0.363409555142517
0.759804241062396,0.0347993298814813,0.0967251224589626,0.0883576807364642,0.124489325249497,0.238292212987791,0.295355962428478,0.0930900311178371,0.0272576511580997,0.382211325821135,0.166467689692776,0.248471135510678,0.155439943405509,0.113126935590272,0.233373982455651,0.131144347694464,0.44198182338958,0.833001400054919,0.0225654823207277,0,0.144639298146947,0.127077738259418,0.137763747811529,0.207904385009067,0.221886892164068,0.13505541940232,0.1577023124244,0.200871484381124,0,0.256360218588247,0.294671367766114,0.0129688014560984,0.119968840669317,0.265795496203577
0.737299853397695,0.107489566347504,0.288466286531582,0,0.172081241430353,0.375073525916911,0.417130119313119,0.151462012448985,0.00606458589329241,0.4243357572174,0.248230837306721,0.185255654476783,0.270154625002524,0.218301063615674,0.146005134916543,0.537783955625576,0.329533908138497,0.517559299159844,0.0153602262994279,0.237377836883163,0.107840453328845,0.0947468708537093,0.136952263078756,0,0.386014803576406,0.284245998786965,0.180289376618542,0.449299049769177,0.39351413901965,0.191137689950116,0.268555448336889,0.0133638272190726,0.203768957331797,0.202581659401411
0.223146385710254,0.133703470086293,0.057809174886789,0.052808251759541,0.18265003084286,0.0791215421214503,0.144397923243322,0.337469468283975,0.0135292508155721,0.254092832421333,0.298475500732469,0.063643830691382,0.137705263805416,0.231515596131193,0.135982140967598,0.0391901393133025,0.880522603683408,0.0829758493604938,0.00582969774137488,0.0951419110470233,0.389005785146019,0.265824375579607,0.137227509707148,0,0.839888024280211,0.0634845983351569,0.0377012232944019,0,0.126177502649545,0.204289910310061,0.179357878072625,0.00608331742487237,0.277204121451856,0.0256735252902254
0.371600799515788,0.0165161696040143,0.321348377454134,0.146774677655847,0.0633858429962055,0.0879637674801938,0.364448059438499,0.132630465691933,0.0380632466724162,0.267193178975611,0.276526514629163,0.235854623050098,0.24930887609914,0.33671316478555,0.134917125783986,0.181541074653434,0.244731417269662,0.230622168644434,0.0142201895111387,0.132218193750043,0,0.527735035933956,0.0762816827889725,0.115119518738666,0.184292738024008,0.19485436641243,0.0174643860085586,0,0,0.141950180542517,0.0337232486061346,0.0228432015713061,0.377932132394069,0.326706248970065
0.318435006055706,0.0779362253705624,0.101091591531565,0.184692835586262,0.166941142853846,0.110688512560603,0.2837582389553,0.220998257741578,0.00181624307676291,0.345799143668327,0.173982552431146,0.0741964823445076,0.297392527362283,0.234361434396801,0.226230338824134,0.296973021729314,0.307955978064298,0.435302563319546,0.00688671577395619,0.249563545575725,0.0755843130895984,0.332035636854475,0.335959566848641,0.434579274960957,0.541107761673611,0.172794560190205,0.53841624459771,0.41987888013295,0,0.0893109825723909,0.118723305978323,0.0182181569492013,0.299545602524659,0.296284006460533
0.644226243366914,0.0844546655523892,0.161097984499369,0.176594205681157,0.062155494041768,0.264587438589069,0.316656552743031,0.130308274760344,0.25843799367014,0.302054063425717,0.166353707335237,0.0827668755944272,0.291265710459829,0.184874349957699,0.46358883494565,0.465971114688649,0.490754107717428,0.416214778521655,0.0894656827296943,0.18559376368222,0.168630027750638,0.275146104971965,0.0764828840828842,0.0692539692061981,0.147823090485521,0.128358967549744,0.192615008584359,0.267644904143132,0.210972860422354,0.0284649482549881,0.103653205713794,0.00809305061421548,0.238312717835868,0.419466580862081
0.087683408710032,0.115490681142303,0.182193577212072,0.221910076698042,0.0628455975227099,0.216114063002247,0.179105302234563,0.0915598308810905,0.0506897339613431,0.232738091903224,0,0.156008496472553,0.363895896165835,0.124419716357488,0.284425609805844,0.494052720799492,0.185005916702034,0.348679921833345,0.0429866676942837,0.199901985714086,0.181630442368164,0.199471889642338,0.0864982283289304,0.0435125212917032,0.0928780002176591,0.146096664064095,0.231040037090098,0.504488190884226,0.331388211678969,0.107307936064256,0.0925723436658043,0.00880252536236927,0.149672528004201,0.279540120696368
0.0361073858440031,0.107087920638914,0.260445836584007,0.237915336708873,0.133245821395713,0.142585375072821,0.276987917011624,0.206345945459371,0.141159196017864,0.334308694083699,0,0.223014144731561,0.267388374124645,0.126626489893256,0.472395391640901,0.235416039690764,0,0.498438021403478,0.0872134450019585,0.142879894660763,0.129820313590424,0.114058019103763,0.164865643559445,0.186603707805057,0.232345879390468,0.137611966755581,0.0943633233235324,0.360582809188463,0.189487767154632,0,0.0625454748943887,0.00761121362963312,0.215935090534216,0.330171244455185
0.245737299145153,0.111592417913868,0.10591256870167,0.290251033860144,0.0924456642439985,0.420381224481975,0.239179764898319,0.244529396576191,0.0498250990018742,0.300224607652606,0.364559282489918,0.252638336066531,0.163167958721444,0.312383605348525,0.256366520540433,0.119667557828664,0.403302690531395,0.152020598169462,0.05103990641201,0.261465179443657,0.0395944342728594,0.487018489272561,0.0251415271895038,0.0379420118250087,0.0809875663366728,0.110319434489067,0.0690726431059004,0.109975642050743,0,0.0467850759603405,0.0561489343357581,0.0271034146091583,0.347324764072327,0.290231093464902
0.057554575382526,0.0374272670821738,0.145641449216827,0.266084763601227,0.0323013469360137,0.318935278970151,0.367058714211152,0.366976326841524,0.109761466219074,0.60940422704079,0,0.187064381841324,0.0962465574470426,0.11703589119461,0.394844472634379,0.131644778180223,0.110916994733508,0.313567480307495,0.0570059862527109,0.179771641679989,0.163340062315783,0.478359828267204,0.0691447389160692,0.208697783695964,0.111366825244707,0.171641511806725,0.229540898136879,0.151228444497655,0.0794711770719815,0.0643345574643011,0.0609354601042598,0.00775922786671403,0.214434137180168,0.182937214485335
0.0473160121253257,0.0685868646103516,0.485260571774275,0,0.2791871193818,0.265664049635606,0.401287571469547,0.159926338519378,0.0767740276796996,0.258356279570786,0.417576138590735,0.0890396196673128,0.279916260249594,0.337285964376699,0.229854929866462,0.520867722501196,0.18478168832988,0.6965141464652,0.0284408205107602,0,0,0.637536252923114,0.11519116200101,0.434598206382987,0.881271074248858,0.342476147860037,0.606568833948331,0,0.661972946555966,0.428711209430988,0.285196530476986,0.0139699237788032,0.416241563805328,0.282534200356187
0.284476013859618,0.038463286552211,0,0,0.0624612881457462,0.573586503581752,0.398077761830865,0.155876451059904,0.0363620103320361,0.195710934846448,0,0,0.270143704468619,0.255189101136823,0.151839561921873,0.304399880054873,0.227974658535209,0,0.0654763117541279,0.123165214783581,0,0.0983202042110872,0,0.107237285952,0.114449542473018,0.203569412356143,0.227760506281333,0.621658977308197,0.326684380231213,0.132230852496286,0.24673433908391,0.0173220601593721,0.425032245954269,0.49631532245138
0.0478276883306867,0.0513728459493555,0,0.405810149031028,0.080968553658708,0.212805889888564,0.38086771770698,0.502044412875266,0.00393582923207185,0.456920922631659,0.191138668987261,0.163025736554571,0.372784300783772,0.260068782076777,0.269248652705493,0.351353845335458,0.169161490423515,0.318817994091941,0.0484439541329416,0.18278181825113,0.166075101191307,0.291821773348956,0.0527268762489041,0.238716257813514,0.212309168599173,0.244197038756971,0.0965728585074667,0.461282405408063,0,0.196235566110424,0.0835571530219865,0.0360968426298752,0.347663618731072,0.268731185418945
0.268289090987048,0.0845822246173951,0.173229696107547,0.0791219418154404,0.207739058915108,0.331931166779042,0.1946889001931,0.125119352668302,0.285964264698852,0.418360136255954,0.298135030115261,0.0635712322561207,0.142062880271092,0.154855051154756,0.0996897335100384,0.293590744404984,0.659638318067685,0.372965271988681,0.00104663043927804,0.427650222565283,0.259041279074541,0.113794730347681,0.123363763060469,0,0.132462574338172,0.0870340998974903,0.0847309382668436,0,0.0945250854782475,0.0765211963327306,0.0873932582994323,0.00986804059941474,0.23647513798526,0.209795063806593
0.308850530491061,0.169537743585344,0.158153375979427,0.103194171356294,0.106190530979764,0.111321901583576,0.165101818821958,0.134037936194422,0.124318316724104,0.071458150523783,0.155536013847971,0.107785883098889,0.254478333782702,0.166992391078487,0.0478503249424998,0.0918991908821852,0.447370360458869,0.129716750542721,0.0310138721515262,0.130143826293045,0.135140939170272,0.13357418543914,0.0643585104033695,0.0971258167556361,0.164125025034409,0.160372552336508,0.208740380128749,0.140760512471869,0.123283600534777,0.13972312822331,0.189638503415107,0.0141700513407293,0.259474769021631,0.234169488021761
0.0460016824965104,0.0342355214596941,0,0.0760604462388807,0.0580804071519766,0.0683758620449964,0.120995626921777,0.241685448046101,0.0206479288098256,0.0865029252109778,0.1432994467131,0.152778401304379,0.331856795487731,0.204043773044207,0.229452098700077,0.150522875609196,0.507291342171451,0.23902249815604,0.0315916575894795,0,0.249017849079221,0.328174444129359,0.118590323455925,0.178969058680524,0.159171213313235,0.0874074126490478,0.171954902558299,0.518745216420878,0.363470360675138,0.073560332396502,0.16770701155803,0.00673784613685855,0.143767601140931,0.273315124580212
0.0369078655360176,0.0568922072019892,0,0.168528490027374,0.0341732850740491,0.0841675663865527,0.230911972625563,0.245776405278104,0.190372953095225,0.178939392547523,0.211674096682434,0.2031083841748,0.205433870469586,0.130384500451165,0.101237140088878,0.152861642737996,0.0936678743986603,0.0882677367995262,0.0435348797108654,0.151814556180385,0.0459794415389289,0.161587162328789,0.0583917108976893,0.0881210981601608,0.117559549092664,0.136567712976002,0.0935798397561542,0,0,0.0543296477022116,0.0494852103791072,0.0149758563022381,0.18592098447862,0.200335024231064
0.564716039186445,0.0111752852208348,0.163074725832446,0.198623400622079,0.0494969812813215,0.0595186544010439,0.250532389806788,0.177907496833551,0.0381820430628134,0.124464430278577,0.0935526440511102,0.119689193064929,0.234479653664572,0.253301605857059,0.107911703481419,0.208820448860595,0.165591868820653,0.0780225855825127,0.0454120319770739,0.178924782436382,0.0812853040665358,0.285663679271015,0.103228482478748,0.428411196387196,0.228611890342042,0.153462827825539,0.124077139497038,0,0.0593226527654507,0,0.0501198236128613,0.0256888696747279,0.225118614964867,0.191762175498578
0.252487397418903,0.12216040205418,0.0237682513139814,0.108560604932592,0.0846233820612052,0.214703379872037,0.113800671762111,0.150184814218597,0.0251991209223729,0.0796210779872944,0.245436497800524,0.113391074170352,0.276534953171299,0.263176903011989,0.547897251368917,0.0322260638403052,0.398229588946012,0.238808734274009,0.0256654946146052,0.0391176116366762,0.124397573050682,0.562081820587648,0.0338526471777283,0.119206001408301,0.0545242038861274,0.086303766076103,0.1627589900781,0.098720245603383,0,0.104992207893788,0.049103356952088,0.0167992840735659,0.188739561148163,0.291538667772134
0.0620114902073561,0.0694398833394969,0,0.617093311118826,0.0232803693327556,0.110949364009038,0.392507483776629,0.0928283772344157,0.00178634657491498,0.0915095022300015,0,0.148742608323886,0.599888684824992,0.423951606812088,0.426032910453644,0.396897090601763,0,0.581770964806535,0.0441518661726053,0,0,0.62126036417704,0,0.580804349408159,0.361588567949174,0.465894152987712,0.0440559238414659,0.841736398244631,0.14744538941755,0.119361940112423,0.241001159810393,0.0156001660464616,0.0859664048887913,0.28457508455886
0.135877531823905,0.113325245862271,0.479331034083989,0,0.227889999963282,0.262417825218445,0.181441942190851,0.102898110927557,0.00270209545817177,0.241147825147897,0,0.105541942911688,0.403684498644388,0.189650726349538,0.214087405223187,0.368275894263113,0,0.27520129637451,0.0135504231012759,0.157775891789518,0.286709558370758,0.566771426136909,0.182053773204435,0.137372053090592,0.219916414431129,0.133736840860125,0.166721949960444,0,0.209242885550899,0.0846945329139749,0.0426954163041252,0.00718422465182893,0.115419287003674,0.207684688236528
0.0395962952334545,0.0385410036652354,0.107125276603951,0.097858144278837,0.0745696882091104,0,0.470950471517791,0.450221481028606,0.0312758733706322,0.204576706476699,0.184366758610466,0.196562246861755,0.275376419006415,0.257980812292711,0.221102231213557,0.145245189225689,0.163168216229326,0.307522247574531,0.032925987152086,0.176305844105327,0,0.422223870281597,0.101717517782081,0.307011485718332,0.204787136515639,0.350180734947935,0.104795230505785,0.222469744975549,0,0.0946415381031038,0.0956203310283592,0.0355083203734443,0.36667558825685,0.213000856576326
0.109062743910952,0.112798871815247,0,0.135920341242419,0.11311772202925,0.570210557936544,0.318927858145408,0.128575816309082,0.000145764638588372,0.543379482747397,0.128038508319383,0.136507914520222,0.332925455746216,0.237407378804312,0.902282863297186,0.395071936446143,0.169974775614825,0.320350789485674,0.043893731010181,0.153050394619747,0.111248989113211,0.366530859561146,0.0706404709641688,0.213212313193578,0.0568879506119744,0.330453264260115,0.521574602234432,0.308999970069226,0.284166395158542,0.0985895082673936,0.0302906817082419,0.0128207962332142,0.326220406608196,0.671891657715209
0.0571998546698312,0.0435415306565748,0,0.165832185905961,0.0314303593927523,0.231898628449284,0.121316304433034,0.188535315351448,0.0568337242181568,0.23997142383592,0.208287403266333,0.0666196109592784,0.271577457454391,0.216227415286666,0.434806864017338,0.0683708934710009,0.0921693598462912,0.260566597423259,0.042829623933961,0.0497952670479839,0.226219016576491,0.159001838062087,0,0.0433556609377397,0.0694072212846232,0.0815301453002621,0.13812393255003,0.251334057373019,0.198115733614953,0.0534604727771958,0.0484904038880649,0.00797464801339256,0.158831412757048,0.205177326290664
0.15196388510976,0.147547504353851,0.0637949899104007,0.15540322700724,0.121877501654919,0.186269867496482,0.13288921918432,0.0822590581943514,0.0300039651679627,0.0844752951008601,0.073195572169288,0.0546261983385473,0.246807376865205,0.227940643990382,0.284007351193388,0.0528586728011243,0.323898144915295,0.213657492633396,0.0553445042638563,0.0699955002660731,0.0953965395857109,0.33525551407355,0.0504787979859995,0.0914152885247062,0.113823985656276,0.0830544257121613,0.0878325902756357,0.0883228646886701,0.185656506645395,0.0563607036527326,0.0610242073214298,0.00870667966208855,0.237668800256979,0.261068036760365
0.117220596066801,0.0728436159902294,0.0944858679551888,0,0.162067813771022,0.155183645243533,0.0935906261124871,0.133117765954741,0.0498708324363072,0.234174445889712,0,0.173370541343172,0.334903219333712,0.229490629544482,0.092648714599302,0.44837881381962,0.28783291902481,0.271238783860827,0.00640108474981628,0.0777520701670465,0.211936135559405,0.248271491282843,0.0448581135806556,0.135394088282384,0.46962503785911,0.107444255554193,0.112970978788447,0,0.412460350451453,0,0.0691932139431717,0.00583443996025591,0.179606636099522,0.102880699978754
0.63122937965009,0.0878172248001137,0.213577970443762,0.292652833799488,0.129332414298288,0,0.211130754479424,0.126129287343578,0.0390732668700213,0.140228597323565,0,0.431079623105192,0.063533816351114,0.11035501001007,0.105844395037086,0.144789307793014,0,0.459835662858895,0.0269327715371366,0.527257558303463,0.159688297933481,0.280599090120946,0.152097425739413,0.153023913582238,0.204144327030818,0.13593263296251,0.0580368282594919,0.221771360239674,0.349625318787988,0,0.1107050779294,0.0157593038023073,0.179293840679273,0.23331789992289
0.0270647716860759,0.0356692800592826,0.173500616562797,0.158491524188448,0.0378028624586795,0.126647793057726,0.112881976210253,0.169436122341475,0.0438413529580947,0.182123631100191,0.0995337649110923,0.127341370372597,0.238513049444177,0.237629659175106,0.146381313099558,0.261377785508057,0,0.249032459848469,0.0239024797351662,0,0.129723201750425,0.189954497030563,0.0823711580633292,0.0828729145932252,0.132669803153617,0.0881776782105421,0.125723683989677,0.120104358633389,0.0631153403962895,0,0.0541356785597107,0.00722544319315137,0.141893220600594,0.171958519975333
0.0527920150878294,0.0820028683284977,0.249296233073262,0.364368442129301,0.196157509056156,0.286610975148569,0.408517280579155,0.136055630465019,0.115036800741728,0.420067636008056,0.171619337904242,0.0548915320819915,0.338607004456213,0.165444867250439,0.116086501659447,0.687281194941306,0.151886497584188,0.644085106592572,0.0654343514273236,0.123086995373618,0.149115422745671,0.720556968428342,0.142027097334099,0.0357231016455094,0.400318774202525,0.273165530591833,0.368520767508417,0.103544088743321,0.163238361663802,0.0440490090966265,0.08092977939018,0.00977984344505941,0.270240819894195,0.417618037962851
0.0541163237810966,0.0345883481579924,0.168242803750472,0.307377102495762,0.0478043587045579,0.115134165189886,0.121743385812552,0.177897028352962,0.0573057259338111,0.206214329633554,0.144776197412719,0.0617411598182458,0.269777314724421,0.185865788829497,0.216868946145945,0.15207414420261,0.384389367080139,0.603714270586164,0.038107261298254,0,0.188688048547197,0.276297091606003,0.199687396726512,0.180813397152714,0.257298616591858,0.102794565106682,0.164583487968657,0.349394044346005,0.0918040123283413,0,0.133114407009112,0.0134403656367323,0.192962518358092,0.158293585638399
0.127572588039425,0.236972370203867,0.192111427747368,0.701969604472577,0.103449199895302,0.157761913358995,0.54868276686037,0.244169142297621,0.000780530417102351,0.0996125966903543,0,0.282001601195324,0.376186885582398,0.553158480069718,0.609455398885359,0.260473350554832,0.292615150938623,0.275745310677974,0.0135782873315211,0,0,0.126198155445862,0,0.825861773082566,0.220351142307025,0.920438651906327,0.542917465952565,0.398962613612231,0,0.509171735716859,0.181548851328238,0.109390866095413,0.315139642573855,0.990702604509001
0.0532612710483903,0.00531312386215374,0.206750397501561,0.283297506431993,0.0168563746893421,0.11318900429893,0.106164421913451,0.21772275203343,0.0726435643842473,0.0819007534469159,0.177912876728671,0,0.27432629258597,0.138596739492479,0.213058090928692,0.0934405338380107,0.314912545708091,0.296757216685896,0.0355542469276304,0,0,0.407443632988097,0.049078453271977,0.222198223298336,0.434760413247976,0.106473280687936,0.146072007904398,0,0,0.456642435169237,0.211281796057309,0.00573933455088164,0.0797895616539489,0.0888000660333919
0.0429964343964515,0.157550939321498,0,0,0.232168824923758,0.086803791053575,0.421079432894437,0.235050993974481,0.0298472408775179,0.535226378342405,0.363839953414879,0.116372206447786,0.186414115661862,0.131743440661285,0.047994048624979,0.286635392636898,0,0,0.0266534859228953,0,0,0.34718386977666,0.150551515554856,0.0757342933121432,0.687036076247347,0.188501974275566,0.298724151345803,0.219517287872763,0,0.0933855242508747,0.29266619118381,0.0253137697936253,0.148328406460185,0.245712814901793
0.0221987701940018,0.0808381433932852,0.174759478741495,0.159641485435836,0.112738229095308,0.0956749477216876,0.175488382446901,0.0301997111425999,0.0503185084741435,0.320701241374411,0.150383775054341,0.128265190183659,0.54936011029269,0.18282523870308,0.131886537421678,0.355420022352846,0,0,0.00909062943375649,0.215713319367733,0,0.34439882475834,0.0414843670260241,0.187816916922036,0.267264623587782,0.205660878580692,0.170958348610371,0.18146351509865,0.286079684825879,0.308787958759211,0.264974209404424,0.0116799651289405,0.111422974567569,0.294334034552962
0.527041320930382,0.100356003108614,0.26034477759215,0.178367343420245,0.075420561014835,0.187070738742198,0.42943713509462,0.291707374935095,0.00303861803980245,0.315431464351683,0.0560078594674307,0.0716553482159076,0.278994375804485,0.15871989115855,0.136741612974758,0.44123394440883,0.297408881743316,0.140131336726137,0.0526876581090484,0.160677634232767,0.0973274872946412,0.363418957782279,0.108151153164444,0.0932656506311785,0.0995381860912139,0.18861940197828,0.240533185082351,0.337915236046914,0.355151913476914,0.0575015146896474,0.109521922136349,0.0103151841943326,0.346029742172059,0.400310756352043
0.0416954627661094,0.0785162685824413,0.254609808487205,0.116292162568189,0.106099721706135,0.278780782020807,0.227319554417485,0.161700762934243,0.104536794617664,0.416596073730034,0,0.0467179431156944,0.18001699760373,0.178924222290184,0.24163284947996,0.287676227562922,0.387809764439994,0.182726006666576,0.0298719684976524,0.314276270673609,0.0951835862773914,0.167253393336721,0.241757121039196,0.182422322162647,0.194691045714388,0.247137922890004,0.262909323586863,0.264377461271716,0.138931456369581,0.112469628520943,0.152799883005344,0.0104978095665328,0.250345529899917,0.204052058778058
0.236926381266325,0.128861472601459,0.126413646292499,0.269448600086361,0.0663048824561827,0.35180373563321,0.270710943397671,0.28831161491776,0.0120253241002894,0.180445318947564,0.217562791433842,0.154636178262215,0.298448544809579,0.240698058169038,0.160789167540531,0.0904597407997288,0.160456307350718,0.423375622297937,0.0532803658577215,0.0693502607290134,0.110270045320569,0.262964040797134,0.0300080733037407,0.105668067755805,0.169162082519052,0.207221833566942,0.144274868810189,0.306280901742969,0.160951888760313,0.111682156645209,0.0755607834052171,0.0127738976211773,0.415546618347782,0.253853090186231
0.261233117838723,0.0638206265397918,0,0.189052093072099,0.0750319434725913,0.141626414886624,0.160443188999152,0.136156037775142,0.0331408899797653,0.178837519366291,0.712356366726719,0.0759477228301301,0.409755774908662,0.272154397476627,0.102292831328941,0.350749156882999,0.315224583792418,0.297051511431319,0.0317863004010939,0,0,0.475821954585395,0,0.148278887874842,0.316502688693841,0.159540491346351,0.0562372087836096,0.214894764822503,0,0,0.106878737076295,0.0159386987117544,0.225076363728523,0.304793243604155
0.148238208280645,0.00393341362132223,0.0765308249656545,0.0699103400120529,0.0299346998171459,0.335184670989956,0.029616633846151,0.0799469530455414,0.0921001416954283,0.100482836439401,0,0.0280850163566856,0.229247403700591,0.323454844938819,0.278598911858983,0.0864699446653459,0.349704530772077,0.219695583485509,0.0768172584407197,0.125953863820007,0.228882728922241,0.553004895638018,0.145335107271651,0.109665302293013,0.117040788259317,0.0257357094617979,0.033273891204119,0.476800442975461,0.0835202058218832,0.202837142175887,0.0646867090645902,0.00616307278399007,0.108849470065183,0.102033626849139
0.458431206943579,0.13944794905835,0.0577273325453363,0.474600934294534,0.0795037573999259,0.110613178436856,0.3363768490129,0.204941957991378,0.187876115094364,0.266316655161168,0.0993509797315154,0.127107330143746,0.11002083892568,0.466509587953232,0.620781076565832,0.234807706668253,0.263782466073045,0.414291642398638,0.142688825373062,0.095007074338513,0.172646506744719,0.68257970683879,0.0822198090738199,0.330882533722517,0.17656793789092,0.114575546351365,0.269809167266869,0.719302071352116,0.0629994345141128,0.0510001347569774,0.15407114166269,0.00683238027151506,0.366655758112609,0.519505210530666
0.0307259978531808,0.0606367205307783,0,0.359241342180475,0.0276372620037998,0.322946210496317,0.47879895271254,0.267076149447525,0.0740630843782081,0.621424045110394,0.135363498892215,0.144317692767578,0.271163708841999,0.266173066057242,0.413100355383335,0.213280549619774,0.359398357122099,0.790249608735752,0.0963087321392089,0.323613324464702,0.0588067995221636,0.826667747172463,0.298727633971348,0.0563525738866357,0.210499016040324,0.163655974418683,0.162432157831348,0.32667836817418,0,0.138973248845205,0.0781922957651072,0.0115094030055141,0.184637257835522,0.157306407595377
0.3911021219116,0.0219662265571748,0.106846978327565,0.0976039208710051,0.0797686195407351,0.116990324731404,0.221206621720911,0.138276295058713,0.101406631218601,0.347016651259461,0,0.0784206660607352,0.218289785675097,0.104708871619028,0.105906595555239,0.362169843633211,0.813721626486754,0,0.0171287660918807,0.263771946086213,0.319550037356629,0.350939341246122,0.152180024165334,0,0.204255190183114,0.146948227078148,0.0464546767130206,0,0,0.188791342083998,0.187937560521154,0.0627806813112651,0.214612996122119,0.286981172303989
0.0946999421517461,0.0678817226845997,0,0.0928070605771122,0.0756010377730616,0.250291755347079,0.274186583706864,0.0988658421001529,0.0785737118210104,0.260938082264884,0.524551534051934,0.149133305020153,0.280595681485948,0.135346922899021,0.172919066023028,0.252538617515323,0.618984773377768,0.145824647123361,0.0293310820363965,0.167205848778725,0.0759613430734242,0.0667384023331712,0.192934771762384,0.145582512479987,0.233060323527542,0.165059403153084,0.187729458616603,0,0.554372217041722,0.269269603540122,0.19275211563973,0.00563417042473129,0.122099187949883,0.133618383634682
0.0491552347506406,0.0716249132439626,0.116131365708471,0.212170279528198,0.0477065158950881,0.254312314987564,0.321747104428355,0.145611759476287,0.0503999225905614,0.200551369826899,0.0999332937446423,0.298322459833956,0.334715969405215,0.323384861609098,0.115864597937139,0.236184268531301,0.0884429351859789,0.0833440256319641,0.0432104582062326,0.0477820349781953,0.086829274049869,0.190717087665688,0.110269061521409,0.124808350084773,0.177603097975672,0.242095414740564,0.662698789536445,0.241172915784778,0.316843615065143,0.102598111492375,0.0963392801403678,0.00611195440110893,0.261217557997437,0.456825719391405
0.0545341010934579,0.0984704834761054,0.821100019405385,0,0.104822370436384,0.249736048768419,0.246785350376926,0.233401866760192,0.348765882438887,0.728851227913355,0.157016012749488,0.13392194944114,0.0697068890584294,0.160470967780124,0.562113106182848,0.0824654927067113,0.138962266912255,0.130950818299469,0.041375083364457,0.15015119360137,0,0.299656304480823,0.259883647002349,0.261466663978569,0.139525737930397,0.0659369983255066,0.168581396988257,0.378933224442326,0.597392773015463,0,0.0136630318473143,0.00262512113235312,0.247472697771536,0.226925747181235
0.0363864904732472,0.0439010946604842,0.213541424492547,0.146301339374927,0.0256684018835126,0.0730667732741582,0.0950425835359018,0.219554818489263,0.185654126889934,0.138646498849624,0,0.0391823766511343,0.129925874096135,0.0669723686891628,0.0390232494372663,0.0965096883140428,0.162628291034837,0,0.019078533753048,0.307514245039386,0.15966097320175,0,0.0506905073636823,0,0.0612328021895013,0.0758103017767292,0.0348161477695774,0,0.0582609623745913,0.18865658510661,0.0335735852594466,0.0119000535027506,0.171081388571769,0.175669294587707
0.0369880816671358,0.138554427129373,0.215663834898775,0.197007310882157,0.168967081803867,0.413240545238705,0.253129819510316,0.298064242299295,0.00460028685734037,1,0,0.197858818395927,0.19065620462058,0.273118488585455,0.18406636194138,0.194937738724185,0.328489077099018,0,0.00738224875406826,0.0887344141825062,0.241871726163597,0.566678779151678,0.614331169021061,0.0772591333047477,0.0824552239143759,0.0822148202715836,0.128927945471886,0.895748618552234,0.353039767514147,0,0.174211580354484,0.0152086772289292,0.319480763999418,0.111820794331178
0.191977361084875,0.168107247817007,0.0695913836657442,0.0635712119419173,0.126592635978721,0.266692707976193,0.177226709186863,0.192557706699943,0.0129615611517743,0.287919542333993,0.239538944316665,0,0.58909216022029,0.251732102445491,0.26498871465451,0.235887740108346,0.31799503247914,0.799098399110466,0.0288728201447032,0.515398281516739,0,0.822863247188919,0.0991176223578788,0.398885430967676,0.133035061160708,0.174117244575666,0.189104802280012,0,0.303788006456276,0.184444861128312,0.107929577484685,0.00602764687264259,0.192979815318999,0.21485122917264
0.702824631039513,0.101812601526963,0.107077063400705,0.53797779541912,0.114745867817364,0.608194361287804,0.263946411285948,0.149201813718276,0.0806413846468966,0.433112501323429,0.184283781816507,0.117884369519109,0.0729014616390454,0.138356652685562,0.532039032972102,0.266163222302411,0.611605621494145,0.0384230727080411,0.0589871374380294,0.154198412710739,0.0800595396924441,0.263771376995686,0.12708981552448,0.0767183584637717,0.0614085432457149,0.102091705024842,0.337521777937583,0.500331732749541,0.116856160612972,0.0236497737401549,0.0337063467345596,0.00683712173899504,0.239009388588398,0.324060682719027
0.110578641800422,0.0435154985542659,0.0769693763802316,0.0703109534710037,0.062046442370536,0.294967239049452,0.282357808642943,0.0913945974685857,0.00659707886899305,0.130958268310689,0.66233641981415,0.141229772158657,0.302073961360663,0.258920100313768,0.183932759644991,0.487006603728302,0.351708473846295,0.441909049378718,0.0433089227518614,0.0633378142418909,0,0.404490087674254,0.109625950503015,0.165440590739043,0.176567216296437,0.337096934224485,0.150590554631992,0,0.0839988091091912,0.203999477949347,0.187423094315839,0.037034185003617,0.181754765583393,0.359616210339714
0.0669818905221445,0.489707098989573,0.537872672190195,0.0877398332187865,0.086966446587825,0.273434031824065,0.813468201182879,0.404689408440404,0.0467081593309445,0.326002874489619,0.0330607895079535,0.704952403319883,0.61695863323929,0.430078275304289,0.231680981271449,0.147590780230332,0.0877780902223886,0.0551451710418896,0.0262875487334302,0.474228751676105,0.344706365610555,0.0883322505733518,0.200640374029132,0.12387026124379,0.132201029138051,0.634989620556987,0.415510292837963,0.039893446443155,0.146748830642594,0.305480728463781,0.420156785428584,0.0711583675817503,0.41043649581357,0.195520124736595
0.0835295175023544,0.073199608516688,0.210994875159545,0.144556570585787,0.105913523151553,0.30322064650956,0.181649731940055,0.08264214839032,0.0153539759305366,0.291143373768005,0.272347555240841,0.116145218278561,0.294914361364564,0.117348495601059,0.142176214558663,0.417194554205884,0.241032955821261,0,0.0227224693182454,0.0434066896797395,0.157756965369174,0.207904005099867,0.225386748394035,0.0377932649376296,0.201675293110039,0.162016838674869,0.131870256270051,0.438178341806593,0.230264542536897,0.139804982855244,0.147308013883624,0.0110608993936647,0.119246619963773,0.373636593368016
0.417687697986874,0.0871273123596894,0.0892210204761989,0,0.114184366079568,0.0732683531115154,0.536414097995489,0.18999160646818,0.0900397760896213,0.274448237477921,0.30710597317753,0,0.286889399417493,0.203422228631785,0.262441131104768,0.38307153042553,0.271794840970339,0.256125332620787,0.0568488005853759,0,0,0.23443767337497,0.169434460633501,0.319624730042839,0.375233001218379,0.283323260994521,0.232747994341,0.18528752784631,0.0973693671426485,0.0788237368124988,0.283712734502006,0.0177931972924359,0.118866423325119,0.255967002401414
0.488751893844032,0.31802713913686,0.628440745544268,0,0.23182691267694,0.0661635562064891,0.377810897845874,0.120337562914369,0.00181126790963006,0.214560634993806,0.415988949026558,0.230623002244381,0.152708435374405,0.318313277733292,0.25919327032106,0.284022739945891,0.220895000491316,0.138773394277383,0.016336016758146,0.437581263825175,0.0361440775375824,0,0.229506568896414,0.27708557887863,0.203307999025716,0.271038267735186,0.231196301135493,0.10039209314457,0.369295614301176,0.128124478460939,0.273590372138816,0.0247092833947856,0.256681458881976,0.168031205386677
0.331046338965544,0.0457181124736381,0.17790380316385,0.162513802434557,0.128365115073241,0.194792721258294,0.196197524375158,0.125729745986073,0.0513606694913212,0.343285613160149,0,0.108810824407808,0.191091733207039,0.177169422950944,0.478935156573242,0.536021961093517,0.0903248332138146,0.510704817444906,0.0594004179603002,0.048798746117444,0.133015382925968,0.272685211692726,0.140769304144103,0.297416205100568,0.249400502583997,0.102893635036901,0.167588554288095,0,0.323585442670591,0.261953163689103,0.064397171578358,0.019880311726833,0.355312222839823,0.379153399004306
0.0691123032399844,0.0323735647598987,0,0.511457842721601,0.0629213145142931,0.114945970779753,0.311509298399313,0.24712564758222,0.240850225159902,0.413906668105404,0,0.128417187254536,0.263253125599922,0.282131834775901,0.404160564442098,0.142336434603967,0.106600206561894,0.100454494521069,0.166675336133958,0.403141991807858,0,0.413768198595463,0.132907383949008,0.100287733028595,0.240823105770204,0.134596097574783,0.0608572087164715,0.87205734166264,0.152756650076584,0.123661582028725,0.0378520387857804,0.00330630595084445,0.314413996747711,0.205215047310589
0.039498952739128,0.0532473248663862,0.172668638546645,0.315462880169399,0.0501231996529654,0.212693170501412,0.205950576075814,0.19289535274209,0.10990879522742,0.225855109465505,0.148584566493498,0.190095948938051,0.428441212662991,0.315468447144012,0.361699294846098,0.195093214531723,0.131500270746613,0.743514618075608,0.0756198439171078,0,0.258202166068687,0.340278400809342,0.122964211503126,0.0618565775136011,0.297075397242683,0.148555578385956,0.112608656569337,0.537877751315172,0.188438060570654,0,0.12447975630376,0.00303122759665771,0.223647098902522,0.250260928631185
0.0177721688282489,0.192681296661132,0.17436845422122,0.238926431162586,0.193644962752526,0.0477304608926662,0.271775167562334,0.355007230009372,0.12693213659146,0.531343927637924,0.300094877024553,0,0.246914480405233,0.190429940097607,0.0848173074475306,0.256117934254593,0.398384823972888,0.250278102377631,0.00746667711943208,0.21523073102251,0,0.114542781492423,0.248349518090318,0.0624655792326726,1,0.206657755669865,0.284293122927343,0,0.570879349279286,0,0.113237186466875,0.00249216511090965,0.408117256493881,0.058127228603915
0.697486560397552,0.0837772488738117,0.10866792753058,0.297802190051589,0.0935629389731006,0.118984189790892,0.304084582843256,0.384915911578456,0.111469371342652,0.209658819225348,0.187021720726097,0.119635798899186,0.29176871093323,0.230032923073666,0.243836888649111,0.294673879606824,0.41379490578227,0.0779878612652704,0.0403984067752841,0.134133722152513,0,0.035692081996414,0.206364835943968,0.350361983540973,0.664756256207762,0.175630111738286,0.307101649770854,0.338510288347379,0.177888565575766,0.144006702378529,0.183508848860862,0.0121180967806776,0.412031371638852,0.377614268753276
0.0367198399337235,0.125327491254554,0.174174743522059,0.159107334157235,0.111194640082709,0.572129088872286,0.258261549206456,0.312789078238561,0.145099921020318,0.869102203982102,0.299761493393305,0,0.284549375413023,0.0438639073826264,0.458335620868826,0.196794918569837,0,1,0.0346682205379402,0.143327750199396,0.520908807748832,0.457662018387834,0,0,0.19977776201932,0.129173019017833,0.0189318208351315,0,0.190081714583169,0.307754922987676,0.0627812832639427,0.0190745563434062,0.228673043443795,0.384938989669527
0.0804473297120959,0.0682451756306224,0.126458942682737,0.288798261500592,0.0573508729368592,0.242312162064929,0.250857250636171,0.0765778365465973,0.0619530905322031,0.22642343846378,0.108820374139706,0.0464074635976775,0.155558093805187,0.155280827060064,0.612961539039566,0.114305774929809,0,0.363023281300216,0.076154647297768,0,0,0.664567645148071,0,0.0906050482480813,0.12087330775434,0.121383335913898,0.164944523373215,0.262620453551001,0.414024237249417,0.167583261697898,0.0695037176806538,0.01167129685201,0.2104006949901,0.482833167297016
0.0547434264154847,0.15961080878285,0.335727750850637,0.383356046778988,0.114984121172574,0.206774792112574,0.304295840907225,0.452334936948574,0.194797272282667,0.421436394798821,0,0.277209537784715,0.294982118355642,0.141735879528062,0.486424675571237,0.208631008761934,0,0.843296544437891,0.104352879347678,0.138134630853096,0.188263168211562,0.606484747961879,0.358627865825292,0.180406248647756,0,0.131164206678329,0.118598144226921,0.174303646280959,0.457986271051242,0,0.0236770190134407,0.00955090087651131,0.208479062455842,0.375873014964903
0.139211669763361,0.136815999457065,0.564661026007849,0.22106292656282,0.245087886020946,0.309133060164161,0.702752207488112,0.23802676978929,0.120973513093338,0.401433201365233,0,0.148012342363643,0.442155256145981,0.452551241927546,0.62577447772881,0.492166772113642,0.122866433064956,0.578914705009537,0.0676538937794162,0.265518469734665,0.301561768774785,0.317936839552103,0.306375401048348,0.231181183051608,0.27757037038592,0.374568680140599,0.578683189614176,0.167520762693143,0.528197335849933,0.142531045263944,0.185382230497365,0.012343289443386,0.327594613588391,0.462308508643854
0.103256914213867,0.0589639815881784,0.156441549898349,0.142908193532663,0.114602963484782,0.285488477918178,0.432425247819716,0.0726194574621042,0.00178388310040739,0.279531877173022,0.269241978934525,0.0191367712333895,0.170177560508668,0.129628189250174,0.27096024043506,0.530276257634502,0.0794280660747177,0.523942663010352,0.0387505289386792,0.171646847553053,0,0.137022073426004,0.0495148238515255,0.149449193963974,0.418688536139977,0.176915545033983,0.175711338029771,0.108295242859729,0.227638590854108,0.0460702121747851,0.153015666870158,0.0150400463971523,0.136199360732578,0.318672845165552
0.544579881647988,0.133639862513815,0.136851375852117,0.208354577392768,0.205233991087043,0.137356228770008,0.327652649253486,0.0608198812267798,0.0810975305777695,0.354644246480123,0.0785087446024481,0.100442485259149,0.269545730449197,0.191842351936957,0.602891097259466,0.515414592718909,0.764300700177919,0.26190459185998,0.0329913463684805,0.262767094929702,0.102321242374732,0.119863671426452,0.151600287481622,0.0980509978088723,0.191849865839186,0.229330350951797,0.158666453565204,0.189468571974248,0.0995665232354781,0.161204663713129,0.224510881025917,0.0125111202652032,0.148421551300677,0.306131948620486
0.0659815324807038,0.0824238881999514,0.253213856097143,0,0.0996749924466466,0.184834902731623,0.18068674008518,0.2333791713268,0.105386924987273,0.063975894509518,0.145263722988617,0.433643298638669,0.367686965190269,0.167026006057958,0.232716399068464,0.209805917339445,0.128561258773131,0,0.0506478583322744,0.0694562946223026,0.126215629849178,0.332672894828315,0.0400719665259697,0.0604740919801579,0.0968118053382117,0.206839317054107,1,0,0.0921131570964734,0.223705829004764,0.18237129342514,0.051733458707589,0.200848160270947,0.181074895543298
0.0535502338072251,0.0261729860712027,0,0.155061388997079,0.0195712860843101,0.0696975907921787,0.108447189308328,0.234793622431106,0.22559224026282,0.0387665623833468,0.146069572350597,0.124585337319846,0.144444325942668,0.0719477271473497,0.06716649956156,0.0958953456281482,0.129274451346102,0.730928653841655,0.303637759456671,0,0.063457905032061,0.111506056768482,0,0.304047611788818,0.227147315940763,0.166080248065744,0.0922520336332295,0.176257698266438,0,0.0749823292523746,0.060862103007688,0.183562571473636,0.193610035777446,0.116982744501465
0.529467842440466,0.00825196478879499,0,0.146665903891953,0.0747898362023837,0.175797156202582,0.37720769727743,0.157448098922714,0.0165768388754285,0.200020063223702,0.690803956546146,0.14729989544692,0.298912802157263,0.24665649932793,0.220912439888935,0.23582849645899,0.733650145199631,0,0.018635610432644,0.0660601038510917,0,0.210937573965431,0.152450301854889,0.115034204408219,0.399005013048068,0.231669455420966,0.24432022436078,0.500143240134603,0.0876091181790606,0.212767473273326,0.207619542142177,0.0154452627095298,0.233779493600783,0.406320203792752
0.592859455848668,0.134408179907365,0.11886939523657,0.10858630939553,0.157385460869957,0.113884764716127,0.347008609926865,0.179759347312858,0.0856368628460833,0.332454502617488,0.102289421285585,0.109055631620554,0.195311956159502,0.250195599625359,0.225045615246856,0.322336747881904,0.633696820243066,0.0853090279530754,0.0606276644913951,0.0978171842960839,0.0444382240412483,0.312341389939214,0.225737588059168,0.17033448626513,0.181790248359045,0.168034436313255,0.22610754636542,0.864006319669222,0.129725458474237,0.0525085337243357,0.20192752710427,0.0160227065181795,0.280036214918716,0.328275103409493
0.396938708289183,0.0823467354685489,0.0801094113716931,0,0.193349396623441,0.197357416080886,0.196132975626892,0.123146036810792,0.0624977924803125,0.333610754966435,0,0.0293982735676527,0.194133291769434,0.150570584710819,0.163150425573614,0.724105698114679,0.610094040020322,0.114984281705333,0.336625804121998,0,0.179688846993818,0.210495528374097,0.304261728508097,0.0573966295184633,0.490054099250335,0.173768350324618,0.3744198424566,0.499095306712047,0.349702090050819,0.0707739400924139,0.207157888089833,0.0143599399019448,0.15985133023402,0.444959419584866
0.1060115703666,0.107471779507952,0.0653448470809307,0.298460161608974,0.184789937176032,0.286192974087879,0.365245175499868,0.138900557538875,0.00246642469505238,0.449291628602993,0.224922035772152,0.191840137364047,0.295804714250443,0.268891004265583,0.458545286915225,0.561117268538978,0,0.281376314321564,0.0691126884058013,0.0537720322122779,0,0.51510089504652,0.0930693648384692,0.187272577073015,0.199867436533633,0.160444192424293,0.198873309936931,0.135703280555401,0.0713126387968258,0.115459899491607,0.166638426662767,0.030097615265973,0.276327642870604,0.466837563161375
0.808761221657565,0.00342997639614962,0.200206956461762,0.121925044845667,0.0993437721289651,0.164409914947586,0.222350092589943,0.0989802251467407,0.0422979883543428,0.317048767788464,0.344563942183187,0.146942444174605,0.207146500604465,0.165458472791469,0.349194414344396,0.286530010281565,0.406594248045711,0.0957883836076596,0.0705952855683895,0.109833041093005,0,0.306870822150699,0.190100440174669,0.0956292509647649,0.484788361914269,0.0537332469157216,0.130568223737141,0.554366044819197,0.0728304628370914,0,0.0837010171927969,0.0171599364508595,0.14375891027945,0.354895558375412
0.0136272181582488,0.148060950534349,0.23046099886433,0,0.0998548165479287,0.0630848609784832,0.123665839380189,0.10527375844559,0.0548735895772784,0.373776725299559,0,0.084573776979244,0.206272588578623,0.149209635320727,0.17669354559209,0.234351980323664,0.526541008180938,0.165394878286343,0.0248691219218221,0.189645500880251,0.0861556488559019,0.378474881846916,0.218827260380459,0,0.264337901966666,0.0848460161280801,0.187873600495927,0.478604128451482,0.377262598913219,0,0.0705273961370698,0.00416982205336774,0.088767241736058,0.197473566786939
0.165848250789399,0.0249456941421279,0.138673697673018,0.380032334333561,0.0563325125181097,0.740212857412042,0.227991418244467,0.123257024019854,0.0298335703160764,0.208097536027714,0.119331555484161,0.1017800468899,0.294683156175474,0.121484377668929,0.164831526461444,0.18802011213334,0,0.597132165430588,0.0720938677675455,0,0.1036837586926,0.956496604972641,0.0987551341967828,0.0993566512723882,0.132548575280574,0.141500393476159,0.113047963867739,0,0.227007755770016,0,0.0674281083725205,0.00600424939825533,0.148187978043755,0.352275467034287
0.224093188130714,0.0594474979057914,0.210299129468579,0.0480267514495985,0.166541586324863,0.273438070935438,0.182731160062836,0.08378284460958,0.116060253491795,0.313848867302518,0.0904833885478441,0,0.328688041820157,0.132705565681371,0.292049804580571,0.33265530113958,0.320317808436841,0.52823912002177,0.0419716415233983,0.0432636639355291,0.275164410216833,0.276291456144614,0.174722877800842,0.075337348106071,0.14070725049608,0.122878969070106,0.251441829081934,0.109183545485513,0.28688166365199,0.185792127736882,0.131592618997292,0.00929687743233662,0.118130115410293,0.371682125822765
0.53241161527455,0.0284942083157964,0.0924000035001756,0.337626866806213,0.027102595258802,0.101171849535399,0.305312586654892,0.0775259534149319,0.0918063869527232,0.463379906345625,0,0.169543224875385,0.0850081816523711,0.149729755855557,0.20603246879316,0.167040144628947,0,0,0.0351181288368404,0.152071240092502,0.207257320462401,0.364185944077288,0.131603485523241,0.331012963844426,0.0353274946718447,0.104775949078694,0.15065049408084,0.383778803025574,0,0,0.160810031860524,0.0208675927504589,0.187970953286555,0.320857477194445
0.0321535999136113,0.0491480271405478,0,0.17470602479697,0.0363421313727486,0.0785275109511581,0.0883320665873754,0.122834215604379,0.0937704450257018,0.185691475462804,0,0.10527673509788,0.285474886604915,0.312813742109679,0.170792992197638,0.140457503654069,0.291304016039907,0.343137083477505,0.0205451490325576,0.0393447867822187,0.0714972772764965,0.25126538650023,0.181596304999331,0.0342566540260496,0.329045706384911,0.0958536882781283,0.176696907430291,0.198587481239818,0.156537728394507,0.0422407796441476,0.0425562360830621,0.002141348349023,0.0417752534873049,0.107443111186852
0.0833448039591493,0.0420216685857993,0.291999404970146,0.213391398252253,0.0502979877918925,0.0479580131554797,0.353056547122725,0.171306918784496,0.0418089612926472,0.0894046312497374,0.201017041543616,0.107156927530957,0.333530492681572,0.361763575575152,0.210536700299317,0.422299705092248,0,0,0.0338020863578908,0.0480570736255021,0.0436645364493961,0.383629300251522,0.110903700906375,0.376580159082952,0.535875742479723,0.209699073470082,0.171389021196633,0.485121910894659,0.254933583495302,0.25797154217613,0.139143517732009,0.0314616637970967,0.384240429149469,0.319043041653713
0.10047148794642,0.269634598526428,0.245914274179393,0.149760627188896,0.171076231826055,0.190725617904197,0.181047110753691,0.0790662636558386,0.00698080861925435,0.174710814590266,0.211613857301766,0.120326334059213,0.190739122007814,0.185493381087441,0.335655128184288,0.111140543383682,0.187282435757787,0.294142056935567,0.0484187672149959,0.134908009596985,0.214509791747059,0.323082579346169,0.038916728975259,0.0587306801150244,0.297732966614644,0.0634728368354508,0.151467192383251,0.425580336336388,0.178915428027877,0.144837981640612,0.111627766464015,0.0144331779968267,0.304464304115267,0.286304174359822
0.613120814648222,0.0438913855328955,0.189772658446859,0.0866779567773186,0.100442867405077,0.350642913811187,0.318913767493412,0.0842119554282228,0.110985104279271,0.379405856803012,0.244954582755178,0.0696421111221999,0.235662184166929,0.138944128749407,0.64433418608567,0.375232486735897,0.216789635108832,0.136194190203063,0.0299739144953172,0,0,0.280489085914638,0.0900964731694002,0.0339919829115642,0.108834291009477,0.167837654336834,0.17533141069563,0.0985264082073034,0.103552075258307,0,0.165478616270044,0.0124036361101694,0.148143563031789,0.375546258293542
0.0585690240852432,0.0995936029036306,0.193775212202436,0.295020308876739,0.0610661433783842,0.229851879210656,0.158154311666215,0.228234196507274,0.0181260708627611,0.380290653240303,0,0.0948146268531727,0.541190314028255,0.23826454511395,0.360789903641337,0.24813310776288,0.688681903045534,0.556266815743168,0.027946501623976,0.106304555038156,0.193176231947717,0.212151790476251,0.122662328104245,0.231392747839359,0.0740864991049932,0.165050556421655,0.175519024527431,0.134139397593281,0.070490811790568,0,0.0806043564053546,0.00938563684721298,0.267306453365375,0.262369530309562
0.618646187437092,0.0302036585192065,0.125927224829148,0.0383444758523028,0.0745309177376867,0.126391732183245,0.231919749418945,0.109941320169769,0.0779875446482367,0.168019843699212,0.0722417819753733,0.0462123356264071,0.303989404973561,0.174016978483843,0.193902723664997,0.208679473789221,0.51148373325082,0.120499045081276,0.0256853426753978,0.0690834111174066,0.0313844428115173,0.0551478361857033,0.0398568359117103,0,0.481460171362946,0.144084929628422,0.0958130784371283,0,0.0916186378156516,0.111252419827557,0.108567759442056,0.0114828347874271,0.160329387111945,0.300799976609568
0.581533075599919,0.0737386017840385,0.0831712071436525,0.189940464388739,0.0541049585667092,0.239050485698446,0.163469804206451,0.132787977328381,0.0223158580322532,0.149521340794071,0.143140875402223,0.167870186693834,0.17709498098443,0.137199957188576,0.177152044381971,0.0892740148281271,0.316705850008467,0.387981445886092,0.0464602801562926,0.0342205682880157,0.108824656811632,0.259517167193319,0.00987157085181378,0.044692661885786,0.0556482512912113,0.117795499061649,0.0610216039378763,0.129542529492502,0.113458751362222,0.128588018209927,0.0894206402731303,0.0106899088594963,0.218637802973926,0.207439702874984
0.668854536177808,0.0685201088466396,0.0333292211989165,0.274013806744757,0.0322757741138185,0.218959523031671,0.282283098270909,0.138363065731696,0.0414031996693081,0.419008117340487,0.229443237524173,0.110079313633111,0.292704705201686,0.166845693604415,0.318990848733431,0.301261478747853,0.355358326346886,0.143516341977882,0.0227324028091092,0.0822794773870369,0.0996784405044376,0.56924336492047,0.0949402110397928,0.0716389595880523,0.0509712694532852,0.183835848749092,0.115926306928023,0.346077785806827,0.0363731008474798,0,0.112474074400106,0.00947891462820025,0.191638362964742,0.378888867679887
0.0827009928221896,0.0176992281234748,0.114788945415962,0.314576389667119,0.0209236898865843,0.0628430778930417,0.195067078134979,0.150160481419893,0.234874459033325,0.113218933624959,0,0.0842496340957009,0.262451939849681,0.188972653476094,0.217022055113708,0.155635935988012,0,0.494283416922071,0.415075932944396,0,0.343302028341776,0.22621474624419,0.0544972032612856,0.164487381346698,0.17554989927525,0.11971116905608,0,0.476769799563581,0.250544514225153,0.202824106067838,0.186270099193912,0.0983819932649505,0.122154732566249,0.168807666675246
0.505951522471208,0.0417597161470852,0.162500285247154,0.197923737679686,0.0425506478574179,0.252063328381821,0.258301415879172,0.0686221207094483,0.0937845403053752,0.300321538304701,0,0.238535224250774,0.126939042568784,0.0761621089119378,0.427032289982005,0.19584469385883,0.412521664955771,0.155495492611232,0.0273302057763628,0.0891472545340079,0.242997043284428,0.320239827203229,0.0771486404290948,0,0.0414193920907603,0.114995761704512,0.0942020239168472,0.337468412343451,0.118227370265928,0,0.159433347159659,0.0184826548899762,0.165749499258957,0.216993330967681
0.525000351603571,0.0364633297274051,0,0.19442369888789,0.080410920785255,0.291301040982327,0.192298817475189,0.168681413195274,0.0289664129689862,0.188955027238463,0,0.0520704563721498,0.402340341757278,0.183565228028379,0.42249757163411,0.288572132671345,0.108060304365188,0.407321905503065,0.0307490578990544,0,0.21217769645071,0.4194356694049,0.168409718820784,0.152491989795718,0.244121710947749,0.218907874136466,0.0925361772059265,0,0.0774243803061114,0,0.059039154375078,0.0261861772744481,0.234709877793636,0.385512570113794
0.0901700941828223,0.0734752295728069,0.0794210435018639,0.145100909608845,0.0938209712301161,0.217401694134816,0.336220931411243,0.112932762373392,0.0523897289571001,0.13439355277976,0.068343349114673,0.0728640838288402,0.280911428654906,0.246705020462811,0.261053979805688,0.233312153470208,0.12097042276195,0.170994359145486,0.0417863235792392,0.13071042284933,0.0890723394691254,0.391287779569604,0.113117729719541,0.256065185065714,0.39474754000241,0.221603786042851,0.215815417082706,0.164935670214176,0.0433371906211731,0.105248534157862,0.342928590261731,0.040572649337693,0.248042350646751,0.390247197188778
0.0614939926522254,0.142728267321613,0.246844909106101,0.112745573620952,0.102835698302279,0.506772697410629,0.163735547122017,0.109067102732897,0.0742720899784474,0.282220730911475,0.106207343357678,0.0905862874589509,0.450142316558157,0.243870091508892,0.267092858810038,0.264957761371698,0.187991446915893,0.17715312315681,0.0504944410844893,0,0,0.405381617665954,0.0292980037980613,0.57479165601262,0.28313032147231,0.124461834568499,0.160983987924085,0.256314680759786,0.471430229901845,0.163559348625092,0.174493757348256,0.0048978784413058,0.116180467080695,0.293254031654612
0.787601414486465,0.0360346377932792,0.500793802081198,0.731954173958088,0.0836715656370677,0.164500747987067,0.918140961546292,0.148063103652205,0.000312130196040916,0.161894512180495,0.344754109639807,0.0735118029125636,0.165823253886399,0.223737217685661,0.331487908164063,0.814798381221562,0,0.143761874916114,0.0454761802536298,0.0824202440869162,0,0.131588699682656,0.095102719777183,0.215284566318001,0.0765878079789851,0.833911537321249,0.239507295492531,0.416004270123814,0.327917963352021,0,1,0.0660629768223447,0.187937738581955,0.468476809001604
0.128463244539096,0.0491650555922952,0.273309839834366,0.0624167053931568,0.0215446496293087,0.486291162067371,0.0826205050658088,0.115360621498918,0.0451268851355281,0.122567298459706,0.117594358050476,0.200596591651432,0.175747194736901,0.251834190739271,0.247804073275155,0.0772012214427581,0.624439167731185,0.196146585873113,0.013268709300379,0.112452826565684,0.102174355906042,0.13465315087663,0.194634881966931,0.0979102414567656,0.026123819446827,0.0902975751316934,0.215377583093719,0.425692220421625,0,0,0.0465230954285865,0.00456529176553095,0.101427857011782,0.174796028670745
1,0.0418480065970568,0.0957905412558321,0.087503947750977,0.141223194119085,0.432647583023934,0.478004088363286,0.100095290301309,0.00715237031333383,0.417254226014227,0.164859239170716,0.123035080533576,0.246823054543503,0.167795362907945,0.256719940940179,0.465393023843165,0.875422061562971,0.137492042343965,0.0179407296350863,0.275889883448843,0.250672855483214,0.188774656834214,0.136432560951162,0.205895441510265,0.494421385856315,0.284750215654808,0.171796288677636,0.298395924283692,0.418155467424642,0.0846276849645622,0.291701322318666,0.0084364036212097,0.227787348720817,0.193198963894771
0.739136199674026,0.157585207868101,0.422906315912467,0.338031555362946,0.103179249600564,0.564347412047411,0.288144450503414,0.214211383367662,0.0104180721220762,0.627133637126834,0.0909797728561941,0.0387991727682199,0.191600913187375,0.194095892741695,0.340948827805472,0.406155112746325,0.402594463388577,0.455260918766031,0.0373469613680076,0.130503014341684,0.118574711204525,0.243081569471488,0.2007790155685,0.113626149161903,0.242536039872425,0.210185561757379,0.264313462057061,0.329347551876446,0,0,0.162926879752676,0.021153418280697,0.250597999084665,0.369892641947748
0.044390196502792,0.027662927097556,0.0897043535493067,0,0.0811669718606113,0.0982203393492296,0.232486653345399,0.262053298827749,0.063236485341872,0.276017172859053,0.154384673920394,0.0987582393399776,0.166289485291644,0.154132960561936,0.151661946931426,0.162167005521213,0.136633480170685,0.772537990496373,0.0472674157075894,0,0.335351557689308,0.530342000372391,0.298116454494336,0.19281370595617,0.411562528228284,0.171708823639206,0.156005861906522,0.186291277744759,0.293690712924161,0.0792507451424202,0.181662356565501,0.029084543498728,0.131339775174984,0.200946258099322
0.0408179719321765,0.153479349205908,0,0,0.125524301734439,0.163483690350074,0.19237221650912,0.170621264793686,0.166821891361567,0.388823731462485,0,0.0876688126126086,0.17190550219499,0.157838179250336,0.162125619896559,0.323904300724486,0,0.171447745443665,0.0126269427207954,0.196585708636086,0.267925793725728,0.235395250974146,0.113417739584106,0.0855814601879571,0.182674332798982,0.0986289456787981,0.07789959414988,0,0.130356293558329,0,0.0908260234597482,0.011395850042532,0.165536821377121,0.156511515556296
0.117658380075851,0.0276717631973235,0.0936345017113971,0.0641508162342492,0.0473886686847409,0.147377545884775,0.0764106560072064,0.21235501317878,0.0763973778355342,0.243307037072291,0.0402871528594955,0.0601329124345127,0.181387217234348,0.252599325589458,0.225639096522138,0.290935868982204,0.213929547340934,0.134397391489587,0.0282805601914912,0.154102968087751,0.0700087849653938,0.246034213111509,0.0889078378330604,0.100630588457438,0.286395798903163,0.0273006942029859,0.0559764889656585,0.0972265574335929,0.281011283503166,0.165445794725864,0.0718364981344373,0.00531734056484045,0.197150703360634,0.362262761751981
0.0411954709628923,0.0793507332657675,0.147037573184125,0.0671588653360427,0.0960025361433207,0.160996396173327,0.220187688082905,0.121615749377076,0.219949730756122,0.311069971143621,0.379586055055841,0.134898407840127,0.459832691452769,0.211136116497733,0.622128754459161,0.365493730292666,0,0.527622455551027,0.0980946854988204,0.241993346832064,0.274843312547722,0.241472870663456,0.104711344160678,0.0526745919663896,0.168651652822002,0.142066672081815,0.335625498174402,0.305356610924163,0.48139869750999,0.0649513472741877,0.0616412991135365,0.00687154582953225,0.11353429093266,0.377398019818393
0.16663614910982,0.0698061405567032,0.203728407648295,0.186104386764396,0.105205623786349,0.408959979545189,0.594932134962439,0.154786910395954,0.16530890054652,0.292507749205567,0.116874733684356,0.0996847666382171,0.219918305733473,0.385500238683168,0.561859059391987,0.445027825516907,0.31030959195663,0.0974731286732971,0.0643577975293768,0,0.101549350774637,0.535317549232518,0.0644814305460872,0.243278238797515,0.129819898545128,0.130203041353503,0.354306278274952,0.423087886730548,0.222334445580409,0.239982925730109,0.163867882778631,0.0143464850865507,0.378222239191975,0.5179484059836
0.0571285735034797,0.0709135807572957,0.459912265696272,0.168050606445081,0.0616422028935638,0.352501233807625,0.167398244077396,0.175764427853961,0.17224178869529,0.418411404530531,0.316610802515526,0.135021567024317,0.209414968915599,0.196989735047442,0.484586785211612,0.207856537625882,0.280206802325703,0,0.0789121212917707,0.151384067045047,0.0687735274920155,0.422963355525029,0.262017521130005,0.131806829670308,0.0703357165849767,0.156014833290882,0.309937285507596,0.382044599704398,0.200766027405468,0.162526767601512,0.19988403630869,0.00929441204953097,0.226625418327097,0.212191776073128
0.0285084801593105,0.0666802512147256,0.0926693797603032,0.169305423093109,0.0551045983399408,0.304400160963285,0.164686316109128,0.143225023410327,0.129573430272159,0.433076394566058,0.318974902915675,0.0340074871465194,0.355047395454744,0.0853307297297147,0.107265744352803,0.251290429816553,0,0.266024225752391,0.0267060262058418,0.228771725123439,0.138574233983859,0.304372734826295,0.219978425030484,0.0663955703422801,0.0354304858843327,0.180989056613708,0.0503631800954779,0.192448821938973,0,0,0.0810041277988675,0.00754086345802856,0.178399226176134,0.200111491468291
0.835177402345136,0.0231208278970449,0.17994093968391,0.0821873557552528,0.146204079807473,0.12313963696467,0.425746014511936,0.245113291703853,0.0207468551665105,0.133357954604242,0.154842670388122,0.0330170505579155,0.200533356593359,0.202444185723624,0.184303601097158,0.142317048593052,0.685194341709404,0.258276516387538,0.0655989004918544,0,0,0.295508492189476,0.128143149100015,0.193385582419052,0.206391700246503,0.261262731933175,0.166247917318622,0.186843928114832,0,0,0.273206932612411,0.0197183130903001,0.174955214029237,0.264347882899739
0.0362018614390647,0.205187102737067,0.26614940705481,0.48625116865184,0.0894997724814549,0.109280976179951,0.273758510098136,0.248910133558484,0.0253695266505263,0.492346074801573,0.229026877098966,0.146505909090766,0.117079912161371,0.179831686292586,0.157825380326418,0.270643058020702,0,0.191007633192999,0.0385880706374635,0.109506750377437,0.0994975584774916,0.699335173349046,0.189535691765483,0.190690190474692,0.254393739603709,0.0909848254002881,0.115715828826063,0.276359747954374,0.145228197897591,0.117567049933296,0.160300472650182,0.00312509355398161,0.32457251303348,0.196119395588335
0.177685402331988,0.0474403229927803,0,0.0562118988153221,0.0421624656820731,0.471638064435286,0.131662973463234,0.160815297088334,0.0540996931393191,0.168912985656927,0.211808749415693,0.0903278168806788,0.393582223958215,0.195095658096905,0.178306465142713,0.152958844196724,0.0937274595604915,0.176647773518645,0.0537417276292622,0.0506370434418461,0.230043452737707,0.404224770152072,0.0584288557519499,0.176354309676759,0.0705805995125039,0.116721409877864,0.167213121480143,0.383374737571246,0.201465020391196,0,0.0495247389497261,0.00932806317269859,0.121417033310791,0.243672623449811
0.116859118643722,0.107545387217292,0.190224249731353,0.0868842194189381,0.1749737511789,0.208282883579848,0.393581550456167,0.152940877892208,0.00830301121898267,0.285776065903157,0,0.139615669046842,0.244119017787959,0.394590313185748,0.382355878363022,0.709265125178962,0.144870344778563,0.546073135322634,0.0571421728357087,0,0.213340729398435,0.312396166623912,0.316088047315376,0.477020204006971,0.363644259430535,0.23478174899933,0.227439436725836,0.395043463760246,0.415193969149187,0.0840283271596246,0.248331218988504,0.0246140517866571,0.209735462300942,0.287184316970487
0.0802978128172061,0.041282778402752,0.181372751716244,0.0236689515948914,0.0383255653999763,0.198591082806856,0.168752293906788,0.100560050147558,0.0236407700913977,0.151545533746767,0.0891855842437403,0.0665595425228177,0.172118987475879,0.104900869026374,0.125627134884032,0.392290276511979,0.0394655001912997,0,0.0513624452836124,0.0426431326958404,0.174354494905541,0.306370055051695,0.0123012190273213,0.222770714417778,0.0990637705187851,0.0939660568327606,0.0535099825105118,0,0,0.022890950985598,0.103325626625117,0.0198781573338145,0.197034309367949,0.496440077705849
0.511346881157648,0.148277355612486,0.125433597121895,0.267359485534578,0.0508560907829156,0.148786538224177,0.177609673762116,0.107064677620476,0.00333538387706567,0.172004808568137,0.071958597828016,0.0613748934713984,0.151701352055557,0.179295300318053,0.379961066401507,0.255102727634999,0.127369816874936,0.0600132247931625,0.0209717278186292,0.103218841672195,0.343875975993235,0.219726414128868,0.1389519758578,0.0599136481292805,0,0.111375997019023,0.195419630225446,0.173660847268959,0.182518808959394,0.0369387216519599,0.108092425282513,0.00676849891283886,0.151775182339135,0.209532942763752
0.0825594910925267,0.0558991160090657,0.36253549289593,0.0827932914486424,0.190661062148363,0.347333143839519,0.236957078727225,0.0628363741169109,0.102295913068311,0.249792713889664,0.155984265710002,0.166302488652953,0.268136299743099,0.154038392422385,0.412548433132756,0.716831872959283,0.138049150441035,0.390271280650059,0.00778368792453158,0.223746763389532,0,0.357224684042222,0.258175961202526,0.19481146270559,0.0693044924701288,0.104062509792714,0.157622306128333,0.376443269067685,0.890201178158014,0.160143888316328,0.183676132780409,0.0109383311071779,0.197277333594169,0.539707896901035
0.152226464227139,0.0613240932539041,0.125595566032443,0.114730616444744,0.0486891245610925,0.0859492371997273,0.122908149222378,0.166331513004558,0.0297461367296089,0.0914403920165199,0,0.1382718738991,0.439603144393621,0.357889018822647,0.294399837076355,0.0709533815290243,0,0.360544802373075,0.0202300587023584,0,0.187810963144197,0.165007661973304,0.0596277547980196,0.899864578866829,0,0.129031784447712,0.0887349829674242,0.260827457637265,0.137065914682785,0.166439115842646,0.0961543012995532,0.0103518776088966,0.149387642528599,0.197577664456935
0.363553083050323,0.221849967470454,0.233321362961519,0.159852920316949,0.126056945990376,0.215553894614512,0.28833666474706,0.130728428512531,0.101812855627107,0.309236795237962,0.150583096534493,0.139138143866424,0.143803551563101,0.15646794214262,0.210275568538193,0.131811459102069,0.533076298277048,0.167447553351697,0.0466261032304453,0.167999338100011,0.0654187431752313,0.0957931506151444,0.083078702370583,0.0208962331879138,0.234166396670065,0.138297964493229,0.285308139866671,0.181704030250036,0.254630056136645,0.0515327961951542,0.109474140892366,0.00709915880406268,0.229027219455514,0.2908865820986
0.0526337357730361,0.057519173454649,0,0.170385794209129,0.0328881417858855,0.238266334495157,0.185546707674287,0.162708454709698,0.0898757164820739,0.305608989160111,0,0.159714101946967,0.266033635822913,0.119520794037622,0.246931548452455,0.154546209542461,0.189400322387086,0.0892405102258189,0.0577332565374629,0.153487660888078,0.0464861677846288,0.408419694900629,0.11807037695429,0.0890922555240414,0.142626101423778,0.119132488052874,0.121642859354153,0.516470833885627,0,0.164785197529627,0.0411899849422168,0.0098370182413685,0.163572972550492,0.247639448370134
0.681634316515109,0.0375707170172206,0.0664544370645263,0.12141111232145,0.135264832373253,0.236480154906496,0.564967430101117,0.197913756316433,0.0938610370801472,0.48397352903921,0.571852735975224,0.0487743740746139,0.141915643259847,0.242696681141858,0.537754579697174,0.210237605030499,0.506100945626972,0.286153986339306,0.0360964799287589,0.164055187888247,0.0496867533805696,0.567501218386752,0.157749390022029,0.285678600510608,0.279484104552743,0.196266984275738,0.122794726223677,0.414022425276396,0.0725235650327495,0.0587102347545369,0.179282191392581,0.0166496393936514,0.287800662372418,0.371558825413633
0.611842481393914,0.0163238036555844,0,0.386840568852304,0.0335700075218811,0.0869392421838029,0.144302752008045,0.142790312608547,0.0287763159404439,0.151187975123546,0.091102023364021,0.0777025523103838,0.279794712885306,0.211489733524758,0.256256289444652,0.23923554910527,0.24188099902364,0.0759787763002841,0.0626932629630124,0.0435594575526276,0.0395780137767962,0.417270863267026,0,0.113778706919951,0.101192408642367,0.0958221584453754,0.0632902579932631,0.219859710184587,0.0577686900575597,0,0.0790579590702593,0.0246585943130237,0.257939721556647,0.309994151102479
0.0533884341356979,0.0224345133894601,0.0872998701675057,0.23924319164793,0.0480202478391639,0.215071831368791,0.20471413083678,0.219942326665008,0.0903006660159043,0.362780610656815,0.300492634111612,0.256295899384739,0.264994902351097,0.135985965759915,0.412658326849001,0.157820041521734,0.132971083425499,0.250609830429584,0.0540083677519594,0.215516076559577,0,0.2293893143537,0.0414464890496399,0,0.133510132728121,0.150367095164527,0.0664230173451412,0.725190951214263,0.0952727626794294,0,0.0377460675205978,0.0483608893965825,0.238974466723003,0.302162347754718
0.0814072682107121,0.0438518259085874,0.0711005770314015,0.259799395474917,0.0316374661803846,0.291939032713608,0.183730400693368,0.291551951181633,0.0444303769637042,0.284328856731592,0,0.104368971315433,0.30226207890744,0.206961232929246,0.169245401593597,0.289204116627172,0.216594153963877,0.102053537016492,0.0974637416940446,0.175525203098675,0,0.373648221876681,0.202534272848342,0.152825994170105,0.163104231239806,0.123612331792264,0.378683581253387,0.295312698202301,0.15518805214454,0,0.0489264077394116,0.00756719054635306,0.158897644829586,0.257965446432129
0.258197983159186,0.0446538210117303,0,0.26455080275508,0.0588333348632371,0.317096778799287,0.200563934219332,0.242087135417906,0.0640715653142813,0.200806416568327,0,0.159416656146295,0.453792939995831,0.154941179880131,0.263095555392659,0.278132571933538,0.220555521871936,0.103920030636206,0.0580049138614186,0.0595784820944617,0,0.0951205019437833,0.0343730824274456,0.0518736944694678,0.110724802953867,0.175514255552203,0.102304479718497,0,0.237039325611268,0.0639637862981713,0.0709686787254333,0.011040639986514,0.239603982291223,0.319674408079781
0.0678004778404619,0.0428157094354589,0.111073097221324,0.355125336685363,0.0416766039598455,0.456065881100209,0.151743173704861,0.293560736828536,0.154201131514917,0.357181488801842,0.0955804079091944,0.101902954214818,0.359933355189488,0.222964536991112,0.24942588737719,0.225896732891089,0.169181352144125,0.0797137337137411,0.072947167246701,0.0457007491979334,0.083047300265191,0.364819820774294,0.0790995598579144,0.318325591938853,0.127400392245641,0.186445017034479,0.0965841414466556,0.576670529161839,0.303042763465867,0.147193879213789,0.0514813908039593,0.0138533657079861,0.200699924780103,0.280380158432526
0.757651716864375,0.22373200381014,0.108826636473649,0.0198824020820615,0.196722611356886,0.190652538168193,0.18745612165484,0.0730270984492004,0.001820239379853,0.0377455710407685,0.224753719855579,0.127797676409318,0.298454643838302,0.184102387469889,0.21307956053555,0.167225513665315,0.198911473175178,0.749775338592877,0.0106556461891116,0.143284687166835,0.130188107045214,0.114381156459794,0.330665610536366,0.0779718890510489,0.216361052816846,0.110568480367766,0.250771380050794,0.54240691885482,0.475061697880739,0.211517977475121,0.128778581294074,0.0203551536947529,0.270845567724629,0.251402806875923
0.129947233851592,0.666669979469208,0.120474843431483,0,0.176617362851559,0.0329779823342419,0.151247092008038,0.163204203389973,0.0296103470781584,0.0833554170949233,0.138227822384777,0.250531533253137,0.357302770102463,0.191321747757466,0.0702727836234746,0.0635231500375662,0.305836000727566,0.23056330969535,0.0149545015371919,0.198276603317887,0,0.184660093765061,0.11439328075653,0.143862580495423,0.122830468789103,0.368778961193208,0.205154102569936,0,0.175303433735165,0.0354785259678514,0.254130642694162,0.0333862984622104,0.206433872821984,0.330956833941782
0.138187964913132,0.295184948210226,0.0687818822674755,0,0.0510129679013952,0.0658976793520439,0.157835112028013,0.206573544082014,0.421306752927511,0.0492978656015924,0,0.252413614630757,0.228709268008296,0.170120539264748,0.151147381796779,0.0466288231055195,0.366678984417958,0.246813797621261,0.0437007217059531,0.141501030477191,0.0771405399469618,0.045182875230434,0.0653098585457154,0.172482588008985,0.118339002332653,0.0692839190443128,0.0523334983191218,0.214261942735302,0.0375317851752819,0.0911498317205192,0.0717543431428376,0.0174716259650651,0.281529928044603,0.141283083012884
0.111859472445766,0.60055251373458,0.111071381448966,0.0811703053893952,0.0815740980037116,0.0243231529566389,0.0760814542996827,0.116373903568959,0.0122679118067686,0.0217462602801126,0.0382316316397307,0.236411357971677,0.29915779569246,0.149632984478538,0.177944211533289,0.0401588195067005,0.0338357477519668,0.0637701003926803,0.0059872649808986,0.201080500903547,0.0830460174139361,0.0729628821462722,0.0738251534689343,0.0159160398808845,0.0934255592308039,0.051366475559709,0.185921652016252,0.138398831844634,0.0484861081463672,0.0981277875102261,0.0226025358110882,0.0117378227506519,0.211565261769034,0.102110935053434
0.193465981674878,0.446705646271279,0.181912362122678,0.258495364184436,0.137841743214309,0.0276641555918303,0.130239520441562,0.192394624146014,0.0545824203045441,0.0310624922325012,0.243505294126158,0.571148135123759,0.067599054168136,0.226328458863885,0.0671840126265825,0.0365399940771859,0,0.0870353929450531,0.0046556127305916,0.216226122430884,0.0151125009236529,0.225719163769664,0.143941197740713,0.0868908015908295,0.208652849356853,0.0348407607657581,0.127425095270901,0.29383041223228,0.0441168870563651,0.0357140854086388,0.0719732248580137,0.0101157495987801,0.172776773043078,0.0309442311362049
0.0765546138405118,0.173344065520191,0.0242639379480632,0.110824478485443,0.1857890594921,0.126195036852664,0.0866814638789327,0.0448424947337754,0.00761417697871174,0.103325442353337,0.0417591789018066,0.222607203112225,0.240549536969711,0.272796333563735,0.251550581013568,0.115143405689422,0.0739153932516145,0.174135062817767,0.0048061823776624,0.279533580764576,0.126991754858414,0.0956338924762984,0.0460781917102949,0.0521537319979387,0.213368206901343,0.088797364969877,0.168790550976692,0.100779055299244,0.423678129926936,0.257236214732591,0.0784297150168494,0.0152452083879521,0.223892688810991,0.116967929048461
0.538195702703539,0.48811735941924,0.1169593974482,0.235051326640246,0.17557307803873,0.12165958444495,0.220842628169264,0.121046750398331,0.00197940104176425,0.0490816604546946,0.120774938291546,0.549393160824423,0.253015956036641,0.380680123165856,0.183656537817332,0.105719167887275,0.285035291141464,0.201451771986834,0.00590363444829305,0.0962454542027473,0.209876004729103,0.184393649150601,0.122160791113713,0.284915934651681,0.214643198752245,0.0703612917321217,0.282224801653389,0.38862794479625,0.485035782898359,0.371986707414105,0.0886697709109918,0.0249763886919647,0.3884464493316,0.0964614392955208
0.396587732276544,0.48076415472635,0.1716336846606,0.182917033360161,0.208650310552979,0.0548121503233262,0.23037384633784,0.0801546610706364,0.0977014473704162,0.0124215411356528,0.19692548831548,0.0734830909555131,0.170955611223429,0.163171413477528,0.379933155912592,0.0775695168781202,0.217853543853634,0.20529385761306,0.0283711851630605,0.0941578148603042,0.0427757770999762,0.0939552012378178,0.407423904163669,0.0614858166769601,0.10936840212545,0.148560486083146,0.136807838304478,0.4158417887771,0.156090395353279,0.0758161854195376,0.0864711149864806,0.0300623134180292,0.227992201699681,0.226372838357285
0.103760057538645,0.325207034579521,0.233115470278619,0.0608426205073027,0.229227598799436,0.0546955796904463,0.272919928827947,0.164560498960048,0.017373849012504,0.0343434363383927,0,0.452181841135356,0.231122709595114,0.369935187524235,0.39016216607477,0.0451526559183902,0.304346371681786,0.239000087426472,0.0245497838417202,0.219234181147964,0.149396752025879,0.175010042392195,0.268779513765712,0.095441166057583,0.331045179096143,0.143915255582276,0.253383520344165,0.345797719274991,0.218061843933385,0.147106870771697,0.131613585248542,0.0260922065270872,0.28758733216913,0.122299914423569
0.380185505613778,0.0678334239636155,0.247463959772688,0.0251173353876006,0.161911393000979,0.045159425604547,0.327985851788738,0.157720419902044,0.0593469324512346,0.00230848310810613,0.331251629637657,0.151355711239566,0.218363970577441,0.137246329229266,0.124016576990164,0.0559204605930088,0.209402904410765,0.197330660463902,0.0252280678258125,0.067879058108409,0,0.0903106356484861,0.143593942228185,0.059100826295106,0.262815009611311,0.144152987711817,0.0657505168705118,0.39971123929084,0.180042842109599,0.0485836041231088,0.150140886517042,0.00992191845326985,0.146188231671185,0.152228290703677
0.0637856625577427,0.480628888324821,0.187967837504004,0.128780456457972,0.141830984013118,0.0257265562930952,0.112511262424791,0.234456359086769,0.00546634606399145,0.1043200656126,0.080874912040169,0.275919136802716,0.0994244633059022,0.311541060251344,0.142511569817781,0.0530948331860901,0.143152044607334,0.269797847831146,0.0132736571248759,0.232017124685552,0.0351349867404494,0.216083426468725,0.111549500039222,0.269349634353106,0.233564980468733,0.101993050653955,0.178771718725464,0.195178936146256,0.153850921442401,0.207578950687283,0.0483954609701709,0.00734449143581507,0.312084191511673,0.100138698750059
0.119639803036954,0.209946973877456,0.166728634644978,0,0.127891260822539,0.0456391874961135,0.190484789131199,0.265541797666186,0.0119543988746318,0.0870383701137145,0.573893197349822,0.0458891372151354,0.125655659690523,0.109911640361771,0.199936879355838,0.0470954831602641,0.253953266416757,0.2393123600099,0.0653387754777682,0.171500574432616,0.0623300222087209,0.164286322915544,0.178101267462256,0.0895930776886553,0.286855848185442,0.0605138729449698,0.0770205133159197,0,0.181955570035989,0.11047434607623,0.0414929051420128,0.030561270615751,0.533353002300623,0.198985004171981
0.321072457643888,0.299743784853211,0.304656314496955,0.0795147185478859,0.156995844344269,0.234299128697924,0.134754998015591,0.161892310454365,0.00411117151660978,0.0400698340436816,0.549293383206028,0.234251223957358,0.257153298083874,0.0922939287124312,0.108007549940606,0.0688444549456312,0.441941315933072,0.0624692929907365,0.0111867883688535,0.167133700550402,0.0650817381505595,0.104829500242776,0.19973912256523,0.0103942112136959,0.105386578172069,0.169931289078746,0.137188399721153,0.361535605506692,0.0949943264164298,0.0384504554376563,0.0878899552350709,0.0118243027005302,0.130617287957974,0.0676868576397782
0.211231357339981,0.205605873900496,0.260895025787201,0.132403061652311,0.17684186477609,0.0317402764968994,0.0775581257095374,0.100340560843059,0.0166635370449661,0.0049000060677805,0.199560075346472,0.574453976968099,0.0836827296875639,0.384083559048564,0.115673610448706,0.0131012212644068,0.264921901623852,0.0832162105919018,0.0127744156415081,0.262398305942656,0.065022085567205,0.323721753376881,0.0550499773424535,0.103847455026809,0.0886653972289066,0.0286025859894393,0.173297814765097,0.0602007642324395,0.0316357521898535,0.0512203843499401,0.0584881335354916,0.0127649961019064,0.151090769891515,0.0594602593850221
0.105748245125281,0.457865825465266,0.200642076331624,0.036657071901182,0.246482413275438,0.0439379231791075,0.107019907977173,0.113215745604354,0.00652463169102009,0.0546878362176238,0,0.191440436698792,0.359897257608004,0.2350099849581,0.443225158207999,0.07254388740853,0.183365234044244,0.287989695989834,0.0127303645513886,0.264172220503623,0.180019694332466,0.184522701216403,0.0381027190440609,0.115004455030743,0,0.0372244588483943,0.252980616842948,0.166671298810323,0.481725817988443,0,0.0510654610229583,0.012542353330098,0.222133867173703,0.215116810429833
0.0937351766506806,0.519304029628342,0.19356108381222,0.106089998534532,0.218044223966371,0.0635809202147755,0.233227258213711,0.155456214955023,0.0128156737926383,0.0937593173707193,0.266500791823036,0.255716497128647,0.191939509416463,0.196798365725616,0.198911797640981,0.113723457933946,0.0589647444005628,0.277826060723226,0.0179539049128097,0.127424501679529,0,0.0762902839686452,0.312443127033039,0.0554728774187965,0.207212940366973,0.101465705860713,0.281922642676962,0.401973150670093,0.0844953881068207,0.239406456905583,0.177422886388122,0.011069714151292,0.383045404266565,0.0846762153270495
0.285879748030619,0.372599958334527,0.560975203829467,0.118256986637598,0.184721480320892,0.0944969831595357,0.194324789967264,0.151396115761592,0.0153162590300715,0.113568313434937,0.371330897575631,0.237536224446909,0.373108485859052,0.160175043500317,0.392423866473767,0.0877610142202594,0.0657271375915469,0.0619378385467011,0.0287996718100758,0.0710191297285857,0.129055605957356,0,0.245841751679644,0.0927522894727525,0.0659934889873858,0.111697868207547,0.173543838787873,0.268844273031375,0.470928969729653,0,0.0932668569341576,0.00217987277229776,0.203396267229016,0.21591506261545
0.171055704458416,0.279680600214211,0.483700591546836,0.0552321512676297,0.270844587786227,0.182056839502434,0.270880177812261,0.111544271744549,0.0150100350096308,0.0443333465064158,0.3121752351772,0.110941742746532,0.273187756875452,0.208654114229369,0.347978130445037,0.0819778569881568,0.276281237782428,0.0867844420282449,0.0205687686663893,0.0995087849292376,0.135620212399117,0.158871658904006,0.057410386206291,0.0433201337886054,0.43921894875623,0.0814523801020312,0.184014406355148,0.502256566598111,0.329922442299842,0.427333019961465,0.118306533582024,0.0159091569355211,0.467001251137976,0.238043563708093
0.268636314088339,0.390197650676842,0.261097658502621,0.0366939045157569,0.229154638650719,0.153937814217033,0.243633998495541,0.339608516514425,0.0153378139788352,0.0323765622325321,0.380227131994228,0.324302751216244,0.637391349013162,0.152807624631964,0.651915871038819,0.0771555867730643,0.336508508133897,0.317108129307447,0.00757578469098636,0.214856294424636,0.0750837445299223,0.105547908860613,0.0953528773373461,0.0863403151762147,0.0921470906064864,0.0547464010542518,0.146265403076941,0.291969003119927,0.175349683739847,0.0532317345557363,0.135259234685733,0.00371822995236365,0.303865763577309,0.192956491500348
0.162929945135594,0.0681079074380277,0.0642496695851383,0.036682149425999,0.0362811375192899,0.0351745074585479,0,0.0291837017451306,0.0869159774820897,0,0.0552879398102282,0.123784991517065,0.0914205700971772,0.0250910485223673,0.0042286537667045,0.0163336059523428,0.13456028241276,0.0461099529497815,0.0109681821930887,0.0859149856670697,0,0.110789676916744,0.0571933820577158,0,0.0337764601316752,0,0.0384096426795731,0.133428898020151,0.0175293135151127,0.0922388014905425,0.0244284583800458,0.0371818059963656,0.137050823402522,0.111935154992859
0.239708289169286,0.380595852599323,0.203188625664626,0.0412470426153351,0.228271507387075,0.0926992028672806,0.0664012880670855,0.104600743171049,0.0185368301308518,0.0320769348693999,0.0777102775175115,0.240266504889061,0.165159044992217,0.188926653325053,0.0800941779640249,0.0204068394777036,0.10316256086572,0.0648101060076763,0.00941333859377372,0.167203166163582,0.101280336866477,0.133474775900242,0.117902736362035,0.161755847596644,0.15537116556992,0.0401007205787124,0.287111153549053,0.187540887575736,0.0985535170600726,0.0199455484798458,0.0492659073562819,0.0120835397307386,0.148377980751074,0.078302725521482
0.101576515406365,0.125810575467488,0.0777093889980215,0.0709869494993507,0.0772182477216673,0.0425433025615669,0.290035406029018,0.491794501177941,0.195578399081751,0.0751820225706901,0.0668704371991168,0.0570350433843338,0.122402759682244,0.0794003939281483,0.0954918426228744,0.1141420019096,0,0.0557697162087449,0.0601554421031767,0.127893535758766,0.087152809136364,0.0510473617700218,0.0737866238284403,0.139192665819588,0.341674134622897,0.086646040642569,0.253397227716568,0.0806905172180343,0,0.205960805880073,0.239856913017888,0.00396720431959496,0.28998688027726,0.163439671197893
0.125362408954001,0.449276439832757,0.0682920292594092,0.12476867942538,0.276463817207798,0.102816049662659,0.0849351993052919,0.0757627483434477,0.0152689592318991,0.0134623140080358,0.117533232796563,0.225554397352707,0.224043056915534,0.188580761796952,0.211047952980334,0.0462967407385465,0.0520097447873437,0.196044629367168,0.0201649864534778,0.309085269181369,0.178712597188811,0.0448610903851364,0.0486335296009869,0.0244649291718953,0.31332321220539,0.0552995544232364,0.144747894379754,0.0709120619595535,0.14905814767795,0.181001206446325,0.0612887141767372,0.00747788802612372,0.169468132114914,0.118759752939727
0.0744609615244328,0.923337980780831,0.164514773572096,0.0601131780041895,0.459936154493354,0.0990729675802135,0.132359041699644,0.146535916555174,0.00526929873820335,0.0445528452246046,0.339763395067871,0.55543211652773,0.170556941222163,0.251216101972958,0.0677696421599283,0.0446112821775794,0.150348782267456,0.0472270416236204,0.0157825983309559,0.243681417708451,0.0984036712124073,0.129683801024031,0.0156210403768639,0.0942969214065702,0.0503194072376845,0.0786129714609887,0.271803860369058,0.136660709017287,0.251355293659443,0.087205954287826,0.134636021541311,0.0100011859189895,0.21389247687223,0.117898092512761
0.14171191219024,0.341303974460039,0.183008912236357,0,0.185750201816162,0.0357826285522341,0.0270999706030906,0.147427394147687,0.03164901489356,0.0969224869046148,0.179980209591704,0.29742288147786,0.298170487035387,0.172986129655963,0.229655538560487,0.0590790233513807,0.159286033865279,0.0375256584383169,0.0239609170428477,0.0860556111766783,0.136832378549906,0.18891520524125,0.409602417282849,0.018731658648267,0.0599744726111926,0.0289383462243935,0.179028484852328,0.0542940684331525,0.171190928258191,0.254072078460393,0.0930434151832486,0.0149100515393346,0.443525422283784,0.198361144976214
0.11188235527606,0.265977564349029,0.0694633870478747,0.0951812752391573,0.21010657296487,0.0285216213631794,0.116054653540535,0.221581823458468,0.0243850455596099,0.0150066335720778,0.119549185011379,0.471590998171816,0.126730614020325,0.458808737506033,0.127896472328897,0.0470907529736008,0.158704817198996,0.0498518059723363,0.0115833049427332,0.200063930954569,0.0259682448131758,0.205337277855747,0.197870394272263,0.0746533582867506,0.239022530738121,0.0600325411051685,0.128354660264174,0.144256355657415,0.151614443483243,0.0920526579942189,0.0525241520186051,0.00441925614463227,0.311600059781986,0.0685699143499214
0.191349933175555,0.342990955220128,0.0196277494608614,0.12550862314201,0.18936694256514,0.134319239715248,0.123531062742602,0.16182032451195,0.000894287107848357,0.0638968411406051,0.202680711497956,0.37455201318987,0.344098554345953,0.310454068255637,0.275506429687191,0.0399182778832678,0.239168567468174,0.366242545661861,0.0586171385545222,0.177667624266146,0.0733765260798529,0.11604136338492,0.055910825631546,0.0843771021254332,0.165095044817249,0.10274330791152,0.13867273098228,0.489137266807199,0.34272489298835,0.0693617961089036,0.0780290514424322,0.00607432801718339,0.208579732373907,0.132777756573919
0.213176047333122,0.42949987287304,0.0925086118904054,0.16901170258369,0.123656398608295,0.109731571930092,0.127041952617734,0.264826143073669,0.023630664407783,0.026487808008133,0.0530703037866061,0.339484576295572,0.282383687470018,0.352174833444158,0.0684789979705087,0.083618146143692,0.0469682651518794,0.221302014133536,0.0464950252998917,0.177624843614126,0.207500805630588,0.0607689835025249,0.0439193914304378,0.0883737220060817,0.271162217785218,0.109122363154585,0.187696318479515,0.192114951276975,0.20191422590225,0.136213535087822,0.107565642024159,0.0168424124978205,0.25649236553297,0.0535674816486666
0.463640197874522,0.362896986032825,0.273067229623016,0.35634990356908,0.108206971587851,0.373738036011214,0.141964755838967,0.0665025610016312,0.0112705011907453,0.0313890187267289,0.40282221498431,0.343574644949261,0.0831361716618622,0.222127807387376,0.179586759141375,0.070521306117752,0.356505602050566,0.279960251738986,0.00805838521204053,0.128403373826232,0.145833760950418,0.38438163434692,0.222242387606065,0.195646658038528,0.089487752540849,0.0597652867041581,0.152644534451009,0.567085554980695,0.979162032303849,0.0689273602290474,0.0605570019212372,0.00295977093240454,0.169319590686022,0.286236664009685
0.193446295972479,0.150289605374493,0.0590731843825596,0.134907365974344,0.0322873626102711,0.105106977273705,0.205049547189967,0.087636301518652,0.0468231557348735,0.0766298909130435,0.457502741039466,0.0758746836411421,0.287036747072666,0.121019025438949,0.0599467308382992,0.100117618805423,0.224943916773119,0.381555723293983,0.0179121274883769,0.0243056227189829,0.1325037818455,0.155220894307147,0.0280455868369715,0.0846492720499435,0.191977456863574,0.214790483002974,0.115576685009058,0.122678761550072,0.16117059323589,0.130472948484181,0.0768996247660596,0.0176687517994801,0.23408254566339,0.130171360470474
0.19280854377437,0.181695917037595,0.22445613876755,0.0512597146020941,0.116577387384221,0.0998418077334141,0.194245100499307,0.0853324703933711,0.0366496526126076,0.0355722290630209,0.241435894225553,0.216221563120499,0.280904929086451,0.181675390655101,0.312295091771835,0.107782692433105,0.341881103559011,0.161085368871989,0.00512708774187833,0.115439989122702,0.251732490619792,0.110584095285283,0.186484844777275,0.120613441998057,0.31108587571296,0.0942492341797528,0.167730215785746,0.116533332193113,0.122477502275051,0.272661568537869,0.149410760360928,0.0103161802630712,0.167382979718359,0.104491601310965
0.0810231678649854,0.46501935370403,0.290522296547574,0.113738486869173,0.288256476213756,0.0568039958271283,0.342158640418218,0.133067981329559,0.00418305729792711,0.136870933160193,1,0.365536584605669,0.379913066299168,0.214482994466888,0.347421760918752,0.0937864578167769,0.189647025864142,0.178713500986934,0.00784554676795506,0.136611187832335,0.0930934367277235,0.218107796908792,0.177336458171351,0,0.253887967471046,0.0948830148387107,0.401493506808368,0.172381306663588,0.7246969407588,0.366666459503709,0.167150241108172,0.00317265470947818,0.37281324829541,0.246255187198713
0.146499133719978,0.405467789118243,0.0765924211932888,0.0874583380027162,0.135748113104124,0.0681391982983881,0.0770872954981942,0.209778405712219,0.0144310867779013,0.08848465702052,0.197727794184478,0.147565040295909,0.100797953030879,0.212093755856136,0.0666113261990852,0.0259618621333592,0.291654993550168,0.274840754527398,0.0325362221985045,0.110298404225204,0.114533473181225,0.251568236195261,0.109089060734525,0.150911216056206,0.10981408511758,0.0571204534780098,0.131121423448148,0.119296227724734,0.083587427488606,0.169166997243166,0.0370912810852865,0.0335815358224105,0.308205533292578,0.0681250903486128
0.207478509204398,0.267334452408026,0.302995103700423,0.13839188804766,0.109058370767893,0.124409843558641,0.338045656883609,0.0995830613938407,0,0.0829427403952552,0.434555375788907,0.148256142139299,0.225876703302068,0.263852623386532,0.244068177656703,0.0912920985643728,0.0769179104633635,0.217450570180677,0.0263709269869028,0.0831112292716799,0.226543834514241,0.0331729180464155,0.239749995580903,0.108544660453882,0.32822695904538,0.07959933080198,0.142713496521311,0.209745958989138,0.110222374516435,0.178457346385004,0.147778837573039,0.00394067215829485,0.258830929480885,0.090701106906007
0.248453891642618,0.236854493811062,0.0396135806127332,0.0603111337157133,0.0810846355874149,0.108435627742721,0.0910066468487414,0.0734589995708601,0.0260332608227588,0.0123111221497543,0.227255130608722,0.150218377730351,0.24645912869583,0.188444596512835,0.111689280808042,0.0626615581684624,0.201125271007951,0.208483076820779,0.0314899859453718,0.0869277434787391,0.177710048933078,0.138785071166861,0.0376138895036706,0.0756861042378849,0.242328811056979,0.0933302452007257,0.196630448121046,0.109688805462794,0.0720522643777596,0.11665755402292,0.0693202505908158,0.0142844448775566,0.158985743882658,0.158557652789717
0.126830762697368,0.430706123949774,0.064133168642064,0.0585851730701865,0.0790273291080014,0.0702215950432025,0.0515877048500832,0.122042195843879,0.0219453237318304,0.0347625185994137,0.147167759883466,0.211818496356069,0.254625980808108,0.153503194601768,0.197666131051094,0.0531389945189544,0.260492476589304,0,0.0442464771544768,0.105550034231581,0.143853680038424,0.0421291314130987,0.0202986038992485,0.0153166268041399,0.0326936092115865,0.0584068847014009,0.116182028683656,0.177582847670887,0.0933205256397293,0.0566594730592911,0.0398003388354378,0.00257761293526233,0.254943090471547,0.104029216152855
0.0604124200670825,0.172657521732573,0,0.0590138420100263,0.113690280906067,0.10610304092484,0.0887257861294912,0.0559102413387819,0.102147874746077,0.0763384184321335,0.0555917943333051,0.213368186458975,0.332191213166116,0.246938168935266,0.372399348182736,0.0291969608628233,0.196798813314461,0.0927264868964957,0.0267638675040715,0.212644407643985,0.0241510860105584,0.12731217345319,0.0766766726975465,0.208288053633456,0.0370494159053462,0.165631063544746,0.259811196330975,0.0670809228370383,0.211507263310452,0,0.136607295249253,0.00472045538739332,0.200551924728097,0.189145459717585
0.108762181474374,0.161683685476895,0.547098037002003,0.0999539984154139,0.190968498319903,0.0599035911081687,0.0880595306412795,0.231716514049445,0.0573051039926017,0.0371934849473454,0.376630781910114,0.391505668250337,0.00637355035697799,0.0901675290184932,0.157565046007834,0.0989040157501258,0.12499712527728,0.588953973040631,0.00900727640819729,0.40518445026368,0.0204527541277022,0.143755660820965,1,0.0195991849162297,0.146421229204713,0.0388319477004884,0.0297332489381915,0.113617219602092,0.179118965497871,0.048334250661014,0.0386725726068592,0.0147194914204628,0.824237756956361,0.142606842034254
0.0611901651897735,0.2956545666304,0.349809952474821,0,0.200505553419518,0.0425576273170174,0.210857360928182,0.111174973202555,0.0196042007038238,0.0210962823174946,0.133785758642653,0.142635587652221,0.217071917941556,0.155720861576603,0.269225434859219,0.105397360106086,0.177604812390369,0.0557884328620102,0.0344586806435193,0.127936598791327,0.087182186430102,0.127661346640837,0.405963036145446,0.0835437507621741,0.133743601342927,0.0880056307938409,0.0802694776167001,0.0807175974424866,0.169669921019223,0.17169175789037,0.0827471023265327,0.016220702222579,0.295122611649665,0.262708694382584
0.173280786692467,0.430969884173371,0.417174435197766,0.0381085903844933,0.192941318311951,0.0685167143125254,0.143647286389231,0.0667295492454887,0.00830687881957825,0.0778388698562131,0.502581286990745,0.199021148937925,0.260215675128958,0.122519135041724,0.177741385090217,0.0565623701864244,0.0635420869859735,0,0.010955833129526,0.377620438477681,0,0.164425293393391,0.31689236374294,0.0597792842053917,0.143549283164761,0.0662687990409031,0.136033567583314,0.433178120888972,0.273164324206915,0.221135593562042,0.125898720466365,0.00538266644854264,0.249950873384191,0.125071434013193
0.0575708305409018,0.263583069496683,0.101218901840492,0.061641809876313,0.105636558728897,0.0369426989116755,0.0949412834154751,0.337521084045511,0.13670344405584,0.0214860224214571,0.116134438942515,0.123816599855748,0.223188686937855,0.131751758208999,0.226526466044437,0.045745751536322,0.0513906340488431,0.0968557253872931,0.202852485468998,0.388699356638294,0.0504530004351431,0.0443271867731664,0.0800912297170564,0,0.0773985521797106,0.0872836579091693,0.0733462474809206,0,0.110462986888966,0.029807818966658,0.0165477005387856,0.00605503763618123,0.295762078711202,0.0711715211737807
0.154441299708553,0.441450018786853,0.120548964797327,0.110120583710737,0.105355949288673,0.0659965436478586,0.0801957013060598,0.233657993324617,0.00859335806464999,0.107192296879624,0.103734575839461,0.364968767876105,0.161632987668518,0.159008022627759,0.104440804153326,0.0204307230431509,0.22951812329738,0.0432571409573322,0.0199491805760898,0.347197464900452,0.0225330257227071,0.0989858649103263,0.100155723284847,0.0647780401405154,0.115224338148621,0.0446610950344277,0.104823969364116,0.250347054455481,0.0328895579847731,0.0798757204155002,0.039544010305086,0.0107126967488297,0.235413620472743,0.0274962726595401
0.049685011690202,0.551684948986251,0.0710854782346555,0,0.132596365184706,0.0389169320112351,0.00871150820046528,0.0978087047988411,0.0361596173209479,0.106229559387307,0.12234086689784,0.195650327401313,0.357591111772369,0.0630178963432957,0.143793366688923,0.032126962552508,0.216548158400358,0.204063730204369,0.0569411284410933,0.146239940722677,0.18602254020969,0.140088327967623,0.0843713595904552,0.0509311801012561,0.0135891328920543,0.0417424521051188,0.146805305704244,0.147624993051785,0.155155096675617,0.0314008010536813,0.0129764986414935,0.013634289177759,0.330415804230104,0.187095660894204
0.147441099122902,0.673406306230928,0.209821630021487,0.0851869411924206,0.268607399244035,0.140397069070495,0.406529670959143,0.13965748051924,0.0314289310901524,0.0677637778423385,0.240740779019214,0.102666150774924,0.253245705757131,0.202911381235284,0.228854476857757,0.0790237391008939,0.28408036052159,0.200776987382267,0.0495878728663906,0.134292137636229,0.0348621242785245,0.137832001936795,0.166024791094814,0.116925256778924,0.133702536056928,0.16829827259243,0.157110974513985,0.145247278081124,0.305312196893947,0.164773525665444,0.118637061824246,0.00896871447360701,0.414318990738251,0.244833431991932
0.370948360920292,0.398254842076851,0.0717470800557077,0,0.0216448949559335,0.0196395684876421,0.0261132161051585,0.104997150281937,0.00959286218082695,0.0058174335944855,0.0308697296816851,0.171141649747495,0.285252732982122,0.107305356935102,0.0297840188220976,0.0040532271620966,0.218563600365456,0.0772359936018598,0.0169270657715193,0.0885606089592851,0.388918551260684,0.0471307161048412,0.0681252918742454,0.077107804859819,0.212591836837779,0.0658128602175113,0.0974812936328043,0.37249739530999,0.0195747995521052,0.0475395028179973,0.0935303724773492,0.0336717352552145,0.0894385323653186,0.0584473189383984
0.25433396287946,0.469327684273069,0.515488877591481,0.201812321371615,0.157899349205167,0.0604742330056268,0.294248970691833,0.205021215192175,0.0156203696105356,0.0339186508362803,0.506957796112729,0.405369261898068,0.149636157875803,0.185576136763128,0.14927575348352,0.0832051077951382,0.112166976439818,0.317100987426596,0.0359987532995943,0.12119829312258,0.165180697296365,0.145125077938431,0.349619342628942,0.0527623649230745,0.563108521447002,0.108412377108131,0.0560307589706826,0.152932717044436,0.0803667793893501,0.130119154575045,0.0936755997023189,0.0136542015383355,0.220580290539791,0.0572119074157182
0.238699048876894,0.220989347226339,0.316154391373508,0.115521812352719,0.177202981292861,0.138467219229627,0.268136478564972,0.0622980636270762,0.00196510201335309,0.0280908034920259,0.544113977632882,0.232042481103471,0.231254049927137,0.23960539100562,0.319096233832236,0.0428656494387323,0.192620534510262,0.72606257026441,0.0343190977526927,0.156097421851538,0.0945530648855902,0.249218474214608,0.300194937172656,0.0453035075745357,0.193401621973838,0.0620696744101993,0.0481098932167716,0.131313077325443,0.621050493021305,0.279311651051885,0.124304393190469,0.0100105798387568,0.283242446574741,0.232377051263559
0.135404713023259,0.0888393199173237,0.0203353339810946,0.0743050195016939,0.00744011869255648,0.122462616145587,0.0486989726059875,0.142023027721665,0.0612346739329335,0.0574125216907826,0.069996093298989,0.171640268141974,0.11307460632677,0.161518947046804,0.0458347275798263,0.0321669365070146,0.0619479225685595,0.0291881282238512,0.0144048231481494,0.0502017538373045,0,0.0801501241830272,0.0482721818520832,0.0874192833006172,0.147722788852467,0.0812649716223896,0.0773621159557918,0.084462151110503,0.0665777243499721,0.0718626066971338,0.0284291214687201,0.00523832887695297,0.108315328009027,0.0200871627055686
0.221120750019254,0.420210274835507,0.232646378116078,0.12144042167858,0.279990585321946,0.0818782356334914,0.196363605595012,0.305877618772651,0.0859834138898319,0.0393500690246546,0.114398127382076,0.256127342566704,0.370144867667362,0.452187463777189,0.139834616551288,0.0600823657322945,0.253111495336677,0.238519118691903,0.0354944725405437,0.191443841358047,0.124246709743101,0.196490054312323,0.0631149723657761,0.119061434185526,0.406620393217825,0.150401094941483,0.122824341607862,0.414122194524379,0.21762293700637,0.352345991646886,0.212932206816158,0.0218920032504157,0.370245069132227,0.042958965604113
0.171251129540421,0.371278132483789,0.270048842891701,0.123343805812187,0.403376603776257,0.665292413816166,0.316903537041846,0.0775099818367259,0.0130544727514588,0.744950147538788,0.232382269660406,0.148652379739559,0.538256149337298,0.139151340417387,0.196470212607383,0.244096281166017,0.308494335228211,0.0969030095639635,0.00689971130279735,1,0.302865787075427,0.399139442504092,0.512833669334064,0.338597088199774,0.129060453152151,0.216877536104468,0.300866212688439,0.560817195657472,0.663101484119583,0.417513192617137,0.260350407519737,0.0182506621426096,0.151764339417941,0.319501276671173
0.238271312880243,0.129701563464078,0.31828555221876,0.0623038565314805,0.16862464711677,0.161804312380741,0.140394727128441,0.0785257199547353,0.0130987357145742,0.0451191445777034,0.195636542743827,0.283665257618979,0.0824104562873171,0.0557693918059092,0.109164301687235,0.0410996226164027,0.103885161622138,0.163159962123404,0.00279750438543912,0.112249794956429,0.118988174163991,0.0597376940683838,0.161902852684078,0.162889028429587,0.278150466750271,0.0241893780669961,0.0864896780688382,0.283282308489365,0.272920903129646,0.120511997691093,0.0956734901405708,0.00380986602277148,0.139855689198164,0.0728045882117324
0.110636390511956,0.138375094869023,1,0.0702686351478751,0.347482250668524,0.0736974382452748,0.33446842426991,0.116302653956507,0.00512988022022103,0.0424061128494071,0.529550516774158,0.169373786549896,0.591259762869537,0.157919210689005,0.802595859494305,0.225974160618684,0.351497051057166,0.165616276592732,0.0298514266692439,0.0949496098983416,0.172541954367441,0.303185004984002,0.803440102252615,0,0.0588203150363431,0.0515208792636139,0.250833259046213,0.0798741909782945,0.67158620663828,0.0339795251249003,0.0761941574988263,0.010995635482565,0.368442322004225,0.392963941218134
0.142155461066126,0.578806519468415,0.134466967006899,0.153543101603943,0.158171343363907,0.0644141513178869,0.1456162161725,0.100828892936669,0.00784810155714153,0.0218225736574918,0.173567077879184,0.296077134420757,0.22376341887162,0.328436105131695,0.171585956791496,0.0683686059217129,0.102406770128808,0.193005635929079,0.0136653835487169,0.193641609111629,0.175942279903776,0.132497136058522,0.159598731307728,0.192685119803939,0.192791349840223,0.0651283783934853,0.138850087596637,0.139625280957329,0.110060593123542,0.118796991569428,0.0989869756705489,0.012654613882624,0.251255023811558,0.112345729236438
0.222274746755951,0.425328739948892,0.0824248461681399,0.0301177938361011,0.133844181006673,0.13988696687722,0.109440769744895,0.169684323670248,0.00367902280028715,0.0626151490765947,0.0567425436787186,0.453719379028371,0.459114705035755,0.141341386561371,0.168117265765822,0.0298013779111294,0.225981953013441,0.0236615438037411,0.0164217979703608,0.0542616800710357,0,0.162434735721657,0.078263963553078,0.082677699669954,0.113449150122419,0.0399984754240142,0.129011215428049,0.273877631592075,0.0899525141652342,0.0436917287865005,0.0539782829785192,0.0116461832999203,0.215319101849183,0.0758272607451145
0.142090533879841,0.240320652360251,0.0694429693568204,0,0.0526613068455413,0.145734379018564,0.12441530849518,0.222163843851291,0.0241575863781825,0.0308168825606207,0.23902779545423,0.365269361917682,0.280369144142018,0.118567052466024,0.115442812174985,0.0679999615381543,0.211544311498682,0.0996743056060071,0.010516138982025,0.171432944292955,0.173070489084475,0.167262635493398,0.0879165752639871,0.182432402530221,0.0354003101150687,0.0631694404783891,0.0779965528289592,0.384570186953318,0.101046523385276,0.0409003342549053,0.0708940577059139,0.00935830580272768,0.151414759710236,0.0597073113996908
0.173845878469133,0.829550480267596,0.305252545391187,0.104567165840023,0.134282225674268,0.0104447193127574,0.105688380255022,0.104436052317465,0.0106472316266001,0.039704116046569,0.131337795575299,0.252046088987548,0.236179343033748,0.109583785187657,0.250498416923203,0.0258671808560506,0.290591346143795,0,0.00296117677998262,0.408185590657496,0.228231681910361,0.100260268148778,0.126806504552729,0,0.0437654269520394,0.0692285823441529,0.153453978103265,0,0.0416412947005359,0.202260218603405,0.0699779613968688,0.00639506553135668,0.157509395058687,0.0756319206104747
0.209731377972756,0.0348513411753219,0.0616444408375097,0.281558536820468,0.0617021717989255,0.0506223707028786,0.0728629798573781,0.182024661599098,0.117370286636219,0.0113826406264075,0,0.0904881882723619,0.166278711665867,0.189748449731134,0.156599619129174,0.0417901135531712,0.187787602941207,0.0884807618662966,0.354079887309434,0.0507269816442765,0.184361504404798,0.12148273948344,0.0585325518034275,0.0441668846648597,0.164980442493545,0.0454555449784975,0,0.128018554229575,0.134548379002872,0.435685830402356,0.129771058201644,0.267625783658911,0.502921923163484,0.135901550885662
0.204363618333896,0.491179420727169,0.710624697273415,0.0895380484826922,0.364501045405096,0.114029937893496,0.241529316798134,0.223997964280178,0.188011181655321,0.0441111686919392,0.210864408536393,0.179850061878675,0.187549906401074,0.230045797533498,0.354876805862307,0.18273218993607,0.59718104690084,0.105516117870587,0.103040889102303,0.322632052083397,0.146571272136881,0.0804845324618355,0.325742532560601,0.105340701672259,0.14053177183786,0.10861795606592,0.266348065059852,0.30533202493091,0.374391166436353,0.194838428809435,0.0864113140830929,0.0038134164895085,0.416700365841094,0.301314813078342
0.324506291272999,0.36354764749514,0.158596388402134,0.0869259108039463,0.132114328658996,0.104191461017973,0.229902284170477,0.101082529543193,0.0184947652613257,0.0493674809437166,0.272950539629687,0.221164364305622,0.48551191914937,0.155536534290368,0.110379634789719,0.129019253177968,0.144939860800699,0.273167830505928,0.021608007327069,0.104406675419522,0.0948636431744103,0.0833456562089034,0.376476131213546,0.0909046318551417,0.14552756723801,0.0466282270772117,0.17583310052558,0.197616512665706,0.519241874417194,0.140114514630075,0.120172777771293,0.0183768935732925,0.222766217075064,0.152459202006147
0.149583474376913,0.177436961042006,0.36024201998566,0.137115912238067,0.204910999072616,0.032870100487455,0.177411779380199,0.270807579042369,0.183155505362533,0.010339686496622,0,0.0881335559349536,0.354082042212059,0.108165811522872,0.173763925723748,0.176378308542632,0.365802455326809,0.129267550864352,0.00442047911812297,0.19762783402406,0.0673366058013612,0.0394405654937543,0.541590221714865,0.107543876643837,0.252508803616684,0.0393151173660712,0.133783973302887,0.374061634590853,0.262094657094601,0.10608724096988,0.0696940991724997,0.0293986161411941,0.500850684682632,0.200186947552596
0.447160799720766,0.0815942560342625,0.110437918294577,0.0378316404697961,0.0503703852420063,0.109585788189375,0.0827322191054702,0.127279924017336,0.0711164949664694,0.134436871537098,0.142551179112054,0.131716543722612,0.29584922523541,0.073641050411806,0.0480652663780129,0.0686293865405408,0.189240644606916,0.0792581309697812,0.0169616027848337,0.193117934397635,0.258038859103934,0.108820195870604,0.0262157954745675,0.0494540374576625,0.0738919965922373,0.0887645065178491,0.114037934547017,0.143343467038378,0.0602620708767278,0.195136440302735,0.1149216240141,0.0194834955190332,0.229091081654305,0.224241616562728
0.311272118951853,0.503081223827684,0.0582633398298194,0.0532231280607315,0.201467218314994,0.0797431425751834,0.179082954639997,0.397865388157575,0.0425099479487378,0.0319336333342757,0.100273469070769,0.320719297488932,0.0974941999407531,0.523675204228572,0.0850434437494767,0.0394980667106755,0.177487994112568,0.0836277306919867,0.0176590946714185,0.575336516420923,0.0435624214895032,0.26791276486105,0.165966711531025,0.125233323629955,0.534623054458276,0.0730326475937107,0.284980617588927,0.362991167571004,0.317922157684429,0.102947357921959,0.0462167056363851,0.00575139779965554,0.333235080492245,0.0503497008131722
0.117259466636509,0.575167351496733,0.0296838912481712,0.0813478856120052,0.181153911509317,0.113756264614773,0.0867440122133344,0.253283822119093,0.00694911137011,0.126686304662867,0.102173962472638,0.435730456428818,0.255466445370563,0.255695495498697,0.113351120391434,0.0670777302269086,0.13563908744802,0.0852129819692136,0.00763826792526413,0.195413547008807,0.0887761291143605,0.0974966378837355,0.0845561063655935,0.0425355861561641,0.136188888245285,0.0888475393695937,0.132285039494017,0.246580409025411,0.064789515666955,0.0262247082450806,0.0301829508640537,0.00957125267917843,0.390278681124329,0.0508990905583363
0.0602334516028408,0.590572826887366,0.10891499875006,0.0248732997242256,0.182497874963676,0.0596273346768232,0.0730380858755733,0.0875569183666769,0.014404987905997,0.1376643986572,0.281170557471174,0.329746311599662,0.262406811828794,0.161673677713511,0.453707785768902,0.0984479404573408,0,0.117247765391677,0.0149686070942185,0.246470913886501,0.203584389034393,0.0715463525715963,0.064635630566077,0.273123256833997,0.18738772235852,0.0567034309081864,0.186455642756409,0.113093431050185,0.0297155343841634,0.0962226967432922,0.191820802689707,0.00427860537950517,0.312840198352556,0.278492555209722
0.0790535322568078,0.707660725656492,0.405955686061014,0.0927094149648562,0.172241269451196,0.0648221015665553,0.137788197835427,0.0949184207681323,0.00111107975281882,0.0325507892011104,0.407554845150833,0.310367188781432,0.333210156403242,0.316871455278024,0.305769128729616,0.0458677670890206,0.0515278367241123,0.194228375185166,0.00878123745847505,0.0835148922555866,0,0.0444454187531023,0.0963658077380714,0.218143825701102,0.103473303201734,0.0869752485018472,0.213271422012138,0.140509664076942,0.443030667310796,0.0597746481349801,0.0996943264308023,0.0156252536827357,0.339210376977813,0.231449173979867
0.0924677367412972,0.279049736200975,0.552689052806154,0.0296986857025978,0.418292133680718,0.0711950208840845,0.29216520458784,0.241832229611051,0.0194533247634922,0.0442199913682395,0.223811446013851,0.167031432352016,0.302764733727468,0.272933715160975,0.194715072246761,0.161626794941058,0.1485583526898,0.0933291138772902,0.051440276549647,0.347792581891416,0.145847744029097,0.320348704317259,0.246959681460066,0.0931739438725133,0.372901398246748,0.169012671761939,0.427587010110632,0.202550101978424,0.461243619559071,0.201057258679282,0.0859221015539288,0.0115857171950302,0.414701096356969,0.266872488025963
0.122759092091902,0.0974462983832019,0.16729175113271,0,0.0923052762534108,0.0305288718498923,0.106207975291079,0.507398771839407,0.499779481870991,0.0144399805552953,0,0.0613921458315559,0.0793445611791512,0.268001632818006,0.0311808927859974,0.0126012172708886,0.0849370801598137,0,0.132692740902881,0.321215348907279,0,0.109894089392844,0.0264745061261721,0.0799071966940328,0.660930427861576,0.0769327099756048,0.00606123223123573,0,0,0.0985309973638261,0.0275803352523401,0.00695360882301283,0.569998370348606,0.0736012195846192
0.092685093758828,0.72496111234256,0.155003046353821,0.0353984936244312,0.374431110531788,0.222754831763497,0.347017194953265,0.118433752729925,0.0138525725092307,0.11322784759919,0.133382981607204,0.255971063888197,0.305844056499961,0.366659676918627,0.628593743817903,0.105080011107409,0.177070113964462,0.166861426578386,0.0286555605088111,0.095663609097228,0.115892910656081,0.101821629081145,0.0735892510611739,0.138820306875892,0.0888939458813322,0.0678719040346843,0.101087749935753,0.482847884678152,0.380607953502829,0.0342349418930642,0.0880569417609832,0.02202384038469,0.524860813299306,0.655485157157403
0.134598490971431,0.135080737612917,0.125152896764208,0,0.208725093341614,0.0685170430774046,0.071757316411494,0.368847699753397,0.0232261798394774,0.0268769306181018,0,0.183712701609412,0.0396774767703814,0.248297531121974,0.0919824206859049,0.0141406603976443,0.381254089946415,0,0.0075055312594107,0.102987854389344,0.0467872529741623,0.123319561768489,0.772428710593769,0.0448346475510116,0.358874847899363,0.0260666614996839,0.136034201665847,0,0.0682914087339483,0.110568327320302,0.0505776115479534,0.0041498454666395,0.577755075521965,0.0667431829709572
0.107578567973243,0.432518697257656,0.136044791266856,0.0710148482457096,0.187030994713702,0.0478800019462881,0.0682069916578653,0.0656383518391219,0.0145336697355993,0.0487635757204138,0.0334482114071535,0.285287042438602,0.306310121721511,0.228063806364006,0.276189193856135,0.0570933917974066,0.207217069789905,0.0557913881230521,0.0173148661013522,0.127943658304861,0.145311640489659,0.127668447322187,0.0738155414233142,0.139247247322064,0.133751014086246,0.0558568516796516,0.147873044741236,0.322888562025829,0.148469443164923,0.0686805836720321,0.0799451834139307,0.00932946938738846,0.220765441943784,0.125434843507887
0.092873785902817,0.114038253856878,0.199691538445569,0.0202685959642426,0.115713724102226,0.03644152033655,0.135127822905814,0.150665235609384,0.124983024866059,0.0217003080058789,0.0763726089173773,0.146564277477138,0.157947884054496,0.0957312163118231,0.0706335036895519,0.0401112462359152,0.13518252921241,0.0318473706180559,0.0145433622340629,0.109550378171081,0.232253420594586,0.0874517660859737,0.0421357867618183,0,0.305394135234284,0.0664275222206892,0.103703396332541,0.0460784271805638,0.121071651930329,0.0980115236163498,0.115501442470651,0.00400075628659855,0.21746918218476,0.0875420550112923
0.291798071459425,0.199521240361244,0.223961653174119,0.136391641974448,0.0808736725243622,0.0272469999265445,0.0626072399086275,0.086589937887322,0.00233060821547627,0.0866210201641289,0.171309577559531,0.456603860310032,0.34169719407417,0.232049863169515,0.0313428656343057,0.0674794083730663,0.113709395848273,0.107153825031307,0.0465633046472512,0.266207195875098,0,0.0490402358418049,0.12995656740166,0.0713171254135409,0.0380567618027766,0.0417529083973432,0.129831401184392,0.103357021403354,0.0543145449711078,0.131908436196058,0.0340340745200544,0.0112323156122312,0.219389727584517,0.0854009661822292
0.268830629757218,0.159351343150658,0.204424153339262,0.155616699437245,0.169231766650686,0.111915463089755,0.231972627756716,0.295833341750263,0.0328717246643564,0.0398519639603788,0.234547934453648,0.525132249729802,0.107294091306014,0.305397644673551,0.137478020489979,0.0461945764610248,0.207579546191045,0.440127765785712,0.021371688002675,0.168219877302831,0.0254740905097743,0.111905385562489,0.2102802782899,0.170876367487913,0.403816145860222,0.0993130646200264,0.092582371983399,0.353777477519851,0.148729154729672,0.270902755029853,0.0857315217996597,0.0101455426457473,0.343311516238462,0.0446844074204128
0.290365064832971,0.218664738692015,0.381811509023504,0.0664345950724231,0.208781477682463,0.0746532516819142,0.110795244387999,0.157544529082183,0.00179928045052874,0.0271881785908356,0.438074950191777,0.220182050178552,0.335072550282059,0.082204073099594,0.118061552136027,0.115039380354852,0.0830797479443119,0.182676506044124,0.00446718229262856,0.149614811763013,0.135939642361596,0.0238869174792626,0.198532485007856,0.078159851026919,0.0208541461408569,0.061001921043001,0.14821703451535,0.604127738844016,0.218261636463728,0.176690044248492,0.0529612215304764,0.0039278291815038,0.195937840241816,0.0552705195115435
0.231782435468155,0.445216904555872,0.0223258014930308,0.0407889075838353,0.0440503555583764,0.0733357499117501,0.113807468781502,0.293562194955633,0.0234894362602194,0.0583076089092088,0.192117558923121,0.0983164781762366,0.461048778428918,0.120858716780248,0.25470860682801,0.0857658447489151,0.238039062777672,0.192270761016659,0.0889076917432177,0.220461689361355,0.183618348672813,0.219987335991167,0.0529969095644171,0.0639837809344353,0,0.0532149039570391,0.055813828146476,0.185458204524108,0.219282694259382,0.0197240862256693,0.0582520773379086,0.0126783076987287,0.28727122491603,0.108520634562999
0.223847123137078,0.221489839084923,0.145729811493238,0,0.135230283780537,0.102577131528308,0.228705951916333,0.0553914387486851,6.36042289734175e-05,0.0177725449058677,0.179147488741289,0.114598739381377,0.182513444243492,0.141658914243563,0.0657376052125752,0.089384592634386,0.063419780601162,0.298817033632102,0.0132294735882117,0.29123543039948,0.155656424724341,0.191460066895181,0.0988381399127731,0.193908286357181,0.230828300594482,0.144944686770163,0.0792000601259437,0.129703229245502,0.181758773457366,0.165532196837349,0.179758690343859,0.0138481374738828,0.183592783201497,0.0556472450694752
0.463057186362114,0.326972870034341,0.058905381845996,0.134523993313705,0.193756370256992,0.0806217901980348,0.249697740556473,0.124746120574138,0.0116508730747978,0.0278722482451633,0.202756896597036,0.108084399301468,0.393040534265342,0.1389653332199,0.138725373977548,0.0665554323208382,0.314026608433496,0.0422745166608998,0.0102811598905254,0.121182479812262,0.0220211680719875,0.193474857050886,0.0559318417990882,0.0633065523372684,0.439167518749485,0.106135931377505,0.33614082077881,0.0611649627504386,0.385710246529377,0.234183979805553,0.161728581667055,0.00233728768979345,0.30037345743371,0.232537230533385
0.185760999344345,0.599420699302692,0.0970272699711184,0.0531801827994825,0.127345884576367,0.106238445088657,0.0779580848276995,0.179467009784803,0.00491577256306561,0.216331313747704,0.100192559314381,0.526979889351925,0.288882693012848,0.131957183736737,0.182096740208249,0.0350810804397709,0.0886723903267149,0.055706670639851,0.0140778063219353,0.159686902103326,0.174109342030723,0.0382423536932785,0.0644905538436249,0.0695179027328122,0.0593546885503095,0.0441671939880481,0.134992982198319,0.564197235251611,0.317665816565366,0.0342881474038212,0.0265485776021801,0.00944218403007476,0.245875117812522,0.0518886600766272
0.051712028440087,0.0576287340369949,0.0975008231417885,0.0222664910195033,0.105424204196517,0.0533784066851614,0.0137653344412262,0.0534056779459483,0.00224403584809529,0.00799297472267638,0.167802700673175,0.0447256103415936,0.100637445935783,0.0455374097401155,0.0305232787279442,0.0275408139503596,0.185635742316128,0.104960036251202,0.0733749885075029,0.140407794211227,0.0364497809916338,0.144108778831584,0.0231447468989545,0.0349285965768055,0.0465970948999736,0.021498768931815,0.108627326943025,0,0,0.473762331438196,0.0330774583282745,0.145458363007834,0.213623297337058,0.192797909406204
0.0841899188723296,0.267037217299482,0.0623475643496133,0.113908230365278,0.0409591734690559,0.0796442313129573,0.0592461497193702,0.054084738877025,0.303504287121422,0.0957814885570686,0.143070300833695,0.0991471100565204,0.149713522375355,0.0688639347673079,0.0396035115688977,0.0939263084995173,0.158274915483152,0.119319895925557,0.0483469717272195,0.30783375862196,0.124309697739719,0.150172760704333,0.0789337113419613,0.0297804790977432,0.0476750258576823,0.0978803360261929,0.0813220359718751,0,0.0453611432551764,0.367213218128497,0.101377723100306,0.00495220700499741,0.198627769402006,0.219821114674769
0.433067095554107,0.321303392088752,0.215567923223991,0,0.0965976084719251,0.168594622195612,0.184624599651719,0.138374159123899,0.0120485443868235,0.0226452637918315,0.212000393327721,0.248626280822459,0.338988466277446,0.217868796102025,0.20049548785541,0.0417538229407384,0.234530594367216,0.0884036788074537,0.0271887844013541,0.177390044193967,0.0460503832133269,0.0606886218231213,0.073102132139072,0.176513874519584,0.0706444934239455,0.0711419316445634,0.230962958763375,0.191860896013363,0.100823699476083,0.081620133571601,0.107406660343582,0.00488759887670985,0.36966018710315,0.143370940491423
0.133920886105929,0.452086249011098,0.0317546569064384,0.087023086212612,0.140086438819411,0.0956155821777874,0.0655835844961304,0.131702544610539,0.0772936810407684,0.0129011663780208,0.163953286132038,0.349597103870227,0.262741867778893,0.40095749804504,0.116189126380227,0,0.0967346808639639,0.0911577358267527,0.0187145958757123,0.182915949008287,0.0237423696007356,0.104298527070728,0.0301517652399594,0.0455031480250347,0.1699719083268,0.0244889846400023,0.286479532748311,0.13189173896374,0.20792878622761,0.0561084701202551,0.0331742103907799,0.00254893764868967,0.220191033428189,0.0936183315212302
0.168121444906497,0.276553414558196,0.0819409983633247,0.074852493215354,0.34695059936384,0.0672899046826076,0.173739434366925,0.140336633491562,0.0198192596718119,0.00890959809341836,0.0470079778791545,0.0801877107156991,0.0882415807772557,0.236301301627048,0.909225674091981,0.0987548210101244,0.249617139201392,0.0784089859637414,0.0827881473523943,0.0449525819535397,0.0612657688076257,0.0538271094546361,0.0389023109068289,0.0978481611442643,0.125314590594514,0.0937257698912654,0.154379682652882,0.170168923589584,0.149040733708576,0.0723920848996242,0.054375947833786,0.00447247258180232,0.285952137417511,0.304290606548228
0.30402464362012,0.97697948211778,0.0282447013946999,0.077403974630949,0.0894428443253859,0.0541206168831474,0.104418386699326,0.101598285083641,0.747998250404513,0.0583081010782828,0.291661363730991,0.103651487213262,0.390423188007436,0.226786773526123,0.64515058322187,0.0893560564263192,0.215105047594955,0.425678016921332,0.134426232816776,0.151075989874399,0.147826285519586,0.129877773605032,0.0536378212164402,0.0910651801484617,0.0161982873414157,0.0325828776608191,0.0798211066679746,0.117312957602345,0.123296895070536,0.0249532329623752,0.0791005111428314,0.0067706690807016,0.222516801667532,0.158406772318003
0.160407999101007,0.41863616158133,0.445442471096528,0.232519123571855,0.406432864588305,0.139351361922602,0.156232156265949,0.14188631256239,0.00937702791626279,0.00391641972209171,0,0.210171777468481,0.190289969625419,0.130558771961247,0.343939758736826,0.0575191473691206,0.0969251965787664,0.182674535870097,0.0333721554128388,0,0.14273529031437,0.125404907900782,0.211478281297818,0,0.170306990564627,0.108137358771137,0.0760840107137569,0.132151495327236,0.138892508997218,0.0562189738733657,0.171136455822758,0.0234496237688935,0.235911614058745,0.263452520939599
0.133996022138286,0.0467739470296807,0.237407303253671,0.0722898836481216,0.252746932630382,0.184127870375711,0.166508391980478,0.152667103630057,0.0157049124664679,0.0149731235146462,0.136195629160467,0.101643413234638,0.145810358419365,0.283490857112141,0.337889378157374,0.0715305806180059,0.180803856100789,0.113586935776021,0.00527258027139653,0.162801418284507,0.177505049302539,0.0779765267253867,0.187852524827792,0.0283495586274178,0.226921194469779,0.0439406907399135,0.197837219078126,0.328686580608564,0.431815322046085,0.0699137085438501,0.124472866684555,0.00430667671489693,0.238032520150251,0.0993876146629861
0.107584785403529,0.464882940902331,0.0478573520588153,0.0874346710886702,0.312376723633289,0.0393004597260205,0.118498155086901,0.245927900323672,0.00476982230285136,0.147582352219203,0.247093080768903,0.49175056991031,0.240232992859548,0.173472161501745,0.0939666417516991,0.0973307246483125,0.0728940826707533,0.0686915951144609,0.00649142275387176,0.0787632748857383,0.143128227653757,0.15718767033182,0.0681622738124786,0.0685774781969025,0.274461019761258,0.0445308435218824,0.114440166666729,0.496932808262034,0.0522280518449445,0.126841028148747,0.132471243708359,0.00245798327690955,0.337646897038629,0.0625139574275635
0.313711025597066,0.225341823020364,0.17421386313181,0.0530477421215429,0.173651581640735,0.0397401592687367,0.374603514431984,0.336638214731576,0.00537229372515491,0.0755006625046743,0.149914557525508,0.362283759138163,0.196959015609895,0.354273749282092,0.18335139336215,0.0393678314893489,0.221128898385347,0.291732534099403,0.0154644522697577,0.286720024352498,0.130256483017102,0.057220671593713,0.12406470926861,0.27044433768543,0.455151886126618,0.15198622845736,0.100992432411464,0.36179429291396,0.316874136323293,0.282172167272669,0.213780199982845,0.0141212124228463,0.363050003559665,0.0610484687879087
0.0709106981000125,0.304578551198514,0.581529298786142,0.0505926524419632,0.300490899651602,0.0379009546017032,0.0288786396874592,0.136324444188473,0.104916957133574,0.0291307606479216,0.0953175988464749,0.132109507152331,0.111168569081267,0.122373762872778,0.0655601435764623,0.0688341415878244,0.084357954200963,0.158989103706267,0.0381356931565485,0.113937724642545,0.289865757313278,0.145526548207765,0.144616973422612,0.119043732076615,0.0741124765063596,0.0701765404910303,0.0331094773332279,0.172525259435677,0.271988225909739,0.464831687928913,0.0673042191408442,0.0121775262529437,0.352448497029253,0.0876226179124658
0.389793429457268,0.118131405114116,0.0696495483486635,0.212081097580567,0.12273135213419,0.108037258641961,0.391556291970236,0.119321815107808,0.0463312990310099,0.0197124218738947,0.0399564268479833,0.0937190390183533,0.264489725045535,0.273022690435297,0.161463803929735,0.0577096343123708,0.212173875774346,0.399883267188845,0.0651674085696667,0.0191047379077946,0.138868391776616,0.244015140005149,0.0771558901923167,0.232877635155602,0.825506974243472,0.161206395549437,0.227115439200996,0.192857163218214,0.354715440760672,0.717884979387033,0.359536760839583,0.0136563176210179,0.284692532303396,0.201954171165064
0.189577117600161,0.276238974628647,0.16928084602676,0.0966479969718889,0.249811183080698,0.121636805735463,0.138891988511003,0.127151574922836,0.0321554854937685,0.0175533906471235,0.182086816168604,0.15530530538409,0.276300621420034,0.113374270188986,0.184217784011461,0.0430347342259325,0.0322300844436732,0.0911158696286591,0.0138443913610606,0.0870628625677908,0.142389177045789,0.0556003637352199,0.150689668346141,0.060642999602686,0.323607704766046,0.106759879083238,0.0988994005682125,0.0878874431849765,0.138555651675673,0.130859635828743,0.152352404716257,0.00824503335140676,0.267529610975219,0.148856921890831
0.400660756264794,0.697341042974415,0.330118719436732,0.211092729633719,0.543230609387769,0.153619663746796,0.541051283700778,0.349347497570269,0.0786003177082347,0.0290911424365114,0.511332533488223,0.314979109847477,0.302856838698976,0.327325914711484,0.363080219959189,0.0522188181248656,0.201128668407529,0.0947663558306685,0.0140164362693321,0.0271652904615665,0.246823660292777,0.108427629630264,0.0470181357307187,0.0473045834693773,0.201944054254984,0.102003146989856,0.0287056435956359,0.342782906392216,0.180133844143102,0.0583297622986963,0.130355461476731,0.0184904938608075,0.554362154758028,0.387853976936822
0.0718515322289229,0.510549306636013,0.253776801007639,0.0993527647579274,0.173843810026867,0.0496194029892806,0.306493306506514,0.141141151484325,0.0126123066305565,0.0792018027317876,0.249577069348225,0.305999004526226,0.216848238499793,0.169542432985862,0.315341628984951,0.0819242740539879,0.165660339489073,0.260182906031318,0.0107822114766729,0.208831987954776,0.0542126526079853,0.166706190035873,0.103271247935956,0.0779251751525332,0.1801930973715,0.14178318452856,0.0866929574691006,0.0752890813960283,0.237388915727623,0.0640580707075469,0.0972747318184746,0.0217712693529635,0.21389747834295,0.132148145799401
0.185287333541992,0.242869875961618,0.381852172828377,0.0436024491337674,0.265035826237203,0.104525674000879,0.152464308941923,0.239833926977567,0.016656673032773,0.0447492429225603,0.328591056991474,0.648104806199012,0.490719816885763,0.256565002712928,0.281409712788801,0.129433066966959,0.29080956373208,0,0.0459503988004884,0,0.0356880239164525,0.282193812984734,0.294593232484511,0.0683971379623693,0.182492950185906,0.0981106144260123,0.337229689683738,0.198250403709136,0.36463503690638,0.168676627364822,0.118300783971752,0.00652553025417891,0.322364249149386,0.210308607066117
0.096454324233616,0.0688893467042865,0.16496636485659,0.0941847570967436,0.187037897639472,0.146759608811124,0.12134439997651,0.0278787215914757,0.0245659965538417,0.0563203603732766,0.461359537857645,0.0756735110473347,0.0942632027474375,0.146835735012209,0.0392276707654191,0.0512574270715717,0.125634529705817,0.118391451414893,0.0115826458634981,0.135750209561659,0.277520238261398,0.474103702407965,0.0783194364604277,0.103420391649325,0.0867239144742604,0.0811869576738538,0.0829305355125382,0.171294890816811,0.022504091346568,0.218613258237267,0.0438986709503246,0.0200778251717074,0.140525949846185,0.265259245342805
0.0932809381507276,0.383695630472826,0.0771618860387432,0,0.156812652706251,0.0528044301725001,0.0916839594600474,0.118364673353153,0.0168257310101565,0.0546359075941156,0.0995990242401496,0.304403350106111,0.253412037884767,0.358874753662077,0.16372443084839,0.0392323232730534,0.0293822795819421,0.0553766664901719,0.00370926955367864,0.174614525852715,0.0576925149221258,0.114047311727125,0.0457917038760085,0.234960214510222,0.0663782956450002,0.0954826786617458,0.404675761896787,0.200304937580083,0.189469978691293,0.18746711603849,0.0931880971865546,0.00317654095504339,0.282862091618497,0.139623998325638
0.205820305928422,0.119019477233057,0.136218427429435,0.124434521407194,0.0562455443082859,0.119320093564606,0.178875837013897,0.199149724913181,0.0462471491708636,0.100419971118074,0.140662202062372,0.209953667338606,0.347070399610653,0.176142099255984,0.0692284406041793,0.0430945982276378,0.0414963611237134,0.039104014106446,0.0380103766506959,0.0224187559414631,0.122217623913168,0.214756838857814,0.103473752558087,0.136636555051592,0.0833291404320606,0.151071269233271,0.192480377943029,0.22631050470412,0.0297318248716422,0.0481377995443729,0.125036130228772,0.0117955260042443,0.206274369682766,0.0918561052029953
0.144874304427349,0.466475749297733,0.345283744995735,0.112647928008696,0.211002815197767,0.0810134431019774,0.283388517399048,0.38644282255175,0.00584785379287571,0.125575126430108,0.212231015662534,0.262472811004487,0.114348826014694,0.356007309113497,0.0662564029268595,0.0780252044506869,0.0751314009621436,0.318599797318347,0.00852057635123108,0.0608856216205226,0.258162269394658,0.372628203365317,0.199054060669766,0.353411663526181,0.103724549280606,0.0938444589043484,0.10991046754635,0.409748025637846,0.0807467035168728,0.196101263880992,0.161863375332006,0.0109670627324801,0.436082395604598,0.0958378380320613
0.266169461259727,0.408247086415151,0.0971633307190682,0.0665684463611336,0.0764567663621896,0.0731412620025012,0.124100401868785,0.119670738624648,0.00438976220512366,0.0983851164902239,0.418054510143101,0.169369001223721,0.404615524172829,0.122916117776099,0.0651250159871894,0.120760114631809,0.0739971921799179,0.104596785414802,0.0668688011173695,0.219877020450422,0.217941547139139,0.0638266721428323,0.0461292658849032,0.052211509714524,0.0650101525063699,0.12412717176136,0.171617943640507,0.201781522450219,0.079527725660701,0.0643803354251234,0.103090883916087,0.00872213337560751,0.201187575765174,0.172737025106628
0.088693762750036,0.408654208389166,0.323010102982373,0.068092532931884,0.316298110402751,0.027205716451,0.197611248564496,0.405619020174148,0.037554614051571,0.157815008215332,0.256575172693607,0.109418875656133,0.175863061689846,0.13607161195759,0.151205349735295,0.280738245660616,0.0378457246078356,0.106991531945756,0.070238871916197,0.163571611211129,0.204353458361727,0.277473550525518,0.0707779720913441,0.0356045958608536,0.23749452162189,0.120495534370146,0.237663588631124,0.154800896212902,0.244045358709044,0.0439028834203595,0.123686210955035,0.0030560504409029,0.513429664419601,0.348715147409512
0.0681459362942878,0.227576342138298,0.0641719450973435,0.0293102975369952,0.242824724171465,0.0526979573180526,0.194867346882504,0.203962488968312,0.0211905704303961,0.0349538950535794,0.27610572483773,0.164847056882731,0.189333688749218,0.468304443264258,0.346916949119792,0.130510696541699,0,0.184216935862216,0.0195052102972837,0.211227280897055,0.119950312605194,0.274004698622287,0.289429364620162,0.183911020349558,0.196279799966138,0.13214891841436,0.258079628830465,0.33316835775542,0.245113977238257,0.368508946635479,0.195861118263015,0.0137472010059988,0.464430031339771,0.241917481245771
0.414100590970862,0.190306017239319,0.202888022347592,0.0463341752589842,0.100795816333917,0.0416529133358871,0.751576000534268,0.101549852011484,0.0159719694174914,0.0650715641148052,0.872945401564866,0.148910283634468,0.339711694668348,0.193492686792161,0.18171448919358,0.229237252747909,0.38628694541372,0.291213393243042,0.0180995172749161,0.125216850606998,0.113771716106044,0.233235291333066,0.505696399629105,0.145364801126641,0.349067788488062,0.117210362256415,0.060645182707152,0.526678296910431,0.553543274650129,0.268867000017129,0.243729325101577,0.0119540800908517,0.232626893960945,0.0598425109751681
0.269002522859023,0.180668372110348,0.0857362868181156,0,0.30584365017378,0.0469378087689296,0.215414382491038,0.081269595429751,0.000673187098547554,0.0313704336007414,0.0737778861824149,0.251705827110573,0.308018157955352,0.455432173736731,0.274840565165931,0.125932302343916,0.130589506321254,0.430713042921473,0.0230914653921987,0.105828179064843,0.0961552178178803,0.112640587855265,0.569858759135414,0.0614281618916867,0.278628031098623,0.204465226586184,0.0652334412143949,0.445127269928551,0.327482614117674,0.0757450931558765,0.0987620221686633,0.00469679988162467,0.465396372880641,0.242069346740941
0.156765862092522,0.313775105634603,0.0426921909537961,0.0779981552345807,0.301397061693063,0.0584314759119609,0.287289911794214,0.367724210402741,0.0197469261508306,0.0326668120959519,0.293900260712496,0.501345904469148,0.140816075774454,0.425456796418048,0.197361047937645,0.0771788112141404,0.0650267506016011,0.183833737013783,0.0182865160287991,0.351313020100835,0,0.11217836731216,0.162148692969514,0.122352305404651,0.179548910297212,0.175900544290249,0.0974486197328722,0.0886599422193527,0.232956217910548,0.0754343487198314,0.122970731435432,0.025983882924983,0.295665184474117,0.0946456159284522
0.0846252673577338,0.345982318911455,0.33490726850928,0.0305934831349727,0.341376498868571,0.0916752881342368,0.362709481400285,0.141029534519374,0.0104700064789488,0.100931536174681,0.172916551626183,0.221225629073627,0.37960318184267,0.180418051096549,0.374459755682008,0.14379275051592,0.102023125314913,0.144211813409743,0.00930334173827544,0.220475243627342,0.150242407573133,0.154000591498027,0.143100551039025,0.167967566786123,0.153655017092277,0.170511193348157,0.192933523160237,0.417306258809981,0.328944264063185,0.236703435059946,0.219504358316109,0.00842695786981127,0.286070470240361,0.138704406391865
0.169070488094862,0.376920819939264,0.0969196910443031,0.0295118581427115,0.154949117936172,0.0265301515906678,0.051006976528115,0.250208385012676,0.00352385925417718,0.00871943983870803,0.055600948356838,0.426807271303123,0.0905810734512887,0.333464485142106,0.0894840638776011,0.0146009230687869,0.0984158709782629,0.0927420020169657,0.0422065827730279,0.45194440887234,0.0724650602632206,0.190999987827403,0.107365164789969,0.023146982577191,0.123518476328323,0.0196375664747145,0.0632078086144961,0.0670919687180649,0.0705142176633824,0.0570836013188297,0.00130652458586636,0.00620643783090884,0.2250273960161,0.0232553018015925
0.428050509995068,0.388416770924413,0.542225415083938,0.24765952244556,0.164593746426582,0.204084603038952,0.128460624989324,0.0673754607954118,0.0131800296482402,0.0382963203105025,0.758217729335604,0.310912527070936,0.22036988781732,0.0423837467259669,0.0337135396235397,0.0918967094727881,0.103236519641151,0.145927096172814,0.0187634118879572,0.16732317789367,0.278720730465767,0.578806066641811,0.176981056857449,0.0971231122667747,0.0259137698529502,0.0680769094035353,0.0957724225570758,0.211134889448547,0.147936351005704,0.0598796949126285,0.0754169192344067,0.00808649053254523,0.289617193726101,0.24439722828055
0.163145920071194,0.169926487882797,0.146291555363084,0.0668181244675924,0.152272494043866,0.0600673160180073,0.0777777763373557,0.258843345863392,0.0825268335927531,0.0270478083481509,0.20141893270582,0.225479469219176,0.193215122934735,0.218398302529584,0.082835816088894,0.0396697492233382,0.178259726493654,0.0629936055539206,0.0225779859052594,0.108344472069105,0.120317464634357,0.105708970347104,0.0902894472039252,0.104814678588709,0.201355167557847,0.0259997798589067,0.0922262600432146,0.273426532063698,0.111756489044179,0.11631922154426,0.0718294102528091,0.0044330027946455,0.282463809283551,0.0633467151074259
0.116817578703483,0.823124977865658,0.10365821540115,0,0.482827978539035,0.0851241782521845,0.173154925601806,0.114481443523349,0.0750892922680135,0.0605297847507384,0.178399811722406,0.304321306948136,0.302837108251212,0.17725936880669,0.315579144178531,0.0702722734215386,0.0789438059656246,0,0.0175539005799156,0.127950011867042,0.193758518132333,0.170233087191408,0.270670480096427,0.111403305180424,0.138711648155254,0.244707769956327,0.236608624492221,0.322904596369255,0.509063315694668,0.320525003482611,0.196922590493847,0.0183497608411352,0.367806983934741,0.191706424671058
0.575746896525507,0.200630497165182,0.424302783034237,0.0775194879796371,0.0840004933283957,0.162604150365408,0.210520024935568,0.161680499327438,1,0.0154346536647171,0.292096622785428,0.171280109382482,0.236545449634036,0.228673694922431,0.218850866896719,0.105469631154777,0.387766904937624,0.18270581238279,0.0111523585741707,0.0349157891809002,0.158621735400126,0.167234909023366,0.0805768009368975,0.456005465034401,0.259559372105217,0.0929601837619758,0.0968506239558619,0.176232043316957,0.185221344658031,0.299885661205801,0.122138202737751,0.00966067013041608,0.300879623222985,0.283544285042499
0.192607819123216,0.441373756720198,0.157210559068981,0.035902708607782,0.180859533853186,0.102205251483528,0.0666279890069779,0.118208958943128,0.0237546507715891,0.083430939423176,0.405848357989646,0.144231493931608,0.253055990843095,0.0710173818201527,0.22315521636303,0.0976952204255353,0.0598640099350417,0,0.00992891830449565,0.194052049228529,0.308551640407557,0.15490767536316,0.00932963068647193,0.0140796919439669,0.135239991500929,0.0438913240470689,0.108935453755055,0.122431120023831,0.171568230927959,0.381948112955148,0.0781380214267653,0.00917934920859651,0.167560589642507,0.130305951053944
0.121611706469924,0.193289797052602,0.175502236595057,0.0687084996352004,0.170564096498286,0.0754926823513189,0.229983033678284,0.31179832205225,0.0109351405569876,0.0356757900071717,0.302046160492475,0.174814072762773,0.180798023289773,0.572287482584441,0.228842331194449,0.0566556556709471,0.152752311799744,0.323878139810937,0.0478391086044797,0.103157141523903,0.0562369918882749,0.0988179281609416,0.214255103527841,0.197596840370249,0.220471845384081,0.104174306959117,0.138983039784203,0.260335381453467,0.191530444486887,0.132900241486322,0.124920121928416,0.00819120394885908,0.636700892981621,0.19372859727718
0.382416494487368,0.674400111719342,0.227278241141167,0.179934688721305,0.185269297768928,0.124427221130827,0.0921675659936384,0.0797788566658786,0.0117979419590875,0.00951667958918889,0.104308031120137,0.505994974777868,0.518562534239613,0.281400765393703,0.191738709977202,0.0992940622897345,0.253864934027727,0.086992295388192,0.0203409038464416,0.398989585946824,0.147274146339461,0.338411597869705,0.0647415259839252,0.195407802499538,0.133240190792205,0.0749605180589736,0.393614994037759,0.094398811890784,0.264570623944395,0.200792595369362,0.129563353530574,0.00171900280930934,0.226832657887614,0.151344561108299
0.0424348787260509,0.110534026003601,0.0236332200294461,0.107943541087565,0.0190893372876537,0.0646917697751605,0.0778637073757902,0.0464512497512888,0.00310502852696954,0.0656431482474683,0.244041247439457,0.17345611053096,0.205571023201573,0.109427407471904,0.0884741335710121,0.0427238213828786,0.107990788343052,0.101764906521399,0.00292960719997077,0.0583429260356412,0.0176701214706196,0.0620985015533586,0.067320405240585,0.016932681830162,0.180714154187291,0.180060852167507,0.0565133703761862,0.0981590435834833,0.0515829859901808,0.125274421443124,0.0487520607210393,0.0157704645046336,0.176435846291508,0.113450349790479
0.337454749088606,0.316872837624727,0.0314554262072903,0.0574685962777116,0.0937881523028811,0.051662394915003,0.0299746540782331,0.0627615300516143,0.0286709490208999,0.010057037935667,0.108272018600976,0.196237915083757,0.452079455201949,0.1826519867444,0.0700287662061027,0.0568649470447849,0.239557177712223,0.316044727875869,0.015064280801938,0.181191874612874,0.141111842051248,0.206631067081376,0.0746688955751437,0.135222722033618,0.0481056865646783,0.0541764204587656,0.0786376848676949,0.0653242714350666,0.137312706205739,0.0277897991241858,0.0781764843368596,0.0417702507261975,0.108192737930389,0.171263458468658
0.164265704464888,0.383967256765278,0.132877990226617,0.0809220378937073,0.0858471074065876,0.0969950326444738,0.0839874119918868,0.406079395950552,0.279740588201927,0.05735906965525,0.27950777339008,0.167961737539341,0.236965882294031,0.218161550325339,0.110073079474657,0.0700629820477009,0.157417202758898,0.169533475103773,0.0507413025231555,0.267287301445887,0.0772725453410948,0.135780806700519,0.0841135449770015,0.0634694363255142,0.0508035315358765,0.0782392929001594,0.420454439491555,0.153306139086883,0.145013425608646,0.0913058102691486,0.100333004044231,0.00602869251946326,0.270603738826784,0.199223274639517
0.270281693153797,0.400752160205932,0.687994517764163,0.0523731567039669,0.32050231898441,0.125551362185614,0.161485878299707,0.0544714865014271,0.0606587453155047,0.0583997127846785,0.690704738742692,0.0841592795817373,0.396094641439124,0.126416550544629,0.329515986115912,0.103645989108009,0.4366337937768,0.0822921989728005,0.00999214891570507,0.0943580226641446,0.0428667312539512,0.150648055517861,0.190535507425998,0,0.175361628714842,0.0129786583593195,0.205648183409492,0.59532310270959,0.250275814805244,0.0506516462406517,0.119806909252141,0.00264151457588118,0.27212933980508,0.53618005720882
0.0919240423583794,0.399518536620536,0.148344820143305,0.0271023782113926,0.13912085260575,0.0974566185348621,0.0635707842207713,0.147600257295004,0.0162861925698726,0.0587062236668923,0.102122877115502,0.261307521116039,0.16218956212784,0.126204201555663,0.192843750642171,0.0402265154568155,0.0451903798188193,0.042585065342053,0,0.195315843341488,0.0221829356152349,0.0779582678304871,0.0985994679325459,0.0637714785588123,0.056716998319144,0.0366739627179598,0.141893441311372,0.246457122740405,0.16189280484745,0.104846082217521,0.0473031837153392,0.00235717300777979,0.180418638058951,0.0269910601640707
0.218860451752849,0.398777565280259,0.22536086553166,0.0294093537600222,0.246749969970175,0.0616887844021918,0.186701554775305,0.34288850317794,0.0200739019077065,0.0645874282798334,0.0554078279894014,0.378066961195097,0.0972161594818998,0.292705257451518,0.198488570348081,0.050925732424817,0.245185100782552,0.0462099392816992,0.02608184978881,0.370897240167898,0.120355821886879,0.444119215706076,0.33626161316355,0.0922663419968766,0.135398545488562,0.0958501355384808,0.188965024380473,0.33429468130139,0.105403947915379,0.142213328025919,0.0384594900675606,0.0311318354655212,0.475283515292375,0.0659189717077073
0.10425359709549,0.411760873482149,0.210827930509161,0.0550257318914801,0.267463025810438,0.0906881481012513,0.151886115541212,0.0625764157301143,0.0156515741647784,0.0405965528859335,0.103669611801485,0.221054049944323,0.210528057720613,0.244036421005733,0.217431449845618,0.0748654785316601,0.0458748251645909,0.0432300510644481,0.0116329440156496,0.14870540522949,0.135113357868291,0.0989236494165945,0.285979128990638,0.129474576821252,0.126667055453027,0.0790429144142912,0.242252984757029,0.250189561571166,0.295820272856303,0.133042426013645,0.126517497489068,0.0132770148706899,0.32996280544076,0.113291554196513
0.148239170698147,0.179877726368883,0,0.152240324189702,0.298824007389697,0.0304131466124161,0.278366771574047,0.212091649265906,0.00217694686312968,0.0382939306691264,0.286823905230461,0.244637585525899,0.149659475539104,0.602892184721983,0.26936112277456,0.0376602728759388,0,0,0.0137490172348116,0.137141780869594,0.0830711612985328,0.145969946309832,0.0263740683952437,0.0796042939415516,0.212395103942077,0.0566922283650476,0.0664207048088446,0.346101659162594,0.121251970774491,0.0981574977099651,0.0996442403861498,0.00364244422013092,0.499842484439317,0.110464198255441
0.194251474597679,0.108912160773135,0.141270690713331,0.129049726380694,0.199919717032497,0.0644507851187114,0.655298401766052,0.608591150186786,0.0662247736367475,0.0510060720183567,0.324176455319949,0.449306048998592,0.241336226731872,0.612470474202493,0.319600861605994,0.0744881879872335,0.143451277108635,0.337952570522995,0.182938693348296,0.193751737522769,0.0352084941173573,0.216535165053647,0.201208950964964,0.134956452812078,0.19804514806758,0.237169470983956,0.245685254858284,0.195586921106755,0.102781741172241,0.208012931819184,0.150549604502401,0.0138548474165736,0.363248891714437,0.116276117519866
0.121147465644673,0.313331695685994,0.127007646682666,0,0.121555156658648,0.0347662284450004,0.129979413786794,0.259885180096596,0.00298272399660577,0.0590941757185473,0.218585089158713,0.489392663402361,0.195583150634217,0.196604753249618,0.07077072514824,0.0574008927025394,0.0967260566958042,0.182299217717775,0.0216308007467399,0.418056484862073,0,0,0.0602981542510127,0.0454990912917426,0.291354661785714,0.0753932470156899,0.172562763913542,0,0.0693034786744412,0.056103467892748,0.0515152688955179,0.0179791432693566,0.257782156126941,0.0866884588567916
0.48067116934971,0.137991870929309,0.183057983325781,0.0278703774089118,0.125920290615273,0.334060623867992,0.282313865354137,0.153256419502643,0.0219231743950675,0.317265602578951,0.105016729716234,0.134356028897074,0.140570611349154,0.158385220692186,0.116746630728589,0.0275776085990761,0.325296305510896,0.569293113872365,0.0112304515798058,0.351488237226763,0.159680600825951,0.0801673686948767,0.188302091605564,0.0655785688435016,0.478258063047547,0.151016552945636,0.0563759236624309,0.443521341354781,0.0998882135514386,0.458222381148211,0.313414304202611,0.00964749362834603,0.13346953737323,0.00594060765506825
0.185637564453737,0.149042075073197,0,0,0.0611844060756238,0.03207214115924,0.0650649547644697,0.329869816426594,0.0196296306852989,0.0432391145296445,0.050411798177995,0.440719851579331,0.0875094338976958,0.333309270595587,0.0698491576093041,0.0397146472246173,0.133846044486073,0.16817282366573,0.0236808651307398,0.192830471006507,0.0657019967323213,0.269381816935869,0.0973447701470716,0.0419732983356084,0.0783933685729465,0.033038834043056,0.12416874577356,0,0.0958996655768892,0,0,0.0150183120420617,0.279797764277835,0.0463202291261584
0.110246472074055,0.21282112256069,0.106173709254481,0.0969888945748693,0.170325188650247,0.0363290827478657,0.303135263807171,0.142514731431421,0.00451970042485194,0.0453452626901282,0.502504806600582,0.165593819625315,0.348579602934244,0.226034421956374,0.190591926262329,0.125960683463896,0.121288994307004,0.152395177506523,0.0101874571135328,0.0218424172565008,0.178614202497557,0.0348727986197177,0.151221100427712,0.0760711251067044,0.649497878479422,0.185778126246715,0.175992423086721,0.27561682337565,0.144837787939047,0.328303012508146,0.190507264570621,0.0146204761032569,0.201405042295692,0.112892995694279
0.124197728139225,0.471132320964393,0.139310420794886,0.0509036137496934,0.172456356566539,0.0686410813696833,0.207309164231974,0.179774505052684,0.00353972174598996,0.0701618330710863,0.0959034563525823,0.511236732919298,0.269688825827348,0.23719828011676,0.230375813199698,0.062961149581142,0.0848764496442661,0.0799831550120612,0.0163536384555894,0.206348592283585,0.229151742830401,0.109815756479541,0.132278120792948,0.119775419244946,0.117178350407461,0.0868480697871848,0.278617767216366,0.462895460356689,0.182439977979755,0,0.13621129084178,0.00548459447806692,0.236123221615863,0.0726130151942079
0.0362924453115251,0.352525212690742,0.386419044112336,0,0.264027419197477,0.0264439682259077,0.133507349062816,0.103857321188094,0.104127255666747,0.0195708814410658,0.0831303453222497,0.496323578718773,0.199842507886599,0.293780637860206,0.189900328883706,0.0327452599846292,0.0735719945557979,0.0693304240430187,0.0136590166540966,0.278235053845028,0.0722296570579397,0.158649396306834,0.183456317284828,0.138430368754598,0.166208005907104,0.050836818851869,0.126004787696113,0.100310852471213,0.316282435858546,0.170694040876687,0.043122126604386,0.0177103365425447,0.24266126011835,0.131774227169101
0.13401870275537,0.1070333872647,0.0460221619452329,0.0525512071301672,0.168642739627515,0.0346439748763515,0.0518557912215717,0.121973087401451,0.0174594608242252,0.00251900327512283,0.118808890269539,0.122445729836225,0.0515436454497537,0.0425512245775944,0.0962002476365797,0.0207996776028841,0.210296681838234,0.049543227465211,0.0360382002955355,0.0662751366333547,0.111832301578831,0.0831380458113419,0.0273118945073106,0.041217393698836,0.0263936301837462,0.0091435607776185,0.0212600227001547,0.119469398633731,0.0753378871799481,0.111812366143045,0.188394158881707,0.229856954016321,0.16755469185379,0.237141442292294
0.866202675507829,0.22891071666166,0.209239983192294,0.1092223381187,0.137192872257057,0.531848205310098,0.144137953207049,0.132833978573951,0.0122445147808935,0.0243765139416448,0.205777133780739,0.153572324695715,0.207706601621187,0.226239004471537,0.69662908769813,0.054037536124862,0.409762976498358,0.300330619829063,0.00989305367224365,0.0491950672072748,0.2234927010895,0.25526408448323,0.326398839777219,0.256998602516847,0.182855256215569,0.0829349670363705,0.159202514398336,0.682838905445833,0.0978640736704528,0.316896721130819,0.172962006649672,0.00964078819275351,0.338450927799037,0.230263580101084
0.0899926956372273,0.267455935552134,0.0905004719231869,0.041335754359375,0.0876206865893357,0.049546041454809,0.098992889346429,0.0805983725373571,0.0340436411799744,0.0680160286304594,0.155754824539516,0.0664231607268281,0.340276524623973,0.0300851253281873,0.0802853494776598,0.122704686614665,0.137846090481636,0.194848487460458,0.0127614768754719,0.279272096383256,0.321411454527541,0.0594498347006465,0.0429660068377486,0.0324207978143796,0.216257930405361,0.131288681330854,0.152471989404108,0.0469863273372015,0.0987656678912619,0.239862417521984,0.131099292522847,0.0140419348161552,0.146001221207088,0.187634800047447
0.183083100967995,0.203760972107837,0.0546826944969518,0.0249761175759751,0.281884766643342,0.104779292621971,0.0279251742302139,0.17909835068725,0.180591086044348,0.0637985142422527,0.141166559229928,0.250840753474792,0.243151131931902,0.161375074193947,0.0939452028157083,0.0679627791692195,0.583030616319644,0.27470899913928,0.00447988139348839,0.224990932054865,0.38840964416785,0.269408190895168,0.155766864883882,0.0783578933703635,0.167255564297053,0.105026645488827,0.219916942647981,0.227121842481461,0.208868578832852,0.0241551503010204,0.0978853057334197,0.0132755714724385,0.534001086260596,0.102594614670273
0.164133868505158,0.155786170900681,0.478589648848314,0.0728646291700201,0.281089719151632,0.185591766449939,0.192772124769303,0.208102266814558,0.0038261647368379,0.0102903184188018,0.480474910740888,0.102451503710044,0.364245020447808,0.162781018527825,0.205187639763307,0.0901240914067474,0.242988551286099,0.0572448840121609,0.0221782149305634,0.0984574821736694,0.0596387285609898,0.10479534934676,0.359757525559692,0.057149783444201,0.289718741494615,0.026030074719558,0.0823650457900836,0.248474955780844,0.565822931763455,0.105704494774264,0.0621960125907543,0.0111536385763973,0.433799315452198,0.15190847492924
0.136085886247913,0.398639221235197,0.360751604375837,0,0.200292378377896,0.111093503925359,0.285883623839265,0.320875095413467,0.0102220810630987,0.0639749562661996,0.155216804188645,0.794324351297091,0.445271655197773,0.208773201160401,0.120282613636329,0.0611404154360104,0.137369931863845,0.129450284505443,0.0268051214493033,0.111323022019611,0.0674317933644775,0.0592444784876405,0.0642264669631141,0.226161774656087,0.241372173571812,0.0873325768514652,0.181354057139788,0.0936476919809754,0.295273698914342,0.0796779050549934,0.0459281346794658,0.0274664771573027,0.353859351984846,0.10815587416571
0.10473927744785,0.27614498745168,0.190189076398024,0,0.0917901688908845,0.0130152849367635,0.021537031056146,0.171702715516598,0.00277565781606899,0.0271057811377673,0.0818307692716557,0.122141106046291,0.0726785287170905,0.202707844196805,0.118799891915865,0.0967000589412276,0.43453054209953,0,0.0282930984644037,0.430391149290215,0.177750971888111,0,0.180588343537443,0,0.199967344569696,0.0328016052670729,0.129203025394259,0,0.103779205848098,0.168025579875645,0.0422495736800289,0.00243965516140831,0.280216745771856,0.0546952597689939
0.18245847593677,0.295946501842777,0.142175589054676,0.0216459790148138,0.0495195220091081,0.0389182001043406,0.0556075903599956,0.21388855112174,0.00772136694189984,0.103344929421124,0.0815632355516288,0.330442261734045,0.261769622704537,0.0622957511368988,0.0463738294080247,0.0267733217782369,0.144370143025295,0.0340116067877421,0.015133323293675,0.214492164716523,0.0708680387359502,0.046697574542502,0.0337496027903606,0.0169775517589996,0.0905971712577897,0.0661962166284346,0.18029303191785,0.196839737806416,0.206880203125527,0.0209344736997278,0.0489153298265172,0.00414223410427563,0.250418415997645,0.0566693048017967
0.200819021698462,0.241279721923531,0.277962671313436,0.0564259981834468,0.537503496704325,0.101450219455253,0.321358645196874,0.186797876984386,0.000175514310829886,0.0403819751957792,0.265769355813647,0.204011551525527,0.0741111425931323,0.204045426383514,0.681421183693036,0.118645604877272,0.282253082225433,0.265980881923776,0.0210251573855197,0.101659818703221,0.0923678560579315,0.142017459110219,0.513199497273722,0.0221282507956115,0.153507024623887,0.0150218084952525,0.271916932204269,0.705530351943149,0.438169922891693,0.163713659764553,0.107755056986692,0.00226612736725778,0.316492018434386,0.339715033843391
0.116940311757293,0.13751007421195,0.0735021436001948,0.0940010642274594,0.0683011506275053,0.0402399758179341,0.0160120106204625,0.111207037465868,0.133143631487915,0.00245373064028105,0.0505998985970425,0.258946151543095,0.0190457773665781,0.525584073286793,0.0517477946879899,0.0199314944900692,0.111955030973831,0,0.0124235931256018,0.205647723779873,0.0989211734086487,0.13519415516995,0.034895879959561,0.115857844197839,0.157372475067107,0.00688523870155338,0.0623163072226849,0.061057354490115,0.0962578690544402,0.0519493453221063,0.0318975986480089,0.00445640252258194,0.23995620205173,0.0647459949157572
0.0954744186948228,0.958618084437981,0.353821428246657,0.0461733656310955,0.411943830982177,0.041508303755453,0.0892798608812876,0.379407310864215,0.029531725262058,0.0361868350610851,0.260974419228883,0.241139134303013,0.266626917058731,0.201110662812948,0.226230952241473,0.0799545002569422,0.230967506225081,0.0725506734916779,0.0551949563472744,0.582316539833093,0,0.232425588240731,0.071991533579885,0.0362150727556676,0,0.0546837071980179,0.181303908671228,0.314909872737198,0.110324236874923,0,0.104121848516555,0.0119112908257491,0.370076207528455,0.247630044561524
0.212032993316803,0.268583049743326,0.0979820972880674,0.149176477595191,0.108103728130681,0.0894031940541275,0.227473932318739,0.169273427329632,0.0168197971000751,0.115408120663527,0.449682547322611,0.299642706139731,0.28015088538151,0.399002450004239,0.131428774732604,0.0738047147864162,0.0497473380067614,0.187516731087253,0.0168629490298551,0.0806291043129251,0.219778205280832,0.257458082311098,0.108541907256304,0.280808061933778,0.174821285646521,0.267339406305716,0.291102852289728,0.135654464887638,0.641583248135956,0.634801466895637,0.204314457982381,0.031373610869889,0.404233976807036,0.140488752915596
0.200906540308332,0.374857158538889,0.237185110733374,0.108333496598469,0.266349728394,0.0486941177199949,0.143793030400537,0.165897238187624,0.00863144566455344,0.0246028123098884,0.306153659439024,0.282884493874625,0.0774858945632053,0.115995004579547,0.118504316771167,0.0669971231935243,0.0903172543993711,0.425551679511791,0.015802165731213,0.292768191978105,0,0.194758840573699,0.394121077399531,0,0.204037924644413,0.0199511001383157,0.0966776126718037,0.369426284065853,0.194135050013669,0.0523862065243902,0.15860374283272,0.00819637809778209,0.214271249263828,0.186304666273089
0.319352138782538,0.318503292038,0.219751319386049,0.0602224219716734,0.115841468618439,0.0842145797642775,0.167615349811804,0.260692299465609,0.0134987441551375,0.0174464480655218,0.226920270522066,0.362896154958936,0.265671125041381,0.272509440805681,0.124868000256408,0.0347607072233905,0.100414587283899,0.0630834947439451,0.0131869677077822,0.180832545373964,0.09858237239222,0.115483903544345,0.0938962451358365,0.157446982183811,0.210045067511396,0.0536675358646141,0.568480745710898,0.4107268332243,0.14389237792433,0.07765715672479,0.104749522565498,0.00280431434914844,0.194556814398683,0.0939307433967308
0.0770868858288701,0.532774072886782,0.232569854668934,0.0910503799636846,0.212749453693223,0.0818512769133975,0.114215703789325,0.113470166983601,0.0261772279769309,0.126242273317666,0.114360330123618,0.231657891994559,0.0289732651390606,0.184122522713554,0.37141113284994,0.0750782206154407,0.101211146815748,0.0476880623461571,0.000675985090492446,0.246061038530684,0.19872931017496,0.174600344349233,0.12618840114455,0.119022219097035,0.0254053737403502,0.0296436235739013,0.115561317832378,0.55198120347368,0.145034210023705,0.0587049293617264,0.0256989239876987,0.0192664032388613,0.325827930474119,0.0996197592339035
0.103820250092807,0.344624381455379,0.0465640028557315,0.0638038059845946,0.16300422279665,0.0828497828179208,0.061673252060354,0.211746833695174,0.000319070704646259,0.0315209837318875,0.0400692280411955,0.31612607697386,0.304973713720908,0.180205817918934,0.149458245141811,0.0315667843811097,0.0354620567961581,0.0334175993183198,0.0396781971527682,0.402332124415172,0.0870376090936707,0.0305879319073963,0.044213454860001,0.066724165738945,0.0445072916794449,0.0350225094443467,0.184735488741492,0.193401261938459,0,0.102844281718784,0.0343876259861666,0.00100547167262705,0.181112079295627,0.0793926600364417
0.132201316626115,0.305728787399277,0.290956386954022,0.1181273671812,0.330058891634556,0.0796444661450139,0.20627405476481,0.121694061944039,0.0084450010677884,0.03790315210609,0.222554391879023,0.166093130632793,0.203373161616071,0.148783546195685,0.170456440774709,0.0876648208340994,0.0492411254696252,0.185609356356459,0.0107440952531584,0.106412000834152,0.120857031872183,0.169892818032755,0.184179257156677,0,0.148322630665837,0.0808658766333574,0.151098771782134,0.134274798715542,0.282247675328712,0.142805561446226,0.0573507515793894,0.0174631233239996,0.355129490108887,0.148427815313397
0.20815638571566,0.424526127553351,0.0858164133872109,0.0783926560468574,0.122673590093148,0.0998359838984113,0.14308800617364,0.238855693244899,0.0273072416794033,0.0994051911642202,0.221540067013358,0.2361946330678,0.449419797224947,0.210014680971702,0.167722501037442,0.0775691679299238,0.196067327051454,0.15396983909835,0.0156215748673094,0.0529635767222989,0.224571707280027,0.112745745564779,0.152783302215014,0.184456712443009,0.114836317115585,0.075130250634603,0.261177457694573,0.311880094467225,0.140480737902909,0.0758158822542341,0.0585809946979424,0.0013201122094871,0.344194565509132,0.112759020681582
0.158043890048227,0.408703627054931,0.0516361690989742,0.235846597646004,0.140926941106923,0.113076472777423,0.247365620977078,0.800639520012075,0.0818448310984161,0.0465394105114589,0.0888678510398232,0.454782854805963,0.147422695060858,0.514623464223771,0.166685611038813,0.0350053586811371,0,0.0741154842133649,0.0753782015030065,0.254947554168,0.0386074085173113,0.101759639005869,0.0980592383854924,0.184981137419505,0.355359501979104,0.110757714967292,0.123476532791951,0,0.225408104798391,0,0.099183255469484,0.0104807062550123,0.458924120125489,0.0931698707036571
0.133057112117478,0.41532888527716,0.239433630407879,0.16404055349232,0.203146056284023,0.0819261883394424,0.320242248722864,0.368788318617319,0.110978945593002,0.0722667326949425,0.206037285223723,0.197699643335788,0.127061444918779,0.165216829703387,0.579818354857637,0.108211627310609,0.0911733990930511,0.171834145824893,0.0379603875404823,0.78811618434423,0,0.0393209810030851,0.312602133075839,0.128661632055766,0.137314772436324,0.103986494626039,0.182175678906573,0,0.0653250420369476,0.0528827912914554,0.0478294217520297,0.00316729802307139,0.331476343617014,0.187836824102518
0.110585505661463,0.374390547214544,0.229428790214058,0,0.460624218044332,0.0942034900552381,0.373259493596726,0.347617199666134,0.0161453635813131,0.123286366533747,0.197428073736545,0.168389961267192,0.312118814679685,0.252414857859914,0.237381744638656,0.129612465111965,0.08736386881229,0.0823271695617964,0.0258094955437493,0.377592200423543,0.17153966268196,0.150711961650009,0.217847239017281,0.24657107691763,0.921039130166395,0.169518187984316,0.0748128803795842,0.595575732698231,0.438168424915833,0.253365703303335,0.210995232507424,0.0350367314037693,0.48013745418922,0.25122058703464
0.121533287427612,0.377424689269116,0.126610273804669,0.0462630177823161,0.137211093541988,0.069314908472797,0.147235429535377,0.122093947245146,0.0463375583227499,0.0556787083444605,0.348641912021566,0.213729856374102,0.225454618061752,0.0547985042168271,0.190475192942756,0.051499170627681,0.11570811215391,0.0726915409346752,0.0101590094877925,0.208374249097194,0,0.166340786719427,0.18032857393166,0.108856168398195,0.193628793036797,0.0535203459195486,0.198170410799694,0.157760836009287,0.138173293337378,0.0447423481456364,0.08971862869515,0.00129234172291121,0.232989895719918,0.134929949890856
0.122557376620246,0.788650484881416,0.188440704365731,0.0983651804837298,0.483624458545203,0.0957960271300536,0.0806019009974835,0.144083690721012,0.0484205630598834,0.0290542842450592,0.0463305801377179,0.592742423207321,0.391396330212381,0.239818763778686,0.236729589994918,0.0425827299954396,0.123010169200953,0.0772790911587209,0.0039076807848429,0.22152442852885,0.140893629052784,0.0353677048388776,0.0766835151706997,0.0964382619282711,0.072046945100239,0.0499394155463509,0.222380800876078,0.223622436108486,0.293786396132226,0.0951319079814481,0.0300793835307519,0.0112974398032816,0.254090487894571,0.106667470986527
0.365462102563101,0.193654555131125,0.0937278397276451,0.10274355958224,0.180582109934863,0.0974944264959694,0.0467080183259051,0.086889377124097,0.0260960625644883,0.0464844692300374,0.387141963254568,0.0481542335812153,0.212233605337287,0.0910393545760936,0.249329151462862,0.118608344964294,0.399733068928533,0.242156306219224,0.0611260072303515,0.0308513448585069,0.196219924835179,0.160081705173399,0.204691769799979,0.0268615980283784,0.136173603562158,0.0185487103022461,0.264879884253828,0.116788100094211,0.0818301145577039,0.066244195710787,0.0658285767080165,0.00627707420325957,0.166357982325014,0.147255066814875
0.390413971967727,0.357459089739923,0,0.0560996768917662,0.07806511082448,0.121876663198041,0.122027063645042,0.280523564319704,0.00878387455456175,0.0303385099047454,0.158539124148934,0.383126436188148,0.337836561056004,0.202265001637122,0.230078275119517,0.0520409320887101,0.37416110364264,0.176295112367644,0.0265440030861306,0.202143663641853,0.05739604799711,0.0806834642488584,0.109335308310029,0.0550006982498515,0.0469597289271287,0.0664449874185608,0.210267754404169,0.573913334730103,0.100531219689395,0.0406917565261258,0.0139186912419879,0.00295665878098352,0.192039199979169,0.0718234613911967
0.294850463990564,0.351540402034426,0.181357824496734,0.0236670707805301,0.182375032127979,0.0638275878069936,0.198248203873166,0.160531989290875,0.0130457880521462,0.027391995052786,0.267534605900093,0.465878263191051,0.311316412281843,0.23581188662013,0.208979724409992,0.0585459468232415,0.315697867687489,0.111561596875304,0.0175494856950873,0.213198014695366,0.232453417105231,0.0850958050977933,0.0492008032085986,0.0742507582403317,0.0891500463230858,0.105446562341608,0.11545936109098,0.16141310312292,0.113097551932951,0.297557806423194,0.103316035680396,0.0161333264869007,0.247520532708351,0.102313443749827
0.0669523822275584,0.265975791837998,0.51148083336436,0.302327899608399,0.23808879819328,0.0741226251668951,0.305914164754066,0.52290372030859,0.00330135856293965,0.116360771929719,0.0517810629238719,0.209783977153845,0.0976566318699296,0.349905279633189,0.0934959666276431,0.0271956266400081,0.18330904628199,0.129555688815938,0.0674716631011479,0.470412802230129,0.0899822658642518,0.553398927098319,0.314251413479819,0.237124297324621,0.0460130625657184,0.0614992489906386,0.363003335647113,0.249930517845155,0.361183887771649,0.132904637383223,0.0351113086135283,0.00160527068916715,0.65806275573956,0.247480903802497
0.292822818470936,0.225356373484053,0.365388993903689,0.0805676611211378,0.0813259626067042,0.100019152902534,0.098550267363889,0.00969611405689117,0.102816588979762,0.0125245106522149,0.260213158820241,0.134089183997995,0.0810985558078467,0.081272393707936,0.0205875740663098,0.0711796938204454,0.0959556310068638,0.108508319675512,0.207176221846575,0.145154469921601,0.207251034491252,0.389004854161022,0.0418725959194585,0.0902735024999312,0.0578068683855616,0.0426653771919101,0.0684753933083405,0.0784977316748834,0.110002546558962,0.445253424214207,0.0182456694963919,0.00451127869872489,0.113892427125461,0.373726201337134
0.151138002716317,0.373921819459116,0.258803156128936,0.105073261637735,0.0736873374586532,0.0708430545977017,0.111159953940221,0.139145319431637,0.00139527063128395,0.0350386588060734,0.0494898994209047,0.453767924903121,0.202950497237558,0.227802894089531,0.0838343061621146,0.0454866381144328,0.131398871436128,0.0412744070699695,0.0153102025008336,0.165641884150277,0.043000532639841,0.226677304914979,0.109217275648135,0.0618088801645903,0.0659658715985594,0.0498462834322312,0.143777897300263,0.298590474317258,0.0627642523040741,0.0254047976818768,0.0205356252667714,0.00453936130186256,0.270993921495217,0.0592589811499078
0.104745489009079,0.527957075744105,0.0802519920546014,0,0.247232149170338,0.0768866924055125,0.151787599645865,0.107542943308411,0.0228031129874892,0.122911713576739,0.207175041761541,0.427033252035259,0.545968365223054,0.252588788755292,0.342777547575882,0.0362697143130098,0,0.230377620793217,0.0437042000045,0.198117058312005,0.0900043309058367,0.0527175998164192,0.0762007949813392,0.114997447945965,0.107390118052201,0.0755477970433036,0.222434828437781,0.249991804668916,0.175162249510349,0.106349782122676,0.0394698849416245,0.0106969681023105,0.235699590230277,0.139606511696582
0.326064755810602,0.713198702684185,0.326503930233951,0.149129457236159,0.396033127355833,0.0893750142073394,0.380528432158482,0.48079661872243,0.0385117045325889,0.00249606329225723,0.140481483920367,0.089864458784332,0.354337805016973,0.186333033781434,0.37068233170972,0.0922268144666478,0,0.117161077734448,0.0264589818648041,0,0.122060474634439,0.160860525937324,0.116258261980865,0.116966438768405,0.530540076078362,0.214902707434606,0.0443614397254199,0.508544167133444,0.267242076643935,0.0721137791510492,0.234900402004324,0.0162469707186248,0.564671437680426,0.238014948506344
0.227599455549553,0.189052684389472,0.782621422207139,0.0714919481553521,1,0.0428459071496592,0.559888617634143,0.415899605827554,0.0451666266531215,0.422223030824037,0,0.344644480173481,0.127065741192008,0.41522703099327,0.0892379301704104,0.2299078924095,0.119205343011915,0.11233292000724,0.0987051600054385,0.708417947485973,0.175545494010624,0.0514105109019128,0.408713140146965,0.112146179098137,0,0.112052852451351,0.0170133108843251,0.650116017382654,0,0.414851704418073,0.32643543667212,0.111158675146143,0.778432120659466,1
0.0939999667330058,0.285497267123091,0,0.103556541589899,0.059293802630875,0.0186188005041562,0.0131178156310285,0.2043592400228,0.00496492477080341,0.0628288295375201,0,0.124805084534991,0.270758526095195,0.202626246693416,0.0561547075333477,0.0307406301399585,0.138135914799491,0.130171860743174,0.00653877870063412,0.0559717766296499,0.15256744718758,0.0446810937483798,0.0861126060919353,0.0812223158685638,0.0433424413863562,0.0206063611177123,0.0862537247686438,0.141254726568123,0.0989733247948709,0.0200305863474659,0.0200559788995251,0.0027561965670038,0.187909473084931,0.0376050673578922
0.404441167452876,0.418750704595181,0.399385307395202,0.145934267105419,0.171028451489112,0.131190102561492,0.443338858670551,0.17234145269366,0.0358162617244855,0.0969316211178789,0.274943163849048,0.498321200537594,0.455564179613268,0.263818947091712,0.519619601505694,0.180501557976153,0,0.687904978506633,0.0156037355791138,0.065730565759298,0,0.367299198366888,0.0758449049193553,0.0572301805221729,0.54971238227924,0.141890214468533,0.0434109500085601,0,0.610204398806113,0.493980728691155,0.22959549434765,0.0258576661423698,0.691904385164249,0.119060678285466
0.206853298990594,0.635316287573883,0.148481567200198,0,0.140054373653903,0.365799209574084,0.20144727450043,0.265556965094564,0.129954520533656,0.119431131144384,0.255542539780876,0.177090062042384,0.448263197477476,0.294838119830354,0.236824332302894,0.0838824937885282,0.0565400464555192,0.532804013244495,0.0997456032989785,0.152731163417714,0.0555084606605966,0.609610400266535,0.0704931134173323,0.13297971731699,0.0425769608395266,0.144859903886862,0.209808492155467,0.154177694731756,0.607657652596928,0.393535242435988,0.0516478568910107,0.0386334691393809,0.753312462530415,0.111362644389875
0.134150063052338,0.403384859376559,0.0774521947216322,0.0707520044387219,0.205741824675127,0.0989392542072042,0.0419363511587527,0.228412228497158,0.00907005162067808,0.026140254908267,0.26659676142459,0.341077901017417,0.321310982073884,0.171805447511836,0.129760218229352,0.0583406877396741,0.196619535152109,0.074113514039337,0.0117919366322751,0.0637351236636164,0.135122466112201,0.169594814834518,0.0490282751355197,0.0739903897217622,0.108579108960701,0.058352724443859,0.193628421667868,0.107231275093747,0.169051631482959,0.0456175863767214,0.0357855743319157,0.00793720642049999,0.32076063142201,0.0404938449431626
0.167389138904116,0.692378911570289,0.0866324347204381,0,0.404238788384411,0.0474283259686869,0.102595101205834,0.126372043706047,0.0974767016363695,0.051915257185751,0.0745488911967527,0.365608553392749,0.350583963318224,0.209295699355175,0.486868237648919,0.0195766917183039,0,0.0621735206147928,0.0153772236060171,0.106934122455169,0.097160075205872,0.170726640899834,0.061694344606335,0.21724568953648,0.215295257766341,0.126211591036097,0.202453768856029,0.269867264141935,0.141816370629187,0.0765368093458587,0.0999268139047682,0.0118613623168363,0.302035682316131,0.146093297093012
0.359465451223885,0.30555293843175,0.262631387412991,0.087240633740399,0.158845416556951,0.124175293300542,0.113275368665755,0.446215531153096,0.00115071268901198,0.0295521238666632,0.41090787538362,0.315424019252123,0.266681238653476,0.430782807544187,0.089470906075684,0.0971147644867201,0.509126199282051,0.171348005383501,0.00515935108950607,0.0589414315931021,0,0.141155008099285,0.351390239847419,0.18816960685583,0.045642031802768,0.0183395815312837,0.0960202555800195,0.446247179737151,0.260560729813839,0.232025897592883,0.0735226952606681,0.00401965342326836,0.53679899494557,0.0454096748463059
0.110949057311252,1,0.0657317537475471,0.300227186701389,0.351221092818125,0.152940200674325,0.174372496547117,0.050769820138763,0.0195336853321664,0.173601684484795,0.169690201267448,0.132671027400085,0.444027093854311,0.234968963872127,0.384936095715188,0.089122028502554,0.250298709824443,0.0471736006531127,0.0127439214013008,0.135225970086582,0.0737195605054229,0.0863584865765564,0.0780169828554504,0.141286063129654,0.364404688815987,0.06449497817617,0.121459423007274,0.273013558640801,0.215204642227191,0.232286922919161,0.120228415163794,0.024018790291396,0.168900352664527,0.135160066342637
0.160852703696332,0.404177401087535,0.0349507976539901,0.127708862475638,0.128039750046946,0.133940549540828,0.636903045614153,0.240878033176247,0.0565202943081924,0.085079720179588,0.661667290223001,0.307826306512105,0.50377510493518,0.380119505223995,0.472383522015395,0.181653125796523,0.106470582701069,0.25083098246422,0.0810362012199178,0.258847511825038,0.0783960664701681,0.206632532301338,0.0497796438541599,0.175289970378471,0.293981396900647,0.307293890969944,0.258328543523612,0.362915271678789,0.343284386972104,0.494044544987533,0.350786523141525,0.0145486532372615,0.383341352107436,0.17191808299382
0.107915370377076,0.206491168203642,0.157211073800688,0.0957406607771055,0.0720733787303862,0.0860677804218824,0.275082883797823,0.12042864014878,0.0307144787089849,0.0230168460674031,0.1803773760966,0.192309162294022,0.160458024187156,0.27074537050325,0.184904780760042,0.0513147708918581,0.239456562417025,0.0250724346794958,0.0280281139235171,0.0574970551239291,0.117543811936059,0.149170662960186,0.149274987021702,0.0500614410696794,0.280498535196,0.121243538242597,0.148095626359781,0.181380136512837,0.0571895351406412,0.123458309692756,0.103369070878593,0.0109861243782403,0.222912076783267,0.092996205192447
0.180672459239001,0.202366623218688,0.034538325979247,0,0.113869973348202,0.122905650303506,0.137231140412709,0.159768749374513,0.0167288477602541,0.0473046531605169,0.416092005614074,0.19012107190047,0.352963314922782,0.239742270734077,0.225920164346773,0.0624380762346349,0.263035560842722,0.099148515412302,0.0534121501698477,0.113685700009361,0.0258236674767445,0.136129416342026,0.393537593647187,0.0494919003017226,0.13205100308521,0.0584453766162141,0.180197695744075,0.430359283314733,0.150770334086066,0.0610268724209159,0.0671272947109707,0.00734122716982422,0.247140357362089,0.0921924502586163
0.138879020847414,0.297139269489826,0.0608560434392382,0.0370609767852651,0.202354582210384,0.0277638652830487,0.100929796552425,0.199465852681021,0.175761779805059,0.0755505259178268,0.104735612606449,0.357323453733609,0.133098464145887,0.343907762195996,0.0457004198534975,0.0733433664986623,0.0308977811322017,0.0873491431590017,0.100492283309529,0.283776207208582,0.0606678318376998,0.0932781569065735,0.0770452702096721,0.101737953714886,0.349007961745521,0.0983313642259205,0.0727617539319644,0.168508121929423,0.221379298722601,0.0716855581599139,0.0722783507272674,0.00775563458254254,0.278673008056655,0.142441479034581
0.399468438576641,0.366824076816289,0.190606352235368,0.0580391099672973,0.115156147354386,0.133336890256217,0.121081622779205,0.113527842934502,0.00497590490629629,0.067085975612143,0.218693756276781,0.202072109198625,0.503118148009944,0.205448331051548,0.366105011527645,0.0335005001978536,1,0.3039830762051,0.0154138703035815,0.191704619788014,0,0.389540448411409,0.140765719991499,0.136565254890699,0.0323888339420201,0.105780487677255,0.432772611662866,0.30787293388577,0.693379695686204,0.205815134951761,0.0729605221597786,0.0202135936225306,0.207179953638919,0.199655690817228
0.0944251438481446,0.380522385985388,0,0,0.0676220695349127,0.0646172340804061,0.0605706161600791,0.145012459550719,0.052911899992741,0.0577215434157932,0.110800005551472,0.220507956077002,0.333371794984963,0.156409320317944,0.236820713140596,0.0921382979408102,0.0326866426792834,0.0308021932962366,0.0246976194136866,0.176592742735372,0.0320903958571088,0.0422910945734113,0.0407531998947888,0.107628822180349,0.00820479166288103,0.0425778083051956,0.149284624356453,0.0891327771910396,0.0936791036112453,0.0568772973298261,0.015204571753042,0.00794430735397403,0.20711005550556,0.123460523682542
0.0847509587657778,0.285500212489681,0.292361089783107,0.133534841694206,0.167104934831345,0.0200072685218149,0.126875812562178,0.228088940889286,0.0141859699767693,0.0627351292788183,0.12579134318759,0.241401760559279,0.0880970333064516,0.29746030027554,0.135028338347509,0.0495495582819869,0.222655376149628,0.104909550541736,0.0102015532100919,0.360874284041786,0.273241287900557,0.0960261205889553,0.138801359990414,0.157102774510537,0.083834322169239,0.0551414692148203,0.127112082293469,0.151788577561326,0.478592614230022,0.0645728453928196,0.0717652475761118,0.0125892756044013,0.318332926825751,0.0536697297905676
0.490325361627282,0.162141989809243,0.0500751594081203,0.0228716430402424,0.114910779291013,0.164486658063673,0.0839410823669012,0.215911457833389,0.0246744624844366,0.0404288629888765,0.215452936655043,0.542103283080063,0.562266196094324,0.340200500995119,0.15243200038768,0.0396048836308168,0.190680096674312,0.0718749038000963,0.0100387354111116,0.164826369146763,0.13104081827437,0.0986831279245227,0.0713209712108644,0.107633124776265,0.0191453448070355,0.0749746558557092,0.122464854110664,0.415968638249534,0.136620828605347,0.022119850036251,0.0270882974836459,0.000451530128401565,0.223257700690622,0.044774084096278
0.0901208019195319,0.427286756164423,0,0.052738661628174,0.0963922297761585,0.0711154597833195,0.105558327426245,0.160953673834301,0.0514188169157985,0.0453603074975825,0.0496803621686059,0.0847465524400913,0.245233872975366,0.17868957520709,0.156431788145281,0.163076907329517,0.0439680999859923,0.207166015483105,0.0360625736132772,0.21378706050469,0.129497548214682,0.189624146283954,0.027409318291731,0.124093135712235,0.011036590809812,0.0594443110167319,0.128642589682582,0.179843333775169,0.126011040082089,0.0765077054767267,0.0706974309477382,0.00702265869673909,0.251186971799865,0.19968992905351
0.133940944843376,0.226888748953601,0.0613122673090976,0.0560083006607144,0.241595049904586,0.260139719437688,0.12585078893042,0.184389627488395,0.0294483666503463,0.166639954038,0.0527602481508134,0.135000914563983,0.273934669601018,0.223921417638198,0.0625483564555887,0.0831298900727883,0.046693859801341,0.132005846491428,0.00621600016385529,0.252268045210819,0.0916840963390504,0.201380282287024,0.160097335809766,0.0219643833568706,0.281299767469458,0.0958576829153761,0.1166252150752,0.0636641824123919,0.100367565826677,0.0541673026822095,0.0537274066648045,0.00325322698017454,0.196625972847194,0.106272802402125
0.279164226654404,0.217850247827025,0.155831764402493,0.0569404009112546,0.152531358874508,0.0682501329619104,0.147375840439332,0.213336545863453,0.0169758273034051,0.0332688580629533,0.214554070602326,0.560428626702687,0.142575394270969,0.303660556711065,0.147302727284159,0.0281711694812699,0.0949421605788751,0.0894685578695523,0.012629544349355,0.28211340939065,0.0932100479067973,0.102366014651298,0.073982693267487,0.111650028323374,0.226402040039441,0.096081771822317,0.260845813880365,0.129447748706919,0.136050848790572,0.110137681006739,0.0368260555286951,0.0125238832409982,0.178903835073885,0.0426604306486646
0.127276244431095,0.183601295848423,0.0768226778436653,0.0701769454477631,0.173457805735093,0.0210289288671157,0.150907467406342,0.239755464238045,0.00422955660283793,0.0114574116678467,0.0661074050439851,0.394689799101303,0.131263548294523,0.460629306816955,0.176699311715075,0.0173599401422018,0.117012713591898,0.055133349997722,0.010750351775658,0.189651289681349,0.0574388952290249,0.252324515113631,0.0182361684496332,0.0825626359620309,0.308403774621378,0.0697804919616134,0.154478655476478,0.319079158346624,0.083838712939141,0.0678702228158872,0.0594336470315741,0.00568348258794266,0.31862482503712,0.0654875071774208
0.287399579318372,0.25219093827457,0.346360735304538,0.210931920005831,0.140851601520742,0.102711361531841,0.247798696617682,0.123447718947387,0.000457560751956919,0.0432000231688812,0.397400080142,0.264804650077746,0.280119056630077,0.252704699574719,0.0790205749376691,0.0587014226307794,0.483597093498527,0.0414288194594089,0.0143084840542165,0.118757819293679,0.0647419108531269,0.113762270090082,0.13703184755817,0.248159841192414,0.0441416400753633,0.106697600786337,0.188237340075993,0.359647828807373,0.409492485778592,0.28049808846697,0.124886293402463,0.00228310786034789,0.258870143240409,0.0755016959924334
0.100836460607751,0.501906507574072,0.17490257415611,0.0266287264614124,0.184862197197076,0.0558560727475895,0.0936690351560172,0.131474432494633,0.0286788758256638,0.0290524355184075,0.250845049253076,0.363715642066417,0.180797920377852,0.307595470400949,0.199743100818513,0.0526979239986176,0.0444006150861267,0.0418408321030007,0.0101700530068417,0.167914341557055,0.0871809035788471,0.0191489596712858,0.110715614352674,0.0835425214490553,0.100306290617979,0.0417647401324295,0.145750434812772,0.181612100014395,0.381751845319013,0.077260161759911,0.0294125278704303,0.0023094980480495,0.291592964152595,0.122483595792283
0.105399907764855,0.0691433537079802,0.0648333753411599,0.0296124817110395,0.014358942567238,0.0488044418201701,0.0136576910343634,0.126203835908035,0.0481634946913317,0.00513537834311356,0.0557905252312941,0.0118961949415954,0.0424179720069921,0.0404783061540348,0,0.0109880297586124,0.148126882943382,0.13958707615092,0.00362530475122179,0.0400134639042131,0.0848308483649291,0.0319419078606571,0.038475389456873,0.0116129522397102,0.0247878856619111,0.00703336219188046,0.00880878644435982,0.0673207253509383,0.070754455541949,0.0143195583609125,0.0177423307695772,0.0117638884272712,0.13129882185763,0
0.0897005716917348,0.267752165355914,0.1225775224556,0.11197365606018,0.132293614714982,0.0615148677810982,0.365694437939,0.148548829525289,0.0116409722275476,0.0193161315179404,0.24612068723684,0.179932293931105,0.15000661509117,0.362878110037988,0.382067541542922,0.032315898614885,0.155587049740021,0.11729381820958,0.0219837329468964,0.168114266980354,0.0916489462146651,0.120781913505135,0.116389816673038,0.029274739680654,0.390544448940926,0.123517865205921,0.144337829475811,0.0424265163856737,0.200658360390522,0.0541465358589226,0.0846861088251041,0.0127775044266438,0.240527907961755,0.0854119162499901
0.0853178037748635,0.347572578771096,0.244430474244627,0.111642789467126,0.233471872675639,0.0557573023845974,0.346126461318034,0.0911110474573235,0.000694014606310511,0.0443271675902469,0.420674332620008,0.284050854164981,0.360384346700479,0.134584341189429,0.275318877335855,0.156499117510011,0.186152669728856,0.116947067580663,0.0106859259920558,0.167617418417791,0.182756144344371,0.10704446198701,0.174068769950595,0.145940857254128,0.389390225766578,0.128324505389869,0.141697230066403,0.423012347157075,0.666884434907332,0.251937036810786,0.228563711914687,0.00952822003076408,0.190385984121575,0.0964006562391552
0.142130995286804,0.450451870381859,0.0905399346874094,0.0330830544111758,0.108362314693685,0.0446108109539949,0.0480651575282539,0.128700910050063,0.016558584148658,0.0620369225759148,0.0934935858347687,0.37877644876537,0.177839868795433,0.181824258504435,0.0689946979272321,0.0409193327148937,0.0275811351286935,0.0519823029117941,0.00844067639630548,0.193712769008058,0.121850985024508,0.130846509417758,0.0687755711978474,0.09081771941764,0.0692325954198824,0.0520529942097601,0.0964435243202355,0.150421026226485,0.13833207877855,0.0479933412772748,0.0343869816332913,0.00652664012715128,0.12105643025689,0.0400509199226178
0.120208594526553,0.465153129785339,0.575324379632478,0.0202135821441754,0.253151670418865,0.0666284767120807,0.169488845094961,0.131456019401287,0.000224760054465097,0.087135362544663,0.266580225124015,0.235491756803427,0.341418536034888,0.136743995554325,0.287973370326488,0.0750048639501386,0.134816394073263,0.0952830339694943,0.023043135017285,0.127462481862345,0.198535086494963,0.0581431966230512,0.346678952707351,0,0.109982479029972,0.0764015666188844,0.16595705993087,0.275720868448545,0.096594913622967,0.0586476311193727,0.0991733671311286,0.0148877008385426,0.167724494703524,0.125347177617322
0.267678528698699,0.472765800110421,0.0564319244154235,0.154650587793672,0.0803391551416831,0.0463419459085962,0.110168690034765,0.152856534201536,0.00675268961095366,0.073862551891316,0.145682445742478,0.248510488521986,0.283077449727612,0.130159614618911,0.122447792817067,0.102017331559022,0.214886307329811,0.0404996361334842,0.00360344791783231,0.348282512130715,0.105482829292523,0.166815968823726,0.0937707183366795,0.161729048570653,0.0539393843578914,0.0640586525826936,0.251487427075846,0.0585969735711262,0.21555011290993,0.0747836043959575,0.0728938316371859,0,0.246252659524262,0.109756323668168
0.350521475867846,0.454570762732132,0.0747414459740174,0.022758637444036,0.213493625940104,0.102296037556597,0.0130685551903166,0.254128537914693,0.0251284159411249,0.0288372818637862,0.042877741519314,0.164570011683122,0.273047270450628,0.130548818240173,0.254067279000302,0.0225194881751925,0.417422805854817,0.357597914570791,0.0255550594241133,0.1435103092194,0.298041368360988,0.114561265805779,0.118280783003753,0.0892509598476832,0.0285760598960156,0.0299193179264301,0.324958849908562,0.258695602599131,0.0271891980960727,0.0660315252504107,0.0053002237069269,0.002083594390574,0.312408689291468,0.165628600407969
0.194601373773146,0.253155545832514,0.243838875935761,0.0890979379221547,0.152473440258744,0.106794903129898,0.251451773437194,0.377692127101422,0.00147221822732902,0.0586341879044165,0.16786234947168,0.375829128595252,0.108107423276586,0.217009920957691,0.148225460316039,0.0440810360070339,0.148561488750949,0.349991565192443,0.0146921911551157,0.36117727836269,0.14585107944236,0.12814238962498,0.231529823041426,0.104823037917917,0.447491635899955,0.071419100940076,0.0848125297692424,0.101277188901669,0.159664753002505,0.0861692805326493,0.0859243072233866,0.0108386971907214,0.258054221035867,0.0440595657586417
0.0646139714020254,0.296938446635531,0.0990412435643523,0.0301577611412782,0.169854251751172,0.108443658999056,0.204339779209954,0.0743981496841873,0.0376220431011559,0.0781005292911914,0.227271962200379,0.181729183909844,0.340930292259767,0.10177510966968,0.203761413779746,0.0522218035705465,0.100570083649204,0.331701947147619,0.0310069407823457,0.054333828299359,0.197470319953366,0.173494215987849,0.0940417291483573,0.118268158429941,0.214577861651839,0.106514532267895,0.125594443049877,0.0685603582571168,0.18014414272714,0.233332388468138,0.125595155913693,0.0128546062315992,0.18159300086618,0.160945750716489
0.150021805904278,0.125097787934452,0.0491712905301891,0.0224588042879433,0.0708188629790216,0.0269195970732787,0.23848399881814,0.203988681969028,0.0386334844643342,0.0155194750725648,0.0846256993600156,0.207513969531954,0.16823561963526,0.252088858489215,0.114364639189455,0.0666685690805378,0.187238269563272,0.141155088405403,0.0627164127269588,0.202314221488849,0.128675497130518,0.161503193954097,0.151739499227086,0.0704601712384002,0.0939987676478231,0.155989045200459,0.205768621791775,0,0.0536619892370434,0.065161743994788,0.0867402066603237,0.00947831856444149,0.205002989774222,0.120929784264026
0.0972662678343388,0.55854670074497,0.104830431075794,0.0638411088027598,0.141386949247759,0.0286955849506843,0.0291062979540264,0.197413599344934,0.00124257545400178,0.0222873014338652,0.180417240392631,0.243645134063117,0.103861189091025,0.1287180601758,0.147468748686903,0.0236889686696474,0.212896999207622,0.150467115948436,0.0180796692141235,0.258793577141634,0.209012645834531,0.0918175580238375,0.0497692986864162,0.0250361909782185,0.0400800471319276,0.0193560542915275,0.0341834266491461,0.145135750314629,0,0.0926141201362243,0.0226382478300611,0.00330106982931892,0.190442507271057,0.0875284238735017
0.179856103050414,0.269778939126222,0.230724369921207,0.0526911710655519,0.12202406870824,0.0710515854639333,0.202642922664888,0.0598192233401794,0.00566706086705973,0.0524850745463074,0.198542797569991,0.243427464686969,0.199106385339838,0.140999073133716,0.135661507724611,0.0847238466622368,0.175714290194373,0,0.00846592953752363,0.0474654863913052,0.237198940467491,0.0757815145144689,0.0958463499845189,0.0413271713603481,0.143346711913702,0.0716766862704148,0.0815049501331387,0.239575538860835,0.0314745325379082,0.152877773905683,0.120611631644973,0.00493261239485561,0.155695508240416,0.0441555520026262
0.136305015155001,0.638015857148239,0.653348098126394,0.108514368246211,0.232526284751983,0.0406461883093839,0.102513049334863,0.135186644846303,0.00623101054512976,0.0373522866420414,0.153332256505189,0.43593345500235,0.205605326086273,0.164771177748449,0.171803719946768,0.0402654037947108,0.180936354684335,0.255757156349317,0.0081879053189476,0.31769505188813,0.355270004269329,0.19508400669583,0.197389547617219,0.0212776890486887,0.102189258620053,0.0362158524507307,0.100066988954655,0.308369285894481,0.226869005755972,0.183657995583185,0.0945463434820646,0.0152317276567424,0.308632675987105,0.0732118676055878
0.0317315395095311,0.515112173316517,0,0,0.149465101409015,0.0831347280353593,0.506050537933327,0.36425731703558,0.00385189490328609,0.316402394868589,0.261345600118589,0.334359932715795,0.297770908359972,0.180728463787878,0.344193805527688,0.0686299293488464,0.23129600863044,0.217961337797419,0.0273644778965874,0.749757893983332,0.681228140214616,0.199505364282987,0.1441879340643,0.217599362920769,0.11611695052335,0.299972862219688,0.511674242709636,0.315357765396889,0.331443824032776,0.134157316417114,0.338249374029769,0.019574310170764,0.397170803948811,0.532318400256156
0.0930680300930546,0.374528009413321,0.113860026261612,0,0.119714090885725,0.0311672862788757,0.15186301405189,0.220565426518913,0.0118301375225381,0.0625024214466243,0,0.264631622757626,0.0863655139879251,0.252143146265139,0.0998594354168156,0.042882360180141,0.0578088445287232,0.0544760506876523,0.023869298722192,0.124926563410457,0.0567539809440143,0.0498631259137901,0.180187244277839,0.0815782020164669,0.0725538980238741,0.0739670942093258,0.115508800879062,0.0788187748621403,0.207097596872226,0.0335305373104781,0.0366455128095989,0.00262034811518459,0.261666739947302,0.0639908253476349
0.280420844509048,0.369775219498595,0.0782018156646242,0.107155166401132,0.033835113704196,0.101680589702746,0.0512758985660134,0.0799563703182233,0.62718989959094,0.00946551447572382,0.134588359802734,0.193713025878225,0.172798296870389,0.161735762121219,0.0961520330337505,0.0574326469884181,0.119113351884877,0.168369102253263,0.0253261634132093,0.0804399093501986,0.131557550759858,0.166955164720028,0.0464088297880226,0.0980522271219911,0.201818693613541,0.0392621481835182,0.0361254163031571,0.0812018346139429,0.0426719020922978,0.138177288340975,0.0635523258276384,0.0105426270258997,0.178261396348376,0.130740808099316
0.619156727360897,0.379681378002634,0.693835350023566,0.149132591926761,0.200458335912314,0.10054898098856,0.442686928179927,0.11782331581367,0.0544668393012562,0.105190261991271,0.280968873662368,0.119821734007015,0.172649562572367,0.303790507746208,0.275844668007801,0.110674503681287,0.932486091568804,0.410072268446062,0.0182080666788885,0.201513390273487,0.183094560505423,0.134053199657184,0.290651723574185,0.321664406369612,0.234066685432497,0.0311282473342659,0.168576995709499,0.169518285565243,0.445412823422351,0.829325816450689,0.10521125096625,0.00579411382440974,0.581962565694135,0.229358151254967
0.12324087337188,0.233223659286766,0.126048186780351,0.134334814735867,0.160163192167802,0.0460048210081885,0.19543533577919,0.132606990330093,0.0197791449169844,0.0426464386253302,0.0723111753795745,0.439439210144136,0.177584855123965,0.379393170056979,0.100213407892166,0.028483633205197,0.191990708896169,0.0301537597692926,0.0199188250894058,0.103724585221812,0.0628293079171422,0.0966013884875188,0.0598426410382378,0.180621624306176,0.281121796030299,0.0933549680545494,0.0685037032284872,0.305395449667127,0.114633351683538,0.129919217057414,0.120822037641558,0.0131497884980429,0.361159317631854,0.0604154616836555
0.0672078650638925,0.234736140304142,0.332157400151914,0.189639690825466,0.278038240031934,0.125018528249263,0.330488830246425,0.0967895078677171,0.0047113620044226,0.116826450835345,0.643112970395002,0.396155494136874,0.410393211457136,0.36398477556043,0.666709043581155,0.140735654138677,0.0632407637772393,0.178784673523693,0.0238741424815465,0.239164740949033,0.0310434609479552,0.109097235152475,0.354814001622481,0.267731489494782,0.158743110986676,0.136708283236485,0.212109018182876,0.172450076180947,0.407804266984238,0.330131099288001,0.119244612237238,0.00508272806654919,0.29817206742639,0.332725220738199
0.139740343939599,0.28602865005701,0.0917330827848152,0.0837974895830313,0.222366957514485,0.0585909738447813,0.0690731050448932,0.164006231424835,0.00637002355961882,0.01099594219212,0.0526253001264732,0.662056739486528,0.145516623620284,0.520045535751051,0.286472982186667,0.034548856896112,0.139723545756178,0.0877786410970914,0.021934715111345,0.100649178745612,0.045724795564824,0.14060566332311,0.0435512012083808,0.0876330608519828,0.245507697149944,0.0455100388540953,0.176152174586047,0.127003045812613,0.0333702209888888,0.0270143022779386,0.0182240836750696,0.00384638366049923,0.264264850304172,0.0748967915749714
0.151308410004664,0.372338243994309,0.0770683764452594,0.0352006946474374,0.0500755453363813,0.0791107398468482,0.137877028775914,0.172593573041774,0.0150743536280843,0.0206753761444506,0.132637666916975,0.360599387289355,0.276514377756766,0.182761297610145,0.2943936722321,0.0304770967075807,0,0.0553096805732221,0.00618294844393679,0.11098388298941,0.21608487651787,0.189848663065682,0.064030804814136,0.0414133462099785,0.0810307964061184,0.0269966715804509,0.173820858256818,0.160049827612992,0.273347451755815,0.0340436445865818,0.0207028844035155,0.00241306553460405,0.25882489262942,0.0911892714657293
0.120755249202109,0.443254549656623,0.182716544626638,0.0667640510547058,0.297861758682947,0.100031270236652,0.291045843392784,0.234267035089364,0.0223701199102942,0.0404151969764417,0.566032253463691,0.254800233095757,0.205406755519746,0.432028092316849,0.193812980708331,0.107351974042597,0.111322069298589,0,0.0135592434104651,0.0902140882193521,0.109291101527927,0.216048035771204,0.208191694817877,0.183277432368109,0.600782510176614,0.126193578587555,0.170798336018238,0.227671285982848,0.159523007036742,0.0645695105744816,0.156214754981969,0.0219480726808508,0.383931810196174,0.13488249991296
0.35293719661871,0.401093011431691,0.133021085641233,0.0405045911462231,0.235817423514428,0.0485497429716174,0.113077128250133,0.360219864832781,0.000390373699315914,0.0370290814790899,0.457868901980783,0.423068672264029,0.0796069142674723,0.365560948059766,0.205315537278445,0.0400791042298182,0,0.127287033422771,0.00597430098694908,0.218925115645421,0.0994574052332121,0.11650888126173,0.0421020631441343,0.254151144539686,0.135621977380112,0.0538848733956352,0.240977453144098,0.460413700313133,0.0967797263947092,0.0783464030422032,0.0641621810412995,0.0159360474111412,0.294287822246745,0.0697583271255527
0.136029743611642,0.471981688849921,0.0116241861448294,0.0318559797749762,0.0362848688234288,0.0477291458331494,0.0648956914306368,0.28755261374296,0.0336483282052072,0.00727428026710929,0.100028968055115,0.234620386685837,0.192393797158174,0.198045804001533,0.128451308311836,0.0157606717857626,0.177055217674004,0.0500542413537066,0.00394128436536496,0.172179840824913,0.0782210855589947,0.167991526069419,0.0717434939280789,0.0666281563843639,0.0666648342540114,0.0799593368754674,0.0960252909413104,0.0965613103407975,0.177602077692518,0.0718873146693656,0.0376779148126342,0.00375166811513353,0.254460691779532,0.0549425225365916
0.0696192017106602,0.160319566278367,0.215949682573535,0.131512182583189,0.0414107682757058,0.118225212584068,0.0543828245063941,0.0617181504943441,0.0216171202256653,0.023021015808624,0.165181106449777,0.0528322677062578,0.201121357304156,0.10795352937528,0.13714067162451,0.0596432725850711,0.109641401861148,0.172200598194089,0.0118027877884853,0.0592346837853281,0.233222229862314,0.0315238693348397,0.136699010114071,0.103148713450062,0.110085995038448,0.0774305207914811,0.0312966913200442,0.249148754523466,0.0523714830335509,0.445163080953776,0.0392940013894726,0.0160172033510759,0.331806521880878,0.209986343190824
0.612496061332354,0.244191842907762,0.329940279111552,0.0602796300751621,0.302501989049736,0.0541894226757215,0.397295138299251,0.106944888361793,0.00730743125999043,0.0972962700978437,0.340704192454191,0.242160738476573,0.25263224376583,0.374734581569054,0.191838482307357,0.0894695809062371,0.40203990324206,0.0947153775776957,0.0176470325753696,0.1086027090742,0.0986761488189558,0.30343330341279,0.375942011017522,0.330952973364227,0.15137615611736,0.0473533985981557,0.200830965159403,0.137039119522134,0.360072951424388,0.466385713274441,0.196997905431848,0.0247639353427849,0.484445090731127,0.099391714085159
0.210903017576515,0.223310102092403,0.0671884444790649,0.0613761448477834,0.140739793531182,0.0490445810812156,0.118738267575179,0.140899809650469,0.00295632077049263,0.0313034922741649,0.154178560745362,0.345192211126072,0.1334656515936,0.294443535978207,0.115416343216816,0.0303657046888634,0.238789365407573,0.128584393020166,0.0113919196854243,0.258015901130666,0.0167451857158105,0.0882722892641755,0.106327959901152,0.0320926941429622,0.0599393768795486,0.0755806964659699,0.104676470577265,0.0930212836311445,0.0733246076239481,0.11871741067727,0.0325962754272487,0.00433593229038409,0.270807613578165,0.0856075480374065
0.199837943963797,0.198272184465876,0.890238610745985,0.271075504508861,0.60922619539686,0.0947675566551123,0.659246892644758,0.233928710848567,0.979032498001986,0.216565307228017,0.425593291459089,0.272247217505982,0.412350540657546,0.748851132806558,0.115081540033302,0.134113974390459,0.150663433736073,0.496920494858461,0.0703569890062903,0.284889916063796,0.332807535365643,0.0649776587768704,0.117402747073763,0.141741400708871,0.17018346670914,0.194936468645387,0.145145949014542,0.205420249451625,0.107949196148704,0.917578145783403,0.165900469140937,0.0493232664481927,0.396817712626533,0.345175356471944
0.138357904965389,0.205643669832236,0.0235361073140116,0.0645000207673253,0.0684262151457325,0.0644259398871266,0.0311170499491874,0.173757783377083,0.0485442931063272,0.00821967748836984,0.0810128129753264,0.241840751271024,0.138623022081446,0.21823099051746,0.113318455918143,0.0585038791795561,0.0716979366808347,0.168911146382699,0.0137297904113842,0.0968385945299218,0.14077958357622,0.0463825522508709,0.0558698522506401,0.0505891851915958,0.10798300631874,0.036755426979547,0.145819381963485,0.537656477375898,0.102742044811948,0.0831730978385678,0.0451000173207009,0.0078213368089582,0.185394891863384,0.0540325706958166
0.0935188627097887,0.51957846901044,0.130022258714794,0.0296935134631043,0.087695546616255,0.0355914282917771,0.0270470483878474,0.130738761353391,0.155547510968875,0.0161029020419788,0.0559431907205368,0.298219386426737,0.181740155900396,0.284156027719271,0.0842780829358644,0.0146908353874104,0.247554656319059,0,0.0335083829911958,0.106994834271566,0.0486076189049171,0.106764604974444,0.0462969879351721,0.0698685028343043,0.149135014854022,0.0492256953188505,0.169592236442663,0.270020481201336,0.0354741280844259,0,0.0342587058455024,0.0109432618727892,0.185023855741357,0.0478630090237647
0.120199398038803,0.135085640678257,0.0398229048403482,0.0242518473123555,0.021592043905965,0.0581377949420181,0.0184394320703379,0.19951345738197,0.0334106567527471,0.00365382197016101,0.0228454898273699,0.224081965081601,0.0685424724699133,0.23394297324224,0.0577487031590686,0.0149982199764778,0.0808750969565572,0.0762124881943478,0.0279995874605477,0.0983102207213383,0.0694744774177128,0.13079826986827,0.0756251311983134,0.0855965807393188,0.137029939414271,0.0261974719687964,0.0360709784527566,0.192969047303451,0,0.0469095253174103,0.0275717108369323,0.00642899271429916,0.176824945187396,0.0366167627274463
0.106993454315725,0.654678333869261,0.33374174434683,0.0254058836575256,0.458731120157068,0.152260408836975,0.124574603665011,0.0639818177267205,0.0364119126396645,0.125212141797477,0.191460831557404,0.51031410943978,0.287596646403802,0.179390469383304,0.428808102506945,0.0377085052710951,0.0847233053248228,0.0798388397645149,0.0107003279770637,0.137317421566334,0.187149396752026,0.127887215933298,0.211262987767532,0.159412407998206,0.23393371524924,0.0525126906259917,0.0876666657963573,0.404302406291734,0.303517996307489,0.0982831597282487,0.0837193812497427,0.029765748599162,0.369009115076931,0.157544142065903
0.14250012227061,0.307846673527666,0.0665515497799608,0.06079434627203,0.200359626958758,0.0546521827263927,0.307092109355546,0.468811748927391,0.00835967113265724,0.0387567156883414,0.229075895418529,0.219805961320083,0.277252693144209,0.289567073888361,0.264931053424663,0.0751947305410395,0,0,0.0190255835165103,0.219060375924743,0.049759362761599,0.349742594665607,0.284364468242494,0.0953655633007746,0.381672444779818,0.184087484557435,0.036168944204094,0.552837793731356,0.290518561793377,0.0587960305354157,0.169950350876163,0.0179857134919982,0.329823191840349,0.0645536871863976
0.0829975696312698,0.18730775751005,0.0528169636354059,0.024123951935789,0.184079691943824,0.0506021751460139,0.104280292326481,0.164048730258806,0.0540448049695619,0.0943649214756609,0.0909000442641331,0.222899737657085,0.490762381038545,0.298656559399101,0.250948389212075,0.0716116141436303,0.0402241656509313,0.0379051632104478,0.189720706975059,0.282508742148586,0.0987256668773964,0.208173042026566,0.0125376916411778,0.0567632873996389,0.0605808743744022,0.140623182842442,0.295656814391734,0.109686311231594,0.0864609196822793,0.0466619908471363,0.0674112065009455,0.00743369141955661,0.26389268446286,0.173285630661455
0.482551230643833,0.181613649597744,0.28458383684103,0.0866550735359232,0.155726966206087,0.0908834344394925,0.274158952865712,0.0794970215283455,0.000161538488823948,0.0209099737173858,0.244889914008284,0.156653382139463,0.336992052327302,0.162833356499141,0.394042490805641,0.214361978852654,0.325098733658508,0.170197916294694,0.0103515457686459,0,0.159583617271078,0.249257809735102,0.157627203001435,0.186906610557538,0.235745376596552,0.0885086478072731,0.11599752931606,0.24625117050707,0.802316806914657,0.293323496629787,0.196260815308119,0.0124002648005924,0.227898643746041,0.224703244809983
0.172027311367345,0.631442813044496,0.156506062938991,0.0357417422453632,0.224948531633339,0.12852278613018,0.221439008782365,0.180549681265285,0.00374150550484714,0.0380850590181522,0.202014830108705,0.703567051392199,0.302619993609904,0.32738781358588,0.159168457589705,0.0618910805506589,0.238382722811918,0.224639488936857,0.0203092522757115,0.225379487679808,0.175524968390545,0.12851117421826,0.111454194163159,0.140166404741018,0.224389906625018,0.0386293069227701,0.289192660009795,0.325020060745219,0.12809959292506,0.138267783184057,0.122942776433765,0.00913655092929714,0.228526646739438,0.100357227088735
0.139051042718462,0.118699040748776,0.130725210649662,0,0.170977348856873,0.107351549036785,0.126532554107979,0.428677396418442,0.0503227358979103,0.0343722389797713,0.0749944854390491,0.0479730837995616,0.0714192346336794,0.301286269816027,0.115938392042996,0.0295405197482579,0.132742934976908,0.062545144690812,0.0178750393023296,0.107573290810589,0.162901327186594,0.286245033467878,0.434441735241417,0.124882354734527,0.449824091665065,0.069817444551011,0.118409168982622,0.180986760620793,0.0475547416553382,0.076994134206126,0.0313655614354408,0.00735583918272353,0.579388072674641,0.0912863972824464
0.195203871251592,0.60118388921866,0.166386852791364,0.151993153835725,0.19597027624292,0.0364364949305395,0.0931974051780144,0.117913995817442,0.0392459321426735,0.0631938116373069,0.286358231194609,0.305300220975029,0.304208544311629,0.166546979152862,0.300635316337788,0.0676783863890972,0.101372915303351,0.0716466098846094,0.0113812577385639,0.205378615123935,0.124404372162333,0.0655797514716444,0.102691918542312,0.0357637919097428,0.101784050518436,0.0484428810360973,0.193512832152013,0.276431724340418,0.217898939058597,0.0440991829543489,0.0521966720611394,0.00367234769100804,0.232644327845173,0.137611893905745
0.0948162930917111,0.324333530561194,0.233719422148459,0.085400413622425,0.317229287813189,0.0383860706641595,0.204042580135398,0.147320369556451,0.00795273722899141,0.0376446208606343,0.402240196262265,0.274462571665769,0.142739093269142,0.386464754296445,0.275407148090907,0.073940378090799,0.142396253870422,0.335466949715002,0.0174963336352431,0.307722924259468,0.104848587632082,0.0614122150654367,0.221921280115944,0.13396390539993,0.303818763280208,0.132477614140658,0.193070391739919,0.388296924684195,0.25506446913608,0.0825932941957032,0.0885834276257026,0.0162060226032042,0.226257812827053,0.101670193614064
0.0863925447249293,0.230788546594571,0.36588107741582,0.121538067290836,0.27352865461662,0.0819440825421528,0.302304736047634,0.120197049842655,0.0236423201407365,0.0587389032074201,0.286225350207841,0.207507798979781,0.168746600737568,0.131344321178091,0.211304146731881,0.0375816819876896,0.151988942248389,0.190968722255948,0.00679071725685294,0.218968884629335,0.0994772894276636,0.0873991308766028,0.284245702458476,0.14298853886793,0.241624928439147,0.109118008561014,0.238615365162536,0.345379401070952,0.10889891284402,0.146928912738566,0.429310982813845,0.0249680032354566,0.266575755231653,0.287911245473899
0.122052862628582,0.0817079789310697,0.221358826507791,0.0367653754614852,0.136455708105902,0.0165254605855058,0.0694619751290718,0.102251085194137,0.224550794178936,0.0382018152331325,0.207800172981516,0.0516940526895894,0.303797497327744,0.066019417103826,0.0488638437405208,0.0864005427462704,0.122604833297443,0.0577684577600845,0.0249749498646467,0.0165596420883114,0.0902759105165067,0.0528766325368097,0.0382153754770487,0.0432542426054357,0.130795822282824,0.101558797004194,0.0415589814247387,0.125373243883076,0.175690847741989,0.106670682596386,0.0628806127379493,0.0250030414181461,0.279440727139199,0.192831967510084
0.121585124007464,0.310221750124834,0.016673704192953,0.0152313049011671,0.0576947527273376,0.0958467508542721,0.069651473955494,0.238721782921469,0.0351196011036505,0.013532529761086,0.114784072825868,0.15297088475329,0.315711888899843,0.206253849672553,0.274460369099347,0.0565171620089708,0.0761895602615057,0.119661721119404,0.050019241802501,0.0960446816378241,0.099732576827396,0.087623422239875,0.0712438304718627,0.0836240249088341,0.0892481831726922,0.0531231414328329,0.0416836345909179,0.207759481998064,0.109178472588914,0,0.0282494461477252,0.00236686326926452,0.2349881845315,0.121909919465121
0.891598706404718,0.514144399930412,0.344948139922608,0.180061486956161,0.520771495847229,0.175358536887326,0.372856944710465,0.0159569048937763,0.164085437050411,0.00896771041929978,0.763289058372846,0.2350918042789,0.325975736064524,0.171928933040281,0.907434618146173,0.0890850012217064,0.225175201282858,0.282924624835768,0.0691941083425035,0.121652784603935,0.147377929005985,0.129483854853958,0.093581491370786,0.0706137124469429,0.640583300243853,0.179051601945525,0.374939417143876,0,0.322672800877814,0.261214349844575,0.328962390386592,0.0213118360275789,0.0868448597911178,0.575309601061103
0.229974093958094,0.0764312576835267,0.193968579747126,0,0.138048593633782,0,0.264329713917183,0.255865738912228,0.0130899123428555,0.0271365388331678,0.111275719484103,0.142363768532514,0.184759310265303,0.262725439737518,0.16467531973612,0.0146106160742444,0.196962411171068,0.185607139910677,0.0351049787870303,0.0532052944657226,0.145026719225938,0.0849453382787137,0.184176976332293,0,0.865204707498725,0.117808372621542,0.0281110606746116,0.268546034243656,0.141122058818022,0.171364642527938,0.164748490113929,0.016189083800774,0.283717787195514,0.0334102003715433
0.0972229783500321,0.119514889657044,0.0270390281590844,0.172899345868439,0.0600589284833811,0.118423551739044,0.246801082445282,0.187566590932708,0.00187363695719843,0.0038553146930874,0.0930701384236004,0.109149386234694,0.193103266824176,0.186982222833639,0.121810850923331,0.0366606526091206,0.247106983590037,0.0388102119045303,0.00939391625401815,0.066750806655314,0,0.230905028048818,0.077022136133773,0.116236964363688,0.175743811392521,0.0838857814220419,0.070535658004229,0.617677827994966,0.0590166911960214,0.0716640334233684,0.0693236706176154,0.0372740786944175,0.28518176677001,0.106957911918689
0.779196005169865,0.020969131782121,0.0214730626313531,0.117692742329216,0.0363522276884955,0.0235115264027317,0.0512759175131038,0.0784252157590908,0.0456170116065606,0.00985607574508321,0.07391194833351,0.0630407536636867,0.0563406496444811,0.062878622259248,0.0258542219828531,0.00970471460806488,0.294360630306477,0.0616423124425109,0.049576763124069,0.0353402071345985,0.272934943020879,0.0423170176957996,0,0.0153849766135472,0.0410491485217907,0.0913234301681396,0.100361967878871,0.222967878577975,0.0234341471087193,0.208677773329669,0.312974211188786,0.533801115457493,0.287791455705297,0.108205008100412
0.0718803963542251,0.0765278727624209,0,0.100752874315364,0.0727830697877403,0.105669212183538,0.11798121364072,0.014202700487232,0.0400854934996873,0.0306469835725421,0.0949103924448005,0,0.135086232078935,0.107173193903156,0.18846793805589,0.124618202208036,0,0.0791549431050682,0.0329025567276041,0.0453803884737346,0.288627292711763,0.0724523093444516,0,0.395116848670572,0.0210845315792377,0.207618086949551,0.101901072681151,0.229050595836202,0,0.487205893654765,0.767927018412458,0.710548762651581,0.462677833571941,0.290354587077854
0.166751894083209,0.0373712698431287,0.0403954580760461,0.479711890586759,0.0499292229802385,0.0497590810965267,0.0467633976796137,0.0434008430193301,0.0879160201547613,0.00766139885650393,0,0.0148241849125592,0.12311871073015,0.0845030928455062,0.139338760645475,0.0547699396172286,0.276877873416028,0.0869718548326522,0.0636761266979233,0.0498619088557503,0.604058222973916,0.145946840918138,0,0.115769702447218,0.0617778684217069,0.0454849267792065,0.0307353044845674,0.0838902595283195,0,0.124907894591243,0.270293144127538,0.168084153421759,0.237924244875166,0.165293597101507
0.27741368866963,0.0826099489474494,0,0.104875932864331,0.0103440482984498,0.0523778342585403,0.0149443350936942,0.0713132129523948,0.0517993006441314,0.0128895506282573,0,0.0140439248867499,0.0956579045251385,0.106291455187848,0.0460354377330794,0.0691828959241843,0.174869644391573,0.2746469386574,0.313859419313667,0.0314916427360924,0.114452781837289,0.125695472289986,0.0181687212142653,0.0548381830555413,0.0438946579638873,0.0427106526738592,0.00831931202791157,0.238423916684126,0.0417643159680482,0.405714908502438,0.0757497522772979,0.628432305970196,0.297191787213592,0.182378401574152
0.382860667744665,0.158147323145022,0.0549465802855354,0.0501932928592532,0.128303626580041,0.0902442685479282,0.0333937094004364,0.0660427132513181,0.213480808030486,0.0264879007132294,0.141847795755427,0.0403282104107919,0.130895655818473,0.256024069996512,0.148462392763148,0.142789795855224,0.376614287476453,0.118300577137854,0.164571034889841,0.0452153370472963,0,0.0360944539395707,0.130432200743826,0.275576105300011,0.0945353059452366,0.0952892387188313,0.0328481234327438,0.570544697335734,0.0299823613342471,0.776694803943756,0.380166189015315,0.302737308106498,0.278820616797293,0.266775192315261
0.158701635643421,0.0193919761582628,0,0.11488750770938,0.0548528562166721,0.0619680466838614,0.00940144156843456,0.0295242107544353,0.0773827772459396,0.0209847298111406,0.0432899678693774,0.0184614735593414,0.0503759630140384,0.0423067148352444,0.0362717659641096,0.0795764342720789,0.191562897887758,0.108311302272719,0.37392240742156,0,0.639430280626278,0.0165232855010399,0.0238837339995078,0.0360438294382137,0.0480848915236854,0.0359135915656486,0.0246063559687121,0.104473724343269,0.0274505948836635,1,0.24889720864104,1,0.203939970587772,0.109438816023645
0.120258408624307,0.121077680004933,0.0598921225287945,0.200607189569631,0.0809061081451377,0.153015206033192,0.0128480669016578,0.0482854089343846,0.151876038110695,0.00457994713466034,0.0687177782062779,0.0219790031221105,0.0524303561248365,0.182447080016242,0.0484077372782611,0.0676704381246221,0.0608165885090538,0.229241815466112,0.0585300644117506,0.147855157419386,0.328388625932889,0.262288123558167,0.0379125145820027,0.257468568922178,0.0381645417786477,0.0587644910660655,0.0499095686411126,0.0829196472729501,0.043574619795002,0.546764536511031,0.264135856748064,0.110808229093097,0.387827682447913,0.180354862867113
0.356397271578129,0.0951613464762763,0,0.114280161405219,0.0534656005073336,0.164374549239867,0.0656746811097478,0.0214832356584371,0.153338420204564,0.00471905624931845,0.258367294268489,0.0642734788723127,0.195141839486805,0.100556338935834,0.0539245367855643,0.0282699218208706,0.342990223852045,0.395042057058703,0.105682768797543,0.123535556863605,0.149658838537262,0.0493079202577705,0.0593936444665612,0.0179265814867411,0.162624305309512,0.0467484407833394,0.0788680060230381,0.207842504265135,0.0273054784722144,0.618932733834051,0.218602388204714,0.380672194982628,0.21872372358102,0.220271791958724
0.0822901994172952,0.0885708153607182,0.332564038200642,0.027617721346381,0.108837545464369,0.0413790052251072,0.0125963139193434,0.0364358785242163,0.0121043187910816,0.000948312387873126,0.156097066903215,0.0554741455438067,0.0843666855825384,0.00584662000862918,0.0237343436725848,0.0683189777337707,0.0920993211472966,0.130184420602602,0.284511623784706,0.0497574280554386,0.293861454117029,0.0198601548985459,0.100474224118529,0,0.023118181629136,0.0453615027309096,0.11830204633353,0.062785856711406,0,0.106839697253065,0.179450962280301,0.639541374977636,0.221651152661525,0.135119193741924
0.1210447857554,0.0509889694433913,0.0342094124183142,1,0.167246259516439,0.0561854481901306,0.0635067221135651,0.0575919608424764,0.690795186462608,0.0116539217311534,0.117751157614863,0.0125540513610318,0.00769739667801242,0.144496763583515,0.0463447227552989,0.0463825819948779,0.0521061786676758,0,0.636376512919932,0.0281507985509925,0.281354808947528,0.0449442697952344,0,0.0490204587206489,0.0130793591899879,0.121360843033395,0.208228526328785,0.0710435435756443,0,0.24178251497144,0.585197117829415,0.313701640664144,0.279548661226631,0.222658299348855
0.189534701205246,0.0437628388000513,0,0.137261832085596,0.0491017837978471,0.0891177791725758,0.0545697854199127,0.0589974403474997,0.360859816751373,0.00866864002308496,0,0.0275710345465919,0.0651441710941386,0.0804854638669409,0.139039535667611,0.0339549858377436,0,0.179729125698334,0.41601089202543,0.0824325276404663,0.187244840885393,0.0987062333162165,0.047558446735786,0.0897152714126676,0.0861740594786716,0.113438657958276,0.133381815781121,0.104016567396265,0,0.0885000153856391,0.623951498468633,0.197479534593102,0.319568450550607,0.170716482044736
0.198821799507718,0.0171084087500034,0.0277392348581803,0.177377408128096,0.0166057005263219,0.0455590158320015,0.0106282746493245,0.0285152788443057,0.0150387556057296,0.00881359081059081,0,0.0101796480707422,0.0903838295228816,0.0746414539051958,0.125190811130948,0.0689519697621654,0.253507161718311,0.0796307401328143,0.162091020639855,0,0.26962185136988,0.0546658915277375,0.0131694799956632,0.019874551054849,0.0106056021053241,0.0357811920210595,0.0090453178786284,0.0576067637849032,0,0.147040325987587,0.0434010322681759,0.459786262736244,0.194243062450851,0.156016345861985
0.178053097966099,0.0519248199940091,0,0.167797009975369,0.0736822942838949,0.100562648214252,0.0741944068607853,0.0263636790945552,0.0340974719952943,0.0189328808443576,0.158066363127121,0.0505567191803744,0.144654548970108,0.0958310319401112,0.0651880446187504,0.0311314521200038,0.279783956747445,0.263653860125032,0.162349821188492,0,0.583693215872051,0.0904982965127314,0.0654055717118475,0.0658039019381842,0.0702295765965655,0.0876158185808892,0.0848545657112783,0,0,0.283992523337286,0.544479146151153,0.584686426141208,0.169700619561742,0.143719286615337
0.139331683532742,0.03223283972987,0.0223978639320458,0.102301568207341,0.081506118740814,0.0429173430612669,0.015650429332593,0.0226578708758504,0.10262663932464,0.0333822600322982,0.0770951861943151,0.024658533920879,0.00935954889672556,0.0156921936806316,0.0233383521095269,0.040490785557608,0.034115379871087,0.0321485609725764,0.245627563500905,0,0.318183415914745,0.0294263506059473,0.0106336105702525,0.128380856939423,0.0342537620820336,0.0350929408982972,0.0365178947415535,0,0,0.178090061619864,0.336706471069882,0.216293741779778,0.213151691035011,0.197533533723576
0.168774960258399,0.154861458068632,0.0734896184619851,0.13426459766638,0.170037195282511,0.0100582796804706,0.764667027971061,0.100810053547029,0.00937555526969181,0.161042598218795,0.505914237429975,0.0943914403107692,0.648281004223735,0.340458621451798,0.155518992474289,0.190977797046611,0.167903929902761,0.105482624912112,0.0663142032852325,0.0604743343619986,0.0274734141905927,0.386203353595447,0.10466988203169,0.236941744326474,0.814826457510975,1,0.0519214565696359,0.305235818870356,0,0.292165253587923,0.273910367689807,0.0235190004072513,0.311283036141027,0.346184329898317
0.205851101646219,0.0414538213080306,0,0.204660501252701,0.0849278292816236,0.0490621465190468,0.05590398169017,0.0289958116534419,0.131722281199466,0.00593157661553005,0.154233780177641,0,0.183446901651416,0.0813814043459809,0.0874262327311518,0.0506276531209888,0.341249971252773,0.128630445838069,0.507585729219062,0.036872686332683,0.770554484232219,0.0883039605571803,0.0425464166090283,0.128416752882493,0.119921721430549,0.0416027744192585,0.0487041590965294,0.186109198867191,0,0.633386291259092,0.26561045830317,0.468096740282685,0.217766725834348,0.186253723083692
0.172327517918364,0.0828765487160812,0.0201562073469715,0.478725716923333,0.118147760771659,0.137935559453559,0.0417686903498848,0.0307473177982147,0.618724511322937,0.0117179002499756,0.0346896151146512,0.0221905649109032,0.0835343627143149,0.0749800689532048,0.12101902115155,0.0182191281459522,0.122803973180405,0.115724082052823,0.266926090554996,0.0331729364794855,0.301408211479569,0.0397218877262807,0.00956936162087762,0.216622058991294,0.100182701162994,0.0780238956215159,0.148978828730205,0.167435602513615,0,0.302724197942084,0.755912216437338,0.180710007509716,0.230415428067915,0.208931438456231
0.229217649389727,0.0272567398806022,0.0294623850368179,0,0.199662467255688,0.0725835828345657,0.079414799965245,0.0349562331525464,0.0734731270076067,0.0205987976849849,0,0.0324360112165527,0.0758313237404862,0.036302733948916,0.022907763808561,0.0665774160572157,0.134627185050606,0.126865662452546,0.113711555360298,0.0484889746635471,0.484626823701344,0.0387077300947614,0.0699378141377388,0.0422183004401924,0.101379826409295,0.0378327206525532,0.0128095861343308,0.305926364593889,0.0321531156025421,0.390435377208123,0.340520569218356,0.312880323396837,0.303890745461542,0.226908332953022
0.102190567440821,0.105909024433915,0.0657646965768111,0.380478871009833,0.116306242715473,0.13801535538638,0.0813471997581474,0.0192407718224234,0.4111004071039,0.0101481127772036,0.037727865054338,0.0482682628667819,0.071716216657803,0.143048188621034,0.0657625099565302,0.0247685368454788,0.233729592082073,0.0314649105848831,0.987379805746013,0.10823519079959,0.213074666048161,0.172803646549272,0,0.109944356370989,0.326871739007935,0.147727140370827,0.178706501472004,0.227625320865028,0,0.232403641560992,0.430600134654881,0.136825626801522,0.205851405288987,0.194755576038836
0.165133537174814,0.0509614734762508,0.0236079981757908,0.107828654676998,0.0320280313338278,0.0646230109489977,0.0461730472273481,0.0217167782078187,0.162753731130996,0.00311107280416424,0.121890843289318,0.0259907435420921,0.0663869850040695,0.128173746238235,0.0588299125604254,0.00533479757166175,0.395544859264029,0,0.224649566545819,0.0777077364220494,0.194164027414018,0.0310162269729412,0.0112081339410861,0.0338292218546303,0.0722088446622902,0.0550288467827004,0,0.392218925086122,0.0772921839364559,0.229425648785118,0.532902082823582,0.188465108001102,0.306367100320021,0.120340237281186
0.243679907714937,0.0951589919466976,0.085452498070185,0.0780602221085026,0.0366531695497047,0.218317727021073,0.0643094684524412,0.0306654446883392,0.00351267029435518,0.0867735551710318,0.196089223972084,0.0209060196569866,0.0504251110250396,0.0609475643928376,0.098235228987159,0.0321834146162923,0.303700081746661,0.0408845588841919,0.0193485386486823,0.117197525612268,0.212970755096511,0.130978830051165,0.0676156905403542,0.163266181694446,0.0108904351273768,0.387874936798401,0.0154803417630255,0.177461342979594,0.24868440270085,0.0754943754499163,0.719649449235662,0.417708215502054,0.192248212309573,0.150974539181256
0.198558050671317,0.027006718822113,0.02765567674437,0.126316432910176,0.0691588163370642,0.0605623419932507,0.0795729952066155,0.0572548379821453,0.345362038079569,0.010172750831735,0.237982760316068,0.0202979684086618,0.0695390842557571,0.115774879181694,0.0753505910122705,0.0312473804652751,0.210619434798153,0.11908593775974,0.319681122960014,0.0227577537813931,0.454908676384864,0.0908352971037786,0,0.0792588569551586,0.063441996497118,0.0705390955235235,0.0300602117313474,0.0574332365571628,0,0.537523451731006,0.242963139967249,0.54012883592508,0.341205635953386,0.194680381787598
0.344283766485933,0.0762401439568203,0.024317641622853,0.177711566146282,0.0609996852769406,0.0599088513462358,0.0397700605037439,0.0326310969011055,0.187395927900059,0.00850403450337244,0.041851605010381,0.0446199553768334,0.1254975330734,0.156513717137583,0.0565124525253318,0.0329708743796573,0.370394171525819,0.104712040595436,0.303823026945004,0.0400216529399132,1,0.047922723848416,0.0577251399713414,0.243922275940474,0.0650817871586227,0.0599897180085774,0.0396478007220335,0.151502809929606,0.0530768424166845,0.386707808219448,0.229667091865216,0.559528746178159,0.224635647592804,0.136616369797016
0.202512525542737,0.086023487728862,0,0.318527980640151,0.188859404947866,0.152718002582401,0.0647494358478891,0.0394298833498807,0.224030478271927,0.0113787026111105,0.0800150244102373,0.0682463699995309,0.154611842539688,0.0235407208250875,0.0287068579751768,0.0472772851706244,0.177037446660827,0,0.590769995805702,0.114775124138016,0.451898979055657,0.0458112291752795,0.0441454374185369,0.0499660463716577,0.0177754960814468,0.0143302680155184,0.0202138238197952,0.0965516897347421,0,0.410743966138861,0.138403924545188,0.403723648160663,0.194935823553526,0.273427783546537
0.148006498944243,0.0327387549431012,0.0235920414928661,0.193960234882367,0.0572654451652768,0.07103716677566,0.0791557513558961,0.0163586939953788,0.298135038207253,0.0370767725445434,0.0406028190258406,0.0519462897508702,0.0688930648530602,0.128253360957234,0.0250460139681262,0.00533119177363157,0.215605510686651,0.237038286638157,0.415717977031025,0,0.282229072077767,0.0464928945848626,0.0448022333832372,0.01690317831531,0.0450999175479905,0.102062443209574,0.133344684653972,0.293964744398313,0,0.250113042762527,0.147467243392229,0.195619032557398,0.221367767942959,0.239931680771941
0.12290736402001,0.108346641569557,0.0766565910794593,0.210075679267862,0.0698734019936657,0.0629503961428929,0.0912250190465626,0.0292526309493445,0.274960537494913,0.0693307823213717,0,0.0421967543525218,0.108934862892475,0.0844191486043913,0.0803773927493457,0.0779508397128172,0.408659082973906,0.0550141544690319,0.159365229751474,0,0.286573576137735,0.226601000767775,0.0181967427709882,0,0.0146541407485782,0.106863725019309,0,0,0,0.474064435663093,0.468955090859827,0.721276047751044,0.281728641581388,0.256678134527178
0.220064607488572,0.0553334468916188,0.0256332958665843,0.117079283378381,0.0278547874360457,0.0561335972720405,0.0205976761952016,0.0485928993579895,0.0422028494764188,0.00153621917091532,0,0.0658478511839117,0.0677421937602982,0.132857643268752,0.0737869902156867,0.0231698888413889,0.312348031703488,0.331133305668806,0.12147629081496,0.0210935440607536,0.134159044819744,0.0841927787648601,0.0365090744634585,0,0.049002234909311,0.016305995112952,0.00835860649546687,0.106466971390455,0.0279743246937576,0.543508389569234,0.346450598295275,0.381083703204323,0.393454482998321,0.0859995891979796
0.19083293309023,0.175892451367588,0.131625647982878,0.15029885356528,0.0470497223093539,0.153128958681394,0.260135391520533,0.101029077801026,0.145027590218404,0.214418099545912,0.339799420579839,0.048303523164914,0.108737692036977,0.370965679394489,0.450127084737164,0.0817960162057746,0.350850761122041,0.0944639341173805,0.662316323249857,0,0.221431672263319,0.129697551549819,0.0156226695371385,0.141460379729905,0.138393031391525,0.141484028632577,0.067958131157361,0.20501262080987,0.0359117242825632,0.407003815790092,0.562425092429322,0.441125011820006,0.483221263049414,0.137433903701376
0.159868813606932,0.0285906205700452,0.046356394400474,0.211730795905781,0.0357999830049548,0.012689291075837,0.0777607379169742,0.00325892375115762,0.0246310837618399,0.0168333860969777,0,0,0.182617497561299,0.0644566951817025,0.165326094190846,0.0314260031698454,0.0706078940931243,0.19961138317299,0.120439042005942,0.0381465049548608,0.207958655243475,0,0,0.0996398850149681,0,0.0877812082688441,0.0151160240488855,0.0962694852904497,0,0.204771185229301,0.127918295857151,0.243477307245935,0.25305760895438,0.189972356063565
0.0976276389682748,0.0998082619261244,0.0340688906622349,0.311217098483358,0.0530375279710119,0.0839322176994612,0.0620652893002818,0.0668857674602255,0.222557157553652,0.0324662345689292,0.117267766114108,0.0125024831750135,0.0698329705368305,0.0509172870183153,0.0887495272852633,0.0538908615662796,0.259460973809708,0.195601832754389,0.378285669632308,0.0841056323481594,0.382090575456285,0.0447597647893667,0.0161745475801553,0.146457783420598,0.0521025984026916,0.0260898274692468,0.092577541766457,0.0707517185252965,0,0.48157975195318,0.62211021056188,0.556060746946696,0.352921573117585,0.310692261711059
0.230161574088166,0.118806493718503,0.079709293257924,0.0728138471822658,0.0475452344896608,0.0363651529517544,0.0485269060999848,0.0669109334744141,0.0947447629700588,0.147410773273401,0.548731148986458,0.0487523993530995,0.0890914827440349,0.378392040773265,0.304779318511739,0.0540367219124036,0.526107709065517,0.11440997597619,0.101517078989842,0.0218641605581873,0.278120099508206,0.104722201057934,0.0630713108704172,0.304586419728804,0.0406339036969188,0.0672421180129741,0.0664236514276741,0.275890476170115,0,0.516416628556262,0.244437642391143,0.301318830728744,0.50983189064216,0.127112721328741
0.342440388353562,0.0610536045431592,0.0819238406397497,0.11225515127625,0.0658312453643916,0.0672758147592135,0.0523557859911775,0.0778512756187542,0.464881778913379,0.233375927559967,0.0704969069735647,0.0450961582960713,0.16950941177588,0.239445242131311,0.174364921361431,0.0462816584220547,0.499130004369579,0.058794179613378,1,0,0.398143919490308,0.080723701443174,0.0194470418237211,0.176089761493586,0.0313221204985378,0.0403724319998901,0.0756896113782754,0.255199759413585,0,0.180942240794802,0.0701394709233411,0.391567093436412,0.387262040896271,0.103034062685119
0.240513622759103,0.0479446332457742,0,0.126243237884617,0.0609733926568816,0.0472868631378109,0.0449214642602678,0.0339930021428704,0.304075149392345,0.00905127607439657,0.178383570712912,0,0.0760699454486928,0.211056471091665,0.0592441839601794,0.023421945755305,0.368370366730991,0.148771288653891,0.376645511537174,0,0.619970325084771,0.113478242836089,0.0656110902804868,0.074262067921025,0.0528377063817619,0.0402009640250754,0.0112660427543202,0,0,0.488374292734295,0.211874501571366,0.614281496559161,0.355401102681839,0.17134108714657
0.102559307578452,0.435397166987682,0.208311750346886,0,0.462497551061194,0.0380145663506704,0.227581548800789,0.295988717060963,0.0129314398737388,0.0194109831165046,0.478016907776756,0.178372907246212,1,0.305225538424221,0.0781952832500568,0.172601293264051,0.211527063162362,0.797328936561628,0.031360103187211,0,0.207667832863981,0.273680321464751,0.0329660581562972,0.248751263733886,0.212384804820828,0.732711926977774,0.143401382822107,0.144202195208511,0,0.613454536800554,0.278165525381419,0.0698542240217704,0.73517329818989,0.225566177676594
0.202309937250911,0.0435704023039187,0,0.14750412015896,0.0124813106956534,0.0773508144821117,0.0295731253432103,0.0125838306212823,0.155497457662404,0.00990774149552224,0.0694751998308573,0.0148141735064824,0.12621190069344,0.0861372162867067,0.15727925486969,0.0182443299601416,0.0614869215796549,0.231768317385185,0.481717868897882,0,0.573468121659455,0.079553666949642,0.0191651970962173,0.057845820532086,0.138906478665502,0.075396322740047,0.0263267710764372,0,0.0440549083051527,0.463630698579261,0.168062843042009,0.221521530807204,0.16792692625864,0.170081254771394
0.113944122006789,0.0715605561021435,0.216583832036867,0.0565278756280157,0.0910473447077744,0.0508167646793049,0.0720622967569292,0.0246905872465432,0.481288458226833,0.0174850357703207,0.266249499112503,0.0113544456467227,0.170027732621745,0.148853835337918,0.0521475280968144,0.0769093844344445,0.235636055922242,0.177640741228724,0.213274287822709,0.0509216830275599,0.0925347550061987,0.101624387932539,0.0734466995371474,0.0886729368192064,0.106466083517739,0.0578194535404139,0.134522567556832,0.32127515075846,0.0337662483569077,0.738042895161952,0.519128594023761,0.243865476585522,0.289451770588878,0.301653644665476
0.200910621240685,0.0895943919796856,0,0.0796200441521171,0.0960578685223437,0.0298232954527308,0.0348615444856393,0.0263781973899399,0.00166188473696366,0.00830461361785392,0.0375013767946685,0.0559749677069189,0.183321215267671,0.0413513636034424,0.0497350803868087,0.0295438929141571,0.0995686347889535,0.187656613443236,0.0891639726540141,0.125516456361405,0.162919928529791,0.0429416522361285,0.0103450048276092,0.0156120307465963,0.0249930808929063,0.0341478389902138,0.047369061024476,0.135755659410592,0.0237799922854243,0.211758235978112,0.176149793803362,0.105665375207584,0.200455821467702,0.162445846459564
0.300190514119747,0.0392251929232753,0.0476993294246895,0.283224154671904,0.035017503978624,0.0652844389195246,0.055992380836438,0.0309139754278844,0.216886495554542,0.0180247392904112,0.164184794340097,0.0262567698985353,0.159472191472164,0.0584157825846282,0.0765743279322959,0.0646728568008879,0.217959908594271,0,0.281747287798285,0,0.249647087619767,0.0313337288675833,0.0452914702136961,0.0683510387204129,0.0911848771639552,0.0720009542412869,0.0388848502390305,0.297174819952139,0.0780833024375812,0.337125577586747,0.35935316983573,0.716968967650843,0.187048923148262,0.0858584880066104
0.200863948218648,0.041524122093805,0.10098967465353,0.153755633626767,0.161185145805948,0.0645032935665598,0.137273317633242,0.0762868747929465,0.298036127983698,0.0110045097924241,0.173807149528612,0.0741217431054311,0.224581071509357,0.236954940598143,0.09360684181163,0.0836772734769826,0.256371430901074,0.434863953326577,0.439976794734644,0.0277013899193818,0.176185765071963,0.0663402006314422,0.0479458610490831,0.0482380009205097,0.321763571667026,0.13069255854157,0.223199420075575,0.279637167750588,0.110212824920326,0.267662979014443,0.322809935653683,0.284812061846165,0.275417227477231,0.252751316032404
0.101504966497985,0.0747039941851762,0.0692135705926226,0.189678247519872,0.0227990440811608,0.0757842498327526,0.0484920235092706,0.0262683970285152,0.329990162894926,0.0178601417967952,0.17867886179462,0.0380996336392059,0.0523721960787851,0.22711300063955,0.0717291283983704,0.0234607177771349,0,0.149017560407383,0.511476967711409,0,0.284623385659981,0.0454664516475159,0.0492897553595911,0.17356499821012,0.119081588654541,0.112301942227162,0.0376156408019428,0,0,0.917217530654938,0.257234019621189,0.600753786736439,0.285501062278588,0.19400979596793
0.182179340966121,0.0243327139715351,0.0315621472479269,0.0576635740331635,0.207512727793928,0.146873220560091,0.083981874455402,0.0220562166321117,0.00379470005853926,0.0330670342083205,0.162958745768848,0.0115825671826738,0.158207112976474,0.0790556087217805,0.200061495088214,0.0855866404640174,0,0.0906048557401636,0.0951700576582382,0.077916980403214,0.117992040164533,0.0207332005768909,0.0299688919991369,0.0904542115284001,0.241344162585995,0.0931656427343238,0.00686125789292882,0.0655459016930841,0.0688892883491183,0.334608547654781,0.666578266408737,0.153840743421267,0.175514744664492,0.270308966353578
0.156405955799592,0.0347093110127927,0.0250120146959334,0.0913931583810264,0.0611985966761048,0.0547730273027021,0.0101050557329164,0.032767647354994,0.0236180889051715,0.0673830440495333,0.0430466480180505,0.00917882228715294,0.0850560364580141,0.0600039459090665,0.00919227351788403,0.0339124529297962,0.41906871528119,0.179503787043889,0.225630336363926,0.0205822940905801,0.243113526178376,0.147873830585407,0,0.0537616735573765,0.0478145559907791,0.0778708819928437,0.0652480437621385,0.259715743159749,0,0.37565379492474,0.482256244219256,0.336686727945529,0.128717714239529,0.106696997071477
0.172734560296469,0.00667324829701373,0.086558999663537,0.19767766446742,0.0322058225864151,0.118470518150358,0.0403379147763661,0.0737031607733892,0.00306347792360819,0.0551952096637372,0,0.0317651210797711,0.0936143554993899,0.120481050379833,0.0454638861276589,0.0586803306509039,0.329606821560211,0.0621208184595456,0.383658218663664,0,0.517748888537673,0.0284303391600998,0.0205473766731781,0,0.0165471454739068,0.0412016894277878,0.0282254566233464,0.179759242551869,0,0.573539944529844,0.0935801611283669,0.357466726366039,0.352876189454618,0.102126694886223
0.192869237432845,0.0520537900130697,0.0482281304652711,0.308391801843668,0.0853923904160534,0.105613040355607,0.0900636641185855,0.0301345604737214,0.276492535493146,0.0101219063203268,0.0830024842838704,0,0.234066130151588,0.0922414149077398,0.129246573220714,0.0435932064283702,0.0734588350160044,0.13844733047576,0.331856072925572,0,0.360592297555809,0.0633620847059439,0.0228967887051621,0.207326116117967,0.11063486604156,0.0968031360003604,0.0419369692123091,0.200312776592424,0,0.383470760691769,0.349545301241289,0.304631994229751,0.183236624857933,0.263155904950922
0.150097581475289,0.112790203266274,0,0.313984716815969,0.165642715105343,0.144749728205378,0.0801798206526257,0.0955917945191017,0.00578453125922126,0.0072886049348952,0.091008120800038,0.116433974934336,0.156320171065166,0.125739001820427,0.170909388137674,0.0477979158797562,0.241632204839151,0.151801170037101,0.0519373232045574,0.0435145590465478,0.0197686095534446,0.104210388454608,0,0.0757744918511292,0.121306002045786,0.0645930560316441,0.0402341965185885,0.329450527993113,0.02885457275856,0.210228918604815,0.609806019797345,0.423993519666928,0.348803061812332,0.355682152604533
0.14778815204849,0.0821300834734528,0.0560692101390479,0.281703202791755,0.0726855983514806,0.0844139991467142,0.114212934522475,0.0432962986974425,0.171354434301389,0.0112398068875321,0.144745782431303,0.0308640945328593,0.123603701290646,0.156072153558485,0.0714905397244468,0.0253403853954479,0.0427008699433627,0,0.222561994561713,0.0461391449884302,0.335375162152399,0.128911630104545,0.066548509102485,0.120516940918228,0.150059377385977,0.107073681982463,0.213304207808987,0.232880666002489,0.0917847258891423,0.371514072706013,0.62305475752865,0.27671124888179,0.284787585614566,0.186521992110231
0.389645530591131,0.334297767461509,0.122722505219808,0.149474900140513,0.345182949170128,0.05598875285955,0.0998947917928663,0.127383126474752,0.0230220308550592,0.00576947987686469,0.281613789384817,0.240193591629709,0.161067184786858,0.0947646724126408,0.0607771752315574,0.0600862817064994,0.342696218119325,0,0.0659939790746757,0.0504940176976357,0.397615384773274,0.147796962892065,0.0971062610828719,0.102582614758838,0.0234604142122888,0.0207645341203535,0.0266785190368361,0.382291528593154,0.0669653256037779,0.0903509911459057,0.380237637836064,0.241813843156229,0.192512528316121,0.179043876609888
0.0943897206488817,0.0543101612819251,0,0.103422690301189,0.0206546757618134,0.0413216592368935,0.019357858374069,0.0572394477170678,0.085601072132529,0.126296289094436,0.064950159294774,0,0.097549141402858,0.0792551859526554,0.0385309206811509,0.0511681738773193,0,0,0.33655393925746,0,0.338600635062685,0.123953776593179,0,0.108156566302265,0.0432864194147226,0.0496570459062308,0.00410201045191808,0.156746752867297,0,0.200046505557551,0.0200136746549819,0.550820237760909,0.251266112868724,0.128716345127664
0.256388471876259,0.0732536745123708,0.0662914386905637,0.0605567367243894,0.176328958114557,0.0907309345019578,0.0695277584298622,0.0242471034607978,0.104590155396973,0.0150736075184776,0,0.0121637324536728,0.089797984517353,0.100988669881183,0.0564837139230094,0.0374503999217736,0.35340220820519,0.190301572075738,0.142007340597469,0.0272755600629765,0.545214092480234,0.0653204075385341,0.0314725254745683,0.0949927126318315,0.0506907003986285,0.127911694016382,0.0504385986179239,0.20650381474846,0,0.52709638428385,0.446917602954764,0.352260103799309,0.187754328875219,0.297768827675184
0.181313182310203,0.15172422818344,0.0292280105327833,0.320395629300893,0.218675470301158,0.160013999747884,0.0894557078304405,0.116203113771801,0.0725131427144446,0.0978331480637936,0.0503025404777633,0,0.146317225113956,0.242944286280592,0.074904084531363,0.0264191781308427,0.578744927421092,0.0839045401429115,0.317474175643639,0.072155005456298,0.174826327597107,0.134399667823364,0.138763237639989,0.293177902260756,0.156447718938162,0.0553719027177709,0.219208112974112,0.303493420218096,0,0.955414691481555,0.71344596671159,0.305206481381874,0.533707991294566,0.244907351082465
0.0931847312918228,0.0550703656896609,0.0382672140438026,0.104870447155778,0.253093677449778,0.0523750632402728,0.0427424192217475,0,0.0120141262581825,0.0165510768410934,0.0658593605353509,0.0280863386178656,0.174538787603705,0,0.0733948325109963,0.103768780101144,0.116573665031037,0.219705926899155,0.0894807847892964,0.0944698453585322,0.0286116881090978,0.0754132934673281,0.0363354874362011,0,0.0877847239628867,0.0511927249350384,0.0166377288804825,0.0794704818427095,0,0.169038909902455,0.363167565377839,0.475604308678317,0.112104738506556,0.172616731287156
0.252669711083554,0.036428673168437,0.126567551072967,0.300608051609546,0.0400913787912327,0.0762206147602656,0.0254989544247584,0.0555786021989632,0.297979651516396,0.00533974359861695,0,0.0185789029450849,0.130500911825322,0.143523881393758,0.145157821546468,0.0343211875839269,0.231338084117523,0.072666913759326,0.506108962857936,0.0208303653961848,0.378528610661828,0.0831423287619973,0.0721070410433533,0.12695596010338,0.125816164359281,0.0349322423484435,0.0165086184870865,0.210276517597157,0.0552505926366997,0.559090328253748,0.140872316496417,0.256799124927923,0.421129859147599,0.12415642126912
0.149235623663538,0.0480495464982025,0,0.295617624170972,0.0166541434864391,0.0295278297591581,0.0455084042362543,0.0433642832678225,0.00353850233517226,0.0188726207645041,0.0618832661201616,0.0659767401665482,0.124128174526972,0.0974640894465826,0.0748666967445635,0.0568773928637923,0.43814354588162,0.206441730256086,0.429679438523777,0,0.43014939059434,0.0236201347371192,0.0170709115632339,0.0515246924750302,0.0687374504059592,0.0534246004639913,0.0039083168875947,0,0.0392407883846952,0.190600329449735,0.309314212508718,0.513222706025554,0.313262551889015,0.164831801681327
0.845409174162216,0.036351493981646,0.126299375853489,0.276896468222466,0.00588671674609927,0.0829736332445543,0.134867966552083,0.0982059790351455,0.516100433903022,0.053794240233202,0.0434733436311176,0.0926978126337018,0.0621866804633662,0.0398061290777446,0.153862704317814,0.19407463474623,0.230847813224561,0.217539228011934,0.0639870575759163,0.103931287778104,0.056659049951149,0.082966164238985,0.0359771536338053,0.0723925285298989,0.0579459393221696,0.132199642991221,0.104333040287739,0.104915559584333,0.0551335632726279,0,0.129601271219005,0.0235169147474829,0.199970206809537,0.394411919850012
0.594111461082941,0.0341272571913859,0.104842098327825,0.127696637182289,0.0325900704612476,0.105228855111063,0.185920188732167,0.168823926953006,0.396343525913005,0.0465866331179583,0.180437320186187,0.0897740413055503,0.0697421937280634,0.0348528060511907,0.191216170417151,0.197430081831454,0.0532301952511671,0.200645478265902,0.027074129842362,0.23006446324189,0,0.0229569536408913,0.0497748378313498,0.0250390183983919,0.0400845078978188,0.163013355807719,0.231713619234931,0.145152140976798,0.0762780542791553,0.0926244277565419,0.138742432849942,0.0393337448997717,0.199762465298716,0.278438006194859
0.314998689654356,0.0155518706922691,0.129679790552237,0.0394872273113053,0.0310061216257754,0.0709954136360024,0.206800806814977,0.252993029915105,0.0963147842169482,0.00323913999814232,0.148789498504203,0.0475894391629205,0.178892769154985,0.115634116480879,0.114941772892658,0.0683767092742754,0.131681639616397,0.0620449667594701,0.0487124642747125,0.142284071718445,0.064639539322983,0.141978010880498,0.143655931776633,0.154854606678809,0.1487423362566,0.283702210135338,0.347688433476723,0.0897698751031543,0,0.0381892785287267,0.0934502496755869,0.0399397963885186,0.192285231220846,0.221725922707554
0.580028500169522,0.0443834116671509,0.0479750540425398,0.219123963690879,0.0377784461125932,0.105058836702109,0.144556277041923,0.149060448053973,0.486092774429653,0.0184021957850201,0.165133564585622,0.0352113744684589,0.0800378799898214,0.0514123917722416,0.111370886538342,0.119252193158801,0.219219821160886,0.137720828802959,0.053241590554972,0.0394784939685634,0.035870060509528,0.0630295924840077,0.0455531948118088,0.0343730699784034,0.0917119035341008,0.141229914100608,0.114721494167,0,0.104712819302917,0.0423843284153353,0.153616773754397,0.0245190872241067,0.241218904240986,0.288749053586148
0.384605607834555,0.052019336278747,0.084343251241061,0.0770469333713676,0.0423054131579417,0.103894022735125,0.217532185547181,0.115317894983972,0.309591115524832,0.0256687857262638,0.0725790043906831,0.0928559802567516,0.0961503858755774,0.0541013237637939,0.187309652765914,0.152475163224396,0.128467699615519,0.121061283494498,0.0289081139954167,0.13881149701079,0,0.166215454058141,0.0200214022785273,0.0302150412852518,0.0483707085382142,0.113890426555969,0.105427858378785,0,0.0920461226767331,0.111771590409729,0.243142592243017,0.024277744501182,0.207197594232537,0.308008296035244
0.590161235165795,0.0413298249020128,0.0382922643202221,0.069959397919976,0.00946125313280579,0.136264306673382,0.200370863367754,0.103803200935829,0.49417379704831,0.0314841464524666,0,0.0562094486894975,0.090330632989573,0.0505492822827348,0.251420260499941,0.2509388451226,0.0583249879261646,0.109924874801597,0.0459048056541682,0.220573935626555,0.0572608354748397,0.226387980327281,0.0545389097643151,0.0274355643235631,0.0585614594156567,0.19818810921803,0.15399975531874,0,0,0.0338299130476435,0.208546418970482,0.0227647645384602,0.279284477151409,0.212467316665569
0.435853419867895,0.0278273120633891,0,0.164862469368195,0.047104271683632,0.135855464062899,0.195595987161811,0.261191133949741,0.399388495874089,0.0738664363011243,0.155302143311258,0.0165574804250251,0.10565288498475,0.0412767562262924,0.14454946490072,0.183521976020745,0.41233637600955,0.0647606053852244,0.0583318518504036,0.33415218983992,0,0.148192572281555,0.0642616568250452,0.129306283855283,0.12075234227929,0.192817449666488,0.230495155049964,0.187398360078618,0.147717833777109,0,0.208885224668871,0.0334077950678622,0.176821266188137,0.372068561342918
0.504823106446025,0.0347794971585502,0,0.370890949599661,0.00775324020503158,0.074093083294179,0.172228138645115,0.167536260242029,0.530404254578761,0.0771186977152815,0.116461030878884,0,0.0589442439293811,0.0366162238125072,0.257428836687755,0.214080377658103,0,0.0971281019466551,0.0765651842844669,0.111369191238127,0.0505948837839391,0.266711059074513,0.128506207467207,0,0.0776161457159034,0.158549133587471,0.154460192485078,0,0.0738490864219723,0,0.251210485028944,0.0347364685106936,0.269248812565626,0.324139141759174
0.443783110639408,0.0490802748905347,0.136419344372498,0.124618057541948,0.0329763654784472,0.0933562629615554,0.281409659340389,0.0977920598662612,0.517495504048448,0.0470939405880858,0,0.0250313486088081,0.102740892204373,0.0426848306072168,0.198589569512913,0.277445066442451,0.415574881822762,0.195808208483816,0.0295423752707921,0.0561294861620122,0.0509991102143696,0.0896139799116089,0.194299274950366,0.0488707283827747,0.0521575051828524,0.225073624529922,0.200178158542267,0.141652734603823,0,0.120521850563455,0.341989173335161,0.0269539468328547,0.20562867332322,0.44445082001643
0.5520566085816,0.0335370021995363,0.0752903215511817,0.137554298718774,0.0110428960973292,0.109917136221192,0.151492597436584,0.0910551445114645,0.522256108896168,0.0490139395658821,0.129577565437242,0.0552595614437455,0.0761433563880489,0.0406287054762144,0.170758119421928,0.198492706633746,0.191131166802911,0.144089662620011,0.0441972921839998,0.103260210421508,0,0.148374710393639,0.0119149451262163,0.0179812859205293,0.0287859126913972,0.13125935220668,0.0982036068852411,0.208476395308565,0.109555213517734,0,0.135932509092005,0.0276478473026083,0.210840104750999,0.266194035227849
0.497687576600796,0.0566677685042039,0.0958749572558211,0.131371591709684,0.0446864141398776,0.1180987320384,0.180069560552852,0.089374854069211,0.418099774804133,0.0540808345410149,0.0825022611914582,0.105551513564039,0.0854368459592392,0.0460071090108821,0.136984618253521,0.259983078338793,0.219048383151407,0,0.0584858871820646,0.078895146598564,0.107525898201135,0.157450846378675,0.091035195319618,0.0686922960422018,0.109968178339321,0.168908556590244,0.151105485597188,0.0995529625052913,0.156946488557337,0.0423511318146065,0.215803938884518,0.0399254435337753,0.215055083528607,0.342596577837036
0.616628760805546,0.0298439798752801,0.174198592757828,0.0530430400856398,0.060089047086766,0.127157284687654,0.174269984810118,0.0849543407360993,0.105735252487988,0.00645409324400545,0,0.191780446716495,0.0648294621921186,0.0290386127505411,0.219663920908422,0.144336101629844,0.0884437192012661,0.166689528894449,0.0496141824264784,0.143347375647022,0.086830043760622,0.152574932475902,0,0,0.0888023033820674,0.113346286727441,0.151475342208748,0.120587526848617,0.0633692473045797,0.102599020988286,0.0627916672583561,0.024034516684366,0.136651046626943,0.207924976050906
0.334526328682081,0.0422681269853005,0,0.0653261684755138,0.0262027939015064,0.097876780050472,0.269021943911846,0.166164831153508,0.48709119309437,0.0424240237832879,0,0.0524867797493811,0.135728438513278,0.0849279837051844,0.11914239348698,0.153519759036537,0.10892455055017,0.051322294612436,0.0848879517209639,0.176542055428194,0.160405668355241,0.117441550121568,0.0169756056871704,0.0768556727391456,0.0273415429356261,0.178684604525235,0.252622751851055,0,0.195108921569729,0,0.214552853428729,0.0292163276745966,0.249510913688699,0.337642874594925
0.387271920425056,0.0383311683419159,0.078504649485723,0.0717134140463919,0.0584286041560229,0.0429786811944423,0.123289121361489,0.169008997676022,0.2417520123603,0.0176422999889149,0.20266417519738,0.10083274120169,0.0877280922178214,0.0414692361613381,0.215841594786934,0.195140167450159,0.059787176436891,0.225361803989849,0.0665481133439058,0.129202369568075,0,0.0773545972065243,0.223625137389122,0.0843702179719677,0.0450222477418849,0.0970431273679639,0.153594240889446,0.163032571808916,0.12851134903961,0.0693561875507896,0.12337885463352,0.0362336071494371,0.267853770419931,0.279773648211215
0.518468997759894,0.0172607829694459,0.201501506705496,0.184070129298151,0.0375533323139803,0.0919295173186763,0.222136404312322,0.0713142690045782,0.586783562011249,0.0609450050602944,0.11559730446489,0.123243934835191,0.0810533820483273,0.0607238877016324,0.159401586849314,0.197314618750444,0.409223573980728,0.192815514135383,0.0414274848938803,0.331629825654018,0.10043929958374,0.132366506063531,0.0318882871766432,0,0.0256801700391478,0.208826802724772,0.0949090632400349,0.13948774192261,0.0733013889981163,0,0.0940260533180691,0.0318295162640284,0.211185016331071,0.366128763469922
0.411084540577014,0.0506763461171885,0.345096211077061,0.180138757079503,0.0448579412233705,0.17543377707825,0.324326575281791,0.230327243492155,0.0735806222313592,0.0127168171763347,0.254538845394153,0.199009185622488,0.149879633759643,0.0719704623852378,0.220437777552177,0.14482524945725,0,0.141523018405119,0.188828581737327,0.0811366833360607,0,0.161924275629064,0.234054125428887,0.0353219767748331,0.0942438473738454,0.240517439380516,0.659104735141861,0,0.161405588198946,0,0.222295942799903,0.0692372090162506,0.204888600424548,0.298617244698083
0.536017323429095,0.0376998016762981,0,0.0478610830512765,0.0765251685341983,0.0573674518636554,0.195339672916777,0.096732917034656,0.679989017587742,0.0562527781371221,0,0.0192271887121711,0.0982629021148172,0.0617756100852364,0.178623540565135,0.319668883831811,0.239410305515077,0.0752025277332778,0.0909361610334287,0.301801121926129,0.0783473181224805,0.068834681260558,0.0497486898089427,0.0375387971220305,0.060095241287747,0.173346563454839,0.153761918420433,0,0.0571784875686728,0.0462878848626684,0.320289698078795,0.0271555335678765,0.248872800069375,0.354527616775678
0.635633803360709,0.0411701666322629,0,0,0.0275249875684392,0.0902871958478687,0.159772781106488,0.118079393935334,0.574786029130031,0.0315648326533986,0,0.0518752024712432,0.0795454315276367,0.0649529417650046,0.185036880183952,0.244899055878005,0.071770066087262,0.0676323803026926,0.0375599511795729,0.0775488973675215,0.0352303025886912,0.185716968193907,0.0223704070204426,0.101280157509431,0.0180152622480987,0.130435195623268,0.08706760699863,0.0978540347396522,0.051422702573148,0.124885308776135,0.164263044570805,0.0219091538864691,0.226170678044251,0.305647876981672
0.846683434641622,0.170164903844187,0.1605250881092,0.0366595796536637,0.0746014499291349,0.0604189535395109,0.153213265488257,0.0322116746346046,0.0612617629076899,0.00289453578922095,0.0345337014235097,0.147272316856595,0.0593614618169817,0.0396215304284654,0.156305209477421,0.0997549065412045,0.0916890198136343,0.172805934164172,0.132958327760198,0.165119338958448,0.045008066568691,0.131811300407511,0.114316302933556,0.0575062842486635,0.0306869205555307,0.0608429930100228,0.316248178411429,0.0833415286644176,0.372269096383512,0.301364198390768,0.0597648691922772,0.0436419664226332,0.151737104309666,0.243413559241506
0.0647069168426412,0.171403042482557,0.189215204007907,0.0432117099502133,0.0921592337385218,0.0647431510291374,0.0961079624758658,0.127974840263993,0.056407854370855,0.00817357816721205,0.162823502453426,0.0867969387764739,0.0688705654756588,0.0419808746022753,0.135059039885315,0.0213788928370008,0.144102009797055,0.271588489750785,0.129432465136246,0.0778523152592373,0.0176841045492984,0.031073934097562,0.190892700816201,0.050838244029472,0,0.0725029352828615,0.259653850615377,0.0491185386940776,0.258119778149775,0.313434876530625,0.0761313330934854,0.069526008104635,0.245898485550092,0.212081604516634
0.117218225398917,0.127106915960613,0.0338775820443736,0.108314374985796,0.0821126665278388,0.11128127563779,0.0731714953310031,0.103213918973175,0.182631055205113,0.00675546271188343,0.262371146045358,0.14297144199193,0.135556198261255,0.0664755428727432,0.227488365773398,0.0306218714370935,0.0774011252187403,0.145877841822115,0.0598518620084229,0.0975722191764343,0.139313284591828,0.144652600855598,0.144753741427664,0.0364088125031962,0.025905045119663,0.0550482493064754,0.125198533106009,0.246240837263529,0.129400584959573,0.194543297386518,0.0533671886247133,0.027550611162482,0.218373781393271,0.18172786617247
0.0661360512112995,0.127194095284267,0.145574362517649,0.0886540657328946,0.0850657948225959,0.132828478853749,0.0612905128557554,0.127040611935154,0.0730295360957087,0.00749334101078406,0.0417565212820712,0.0890372899690434,0.109649992387436,0.0593957184498975,0.316590730711935,0.0603094146921304,0.184776722899728,0.139299184471088,0.111828685818237,0.119792602787576,0.181405430258048,0.191255837774453,0.149744592470852,0.0347669419016786,0.0278288816092397,0.0643751390587366,0.263718599393742,0.0503863207809367,0.238303991731173,0.21434999615738,0.088937425182267,0.0630446981192896,0.155793159528993,0.21530282438355
0.060439891395388,0.186788790971813,0.220259016426633,0.0754518460584792,0.163049567570516,0.0753653094438369,0.11965591106491,0.0592351392857501,0.117543972646542,0.00532584460848164,0.094768652725581,0.121244801860736,0.185981853031503,0.10927612674892,0.311214587800417,0.068437658892592,0.0838721260612954,0.237109951718423,0.0581540549778985,0.0906250930973348,0.0617563311275134,0.162774328624943,0.0522850479824357,0.0591790106094639,0.0842121096805245,0.101627861794705,0.209483058620184,0.0571770433810943,0.180281020271358,0.291886947839348,0.0867274930824382,0.0372377604957924,0.23586465598133,0.231188740209046
0.209717758451299,0.151615117342699,0.0353282675726402,0.112952463200692,0.0284425272419035,0.0725290078646195,0.0350716168606328,0.0906047915422505,0.445403914572148,0.0652684608297888,0.0608013195967859,0.116681930387986,0.159507232491257,0.0929518893869054,0.158661437488326,0.0838244908438707,0.295957408108182,0.0760622624247178,0.050425818006811,0.087214642108784,0.250936096560727,0.116035953341986,0.0587036136322593,0.050623851821547,0.081042866713824,0.0691278589560253,0.0691198076566585,0.110050825305472,0,0.15605676527775,0.0817102394189761,0.0332703488496726,0.189473095346943,0.254213107140006
0.0780091098541292,0.146288077946181,0.230778416750468,0.0234238187898057,0.0850809290677169,0.0982671648613091,0.116001472049317,0.191239293368744,0.0898701043282288,0.0083818801862359,0.13239287061024,0.0941002909919068,0.146654728843157,0.0604201141164525,0.192992013612958,0.069533278685461,0.0781135337764239,0.0736101345751997,0.0663772951429187,0.0633022342936766,0,0.185287095199173,0.146085824326181,0.036743923259391,0.0294113383091428,0.0876055612889086,0.326096244776745,0.159754439375216,0.195887120029061,0.249192632901227,0.0687901712196765,0.0479588697437203,0.193334279542086,0.219969580619709
0.276554607691464,0.206408371656021,0.160640216434388,0.0628900436740768,0.119246374914894,0.226144632500043,0.17096236131565,0.0367047552232595,0.0449164210278651,0.00338112031996699,0.0394954774694381,0.0926375553027868,0.0802091541766036,0.0467135627198185,0.253852030856119,0.119273130050589,0.139816843575361,0.164695220234672,0.0572387925901771,0.132190238076446,0.0171582638199,0.120599549974595,0.0980556542328883,0.0657686206516736,0.0526439254634883,0.0777761578767732,0.309303575964393,0.142973608183359,0.300533279406202,0.425760349949773,0.0867489302069431,0.0517740248464231,0.168685590063986,0.238586604154228
0.102583095454879,0.106124159653402,0.210695301305926,0,0.066420286287831,0.126883564442519,0.0886259299767991,0.173509741909421,0.0706138276156091,0.00780799897002532,0.0725228990851587,0.108248359687783,0.128407246763104,0.0506869612270881,0.179625649800655,0.0428505283502187,0.160460750104013,0.151209871556967,0.163646892276637,0.0520140721518993,0.110273124163581,0.0692030150169267,0.130038677079499,0.0150958421679969,0.0322222768155826,0.0947456198027062,0.151149293240419,0,0.160956382687893,0.167527934030017,0.0694766300770886,0.0434917234254108,0.233306265307509,0.171726058047962
0.462506737718738,0.177369870176706,0.121088232049289,0.129048629238983,0.0739109129171785,0.0828646711703072,0.166328936109204,0.0906413319166538,0.11353685492149,0.00364436192683228,0.0347330229036622,0.0740608561263351,0.162065828021355,0.0613121261216191,0.153649296425648,0.0684069902233245,0.245914496338126,0.231736794600738,0.0795737800809951,0.0996430568766651,0.0301784343467516,0.225371681220434,0.0670691072682298,0.0289189764640628,0.0617278816039261,0.14904733725324,0.348782636134722,0.12573348213204,0.176195852853831,0.106977334300835,0.124313191085497,0.0176540507713881,0.221885362041381,0.232494258420174
0.0799890513362601,0.212734542892509,0.0617774131952159,0.112866415943663,0.0900178152921836,0.0760974688298018,0.132005295532279,0.416188586272291,0.0956624035987138,0.0110911602666689,0.159481988572826,0.283385945685918,0.231166917507196,0.0886378566577826,0.145913152986591,0.0558404351399519,0.0470482347111792,0,0.129461827273843,0.177927555554489,0.438803633445266,0.0811632674314964,0.0293294465913609,0.0442621564315695,0.212575568162176,0.170445526194162,0.332385746719835,0.19244205188286,0.0674193995363765,0.109156486502095,0.0988473741418366,0.0663674155420556,0.161463925302329,0.140560109569117
0.22706608456699,0.17552879559692,0.20698134046088,0.0945380367276024,0.0830537417162268,0.141644262122923,0.151897934536785,0.0178375449057731,0.0844518799456634,0.00382474837222657,0.17811160762666,0.085451947297188,0.0740093713063387,0.0255366018906882,0.208680775469931,0.0584655336499663,0.118224017210704,0.111408169572879,0.0826714871742944,0.0638715134651043,0.0386889978571253,0.169957738547953,0.184249636880539,0.0185371813128671,0.00989194516223051,0.0765993114053092,0.188418351989658,0.107460744364106,0.254119995356275,0.342864345198566,0.0620488770899616,0.0432962381748007,0.158634054292514,0.301018878198355
0.195799153183314,0.16891647405968,0.104004458262894,0.114008697199076,0.0826586357647088,0.0967962238253842,0.117732065384734,0.139895552466748,0.0573986538478963,0.00575891223221779,0.214794732833917,0.106868107910365,0.133024296994488,0.0489867382515494,0.140041092827526,0.0470046015410948,0.285146359973824,0.149281809998879,0.0827978411780817,0.102701802900924,0.171076809949179,0.0683206144726763,0.0987542381586318,0.0298067863984863,0.0159057135785517,0.104009935684175,0.377576846140619,0.0863955366089003,0.136203455081321,0.220522441735797,0.116500908128638,0.0830936102549856,0.19248519275666,0.177685286987967
0.0508218047698384,0.242231489799578,0.230706182734217,0.0602138015725175,0.132437420991399,0.144347413926067,0.2259450666608,0.229634637965183,0.0542014645462172,0.0112769516621734,0.226888379085241,0.157232721430737,0.0961764657166226,0.0454863633886949,0.350690876613249,0.0521336359929053,0.1004002136703,0.0946119434412291,0.173304790261988,0.10848425043709,0.0739263561277186,0.0433002929989085,0.125177262820127,0.0472273826055144,0.0630045790417868,0.147348439980315,0.763041492496006,0,0.107904069625918,0.378524921931145,0.111080215216834,0.184253231339665,0.192308468249619,0.200299643192945
0.287601874345851,0.209495389213792,0.213406564785248,0.155956343163984,0.105146428968579,0.105149716708,0.173466126576197,0.0410543241333119,0.0508782517558965,0.00314938313001315,0.220368647292225,0.117472831468053,0.0750848699258571,0.0287207251125613,0.182048954997557,0.106093628074108,0.0650102862805688,0.0612620688551196,0.0880984275867358,0.12292801512882,0.079780134689119,0.140186948541926,0.121580321307877,0.0611604174944042,0.0734329969019325,0.107421347114358,0.324745481136231,0.132956063048464,0.279475858246544,0.282806237504853,0.089028799376544,0.052605146179448,0.170491546739858,0.238033927507244
0.156006547394216,0.282397030689521,0.27301781537912,0,0.137193731582144,0.130784641532623,0.160235455094005,0.241438152596954,0.065196879744264,0.00797675177261534,0.117468564049669,0.150286694557982,0.198414314867106,0.0809876036607467,0.168223141598498,0.0848305860383345,0.0519809975601444,0,0.0941677148207668,0.112332673645325,0.178614074212432,0.112091017660634,0.178224676353056,0.0733542201827644,0.0782876221815258,0.20951407640516,0.745597229283125,0,0.148975946252626,0.33165268594606,0.0711066941547603,0.118188278154688,0.199009236962119,0.167137553836171
0.187551010338584,0.209749995872959,0.250251231967447,0.140678488107376,0.0593029434998673,0.205506323275821,0.224982604327242,0.0588299059038612,0.0637896051582069,0.00400137514366099,0.132520731648619,0.134222354588262,0.171679850329188,0.0838151311523748,0.0979824397018424,0.0870005010120661,0.117283460204429,0.303934806941416,0.128239897525478,0.142567440591723,0.187108217226742,0.0758724708612833,0.100530918896084,0.151714940973301,0.15455851898374,0.192770432932405,0.280378614410309,0,0.16806521437907,0.459183718325478,0.179162168278156,0.0426116561309167,0.220915867800271,0.224619060187535
0.231112110035936,0.171359876106946,0.16219848088947,0.0164630815732699,0.0424152842893396,0.108531204389744,0.214475558148626,0.0496277481450988,0.0328135297468459,0.00220684908982266,0.0310167846403753,0.125659706010968,0.0779116656838204,0.0598175865745272,0.239370443651023,0.0529427305444515,0.109801340979747,0.0776034310580696,0.151491446641552,0.0593210922309912,0.0538989954761533,0.177580489040831,0.213903693656612,0.025824795343952,0.0206712547393178,0.110453730388921,0.405491490425913,0,0.354023375913297,0.222906230516892,0.0575917147719458,0.049101219740143,0.211331872604703,0.22881564023569
