0.823157667480235,0.0567390920377083,0.0734766357228315,0.0909682733249449,0.02306692686907,0.402739039747011,0.694620780990299,0.0310940965175531,0.0167078802948685,0.930247629347581,0.0275861921526995,0.0708672952319629,0.051213626492883,0.0817621860077973,0.0440158903492573,0.0245928726490503,0.0233147562243695,0.0521005508475277,0.743895934343042,0.238528339942565,0.0341775639424901,0.0362935862898741,0.0314057944571825,0.0585000647066109,0.530479381626727,0.0491523396467411,0.053089086034402,0.0591095848237271,0.0505340585889909,0.119176445653584,0.0156663167969803,0.0462078516672615,0.440073095236474,0.0351405577360812,0.0415072695901254,0.902870866397179,0.0358137366836815,0.0513442177928057,0.0425696490172271,0.0349057094995989,0.0732248273002876,0.0361950565388714,0.0759487545747232,0.0916525773396959,0.0348326482392895,0.951766525484511,0.92412520240201,0.0245507639647928,0.698285040308173,0.126657827074212,0.0819787219163203,0.0681213790052378,0.0433659364369934,0.543191853148799,0.825107314318295,0.689839311853596,0.814105572551676,0.0354314206718982,0.0326995268698427,0.0488847613202292,0.440600308966544,0.830514147929028,0.0653127988851487,0.916068543594884
0.8259247583538,0.0370894361688743,0.0927406531745486,0.0659133243239855,0.0185900485102553,0.269179456034882,0.26915061279986,0.0285844268038756,0.0173716332724319,0.90010146625905,0.0231668550261376,0.038209853137785,0.039295594408811,0.0924168685968103,0.036390655787309,0.0229420834042478,0.0193343352713466,0.12780109047294,0.0860515137338042,0.169411378678173,0.0500875039452253,0.018671591363439,0.0389122168873961,0.0464056302023474,0.15015213033511,0.0378716036171473,0.0703132557805861,0.073712491463045,0.0766215830574399,0.111776049338275,0.0114312517417694,0.0697130244141269,0.577960070996855,0.0286696141615282,0.0302905579998872,0.858662076118949,0.0456267339308701,0.0295586973506161,0.0413957586794903,0.0486270745766716,0.0157642494458607,0.0539505455337832,0.0760796691342036,0.175980000680158,0.0361597203317928,0.911416472344378,0.551687654071673,0.0238334840151057,0.0654270791454225,0.0420201785687043,0.0325131358561165,0.0367821677135174,0.0648179821287096,0.0743017870298535,0.809151770328124,0.567267129866719,0.214654817744813,0.142592118842297,0.0223646814860469,0.0455016653961123,0.388366020081294,0.809651552327898,0.0657566530455319,0.907447044669156
0.743740567346341,0.0402707217816609,0.0873618371803879,0.0661337441010922,0.0261774239544674,0.190321483974236,0.598126301513693,0.0265676169131681,0.0158847623226283,0.915832032933868,0.0231666055945491,0.0614239924850424,0.0411493551053782,0.0867401639013563,0.0431377185815983,0.0446124070704616,0.0152377322946675,0.125843433248825,0.16651546029236,0.155825423517591,0.040787599954245,0.0163937643878543,0.0366501733475092,0.0427404020144279,0.101935122409979,0.0319710226968131,0.0567505475994569,0.0798829795879103,0.0222635889753322,0.0549266342548489,0.0136864450332543,0.0628701701174875,0.435032560501908,0.0192361375589064,0.0189356897040468,0.89638080706033,0.0450827727491471,0.0272317791730109,0.0407459756181746,0.0403465769731494,0.0226602517503064,0.0412215895486055,0.0641380673539772,0.184676288750949,0.0317439597522468,0.957265713312182,0.76085962674505,0.0261307068318512,0.0658334921094086,0.0326177574250789,0.0397967250315625,0.058195624229072,0.0522675134147638,0.0719620828307462,0.82175126303405,0.634717372108253,0.220794458242907,0.0694051816314886,0.0288945749613131,0.0505028509257259,0.41359406458811,0.854063605632561,0.11300127114709,0.914746763847401
0.4282242207778,0.0487511042999945,0.125972891031819,0.0885798951971977,0.0235240175048891,0.648920004745317,0.355317588271691,0.029167363615149,0.0178768174325808,0.891506430175211,0.0236894027152225,0.0738108867880424,0.0521028850091299,0.0918449920926138,0.0494299281296593,0.0248478392497644,0.0277370519219962,0.105987273922728,0.873568134413499,0.144479091892433,0.0413789607080132,0.015479444563056,0.0386239510501702,0.0487253424906382,0.481161885244508,0.0365253416124587,0.0624772496053074,0.0877532062187851,0.0417287964959963,0.0604429224649452,0.0145846364722273,0.0753398168646446,0.460722262265752,0.0627649204027916,0.0234765026927232,0.937381735685301,0.0682718417537728,0.0231381239897907,0.0472413240645907,0.0549438570182746,0.0126187053407326,0.0486666848078061,0.0664559778481018,0.224648755702104,0.0363639226892497,0.933314687550617,0.822282159756095,0.0214065713781089,0.471004439504617,0.0885973893495967,0.0448387906635411,0.0464091779851594,0.072028545741867,0.141431120373837,0.778796306548493,0.359213557287135,0.215214030210545,0.0704886601073488,0.0272534708937138,0.0479721574380402,0.361370379436276,0.812162178431717,0.226335147627209,0.927678145787183
0.809298865170977,0.0468375881820773,0.114366503640293,0.0612870455431599,0.0224088024016619,0.531780055691448,0.528678930268985,0.0249921575255045,0.015853066529749,0.840472669613701,0.0221528487507809,0.106987057640412,0.0489332584733354,0.0904762693375073,0.040135646723518,0.0149552025255744,0.0152556073723698,0.105462484203543,0.409099210070702,0.140716760027515,0.136467031756257,0.16169248644583,0.0390064636384491,0.0536841099640281,0.136946113283765,0.0343333309137539,0.0691856023486906,0.0826404542525241,0.032559394707988,0.0569952991876198,0.0103443463304507,0.0612837612323803,0.56701750078176,0.0353187724426766,0.0219254126168765,0.941837399953419,0.0508419573709594,0.0237261341282467,0.0442597016292406,0.0498936616024074,0.0230209842718113,0.0461984086578485,0.0394442177349307,0.100453948111481,0.0330597958123909,0.924574863220796,0.879704729923453,0.0252134366933496,0.177196790312754,0.0326203787912994,0.0536660280502735,0.0484638565786279,0.060004058470357,0.481042033433861,0.597328375981329,0.629920742495451,0.468648313678499,0.0722724699058745,0.0214929291916661,0.0478087033052282,0.170784527183534,0.833663295664252,0.0578879820789259,0.934559184442313
0.744457006676769,0.0468674846573056,0.132454683315411,0.0861463159387533,0.0183153982306414,0.330053141032681,0.580731237939821,0.0312005611151432,0.0142078470558303,0.942466325223052,0.0351947089502961,0.0546125684039429,0.0524978835293996,0.0559543554461454,0.0386542967004536,0.0134407944796065,0.0168475933995746,0.0652079194704855,0.540396051117031,0.170224069227743,0.0398084039986224,0.0202597626110936,0.0344867121017337,0.0345916524997239,0.319324638228132,0.0333551027058252,0.0383075423255831,0.0605978300287367,0.0331437800030521,0.048287302958535,0.0094441756229508,0.0521323784731942,0.432581398007245,0.0307968491982357,0.0256338316276507,0.914338176482657,0.0454684191233672,0.0178619642322791,0.0426917011276284,0.051361091125823,0.0124154492995704,0.11253904050551,0.0272747837872199,0.0640699161407066,0.0322888838318048,0.813978911211913,0.838356874992601,0.0198142598121543,0.370551556290437,0.0352329185044467,0.0436930162817831,0.0323099763341551,0.0668459889281363,0.194331097843662,0.65770445150155,0.542782307441464,0.444873247022964,0.0501439426311621,0.0211831098733882,0.0480826543431166,0.209695072537946,0.783003321695934,0.0896543450470774,0.914198138679494
0.791636801141001,0.0492750970237462,0.101442029733433,0.0946418225588798,0.023805757896218,0.231379319904071,0.317626933118253,0.0295185762629822,0.0170119487962757,0.933246169402068,0.0169333536890456,0.0359136810731876,0.0390281622849646,0.0657635502004372,0.0304966491736689,0.0240167985350416,0.0228107575554151,0.0616992690599245,0.15564572003353,0.161907229006683,0.0540650998350493,0.0152843446547069,0.0377607152118125,0.0293332833850696,0.350305283820491,0.029883472285638,0.0488302650873418,0.0483508189561214,0.0288921986884278,0.0516623262608546,0.011564937460868,0.0610674523968868,0.269157080053834,0.0209617077134969,0.0184237337265256,0.89720817614213,0.0388715721454336,0.0248147202289726,0.0471677721500212,0.0450270928175956,0.0110953727550303,0.0422545016372725,0.039578036904271,0.112809638113141,0.0364817168062145,0.940681483690593,0.459573772989355,0.0211722570212634,0.0625658854646239,0.0426549739555211,0.0315955398205278,0.0467411182267602,0.0658991044234103,0.0397375886589806,0.813609514990975,0.243863787187077,0.229492157023179,0.0493498085798287,0.0210191344939214,0.0424774242141517,0.181030603291914,0.837296352579912,0.0723025063907367,0.908872041874926
0.71653953243092,0.0484222446474729,0.164364853942731,0.0379037788988933,0.0258061342779249,0.42601792250997,0.547821445921742,0.0294492707170504,0.0166925338201438,0.912914905296789,0.0172525995742356,0.104727529945439,0.0491084103968663,0.0802093325847126,0.0434890830314587,0.105986446741921,0.0131860817342855,0.176899422244593,0.448518236294459,0.147767833888769,0.0519114187612421,0.0259027220032407,0.0385379685875716,0.0859634153969926,0.193686543073351,0.0266840352258979,0.0695740877114154,0.0884236960627353,0.0563305430360759,0.0713373417154028,0.0106630544561555,0.0792686796880302,0.559142567476662,0.0220743117532457,0.0182729980403568,0.942557690608099,0.129473042029781,0.024765996783654,0.0497844617398836,0.0382269842098279,0.0491449357838938,0.0530479270604678,0.0541376574612884,0.320125972564739,0.0343917121794902,0.938842360021941,0.824965193159178,0.0138621487093893,0.273328167655272,0.0744290531056281,0.0454388472072855,0.060159973711098,0.0655502459679882,0.55280534662582,0.761015118554304,0.570604623422629,0.431132734055968,0.0729577129208663,0.0282509648329149,0.0460328606851949,0.588603543136647,0.798771882005851,0.201497916851787,0.925171360552931
0.818120693260723,0.0459031691438726,0.150531411733119,0.0900584364380942,0.0194142178298992,0.237475364487062,0.541940644821936,0.0299536953889604,0.0112451109555311,0.902952371956965,0.0156261492073263,0.0596909851873908,0.114177989076933,0.122616932947755,0.0247638955149433,0.0104306074376652,0.0155714363011088,0.0411191597263046,0.441506234915919,0.160900438379388,0.0396079495140636,0.12225918676425,0.0346697555723389,0.0449222600457316,0.0997305048671563,0.0403587587317728,0.0582297454223485,0.0951222987511258,0.0391120489935773,0.0859421889896512,0.0113260239324177,0.0994117454764284,0.382801278920923,0.0562956811322806,0.0381203609298875,0.912452308140383,0.0474184879998728,0.0332795341162925,0.0319662175453436,0.0655152754899305,0.0160003249859293,0.214434852568226,0.046530516579214,0.0943270070475235,0.0317785084387537,0.938660472863313,0.916674484383418,0.0190056404839976,0.159386640199628,0.086132663690951,0.309145859409038,0.0711968612187736,0.0687124653384444,0.290544649737303,0.666584897799279,0.448775475372768,0.486667307937551,0.166381404917038,0.0244491747985978,0.141696873195691,0.143431071225237,0.823954344956431,0.0533091498125894,0.936730728645175
0.818685051501887,0.0459978166118955,0.0721907535111863,0.0637447795216002,0.0236377638070381,0.219865286296395,0.537478769577804,0.0249811005902152,0.0148738082800529,0.902093092857559,0.0203708146595665,0.0913563193506873,0.0544197150061076,0.0925160480759739,0.0477546234607117,0.0430807721173332,0.0189635757759058,0.172106689361862,0.927414774150307,0.178124249503621,0.0497244676271376,0.0140839564882068,0.040332271800299,0.0644197135766342,0.28836569313314,0.0331366691554699,0.0644700151390165,0.0853001136234879,0.0318715214656114,0.0538749023368599,0.0115432194446062,0.08025774753199,0.684588067819714,0.0408354997907908,0.030176358964127,0.930721353513203,0.072308474326893,0.0242526180365249,0.0507110112079528,0.0531255187454229,0.033408676886792,0.045389554732322,0.059641109910385,0.130911994023593,0.039956743684615,0.938090050668163,0.891618384616385,0.0304328724757864,0.666062734699644,0.0558948246992746,0.0490674710224459,0.0548632300918804,0.0682561878995935,0.120897460104271,0.665055497339931,0.632309548110809,0.752407392553768,0.0704371083323553,0.0247867324418956,0.043452786211703,0.501188626618846,0.838652194830329,0.108613244359491,0.931973220017112
0.411173714526776,0.048818931866806,0.0586229759952249,0.0917104271510979,0.0249298481144172,0.301977952297627,0.277387337116114,0.0224228660617399,0.0131341994320395,0.736990725563972,0.0149134155288642,0.0481502414444991,0.0294140948652583,0.120122347854657,0.0326825627919414,0.0257790698794516,0.0198849176541251,0.0415640413517581,0.268228541983567,0.185642054312317,0.0319067545714185,0.0303432245897284,0.0220353009888468,0.0442168742284108,0.104812969718189,0.0377922203488319,0.0483734627686395,0.0738485979409964,0.0613515620191207,0.0864094157084763,0.0139577995724302,0.0622504616092946,0.569075931608729,0.024174493883376,0.0395671255624228,0.923610326506936,0.0399637212397971,0.0463056517858754,0.0422334103244599,0.028039387462389,0.0599923767936247,0.0390007252580141,0.0498543215051329,0.126472650196628,0.0296860891753408,0.937694018509016,0.948508307887619,0.0274617533425018,0.593268020143014,0.0878729798446392,0.124056655797457,0.0442028692703572,0.0484666479284075,0.124799133193225,0.642697653981778,0.653462225546076,0.349949195112593,0.0501609624555606,0.0273619919690307,0.0909638449399758,0.26076431204083,0.856138600092164,0.0710965728108235,0.930911532657579
0.714120296243349,0.0413287303177135,0.0679739375002496,0.0797422515190944,0.0255272697286625,0.372780647042283,0.274546094354708,0.0208938537689494,0.0147732117304401,0.901089240436483,0.0148603805508195,0.0504706043737883,0.030830134788,0.0703735047790496,0.0294752613566912,0.0342626359866438,0.0162697801079691,0.0718658519682048,0.137325191406513,0.224970476831076,0.0300894581232334,0.0230543596959164,0.0213330090201021,0.0250102768595595,0.18315973023457,0.0386211684781593,0.0344334740790585,0.0640099292861237,0.0375094759414677,0.0683516365847808,0.0113821573763284,0.0572228362686824,0.38077966714397,0.0198925700510731,0.0593662448122426,0.912079727528869,0.0286430728488288,0.042289793851544,0.0430008178326625,0.036011696810178,0.0373632035330237,0.0531953240747524,0.0676748370963981,0.0844634044007126,0.0245521342996637,0.939892404443751,0.898649768545906,0.0181915590901146,0.076804150679009,0.118753281097725,0.113088782171148,0.0448752421373078,0.0388831602594855,0.0792904506632158,0.704388379126371,0.426413444556415,0.63839501480911,0.0463429417012234,0.0199727112485788,0.0378270638664768,0.410163692322612,0.871259456749174,0.0672729450872637,0.924443497621902
0.38575157120271,0.0477099081252099,0.0471445965452932,0.0876755775582901,0.0247063292016189,0.326510936764604,0.651968481367602,0.0250353798873279,0.013652029964775,0.869359226283652,0.0187774338324944,0.0550037878230326,0.0295392312264951,0.0867896925995144,0.0362466658156361,0.0281518353298346,0.0155401112985005,0.0246686457355067,0.66874809292853,0.146869411236648,0.0179150591152781,0.0387655021694992,0.0277726811191874,0.0475000765693943,0.105734423459128,0.0286142037413866,0.0482184564097284,0.0652948738611546,0.192666791713278,0.108836674079771,0.0162862683965889,0.060172256445279,0.304304546293605,0.0229698754502331,0.0367204612544946,0.899314538406143,0.0257109282639841,0.0531767077450058,0.0345153715588851,0.0321259447003304,0.0415997515449576,0.0464513361007237,0.0615204926693736,0.10691242786245,0.0251210627415835,0.954156617040402,0.353600673417613,0.0251234813825071,0.137958607929828,0.0733668842924204,0.087943566000035,0.0589903668644835,0.0338172558006926,0.0798240469875544,0.77974708414035,0.311449219692644,0.464865003998504,0.0407792397831665,0.0237657621601669,0.0392589077643951,0.318988317624506,0.895653534297211,0.0668855116604053,0.939257804599905
0.802637484135463,0.0407297780861648,0.0473458321547081,0.0893468052299243,0.0231523469913481,0.475363446927952,0.649427037493795,0.0383860215900837,0.013643893600703,0.887901507517335,0.0198960100137061,0.286591307353819,0.0500529980013703,0.0558531470389343,0.0401093358692934,0.0342080417339521,0.0251532390907619,0.0289830597964515,0.441069720673678,0.252793599296696,0.032639464793884,0.293729709029883,0.0260331617780974,0.0518194043907847,0.615505429250096,0.0507022770891594,0.0523159134902775,0.0527219280534094,0.0469574509976924,0.0652570691897821,0.0155196710261054,0.0651284703677099,0.602503997950644,0.0267261954808839,0.0431743492703404,0.91927831543819,0.0740153847915336,0.072306322030751,0.0376495874481533,0.0313991870586548,0.0414511223297547,0.040016758094264,0.0760827579925941,0.0724134368291941,0.0334429453750379,0.944711661507207,0.92519276332677,0.0245179867828252,0.250536564483657,0.063231343274943,0.116678550472413,0.0420145767810236,0.0436882341282114,0.504146392497446,0.856198292434107,0.647852060072939,0.7334701056216,0.0354076198600282,0.0378051029423439,0.0396581378619107,0.299084890462387,0.878603482593036,0.0619411796829819,0.941362125398975
0.804826756832649,0.0502712662940374,0.0552803883565186,0.1110172501647,0.0210524428341631,0.256613136398384,0.151109859862653,0.0204407956852954,0.0120820588894798,0.906720541909852,0.0128094120946725,0.0519852884961139,0.0354018573279736,0.0838602582235944,0.0299000150927797,0.0289223364882045,0.0171159582747302,0.0305189973237392,0.139280189229067,0.269840667481035,0.0406945725820825,0.0233484348771597,0.0233772179162032,0.0387817275465034,0.0876450865523708,0.0435716738248208,0.0451079720813977,0.0650875609943632,0.0421125721918337,0.190745612427196,0.0180530076616073,0.0604880901421759,0.334993713441087,0.0166398258792896,0.0408446971751414,0.896023797617744,0.02439219536525,0.043552121529354,0.0335795573816878,0.0321325274757785,0.0370300800611458,0.03633174693754,0.0411324656084379,0.059381606557254,0.0284489315269008,0.960200519313787,0.387433245429357,0.0295986697480421,0.114335622842671,0.127788163865677,0.0911673177101205,0.0526679898790011,0.0510408407519321,0.137345462753127,0.819333500964369,0.396130857746125,0.706115802691051,0.0425910579118814,0.0249236598723561,0.0471434868071435,0.254336835665649,0.834560303845911,0.0448099687184003,0.919967749223677
0.722672137870138,0.0741022686322032,0.0631327345407062,0.11300107270379,0.0347858024286133,0.380941337052173,0.521033317044507,0.0317905318860103,0.0127980765131636,0.865978043729202,0.0197488217260736,0.106404596707857,0.0408992011156085,0.0866741587503165,0.0385547217317816,0.0503749343628089,0.0144301284550501,0.123369284785268,0.555639087761741,0.190080505753468,0.0331741463156889,0.0242249676293496,0.0307964956646426,0.056313594697238,0.154946231676203,0.0453384501003124,0.0646528924294964,0.0758167863609878,0.0600510005858728,0.0820037750958959,0.0122350928656481,0.0752863343546722,0.522612221190177,0.0308517912500356,0.0532031650171964,0.917979536399179,0.0478144300695349,0.0552128713696274,0.0403698012360786,0.0278997327455167,0.121585739859707,0.0423439386191266,0.0472266106980721,0.16866306134507,0.0347723360821754,0.945646795061154,0.932235319287551,0.0244910831476115,0.112663087118813,0.170139697777646,0.216092351581808,0.0441770865943433,0.0573831947614901,0.20348022210247,0.678066272235798,0.563821139582546,0.674536815814927,0.0597656427904995,0.0274061216857374,0.0599242994280522,0.425969984815694,0.899213541453442,0.0899524500173127,0.940437161156158
0.684761270464546,0.075367175872778,0.0691723573657063,0.0840362706174886,0.0474078273301543,0.308107056210098,0.682635201045966,0.0300925655580192,0.013777964142078,0.851957024304043,0.0200191930199246,0.0751747283675585,0.0624442912974419,0.0877325336449312,0.0444824097767123,0.041281800635754,0.0150521235233794,0.0811672189293487,0.420700770522308,0.220687390483203,0.0363264429381977,0.376666712506308,0.0328268424291081,0.0373918390150618,0.403118771051803,0.0327889138452108,0.0641031309241489,0.0950217880483229,0.0515031479323284,0.0513916003679781,0.133970971062165,0.0786461517813117,0.591299120639095,0.0337237660842715,0.028290328538947,0.946047266597301,0.170492117682625,0.035509144545367,0.0571226583970064,0.0708022969500741,0.0557706014423236,0.05595397796656,0.0616218417873537,0.139217613351347,0.0545756967545261,0.950008473324569,0.930440322215209,0.0243574632005993,0.834294776316378,0.139942128355493,0.184197456218188,0.0454054342303972,0.0606407766762431,0.446739040867984,0.830596318687999,0.456622486261159,0.750703964304063,0.0818019701976125,0.061584888035957,0.0535977854692347,0.223023882256061,0.863690942914818,0.0935228704564729,0.917091430253983
0.492756353775742,0.128023793519013,0.13299315816635,0.121511628869809,0.0365898991171753,0.444141081844715,0.38119751909657,0.0273991736668505,0.0134387065900507,0.946151782701508,0.0224338197188277,0.188303100346155,0.0711533922918924,0.106660412312018,0.0439217801642863,0.128688258797015,0.015048062576543,0.146451786389444,0.263684970229956,0.131656824278667,0.0821857645938757,0.0242036062606888,0.0425001252901302,0.0812579515361592,0.200225759618954,0.0552885895285608,0.0640827008165251,0.100083041465314,0.0901642437945527,0.0582062725344641,0.0127273980207074,0.0602665617491623,0.446355949245589,0.026263039644854,0.0588140987412104,0.925406855111118,0.146766846481531,0.0398120521520779,0.0616392919960094,0.0534005043768423,0.132960175324975,0.0459575034839596,0.0606823174947144,0.258488075097718,0.0270079146900291,0.942067562584622,0.773553087722831,0.0289930258799388,0.0682669456913763,0.174216729941919,0.185506922750883,0.0553518876389762,0.0724731833821857,0.310270549526666,0.759364694281638,0.505034775576491,0.588203004907495,0.0739722885770753,0.0303610744616127,0.0517271669360808,0.739151400703894,0.80479957074408,0.196012539816831,0.921405671770411
0.660523635500477,0.0493834604608547,0.058693025611242,0.136215773659463,0.0428233971069442,0.381817561324007,0.636812434193903,0.0394930845695607,0.0147334229121455,0.904349014782023,0.0152794538918499,0.110169130251032,0.0363359475756634,0.116121076627772,0.0562959478394373,0.0442491969220036,0.0266197742234057,0.0246525094491111,0.147756476328504,0.158204952644665,0.0316616823244567,0.0321557724529001,0.0487952987109389,0.0692121156659136,0.123838507781864,0.0445371223252877,0.0705361359312184,0.10096072211551,0.0973282995111484,0.0966078451943497,0.0176285034348238,0.0923238760227065,0.610958258678103,0.0312856791192632,0.0393991913306254,0.90585692979852,0.0547161518537841,0.0540796094417982,0.0563782094018218,0.0447632350334567,0.0918405805870082,0.0644257324327222,0.0511261902892098,0.163053663532494,0.0526748037618094,0.937746909731551,0.648687051650629,0.0360916033024325,0.403691742393579,0.0729179825240486,0.0558604978296154,0.0426792430581948,0.0748584435380393,0.0627358584344345,0.414197981606081,0.650361618107315,0.642335397930141,0.0496057257587029,0.0328934024571792,0.0628481109783221,0.563095171077891,0.919580899588147,0.0763099668058155,0.886628197888508
0.737253298563605,0.0872454652222084,0.114503653906426,0.118904307222321,0.0334555109817746,0.390789219687892,0.547800143836044,0.039542728443222,0.0191613428505147,0.903270502597692,0.0182741041793336,0.0885004311554943,0.0414485602184168,0.0845807351564883,0.0577934874785435,0.0915470185082236,0.0176761430626772,0.0797319734702797,0.199112245282861,0.220550408704188,0.06066907732303,0.0337599424737556,0.0623395042833692,0.0525406419121869,0.179128114844143,0.0481207703314114,0.0457274447671864,0.0841554488690554,0.100786177724067,0.141038548930057,0.0270421574068307,0.0941151474211258,0.421973498387769,0.0402925236527353,0.0612786498098739,0.926613953659315,0.0818080632344942,0.0541830060802887,0.0742864827724266,0.0356202377632515,0.0835548112705273,0.0564157454611974,0.0648079321171049,0.244720981917715,0.0416676741400418,0.946417627754028,0.915129342888431,0.0319527037395307,0.102135096516375,0.0861813035093474,0.0994304912881749,0.0613681399832041,0.0871984395146979,0.190815844831627,0.770781507206992,0.504423639446706,0.455710814172634,0.064335995863881,0.0368249875016341,0.033794646370617,0.457197025485117,0.875623160368319,0.124641332138517,0.862115569751941
0.892938874630905,0.0491385310214704,0.103340495191215,0.0737445571580775,0.0196261225456586,0.200404749478265,0.238144042580336,0.0250298005705641,0.0146396061688419,0.930263082975106,0.01861457516951,0.0666840117245743,0.050966259650978,0.0846242919539236,0.0418505858413476,0.0099746742015565,0.0157714917346524,0.0647415012071575,0.965684784907831,0.101855429749538,0.0530351825279152,0.0249221584515139,0.0353785839732512,0.0334063927816301,0.714190053666038,0.0282107740304527,0.0575726848005514,0.0595970380077902,0.0268743110614927,0.0595552729070671,0.0133073534336043,0.0577120532394419,0.209862395806684,0.0471565224885666,0.0254037590176383,0.906250207117292,0.0404781510813615,0.0231586456416703,0.0434759463188065,0.0348940791085414,0.0097595288474839,0.046901051213361,0.0438541519176458,0.0830030429709957,0.0331231072936101,0.912603122349834,0.909365669300305,0.0206505239648461,0.758531065633441,0.0291462720654672,0.405025556378277,0.0458194378328608,0.0686025675194181,0.612349334240819,0.86779195118899,0.193109301506895,0.15787041328443,0.0712664586591901,0.0296626508179313,0.0414493568015538,0.0993487778989411,0.852825874818289,0.052952342803803,0.921096400594133
0.840334011413963,0.233173215003475,0.0516508510002247,0.0701666379613958,0.0198454893905185,0.55840579028502,0.686220007055042,0.022827981830234,0.0118770807079332,0.957017468229191,0.0174945613566286,0.681929785870934,0.0460175630028689,0.0538125675696569,0.0219293927918891,0.035571964905806,0.0200605322522636,0.0338455295245961,0.705306889835762,0.226645349245139,0.402646726211668,0.188586226028211,0.0264041706157503,0.0348593463995075,0.464896069180189,0.0335785900561061,0.0616986251392691,0.0594946247618219,0.0555719364503174,0.0612314142417036,0.0133101734059911,0.0544175739354644,0.618509484608783,0.0243095678380775,0.0602882420182023,0.938243601771906,0.0240377197021849,0.0448991715404293,0.0622112448607068,0.0447827863900411,0.0507448494379976,0.0298058523533225,0.0641755130590911,0.068406051073695,0.025994952563844,0.951764654455808,0.932794707571599,0.023997532531861,0.858821013792197,0.0468740205622178,0.115938023959517,0.0487087393477208,0.044414575294294,0.663693482850047,0.818789271881099,0.647654298609702,0.923018173509689,0.047521377506682,0.0172843443789603,0.0340386697777698,0.222787897984397,0.883309482033224,0.0454383590521795,0.935866605676015
0.790141348331656,0.042693880598162,0.0721209259337226,0.100433704527233,0.028167866976299,0.219480159272528,0.629982992490822,0.0329162042132608,0.0157083780217674,0.878535159804218,0.0190885357828314,0.0565394973862974,0.0289715302496308,0.0861540880617793,0.0328391506705173,0.0348581709039316,0.0208562913741486,0.0873681051808008,0.749843123538602,0.104281422904139,0.122866996813956,0.048782695302755,0.0350041705015228,0.0482862868706325,0.214146042870084,0.0290428579950812,0.0539068525806263,0.0856574009648308,0.0510026551474973,0.0402435872730616,0.014148644602528,0.0715785687202293,0.549965977667334,0.0234227647236778,0.0285598478454854,0.915520677761687,0.0563834106312818,0.0372133003336152,0.0508995129984293,0.0328390933874859,0.0567746682532516,0.0571182417616542,0.0584231308247303,0.0751423886028635,0.0381404643153382,0.92623922393387,0.869734704086129,0.0307286593402173,0.156049269284544,0.0511190490987783,0.475326607584709,0.041059496020794,0.0606939009726934,0.57555669060136,0.757162477786995,0.587937764325922,0.464442854023377,0.0439433975495914,0.0310642015054836,0.0494982475161248,0.198964858602963,0.863408199563642,0.0443297087089354,0.935800179413954
0.750206010907479,0.0318500407217852,0.0520559466909207,0.0736015717393384,0.01930983365097,0.317624184641698,0.617429681093917,0.021639503481447,0.0183107586669064,0.756757867182179,0.0166505493508731,0.0509245211458595,0.0271356498702546,0.0544761062140165,0.0466072830004035,0.0298974906272835,0.0172285471916371,0.351141358652148,0.437970956714411,0.108971909587491,0.0333276850010167,0.0240024119660279,0.0393387165923384,0.0477114157008902,0.32298956253968,0.0425342468726307,0.0463378101303486,0.070619398049446,0.0523503055977123,0.0355602794197005,0.0100971500664311,0.0645403279514679,0.572203950647058,0.0213987275387186,0.0268081923339015,0.926603672110244,0.0733463401101543,0.0324495907291727,0.0491620529503989,0.0288668827876614,0.0581363858013168,0.0378732803897723,0.0465136251216281,0.0777675980093766,0.0303760309638661,0.907212203158606,0.875099492249381,0.0222719830860668,0.137286678616146,0.0414505460543676,0.0806076857659409,0.0389639360372194,0.0544245325812916,0.373765069558661,0.695041181665386,0.578735942810999,0.698584220852162,0.0487708743580103,0.0251900466348674,0.031658090323356,0.244766958512879,0.874403012428545,0.0680718039517211,0.925005632371222
0.464609465201822,0.0828725939841798,0.102962764823737,0.120850546849841,0.0257544821067381,0.285926973215758,0.316274316880376,0.0334818704060521,0.0167706143578929,0.920504165918455,0.0191707025027793,0.101326668476379,0.0493035850309765,0.100903740894123,0.0512428849920344,0.108851944863311,0.0157292656248342,0.0839309754984168,0.469985979082234,0.233676001759253,0.0364605447585522,0.630426487984419,0.0481507592915302,0.0559811714349675,0.145692823666854,0.0564902363332181,0.0527331603174497,0.0763890712944688,0.0894823864193538,0.071890485929088,0.0181847881647527,0.0778469354808098,0.424345869306073,0.0474984681916708,0.0338161423812578,0.929015800560937,0.0511167022951168,0.0475787963233339,0.0535575230598552,0.0317195266867071,0.096981717625572,0.041460656146851,0.0617911187232581,0.225444108605762,0.0360970216750525,0.936503990752164,0.661604960263485,0.0269570153461457,0.0787291804424699,0.0795051539826044,0.117163926727241,0.0569340612261917,0.0681471113369376,0.170750707198381,0.642436728953719,0.619228990586531,0.463889864988883,0.0445107940730072,0.0284562721919828,0.0401251631827465,0.588061100741591,0.886856323698868,0.117548127303239,0.911830543875553
0.825045388223172,0.048798828894991,0.138209988814466,0.0658865800523995,0.0177295695295108,0.13926925540509,0.659845224150762,0.0296051914671365,0.0165283536944142,0.795592505000573,0.0256832537830565,0.038320510307283,0.0452551995407837,0.0836968464686438,0.0391879803784367,0.0545726421209448,0.0221430250596525,0.127922667108581,0.831205953088992,0.191084347354473,0.0502261589364483,0.0240398199651313,0.0366905603363965,0.037081132486264,0.138823410118236,0.0463068432179979,0.0563588496013906,0.0717426607818861,0.0274517329557573,0.063618951383409,0.0085981903919099,0.0430854065306014,0.365864126143388,0.0183839906925803,0.0312648498607309,0.916411936867709,0.0469171831575271,0.0265327315167429,0.0504406878348188,0.0376107449078483,0.007919131937507,0.0384777323629713,0.0274358017829507,0.155880719144227,0.0330087029453207,0.938373482308,0.916402550334039,0.0243077122364422,0.0564003067633348,0.0263222478978439,0.0537611212560144,0.463840047330243,0.0670898791670113,0.519583189603145,0.494993043478174,0.49453198519784,0.169342931735934,0.0425740281545415,0.0245937164310634,0.0354638722646835,0.178157086843781,0.849011088997639,0.0596607558770263,0.927648294329585
0.722867194118531,0.0498930954555237,0.170695563934771,0.0691614886592617,0.0180895691677542,0.214925967350224,0.640483199526608,0.0285439694563961,0.0159392201828873,0.891025517446431,0.0139698142311656,0.0458068177018452,0.035253390212392,0.0937532492637185,0.0359362953837872,0.0310590454440505,0.0182646020391823,0.150983975409942,0.909716548913587,0.160280586295143,0.074716125664029,0.531721421504638,0.0393718565442148,0.0501621100414114,0.697498224863361,0.032048007321034,0.0566397163905161,0.0688308619868551,0.0394067319281172,0.0907147180618644,0.248038821691742,0.0689784469655851,0.314268412578927,0.0599622176782025,0.0181654362429995,0.88449962811681,0.0545215249037054,0.0235916161383722,0.0380569096800529,0.0334551317578756,0.0105042377061883,0.0453558249742226,0.0322672047744443,0.14663493292781,0.0372473310224289,0.922983733483946,0.84461985180116,0.0216830176377044,0.505189291199656,0.0359584924758642,0.298228799822428,0.0406893908412698,0.0670478528190109,0.430808223052207,0.759159212312769,0.324673481136601,0.212371008205594,0.0385412683720396,0.0213068131394047,0.0298357309468042,0.196149316659205,0.826753813801574,0.101692264305825,0.92501454137413
0.821327873217241,0.0420647774279983,0.140555576702885,0.060067759632671,0.0234249353385354,0.43867626998151,0.715916079365248,0.0241449163074104,0.0156051161382407,0.936222335516406,0.0168165703558815,0.0463725369558541,0.0602731064347552,0.0738399104292487,0.0344952281310303,0.0200191824105694,0.0198867728147689,0.0583613488569414,0.185762729583695,0.131439105980473,0.0360758511664173,0.023281699226767,0.033536568014774,0.0424072155420491,0.633783873621541,0.0390284933659079,0.0587658767446655,0.0850547918851684,0.0310749862516708,0.0474649380819314,0.0079710542255524,0.071043034163832,0.366545508749639,0.0257424814035038,0.031059702293494,0.917134910399678,0.0408285485289029,0.0203265999711151,0.0364780869804135,0.0328554036457738,0.0107429088823863,0.0285376711769534,0.0422763821981103,0.143007749371275,0.0380407167951106,0.921935928628419,0.87780551772561,0.0245820302534285,0.730517394270005,0.0365292352886455,0.0527269088961096,0.048016247262013,0.0696128924787619,0.533239386044751,0.792655404647745,0.526693400236691,0.1871819888448,0.0358148963738252,0.0249652744020108,0.0319169004099754,0.148532770680751,0.804183481777641,0.0487920497643375,0.906841179764894
0.752344819309192,0.0487558144732922,0.0959992037559129,0.0869566937662639,0.0247421643993223,0.192026122370005,0.660329253824416,0.0273572401241837,0.015329498227549,0.917600112991876,0.019850606493105,0.0475862553508987,0.0699745545322543,0.101412105154622,0.0455334045895586,0.0139206128727924,0.0227868561230179,0.0575503781233888,0.915738160880782,0.16863099164528,0.039299729570178,0.0199397755012997,0.040897133452654,0.0420376696876087,0.547679380476682,0.0479128192472576,0.0601405412377937,0.0643869636132467,0.0338925591142937,0.0549422469891581,0.011670289530455,0.0505618377110178,0.578181783339236,0.0258826771457369,0.0225169803669044,0.90336999854971,0.0501736034293647,0.0311982925685346,0.0500348564633681,0.0655902367102428,0.0165451562325082,0.0471345807356238,0.0626013050391093,0.504700934382283,0.0327661106920013,0.893174167223767,0.896083220737067,0.0398373222440894,0.551361431538275,0.0648230909172233,0.0664826842444508,0.0442693673768235,0.0589741596490717,0.617099814478763,0.759642800442786,0.603642329503009,0.583410851730144,0.062914872413368,0.0278282615543106,0.0424663781984012,0.208079382178222,0.823190192264239,0.0634198168582273,0.923665987224656
0.803614107364413,0.044533706072373,0.0945810273624598,0.0862746391881555,0.0188565110508582,0.16037645284067,0.647922268122433,0.0306957078209903,0.0144469374295239,0.926029990748801,0.0195001057332417,0.0612528057562267,0.0582054533644529,0.0677492971076382,0.0335573077070354,0.0171849124449872,0.017641087727093,0.0496716775056458,0.10557874976713,0.154734349393456,0.053660280053349,0.0141810148043399,0.0391428252932454,0.0312490247618703,0.0713030993128321,0.0377875793641707,0.0385478726027579,0.0575706958675894,0.0256381688877633,0.0380510956690282,0.0075933539371818,0.071531633004841,0.120732942207543,0.0278060527896434,0.0205020753934632,0.918194779166908,0.0370998448705717,0.0179850468135282,0.0465929826343601,0.0433276832853468,0.0071359244184846,0.0435762550415789,0.0241723533358883,0.0833822368382219,0.0282763724387887,0.927621481738783,0.890033984098681,0.021466981264875,0.0693645168474316,0.0290743400698891,0.0361866931047599,0.0385541482497834,0.0639842035209002,0.0475238767398175,0.829409315307348,0.446501591636507,0.84991410747007,0.0435787527010981,0.02270598531871,0.0309574130695014,0.148724477271291,0.860307664883959,0.059817414078189,0.921298875900495
0.441393314614633,0.0424817574731018,0.116842840512148,0.0456148299982055,0.0239186000872265,0.244489610795332,0.201864932700797,0.029092632822618,0.0166973649993817,0.541137709433651,0.01576621126098,0.0462619010637089,0.0513296124221615,0.0815898977184931,0.0457085408530817,0.0096581694107341,0.0166702757017402,0.0976714294921359,0.877675845319065,0.149006031872527,0.0372819840179037,0.0237311578592341,0.0337137180898675,0.0497479562237648,0.0965224971845292,0.029639898243804,0.0577682823670054,0.091411979004319,0.0390775130431334,0.0517876376516501,0.0111827690426117,0.078765650943235,0.285729909353931,0.0166920371891329,0.0198401069849739,0.941886319079622,0.0411462366617562,0.0201891783527386,0.0382443420655273,0.0393631999003819,0.0084488445028395,0.047178184006379,0.0349938622519263,0.0703565113850794,0.0334316829300157,0.861362954995373,0.898640563871259,0.023279492876162,0.594724157053266,0.0422646290300925,0.0390961732746218,0.0541488120758061,0.0609179554374558,0.195136943142088,0.793670932586769,0.315519581878495,0.244635896819315,0.0780997540927395,0.0218375116736732,0.0418134146202208,0.101986482068329,0.657197767767032,0.0546754508355431,0.881307343393476
0.899777517326604,0.0480051218652555,0.117355065999872,0.0427384503982458,0.0280313869254625,0.325928496276407,0.740083313057146,0.0286006150807764,0.0161688513152609,0.852411536986133,0.109320058158781,0.0651775888722846,0.0834534658879815,0.124579114626394,0.0276764085874154,0.0178176181617941,0.0168653143896183,0.0732366964743044,0.770285243738822,0.170973139268284,0.0500818379425303,0.0323309885993013,0.0383933595503828,0.0465513235839445,0.118786592935359,0.0415498091398715,0.0661155833230836,0.0668519815765097,0.0354029124306683,0.0833747419433115,0.01209592587229,0.0578700651275793,0.477351877675483,0.0276314871866115,0.0227049390443463,0.905579647585604,0.0462705797214662,0.0900479190843883,0.0511979773536142,0.0507779405608139,0.0202936869919837,0.0518069336413604,0.0401543942234534,0.107495168899595,0.0359750415698911,0.940384914739952,0.946542160316461,0.0233733678539209,0.0833409740486605,0.0591807724496394,0.0535579700392077,0.0617648739346049,0.0661755440112123,0.635629143086985,0.63498295621511,0.472330307011699,0.347070350456222,0.0456622903334095,0.0295532379993333,0.0405786094313888,0.0898419576736721,0.86868132508445,0.0699659287245334,0.930693121956653
0.835871278794947,0.048091593492145,0.0996053133422117,0.0601358342564399,0.0247450705701753,0.462692918535263,0.693437905369172,0.0290212529372602,0.016989966069861,0.956019533105396,0.0232270210769299,0.02762225144044,0.0404663673000155,0.0833526212242828,0.0414286459145697,0.0160028378518473,0.0189402044371353,0.0936793714375995,0.927461752942433,0.149977289238716,0.0389115847863303,0.0384449473197918,0.0345530895210709,0.0444794128936751,0.722504941782105,0.0341952495347451,0.0740062415037407,0.0661885520370003,0.029044470948045,0.0591945677163005,0.0127628360573182,0.0679147202605684,0.567016654562023,0.0445351484156801,0.0287211589639118,0.921191609970144,0.0423305955666284,0.0266986650900951,0.0446423965576361,0.10940585803521,0.0111776017566361,0.043481539880023,0.0678316652482399,0.0699303985269492,0.0323631581353163,0.928281403415955,0.866160457415927,0.0214740859997697,0.64120080402305,0.0257961084165865,0.0593674750838906,0.0571938047809478,0.0665906614699024,0.584261510386055,0.840187553085463,0.605566256081394,0.647710583509573,0.0666689212294872,0.0245227757062087,0.048315745596726,0.144085628616545,0.850489759588601,0.0737953719066796,0.920430573818174
0.636369010429745,0.0463779192188181,0.158739806415608,0.0798487947958225,0.0201680363315236,0.256467856467067,0.610348421344723,0.0326037711303974,0.0168847194712911,0.93062050467327,0.24491891481359,0.0841588335579357,0.0911984597664162,0.0859835320569086,0.0393253425672035,0.0589256381341046,0.0179451992708601,0.0995763077940595,0.868975390168135,0.170741901001137,0.0514867431600277,0.0252917196144341,0.0355629292034523,0.040537401810068,0.560962480632422,0.0410114818564349,0.0417821649217861,0.0681121718757969,0.0370265115563464,0.0460854247874231,0.0092090463011907,0.081353857030928,0.323456247613874,0.0217801037146999,0.0359655509281067,0.908952609746425,0.0629221426235642,0.029423615532823,0.0338326024222547,0.0431861406261198,0.01454955143773,0.0474410723243687,0.0392148869408301,0.282765354741916,0.0314535981235471,0.924183779788944,0.800436370606581,0.0191898917829974,0.208195344543334,0.0523972209763738,0.105033455636006,0.0472103678557424,0.065427523700421,0.533365048225896,0.769509300801276,0.507684374484388,0.379284161365934,0.0440055648202045,0.0354267792397578,0.0296176201643297,0.594475947780966,0.788198695359342,0.132471363136935,0.928620110953114
0.891105236726455,0.0467220318408391,0.0837906796163563,0.0686376741855228,0.0174765509742673,0.40712700115564,0.750114143704325,0.0281669786889703,0.0151726674269168,0.944022715332397,0.0168403385347828,0.0420690338850834,0.0419104149659463,0.0738081694482879,0.0365305610040504,0.0091037546295937,0.0246059919146887,0.329975344138255,0.879022178023396,0.167736054729523,0.0394355584310142,0.0179728898272363,0.0353682705224777,0.0361095270925269,0.468061163355988,0.0351658855201913,0.0445173403354409,0.0830373755466882,0.0276724172665293,0.0447174728970658,0.011063287020072,0.0707534774500416,0.558544040389802,0.0269873456923014,0.0205196771465495,0.92845795295963,0.0375523101205068,0.0204628497394675,0.0351347224886131,0.0426441060836991,0.0100550612953817,0.0427048290025021,0.0343269535865327,0.0856977037824082,0.0325403151702361,0.910630488313306,0.889375855797078,0.0153593071188412,0.796023636140224,0.0367325970203315,0.493711180806733,0.0548767053787041,0.06579406376882,0.427024119009475,0.813583255305077,0.601770012253402,0.479366255837212,0.0434797701876529,0.0203635960507364,0.0335457965365042,0.133888019932816,0.786112260811973,0.0544307741225037,0.906543978923302
0.692732334428458,0.0681760514797751,0.085275513109418,0.0636150201655216,0.0238064814738552,0.264696586977728,0.504892074510058,0.0274663919733292,0.0145383188964119,0.809602877362703,0.0203220125443753,0.0714872718104599,0.0291019270488225,0.0960784838877536,0.0308136431288794,0.0288556744916052,0.0176423083477556,0.0368857975057,0.789570253054912,0.201942528011776,0.0350429184568312,0.0691504485047198,0.0433543865364156,0.0573256665014029,0.497903531673797,0.0351013615482348,0.0578001395779346,0.0923028377690393,0.070951279245647,0.074273434571404,0.0200708086999182,0.0557219901843314,0.530413844871635,0.0278731391116788,0.0351049793417801,0.876319689076013,0.0864250585481865,0.0371855350736571,0.0410461439357937,0.0466878211475101,0.058472521145815,0.0463983900343282,0.0637023502055822,0.107929060938682,0.0280397483532743,0.939521162160625,0.883951939346618,0.0347919698311185,0.533147358129406,0.0711694692299683,0.174163523319085,0.0575051097813389,0.0673227066264166,0.498805819269137,0.732855491630615,0.563866908410661,0.696751748454909,0.0503660315033986,0.0300455257637131,0.0555060208866772,0.260535265291309,0.843814031629791,0.075885087557112,0.904805957940625
0.841764962498124,0.0497423278176687,0.132488982163532,0.0719161423416143,0.0161170986517272,0.499382689062878,0.595141123457241,0.0286379537354176,0.0142633542394773,0.874217057070073,0.0179283534357803,0.0634152155246611,0.0678649899846613,0.0800635320411643,0.0324457533235962,0.0174750956278943,0.0187661941298884,0.311080882208268,0.449060528585498,0.13161782438691,0.382562739187208,0.0202573562914051,0.0581466826820212,0.0281555711667219,0.200330962044406,0.677863210578172,0.0564956367357125,0.0650640982290518,0.0340872863360756,0.0561688228817412,0.0123489330220506,0.0649912904209806,0.367533472314662,0.0280032720242765,0.0302156746692654,0.926401837794925,0.0470453531939811,0.0198361458447099,0.0413421385346338,0.0443755711109883,0.0098613723109043,0.0462051596204494,0.0286043652355347,0.161510586213839,0.0328254167271806,0.890353453930692,0.891604487890412,0.0215837837515149,0.193840849631164,0.0357874158343326,0.0801487846794461,0.0494555320216955,0.0670171241860427,0.609800976525904,0.831553306685766,0.521729542157305,0.523978855046024,0.0438752817741543,0.0269473522019702,0.0285920891312815,0.246971428547699,0.797646389010195,0.572671424431912,0.914195371993579
0.783076754581246,0.0393084966207044,0.123595954724288,0.0646005441634872,0.0126555352194084,0.188346303817083,0.409571840100721,0.0252903081530429,0.0158157872930984,0.790879472328638,0.020529164836843,0.0299728486297426,0.044626174858483,0.075852866983467,0.0345585602791122,0.0137224621380831,0.020429903568308,0.0513228732288934,0.098788104831884,0.168846070728705,0.0362969719849478,0.0196245853429226,0.037385649203502,0.0445812582123497,0.115286067622952,0.0313155532031224,0.0413270879255564,0.0596204163477386,0.197809722216876,0.0571826285173762,0.0103055413041791,0.0554230423088215,0.215626718042175,0.0165967127941248,0.0299681483873105,0.868630677285903,0.0536489933136037,0.0134003518787864,0.0429059148106981,0.0319376235349741,0.0101178719803351,0.0458483491287671,0.0184677089655589,0.10845387674435,0.0314116101636062,0.860997183300505,0.732509490697677,0.0164658849707331,0.046929772846706,0.0321903755419572,0.0320690260077283,0.0372413383431512,0.0655193699763724,0.0287301243996194,0.540375089501189,0.265635729561116,0.218788800152328,0.0415437503066945,0.0202705771229925,0.0379193892503708,0.200459264256458,0.81679741747745,0.0649644764168673,0.838604311130267
0.668846547558905,0.0465897164285121,0.0890166766635121,0.0768376126432402,0.0213187936328986,0.307892488694405,0.467132537146739,0.0289900268502971,0.0151482496809359,0.908978623485274,0.0233374228663735,0.0520241937789506,0.0650575296052538,0.0983569886465281,0.0438190649584889,0.0259082446299126,0.0273657142926469,0.0841547731779076,0.583749059759991,0.153439539083087,0.0453512676259703,0.0204700686409599,0.0350142883376074,0.0488567058229237,0.430198909743535,0.0467542794995129,0.0705482834339179,0.0601266202310104,0.0263117353181924,0.0657005132585575,0.0099998393197373,0.0607406913265362,0.465601555125715,0.0582562332452743,0.0301362917888309,0.915150286029316,0.0548497538464051,0.0223387984908284,0.0376364129389812,0.0381403932038029,0.0165592483102301,0.0436285916171601,0.0665290346543669,0.174897243727019,0.0328385794953362,0.929461329776824,0.831718012541401,0.0259338708362787,0.410393847439077,0.0550537643176741,0.045542493922038,0.0590658100239007,0.0661488911803372,0.204411115674611,0.672250909566277,0.590589450183475,0.386523412601748,0.0544663691426838,0.027835404768265,0.0418359867256461,0.300080004368412,0.798772336147616,0.0727762183689029,0.912997778187778
0.745839548239716,0.0487258428681099,0.17269822107719,0.0600898391795401,0.0202637910993864,0.218292382575057,0.598408743166472,0.0277189078838005,0.0147297339681243,0.679662902170615,0.0175677705453573,0.0445381907444646,0.0605393510865152,0.0975585171298746,0.0364283724000824,0.0144069889968374,0.0147331580550093,0.0471877410174147,0.720305042195047,0.175156722081744,0.0487238573961015,0.0177929410980758,0.0390626549120608,0.0333394908616622,0.182330821589442,0.0457875248240688,0.0567381483752074,0.0713891095501427,0.0308560198210929,0.0437512781029023,0.0088718384773663,0.0673556336472502,0.538912055308397,0.0256970606525521,0.0282720160688447,0.89738839825386,0.0340812872915843,0.0211541161345618,0.0449255997162048,0.0402781935351657,0.0090536799717903,0.0334610035235824,0.0348990824637322,0.0636375920512847,0.0315107884622196,0.931240029377645,0.878096021246806,0.0243187728477905,0.103568148675106,0.0352556432803678,0.0531572940111106,0.0368551137924396,0.0595290357479096,0.257701341039908,0.5489621622178,0.641442306099682,0.243086776590672,0.0497572944140781,0.0201208192750412,0.0420942902042685,0.0871206534954221,0.829747603613226,0.0493886121078079,0.90802351637346
0.891439831047022,0.0477824928094844,0.111522608634339,0.0912919319129464,0.0236903747209732,0.249687423771509,0.724582572990107,0.0272724539326712,0.0164516745606633,0.940116742629599,0.027180294193255,0.0511845424296046,0.0739804430681496,0.135102673001098,0.0379450136257163,0.0148452552186911,0.0187379875560006,0.400503765361696,0.971781049563547,0.179275621523034,0.14772405821203,0.0424588520576328,0.039883290032802,0.0462327046510541,0.784896426853075,0.0444698622969513,0.0660869123902292,0.0669333248254044,0.0317926426017017,0.0536069758850975,0.0147005327152725,0.0733823613943168,0.310459437706944,0.0537043692642654,0.0332282689115208,0.933352790384728,0.248297560580987,0.0251925692252841,0.0388286835420826,0.434559119737892,0.0097877758888495,0.0613822643683826,0.0760853009728528,0.0599140197432167,0.0328206808351063,0.937452424004823,0.916734411291927,0.0221097094070589,0.806011858394556,0.061454219438884,0.0764281410330299,0.673524689758476,0.0660221086353908,0.370175331826033,0.822863704915323,0.229667511216371,0.936467166324893,0.0682337689582792,0.0243063225260762,0.0425151812724023,0.0925987820831556,0.88777729628735,0.0623186300626371,0.947695840169255
0.71819172224853,0.0498910555339409,0.136789583022675,0.0723268005366563,0.0254810896939948,0.586629113407425,0.382172564476907,0.0235300673107126,0.0181667606330965,0.925279014392703,0.0217123143395024,0.0410559525519681,0.0566065050915825,0.0982619598917195,0.0481527257317756,0.0145842379440872,0.0258178892835548,0.0926487296112865,0.134559707727574,0.154981280163456,0.0469979350006975,0.0165518380177299,0.0364462199177641,0.0557124956097663,0.46149150472178,0.031779868214872,0.0732404435139122,0.0631321131449564,0.0378925547556972,0.0591078758507051,0.0098238162869489,0.0805392022700419,0.629518060641737,0.0576581329468664,0.0248139908179518,0.942400476525923,0.05127295864228,0.024968167479856,0.0485914513019965,0.0500104607251599,0.0127798341167894,0.0504039249622242,0.105464199981503,0.145094016235095,0.035903236544984,0.92699048240104,0.911472473963248,0.0289448315890289,0.0632929095448004,0.0262636620497056,0.0535990054075001,0.059158513288828,0.0652329064669228,0.0522543623472284,0.779161583989867,0.689354496614734,0.270600196128987,0.0700271219658882,0.0272757363724218,0.0613023455639229,0.167238637590521,0.834921776416392,0.0608276533500014,0.929496715321755
0.857348350557186,0.0495886167525416,0.0375144607670165,0.0807640357773107,0.0262338162840009,0.331122239957647,0.661992248573002,0.0274147627109948,0.0158039449803817,0.402382845083798,0.0171596216331169,0.0605697116301141,0.0352425846724515,0.0744326471426304,0.0330524315475011,0.0384921737130184,0.0251940185496131,0.0749887795984894,0.276323897196361,0.144605460947111,0.0369132584449436,0.045722961975338,0.0304557021692548,0.0533763981980148,0.144847696952052,0.0498783923696792,0.0569032906131367,0.0643250052477908,0.0553041143846803,0.0690162791955218,0.017445089387542,0.0528854312138062,0.325260221825962,0.0193769153547643,0.0861394797655096,0.878903357337882,0.0510566015220659,0.0410154511274815,0.0455006498753726,0.0422317283641087,0.0496903728707531,0.0378670875016964,0.0983130066890853,0.0698236904572965,0.029950792587966,0.958156525426313,0.943964266048228,0.0301567885245122,0.829567402243994,0.114753691926355,0.0850695126812642,0.063559624210686,0.0459516813694414,0.181625180572946,0.645260867096758,0.358304468772843,0.261295365614688,0.0576673421925042,0.0297626213928285,0.074894249674953,0.136278293968851,0.886852614120632,0.0565615495663982,0.92224674219378
0.893264681831941,0.0507227203634498,0.118609287138163,0.0815896508755974,0.0281366876760395,0.0789584709102677,0.536389401235463,0.0289845138652712,0.015923357075418,0.540031726136505,0.0223773381507796,0.0520227788619615,0.0767558002651013,0.0734179267795611,0.0369346402207529,0.0116169625059523,0.0161298883669907,0.072715995751255,0.184227570520205,0.141994706348386,0.0536963451251335,0.0177778219991892,0.0417305797036042,0.0328815777238102,0.0935111607508229,0.0345489629509029,0.0672047745517115,0.086556427309022,0.0384793592608072,0.0929586576706474,0.0099133075299333,0.075988650964724,0.414495526765293,0.029659849551489,0.031773280079559,0.921695339497444,0.0431707607740454,0.0366688884750321,0.0486266504533481,0.0499168256571412,0.010078540393053,0.0420956334705909,0.0809417354572985,0.0443099939324233,0.034263646725147,0.924075210562656,0.943062534917339,0.0304491154239949,0.0793601045275245,0.0302204708649721,0.0505690607624157,0.0620425061466837,0.0696540257631125,0.0281059316996076,0.816836458308878,0.546386581219401,0.120708363811715,0.0610838193940506,0.029475560442772,0.0406614067149578,0.0678049552669124,0.84036428722855,0.0764162623266232,0.906478053346026
0.587031214993771,0.0307993835752485,0.036488836011714,0.109439291996909,0.0199813414882205,0.593445447124877,0.271546707850627,0.0256502137824444,0.0127288959412004,0.95029703996942,0.014608695011927,0.0551675868572273,0.0413054168921467,0.0675333633392281,0.0350162439135108,0.0221222785075793,0.0198846766665443,0.0311156469074598,0.484115370988842,0.205693994911892,0.0219451410706297,0.026114514220115,0.0242071156627039,0.0424270542623743,0.0840236573477248,0.0336877004574614,0.0494260147256158,0.068913638848254,0.0474278028655402,0.0821125644015526,0.0117577430500591,0.0636690533516413,0.649546393767502,0.0214314379392448,0.0412536616734628,0.910767823105467,0.0328486700037216,0.032478384110298,0.0454544287074433,0.0247201672847736,0.0554342524935775,0.0324802177139585,0.0634119442796719,0.101231911004389,0.0262966458879959,0.966430744502469,0.838418373203831,0.0209507206313442,0.121951461294061,0.0426102391531183,0.0793656955206401,0.0601122576837406,0.046307939425288,0.0813704186665395,0.696812847175324,0.730402892866693,0.901873911216629,0.0545498591024219,0.0246858428483867,0.039993836726989,0.434137312722486,0.871835373290666,0.0603381212993637,0.919201644274573
0.930275316759538,0.0502778068225224,0.0793729111414305,0.0421110467192338,0.0185235667152169,0.14069855913138,0.803125356775481,0.0336193608598639,0.0145956306523907,0.926011282989066,0.0230677388863659,0.419064983014625,0.0502972798809938,0.0879136369246517,0.0398905367865287,0.0102709991705194,0.0239360198805687,0.272712872351395,0.974112049491423,0.163165201485612,0.0320887903975964,0.0937669075924208,0.0309510401955543,0.0412537478725318,0.528805855367529,0.0339594058957699,0.0644265339184652,0.0810604588336827,0.0658454011939616,0.0497601123275363,0.0095879087479509,0.080382406467289,0.236873968051326,0.0326990553619247,0.0335240558360607,0.923882346184458,0.138562747595276,0.113923175612908,0.0515422755740336,0.0541007499624711,0.0109950128258365,0.0401319741477759,0.0806718557137864,0.0261809235416752,0.0325971787420796,0.920111449291819,0.95639233451566,0.0252507353635558,0.360129299822385,0.0384534629150505,0.417860476847927,0.0573455866307123,0.0691357257316051,0.637606512455707,0.860098076644726,0.471261959341764,0.125581645821162,0.0740343316166571,0.0282367436403473,0.0483452172641878,0.074676005730775,0.90628282615938,0.101789960619286,0.939786257451368
0.922974424356091,0.048868538442972,0.107120417631137,0.0912516081762372,0.0219372689946716,0.319587678575069,0.652790261963452,0.0334241832012009,0.0150752386067647,0.895601652934717,0.0193648645402401,0.0271337487906261,0.0651712378799402,0.109008806045187,0.043864827648888,0.0129804534875321,0.0175954508659792,0.135185874508025,0.862086273153751,0.168761837851805,0.060456643690568,0.378164497243364,0.0398980423470114,0.039051327017119,0.287999851269082,0.0429902372031294,0.0681162072110284,0.0927698272198572,0.0335919610977174,0.0414667284245984,0.0077538186104035,0.0763146939095226,0.537859456189586,0.0456398329808791,0.0258940754617437,0.959842210014394,0.074306377775235,0.0220683837047121,0.0484561951086089,0.0452543738249072,0.0149416876708099,0.0454846797903594,0.0705640983283857,0.0576301521495161,0.0344483416425011,0.911598403796636,0.937962597773407,0.0255667981146137,0.212621636091442,0.0389025523949775,0.47355192231489,0.0574636103269061,0.07094624974393,0.751583988617649,0.840547030812544,0.580579591770352,0.170588615692923,0.0860377649489329,0.0307833531502842,0.0421851243301508,0.0554223077501057,0.875867892833678,0.0542280996944574,0.942844891468797
0.79489621251445,0.0298860853389354,0.0687395195278691,0.0597296388513799,0.0208066719953596,0.378077889719124,0.665981500763931,0.0239456907259826,0.0161918371425072,0.912131040601027,0.0182882661662919,0.0650373641898302,0.0255197891114469,0.0659911830676405,0.0370946484417808,0.0812567125766693,0.0256023194015669,0.0417202573254752,0.753582142891149,0.242457069299973,0.254042703316708,0.0209913606140983,0.0254542266644815,0.0417948998978536,0.0782251354712907,0.0594068708418996,0.0335843196206818,0.0338900514343455,0.0412869691632093,0.108829208211711,0.0128667854255303,0.0384779930612243,0.38893933891498,0.0199354764798872,0.0813322138084635,0.8846594952702,0.0371219611200065,0.196411723676688,0.0296064216457262,0.0306671672965669,0.0391499762095165,0.0363438528178783,0.110837312611086,0.115478963668046,0.0321125491713707,0.951715042625088,0.888242289565991,0.0169478558894774,0.745393602579698,0.0620071053176339,0.188628448889455,0.0556357756844285,0.0316097180636245,0.510421037181326,0.846029541129455,0.561515963354126,0.465791209284183,0.0370182734484514,0.0302092897949937,0.029018325547328,0.605420461738469,0.887855852153962,0.0665615493839113,0.940233924466396
0.82026573120825,0.0393294139861607,0.0405469256748733,0.0615084117531129,0.0265895680800856,0.267523439182264,0.712383347407722,0.0288980128607552,0.0137301143254866,0.926952170578462,0.0176536214319305,0.081168285580831,0.0492968017466165,0.0929166985063111,0.0416665986561844,0.0300811991753047,0.0163152209414026,0.0319584953565665,0.756810724786276,0.299450643691613,0.0244012610685731,0.051551160545169,0.0259505662705388,0.0530502118738893,0.150885947613863,0.0582957660138443,0.0525371797761644,0.062275150839876,0.0692556873719845,0.148857857200873,0.0129436326940424,0.0614143575185103,0.671800687888522,0.0218191365515991,0.0553936769764196,0.915231942465326,0.0373810915543348,0.0463946231369407,0.0404206394239898,0.0364480428484918,0.0617748814221704,0.0389796820718553,0.107209810407057,0.0966167030833564,0.0325980458472259,0.965944081183269,0.948360223515912,0.0217190895920816,0.832439759399108,0.0390638991008341,0.140496158021228,0.0495345711427504,0.0547199288142888,0.720889379174784,0.809259928721553,0.785779858669625,0.818757261424041,0.0360002364982859,0.0358371970650842,0.0530839390741235,0.264301448128577,0.941853133123476,0.0602123593559337,0.916159176199688
0.570509467880777,0.0263337728898023,0.0318434408461939,0.0692094091333893,0.0205758995696032,0.272284344739833,0.771060570729179,0.0207671305305096,0.0122359544327639,0.930692591555472,0.0147158723621218,0.0479853208165113,0.0457819651836176,0.0685406814906647,0.0410658456466784,0.025278460366101,0.0217535154291327,0.0432370178928558,0.624781384240373,0.218896621778501,0.0234944496212798,0.0301653174136155,0.0308085124835938,0.0562116873339138,0.300113381441404,0.0361769650289634,0.0550687469812002,0.0572956832206453,0.0605990185308095,0.0882636068145933,0.016206800484569,0.0572406931243925,0.631229191497666,0.0288692110476537,0.0435564967557575,0.923607396500508,0.0451745557615943,0.0541912585419471,0.0374876798221659,0.0386540160729227,0.0442378881036007,0.0291517603195855,0.072080804971486,0.0722294922509163,0.0232083293146835,0.947631085394163,0.947772472586301,0.0201143522938742,0.424192409794681,0.0328804786818905,0.075925772067181,0.0518114144827416,0.0460897803016469,0.0484332647634588,0.711002943251923,0.817047392330063,0.893474608877562,0.0349803500140053,0.0185124368865002,0.0284096547498467,0.16156533737228,0.936269391613615,0.0510641107845492,0.942350668362168
0.83708893879336,0.045940045912499,0.210518629966348,0.0967627085115172,0.025758962822643,0.2013157559349,0.266542263931261,0.0319432691765852,0.0125954508844712,0.898868979229447,0.0175907825791977,0.141791811562326,0.298519785656423,0.0954714529643718,0.0251011034065417,0.0192098790924651,0.016497449874103,0.0352977104849591,0.65388864298555,0.153995213801053,0.0503978919025871,0.773931772576816,0.0328852558603387,0.0244676311591838,0.10533688822585,0.0345531407408464,0.0656969852829685,0.0945188784123006,0.0252827795319603,0.0620113750431697,0.0097883026974248,0.052740618175439,0.477157198306934,0.0492158816179135,0.0462086558770377,0.917778017848897,0.0300675900595865,0.0253540358153494,0.0478426753260243,0.0665191170466573,0.0100839038891379,0.081269978673208,0.0342507380629832,0.0890883952167,0.0324647468340133,0.938322497800451,0.884404877405117,0.0147442453840163,0.184531859440139,0.0445258414780796,0.259094236449129,0.0584571758610677,0.0691498867140083,0.446350630123722,0.594569025479233,0.472143056330594,0.882047555435446,0.101058752397318,0.0237317075093975,0.117503284967909,0.0685341534103229,0.895974585580744,0.0567533170615384,0.926690184762917
0.761990312285617,0.0400000126790982,0.06898209189014,0.0742322916489424,0.0218187211619947,0.522515371823707,0.281508677602661,0.0378321182094575,0.0121737087036175,0.913236709364884,0.0179171561639351,0.0434971843304284,0.0320191726940121,0.0949237393557049,0.037850244138005,0.0353181879434022,0.0176710880153234,0.0326728525507423,0.171605203749364,0.124548197820085,0.0360538353456407,0.0238826070983202,0.0275913656354312,0.0434670627504647,0.0820763467174793,0.0348044960461376,0.0518904369135706,0.0655645820323906,0.0455140535761026,0.0474420878564409,0.0119374840421721,0.0717858099983721,0.544136822436864,0.0231127085401544,0.0381081626101614,0.924774315454874,0.0436806626813572,0.0331661333760238,0.0368267032524505,0.0336818270601464,0.0810430153724858,0.11582951981738,0.0546222486468814,0.101110271027781,0.0293640550092582,0.903559164654536,0.907120053451082,0.0230029733277742,0.0684911766845132,0.0652308953577636,0.0667399164562271,0.0470855346616344,0.062777287388836,0.0872486397094094,0.489708100282037,0.534621783776259,0.496988001956307,0.0584501765500594,0.0358985417387427,0.0384324378572405,0.248144579995974,0.84428699372409,0.0721577015604,0.911754327472683
0.892925457802771,0.187281496289333,0.0455823662357109,0.147050393414244,0.0173547058414291,0.0979708454922991,0.300948603126341,0.0203931177549889,0.0162361856999388,0.9271358003488,0.0156892418696245,0.0259502212776531,0.038598877931858,0.0656882130416773,0.0393176131543462,0.0213696349571587,0.020234655826353,0.0184039826429023,0.153882221083799,0.142173546303533,0.0258299747815466,0.039997188326061,0.0274310983871859,0.0249254946712444,0.125200404382807,0.0292243212443973,0.0431084262398766,0.05000127100261,0.0314790967206022,0.157497237333919,0.026603433670085,0.0562618283145102,0.145196854420376,0.0212273373335339,0.0758553347334058,0.848157255087276,0.0250602775055412,0.0712358954121647,0.0412545853185171,0.031483655159428,0.0531842857120273,0.037787501767211,0.0536339239986844,0.0461290396363205,0.0356574844973091,0.952007170160618,0.937649065976505,0.0177279577478218,0.103998361470244,0.0710815407373014,0.0650756091146273,0.0406178406299645,0.0483933160266505,0.0456960151727681,0.892814093211377,0.725923588686246,0.168155614809394,0.0512682485809845,0.0178214256304051,0.0492395263009256,0.0637463260874406,0.927356123847976,0.0583792650546706,0.878012518721812
0.731694793228842,0.0336054598864397,0.0761390683061264,0.0911937364647828,0.0265000191494,0.366015891886551,0.561437556304211,0.0292980833889136,0.0141253848920377,0.905865536068991,0.0219947140901061,0.0624599036643958,0.0412758001103572,0.0814109567484014,0.0304368513708622,0.0419658428320082,0.0249603733831946,0.041507980887544,0.577693014151336,0.314699221970327,0.0390660041807276,0.232512910187069,0.0295060141732238,0.0489218680120708,0.516691169591663,0.191471639269359,0.0479019729230508,0.075169181276727,0.0643134008937935,0.066264753846406,0.0158749488203047,0.0601487252933162,0.585487286963428,0.0246242749206828,0.0438699338083758,0.910409383343807,0.050494126190196,0.0524365091951489,0.0468057245878258,0.049955236385648,0.0546172877427826,0.0348428863513127,0.0889449410401917,0.0997054080384643,0.0294753395528099,0.949392655089994,0.92635923372028,0.0216488827418,0.761249716783863,0.167390411238089,0.124460383971943,0.0488534257662363,0.0439278296034196,0.523630232556694,0.776297470081226,0.72555881888118,0.762238802310254,0.0390994554675731,0.0285545734519149,0.0472928392078955,0.497355668901345,0.859824316323296,0.117075320013796,0.94060659569973
0.862341617744161,0.0410268133992698,0.0347495272612548,0.101702151856067,0.0312063375312006,0.472243292408282,0.680735074116132,0.022575401322522,0.0113000729134428,0.917523758207936,0.0171231086677719,0.0376133919672,0.0404067242500594,0.101403530274183,0.0334466218442513,0.035744194071247,0.0154657158599093,0.0900739457830401,0.894765592060667,0.145875559732544,0.064963694611734,0.0374934778478559,0.0219744650357803,0.0294366012610616,0.250055201129652,0.0380020927076709,0.0367136660819714,0.0588994796250547,0.0411856474512352,0.11043571925505,0.0144141441591028,0.0567886150114784,0.492431135071435,0.0272309440555604,0.0573093941457136,0.902365482994429,0.140894045660629,0.0487237350785243,0.0450165173455581,0.0281412613378795,0.0497956509218191,0.0366926353021063,0.0616160640076471,0.0800017054307754,0.0250211270470482,0.952019362570278,0.960629959409774,0.0287509573712504,0.120081471616878,0.066162999498162,0.15697558876704,0.0576059594073886,0.0474673039570824,0.309804819393844,0.919433720617778,0.362914178142458,0.163376498403379,0.0502353389214629,0.0295880790089377,0.0502985504249149,0.194276155582486,0.899059606887887,0.0476861734434724,0.936538703482385
0.547148785629251,0.0678440237524797,0.169568263404191,0.102902003595909,0.0390547488289363,0.355349878702848,0.399891377269699,0.0322098474191169,0.0129381500920547,0.890137959090332,0.0205959798671691,0.0990920133929193,0.162994998942086,0.119168643896936,0.0438795489860024,0.014238022896538,0.0195087393154678,0.0513012012661765,0.124296743378663,0.172754819668685,0.0502571553523119,0.0238682969845392,0.039949277538988,0.0583777818654877,0.138441081304357,0.0582411613520867,0.0824669800946436,0.0819225420235741,0.0414882866066425,0.082687560639004,0.0190490769739534,0.0849803826930379,0.427010866338777,0.0224171497714816,0.0327868424946563,0.889133719349899,0.06763656139451,0.0234600122078559,0.036505894473117,0.149783556197791,0.008937990327332,0.0568942699539998,0.0534716393581315,0.179126859401385,0.0405292217457301,0.958715185047996,0.893472395870124,0.0286517941000517,0.0746265589355166,0.109002635714647,0.290523051114797,0.0617379782920291,0.082403079836826,0.127287026315639,0.75796593223592,0.437812712059634,0.574902771235496,0.0825464366444387,0.0537631276382713,0.119980200344863,0.700579075432811,0.832230381175014,0.173488929898278,0.90872850600983
0.676238007165566,0.0403576588938745,0.0536533197401178,0.180648665249926,0.0231599120359526,0.487123278311899,0.5920666309183,0.0273268832471482,0.0154410694455324,0.938552135317954,0.0140371487492881,0.0990617824895242,0.037638383423868,0.0694133133513747,0.0229266510982958,0.063597951148973,0.0162987748827812,0.0560775227217185,0.132064459371778,0.242938752106722,0.0382977939867567,0.0353183984254809,0.0181417383848005,0.0551565431350129,0.317045098719301,0.0385072496735083,0.0332252086621697,0.072049222388586,0.0629410867380594,0.111812789905245,0.0144461361115799,0.0570222534379479,0.373939111187484,0.0292320962913222,0.0567798479817307,0.8981885751378,0.0385695504648463,0.0362348280474555,0.0433341108467493,0.0493185630299404,0.0584995480687986,0.0454700267961714,0.0532703286778907,0.173463389442713,0.0335808647439921,0.952889614289181,0.818917748619908,0.0220995680915519,0.120764996632962,0.146647816490377,0.109944536697304,0.0546272696997063,0.0551167897175587,0.238725088471711,0.807054331935222,0.576988848789822,0.427441795891465,0.048839400283079,0.0241829205336221,0.0411128122048625,0.608131490274874,0.862480328907393,0.0626155358666329,0.940470792685388
0.692948480934213,0.0421611171786221,0.0421608906583688,0.0979955725089293,0.0228133447198401,0.521318270243661,0.524642963146967,0.0244967973440326,0.0130181622806145,0.905442198147591,0.0162310787240079,0.0969356651045694,0.0275269425903235,0.0816665435194215,0.0299542753480971,0.104854123753283,0.016419608652877,0.0924306571221278,0.52924228272577,0.189809952926841,0.0506811647939835,0.0242739811257176,0.0214711665340472,0.0654453294499314,0.278507628716971,0.0501003474449454,0.0505689587478616,0.0691199117749507,0.071847734841854,0.0637066918678745,0.0155749829420838,0.0543572714950042,0.384417591878471,0.0241425816713916,0.0717208518315121,0.925005196875048,0.0501363068604422,0.0302543586065362,0.034142352072361,0.035010919550957,0.0992537449082254,0.0312965076680512,0.0517988008828737,0.196818458348883,0.027286145876222,0.952788910398684,0.594822721415154,0.0253849325977163,0.690182757464746,0.160793049036467,0.0797852531168122,0.0561193288207698,0.0467278359008432,0.21480724845819,0.789183715960679,0.563610154601336,0.587590778655364,0.0444874039180056,0.0252545203999971,0.0443470621454126,0.678963390476586,0.826597595806144,0.125052307916685,0.939273952252213
0.678422686387255,0.0381268134142052,0.0760829034987426,0.0767303753403865,0.0187675463076612,0.567607337512863,0.446248220077673,0.0236455012614867,0.0119236153393673,0.875780311642986,0.0178676922703029,0.113862229717468,0.0528285163846481,0.0686576407292582,0.0315593315065386,0.1056835921627,0.0199434961146384,0.11326166108621,0.223700489530435,0.185116875460376,0.0526154721540626,0.0233583431598408,0.0153071072298353,0.0572146595345792,0.175522648809085,0.0407954403152067,0.0407705367482153,0.0574623065680279,0.0638049172081054,0.0760084791757442,0.0141027089419883,0.0557986585442705,0.48506974844098,0.0197593332781494,0.0415345549259831,0.922014465438021,0.0758694357417437,0.0475413788403932,0.035529362224259,0.0345252426529041,0.0801205926861099,0.119009792708195,0.0404680654341749,0.212279074956955,0.022925352596047,0.954579297337434,0.867069215143979,0.0231332941015426,0.0925876279995589,0.121545564208395,0.130469480956828,0.0453575150533742,0.0439703751177025,0.269176872736335,0.729283244117912,0.585158728647533,0.650996789484428,0.0503132666304422,0.0253542117928611,0.0366445813406018,0.687774088492071,0.84282077893525,0.115631673545663,0.931695673611993
0.562852814325811,0.0384734967328241,0.0330115734414785,0.062765171274077,0.021844176285094,0.344030560994933,0.232206951635183,0.0214594576808585,0.0134597324079224,0.958027532898855,0.0171702931963164,0.0299763483086476,0.033591603708983,0.0598462507778098,0.0342404577209038,0.0258521280125813,0.0180766590512562,0.0507055839028599,0.140085107659396,0.0887215961098959,0.0218422668258404,0.0218284886696734,0.0340541197089985,0.0242480845601008,0.191233367334803,0.0338954103217465,0.0599618050994465,0.0751079591898872,0.0437652851916309,0.0877182113060743,0.0198132384787937,0.0529406225335374,0.302325138648264,0.0354275022014941,0.0403673278481294,0.897827281602689,0.0315625108679516,0.0545728550709493,0.0487494467269646,0.0327339025697895,0.0419312314622171,0.0425220618974799,0.0488423720498039,0.0714352296370414,0.020768495952447,0.953530836575848,0.917081478788974,0.0234482987919301,0.0685115713354599,0.0767324365023861,0.104587839741455,0.0560842850238655,0.0382110487397921,0.058879869129319,0.796742120888895,0.377266767321528,0.318727891064471,0.0579418246602649,0.0196332036925513,0.0782910930411899,0.17466588320093,0.891074199885736,0.057409946812387,0.94370984262488
0.371811435892994,0.0393854496315461,0.0578931281340069,0.0927551132596668,0.0251610376748546,0.571690484966173,0.69079561397493,0.0328548417418445,0.0129302722524569,0.910535407340891,0.0201585277328429,0.0517938192278616,0.0452589635675914,0.0901292818510957,0.0315487059930303,0.0293345478866886,0.0182173702453197,0.0366255570514579,0.763865902168963,0.146117961234939,0.0397744197750903,0.036918042845942,0.051078035079738,0.0481932486221698,0.657635289371797,0.0404326208058155,0.059486058558301,0.094506604476783,0.0742303183068518,0.0614092421292915,0.0132095507347316,0.0591399257939874,0.648734620533533,0.0323881459340434,0.0482686751922361,0.95119317997811,0.0473696082949434,0.0381312638493133,0.0444178362539838,0.0433790443783539,0.0707642730538427,0.0689284899277587,0.0568429569037255,0.0975655133479443,0.026025807831421,0.953921716245255,0.924556912218116,0.0258023341030515,0.898314781743848,0.135146069592815,0.340077429172829,0.1943522819361,0.068112458233575,0.405255496819148,0.849033118731251,0.604910239083584,0.871153166496676,0.0781426232489905,0.047334189570569,0.0760841417619148,0.215245594059565,0.913791597162885,0.0593345444214772,0.950809244124556
0.608357537102753,0.0706451940247688,0.118691914963261,0.100974417590649,0.0334102885541855,0.506522596562344,0.433573896431819,0.0303234221605734,0.0140471635222147,0.837475528224275,0.0190286703738254,0.157568567187331,0.0541121263206335,0.103284572364673,0.0462035930333698,0.113381349280439,0.0130642484944407,0.124229858464141,0.236998918223388,0.141029517051373,0.0504709491657647,0.0252035897265141,0.0352399014088456,0.0668535263266544,0.266119005786479,0.0599075292979091,0.0608936886462748,0.0836632707870198,0.0633917142603438,0.0693091718852467,0.0144979435974445,0.108980738184517,0.448735109043455,0.0349335812679894,0.0454412018024102,0.942428776321512,0.0929187183700721,0.0422274205557739,0.0485656035409206,0.0831454941186442,0.132022478981926,0.0861095354926032,0.056496548793132,0.1873637226506,0.032846822837231,0.936984564473152,0.879833881254092,0.0311210284370642,0.28545186391512,0.197159326679132,0.181321182846817,0.0558802956871186,0.0767705091070633,0.239323460909407,0.681565619494393,0.518880135062175,0.513445948839154,0.0556226207710794,0.0629284539802949,0.0622276541783956,0.649976943618472,0.857086052548195,0.165234526741734,0.927817292550599
0.617424881394885,0.0811480178651833,0.161309362707488,0.0937483573027965,0.02356481097213,0.420754544865901,0.445902040047512,0.039957867280229,0.0124019685382507,0.915071945896368,0.0195455348513222,0.155556222894407,0.0763314077732321,0.111178282063488,0.037370128483299,0.126492462564683,0.0176452248877601,0.148750943847735,0.426609277841824,0.140088865043424,0.0682811720546884,0.115422925798339,0.0281369012938395,0.0567910181893336,0.208780638824789,0.0576464951745346,0.0670814415707469,0.0947470890726689,0.0749063910005206,0.0926480712558246,0.0133097997116172,0.0833345178301816,0.518840069425202,0.0278689229524438,0.0538028833670666,0.920074325037277,0.0941566518227896,0.0363266287091858,0.0490870761895457,0.0399645485996626,0.098884552131977,0.0556573392976575,0.0571173612211738,0.240833825956508,0.0277345318688699,0.901740531774362,0.848367916303544,0.0367332474630081,0.367341415992982,0.246337792498633,0.219893875366534,0.0821064006045504,0.0779141176019308,0.38408649241756,0.714378429536261,0.556440537158696,0.554079419609749,0.0721854177568514,0.033504659141283,0.0477325215379418,0.669400040529395,0.80644822634242,0.147281388232539,0.937800678069516
0.738670454988979,0.0536723482047295,0.0794058614471922,0.120119321729017,0.0323938901297098,0.46996341177703,0.351352865884679,0.02289518958089,0.0151439864661702,0.876740070806122,0.0184031357198182,0.0929199154742998,0.0714475739899452,0.104951104071695,0.0514425075639765,0.0810756159757873,0.013545193214107,0.0914509149903492,0.303138009833067,0.127507487037799,0.063241818833006,0.0359778814018097,0.0363649658566619,0.0773293042456133,0.244417186067093,0.0681802386329817,0.0653302497927629,0.094016939950798,0.0656429375270575,0.0764280764235081,0.0136779303010049,0.0804420443225294,0.415984547606682,0.0313433790686783,0.0620752270651451,0.936213526872034,0.0525719968456732,0.0402787168282074,0.056772086601884,0.0439482375035438,0.0822406585317369,0.0657290057508713,0.0644326388718628,0.120954909710911,0.0347559312810158,0.869265166876325,0.864643797959372,0.02853356034468,0.283370370984259,0.186420647805633,0.153500799767383,0.0506905332023312,0.0732601949465006,0.192788252737198,0.469074738442907,0.491095410820616,0.676189195245705,0.0741281901959668,0.059150658172934,0.0750563815717152,0.283911950639293,0.849119164559738,0.078655900718396,0.941143722277386
0.395069037408355,0.0398433845760505,0.134253436596428,0.0565273233453481,0.0250067757371368,0.354734408130167,0.379808902958371,0.02342417610441,0.015966354269748,0.954871188739033,0.0186575224807827,0.0943134633055831,0.0566462403293691,0.091713905815432,0.0464607362119706,0.0444932392862689,0.0194587287104561,0.182863583965758,0.844529349224231,0.161792529356865,0.039137246416718,0.016880801669776,0.0346837393973173,0.055419100021415,0.12075552923989,0.0321117966750851,0.0655043314452542,0.0891395515586845,0.315911488754458,0.0536463245589456,0.0116386669471639,0.0727496796321327,0.467070699167766,0.0288162470002222,0.0286408623063764,0.925755460172528,0.0850390646373294,0.0215870827915913,0.0495200460985249,0.048130064037152,0.0188529706498593,0.0497632158918833,0.0485304269165319,0.257737243471886,0.0309799682816539,0.924894780187523,0.777441650547189,0.0257286519778547,0.0624670953568402,0.0739332367458581,0.0464850061024404,0.0531661914982441,0.0645929492559973,0.179794810805148,0.811885410430579,0.438597963052293,0.414163347310583,0.0829544489507094,0.0275242052186604,0.0469058375534847,0.566705904684305,0.790947644668409,0.124502682661975,0.919684825492623
0.873124760187372,0.0480940499331102,0.0862938046264453,0.0474922598409636,0.0213559862602827,0.29391198016167,0.401520132732153,0.0296316509163965,0.0155248018244868,0.870955894816131,0.0205025624641988,0.0356207340649642,0.0453742680580082,0.101243467444049,0.0372571764334317,0.0263661181910503,0.0173204000886031,0.14396576747827,0.131401342566837,0.167018954322466,0.0458873688236601,0.021990167243185,0.0396615737023769,0.049208815357743,0.728830128065306,0.041604276180648,0.0689177001159768,0.078247303113946,0.0340175400265919,0.0581971484142557,0.0087541113220576,0.0775424052132118,0.625586509558833,0.0376941552872722,0.0336223753505724,0.957604928545696,0.0463035043230794,0.0261964860984681,0.0486806348550959,0.0490673404354665,0.0163867343216801,0.0462207157521902,0.0829114330217312,0.0953126826656632,0.0343444452144162,0.937344010241767,0.941300701031583,0.025141002128936,0.569937335128691,0.0377583159354114,0.0428036334538587,0.0555449534473037,0.0714679316872193,0.621192944860081,0.772057106125413,0.655480742403729,0.665618525006462,0.0473076667924299,0.0246978018915791,0.0488837287007767,0.216502418777968,0.82524024319393,0.0577917980391377,0.883830255068198
0.790294916919997,0.0356685086438446,0.0404595044890175,0.0686228876621033,0.021111027212731,0.509087232991256,0.581713138462095,0.0205320458487965,0.0119560430117448,0.898066677513164,0.0137516141869075,0.0727238374248686,0.0413894756393231,0.0718289979065214,0.0485435274583133,0.0414227841767904,0.021330795251791,0.0343350266190685,0.688301753408981,0.296194938466934,0.319528977742425,0.0211674684349451,0.0316301156540559,0.0442902325558005,0.340530407745413,0.040640073307811,0.0353123704374813,0.0427161203562796,0.0539452018318333,0.206331838130207,0.011294550366376,0.0457614523403503,0.54486853890179,0.0174786721935396,0.049690554918367,0.900802551076973,0.0269550474344726,0.057141867097843,0.0347430540069159,0.0307175166565034,0.0666450353722211,0.0505517533543232,0.0794216447938487,0.112569454519042,0.0229658780312842,0.959663077297666,0.940587581625988,0.0195401673557882,0.697575436288786,0.195188051606924,0.0568231627358497,0.0642912204456337,0.0284972899637989,0.598308266541336,0.742583721343981,0.39771139165628,0.536165263884182,0.0339588664278655,0.0265790960974907,0.0622862254727523,0.433351436087846,0.796977466183337,0.0619129402832625,0.918542884329945
0.434486399236021,0.0476505448615808,0.116365460603422,0.0774546634230493,0.0196201523452749,0.29088099152866,0.307135689091993,0.0294769304956347,0.0156033496008399,0.92978047702835,0.0197444706709999,0.0782060922165949,0.0521540302542196,0.0865991174889025,0.0466049511051249,0.0668998775904644,0.0170346317269191,0.185769017499229,0.532661394168582,0.108641679787166,0.0501379657363863,0.0190637030366445,0.0358237285703755,0.0668366869671353,0.426227559769309,0.0391615387152185,0.100034615973634,0.0858316088159795,0.041975039050128,0.0666004863559274,0.0129670557987408,0.0639579072571895,0.548916017906347,0.0419492366668494,0.0309564266158087,0.933658542005544,0.0654986227830165,0.0227321224620716,0.0576937172577662,0.0278440980287375,0.0404465902927359,0.0481219517087756,0.0762255070758247,0.196463287652362,0.0341236400495643,0.948429324802767,0.499736387539568,0.0256989064841529,0.0641442465476427,0.0963802990932806,0.0459524579061785,0.0601821718167539,0.0693124696924697,0.108929951526002,0.556182932491632,0.558143173222102,0.267144281046418,0.0580830146749527,0.0280352220712763,0.0426109782407146,0.414051744043173,0.78297099636143,0.0879790121532461,0.918752230286963
0.629158981659859,0.118366227154209,0.112206857361043,0.0750256426361074,0.0230294227580968,0.927848628210464,0.0346248738223789,0.0339087620823179,0.0111396370880213,0.911212804479958,0.0173285845784033,0.0236467892102554,0.088627809861057,0.0676150884223647,0.0506609279034691,0.0205816852909859,0.0245597632078375,0.0689987692776101,0.188360629711307,0.192783285156013,0.064993508269574,0.0303890505147189,0.0404847708272338,0.0350788565879653,0.100706984009718,0.0615900497196357,0.0639337684593102,0.0302605053559837,0.037371617564646,0.108142374976406,0.0071683187068661,0.0466691496118223,0.64820487739894,0.0380217090226685,0.112033407637097,0.84086931637601,0.0491701929769505,0.0610303913693206,0.0415506409012403,0.0825603249368098,0.0371451485792838,0.0805367797299206,0.062974975022037,0.0516060051780382,0.0312164866005126,0.966940713039243,0.956187019889461,0.0134675458077883,0.544695591611355,0.0932284452448696,0.128466434189009,0.0671329427359996,0.0498184771459076,0.0344017751970557,0.51798825897967,0.479934276417579,0.111942141711886,0.1157555790423,0.0156841090093662,0.0820731926594233,0.1344470946581,0.887848110274929,0.0705443278152352,0.917997455004572
0.837977490422439,0.0585608250914661,0.0562941297487573,0.0949586911847703,0.0256590293579047,0.234231869752818,0.713761466668239,0.0193490876273001,0.0161573273072691,0.919069062394335,0.0187294822102114,0.0286705291714026,0.0522263142284103,0.0767681946828159,0.0393343391958298,0.0332259336788104,0.0215527297245241,0.0540279658078552,0.212378998800157,0.255805326936862,0.0543941758406638,0.0419729374935228,0.026006893438059,0.0286914750889448,0.410552087798562,0.0372210043516254,0.0577549248884418,0.0514791124532059,0.0424995992184823,0.0723342590618172,0.0137017289245324,0.0461677094686309,0.573243756237664,0.020739585270171,0.0522999443109848,0.907537949443252,0.0342060202097036,0.0493219479354055,0.0380533839919115,0.0326525268775705,0.0407744984494482,0.0339124817559961,0.0704540934650808,0.061669035638664,0.0396229688188891,0.954581048336939,0.962046538303414,0.0332650443256301,0.90431359080015,0.0643519794457737,0.156748916965614,0.044129333652853,0.0431194023479972,0.596289440394605,0.846575733790858,0.704027091115958,0.640703571446114,0.0494769417285417,0.0288208477648715,0.0266614275556335,0.186523671245839,0.896991672738645,0.0412472550139146,0.937354314389006
0.79375175499228,0.0435855984910272,0.0430528109788501,0.102637270067959,0.0272885899691618,0.373547045089942,0.674321558595695,0.0270080776115485,0.0139764253101208,0.761486209107746,0.0188064155044694,0.078682970961282,0.0520402235349023,0.124515513323118,0.0414668878816972,0.0410680431268787,0.022506050564556,0.0683401967677614,0.812715449635806,0.24747804395429,0.0570533839173831,0.0342209220635682,0.0361449775680899,0.0349019136447782,0.450915420161832,0.0444704432222647,0.0461804831738071,0.079098776092853,0.056511127940665,0.171280276103731,0.0227779866081028,0.0567656014366816,0.450721465407622,0.0280536003916828,0.0613929550692041,0.928555362875628,0.056530866507496,0.0570640894953997,0.0491201034275803,0.0490888586939491,0.054360407872936,0.0517877590585014,0.0735469569450332,0.117130101792967,0.0347777362423738,0.944841724546432,0.88225250821299,0.0215654002533817,0.79918907523506,0.124202106724346,0.156069806725572,0.0621321498446334,0.0469978782899141,0.110843155116937,0.84168967566449,0.543112744047424,0.391527629728647,0.0624896018582613,0.0278303471451231,0.0870514557299638,0.36217861857533,0.900268448851985,0.0709133872155363,0.94619058351311
0.791094593471684,0.0466967260318677,0.112277892362087,0.0705746140167392,0.0253366747017333,0.285003494147197,0.592979650157058,0.0344804918895305,0.0124060012903523,0.889096534317773,0.0191875769088456,0.067291008480128,0.0643459935811953,0.101487961810349,0.0378083774216477,0.0366962560827424,0.0180229954700652,0.0700697293124571,0.237056645549096,0.10031930274834,0.0606516901073277,0.389931770477421,0.0425634123175327,0.0432187807565304,0.412584879114702,0.0338756859238122,0.0662574286779137,0.0857265321779311,0.0844955511115261,0.0583801849364874,0.0118895180564374,0.0737694408370795,0.468780117231105,0.0306282229670293,0.0542772175429853,0.947503189982986,0.0445689080160057,0.0388602802636076,0.0396005616453937,0.0662865680269792,0.0556110680450766,0.064470185382126,0.0548581122942556,0.100392516942422,0.0256677177223474,0.924332881125043,0.923705044077093,0.0236348049975006,0.789962171336794,0.141302741692677,0.30517696649142,0.143670289532133,0.08542266614764,0.447504991415458,0.827651607432609,0.57728509833248,0.937717350186701,0.0801488564507418,0.0493783362578056,0.063795156529531,0.211987718075306,0.902379158451869,0.0677705315511068,0.941491101165665
0.752042295284962,0.0492630872457738,0.14126160666976,0.0952576119877354,0.0259154818592369,0.345321480654507,0.594292623594216,0.0295432857248302,0.0152359567471229,0.7922443562902,0.0225760621617642,0.0553995075370339,0.0847751831430565,0.0932429567095743,0.0535291264939742,0.0304364726149325,0.0226465271113028,0.0709009851342002,0.438934076718736,0.145491012503021,0.0490868299228369,0.0217448361991279,0.037360392825988,0.0620361957118655,0.218955571042236,0.0410512395009909,0.0641603029522438,0.068999465245929,0.032749265857585,0.0771153821398832,0.0125274778673477,0.052794483870842,0.517504133022725,0.042484811858019,0.0398232276813119,0.906516214037722,0.0701219241168023,0.031764251312803,0.0497847927906452,0.0395030673768318,0.0103427219683433,0.0501543411904934,0.0755223761639062,0.179023311481199,0.0326108850483895,0.908679519652556,0.86065635262743,0.0291538433524607,0.493485153920426,0.0465541890081196,0.0555086302676476,0.0492529675853164,0.0655193063861785,0.484558575005401,0.690911209829716,0.617591767915512,0.331569448052433,0.0747070256557016,0.0315726168483771,0.0417983092968264,0.353425938826282,0.842353791971504,0.0666531426679895,0.906770101826831
0.772570333093805,0.0395418699004918,0.0962833545793335,0.169993865670464,0.0202654798894953,0.468236248837985,0.450407731504778,0.0238860075565876,0.0128880461188902,0.906511782270541,0.0187461404154476,0.0831243606802909,0.0357445576108001,0.0734077607099556,0.0403602273933086,0.0719673772941293,0.0221961324457786,0.0949889688635965,0.296146270486915,0.224756249489979,0.0459300602936738,0.0215152326034607,0.027447926290536,0.0655186867731803,0.304633936263654,0.054714922665047,0.0493604914801544,0.0643756191572014,0.078260613090825,0.108007828854511,0.0139360912349674,0.0567438553137271,0.463462361491004,0.0297224411750361,0.0716432374673009,0.906803241612962,0.0498307827222134,0.0585670097065936,0.0343259855259126,0.0266731214535106,0.0769184236385325,0.0368086717715926,0.0648116995854261,0.186522829534347,0.0297555202111956,0.965708979604016,0.884353620055996,0.0278736172237991,0.0792593397035445,0.107090407025328,0.139366468239686,0.0539273451652613,0.0312494669669114,0.175508014688286,0.770970119692808,0.509202959345274,0.542147390485668,0.0610344819714482,0.0255203884651803,0.0375225339716242,0.543072651200557,0.860009973984411,0.125029450198055,0.941666308944669
0.580213156001538,0.0511825524270856,0.15531476444244,0.119080150739014,0.0269350623398054,0.305651242926987,0.453226002837322,0.0245801193413988,0.0123448737218436,0.90152263435213,0.0151073378759547,0.0645529641341219,0.0940501612578689,0.0781257381329218,0.0258092994939427,0.0265936350583445,0.0136625508485542,0.0701522632196072,0.109051110588503,0.153437669852141,0.0440143854678343,0.0162113596237196,0.0353462126172185,0.0582527574713242,0.10703753415816,0.0383047653498189,0.0580417017434096,0.0910905908097912,0.0274056985778927,0.0578664999641242,0.0097079618604712,0.0756020948571796,0.465290336007985,0.0329353816854372,0.0404335459733643,0.917737761282828,0.0704893730743196,0.0135412988064165,0.0431670363300417,0.083443153231373,0.0995505192067894,0.0811081705341427,0.0391699850821327,0.173570684006012,0.0309897087533387,0.948933936390029,0.739289181706836,0.0175942682357028,0.0468516954636948,0.0786795182058233,0.219885687542833,0.0566160658999032,0.0690155127602641,0.255803901161263,0.684357308647794,0.493544608012427,0.281836404202644,0.185000500960983,0.0231802561474262,0.105856351932857,0.665845774082867,0.751336642727051,0.159691101284988,0.938367970401068
0.751722011543811,0.0410785985053797,0.0544246047368562,0.0751314821189663,0.0216596125266678,0.506270940942714,0.610711811059027,0.0278717639918151,0.0121104471759441,0.898833974594563,0.0233923195251029,0.0727785150193706,0.047447945647822,0.0890369136307807,0.0346397444784384,0.0349473588465737,0.0207748886374358,0.0612897811471796,0.333909631147435,0.300692464182423,0.304784167153712,0.0272532629848227,0.0296450466200614,0.060495424948275,0.358959825699749,0.0376782196515249,0.050200873758388,0.0589661077699273,0.0555928982333658,0.0692202879150822,0.0200995367157864,0.051860426270732,0.502037225776412,0.0251743424299634,0.067082364431818,0.907144686338171,0.0690633975707397,0.0515350036057033,0.0461132634370295,0.0313999400735006,0.0402063344300331,0.0374697369197229,0.0843262564819447,0.146700540482365,0.0210476836382285,0.950623917853322,0.923152128578444,0.0231533197023336,0.132768997181764,0.0683928939139289,0.129209577148629,0.0959972336274304,0.0393089871040815,0.474829901966224,0.754305976392871,0.533959186072836,0.748273939647924,0.0503501942673386,0.0273326832176512,0.0508669034353103,0.417657023461741,0.893788704658492,0.0907658719276021,0.941403618233443
0.770824333496099,0.0538241688324534,0.174884713156512,0.0471582119210412,0.0285494174304958,0.248906172097978,0.734986288475445,0.0311202396153802,0.0217348408039975,0.946820019192368,0.0233304736495351,0.0683639279154996,0.0788648846373172,0.0972125770206915,0.0346398768850631,0.0240171474514333,0.0197095371705731,0.105530797163416,0.909403045006923,0.171923010458788,0.0560048217435009,0.0764646957915058,0.0378616632610612,0.0385315172734072,0.673034690491818,0.0425147969472739,0.0679600743969793,0.0905425689562793,0.0440568598158246,0.0863753189130668,0.0099822370259691,0.0731633095781243,0.339081558191226,0.0277120991684623,0.0286648820957732,0.920716950327728,0.0546013399181777,0.0262931122397848,0.039821835082836,0.058934839782685,0.0144250047005119,0.0504310065637853,0.0793641372673168,0.21648095375058,0.0381246471313114,0.94276996076474,0.844179750758921,0.0269475566262807,0.278411350252969,0.0575596592781112,0.0500048978020691,0.0628022908817764,0.0671217527767378,0.411975360100848,0.570570214492619,0.267170977679852,0.461347307107268,0.0683112858463095,0.0304530946739604,0.0408869924068981,0.232305894870996,0.852060163260332,0.0789502253303703,0.927152809579352
0.746041189026685,0.0338153494969013,0.095477696786357,0.0718881976050744,0.0224515514095396,0.639753773669765,0.484178767443279,0.0265418252070648,0.0081301673753035,0.872356088263698,0.0169856942853932,0.22541012155893,0.0388061155332948,0.0679337442259336,0.0315453395494829,0.0294526631986183,0.0180227859398002,0.0389098265637707,0.279062626010775,0.210168117771194,0.0233439075315711,0.0280326150638028,0.0277160642314977,0.0410757993940275,0.120462100003948,0.0325079934716911,0.0486985240780824,0.0766536376390385,0.0403417244828522,0.0808512333669702,0.013304012909156,0.0556873297379129,0.509064333759655,0.0223919418387311,0.0488933238921465,0.929439446152777,0.0820236948613692,0.0482437551551276,0.0370966245973841,0.0372923616720652,0.0465226954775701,0.0449290183521561,0.0507911358882312,0.105948870907531,0.021150775237721,0.962058606281267,0.918239894357102,0.0281668006105621,0.112079806910351,0.106311631943982,0.227156598671597,0.0436928487219758,0.0350270436043505,0.231369667593066,0.674026975671334,0.47418437609695,0.525451181522468,0.039460040423947,0.0289795968996815,0.0335474642407769,0.371256649120652,0.852388471269931,0.0776111198697466,0.950781049634983
0.708489583843755,0.0491371270272186,0.0970528996040578,0.0835800087801017,0.0257369255413299,0.437366742272662,0.584163692998465,0.0285601950575636,0.0145823232551135,0.937045880357173,0.0291035998113796,0.060307768700776,0.112970224342499,0.0932162432064259,0.0232472259587151,0.020401038125127,0.0183384848512993,0.0636038190760155,0.272920137982211,0.14574517660829,0.0506137735945257,0.0210356537493284,0.0357963460627101,0.0468005556553452,0.149811455451431,0.0366795721665228,0.0605215682245286,0.0950972679957544,0.0224847253703422,0.0748632928686503,0.0099166101861284,0.0840181894335034,0.487814315499543,0.0900204001919198,0.0355446250656031,0.908700985893576,0.0409529419957162,0.0273944440553526,0.0462640184761129,0.0934594076212398,0.0112860754059481,0.0754522540943297,0.0432740601271493,0.140023745914893,0.0319357129534998,0.964436603184712,0.880658452233203,0.020264235917667,0.143760759717765,0.0681296582768268,0.226706878517635,0.0726877228976631,0.0671902168127205,0.0948471136864782,0.725219151145485,0.610044205447784,0.217039104666992,0.110210632517812,0.0209558854901912,0.109395735256283,0.322819160412012,0.816362311864858,0.0662292590127001,0.916265747991938
0.61692281109708,0.0249747755315167,0.0339269135829734,0.0962337884921713,0.0277598746594171,0.559472995142251,0.713792025061406,0.0217453745795657,0.0121343165396258,0.900354760072479,0.0164952120740673,0.152209675812455,0.03580407838843,0.0564176930874068,0.0319226210338367,0.0395012297034352,0.0174563068998177,0.0251619065600394,0.575528150451078,0.190442457698257,0.025354398766845,0.0508226271613259,0.0248760235450558,0.0527406520291552,0.473327634177457,0.0480889414008909,0.0549232571883388,0.064831332105597,0.0468054764729631,0.0714379417096105,0.0119876216187677,0.0556373367626327,0.610498297144828,0.0195553869948604,0.0618518272933858,0.913656535022958,0.0245957129978872,0.0454520554912389,0.0311810251021553,0.0314103411786097,0.0351284777246267,0.0411304453462629,0.0777030288653135,0.0398985452656172,0.0280182590654221,0.965621302133078,0.942395034249379,0.0220629625824387,0.114349227369996,0.0883788753783692,0.0935099416129765,0.0566659605685187,0.0331275206044967,0.0700642502691121,0.834394397847149,0.762460858666215,0.742049572366454,0.039889552148357,0.025463975389729,0.0292674431713343,0.186823061236461,0.92958066658362,0.0386941405742224,0.943692920393326
0.45886984155191,0.0417594736335438,0.0875188974430446,0.0812502238490226,0.0304442910131293,0.18505030813752,0.671715319472431,0.0287112331001645,0.0156681811795307,0.926509283657404,0.0185887224259447,0.0532217796975269,0.0628313082155865,0.0986727572330666,0.0467348455133018,0.0121143783310133,0.018389597833557,0.0833171696359567,0.118587660326425,0.140341148573984,0.0491128112909222,0.021102597183892,0.0350584816977876,0.0376545076972758,0.50561268016689,0.0362247611857093,0.0678843490765829,0.0808019222539098,0.0336534302495391,0.0599223423258607,0.0111779975960385,0.0704012800115186,0.552850933593524,0.028628538571994,0.0243584894791267,0.937483837145087,0.0450781848008754,0.0275385687088191,0.0500366947674687,0.0316775111466693,0.0135944646587808,0.0511960714764482,0.0845175833305918,0.0586911464620104,0.0317001871001196,0.938835023986784,0.923958325998454,0.0232322811079089,0.0679264512783984,0.0736732281417273,0.0458323360926011,0.0511619243016183,0.0652542729018503,0.58767085396484,0.800527659887434,0.641056255608517,0.639818506280641,0.0631199645329794,0.0446046292221489,0.0532736923527833,0.0974284868121649,0.893642645781248,0.0404575172463399,0.93842884414549
0.8137076744533,0.0523478958318011,0.207953629652158,0.0933273702276205,0.0233550508494165,0.491775803051059,0.505155163266687,0.0329240853299165,0.0163208101034742,0.932826223190324,0.0242268138490228,0.0548790091797604,0.165848001402953,0.107198040390808,0.0290291154746575,0.0224235627397059,0.0185021125644064,0.0347391109438011,0.340277065648168,0.19664985866015,0.0593432720037543,0.0264767716579823,0.0369477462314071,0.0479418015324445,0.361199038814654,0.0460387775977572,0.0645856488828253,0.117455067282232,0.0200288159581861,0.0797133340295347,0.0089904731536907,0.0874444520935468,0.498552524147474,0.0329841406002032,0.0404203323616941,0.920557176125903,0.0426912165272533,0.017689496918948,0.0467675962469914,0.0569247189513472,0.0171802594154974,0.135425906056582,0.0549664243033959,0.0789418165254668,0.0484773739127001,0.886768923297005,0.849875498972654,0.0280276799771099,0.182615680858099,0.0706497873428538,0.440013476299683,0.0665222295083766,0.0719967173727443,0.428827178206503,0.566528819627471,0.448917380616451,0.323962972607199,0.17848193937478,0.0228429538476803,0.136803286528267,0.436873835182182,0.832512803778158,0.0644627133898971,0.907106020201251
0.812238356072484,0.0508973066909271,0.102194010273792,0.0968773351817589,0.0233308802960553,0.2656878726887,0.561430892449106,0.0315786259702773,0.0125266907481821,0.947893848875553,0.0146358484014666,0.0399989747209976,0.112529292015966,0.0853186038571866,0.0243347392231771,0.0100152920473323,0.0155928454612664,0.0571917315898782,0.227634050487575,0.135888262817465,0.0400550559805846,0.0216613804700038,0.0359322558041405,0.0506566580758162,0.194972890937068,0.0366803439989359,0.0442648745664239,0.0990979455981131,0.0563694757876983,0.0604671700156573,0.0101139095483103,0.0540912409471105,0.238799238809291,0.0325936028417674,0.0327408807634264,0.914746799743416,0.0523933296505925,0.0169639031894607,0.0334142694720412,0.04446613161075,0.0150689663799647,0.164723431030562,0.0413728140718775,0.130356556594313,0.0292229490977259,0.942060086764872,0.86361169637986,0.0173000608974277,0.286587250635185,0.0720681117192756,0.24082923934421,0.0569934356499645,0.0685791021359657,0.0673526608005856,0.656168988101282,0.378065237193493,0.356460595945402,0.144563540079766,0.0307417098054535,0.132365477035907,0.176488242707649,0.84388307001952,0.0518421949293042,0.939837008751184
0.724298172426884,0.0521063992406955,0.106549584794021,0.0678655417222396,0.0240413289084157,0.434514046039769,0.686976896342524,0.0280597675920761,0.0149088536656543,0.86525564036563,0.019329038653868,0.0717069392053602,0.0531298028623677,0.106364448169026,0.0386049625390076,0.0713504947678496,0.0144022055060962,0.136856833659114,0.0770255539431062,0.139824477087135,0.0365754615947153,0.0175127891234288,0.0338017497369205,0.0559809604471863,0.138550530845673,0.0351305314240331,0.0594578462224225,0.0824072166588679,0.0331165339144775,0.0504482831845329,0.0122713297130733,0.067151646078975,0.493810403395199,0.0272419285890603,0.0163551916662284,0.909169668407407,0.0428720483747959,0.0246429993731203,0.0566292687653061,0.0545857205991103,0.0322175130626775,0.0486644800608423,0.0433588920095383,0.150421910750423,0.0354721491196687,0.935471906982044,0.796818354388354,0.023566467377024,0.129655180255632,0.0399829609359637,0.0425390219890767,0.0548894397220208,0.0659490619428579,0.103042324506888,0.836615862336845,0.441283618674706,0.290015127847109,0.0671684873674205,0.0269037094402117,0.0453169628486311,0.431236087758915,0.879108545842721,0.0900273280790657,0.921991356522342
0.551867118765119,0.052051438291042,0.173495258491888,0.110471074249948,0.0296254457411219,0.43731664205801,0.504187269828998,0.0310275343019227,0.0143554482320783,0.884878962919461,0.0303687071887372,0.1215983156579,0.23922831533235,0.110346784839757,0.0280751816753759,0.0268376408067251,0.0166408005708123,0.081297039973444,0.247817245773025,0.161366309497557,0.0593276837175831,0.0211040818130837,0.0438531197442781,0.0600987753190411,0.147283593238304,0.0600065191112549,0.0613199045530681,0.0977093930194994,0.0306937079029055,0.0909345961703438,0.0188046466172964,0.0565018267122808,0.514516375349535,0.0297215643728449,0.0362205558176902,0.906789641078686,0.0569146321320805,0.0214532952753683,0.0410180120012024,0.0588005322846225,0.0226632617846314,0.0793923121627202,0.0667752105789445,0.28407289825037,0.0336565485340962,0.893588396549485,0.788836162954866,0.0173829743884974,0.0961325498301329,0.078844240862107,0.347087751550756,0.0632413542880679,0.0776792461378627,0.261976054128499,0.695420548497973,0.484312337927761,0.381943818243171,0.116322130542194,0.040847842800729,0.16573419528736,0.808282471557982,0.749409621349683,0.171149144702703,0.914813961030002
0.854423253083216,0.0370714339053751,0.0560555507269126,0.0771010460213216,0.0237290788892465,0.244952762264718,0.739186923048688,0.0208568889074894,0.0118499592497962,0.834999073161066,0.0211743322689514,0.23658870472158,0.0753984592199614,0.0598350879403171,0.0351892046709072,0.0297558705192112,0.0271454083261279,0.0362182130536293,0.409886824634052,0.323590877427164,0.0594433179366091,0.0593461251389983,0.0270831380217492,0.0368762235300399,0.721083024792965,0.133566785010995,0.0556543909465887,0.0595116478860341,0.0316438316426779,0.0904906376771824,0.0177797567599887,0.0490122459609406,0.247384923937835,0.021267788551833,0.0770865384732899,0.926171501613798,0.316098088612936,0.0608382656917436,0.0317915617743067,0.0462394159197453,0.0439563311015737,0.0532933972951955,0.0644962052124977,0.0403533937672399,0.0186516992452967,0.96285748627663,0.948662767884094,0.031255345461615,0.876218784110306,0.158687609288999,0.445707963510376,0.129484635683488,0.0342050843374515,0.687890408760253,0.815008568377358,0.396923199699727,0.381820636339317,0.0465242065123755,0.0315920719975433,0.0450374286236527,0.110843185570438,0.898146343072566,0.05533273276325,0.904177060309725
0.837812918390193,0.0407505023310837,0.0967385315967365,0.0648482827861745,0.0260466817623871,0.257517154079923,0.556496187707605,0.028489808029932,0.0151076939532203,0.902174050382359,0.0191415014996001,0.0370942729806828,0.0572699939730937,0.0799050249885381,0.0415692556677423,0.0116573747323784,0.0235740527752788,0.138562829718908,0.170343630929078,0.168078407179325,0.0430369469120558,0.0208240969318795,0.0360266755501,0.0395387238950795,0.103512074338971,0.0301610576693596,0.0588493955528889,0.0667589743466804,0.0413006936720063,0.0643679045358837,0.0114690047381518,0.0797523363197964,0.34358555634378,0.0380459813011158,0.0371420165381725,0.947106814507641,0.0524880511576094,0.0260062357362889,0.0458573148082158,0.0340955469391377,0.0121839250759446,0.0513479956321161,0.0706244061286617,0.120256563305352,0.0333860204000913,0.963397069394034,0.930385633471606,0.0295042121737282,0.0823976517575828,0.0777244095784897,0.0456362922419012,0.0561062774629104,0.0574722556019879,0.335012663723558,0.829682395161139,0.448905481431191,0.165379980417651,0.0735046824093936,0.0220620847553331,0.0436856102601738,0.185264497285228,0.85917233335413,0.074372878015377,0.930691085371163
0.830149105727015,0.0228564723503378,0.038402109527391,0.07516841838533,0.0236726446532342,0.340464045514219,0.692646854809677,0.030461248340497,0.0096629194207487,0.854587718768457,0.0168548495539585,0.0555816825638493,0.034524066459754,0.0718628174299807,0.0417494935601716,0.0224049703192023,0.0240939646457714,0.0380688530707292,0.822333591317816,0.20360873514106,0.031071425822962,0.0947092286831316,0.0206224957435775,0.0459071663470594,0.362024428338513,0.03478758982065,0.0416588271887607,0.0574269049375496,0.067766640334176,0.0686793717951845,0.0144836573915861,0.0542566235533985,0.412681137587437,0.0174454499327447,0.0485629640761777,0.928256010298654,0.0308466762662314,0.068237899910683,0.0401870106720668,0.0502160377278718,0.0357750355350704,0.0392577609720778,0.0645184849273732,0.0892914600823249,0.0223432956081285,0.966612911131869,0.920373495374288,0.0229101120414469,0.774529849056853,0.0903794072907307,0.239136736530537,0.0557975679173551,0.0554561340870737,0.559380476295756,0.869327662345264,0.533420130116102,0.537490896966386,0.0503309374580838,0.0243371659645739,0.0460159113879208,0.288809911271907,0.890655005713048,0.0849795058281712,0.938693846012771
0.811365195376645,0.0426463049074289,0.0608369749382773,0.0869958058137727,0.0240282849734152,0.361292265702898,0.519389900604615,0.0252944397554094,0.0125093078544351,0.902441057779223,0.0151099706641703,0.0732848678334579,0.036225609785544,0.0669750154520896,0.0287415486355997,0.038757747337645,0.0179777805348357,0.0539027925072808,0.301862840286264,0.207853346535206,0.0285412532582244,0.0443839053311921,0.0242869117557611,0.0517332417971796,0.107596222053536,0.0346656631024671,0.0465739634333143,0.0586192330781309,0.0390497893355948,0.280531506676936,0.015374354483626,0.0672435248771359,0.464197024305015,0.0228177149947239,0.051964389947765,0.915078253196922,0.0297580021145176,0.0349336621055915,0.0465771075967076,0.0290396014286527,0.0376798528773017,0.0392227332332009,0.0636517630950619,0.0873059904732329,0.027720392653249,0.95132514016024,0.895951934540051,0.0200877284565639,0.210129754669002,0.0906947361315658,0.130336948716493,0.0565953098451192,0.0518211405802201,0.516022043527291,0.715500964448301,0.479951368425491,0.602458052819428,0.0283474443209367,0.0284237569788192,0.0483695290931264,0.21408970855226,0.877337543913303,0.045819813121537,0.949866537561892
0.673547460075018,0.054522420593395,0.107918249141704,0.0955249197413119,0.0192955699955303,0.269610640700845,0.439645751341273,0.0272447740916596,0.0186967637462563,0.898853992464554,0.0440364241617832,0.0580494047770675,0.077692091773113,0.106386403650641,0.0326548781121347,0.0069641939281423,0.0164919738963321,0.0553250976427591,0.0874497924830447,0.111850582262394,0.0480883760054143,0.0296156843183708,0.0347643738921288,0.0509570893184558,0.179831847263525,0.0371086982757133,0.0592645575278588,0.117490099601229,0.0301260790023869,0.0533705140001775,0.0107037241459224,0.092140336700436,0.462971639215112,0.0893631850907605,0.0324168692379949,0.904234944357476,0.0383065273106809,0.0235286783688013,0.0480732819266206,0.0627034745300683,0.0186115803929008,0.187970598019363,0.0606090800149645,0.0698927938015114,0.031617154362612,0.947643266720125,0.710832681879949,0.0235253296382268,0.238567031807497,0.0631324975097494,0.229548969293359,0.0752927404002127,0.0681445131259639,0.330321290580308,0.536378121633261,0.497312978153641,0.289494127825072,0.151688538675981,0.0494478999403977,0.100404297231993,0.0822058596840873,0.839698535923251,0.0612673059251905,0.913906323287734
0.890739277893223,0.0400755786461664,0.0462963071424083,0.0832754448531078,0.0250675230318929,0.572503465158209,0.781466064062261,0.0267579224905922,0.0130164575302384,0.919246591957646,0.0192337357911715,0.115207387279447,0.0423476688397326,0.0783835712200218,0.0279872192257162,0.0199472664352149,0.0149747603261805,0.0291008809663777,0.126236245898469,0.124483611309349,0.654419888712323,0.262319448956012,0.0277578459414964,0.0328433067784066,0.151227838173556,0.0327782771878612,0.0574951587626092,0.0735986901328703,0.0295709372816999,0.0543163996856371,0.0125013113572817,0.0607213580895941,0.171996867982832,0.0236037232192022,0.0460162060688322,0.931186786585319,0.0501073331139276,0.0331584192760991,0.0466040359978076,0.0463267200442985,0.04724210889963,0.0447442028704662,0.0476919557035143,0.05351745825681,0.0293606719677919,0.931849071798214,0.951314851659983,0.0223924018821918,0.788108931277608,0.0723838017228302,0.170600519021175,0.316142339476223,0.0512844736158064,0.312058825751927,0.863925496454362,0.580973493334562,0.521241662095569,0.054640433800023,0.0304918329258109,0.0439424351394227,0.0766207098951986,0.907682958529848,0.0415123016265236,0.942608677626844
0.480145226243599,0.0437372905661345,0.0407814266949104,0.0656075652700224,0.0202321181873958,0.154138368385186,0.682031643703722,0.0377586965881455,0.0137880189724059,0.880809043839886,0.0168765547669246,0.0698963827903106,0.05876718122757,0.0711274705239374,0.0339124281049646,0.0252761573914144,0.0189817862199459,0.0361824494032417,0.1116417968737,0.115061898762792,0.0595765876722662,0.0265175326114546,0.0329474816711913,0.0261814022626804,0.435707352342687,0.0388331467750055,0.0447818556485326,0.0699461744645052,0.0495681964441795,0.0438988454234306,0.0114504983225136,0.0624769450955539,0.545420617825426,0.0247374767462811,0.0382902827165598,0.929617399505934,0.0624761714550498,0.0343805291780758,0.0517211010141383,0.0287166738827578,0.0642994866923324,0.0457193739934242,0.0392263349783816,0.0801124686259252,0.0233811992032876,0.92944527073645,0.944010610724723,0.0214114648991009,0.889748239748942,0.0583561640707902,0.070455891131836,0.0379231178457376,0.0864437907572286,0.385968077564629,0.869984545276273,0.557579849163868,0.719929332568745,0.0529902237670161,0.0504439177855379,0.0584835934058025,0.140239914791295,0.901230908885078,0.0717554355627325,0.931598770313244
0.729259184493968,0.0572306838834137,0.0932150477568832,0.0574264713564001,0.0157840592937175,0.339251072686596,0.605415513046141,0.0327749201923223,0.0130661629575544,0.913296803836184,0.0211268138587287,0.0677179354399678,0.0440849182026382,0.0605496066468854,0.0274840427442496,0.0369663341792895,0.0176905615810065,0.0352899864722228,0.755298905819449,0.127114789465567,0.0218066941628831,0.0223057721891651,0.0284629020781055,0.0353989349376102,0.262486803114242,0.0351649211942741,0.0410214691055651,0.0691954715681497,0.0473054647317672,0.0451114393586354,0.0131652225170967,0.0681677971939479,0.507472958325563,0.0186674200856943,0.0428459653244858,0.911349748163428,0.0829023067887896,0.0522928928523568,0.049924395886476,0.0645575700622048,0.0621451275581474,0.0336218101853472,0.046433560485871,0.107627433284813,0.0254635367824916,0.935120425919532,0.913304845353037,0.0233861482579267,0.723166215812974,0.0604296870160821,0.0916797848393587,0.0377725899447097,0.053904217260735,0.380836643247345,0.75881841495396,0.567007477718069,0.544138784740703,0.0599579268623754,0.0214342994691675,0.0436325066897056,0.389107469002601,0.861956975174778,0.0919352397202916,0.929095087716512
0.752163644610572,0.048003623966148,0.0927337498541072,0.0576248753192993,0.0222341770409997,0.455225304995438,0.526257742174935,0.0262758164824108,0.015187753957473,0.88085906772629,0.01791807510096,0.0818363825188464,0.0260515917393193,0.0615301553668954,0.0507074823407941,0.0843237770099695,0.017194867031275,0.0703589651079363,0.492037466087606,0.0955896307129766,0.229541919280641,0.172401365646004,0.0364995332915045,0.0315652495959369,0.288198004127772,0.0325413860691511,0.0558102662756732,0.0781790427203153,0.0482039929863467,0.045598030630616,0.0116275476814216,0.0639083463629534,0.477405151591246,0.020731728828338,0.0302248255934293,0.937002982515916,0.0504750055247898,0.029898435596592,0.0558326336955458,0.0255302856914502,0.0610906203764139,0.0496207177253474,0.0468319811367551,0.13662766139102,0.036131044682076,0.926516456820223,0.874442037862963,0.0262801438709689,0.301487767858158,0.0563990733745858,0.0886639728311928,0.0534607460579485,0.0648925219199958,0.398846562954301,0.626065585076414,0.560045046294914,0.829086215738721,0.0441819770048793,0.030132726780039,0.0365251264916463,0.342234595174138,0.811127183292527,0.0859961792428646,0.935573604250514
0.671346820187909,0.0454631325290843,0.0672537386704238,0.0846973808991621,0.0251775233603266,0.18802421885836,0.671221713262018,0.0242255426575566,0.0184174605219372,0.831900784984283,0.0210577075956502,0.0670799184009353,0.0429428577474537,0.0577664385368387,0.0265547063494877,0.0436915899340653,0.0148793996277343,0.0373340304726505,0.266894782570393,0.139291314880194,0.187156540956401,0.0364985591074397,0.0316865499529126,0.0429635633372965,0.121124159364909,0.0290111337952527,0.0468839772522335,0.0577253259949724,0.0742315342455871,0.0568283123879745,0.0120838515871113,0.0673211769494226,0.315773713403819,0.0283564932928808,0.0362306053284741,0.901865818273748,0.0476578586177632,0.0477962742139677,0.0409017662349351,0.0304384968402199,0.0634648457201478,0.0511857395292564,0.0422035208459359,0.0935880466660359,0.0206030774460967,0.906389425594171,0.926120731033946,0.0325906832371463,0.433313756784396,0.0532285534278042,0.443724148361733,0.0450189543308396,0.0525210113595782,0.605030836527754,0.831936298327923,0.535829625555205,0.671492209286541,0.0361949235612791,0.0270192540081865,0.0469198944218917,0.308200493593257,0.845518546036896,0.0752180332171282,0.920470534814973
0.718273289558142,0.0521914244570322,0.091477500606497,0.089662661798013,0.0186892554739848,0.114499903559772,0.649273768685146,0.0281025873024902,0.0157928237542387,0.924174254487498,0.0307268903794493,0.043999401153149,0.0746797983028203,0.089678569210642,0.0400114791640312,0.0079225345223148,0.0136491205408401,0.0459418432182508,0.103345041702966,0.127993292340807,0.0541809549529988,0.029245326605376,0.0389192829226152,0.0410258411714722,0.140203897262037,0.0329292614214086,0.0665523952160785,0.105111758238864,0.0322150337251032,0.0689784896314176,0.0103930459367938,0.0565843920700718,0.501024575227932,0.0612999338130592,0.0708103897980632,0.915373594843621,0.0387356828372457,0.0201363423210158,0.0352975321119037,0.0441459408406522,0.0144341779748218,0.0797159330179914,0.0564814744651662,0.10465244409112,0.0338346877115656,0.942884488413509,0.873745594039835,0.0236219399456007,0.203306188754173,0.119608674896548,0.277682480813387,0.0869075994357011,0.0686103877658564,0.262712102650457,0.761291128336915,0.532829347570258,0.162529098609929,0.174903419680559,0.0306988989554058,0.12558504846567,0.0959979623398078,0.822234970664036,0.058963515289147,0.871435027881511
0.776580226283221,0.0574371571047934,0.248834353462024,0.0686793734172246,0.0340706692305652,0.241552753493789,0.620388678729277,0.0486076287324434,0.0187065090538043,0.870861947244522,0.0279328703672046,0.0544430825398649,0.174341680887857,0.136671658197431,0.0441868908322364,0.0163479586987933,0.0214997680576999,0.0867856962303473,0.647003629051838,0.177324621540565,0.0593470471278947,0.048905568672473,0.0475052412703175,0.0511857482893264,0.0547833144127074,0.0478148212167811,0.0655644429280937,0.084317579530742,0.0405610440625192,0.108721818686257,0.0100463018972323,0.113105607985131,0.309738832971337,0.0462475823471079,0.0754537775056936,0.910199408361353,0.0546384205145215,0.0250831184428938,0.0347284201756852,0.089113181666997,0.0511451492409966,0.108466733630393,0.0616664760497853,0.189960660262361,0.0386694981305457,0.962156777915015,0.917514974011615,0.0221580090825773,0.218868468445113,0.0682433834429362,0.20229027815364,0.0708924637762507,0.0759111179886279,0.0746252324454929,0.773594927951705,0.396141553379179,0.232114796332346,0.123494629214797,0.0288173036387664,0.181262620136369,0.227019596364945,0.356466125070833,0.103609312334138,0.888045923366282
0.932090928820535,0.0509251649467742,0.13814099049284,0.0997760278445629,0.0264471316885306,0.492888858705989,0.653849238174015,0.0360890425491829,0.0121843483872181,0.904331428875865,0.0199082642912268,0.0528966083271203,0.410259389560376,0.0927944833080993,0.0360239911250513,0.0089857269174853,0.0139102259921973,0.0424597702106345,0.817782922927391,0.180758217378332,0.0585862327122977,0.0279637223546172,0.0432268148820049,0.0472453361357286,0.421643439019852,0.0660201793427744,0.0675136335235369,0.0528864352414528,0.0562074610628762,0.0488021347965466,0.0096598164927782,0.0343198040280372,0.557064921468118,0.0805572304929204,0.0353253301063874,0.795697537030853,0.0380266191069215,0.0233848685921527,0.0440237758238607,0.0724362004297067,0.0178255852456504,0.151779150674869,0.0481997725330192,0.0780904219913937,0.0340141080035103,0.956021295924695,0.92434076185281,0.0226318833793528,0.184635611072526,0.042790264473548,0.31342167071125,0.0755076555105026,0.0716859274474941,0.71623766103227,0.795956925229597,0.503700984113469,0.607556982179105,0.087101039215657,0.0262642893830616,0.129010968174025,0.102470668187634,0.827476814350696,0.0808815566380006,0.888633412369512
0.845072544000377,0.0387024665857017,0.0509820157114931,0.088207322248649,0.0308977187597746,0.187934202211229,0.72020134563538,0.0299363162857353,0.0139567830619168,0.850231080857457,0.0319155269507151,0.054248623441948,0.0484699631047528,0.119622639600398,0.0329282608728508,0.0266050103052072,0.0365015931701061,0.0312419330267209,0.628604126471639,0.0828180631201969,0.0331493459552087,0.284354244563854,0.036960658614271,0.0301833881766755,0.0890269366545184,0.474880092752654,0.0685959537606723,0.0733684777249545,0.0728972337144519,0.0726462162723924,0.0120697666205918,0.053356292844631,0.318666216381894,0.0425386493129768,0.0358904604480175,0.940021821919266,0.0453181288720639,0.0535602001022963,0.0349337481791021,0.0526564915430545,0.0636859810787685,0.0548620325106362,0.0566656913709058,0.062133320310411,0.0318747678172027,0.93866095077139,0.949178059946016,0.0356130669363384,0.505123255992127,0.198501294500694,0.221961304059957,0.0600546370555075,0.0612092751253995,0.374125075432941,0.754334947684374,0.595902040091928,0.615045861359257,0.0588497853004197,0.0507110601166354,0.045173062693192,0.166259400622708,0.852283553989094,0.0582650773811662,0.931878777988764
0.803870839224546,0.0567145228191375,0.0443741809863473,0.0863580224860784,0.028402486959707,0.534988929021894,0.628564654076159,0.033807672419666,0.0161335082260297,0.901078275542251,0.0218687372616641,0.0425839276306292,0.0291702127182895,0.0980473669082806,0.0362389570220186,0.0525230114044937,0.0203132737813717,0.068214267128332,0.196855308009493,0.134740228458425,0.44502800679339,0.0434641056184024,0.0484839525231188,0.032864925692565,0.451760027628518,0.0377763017621122,0.0510096879924868,0.0906879426771696,0.0632248860643032,0.0917938809902338,0.0145634201231626,0.081579263237159,0.568841094032969,0.023976457073283,0.0424703490621449,0.933194355024213,0.0466415112696978,0.0330177952819166,0.048366318956441,0.0489860006802059,0.0798722600500987,0.0621542603773416,0.0625004067987578,0.0844341829748108,0.0425659308785662,0.945189612938855,0.917342942382133,0.0319221681734795,0.931595816578775,0.047818003794696,0.459401240888496,0.0574898541567164,0.0800142140820108,0.70437821287923,0.91058826401125,0.607929203772825,0.484929007931626,0.0611567887832004,0.0360969329304063,0.0936604955153226,0.170784857051375,0.889677518163233,0.0624581923896195,0.941308726064647
0.930279624126,0.0470327077061388,0.0886671823314743,0.0903128317145919,0.0388353559311515,0.0463221481236216,0.145084400417358,0.0421659504934678,0.0122364707702625,0.638370528659788,0.0194109813390844,0.0481013052940688,0.151464361969287,0.0805184709092631,0.0417385367174776,0.0064624917553691,0.0161439213849025,0.0533240786999917,0.168422651191094,0.172184188824924,0.049684322038743,0.0277831708254191,0.0374646104887415,0.0288197026662881,0.108861964651646,0.0368903908986789,0.0689479787241697,0.0985000991198385,0.0269160101459668,0.127903997649034,0.0361070671157553,0.0379899304368084,0.0807122316720092,0.074268366548942,0.0931711457027328,0.849561938720598,0.0413794036914106,0.0217743612089344,0.0400059001383238,0.0482658649089829,0.0134305316859389,0.13800728737985,0.0735051042325719,0.0229865153578454,0.0348606603895015,0.957805059906855,0.966782941099447,0.031666976162038,0.394447071646083,0.126913017230282,0.163496745941614,0.0724628711865449,0.0680810056076208,0.0559772350862891,0.656113996857785,0.0724851971580249,0.0546478697759729,0.154914770109049,0.0258844424700417,0.12025801966386,0.047791820881193,0.857686707320184,0.060947280090322,0.925406703442863
0.785531673898787,0.0472660131317952,0.0487192477527597,0.0840530106248799,0.0239770931915724,0.54075021652873,0.63312556512922,0.0322349986075836,0.0093667287851909,0.849080714113865,0.0162775415620267,0.0749735765042834,0.0336584360992253,0.0487060216984302,0.0312764563701963,0.0227749439496091,0.0204553764977568,0.0225736665003395,0.122444639317665,0.169770906840015,0.0382986682662249,0.0266588986789334,0.0264359413121536,0.027587854093804,0.204638090683361,0.0405355609522885,0.0368482124515903,0.0648827581922791,0.0283772092520559,0.0570958473402397,0.0121445470376223,0.0889031512772003,0.560810361333481,0.0225624364853659,0.0546937959978237,0.874765182358399,0.0327114423628138,0.0837767351927884,0.0396245680338555,0.0232335411765307,0.0646090997227918,0.0343160363923201,0.0517742141471664,0.0784642979916507,0.0248439943705387,0.941152079247699,0.860875101040353,0.019608928056511,0.864197874446711,0.0485401502992646,0.109130019992064,0.0375896277356041,0.0768347346031659,0.289337212543581,0.792572892340073,0.594191444045199,0.294317979423028,0.0482781926909291,0.0266289814367572,0.0426543196449756,0.17587316852075,0.801331183844256,0.156546830978121,0.940261524917168
0.690916939561028,0.0397302780050727,0.0514805557610283,0.056239416770619,0.0244543018187272,0.329136865002771,0.477351042749503,0.0288486791204382,0.010874422629907,0.89724023984421,0.017341702123357,0.065803583294472,0.0372980276149609,0.0885701328872893,0.0275977353849342,0.0265174854111176,0.0170099682907145,0.062768328818788,0.194561072812904,0.17056907693697,0.0438671291871282,0.0336936028622671,0.0263744909159259,0.0303473575169332,0.178951125766584,0.0508305260581547,0.0675505345324103,0.0764884682962173,0.052819747124447,0.0656971298184378,0.0154734104492693,0.0680744989989669,0.335403081902036,0.0283531701516292,0.0555184332244738,0.899037161908076,0.0470643665975161,0.0419381182764724,0.0483714366633609,0.0355642591214128,0.0554668364541414,0.0522893369270095,0.0403618040523994,0.0938927169995116,0.0299236157771971,0.919135543889573,0.703076466009522,0.0207176215832264,0.0726147531036977,0.0796652934849243,0.102299086709641,0.0318718480752782,0.0485200827108129,0.237635150423098,0.558873944111652,0.364429025699394,0.823601245553688,0.040470963030246,0.030651200847057,0.0269223289859398,0.258261766073426,0.867037265616744,0.0627868293900784,0.926686231669384
0.694576661657737,0.0454194036932623,0.0626069440877727,0.0583366659900719,0.0169356100264895,0.384559080791241,0.519166038189563,0.0277814149646448,0.0133399484851914,0.502954410314092,0.0153098973549749,0.0612573103237804,0.0354838829375781,0.0775345628348024,0.0256315404690803,0.0322212882350651,0.0123993788144369,0.026864260277966,0.405804005587544,0.149026906531838,0.0266106648211985,0.0394714647964708,0.0219993178338112,0.0254629085865085,0.278521000188168,0.0367980233711507,0.037871249562362,0.0519254988384048,0.0419058103947537,0.0513570022763296,0.0134530462367394,0.05898111373068,0.523513036818984,0.0195315540962214,0.0373348984286606,0.891578493744442,0.0332254315986607,0.0321965911900948,0.0386166762067415,0.0243867764651922,0.0582394173034975,0.0476692286950018,0.0454605023552136,0.0946773309952272,0.018945467938087,0.905736384675883,0.888722007001615,0.0240756573344396,0.657723640396154,0.0509564716823292,0.133809854763192,0.129711874381388,0.0624542015392658,0.170574193159391,0.50347934209675,0.61633024982131,0.516676631836053,0.0408296894927744,0.020297888660396,0.0469293203796639,0.20315285848773,0.844311684845668,0.063834254238401,0.91988566884341
0.469636489195801,0.0510602888940966,0.0999339191925414,0.123546040591741,0.0224913200626146,0.425585620538694,0.35319718739407,0.0274371717803086,0.0103099778778531,0.888814837851978,0.0172697674109862,0.112028794143861,0.0432584274107817,0.0671254657028678,0.0304973122363903,0.0568557646256668,0.0157477502138564,0.0729327457470913,0.133017427294782,0.0938691979921302,0.0477033900013521,0.016785087117767,0.0239247728177258,0.0355286787496405,0.148274717327828,0.0373296901428138,0.0533095521053437,0.0702560951939727,0.0489680216761577,0.0542338276109062,0.0112471034733147,0.0556947605305173,0.386952129428976,0.0197666422787468,0.0419873744726566,0.910029316881272,0.0721085626950004,0.0466256499987136,0.0338357028270894,0.0400555944140028,0.0747528702427135,0.0473590577742769,0.0501746024780055,0.163335692492946,0.0264946398772079,0.94798535081246,0.837039239150651,0.0243964226767907,0.0611079978840041,0.161329247280352,0.181953013059059,0.0522828030137141,0.0474758113062117,0.228104640605654,0.681414024508904,0.502805353789475,0.502632533656036,0.0785887935815741,0.0260277817405981,0.0547227392638105,0.470032149118075,0.876226038981719,0.107136756956191,0.930895078377862
0.758499809112123,0.054094332011048,0.0538106687451951,0.0976223783496717,0.0278435984725712,0.590975211143588,0.199095559965737,0.0266478744695748,0.0116538196597638,0.900170907421618,0.0175788849261869,0.0515806773995003,0.0353989838906796,0.0642145284241351,0.0443277602570677,0.0318622142211638,0.0163225948394941,0.019583219880748,0.179084043524975,0.107097174035806,0.0274497815956098,0.0300309604930088,0.027345387785412,0.0312325108690456,0.211671400842625,0.0354730284577511,0.0528941474457404,0.0718611447472099,0.0486833635853659,0.0541124707696535,0.0137136626477153,0.0659405015387271,0.565418731638545,0.0250292488523717,0.0351890870955495,0.837418417539085,0.0456796427525891,0.0435228422878155,0.054972747726075,0.0563952196006901,0.0595683014009175,0.0508118865622802,0.0492705093349972,0.114409835381433,0.0268896940966119,0.94722874214535,0.343024732068099,0.028463616008043,0.0687739704393243,0.0468158686219241,0.0565340386628608,0.0429973858555372,0.0565677416322228,0.101947283209466,0.914533373625768,0.540112985160185,0.362628371888024,0.0478296274090914,0.0279229679737198,0.0514164488563914,0.34504321741763,0.858766632617672,0.0672456272675356,0.892185508540137
0.837896037571404,0.0521820892956573,0.0550879145403996,0.095382461504521,0.027473425577967,0.325287983927263,0.772118851419407,0.025744676283412,0.0136719399092672,0.910110917787475,0.0203584085087804,0.0488512771592389,0.0420118601389651,0.0634654824876886,0.0354153843270087,0.0560691032592345,0.0206522492302465,0.450461257264575,0.943721831677595,0.136088848151951,0.450094831734031,0.0790161877445799,0.0306260498353166,0.040015955047419,0.737482658156418,0.0434386900017513,0.0684109969475065,0.0686337499268734,0.0692573485289656,0.0862437698492238,0.0119920850142756,0.0703804530849571,0.592319445952009,0.0223503812243719,0.0438592589039688,0.872074144459395,0.0388962332555185,0.0469909822665523,0.0368366862795709,0.0325525977968093,0.0671322489547559,0.0466307788502714,0.0464162977218255,0.0854921641351279,0.027907306070971,0.930655098710548,0.948196173149931,0.0278814154176761,0.930239081710601,0.0620299443014248,0.171305274735331,0.0457221634971041,0.0712546220855732,0.399706436919439,0.908291535288043,0.598601451247076,0.232525259267633,0.0509867904365746,0.0342922751523388,0.0550073685764254,0.157846239796743,0.87504306625384,0.065453709471516,0.939328644433106
0.846150505205128,0.0502151508801018,0.0465660449179902,0.0609966146551073,0.0280052624993994,0.321755801550523,0.606024360048158,0.0234942383322559,0.0134576312095664,0.887015972645078,0.0173744828767441,0.0397913949358999,0.0374218817717335,0.0897726663932081,0.0297944343620089,0.019883316112349,0.0156003917222956,0.0621788102458079,0.714495093792491,0.130947140544409,0.0197314563704413,0.371116477185986,0.0276209336219362,0.024084088789395,0.11449836058243,0.0312110856418869,0.0352670720393614,0.0615415607894581,0.0454707649043661,0.0449977150680259,0.0117865093777,0.070462972201377,0.175310151739088,0.0230491329113448,0.0486405210610584,0.936810160778267,0.0295434995666138,0.0489788488877428,0.0423386930519397,0.0261471179401218,0.0439473421723616,0.0557250094752882,0.0418465054453267,0.0493796125128348,0.0330790618463099,0.899707075919673,0.946210061996027,0.0291135254359539,0.0668136416151691,0.0415131748399082,0.0762939313897517,0.322538478662245,0.0601166451605891,0.682676558042264,0.900732647375704,0.30624767868594,0.617158798073016,0.0502952259824277,0.044998324552999,0.061835398257396,0.128045450077693,0.898837289093476,0.0530155947053437,0.918244050658955
0.715144651258224,0.0798334172547264,0.0531953979796374,0.0726625036032051,0.0169362031231259,0.290885964632358,0.356792661834529,0.0235018389575875,0.0112983181523202,0.8685770636636,0.0150067866288426,0.0606983392278638,0.0268923254935223,0.0758037818300998,0.028232901499682,0.0283898146637499,0.0201948439758166,0.0627645381682561,0.545912472600338,0.139542454139379,0.375144714835412,0.145102603238196,0.0264893566348822,0.0244680955465806,0.522663837052705,0.0325074924966882,0.0387034741712188,0.07168035138049,0.0479982799561923,0.0455095992930401,0.0108919667924619,0.0585621365317398,0.516029201779356,0.0244459700676129,0.0439480561870061,0.921780625798495,0.0559347866617773,0.0345918536822524,0.0377840731304171,0.0236230301571282,0.054971998563724,0.0400367662756988,0.0439949177734468,0.122917732009631,0.0228121160465969,0.903906415851311,0.876716707295164,0.0222310000928629,0.689100502058812,0.0445512247005564,0.144350071647456,0.0353879393792018,0.0617475555380136,0.492590405702125,0.666054303325686,0.54374730757822,0.792389722264474,0.0448033064649563,0.0237716828437099,0.0462086002285333,0.184454450654576,0.86205912122574,0.0673577795340441,0.938940462598506
0.722963427747887,0.0428795592283728,0.0480944805085514,0.076146246810109,0.0201059367823951,0.312637876546556,0.359679703862516,0.0166595948821219,0.0111944254832658,0.818071068898481,0.0181452747683389,0.0506268406492584,0.0363591968652178,0.0591023163063746,0.0369832629806747,0.0219782935698252,0.0171296355869309,0.0258183886352429,0.485819667443887,0.103419942311477,0.0284041591358507,0.0245187020673627,0.0272976065326318,0.0201329079691271,0.0841371398118792,0.0336873190133157,0.0280042754875026,0.0512703989427958,0.0405811738439911,0.0537724818110924,0.01095827194288,0.0604007293074427,0.282481481075029,0.0225348412437655,0.040127367683747,0.923976150562905,0.0461163334565209,0.0458632436146255,0.0338518368476247,0.0268719963723876,0.0551240817965693,0.0318170823150236,0.0348167966972317,0.0528415866800265,0.0185394393005722,0.921819256857084,0.91560035513876,0.0223895754516458,0.137291636459827,0.0562134184055183,0.10933371131641,0.0518893388893097,0.0528749506742353,0.0376058073758156,0.681717563310558,0.456384272555609,0.553223082765392,0.0420243219298258,0.0192341169106306,0.0254540236115791,0.129062314905999,0.853884865005595,0.0502197728856093,0.927282043043108
0.713996201062658,0.046040368832766,0.0880552049010706,0.0802817280066937,0.0212099814760688,0.368322575223262,0.56342789156103,0.0266410066658342,0.0108247972495199,0.875978080114503,0.0165316822228385,0.0764244944982579,0.028273067079819,0.0750008612656387,0.0295538352931956,0.0551335554267646,0.0160118196442555,0.0936702201544668,0.396186851583366,0.105430427097368,0.379567305024877,0.0223746630294108,0.0268525083036359,0.02582032522379,0.279684341387979,0.0304124105121048,0.0349035835120258,0.0549142101951456,0.0498703389579034,0.0502212256408588,0.0133259856146032,0.0650909200033552,0.338567422658989,0.0143070663638429,0.0373902806481479,0.917455276504119,0.120006170019393,0.036017381065137,0.0366640006613115,0.0205421625511355,0.0600627933604443,0.040127156415021,0.040556935890131,0.136737575619008,0.0190548144262933,0.901589172732712,0.888712290023097,0.0242243006057407,0.117656905353145,0.120982691910349,0.32616708495482,0.039559073818244,0.0620365709793965,0.473103090189971,0.737477692822175,0.387943325701022,0.509561391162771,0.0509474532296975,0.024806538937072,0.0435089378066432,0.274325487720793,0.848033771751197,0.107019989433547,0.933547137372397
0.680431390897283,0.0430303506633878,0.0541478448856112,0.0743450268230623,0.0195063878832988,0.327779054542277,0.587560819167048,0.0214745380987385,0.0102983645184491,0.848930356666481,0.0197680532850728,0.0783796011733177,0.0414600367525237,0.0735370056715035,0.0263480562153868,0.0254908766085202,0.0231664123743307,0.0279212935631267,0.697112821943879,0.104204939134087,0.0234969683204385,0.0230495903338578,0.0293718753232462,0.0299973287255101,0.366300711737351,0.0259608494234977,0.0280802336414312,0.0773957873359433,0.053927349281856,0.0553911440070421,0.0134603299866077,0.0612973499605113,0.261944624219931,0.0206179216828048,0.0374106259971967,0.9117376459457,0.0357003621399907,0.0385109004143695,0.0389332431037788,0.0302598061959316,0.0622463425759306,0.0330078702639329,0.0528401094621512,0.0912628171088933,0.0219295909766844,0.925958954404846,0.884260929488035,0.0385773304418753,0.603307975528166,0.0402512938776594,0.327720385309348,0.0419775859120336,0.0568650539941865,0.304076555011321,0.76119450171185,0.280992007736929,0.847211054519057,0.0483662630231557,0.0188491692078669,0.0552103380813828,0.128311598355274,0.870439222573751,0.0592683704763217,0.918605192529983
0.604862817415549,0.047913828638919,0.0609532057078267,0.065257168594119,0.0232188486331764,0.435820688353072,0.226670902086064,0.0186004851709348,0.0109044793533326,0.777669409502952,0.013739496503575,0.0888910459192072,0.0351703739206417,0.101560742180764,0.0257888951060734,0.0593305290293792,0.0146910424200219,0.0582916754454212,0.256911269615227,0.153746463970889,0.0284295411783164,0.0245824802376624,0.025024116123059,0.0413226305306967,0.231268410892563,0.0349009742652996,0.0298601290007414,0.0581089529894749,0.0564329735940871,0.0531176531294922,0.011622001957047,0.0615923551824383,0.474781550371027,0.0192393893406101,0.0358444145633531,0.915427122187263,0.0808508776842136,0.0329700248949375,0.0449087093951989,0.0192784805722067,0.0673226943687458,0.0375589474484518,0.0579817797516569,0.150617023753158,0.02170034746088,0.936502881872269,0.810699829559832,0.0269431383056202,0.0612642727240286,0.0816468134959378,0.146405945253462,0.0445585665911979,0.0583461920214764,0.2513594329992,0.746304981852128,0.584049320342655,0.441923188254961,0.0527455052820569,0.0233699831479132,0.0328452073680062,0.47515734381401,0.856638125742075,0.123445285656301,0.931203342333464
0.872354601757971,0.224763149878082,0.111443040371597,0.162456614056209,0.0807150228165358,0.355115589095019,0.75997572803304,0.135855672475585,0.0184042136937596,0.9186065086036,0.665967363355156,0.150484824558536,0.239340217509425,0.153248884486948,0.164275104230855,0.148317283563658,0.0105755973801932,0.0915891593940281,0.886019185445582,0.237597761792081,0.539396948463941,0.905751727351442,0.15458452309136,0.121753131564048,0.705994841336649,0.182086616660132,0.236971119226983,0.147185689015572,0.197237690345203,0.483973132323784,0.006449024234718,0.157609773613556,0.529678204213556,0.0884521408040904,0.120787658796831,0.953357447288941,0.185448291366021,0.11757644438888,0.165316060151704,0.0858754791072083,0.146424084008828,0.13163715967721,0.134246082336086,0.180022132121744,0.193863275209646,0.961476719187608,0.911928055065304,0.043171429046482,0.86083743169612,0.167148299866106,0.753812220796821,0.540239978696619,0.116245456979706,0.409429643837534,0.834413184384451,0.397803119671161,0.47033704584397,0.15083448908716,0.0970181382292396,0.198738247068615,0.334139714450325,0.931896388860791,0.163115563817497,0.964509904087249
0.764667683982322,0.0456683887911091,0.081373146114107,0.287825815740709,0.0383917790986162,0.451388588673636,0.54110039054814,0.0287261948573618,0.0154360161028563,0.915590571764125,0.0249620676941289,0.115402998812359,0.0421776380340553,0.126622612771033,0.0411939428010051,0.0815081392893618,0.0198318864341939,0.0414026001380975,0.734546442499889,0.136887219852857,0.479162235426794,0.027019663734259,0.0450925658033635,0.0539978213902926,0.397906336341135,0.0455518318104793,0.0852797972853723,0.0919940756103342,0.0725548323679985,0.0535422583748452,0.0176019366091539,0.0689774390748121,0.500283146681079,0.0374028526212176,0.044026526139606,0.914849567340212,0.0656983077448689,0.0298512305862191,0.050167336962664,0.0342214350107534,0.0691838751080863,0.05443218553486,0.0581275619809039,0.17962878966047,0.0325462426523532,0.955597423637729,0.914643180228158,0.0304495327953625,0.649243099826449,0.0963765459019705,0.257213546661512,0.0536892918939743,0.0806861128789563,0.515834330737072,0.741280184586352,0.423488505595979,0.489443370283878,0.0592307437325084,0.037270275656353,0.0563902220423281,0.385341268296698,0.884450771052098,0.126973533153184,0.946062172559786
0.780251942434369,0.039223405642022,0.109699554822337,0.0640640160949659,0.0228808800396741,0.263119157429876,0.22300213793516,0.0296858321286696,0.0152736591475667,0.788332787171586,0.0181466577277962,0.0454767343644604,0.0339988069662182,0.0979975833517317,0.0309564882264737,0.0352449680980969,0.0171843409308078,0.0839211147660218,0.117812776119975,0.119394900513793,0.0235169321273086,0.0367852421944829,0.0420075692473043,0.0258515992237972,0.124662218693965,0.0360322309065239,0.0695038335900872,0.0733198554588741,0.0588940293138339,0.0853953398374204,0.0176565650256445,0.0587267635237828,0.366410619365786,0.0282018288786134,0.0432204098305355,0.925315532642879,0.0401600517207281,0.0349184629280335,0.0467752980216991,0.032042931911121,0.0607379395830108,0.0452870574581756,0.0475155033975978,0.0994783187860892,0.0256504333730109,0.939583914132326,0.656516186997515,0.0274665128390204,0.0660379843857613,0.079428367426495,0.0888362549457059,0.057910451138178,0.0769657435299941,0.161567485151682,0.749579524835883,0.605860265197331,0.224032557192232,0.0624536448788442,0.0233433929802971,0.0667682358157225,0.174015408227824,0.828625740169255,0.0600035605295022,0.898561006928432
0.75083001296336,0.0386654995482688,0.0685200434238196,0.0734126518597662,0.0259140768359872,0.509620058674506,0.556693293220152,0.0261582306700226,0.0137200878397215,0.925772279924216,0.0182869250337909,0.100686900896395,0.028406952635289,0.101470577946716,0.033840471826316,0.0652699857856784,0.0145008474686717,0.0518024832996083,0.496772452387005,0.134060465965075,0.0531365225508126,0.0210003999543448,0.0395238263784777,0.0475340522445648,0.287965871573354,0.0550469566262639,0.0701379872440868,0.0866293181595057,0.0645492362763069,0.0573908427094945,0.0112836514615547,0.0506569711967531,0.594861466480679,0.0237761910850032,0.0330068494947602,0.929468878747226,0.0522694453531386,0.0258972845723536,0.0394450482322216,0.0413493481695958,0.0422679055304341,0.036348303390386,0.0372804150721992,0.151735489236567,0.0225582219165122,0.93367284365117,0.904784310933225,0.0317783057679463,0.635393473230253,0.0729439941465158,0.076159851634919,0.0375894614484355,0.0823021564995664,0.1668173870272,0.751092138785772,0.565917035128546,0.829670177859399,0.0604927218715164,0.0442428008960199,0.0446375294249436,0.37202952864865,0.87354654867127,0.080188005144283,0.926569605852231
0.667623370165853,0.0612087151119748,0.119056539628621,0.0893515899955654,0.0304349527859388,0.487863058598203,0.494898724568703,0.0257122927685353,0.0154376240766947,0.880160755886885,0.0280282060560393,0.1280835483944,0.0338308959229729,0.0976418386034466,0.0331871883581806,0.177369489451941,0.0243535043198659,0.144989775572012,0.324695375049209,0.11922768823411,0.0865602265842652,0.0260268577913011,0.0414436520359275,0.0490340263773952,0.171102391011897,0.0632068638990028,0.058179539930388,0.0979245365512682,0.0979833154926694,0.0556991391920354,0.0158638919283113,0.0575665152475128,0.460629365824013,0.0341056754980969,0.0518811367850064,0.935271624676154,0.0726249235630198,0.0351305183887225,0.0427792540580305,0.0400137034956654,0.126161254478826,0.0534891595677316,0.055647224300541,0.223081078610584,0.0407956988502644,0.933361017576953,0.655922409635245,0.0269990102425467,0.0615592735633971,0.110355699696163,0.113788792289363,0.0639238519296287,0.0748901404944917,0.237649550078615,0.678047638945294,0.53895678895682,0.519744636090346,0.0571212611359123,0.0242873860089356,0.0723440316603508,0.648441492570686,0.830478925219806,0.13194334251636,0.932140759730936
0.799589614553548,0.0240976457291227,0.0522503380889002,0.0578834416992278,0.0224054640037767,0.680406892352043,0.674092492954324,0.0290565102281637,0.0113265335769942,0.902612378797209,0.015647925518645,0.050852629766209,0.0305266048356792,0.0461912300394928,0.0425646731290943,0.0345136011622237,0.0258966629598927,0.30594873847032,0.766473333658972,0.24016794233285,0.181132565495449,0.040318259096421,0.0292428598190321,0.0525665876939664,0.416319993384322,0.0383335840116193,0.0542226941176934,0.0579062813219397,0.0494742879286431,0.108442177481287,0.01330223282835,0.0617857740469039,0.626246420119643,0.0331084390701751,0.0463433343024896,0.928472696352693,0.0476368073879317,0.0343812519692298,0.0303206267234672,0.027234716176959,0.0464193945403965,0.0337715397430352,0.0986704072696279,0.0783819666679483,0.0313193359322124,0.948943658312456,0.952101307220142,0.0289796446481407,0.848845063298493,0.039816789275604,0.0492091552146184,0.0353440716916058,0.0460136746503683,0.456297451488292,0.812259288662213,0.775338724502082,0.934178201263163,0.0378233530976696,0.0388095439726159,0.0256827034769568,0.332009806406144,0.915629038113186,0.0739656490794733,0.953563465930239
0.816883440431317,0.0511930434667994,0.14934123944113,0.0990980732325503,0.019903407299271,0.21386205085093,0.605057087785656,0.0270849724587763,0.014883963473456,0.62547922618673,0.0276544698169842,0.0389259058669902,0.0750155088258098,0.0900297871017419,0.025564912587243,0.0397737868631152,0.0268429023321315,0.0532035720001676,0.170696850675801,0.142992375920706,0.0450445693128801,0.0467659935854676,0.039060669654815,0.048131628388281,0.0768244070892408,0.0412767858156187,0.0634238613656914,0.114595691485571,0.0258938782787566,0.0774407628708782,0.0105695038554649,0.0941229843954657,0.401035382290522,0.081007485072857,0.03265708166947,0.891191210087013,0.0395677777905827,0.0235985825044414,0.0397745956678598,0.0698967658924627,0.0165603034543606,0.201000251054478,0.0601475298258649,0.108210827530441,0.0323657115269088,0.919189396828035,0.863574179072168,0.0229669823413005,0.117131621600727,0.074003560323409,0.116945856427659,0.0643530820404461,0.0731261487755742,0.295870777477233,0.468015606963491,0.635783553856343,0.208234672531341,0.072485114766812,0.0488463471336363,0.0943259868948096,0.193670256550703,0.760527026435382,0.0543678291866018,0.927015860817943
0.368130011812834,0.0552611777618448,0.142252046612117,0.0895136695245604,0.0269113673582561,0.35928240202037,0.300302630881412,0.0288950788385713,0.0129636002296874,0.916259943841897,0.0183138226385521,0.0599931524229798,0.129779268221261,0.090814378065011,0.0343895651781041,0.0204216524041471,0.0184671903130431,0.0591787892611682,0.0902375711491593,0.161098516896824,0.040299609573152,0.0172414203585655,0.0382292547875949,0.0426552294108998,0.243752178944568,0.0489514478242986,0.0603222266698124,0.100542255718224,0.0309976593978748,0.0788349271599762,0.0121061953072681,0.045079804292125,0.459135001515889,0.0561512796516268,0.0625113231078772,0.893636402011368,0.0470336189091354,0.0197559572000451,0.0373055779595359,0.0939627086502717,0.0367230642692565,0.12982627957901,0.0427083036067628,0.189682411052425,0.0322010842764924,0.946286921623707,0.913667353253264,0.0119254692812918,0.0608342725584849,0.0696089569127653,0.251138334166076,0.0396795427939945,0.0667812723787643,0.109214615373753,0.802604022051793,0.425705541935382,0.188737910437728,0.088828243980867,0.0412859901057896,0.108132379335604,0.398034390432848,0.852188469556775,0.0971722321096783,0.931498770246642
0.772025184626592,0.0719656087088726,0.132378830936664,0.128239554969603,0.0324593825165072,0.225876978950572,0.603615031981308,0.0281191882505287,0.013685646247301,0.948816854065333,0.0168202838394487,0.079559333505789,0.245786006244276,0.0852390146534123,0.0336987105877608,0.0141256976932414,0.0184313266696943,0.0478580974929303,0.128704797525373,0.159089093993796,0.0428465098225235,0.0437869363931838,0.0378420675933417,0.0387802252071284,0.552117247915062,0.0368534276308088,0.0653282092118748,0.105245409401298,0.0370612926482109,0.0726418012118959,0.0091572316088624,0.0701378520831458,0.486680532588235,0.0542902235099494,0.100174701206229,0.90198340626114,0.0661504646197923,0.0177579023684777,0.0341899786072623,0.068360025612632,0.0089716965804792,0.147463098095586,0.0816563726543614,0.174361907121948,0.0306911521454127,0.941091548529938,0.790106696398312,0.0183130919602878,0.316485222814422,0.141850914555917,0.304512570565291,0.0682326366293586,0.078318941024021,0.458672596484996,0.724570309910004,0.50889253057311,0.205881089607935,0.174793150095483,0.0214671797563887,0.13327932932621,0.408477140075255,0.831128381498116,0.0668418208685694,0.924660136774166
0.859282826409655,0.0480705738329081,0.0847961959297061,0.0919848425618003,0.0245471357069461,0.425627168868741,0.603298739344144,0.0306576991714532,0.0138858815491103,0.935585975816658,0.0198288190864357,0.0387471952789664,0.27367389843412,0.0865509956122205,0.0269245848536934,0.0396162664610984,0.0134363825681108,0.0428522218731057,0.450512924806935,0.133407343551664,0.0438457318024531,0.0877905509729818,0.0351814175779849,0.0440236688547513,0.261195966516035,0.0399544766356187,0.0686727040383029,0.0929696081008743,0.0235239380256028,0.063436934373185,0.0104752954008007,0.051758111919946,0.532755770910432,0.0372407557087218,0.0484863891001331,0.898947858458491,0.0578585286965592,0.0218557634049544,0.0334433437963899,0.0654335130302123,0.0103319834424634,0.115845753489629,0.0634925578785319,0.0922560756208693,0.0302738149440937,0.950849512496025,0.95062511716832,0.0191350672059605,0.367496133964788,0.090263963952787,0.341466363920525,0.0763509479333326,0.0642805906911798,0.166851755576524,0.780452651350391,0.598399364160172,0.690812266968934,0.125977614559729,0.0883721287620682,0.0814529291569164,0.205292708659219,0.887926049998171,0.0544308088148909,0.926631731141655
0.774904558357351,0.0412507963444191,0.106790722596312,0.0714887918155746,0.0203914693626675,0.389915074170253,0.504696089245983,0.0283258079435793,0.0149143185992299,0.849329460288982,0.0182313529300059,0.0588020568723513,0.0333303343475506,0.0806812250370826,0.0387487980685518,0.0656523328524544,0.0181227546962687,0.0536900163788425,0.658467457209285,0.123713289734906,0.0431737574318984,0.0395058570958418,0.0417696296847819,0.0426262365541937,0.301495840402584,0.0429854255660045,0.0488704971781559,0.0671687944025299,0.0463028612459252,0.0744803769010163,0.0165877242731162,0.0575817436677591,0.550052376093467,0.0277273130038041,0.040313259601354,0.935706859179538,0.0568550956650965,0.044944611993896,0.0394026614106205,0.0309878480468789,0.0470026980192956,0.039514279648346,0.0507084540907296,0.124611308128749,0.0669352019520239,0.959122970972091,0.825146269318852,0.0320141730628046,0.409954996746176,0.180043465977931,0.0967019202779449,0.0394771282662694,0.0618978010241611,0.216335285541061,0.810969279352653,0.615909907670467,0.392579690535626,0.0397160924901466,0.0314120027266589,0.051698756413309,0.436331259805087,0.876939626267894,0.0790442187581311,0.946141679853023
0.852151762055711,0.0566515193268521,0.117964361931521,0.108792412767931,0.0209780786458534,0.271217261944507,0.445722542756846,0.0328864119918786,0.0109986788754227,0.918371915991312,0.0189219373483965,0.15377529923898,0.108378804032946,0.0850981149059523,0.0328252692599458,0.0107878848851676,0.0151979589103944,0.0299297172192951,0.549171025994379,0.151391028346943,0.139581778384559,0.0184694418527821,0.0328643793254678,0.0535135909918926,0.164301192694878,0.0446623913659221,0.0841394435913222,0.125033573745682,0.0336484940028736,0.0914378249570892,0.010155309659318,0.065328894369412,0.417016776678944,0.0448696609167188,0.0275825917494884,0.887793811936171,0.0577357870055549,0.0418804321026709,0.0412937726147473,0.0820993790784119,0.0135880579122904,0.0689576513438025,0.0561744950958102,0.0585810000185217,0.0339781003224634,0.940747326533453,0.915494550774224,0.0228562811301488,0.284068907170488,0.041647476771207,0.274704147772701,0.0810058505991887,0.0689043731686514,0.0695593747247595,0.669373565542826,0.520157187331611,0.193759405165782,0.107903415007453,0.0233062115316858,0.0939964437303693,0.0844085293641614,0.844464710561092,0.0819844358296536,0.934771645542675
0.92666488052574,0.0473605805601841,0.0966156837187368,0.0880644458395279,0.0252643882242658,0.36899000071576,0.786874207129171,0.0325864676279378,0.012419560619278,0.943551153710557,0.876432547121495,0.263449903209048,0.243946469465797,0.106250825821585,0.0462043426365965,0.0067180008963924,0.010750632007937,0.259390636157066,0.953142879782655,0.166100215147792,0.271710175847349,0.285070423750757,0.0309712029026127,0.0443424639340992,0.114119476297775,0.0381182584154941,0.0614607306801326,0.124744909777672,0.0398751007360891,0.067042309672572,0.0107156263547672,0.0550976467930764,0.445802704939589,0.0439815317527296,0.0721834596327335,0.904893700959661,0.417565979009802,0.101830820745996,0.0562346771256573,0.0866487586070925,0.0137056319547007,0.0607096767988192,0.0553381304363908,0.0318624942677357,0.0319120791404427,0.955045322610138,0.928270223482441,0.0160623782226897,0.178859169848038,0.060279983309584,0.70235801600938,0.0603953699794104,0.0823731260407228,0.799403848666578,0.889231116038174,0.51043086845719,0.847568709879559,0.0788305578868624,0.0415480604047325,0.0754605428407739,0.0551972075416491,0.900769728159982,0.0721903421758022,0.945676804067028
0.550651736435112,0.0571121070426213,0.151005824706197,0.0579738617929705,0.0249051921536349,0.494331124721691,0.29215283020969,0.0252968852357642,0.0141131866215982,0.925594121582257,0.0238773717219853,0.0788923186069156,0.0449009286515962,0.0950990468475773,0.0366496689219631,0.065676478632093,0.0202543296439931,0.092108090057323,0.230939899228647,0.136082028062637,0.0399620450398473,0.0189668888238131,0.039477987798082,0.0537688060966968,0.117089378413236,0.0365188421695985,0.0631596859107533,0.072778207489449,0.0600202584174695,0.0605985246780562,0.016736084533794,0.0634191023848282,0.333540889445937,0.0229698646797757,0.045166726314216,0.933657702276144,0.0634952065373019,0.0523804653123012,0.0527328549916454,0.051835136274045,0.0674347912315383,0.0904658971174128,0.0443991194426153,0.185050752653987,0.0257188717345439,0.951252552883189,0.557355539269888,0.0439406752843133,0.0662442692321511,0.143539332611196,0.103921343013375,0.037824378197513,0.0565125744108604,0.205002524250423,0.786310040124787,0.457553483948068,0.454226510672804,0.0323148949810996,0.0357369887182575,0.0544393772164983,0.51238618699999,0.820324665193253,0.108184652793323,0.925268549449482
0.78232420692826,0.117092957818757,0.0447804774348311,0.0664373272429784,0.0284891126471446,0.416975731415291,0.465691071361984,0.0200221579185889,0.0121812903958671,0.827423345361045,0.0183678187716401,0.107138824933115,0.0361513618854014,0.066745378715453,0.0311315149680838,0.0596025368917493,0.0153987182951575,0.0861421370286218,0.462983435361765,0.12006272982682,0.273469385728411,0.0443620993339555,0.0301379460146615,0.0371141699915103,0.304196789562596,0.0478602000017898,0.0488116410478434,0.0802257762924411,0.0624230519278133,0.0600271309365026,0.0141345083927029,0.0657217957087612,0.544612635386721,0.0238081707528362,0.0599618940541781,0.933722473810741,0.0606468057106902,0.0320713892719881,0.0437650288802404,0.0489597917297663,0.0960512356539711,0.0441556350623676,0.0633478624466438,0.130066908023305,0.0302586077115967,0.928753527575378,0.903374468139246,0.0266616472213349,0.227458824392187,0.0996344573640364,0.220896943735324,0.0612085503921413,0.073093958625196,0.4289571531469,0.597931528287604,0.609827168883445,0.632247827334977,0.0722160098639305,0.0282938296250736,0.0952210859973629,0.333102224351708,0.89137741484919,0.0880868357055224,0.936209128488876
0.868027182502,0.0435603166245532,0.243236969817475,0.0693907581393002,0.0177833089621514,0.579209473135815,0.12930256695743,0.0263974998424526,0.0126373088565359,0.931400347816124,0.0194460215536099,0.0469873907225978,0.0260457842896807,0.0892995665881309,0.0380854521822934,0.0179748876446143,0.0229712169148385,0.0200035498989169,0.120308817315518,0.117647728156808,0.294931454694055,0.0256612985992737,0.0480920082008383,0.0312677276870267,0.122224951342099,0.0349279750805443,0.0562997026904814,0.0906392933388567,0.101525901222484,0.0737944529359137,0.0155553366854745,0.072475394396214,0.628288828116254,0.0264392950985993,0.0300868405862059,0.934026737630009,0.0346423059346501,0.0633256752384384,0.0355465793329999,0.0441402328065588,0.0579827244922709,0.0756178431469155,0.0459904313156587,0.0869975464351869,0.0241297818433319,0.951522490514098,0.676979829979547,0.0273248205098836,0.31132998049678,0.0369989320443505,0.0607772164866764,0.0391284045285686,0.0645592019106036,0.0901760997482418,0.870396243223839,0.549282283966411,0.250791341641812,0.0635023356235059,0.0225579686471362,0.0834495413827653,0.106798652676561,0.942224955371957,0.218040240929306,0.93568216241001
0.840683016456884,0.0610741924809902,0.0782299132771844,0.0863222945610156,0.0288900006705542,0.637185003038494,0.770399903115337,0.0352758661982369,0.0183560398107351,0.909399749307372,0.0175940533298725,0.0403850867885525,0.0809191896140545,0.0862695536990328,0.0674717155750733,0.0549145160488291,0.025519734713537,0.0471321300409418,0.911967255442563,0.0,0.742871319072937,0.700700737844768,0.0806273904045629,0.102020340147796,0.683486608795565,0.0509494552071934,0.0902152118041506,0.0675470703951084,0.0899107065518866,0.0,0.0315260048713549,0.0989278660039729,0.689343400351754,0.0355748253553157,0.0809818344346068,0.827334972446036,0.0582318676525284,0.0659207389098121,0.0434186472351368,0.0486645500172639,0.0820942918521005,0.0363155421724413,0.0725735005980109,0.0641739995044536,0.036956753594724,0.961250579842295,0.941579764095748,0.0463118041465386,0.749292386586826,0.0544148722132879,0.863135588304279,0.0681148015925928,0.0719191472903873,0.690954541575273,0.849236625182437,0.746524834701529,0.380279388088435,0.0706494147087977,0.0348376293399419,0.0619587160773714,0.162268859108576,0.953134195248004,0.0719850180264567,0.840179835105631
0.712022874560831,0.0394530306377225,0.0535803420847843,0.0514758394075442,0.0196236973273447,0.475937615884735,0.580427304780696,0.0254005803387813,0.0135434048871305,0.668991415455421,0.0174700956378631,0.051226324688591,0.0511341330460015,0.0586011600329295,0.0280774721127939,0.0606776925972295,0.032038139960604,0.0457440906165114,0.33493655006525,0.0924752366826386,0.323527406286136,0.101328454113481,0.0255656185941415,0.0385576367436679,0.42708666605834,0.0249093648452682,0.0318787868698343,0.0580821981123835,0.0435986273473235,0.0392817815121382,0.0117911925270333,0.0577348063391787,0.476829438245624,0.0250026999528258,0.0414936621857462,0.907043482280568,0.0454233186054212,0.05061919767999,0.0297839441026142,0.0358042812306368,0.0631882347405548,0.0412981185785091,0.0372648292914212,0.118644510685878,0.025406442075752,0.905237145312571,0.864043813038433,0.023918225634317,0.141465224070759,0.0347675403339904,0.345591942990597,0.0349827168879316,0.0410940021339872,0.45441882210854,0.515638290455374,0.530173475878421,0.681813130188521,0.0635614879003478,0.0160428714350277,0.0434244544140929,0.320223763405404,0.86262020640126,0.0749660563917692,0.946519458564138
0.610873032347762,0.0374167947751686,0.0654544652000468,0.0916632267249253,0.0242321478261874,0.387101345349946,0.516929222131249,0.0242773697764244,0.0134085311620965,0.90269481837511,0.0166015772104989,0.133813681479824,0.028066800256243,0.109404727975497,0.0422273850390221,0.0528915889101225,0.0189990329060765,0.0404621929199071,0.593648072553924,0.149047758419104,0.0369137668443105,0.0204112402970087,0.0343062973276403,0.0499103531871875,0.279132284350528,0.0376847322061025,0.0421456262569698,0.0723407327569279,0.0662659360300023,0.0417325689368092,0.0107107942493485,0.0513375181213721,0.525012077787376,0.0189869671828312,0.0372955405073654,0.935690003777814,0.0636976120391995,0.0420984802291095,0.0415883788877607,0.0273565932357674,0.0775176782937284,0.0565496333276468,0.0581475398916379,0.18814394662801,0.0269522129688691,0.945897525269848,0.798219541655667,0.0328711704066917,0.254204073397503,0.131370734617231,0.0729751578716872,0.037163185510962,0.069141336182297,0.173318323655469,0.790496440386619,0.551774018470703,0.772305967533202,0.0531473738860321,0.0262879508573439,0.0243161170835932,0.502135409308045,0.837560708412823,0.148937984373114,0.950513504328162
0.726188629622102,0.0649255163469026,0.173993383665101,0.0776997187737296,0.0284321442303785,0.342156257008001,0.536719732877549,0.0391430333233602,0.0114018748048204,0.921535149225003,0.0185125310227154,0.0516609834060894,0.0359215762013048,0.101402573843745,0.0370091692669862,0.0264848415952588,0.0206908838713623,0.0553633020520159,0.638118810498539,0.155532859776756,0.0348803911595333,0.0262056256476878,0.035806719565234,0.0468185783583371,0.34337059775941,0.0348256563219296,0.0642302805301656,0.0826245790147163,0.0491343702221502,0.0493317485350707,0.0132571612958438,0.0638230783839209,0.343151895709699,0.0469015287647764,0.0662872397689167,0.92147742804001,0.0449761028594525,0.0439242777304796,0.0358904668920479,0.0320284585117076,0.0598086919436856,0.0476666378483101,0.0551172027124342,0.0923558183243499,0.0318954218658917,0.938289886143075,0.876359465104525,0.0278231362458461,0.738446202476341,0.06473537926402,0.105812894868956,0.0611828884219677,0.0651320763189981,0.0821622562648077,0.680241606038192,0.406061641626191,0.581953312821569,0.0556549508254794,0.0279355127764152,0.0774203871016891,0.214965615928163,0.896308172848124,0.088538644031058,0.922147099436744
0.73196536446088,0.0789079831607298,0.112436262108783,0.0739285432723796,0.0280700307705304,0.469525009603882,0.560807165575091,0.0368446818920966,0.0138430174653687,0.923388522659861,0.0215496786842678,0.481864363099679,0.0524853071980519,0.129124640764726,0.037349370250899,0.0637722479984131,0.0238147632094037,0.0849621446747021,0.683324605952826,0.167555541899851,0.0867582567608068,0.220436915384856,0.0479530190506803,0.047404115587627,0.292667513375976,0.0467815582527399,0.0799464630429949,0.0899987725401314,0.0690421757759909,0.0650024102860849,0.0163949859739183,0.0878866469247579,0.55849329462348,0.051055170175911,0.0511237923633323,0.933614336163428,0.0734708044102021,0.0557343916100054,0.0678948031995739,0.0308570038589234,0.0876148467668202,0.0644042318764165,0.0679634403094866,0.168728920124563,0.0354215810703377,0.934928970403421,0.901274927285361,0.0264989288368821,0.212374310035026,0.0899318209051296,0.463104076492371,0.089792768149313,0.0755246665517954,0.556387315815902,0.758588243309425,0.646075230666453,0.83346280144362,0.0452249147318314,0.0326240515035136,0.0818750864423691,0.450511944167437,0.869337910139875,0.0820703257604002,0.930115173012079
0.751042694589161,0.0353120498921713,0.0809340396251591,0.0631608757693979,0.0210299989442078,0.386970042374593,0.258370064421276,0.0194789581440283,0.0121747453859206,0.664973341202443,0.0146318066961622,0.0477776851500997,0.0298655295184085,0.0912915613292151,0.0297709319494322,0.0357057110822901,0.0154106525441372,0.0311139539348202,0.186403840869469,0.185803973258631,0.22999044271855,0.0321085952007066,0.0317344283785809,0.0435817251383145,0.467881701591139,0.0306239322227501,0.0415804050504857,0.0559089916141436,0.0532979345428734,0.055034827906267,0.0086773593356734,0.0567896334530505,0.479614915159926,0.0215444415275337,0.0331581928542287,0.928609258301016,0.0500639855756597,0.0281063607857338,0.031481817089697,0.0192449698385482,0.0569390052428151,0.0348558563473551,0.0421007225959034,0.0935449527898899,0.0293170524564265,0.956585809115468,0.881082513250232,0.0254149662004525,0.330925807282235,0.0690316772886124,0.0903962860218448,0.0419208972797969,0.0605428586326042,0.0668574541383642,0.627788321685206,0.504231404864908,0.65294268974827,0.0485630820120941,0.0178697829054659,0.0381408402198313,0.316195079480808,0.869656172420389,0.0690832299506687,0.933509594504915
0.696990474290938,0.136665707443376,0.0866576471811931,0.127826709179951,0.0299603196759918,0.305229321569429,0.467435435436185,0.0279865692053776,0.0146647018541367,0.792575471563008,0.019256751805941,0.0690075786362332,0.0338391603270084,0.102737790328005,0.0449131545664154,0.036042997299763,0.022806290940411,0.068164920096728,0.355724157411517,0.168668769382975,0.0311470601389928,0.0265178979503928,0.0332762394543942,0.0325006633724086,0.126598227286488,0.0479352964903457,0.0742827855315878,0.0847782384335652,0.0688431335529951,0.0742000223803685,0.0128003891734794,0.0735397956733707,0.558431006427435,0.0263198741152371,0.0350182306634622,0.934952385802689,0.0382695855052461,0.0381841410640074,0.0363045828392976,0.0491520198042474,0.0641946709684161,0.0615900233716415,0.0567743639528255,0.09792248502057,0.0310023124094522,0.9595395173846,0.928527932829761,0.0305419104737194,0.0674693380741089,0.109829175245182,0.177976859011528,0.0506797634481255,0.0671382793553655,0.0824580533688204,0.597181599144441,0.4365630951077,0.466259026639252,0.0760466469643654,0.028895553245525,0.0940344651797276,0.303119969499712,0.898887723420359,0.0746506391279876,0.945601862565073
0.48649949393937,0.0594414297273611,0.0478833850782312,0.0764478608089343,0.0239500876395531,0.337653994683377,0.550637690503749,0.0320674320533076,0.0127350111504245,0.851534959702817,0.02109040144905,0.101127403165465,0.0481500456522424,0.128567616661332,0.0370742049718445,0.0382073147033227,0.0165999391439751,0.0394129379314856,0.497075700778347,0.188839777389947,0.0349985928624079,0.0272245761598565,0.0503348132945274,0.0344925714243079,0.0956655435538949,0.0422583709053802,0.0662764092653956,0.102346505811395,0.0823269761944123,0.0905483598431766,0.0121236874337139,0.063563505748184,0.590458880530058,0.0423397613543004,0.0388709297823847,0.948672696065765,0.0535837019021971,0.0379589334171555,0.054368413966615,0.0434490829753108,0.0618449705322482,0.0527865176825821,0.0460928996594601,0.134800544514577,0.0431537252742141,0.924458890566974,0.807885521615123,0.0334425025391378,0.089842878262455,0.106355372671042,0.570237580024047,0.0688672553617008,0.0829361721860937,0.121088981687698,0.815766006712856,0.621180785557655,0.881553061552127,0.0823268169757967,0.0306644040557481,0.072247282543585,0.395491044897658,0.812607992790421,0.0740886479150852,0.931342115793013
0.835731594620363,0.0572917865937845,0.0454245094405882,0.0737970331258498,0.0254511408050972,0.220184334982408,0.780812051924118,0.0366818264621655,0.0174005202876146,0.937681939939863,0.0219775787692886,0.0495100937757148,0.0526814413346171,0.0932114548394851,0.0379795329877177,0.0342438238697206,0.0209424626838397,0.165045639657694,0.607899494448119,0.28025231829999,0.320121069231143,0.517122565533932,0.0592740734242515,0.0415539413861753,0.578387441727332,0.0442868665468774,0.0795378563718169,0.0737928500826854,0.106948265845325,0.126506172584257,0.0289613335878793,0.0935425343966012,0.240611493390974,0.0287372960016947,0.06112981063856,0.920893728747917,0.0510812199213819,0.073905550832997,0.0606885519499331,0.0291835700885367,0.0660738360415576,0.0433077298419508,0.0553783932619367,0.0966735332608284,0.0323179114495541,0.954555954923659,0.937518842272558,0.0346598043271022,0.817107836954969,0.0361075162981137,0.506399110457453,0.159656835907298,0.0598346738531841,0.595420945764464,0.885640041708721,0.238721080054141,0.749600192440704,0.0495254997576536,0.029044167304734,0.0726424060441664,0.156039043169982,0.871393347510186,0.0562297414884814,0.888207996663133
0.478515062600519,0.0370384847800713,0.0460339942784708,0.0785112556744617,0.028926192557726,0.219154165002955,0.307198634249754,0.0260412407220995,0.0116177616708491,0.325219107096794,0.0162792991032374,0.157441038305826,0.0387502060681278,0.0704537455198895,0.0260751796013672,0.038192935096579,0.0184381257357572,0.0378755278524574,0.163685968512618,0.136032833500154,0.0381905494337422,0.0238392831513885,0.0244883385325937,0.0317838468360978,0.137214055943523,0.0457177082315843,0.0368256111403544,0.0588860929140547,0.0471795278895942,0.0431588568859521,0.0102313397157118,0.0478395479165355,0.407336486096638,0.0199343755991201,0.0384120137153493,0.901584878316039,0.0303603418457222,0.0353804970773715,0.0348144132569322,0.0344437791438038,0.0429237355872331,0.0386951789484745,0.0354353721557578,0.127210095168631,0.0296262013691058,0.946890409965362,0.89853634840436,0.0255925919832656,0.0736163544675205,0.0673243179112119,0.119832501513367,0.0422485746032057,0.0526330125676866,0.400812761767242,0.857038901594312,0.61239216711282,0.310788605564067,0.0456585181770821,0.0318459188479399,0.0714174646614018,0.296419092439003,0.865382280746679,0.0713716421196479,0.922418711336757
0.743229580299069,0.0468389391257138,0.0692377507475728,0.074379965451185,0.0241831592678433,0.380395455286036,0.513132624427542,0.0311997586510437,0.013104540425942,0.916368892637194,0.0177344788613082,0.071457495667466,0.0473544828924788,0.0770006556556514,0.0311608065728413,0.041393448398729,0.0175124134344089,0.05388021407609,0.457610143131286,0.142331750806621,0.0459492712210515,0.0425091122239603,0.0294760027448769,0.0407920436416969,0.286968200207284,0.0462016161474406,0.048894594463074,0.0656792482903649,0.0414160101216678,0.0542392668757883,0.0150800887925391,0.0611114983285418,0.445467187194219,0.0200632392858866,0.0570526557828903,0.938757696524657,0.15571957046957,0.0366961735197883,0.0462622288018934,0.0395761549689754,0.0581229784558381,0.0511854607295206,0.0506776437953832,0.125334272672485,0.0275162651196735,0.875782568782411,0.886393810172962,0.028022344156991,0.445326651690316,0.0905507960544325,0.154320165602703,0.0473931241216885,0.0570874801058133,0.368462170762513,0.692588923158652,0.56814460739811,0.698606894125839,0.0540843026784725,0.0420711201212417,0.0477469486748409,0.317142173974307,0.892412359168906,0.111575079708879,0.942487923780333
0.784582219395088,0.0434127054285044,0.0585444632659504,0.0538131893926748,0.0225572335119896,0.365919135807805,0.532426044317977,0.0257424898313206,0.0128115102667377,0.881287538986409,0.0177284203061651,0.0983140334866822,0.0305822016635308,0.0762905214978898,0.0319137375898884,0.0411010577479424,0.0173161590475009,0.0379027775542533,0.433113218535467,0.088074905207919,0.0310282327741105,0.0281817417796979,0.0327710957273087,0.0472636028138335,0.324171454086523,0.0324615535197584,0.0655829890953196,0.0637810686238162,0.0533867669902924,0.0614286287167804,0.0139371834861878,0.0621800914591276,0.300689620245639,0.017486772265255,0.0416071119833188,0.940168267409263,0.0404844010940847,0.0414369559093015,0.0322888873662831,0.0386037577963662,0.0609349411438109,0.0554976358593174,0.0555622461134312,0.111920377397149,0.0221909278778572,0.916568568806026,0.870862088151399,0.0254831878918212,0.559082477687253,0.0520332671738051,0.106138934092306,0.051118096815134,0.0512006718134956,0.251807280293986,0.644578021547524,0.374168916300887,0.480292725521729,0.0371829283413741,0.027488758256291,0.0460202121224011,0.271646815293168,0.846046760270561,0.0761739881877865,0.935466572452518
0.598791397520636,0.0646047490118754,0.0631296518797874,0.0874940113163577,0.0257901378325025,0.397156459015849,0.323001065471576,0.0296914302803713,0.0164337986382278,0.883558453427034,0.0244042905567494,0.0796126346335243,0.0418375261853685,0.0938837310150548,0.0462497878565731,0.046855453002741,0.0193120870750605,0.0483980148331286,0.133104494342276,0.184942295084201,0.026653273832886,0.0323614205781115,0.0401919002250663,0.0351926966191408,0.342983994079424,0.0313030014719618,0.0532134894277856,0.0950932510547491,0.0711222162320458,0.0572529776184929,0.0136688009523741,0.0902964469212925,0.477155985315169,0.0328037560709456,0.0369774984759482,0.930872018647516,0.0504906327414408,0.037016353370524,0.0446621450305752,0.0464440207252424,0.0736424528464923,0.0591483304588514,0.05334772283092,0.128546398700544,0.0360482349556839,0.925597688683626,0.80227763752573,0.0350850572412635,0.0724628110371245,0.0623947613076129,0.179107466636627,0.056716602938961,0.0705465544091289,0.163302295944182,0.697002021697254,0.549692922335617,0.683199159589917,0.0476195977408623,0.0277286259358836,0.0446659716742588,0.261039286673483,0.835685577479304,0.0785317978755491,0.907748101315282
0.825745230887964,0.0420983387967652,0.0700443034542237,0.0792387708656114,0.0274923712751295,0.333686498969108,0.660479686488413,0.0309675439487045,0.0158636304739811,0.680468373332545,0.0172435210130969,0.0597900861871669,0.0384605053951055,0.0627794092514538,0.0299070539205929,0.0483956918203338,0.0192363875594294,0.0485035982361552,0.312725715312116,0.393333115257777,0.143053615578488,0.0495110651951008,0.0340279477142972,0.0436248460992475,0.260938163452003,0.038717311761157,0.0521978459225968,0.065715451755154,0.0608352718249764,0.057617839044073,0.0119071115498103,0.0607739910228927,0.453934796755404,0.0243997362755851,0.0455918536340202,0.889018778002477,0.0691771411886928,0.0320952977023463,0.0553017884219456,0.0324454073054563,0.0587988866458184,0.0510966455314421,0.082879962041038,0.105439785404966,0.0340824326442422,0.958990875170117,0.930703845412091,0.0232375652426283,0.224665266504888,0.0780949557386982,0.292734591351893,0.0606858449487284,0.042568178776286,0.551800728668886,0.761094428987482,0.646413342871205,0.700340450804125,0.0337411029490278,0.0395128152678788,0.0328267680906567,0.345244293317062,0.864098049632081,0.0744123412500968,0.930059751684493
0.748832773854651,0.0542786275672732,0.129682769522459,0.0943751893736446,0.0299956012967928,0.279506099752598,0.284837190254476,0.0309346559018183,0.0148587664304363,0.846273331343618,0.0165071695894094,0.0859563365052748,0.067695803137998,0.0959663882299789,0.0444146914614359,0.0538030721087654,0.0160796847618116,0.0558780118357715,0.418208477561693,0.127172994594628,0.0437272668742059,0.263651700040774,0.0389631138070131,0.0546620711860274,0.368201186089609,0.0339467293837766,0.0596026229151173,0.0778522062482293,0.0709925269819464,0.0571910963110241,0.0114865544876848,0.0897292682424384,0.631855804578738,0.031045179799513,0.0392541508244041,0.946450177095891,0.149406392644688,0.039944936220486,0.0505488336200774,0.0467118165362932,0.0825785047182607,0.0462003814236744,0.0558171259641165,0.131425159437977,0.04474879458651,0.962607268652028,0.860035923695533,0.027744572873756,0.733633790428117,0.126720907640158,0.133172652070929,0.0607258717253705,0.076956915004701,0.396656848133777,0.733075703093144,0.663334436736741,0.543144587266347,0.0646600095721456,0.0406408282532172,0.0575640484305028,0.323682956436901,0.867518562332367,0.100022432610894,0.946562712198892
0.754409462568766,0.0278684101984343,0.0701653571026305,0.0734683901321022,0.0246453003145166,0.334257541973071,0.558499760914959,0.028212496603434,0.0186745806136518,0.893376114417137,0.0164220494388121,0.0856714103617723,0.0338709482256302,0.0719141690237508,0.0448699127452618,0.0392299004223813,0.0163965099040869,0.0590685363119724,0.217786486744494,0.113260056786981,0.0460458893033052,0.119365159373959,0.0400449986885636,0.0490384533912582,0.435304381022813,0.0314759864691522,0.0704950164566547,0.0831459538112995,0.0533651729449716,0.0793766757062508,0.0130482787682293,0.0676997751308274,0.535232560698162,0.0232018579869853,0.0370830329895471,0.921161068820094,0.0565966692278449,0.0351643355626443,0.0445700493731554,0.039638326182657,0.0661840034540101,0.0282527738554755,0.0571666012354289,0.12041328620786,0.0295505882079158,0.941753030851211,0.914955483557419,0.0359607732621388,0.734851813458659,0.066288050750808,0.131775547651729,0.0443746976426133,0.043783988023529,0.352217810932714,0.682075544851786,0.597129063456603,0.837871182394576,0.0442229929961196,0.0327034829032861,0.035836842941373,0.262849263949875,0.882309842865048,0.0719824152382821,0.915243269284132
0.845792617145892,0.0473534619540514,0.0649702823514061,0.0839740371692063,0.0206959229922041,0.268725782384583,0.618593742823856,0.0314193468117242,0.0155060020129326,0.851715580327102,0.020645874413013,0.0484537300374926,0.0264638580738717,0.0934726252446541,0.0490867182420925,0.0529475618623013,0.0180433625756735,0.0311181387160606,0.539733504083043,0.12693982385901,0.0331357224539769,0.0577464284024917,0.0357050756590727,0.0459963663733581,0.232806107251754,0.0380764455061282,0.0753133719092194,0.0807006719595541,0.0707877371494273,0.0781893236651194,0.034624624856458,0.0640745327957433,0.578502347117229,0.0336976376372668,0.0316912547528493,0.942156717277433,0.0467318569940524,0.0412585127704215,0.0516197692331211,0.0252880429715262,0.0585070261106481,0.0521218940657907,0.0596853775285261,0.105397366556087,0.0263342411931761,0.924621368223326,0.942055359846114,0.0276489271892318,0.403460026791649,0.0390209541076556,0.0910894392975393,0.0474063468335912,0.0520808163772729,0.352677870581101,0.827150191507911,0.612729754871216,0.440607689787964,0.0614524876887168,0.0267217812688515,0.0291446648783513,0.160711989771446,0.908799779291213,0.0500279813848427,0.913799753374699
0.738236784637266,0.0331047263386803,0.0915194489045271,0.105069570490266,0.0194772972844513,0.36675425280268,0.564915838596233,0.0238869218708815,0.0115279205477428,0.873856086450441,0.0127728422291684,0.0738047342832638,0.0269644283306441,0.0695225683446117,0.0268269252764299,0.0777537858622409,0.0147874791280012,0.0531583220484472,0.148445898832044,0.268092155647621,0.0331681204015743,0.0292116812872164,0.0339107496213306,0.0403877928590934,0.371137604893342,0.0313101893671516,0.0423451535285123,0.0602481938281628,0.0519994588461589,0.0442707014765139,0.011924862433139,0.0487147392630494,0.539305611659778,0.0177133681760361,0.028945551049295,0.878431980714198,0.0438333817657499,0.045243414575901,0.0405355102313206,0.0247593659647933,0.0484570449211462,0.0302211793843881,0.0500055789702993,0.145085178124609,0.038753429978853,0.918861010536878,0.895456624998032,0.0248586295773335,0.334895397062033,0.0545012930649938,0.166481337639498,0.0372733319908273,0.0474235480509872,0.283363064846978,0.660080004969595,0.650909907579674,0.814506628141426,0.0309157649825249,0.0210982267724962,0.0226710154112728,0.385118440261542,0.8028665850872,0.0621674974196247,0.92220776305941
0.637851153102399,0.0764126502242557,0.12010241170196,0.113398422870863,0.0175661449525043,0.539822378588564,0.430281040431443,0.0347019407580539,0.0129655270385872,0.931658839475162,0.0179977386466955,0.154532849366386,0.0572431000392698,0.0929474057919161,0.0323683926718445,0.13019831450981,0.0241536327826216,0.128135712391298,0.350493765805419,0.0,0.0560596121023918,0.0315391538920285,0.0498150567748296,0.0775995999718206,0.288008930441219,0.0573237498777432,0.0526911077474703,0.0917830836980438,0.0706495067754341,0.121883585949839,0.0320275807943697,0.0799212194871265,0.529714636397026,0.0395113936464659,0.0438316058327515,0.88663514521978,0.0919245838966301,0.0567039438394684,0.038177740484802,0.0266119981529179,0.0971522921648441,0.048446749273736,0.0714090390509027,0.192018637112881,0.03018077452225,0.959277417823564,0.748749662735262,0.0398865384288193,0.331779011023393,0.114767647840311,0.097245542908081,0.0432774726608534,0.0772747444954228,0.256936213320839,0.734875999572264,0.572545143493472,0.694615765837718,0.048986547487329,0.040426946864872,0.0335171244000774,0.659772996222827,0.86915355156188,0.136729222498138,0.875491327521503
0.801525749821348,0.116215376250779,0.10014673327559,0.103235283804891,0.0248777023394027,0.573597187443705,0.612844665271585,0.0331696044707831,0.0166231934060966,0.924178754045913,0.0176588007525253,0.106820575376138,0.044068494652255,0.0675358080816513,0.0569439056598362,0.0660373828732001,0.0265771999661617,0.0446508338761475,0.662812278321854,0.0,0.262120405861759,0.324183096232906,0.0454757414101031,0.0613966525805854,0.50436536185485,0.0392408666318465,0.0570308016536953,0.0795968874753974,0.0795363872914336,0.0889907636192299,0.0246526141253875,0.0711279373665757,0.558394194666729,0.0349508459778462,0.0644754533189723,0.875141678364127,0.317205683401413,0.0456294759288327,0.0440667377679237,0.0624641176007109,0.0736843254200229,0.0668416751225997,0.0685448415413264,0.157278103947416,0.0298318879084297,0.966668761572425,0.920075460655921,0.0490061891069075,0.887049877307346,0.0836709376474099,0.174129858714131,0.0523537948136505,0.0684687585462464,0.591441808276817,0.835113050839419,0.649555000748669,0.618015137530468,0.0512422618126981,0.0300455918571194,0.0487032643771626,0.377090581447009,0.893346651488308,0.0947007241665533,0.826518725691296
0.593064674266869,0.0381024161075984,0.121379500193771,0.0752590923607606,0.0214780502585042,0.497509973854146,0.394936817295329,0.0255795069144848,0.0162316677547172,0.892171042516633,0.0174950295278405,0.151189788872231,0.0305812465477149,0.0905858913737071,0.0393583513301017,0.132395798469322,0.0173544567356354,0.139931223194197,0.429883067976848,0.198845538772309,0.0755191048640115,0.024449206842323,0.0336907784777359,0.0989468154866397,0.211416547698149,0.0712573553210431,0.0544673835229634,0.0777576979350539,0.0883368848334466,0.0532957774835579,0.0149135883863896,0.0596164481368009,0.508237321235087,0.0248548603443142,0.0378133927012311,0.921839131951883,0.0958798181975859,0.0314793106345842,0.0406624092990467,0.038253974321282,0.107198428948118,0.047807650159377,0.0485625778208005,0.165111442806758,0.0330929778455378,0.949366359733445,0.853323842930234,0.0292770305071276,0.129755360493819,0.210465725375799,0.112255344605025,0.0478342266249663,0.0614025972349516,0.310053543753891,0.688272290906929,0.551719958832158,0.64087403927289,0.0516180789278032,0.0298818383203904,0.0578900009796669,0.698833683298123,0.767231069652669,0.170514300227987,0.92430368610313
0.860320115563512,0.031633464867717,0.0813470288575337,0.0692846039180375,0.0201778160045031,0.179392012902051,0.734096149524041,0.0196329655094809,0.0137862006485625,0.872079552928575,0.0150414159372139,0.113693477086388,0.0416363486999487,0.0713891138223568,0.0419222000482279,0.0207058526532755,0.015001437173919,0.0325336356493957,0.569450303249304,0.348357040290808,0.0277992696190008,0.472443635953231,0.0382174423035342,0.0386866199531816,0.549304421325492,0.0338379343474829,0.0394653646451529,0.0537301680520967,0.0600844651574417,0.0902763456819579,0.0109846362621087,0.0637278752538815,0.431368500878103,0.0225224155129678,0.0349791497974642,0.891438971044255,0.109762959209143,0.0979806627167915,0.048502508842791,0.0286191864624514,0.0443754039836563,0.0280575291429153,0.0716319443399318,0.0471303073264777,0.0239661137619266,0.954718245074228,0.938688499226403,0.0195363301157909,0.835294398877762,0.0650869237898471,0.190199895466125,0.0511712555879017,0.0477168873257671,0.629691320855888,0.839275760148979,0.661219949672823,0.899578149688142,0.0311425503712231,0.0337629470032639,0.0327074499024495,0.092963965967802,0.871881290743426,0.0572630044105962,0.926550322264095
0.517802480702153,0.0313024910700792,0.0411407495704149,0.0530918651063936,0.0183819581959236,0.235605803866921,0.536983399987523,0.025638330996427,0.0158402492496485,0.805703071567477,0.0153820953685982,0.0457165225837768,0.0632447834534284,0.0871314247510685,0.0447566326490951,0.0550202602203818,0.0213494694699057,0.0372185182822886,0.85126764423548,0.262813748995069,0.0266040320989819,0.0429204082194911,0.0332781562467713,0.0396473319417568,0.589635036256556,0.0289233518975788,0.0420183305019018,0.049492994263236,0.0405996638297381,0.0718341047072397,0.0157580271953019,0.0591292979255246,0.251447341088517,0.0206555199232861,0.0406646730143613,0.877643274566204,0.0267002063124446,0.0356289409262236,0.0386011173046461,0.0336047735066028,0.0520135751011696,0.0414781606223997,0.0809583027858327,0.0495124934882616,0.0372840284970715,0.942207575477896,0.931797047401606,0.0188951003852376,0.868266315610834,0.0358056275272369,0.0443382053973967,0.0644029777029749,0.0454611802615595,0.239421206472983,0.722895842757976,0.476890894975999,0.72172735880637,0.0656437260068759,0.0439405131151702,0.0328353765612568,0.259870880866034,0.860147098564029,0.045886938796808,0.918686063590256
0.824345565553729,0.0404863130461105,0.0917845147220643,0.094591792174166,0.0258753049464782,0.530556258507574,0.687773619913966,0.0365652509037335,0.013490983495418,0.874157392359961,0.0182756833824288,0.070226814016865,0.0390129409221067,0.10419636532522,0.0466226434225819,0.0364435208314893,0.024895990428161,0.046747948712338,0.755051489598221,0.0,0.0673622945434035,0.0451893542607162,0.0478176393623976,0.0489357681123988,0.255876415643821,0.0491314502214495,0.0636502012726025,0.087365417407432,0.0675517072145704,0.0793668788715018,0.0278650892728893,0.0690952609311419,0.525660212343233,0.0338278288831693,0.0470491964038302,0.872172860364034,0.0382146032433896,0.0585093298661177,0.0487862034985722,0.0444929607864311,0.073049559987742,0.0604179573240787,0.0568690332290579,0.0907595542484189,0.0283663342529795,0.966936529091791,0.950872902979995,0.0374542866035282,0.691160422787666,0.0462038909495901,0.237819533243532,0.0680675236005699,0.054983682502927,0.513636655955567,0.749024646107496,0.626262427642949,0.676120510803026,0.0486453677788772,0.0348394178802314,0.0294813927278788,0.154353472581281,0.892720579724732,0.0673370489237882,0.869270364293265
0.820769163323581,0.051649346671346,0.0732160635232751,0.111927197703548,0.0237476497195579,0.190009828016301,0.720181422443846,0.0290294552147323,0.0138393735393467,0.931761350196553,0.0187824584129533,0.06494693655524,0.0357903307204144,0.0753061043652661,0.0438692983905043,0.0580410146083757,0.0260778508384936,0.04596784652111,0.642963437098503,0.0,0.0313486835806987,0.0342313284772488,0.0451017963339065,0.0688929143471463,0.228206156576001,0.0426387969606824,0.0431396212435195,0.0596242538793433,0.124186606564509,0.10340711695635,0.0255747387429405,0.0695012244523993,0.453726965674208,0.0386350284004335,0.047312459681905,0.839240881972916,0.0635284893965414,0.0518786032312369,0.0521815587461445,0.0382509544323621,0.0780578034730289,0.040709339084381,0.0647817935156085,0.125402369055952,0.036057570818478,0.966723037290169,0.937535774100613,0.045915088821676,0.869792090631709,0.0691060955326107,0.052414733103204,0.0503250635482292,0.0471018295818188,0.675602065280989,0.670948026588985,0.645172135102626,0.457510853446625,0.0566280304034359,0.026408113673301,0.0372001091257218,0.436079083850857,0.91714052080449,0.120988017936978,0.859254921412749
0.618206580654851,0.0315808887226795,0.0915192205039453,0.175005315200021,0.0225853130165695,0.440133020501628,0.57117329195219,0.032296751825197,0.0122557541074762,0.900100911609511,0.0191463440158251,0.0336807457196337,0.0335329586050407,0.0891619861590865,0.0323991779989052,0.0219776523217488,0.0239448761890676,0.0309978558723042,0.499678184232452,0.115032374312064,0.069220184140324,0.134222160158095,0.0288756085909175,0.0329001145086353,0.323228067106579,0.0418211235562287,0.0449965042419267,0.0635980485032589,0.0506029735019963,0.0608054890661697,0.0179114428003904,0.0658855125526186,0.55968616310635,0.031288324635034,0.0425811279635787,0.895029283349294,0.0392205743692808,0.0395591038410029,0.0446765189654613,0.0398403294548707,0.06239973151454,0.034358984005237,0.0600927401059873,0.0803359437571359,0.0197412557615118,0.935691355365553,0.928565599835783,0.024145123645146,0.526621042649718,0.0357092148571762,0.150573978503725,0.0448859648189885,0.0389910889326065,0.313800360430944,0.659771214193473,0.610331090793172,0.896051728667461,0.0398959601640398,0.0196064575113816,0.0439937206925962,0.177686025568993,0.875186823414851,0.054255448677738,0.910818125753789
0.732155533816046,0.0319458456442835,0.091397139308048,0.0795716759836621,0.0225639148513952,0.400923190728691,0.578802729441964,0.0251214319059299,0.0136065359180349,0.850856579962779,0.0224399332394486,0.111154357738913,0.0336680158181216,0.0886709153603103,0.026286283130504,0.116990771332332,0.0237619116202787,0.0892705459022441,0.491408811246891,0.171186050899249,0.0384679285058937,0.0488144945590289,0.0482452800539352,0.054638495848865,0.152133677334695,0.0604788132816719,0.0775733751647396,0.065412444794978,0.0702196739647026,0.0613496338906996,0.0167718256681375,0.059489180838045,0.542278011972487,0.0307738353638241,0.0384160825347157,0.896216365328039,0.0844858932488444,0.03802573538133,0.0509113142579667,0.0300817592370284,0.073318493853679,0.0358653027246281,0.0514228248119858,0.218243496250051,0.033634142004794,0.947298087994461,0.856588459465021,0.0282620009157956,0.36148234364833,0.0650241637425403,0.0827926908756111,0.0450617155525975,0.0595824288834732,0.368947064962042,0.826275008838137,0.631577651738303,0.706029164434476,0.0344944169554767,0.0426540083436092,0.0335751826659986,0.558020987949958,0.852635129509695,0.0629128744616681,0.917456967839373
0.751520150737883,0.0427105690469769,0.0884283311696037,0.0831952441477593,0.0318080973363848,0.534098604931368,0.529010239611814,0.0343843950226507,0.0125361865336665,0.942359563055989,0.021632017645387,0.0844282624785038,0.046597211939798,0.11216077976676,0.0540948144041178,0.0663111054083399,0.0222136476003186,0.221642216020817,0.497963783251822,0.0,0.174794059174109,0.0486445498349522,0.0525292864699969,0.0711186487119723,0.398264580908807,0.0560207579197144,0.0704024934293685,0.0837350018805723,0.0533370128570661,0.133777219174369,0.0322946471368375,0.0813302715902812,0.557814701890638,0.0519961138727717,0.0465094444296912,0.902296405346574,0.0824648155410756,0.06143707584521,0.0552545500554037,0.0352362221163936,0.056622900852973,0.0469380098783639,0.0737901267056741,0.171846403707977,0.0328720990901029,0.936110818133776,0.908461123616805,0.0526778641589898,0.538946912140682,0.125809788012734,0.240072572635475,0.0535771856167159,0.0629326163233952,0.359490033809452,0.707464691798757,0.613391241769905,0.817583323882851,0.0556191203156093,0.0351520123339189,0.0413492402643011,0.340529410753815,0.912015008408683,0.0984653637017091,0.867869178586793
