0.250530265156847,0.223965957239467,0.108381684885693,0.252869931318065,0.126694116126295,0.0086282279417609,0.031549386183102,0.0042956937725286,0.0308635893393763,0.23943153588642,0.0273463921614434,0.282178048884528,0.309272171422899,0.422489642980721,0.566791587945613,0.28439889236044,0.471825591672395,0.185796262609314,0.256633338942401,0.555895500824367,0.239737145810639,0.404678467667056,0.0030067382276894,0.0160323000068432,0.516283269851928,0.0371139093176281,0.0986384971436624,0.346456588007077,0.310314088351816,0.0460086624788458,0.420780973806846,0.252070487730774,0.0224399210903874,0.196378198494443,0.0343460670236317,0.0237559783606118,0.52540415704388,0.114854196477032,0.0384812492803814,0.325473015686332,0.140241404113643,0.071039558496256,0.245122995207305,0.185049453409682,0.431153744825375,0.10933479553765,0.0222728462142318,0.156685394300124,0.642832089673347,0.136966942181294,0.42774146951574,0.355629593786399,0.0011706714082485,0.18854112610275,0.274083177094001,0.142866666274526,0.887860203741244,0.200015025005903,0.0238707009024173,0.014551679863043,0.0002215587821801,0.286967721901493,0.297636883002737,0.217265938121738,0.0290670730620466,0.355242580684117,0.0824277889936285,0.0377860388966483,0.039043477307127,0.367225384061613,0.293636741315186,0.0231574190483364,0.0424044605912532,0.516063521990503,0.103965118483412,0.253193963097922,0.411120314610431,0.0834568065660013,0.0084287280422201,0.0971563796532936,0.149754475650887,0.13505287190091,0.362500943641534,0.0039941606918898,0.16414913462535,0.125550164643416,0.471313478076949,0.317255449306258,0.223175373751862,0.375925070147237,0.1470064196116,0.0172509766613364,0.20843753793857,0.0858435142772908,0.4545620385738,0.439674691844343,0.0609225947385845,0.411015617122487,0.13971754924567,0.313007834483107,0.0141451661032651,0.0703540727052057,0.197025884903963,0.42427889562976,0.275529153917182,0.0136059208182902,0.0969859172879628,0.687848383500557,0.171252853371277,0.0175501525638515,0.289116311909778,0.236091034159833,0.181946113928875,0.17114311375391,0.113992268841173,0.0268743665187314,0.286374383526653,0.251053056592243,0.0080594977011702,0.190259031005589,0.124690345336724,0.067833215102073,0.0584512436005966,0.0017459887158807,0.226077633144025,0.0196005672104642,0.0610666253250824
0.491626178838901,0.246440513483719,0.0740328947452114,0.490724629636351,0.365733942977601,0.0021448270379678,0.0122763379603627,0.0145262276255244,0.102439680620872,0.42467779720156,0.0380736100660366,0.253683402294928,0.245692877777122,0.370771192339643,0.724138198036361,0.821997126532497,0.614534027300403,0.651008530340475,0.153179324360058,0.443849540224024,0.219860569488899,0.444424476592686,0.0526979027919246,0.0039476265425762,0.337474096113549,0.0111482845478807,0.0781725943350208,0.5329986570314,0.440928855229354,0.0761265525055216,0.54493331190744,0.507596554250889,0.0177994978479197,0.158155564909408,0.0979072836126894,0.159018723108528,0.236328380321583,0.216387192518342,0.305402726761683,0.275370841357816,0.0027618524442394,0.0778056375449043,0.156811593262989,0.159900349520339,0.410628157448839,0.152284858414625,0.0006618744901257,0.0421427379429271,0.579722147478147,0.335660270650803,0.246090158014339,0.516628956896107,0.0003342709024401,0.294103528801246,0.609427927715019,0.372212124598791,0.375817915886172,0.159522634098178,0.0410758742716067,0.0225714081909246,2.18630692547856e-05,0.150287487770918,0.413615389225145,0.388195265419106,0.007740227795305,0.310886695045739,0.264311023064058,0.111913311700642,0.0095421940465483,0.306203393053612,0.334800585582021,0.0002760091076053,0.0328987692653556,0.4206601914485,0.096562654028436,0.278068565523017,0.47076645249875,0.0465646694524448,0.000316141039696,0.0505253663009696,0.0989991081161431,0.131522661997636,0.341866648772427,0.0683703951469272,0.134262617887864,0.559511025294216,0.610227968993688,0.289710378191169,0.0014527132638237,0.640337591180353,0.0773487093626051,0.0039319474525838,0.460653150418842,0.31200069031474,0.595432953699994,0.440819225687186,0.0481710567185241,0.488325711608154,0.224371456690117,0.465584234920675,0.0348908158856985,0.33023711578085,0.103795261621102,0.436467348158893,0.254584927378246,0.0009300750656329,0.118205569362136,0.123745819397993,0.138371226553465,0.0490351781799475,0.604356852045848,0.339618038323422,0.290206885768175,0.430532998854099,0.0758866849129539,0.0202812410820598,0.658400083833826,0.227176498832362,0.006994161798142,0.182150858254471,0.62675641866951,0.0043410577756758,0.029093170706425,0.0001872214974331,0.348405957347004,0.108300091442808,0.154290652505929
0.453351227254416,0.133150071971366,0.105019444511585,0.297053103069871,0.579823569965463,0.0036613405245424,0.2828853406082,0.0760944127719814,0.213652055614714,0.427409708902776,0.038790749981664,0.155714925564134,0.179148766135609,0.418648424130879,0.443262768296838,0.224011662636262,0.306825100657959,0.231277391791271,0.156888705618252,0.275627623952544,0.128959476442158,0.348608739928715,0.073278226122385,0.0016318802892401,0.795914035757976,0.0140792830730152,0.0634565324107985,0.308893436507429,0.63385053304537,0.0549579783724866,0.374713160854893,0.253637874644791,0.0389392037302726,0.226819563402456,0.0580104472240701,0.0583873626200925,0.323303847662208,0.113026670867002,0.102074081766728,0.247831552020699,0.005629929982488,0.109655117915159,0.129464372572036,0.156666914553432,0.377371681891859,0.110079031267751,0.0057875536810996,0.130303535999703,0.661740886661341,0.319390517380516,0.447436010358131,0.45122434030215,0.0017766683055289,0.188284898806435,0.220636196058042,0.218424339389947,0.506484308845039,0.252795724312606,0.124149043367449,0.0279926222575484,1.46404481616868e-05,0.270217914172157,0.541299614470346,0.458579625731669,0.0775894337201219,0.301147239078586,0.0711996900855729,0.0689666521792335,0.0475656437142168,0.395902663642167,0.162857580913191,0.000373110548484,0.142118780845247,0.736434885948242,0.128814407582938,0.482831891521075,0.437812950069772,0.232340553049095,0.0004206715447569,0.0556014415454747,0.0933880993305745,0.0866170920657618,0.0692590946074032,0.0998384196202601,0.135972639651777,0.36547904790741,0.297025233349755,0.247026054662566,0.0087070851951968,0.28453797900779,0.123808074206054,0.0029451652733639,0.110185747238072,0.323958955036062,0.535719395638986,0.327566206164974,0.0299679038572891,0.224602157808265,0.196413936484096,0.259989124042821,0.0596582178694066,0.159591413129548,0.161620486158168,0.488369221119072,0.269336957809124,0.0071151841900431,0.315044924488625,0.440356744704571,0.24357085295992,0.0160776105173484,0.455738849812549,0.344470525834444,0.266097901824543,0.374862646721794,0.277404700770294,0.0007675578866572,0.523457097384778,0.370806870512233,0.0120227889245343,0.111991644675474,0.108464235911738,0.0272759517616458,0.018698639208979,0.0026668473933006,0.61079559732623,0.115933578064328,0.137777055545282
0.383335598386635,0.253069187931549,0.256532707105993,0.164840912827104,0.195722822880553,0.0027058758782631,0.0149562705608601,0.0088071999116197,0.148766328011611,0.112765671335452,0.0468775891059927,0.0,0.757843668206772,0.193361544458103,0.494947656951714,0.131905259955543,0.217499754492782,0.050446880603224,0.326767642212981,0.457634320874339,0.0680553103278896,0.258304130350136,0.0088928935203322,0.0005994662287004,0.575562167397957,0.190527392410375,0.0201701259142371,0.17596086205794,0.60509688168937,0.0194475518457964,0.776249397396754,0.751889979089593,0.0342987804878049,0.144913920005953,0.0184407681654107,0.0290819141310949,0.457165889581245,0.107242353048343,0.0432493571407608,0.113711206833184,0.111160008376607,0.0641901849138649,0.193063238927837,0.304531865843683,0.256214145234648,0.0507842384005936,0.156602582849755,0.418942723109158,0.125134146711743,0.10868546849515,0.623989289552028,0.280356046536981,0.0002113184520495,0.558578749351323,0.0591451213940224,0.149942845490676,0.732513920607631,0.363044388160295,0.0570418407970527,0.0083458163920393,0.0009440160974655,0.886897547283001,0.276842252452009,0.218923906461751,0.122217171987238,0.408715997947046,0.144716809393179,0.035271976943883,0.060156952640007,0.322014099237989,0.179693064018359,0.000724437002833,0.301798276589743,0.623952624268529,0.184492890995261,0.827390126778507,0.347377375808726,0.575407461667804,0.0141651581979961,0.0798947290873187,0.151008580537796,0.0817259842135838,0.364614700676906,0.000175040597287,0.280845165302104,0.25126062481731,0.334083451627375,0.228124131485797,0.365768506332306,0.347866175212211,0.275604580576422,0.0010576280792664,0.102525191210392,0.079814046466811,0.113936502031706,0.378263782482739,0.0520018866549837,0.410112576143111,0.112557051789823,0.171691527502893,0.0802212631775851,0.120248307296034,0.209648009659098,0.246711293626447,0.290393874267947,0.0013126591351841,0.269058391214767,0.845039018952062,0.30077314981843,0.0790287830053545,0.250647541644123,1.0,0.107176014150713,0.300473845582087,0.212225952992297,0.0081085602385333,0.280411047726335,0.320827604268971,0.0152852542608401,0.0458267226877357,0.0968665408908211,0.0559450618743596,0.0226721720251772,0.0010970671455922,0.561689366906234,0.0768252117099805,0.0527509898009565
0.817185930136049,0.207992171464419,0.269276908418068,0.650319925019909,0.228210161547997,0.0175943081824464,0.0971515686431838,0.0319941833428822,0.102043677786325,0.270622040723886,0.0486296923089461,0.21246640788295,0.315504006493825,0.651899134682315,0.708528200204417,0.537264032580769,0.640282824315035,0.301311370089767,0.26154096499387,0.427753131745789,0.168611822695612,0.569802617785366,0.0360318890542976,0.0021647391591961,0.49115698237571,0.0032519472345335,0.0416031107676727,0.348465711666773,0.362654495161176,0.100421650460373,0.28631206813434,0.609124622450986,0.025286944045911,0.27560249019202,0.0162597192990109,0.0803067350522819,0.304261623600157,0.360617487313594,0.210993288075441,0.0915232060687141,0.0624239352451827,0.205825064393082,0.116637914821036,0.166582880939987,0.738345903562212,0.0207565156196474,0.0576446503609525,0.0574882720513248,0.292229908356202,0.68025650547377,0.341067873940846,0.456636951494971,0.0051627291333337,0.628804488842761,0.443929773702426,0.503334176435872,0.519227117600267,0.228533022816545,0.167246613340317,0.0171705746283106,3.41610457106025e-05,0.196145849680513,0.3047282315575,0.241616447045933,0.0192369392011122,0.397974217311234,0.286804385415125,0.0973260136631967,0.0646182025577467,0.413428233791989,0.273257596739732,0.0008590812442425,0.0750762979128624,0.775667286776615,0.363767203791469,0.474851438397049,0.473415567843471,0.128306724158024,0.0376411799199449,0.062540840693892,0.216102433373542,0.1111985651667,0.159789966364422,0.0068606671068677,0.10927298165613,0.437870814374633,0.181407898533527,0.281061122021092,0.0009864264567193,0.416397096379761,0.0835176248332423,0.001275226200838,0.235255554206629,0.394518469514694,0.325849167286671,0.781729021532125,0.0379938568673091,0.490106585526433,0.421282613881912,0.403858435506206,0.138289485990674,0.370016294276877,0.177855532420811,0.270388411365173,0.392190818531282,0.0010246217035105,0.299475349943712,0.429208472686734,0.222139800862502,0.0292502542730858,0.219861013580147,0.320655787676464,0.160202097198198,0.609660875220663,0.107629581558082,0.0312829041241476,0.768438529502302,0.272747113642812,0.0057213975434844,0.0889746390388188,0.105704002952998,0.0258177662173879,0.0156177115906225,0.0014765930770403,0.42407900688546,0.125833256026611,0.155480468280607
0.286778802984046,0.219850697482728,0.133798848213229,0.385793066049518,0.184328452201812,0.0091235408143922,0.116954184385782,0.0132955832971505,0.172507550580362,0.282802403516098,0.140401869996659,0.180371539478736,0.282448076418042,0.444205387400317,0.650687583237836,0.234180939628315,0.32404988706668,0.271410674751279,0.25423869849905,0.272942056328931,0.234738370761015,0.460957857848863,0.0017988195042962,0.0286772052282214,0.647556641235514,0.194934505233212,0.0959401136960188,0.639378290805994,0.432772008087981,0.0954306858273815,0.379688253254057,0.331572927278251,0.0696736011477762,0.332471331862039,0.0769474040065868,0.0615611280190659,0.59494967100963,0.136305323925593,0.112073110987192,0.235566957263198,0.0039728185159443,0.207244275102623,0.192354711303367,0.181207704320666,0.530816972974519,0.0596866110897691,0.193836871026829,0.145456231110122,0.594580106396011,0.213796551321434,0.526235312769743,0.402791989335435,0.0007205941943256,0.27223663725999,0.36159295846397,0.202523033365293,0.453588565856663,0.2165130180944,0.134418810393368,0.0374389858661205,0.0019432754859945,0.457229655203885,0.487485267973073,0.540339090568323,0.122702885763685,0.304785194577786,0.130956482849197,0.12230122327385,0.0569488011933227,0.556498825063501,0.256288577193954,0.0070406655735995,0.193252698263228,0.556644787315659,0.148282843601896,0.578657466389886,0.449401896915833,0.278988462883114,0.0016571909338908,0.10346269189511,0.171761111813531,0.126036415191683,0.390038500574573,0.0397405701933014,0.177764535184993,0.336493844337325,0.442854873120886,0.2775397264123,0.0052539358546971,0.335941697640532,0.170061510086042,0.0102321721352954,0.171652300594877,0.181549181329863,0.21788259028215,0.397643314867774,0.0572783851460432,0.155149557821314,0.218332307050198,0.273944494679001,0.157650014029368,0.111459765943843,0.215872830091047,0.254122766610148,0.308891119689344,0.006802960409145,0.264449117440897,0.0,0.302910860175535,0.0154569718022357,0.610488831585451,0.304418586857126,0.352692837667478,0.363662547616835,0.191670663920318,0.170594660552445,0.438709614036926,0.324385080425151,0.0296219769331618,0.351649140151002,0.213669920433106,0.0504118388902026,0.0200980138094662,0.0046322495382999,0.416789800807492,0.133241448772148,0.143218081215044
0.0679637332608516,0.517105634474792,0.123500953461657,0.547107011022842,0.503871732746449,0.0006344285251294,0.329808232367809,0.0045423364771714,0.267201491547518,0.0093918311593638,0.0466113780767068,0.293597235848654,0.199057465573808,0.327884986933393,0.366440053272215,0.24567036842117,0.213414514386723,0.0765239621572125,0.18170975478512,0.228562201485561,0.104012644176048,0.477910563991973,0.0016192640183864,0.0016697461164716,0.516055585784796,0.045483552315264,0.0744722860147083,0.31811035791179,0.388119774041561,0.025786650603792,0.235731962076169,0.979698139509946,0.0582406743185079,0.160378784531415,0.0122247788961712,0.02913732051811,0.493311255392392,0.0235177685589685,0.0561810436105774,0.382440716837447,0.0138062272185111,0.231519292295469,0.263116678448438,0.357199375325351,0.340464291768185,0.0076076214116619,0.0050179321809534,0.304741243440693,0.147593316378934,0.145706078948784,0.486455158807053,0.215871382587458,6.53731378020191e-05,0.124082122470161,0.0769747863853834,0.0751929822497505,0.389243283467194,0.30991221103694,0.117930652324231,0.0031589781215289,5.48528791124531e-05,0.388154958468424,0.542278420327201,0.0784002768086272,0.0896075076199134,0.248959937203756,0.0374272063293093,0.0264166388873651,0.209382609077149,0.733870091414134,0.0826912043997784,0.0003846978325985,0.411836939854551,0.276015785224669,0.169469573459716,0.39615388042016,0.41337392822763,0.0,0.0004206715447569,0.0612501100564987,0.0810965045670605,0.0716644797510572,0.260705088953942,0.0,0.224582858327288,0.336323071974789,0.389488685593447,0.464045420811356,0.0216816797883715,0.267417409781477,0.18636571193224,0.0122816428152137,0.130751487191939,0.119043338822294,0.400553711440508,0.234917897531653,0.0667512849321967,0.302594352212673,0.0922067634752935,0.267780925341613,0.0752553122313821,0.0401888225123274,0.0812953540231867,0.164067783320755,0.144874390985726,0.0064775440741245,0.191380445633934,0.206243032329989,0.372963021656962,0.242155291829987,0.203871051914613,0.141568335073339,0.199849502086448,0.143862615751494,0.218489884596936,0.0733312996329499,0.525762527589843,0.292455095047906,0.0660951310725657,0.0749746868746462,0.172655032400952,0.0009832899818712,0.0317364338406786,0.0016400942037579,1.0,0.241674066024358,0.0952356937261033
0.442185323425343,0.372557896852547,0.158359867851105,0.34975052893843,0.809335495482357,0.0022441953611809,0.0129663804862393,0.0458704046738793,0.202808399049593,0.102241441543459,0.10717710367833,0.121890329735955,0.434356202871708,0.364826929731142,0.601449499798681,0.485516080537032,0.509437297456545,0.186959874566274,0.308163412482826,0.701069127870413,0.128238558016521,0.852472519244017,0.0058730967118493,0.0081311161294737,0.62516256256488,0.0289515717120553,0.0638312863817194,0.510146873867536,0.422543428898271,0.110747784183805,0.724550859713964,0.510532947295051,0.142732245337159,0.257979521263607,0.0176392327070088,0.143101234188087,0.372129504553575,0.29696342291941,0.277250120218629,0.136501962629188,0.0129078664234618,0.167708204297998,0.156863476292698,0.228360229047371,0.463988830093938,0.074475012832594,0.184339741715025,0.181350243830079,0.331376143715233,0.330563753052465,0.426617577113464,0.454198407583011,0.001144958261907,0.248018292682927,0.347444764800723,0.288352832530425,0.453896487131457,0.328639807679924,0.211790989241577,0.0211855339182538,0.0005694158305018,0.243857634007922,0.640518567347836,0.541175283296329,0.0269370621891877,0.468891706669082,0.266297750915728,0.10701768451434,0.0497976396779784,0.24861452574673,0.120155594682282,0.0015705404888675,0.161104713185594,0.461055925225772,0.264664265402844,0.478836096683089,0.279836127963465,0.254399254166181,0.013413048466461,0.0848300518029201,0.109021695672826,0.153913495639033,0.0869408399667838,0.0134919905928677,0.207081044667841,0.323931075017261,0.34705250734677,0.229055636828973,0.0003559541541557,0.412534299732678,0.127523748981547,0.0114669149646783,0.129428189874954,0.175152983813557,0.371784324386196,0.383493278577676,0.0584044983172214,0.265237519054313,0.309084638721393,0.23145870614049,0.265569258314071,0.251140243611129,0.160065051067552,0.298783702992228,0.371179897958128,0.0010466092937146,0.449521017863591,0.0434782608695652,0.363026377457608,0.102398308464521,0.522542123783101,0.853843803996912,0.083174528716761,0.493940351203196,0.223921446911769,0.0730951279755169,0.772309294420466,0.261878260110435,0.015837053953524,0.080531615495619,0.694226273480436,0.0113876408922519,0.0116960074633312,0.0004481455753037,0.505069440954248,0.136448573359662,0.260144409142218
0.0009974324002931,0.117860470970872,0.0921785612969623,0.586330651101323,0.0884946769371507,0.0111078497917851,0.785204204445158,0.0784349492712479,0.247812510657971,0.289412780534067,0.0703095925613032,0.0959977391972017,0.227261247020418,0.527916492198408,0.565270077740267,0.277266297601521,0.663772954924875,0.38790589982511,0.198573940764547,0.596111026124794,0.212545080312145,0.433072752867883,0.096176447543681,0.257620839891421,0.69365687625178,0.297780458594494,0.019898351856813,0.979106712711304,0.514487777163506,0.318188337205633,0.820678129519524,0.631009061176344,0.170798959827834,0.158911366559149,0.0257854502230122,0.103337620180895,0.14994117390736,0.31255337399562,0.0266986948659308,0.265792916893312,0.0101611889926523,0.169523597982137,0.182918485274948,0.123062393098832,0.19507102706905,0.162886934175633,0.113873197161636,0.35672989560735,0.280834374224567,0.13367467579246,0.408843165923864,0.503694154953687,0.000153695960374,0.677046574987026,0.442102167394033,0.884020461902549,0.4020938646686,0.222922792933954,0.280242795114076,0.0225815984429295,0.0,0.562715295840832,0.572841133816744,0.396773449439174,0.496987683368091,0.204788213627993,0.334592308201079,0.160304995632672,0.0893483887950512,0.437392184295242,0.120880153517449,0.0059106736267619,0.119154116481834,0.427349355904667,0.573756966824644,0.120802633571804,0.335676494511481,0.373899145953685,0.0581291589118629,0.0563369483773629,0.104616951260768,0.156553028302615,0.0636140212550013,0.0001392237093933,0.459944035651363,0.131161555893375,0.276525112687831,0.253595457918864,0.0005030643580872,0.486115379767967,0.293797956826545,0.0157935752889501,0.18307636275343,0.172215550777683,0.368429147828078,0.116823096630914,0.0761180923310543,0.366111200080666,0.429776025340131,0.326390952721202,0.463013686428034,0.0595640696455817,0.319301563443271,0.328419793984181,0.247598152345273,0.0085047998909415,0.745512861360692,0.477146042363434,0.155803344134278,0.100283889115696,0.212255517054808,0.211892916366883,0.225375511839495,0.473859209018551,0.1311898648458,0.146672439751626,0.556335675877472,0.262271110238111,0.0732644993424723,0.14661681110429,0.127498769584119,0.0076535035863482,0.0012899584794614,0.0037749275681537,0.597833844298135,0.257881972514147,0.21746918526571
0.491341024807187,0.291990571649576,0.137340458959168,0.218733921018978,0.120505972701902,0.0043508038132976,0.370793548904758,0.116410218201718,0.124894367664947,0.405327935566518,0.0651646569544915,0.0861333873650983,0.21212427732954,0.399185171521933,0.633950970979032,0.498656531809108,0.500697240498871,0.359843406295175,0.183625467139801,0.554331752587833,0.161472286490539,0.358642585437446,0.0283665021285487,0.006479162389653,0.56792510351907,0.0045407373827819,0.0613938370006055,0.552413080087826,0.51011093235594,0.184120701029745,0.455355937650651,0.333445927832288,0.0995337159253945,0.18458769275849,0.127651337528217,0.0431999298372404,0.384352259357706,0.159068740013132,0.215388887509228,0.309676423457462,0.0073264964839493,0.0517942496871116,0.0936650820724676,0.122083736149327,0.45603619463466,0.181764254576776,0.0663721581726107,0.0986890656579704,0.488526464463293,0.384073251286923,0.384300738104885,0.545373173721868,0.0062778290565419,0.265042812662169,0.434024987789699,0.236598100862513,0.63083318364938,0.265964068771598,0.0557499357241296,0.0429722927047986,0.0003697201175764,0.158604933036385,0.440602464992709,0.300366194746403,0.0420387501559631,0.270757479696887,0.285232766521683,0.0804761442610776,0.0383168447145019,0.373999945667676,0.302798824879323,0.0003209677699692,0.0954577556642849,0.532219809754948,0.127291753554502,0.395336457507372,0.291462386293253,0.219255165065677,0.0004971572801672,0.0521940324521426,0.0909721534040234,0.125597677942485,0.0940873518482792,0.141313220417706,0.138913358897295,0.441245401980331,0.238066575766683,0.389470019271471,0.0022788946769748,0.50931869288445,0.0943691858643197,0.0080966742910349,0.378013839990288,0.37773519238928,0.572025410633549,0.182021203342411,0.0703021843527789,0.213055392444705,0.112714300900337,0.420959613524126,0.0988870034605775,0.190671501075951,0.148095901043528,0.33746998461252,0.305167752744517,0.0116160439048201,0.150661653815926,0.389074693422519,0.18448035767873,0.0283133965928586,0.372435255428797,0.130774501876718,0.262765448024471,0.497464151878349,0.140599870206823,0.0072721189517914,0.458813358396154,0.291342019686156,0.0091389306766393,0.143100877787434,0.693660282175375,0.0230748009773784,0.0975588687524835,0.0011766998187086,0.407250674306009,0.0639702081980466,0.154869683730655
0.0006819428332904,0.0442385348294715,0.0154932748831866,0.254409243559334,0.0001495661339184,0.167632832516984,0.324801412180053,0.0015646396575777,0.244525118706113,0.429341864069699,0.426934579997773,0.716196732500107,0.23231067321913,0.226516123559879,0.464916220150525,0.362577638027478,0.756947854266916,0.188978164466931,0.371814619695964,0.379718865262693,0.740639210264412,0.187273489681613,0.0,0.0006277515454275,0.462079025666555,0.112525616577438,0.0300546490398091,0.0254817633390889,0.270235733647568,0.0567363680692998,0.0039980716696127,0.0058772541239969,0.0118588593974175,0.11154702132756,0.0018538915364398,0.0287289370151034,0.0069284064665127,0.000795153925859,0.338201529316413,0.445696917128534,0.0120975207063058,0.11649060907526,0.0622239660684986,0.115990183684093,0.531742125481723,0.999054382837049,0.413502239598565,0.410810109213625,0.0971353067863316,0.267103973420427,0.125336903482657,0.527488605784035,1.24571666155102e-05,0.413787623248573,0.60927562718932,0.849617956907657,0.131256575402222,0.136038013264934,0.113154276461298,0.47039222279967,0.72603309834438,0.187690392477014,0.327021034338107,0.0267725844122142,0.063837940930075,0.0085861787881532,0.0001001552721672,0.788901500926211,0.353184570162546,0.0797802257508048,0.598324859539448,0.0021244126695364,0.0305997577978694,0.10193203528108,0.34969327014218,0.0619303653679962,0.222458528285836,0.0916310120365592,9.68819315197716e-05,0.0522245787456494,0.0835705425455937,0.212863735522686,0.0885680973670304,0.0004107388272973,0.0850865374650223,0.0851095929017367,0.164586865979621,0.477037629761749,0.0144956090231094,0.13837965962283,0.0039663709049234,0.0014928243224095,0.468216583707661,0.696196797227236,0.0469367023407543,0.0450586534822985,0.331338029519248,0.0242664460221712,0.251006320826395,0.204235616230469,0.28264945730841,0.0018601700988329,0.0419505464043269,0.0587409708813988,0.135912092663311,0.0332980066050721,0.319165657724251,0.124860646599777,0.304286547597773,0.021278704540574,0.025233978380743,0.0016728908474786,0.053016310455696,0.0531735265880021,0.0302192376061624,0.0931795593430492,0.0320369654774926,0.184050284816343,0.250788932589813,0.199156494909471,0.0426882536297268,0.0017498226531094,0.0030406164158734,0.22246488537978,0.0311856058702317,0.195581589514558,0.0379663925296255
0.297038281018692,0.254451769033838,0.174166086787273,0.484300509616965,0.138834245921526,0.0167137519644353,0.0763861028644789,0.0475044125921378,0.0812260550917628,0.136114315641964,0.0378128319148994,0.171278206714158,0.437261963251084,0.611179252840523,0.627682968377365,0.275253315923762,0.59043503879014,0.151525913358375,0.164993500261654,0.697924634133904,0.187162031303744,0.54289094557762,0.0292806027840894,0.021725404320354,0.750809436153914,0.0575347392635164,0.0480258053726092,0.223998635714438,0.363947653854321,0.0402432378165964,0.381295195243452,0.197152967669294,0.155913737446198,0.185943484640948,0.0639647106293417,0.0763714054279273,0.374090374308249,0.108751057991202,0.089126591909117,0.333121388982814,0.0078060269083338,0.233240712659488,0.24547806969188,0.126200639547855,0.497474721688393,0.199647801385373,0.0446072621484754,0.181887967959059,0.50289966297111,0.175385027208108,0.535039723783184,0.326059140905761,0.0004508328479464,0.148929683445771,0.265675137726941,0.136266938028042,0.604901080290472,0.307151366202322,0.0621296152869578,0.0214912414784018,0.0004952375598159,0.16304385329331,0.415273366492879,0.453115538767625,0.0526620679821043,0.471122784771911,0.0746729993354477,0.0402486212323883,0.0399812446530809,0.484104399559908,0.19901133576007,0.0007610528206346,0.262619642974548,0.710831532340154,0.117423317535545,0.371034273852267,0.667920332519943,0.267784307523266,0.0075542411340285,0.102789475544098,0.139318409371273,0.117697360670456,0.275224586685008,0.016547402206898,0.230490206238988,0.411154892628187,0.503845773651038,0.245327966233695,0.0040271418326253,0.445837930584638,0.186276177600301,0.0338440985365261,0.155396382177977,0.121513371252706,0.525503634178447,0.386058399141445,0.04898784027855,0.204262234796586,0.196646625977847,0.225712470043694,0.0682317206240619,0.1808176819841,0.216756810033634,0.410287069616097,0.291127508644352,0.0058091213319202,0.249134433611589,0.311036789297659,0.266748488598316,0.0862357435983358,0.286330443858619,0.430480127405447,0.14611979243015,0.306924958964353,0.215089867667391,0.0398933291347261,0.392283358330659,0.274362164167703,0.0147415100381225,0.152022259605036,0.259443441883357,0.007190431149996,0.0312872518701519,0.0031565036173565,0.423601547972056,0.0664881985766728,0.172323428163705
0.360617922719617,0.216655128238965,0.0823068301947759,0.281781673857952,0.208554437101019,0.0024689206459858,0.200625852523469,0.0127380680168642,0.0507148893276289,0.0415165648687479,0.0538642704052112,0.340476901420467,0.323947989088163,0.17220320088107,0.239206182054697,0.125870756139428,0.142845919670038,0.0341973365622812,0.199873888433794,0.437424574643482,0.0678964638951222,0.130664629945787,0.0255458486771658,0.0002303884668902,0.265514353743859,0.034041793266571,0.0526839043169489,0.225424207541941,0.215599778862212,0.0240082609069787,0.404313032299534,0.175743927939521,0.0319673601147776,0.167297276555963,0.0045583921307756,0.240646023711134,0.137914506078696,0.0720999654610944,0.020185441467638,0.202147131033063,0.0172904103020131,0.0637758480024262,0.318864993871317,0.404259686175355,0.117696554062196,0.116674273193614,0.175073498853264,0.0980215460495819,0.233824131436032,0.189147199342859,0.28344284531506,0.13058163575613,0.0011430152029895,0.103788271925272,0.0351604144674996,0.0535938716248939,0.370819327192015,0.203894696172916,0.0373550599083051,0.0032099293815536,2.26438931567422e-05,0.130518390647243,0.131599448672619,0.150860701825207,0.0130028697217618,0.686106330948284,0.14158679966111,0.018082004498137,0.011612411433084,0.389396367884164,0.064470898947535,0.0028680845639994,0.117586801468483,0.390950071956154,0.108948625592417,0.377148240870255,0.365689852022656,0.128389964539597,0.0315529153812814,0.0746479539673346,0.137784095763039,0.086554125145738,0.306142477289694,0.0084054148202194,0.0652010571043631,0.329187301660473,0.506529550965556,0.195564202096956,5.77932944016687e-05,0.179599038612489,0.112822211677068,0.0015282472724328,0.0543765934199344,0.122570415698908,0.147577691295141,0.532716918629537,0.0599230254992414,0.0790094129788786,0.136771945191092,0.101521053197342,0.0828445323321264,0.129832757493792,0.150957285596363,0.152992717899462,0.157110446470563,0.0007805594522451,0.0776779455808322,0.426978818283166,0.119957920149437,0.0115844694010954,0.271668182393774,0.842776573342359,0.0675383818542516,0.0810517513704358,0.0623148331029034,0.144478011434644,0.33366517555982,0.188284336192409,0.0076265161904877,0.294963684634335,0.111732015421212,0.131252463151257,0.008304107711533,0.0006133410142152,0.271074366319881,0.0780709543183535,0.282188688220326
0.171523183629489,0.183720868853757,0.0430908695392217,0.143410099681676,0.192373950136888,0.0116765423492506,0.108946481585493,0.0078000755343283,0.101736728220791,0.199238461919557,0.0326814785034594,0.152298127372777,0.291953839561818,0.206576252839176,0.365085018738192,0.156655052883793,0.218088971815771,0.112828003579843,0.198511069895764,0.22825625074363,0.11319030230309,0.230104531703957,0.0026443626106714,0.0061091721982709,0.92096275628929,0.0815771694321955,0.0447436109867953,0.266835070665729,0.814812405906445,0.0389811548059547,0.573112646633457,0.41569710292567,0.0584200143472023,0.173104158769508,0.0251474934295903,0.0113098510189189,0.633121268900606,0.0725687077515172,0.0277620371018393,0.157058114405845,0.17420308416973,0.0284077075208557,0.296840647759626,0.235872685357329,0.267371797621017,0.0658539174708243,0.0,0.563505219632493,0.355506323348804,0.0649884724749996,0.343160639103705,0.181714554568875,0.0001931832354862,0.284062013492475,0.0975616160661299,0.147246878069727,0.554283954735573,0.2569651634506,0.0739515846996281,0.061966922441992,0.0006295392709525,0.257302667971102,0.196779928487246,0.231971396441856,0.094174999554391,0.269577031066027,0.127903321816527,0.0718798921459827,0.0684899203720359,0.38249955854987,0.178078262245786,0.0006597799574746,0.120416027757806,0.383955031164286,0.154745023696682,0.384643140329464,0.493571231353586,0.318677476817554,0.0007648573541034,0.0791196917579512,0.126011912287836,0.104897810782374,0.266970868737366,0.0022922808251979,0.50290185511452,0.15840446229231,0.276576338977163,0.230356690193539,0.0131742441556531,0.247484317753166,0.199061680201273,0.0089164625630022,0.19192667233216,0.0807596338455565,0.228781548675099,0.211037772718532,0.070309853681981,0.419565591321317,0.252872735502587,0.165953195444744,0.100650695455821,0.0649890575239814,0.178847314795422,0.555560564926346,0.263711660991924,0.0059674319813897,0.17232736464241,0.124860646599777,0.24086668307601,0.0197636853196525,0.40736221273134,0.38764093462,0.15745599890547,0.219492087088482,0.357199288959115,0.0192676710522431,0.366786086204751,0.502455313297977,0.0316640385695902,0.25784308254072,0.035385735378558,0.0377216836131473,0.0212209687357831,0.0010682638382948,0.257620076728485,0.111268669573399,0.064246316147313
0.423175863592019,0.239643330619603,0.489637862668446,0.376298861421334,0.374314730234069,0.0083331804589899,0.0289336435850116,0.0640166278290047,0.100698404999109,0.165089565654349,0.0482330922040915,0.0766134880348078,0.191233587951241,0.493796559463495,0.637512776039892,0.430447208361924,0.468840223902583,0.235382689417203,0.240131585030076,0.430744650111332,0.273250688385454,0.342843022733399,0.0241649037582596,0.0201135974816944,0.325167579332461,0.0171301690538007,0.0774664463567565,0.323969857815864,0.279963118195852,0.09640593179015,0.342040816326531,0.295983235930156,0.0137195121951219,0.304243884401882,0.0925255455348477,0.0236616322528189,0.343391868926751,0.246461659917031,0.26461192523643,0.215341585686773,0.0112264749354303,0.159605141194914,0.191681853261821,0.196127017178553,0.494714240881393,0.0590167989326784,0.0427293856881186,0.212096938680907,0.437828692162482,0.272477361568006,0.414733912308207,0.600057760020503,0.0503281837306425,0.196850674623768,0.383335171443126,0.228572941114189,0.435862564471017,0.281823499109232,0.0988698625214985,0.0384783915706235,0.0052504551227318,0.091276810766712,0.386288727752142,0.154234306969234,0.0281847673029963,0.351344986867132,0.148494363903788,0.0736875862389076,0.0487282558624169,0.343424430529333,0.247964805729208,0.0025415548976553,0.0262604796959536,0.358010700657383,0.247056682464455,0.284543356824034,0.477646690098278,0.0719030416035427,0.0750146597659536,0.113136283785848,0.14920772692635,0.152152453069333,0.205235742624917,0.0499980647326703,0.186793968286869,0.10974167275196,0.265674744278764,0.290809859907705,0.0012622580890909,0.591301963680425,0.0986220666314498,0.0032032467663907,0.266893286390676,0.144433977866784,0.291127739941624,0.435499779778041,0.069885484132797,0.13836100286482,0.247105465165893,0.224302389548964,0.209843717292644,0.198746468980393,0.153227296807816,0.178837804196764,0.301290299582702,0.0087312720700436,0.0489390173962913,0.1438127090301,0.260544408066653,0.0603057884589517,0.214143460692783,0.137169971241911,0.210345265667908,0.129113320325808,0.106049490702858,0.0387813542476457,0.442279101144201,0.214954494860211,0.0043257873718425,0.169817187412799,0.592359117381675,0.0501635532434776,0.185690674867117,0.0011766998187086,0.300536094218559,0.127728375101051,0.240936760451047
0.249008634706765,0.261413399870472,0.178693598513134,0.444425704165964,0.312978528766415,0.0057572477726208,0.0170584931396935,0.0285026475552826,0.0932975099190184,0.655028911552589,0.0464103615852052,0.330230772512051,0.363080570923799,0.553630981792919,0.652662062130269,0.336979572621673,0.423156240793479,0.368520660739656,0.225429047450864,0.577906956979926,0.224854456955977,0.372120885374547,0.0106819190890334,0.0010812290426332,0.523055906086111,0.0877051667746903,0.0761687445896831,0.425795655603163,0.623859160479846,0.118549751885954,0.577952755905512,0.541711793826962,0.0289858321377331,0.172159988093217,0.0254255771600563,0.096837359144786,0.473637195520502,0.114042911743607,0.0916190119270425,0.312271210361506,0.0088197178054502,0.123202226313384,0.212011894184561,0.205364765375177,0.384288201003848,0.0687717593185427,0.0103591053919682,0.153881811944893,0.703996708236006,0.263437734962714,0.400102172036571,0.360334549098886,0.0016939371747305,0.276488713025428,0.360526854784075,0.210477607784777,0.477642349439327,0.223118654618043,0.0613103973606172,0.0693548551455677,7.67159483672387e-05,0.391099120396495,0.463434609776073,0.629811712465039,0.0398418979377217,0.337004498384808,0.0387997744931608,0.129546346424065,0.034373834645842,0.432943725295772,0.238011395109599,0.0003789041905413,0.147325490395689,0.532134565530244,0.102490995260664,0.325982466612617,0.585663435492176,0.265303744152363,0.00044361726538,0.0690058738725573,0.140962072724415,0.102154687379398,0.386884640871002,0.003950256119633,0.214698414343455,0.333960546345838,0.615263353152838,0.398088734282756,0.0034610302442817,0.428153530136226,0.14103447967123,0.0063862518470538,0.25636760956659,0.142082593282375,0.380193727465232,0.500992549674009,0.0463636514698909,0.290880027521249,0.196663771519492,0.370289983369903,0.138614611030201,0.135313652123796,0.16592642330011,0.800858562593722,0.288495394086999,0.0036543374919195,0.262409991716052,0.164994425863991,0.221131637776107,0.137652003388735,0.569909555220433,0.373735209772634,0.272068955407664,0.565499705782155,0.234192037470726,0.006947382922821,0.498316773969597,0.301577948012833,0.0263131926445504,0.225242966140207,0.350978180625051,0.0060751162607393,0.0340687248414906,0.0004210365802002,0.503628687741871,0.0964787892442053,0.125824107747126
0.71182333554985,0.316200967603749,0.0987134946309741,0.302236806428817,0.351675969321127,0.0028235891226847,0.0077669902912621,0.006276542994191,0.204003986554851,0.219734877170136,0.0421183878477382,0.175537473872798,0.409543208185637,0.272202796967416,0.295447858271131,0.132678031741379,0.108946283020721,0.098118390444905,0.35648892085852,0.334591130827937,0.0157288515830574,0.135801359810705,0.0824714670009663,0.0006272953306416,0.402074626347292,0.011640322647115,0.0228181808327281,0.192947816077253,0.137174295218947,0.056937154002811,0.334546038887996,0.287510053080264,0.07868543758967,0.28194192187569,0.0069466406394835,0.123001771960902,0.241230554708266,0.108219690212585,0.124144641635605,0.0800965878184678,0.0021336068882421,0.142718776296511,0.332096787791923,0.203544284970625,0.264786272071082,0.0425801339405421,0.176150968953469,0.333986019172647,0.226022943930077,0.356352079612749,0.303859636760794,0.125599355841891,0.0076413598571238,0.0724020498183705,0.002993493091333,0.135076790955667,0.496666752200354,0.206159179205392,0.0817014182211313,0.0038009639978396,8.64762471416965e-05,0.205086574666128,0.150895906993468,0.128225829705026,0.0847414576760601,0.687866437218851,0.220454352187511,0.0466776658635284,0.142729835260052,0.237031553496964,0.0369994856374139,0.0022361140883993,0.343015055980081,0.826232155124431,0.332078104265403,0.8413664994699,0.198415008171215,0.264904190320808,0.0583688142161487,0.0823833535877221,0.130279969518759,0.131030098187771,0.0179333831016868,0.163736903006134,0.248458389470411,0.173450240809985,0.386141367749929,0.307827393586967,0.0003520137022647,0.149050441888901,0.0839563430597463,0.0007742444790802,0.0604224839140464,0.18794897423544,0.066359526126023,0.540793791601789,0.0986109566593425,0.170698470316791,0.180878606136046,0.0784507451927637,0.126901202071893,0.156845883382582,0.191413998299802,0.122292244513922,0.233575156702233,0.0008245346326533,0.234711867286901,0.195094760312152,0.0683763853812981,0.0342814395986379,0.12948914240544,0.0310518269947657,0.736198657245888,0.264198953203877,0.195169436528315,0.0265004280611291,0.49216677691688,0.0268447587245466,0.0132935393117004,0.0569724704813081,0.203021696333361,0.137345314101048,0.0047452044065903,0.0005116822825773,0.57807374646094,0.101196708058894,0.307988576274289
0.648166034878585,0.18591147826546,0.135146034197407,0.537281886287311,0.484540827825764,0.0078714999419077,0.199454384979539,0.0278731948194755,0.169470265681902,0.19313766428627,0.0435906978260338,0.166861109926204,0.250599686115052,0.433490904537701,0.54365146963174,0.479991206390023,0.532456054207994,0.316799094109505,0.225425349164465,0.420478302993218,0.216404437680573,0.712567765896906,0.0771892710700201,0.0032322817582517,0.61329211865813,0.0232931335708604,0.0448132966425451,0.395570868239858,0.471155483203284,0.0946849095029114,0.346238148802828,0.344622272264222,0.0334020803443328,0.185143497663992,0.0116795166795712,0.119745266017975,0.482221447557628,0.241161266325326,0.293721765554484,0.191870892812514,0.0683300504720947,0.153998778346838,0.157606052155416,0.118445749981409,0.288670047319611,0.394292806414436,0.0044945895608539,0.0991859969219929,0.284498869764875,0.547962245879418,0.561847552275089,0.574903462349838,0.0001139496107394,0.552701738453555,0.36418206740086,0.401693263610714,0.388683893151318,0.207546309214621,0.173725301697362,0.0425748728766062,5.36816432595181e-05,0.803338831550865,0.437586144903218,0.248983593321992,0.0576350640785698,0.432327989614467,0.17682255824281,0.0632583221864491,0.0179766161405664,0.30453267410114,0.219022018675318,0.0004465739297694,0.0873475897494629,0.888570755213687,0.105839620853081,0.52808415669574,0.326870984351564,0.179466262673348,0.0016265966397266,0.053723143968275,0.151042752333079,0.129110622722527,0.491339467702296,0.008151230454522,0.14033837703389,0.590022703295068,0.15282603031876,0.197421104551549,0.0050595402280733,0.470993647501564,0.0850128481766333,0.0039117057668562,0.269042126987981,0.267435840278427,0.792655096434499,0.593433043219335,0.047318482955555,0.525811550620711,0.368513045552765,0.314316743283148,0.0795442904925422,0.384591692663306,0.150707799967967,0.413423371328322,0.271629852709675,0.0009938390772248,0.417319824125406,0.253065774804905,0.35597260763574,0.127063387743447,0.458551578850426,0.256665510424052,0.258983455002101,0.750921985815603,0.18920177195903,0.0234006750573208,0.51126844507902,0.11159126126716,0.0087522681182623,0.131309346323418,0.471058567795915,0.0098782218018444,0.0159517186969116,0.0035419596414835,0.547102578278132,0.0970486502246313,0.123022343756518
0.527573788156036,0.211808988604365,0.185831521607769,0.0242532414158257,0.629639864636434,0.0033617068114692,0.0545454545454545,0.011044968617285,0.0916092873085828,0.367314728967465,0.0667700724474301,0.179512007848825,0.265035503679792,0.373465296412035,0.562900703069347,0.435198200418807,0.493351664538937,0.167201870902015,0.272408379577323,0.385191984090561,0.175802067569607,0.48110042831042,0.0080604089947504,0.0188599192499829,0.442289807085991,0.0425013518559452,0.0857985279292365,0.312218882564857,0.291957356370433,0.143189054298253,0.476040494938133,0.241047843725984,0.0166113701578192,0.318887832058548,0.0566254811939061,0.0307143283080139,0.310362107281363,0.26765469444455,0.0841191756049875,0.16639714205907,0.013008021512099,0.17640500792366,0.186099563534013,0.182317245482264,0.211769383102318,0.0865578988036411,0.0062647190111903,0.109940479501585,0.379957931591197,0.270094437788762,0.202836154808251,0.696079012647914,0.0020871043519144,0.20757005708355,0.369402299212764,0.152381960742793,0.292263477970799,0.220601966129344,0.0532076453952128,0.0184341658769221,0.003914855838435,0.208082491070961,0.351251473202693,0.234638562901877,0.0098568703990873,0.37844700057362,0.155932310153792,0.0526433939414398,0.0823096496808301,0.151152524415588,0.174522236290259,0.0777974890355324,0.153471740610426,0.364780094972095,0.214010236966825,0.509074062525057,0.295514413426164,0.147069106164783,0.0014379318257145,0.119522854916486,0.159291823714543,0.125278780960428,0.0428958471384595,0.0294125972616256,0.210734272981656,0.335293199383543,0.453216590754375,0.185421483261918,0.0029146209153932,0.307741292124273,0.12006553913098,0.0216990870999737,0.213633604467646,0.212811091056829,0.321056057917931,0.313503017971352,0.0979450032402916,0.342700344608742,0.179672539749489,0.202850828659412,0.163836297315714,0.250723484190079,0.15706506338783,0.113532161793965,0.322892267286691,0.0052044626013078,0.184540878098515,0.110367892976589,0.183431733197563,0.171954681574582,0.303414031412005,0.378804622605911,0.137588319798294,0.175586112917712,0.1125109336644,0.0278977770342744,0.275318797770544,0.324210480368406,0.0067665947715972,0.557080101093049,0.421089328192929,0.0413730590368093,0.0120760845153154,0.0011987258772301,0.340021108709856,0.0681050134513697,0.103759282399754
0.270697329016789,0.0988799265871767,0.410803948183589,0.19165611636432,0.105809132068968,0.0031186366054557,0.200353045013239,0.0335254234675395,0.147674951778602,0.121492218298146,0.0116616729461683,0.120170200059719,0.289960330873437,0.517779605861056,0.540983987363335,0.325821014507236,0.410880879897869,0.29203846243275,0.200260359362489,0.335899920112862,0.178129167809648,0.325321232815168,0.121379508475019,0.0022897420105385,0.63002882711833,0.0545412993552303,0.0654611564412,0.276382404979642,0.784681425764848,0.14247196167857,0.449005302908565,0.299494218361839,0.0495202654232424,0.179155223054508,0.0232608861601544,0.134564883869664,0.259553793193603,0.433319985880799,0.279514519926943,0.222905426265418,0.131670556528443,0.210819532781738,0.0728843073291265,0.120260281103592,0.332437453495599,0.0808097722529219,0.207074360829344,0.115217592850123,0.374394180362283,0.159499743468283,0.93685415822573,0.458079039424083,0.0002861909890038,0.675107031655423,0.364502423679056,0.39234658965023,0.660362833902132,0.261730236751164,0.13845900796382,0.0150510022112847,0.0001690483747736,0.586667323336372,0.749985018277701,0.420258931403362,0.117970518510597,0.307611025571355,0.421648656565052,0.101351550928954,0.0359121021343804,0.226997052471442,0.221166020416238,0.0024154852464905,0.161270140210007,0.454421918797354,0.120552037914692,0.309669645323094,0.406739946420709,0.231857758835966,0.0219463070137419,0.0622174093508793,0.0862427769367719,0.085389237125296,0.161719189055436,0.0011132119834063,0.27526168514872,0.238505081787389,0.188183775913799,0.370424552648377,0.0005739924921256,0.47915703915642,0.101003679861043,0.0056828532680201,0.159281291732427,0.151624756412377,0.438472929662909,0.143221816241835,0.0279406445048617,0.266757415612377,0.208702880989856,0.291051995927839,0.120180466665776,0.15125317524937,0.359915359690515,0.209779380776431,0.245443245101726,0.0002990312267756,0.391745788992969,0.105908584169454,0.123447715448498,0.277800720696059,0.449837107301967,0.477196932455133,0.188044211205254,0.407037071448481,0.115981490364267,0.0431702108816091,0.481166862060609,0.400772605251097,0.0278397042031428,0.266373805100894,0.775036912476417,0.0101363600535982,0.0051540751746338,0.0013410481015231,0.358477827478179,0.154008243105345,0.0784630892498806
0.530975008372608,0.138591066617671,0.0684546033942981,0.302170622407348,0.300458061821774,0.0020424012278867,0.136596325122362,0.0105799443512398,0.0730179963393422,0.246466562391626,0.0463478834864952,0.183090901335153,0.177794210594434,0.657135202017414,0.611186390807446,0.539433567163417,0.480035353039379,0.394698153252893,0.184744198775497,0.390019206907688,0.401201489979539,0.363659508191811,0.023978818981953,0.0032222450329615,0.31821356765497,0.0147324199407806,0.0503409177136291,0.296806719106393,0.332678464507959,0.153084932449875,0.26153945042584,0.317688059621468,0.0114329268292683,0.14572320915706,0.043849987458969,0.107108868511227,0.281515534445945,0.225286653939143,0.185421148996598,0.0921112597580159,0.0573827957837743,0.0590889286614355,0.0841169832612375,0.149326987432141,0.409995731636336,0.114988798157798,0.0023396493604445,0.0621052826760119,0.512663973087945,0.315506456594965,0.554135325100851,0.653231405385453,0.0026838177454778,0.434989621172808,0.543366261757338,0.417647508631997,0.348982576787868,0.138219322157591,0.072980659749891,0.0339437294284288,0.0006972757444472,0.219761194827224,0.396476298915323,0.316023182722528,0.0175391690283942,0.348543308275217,0.177613091994822,0.117218244038703,0.0255281110843003,0.350035995164423,0.40151440215241,0.0009981286536155,0.0148672236043155,0.359580197265165,0.100980473933649,0.501037926641305,0.340116561075168,0.0940949273311469,0.0001478724217933,0.0594712376699287,0.169529693581512,0.0961413465171168,0.236564641542036,0.0822286423030952,0.166221888278578,0.402991345089037,0.254146828152208,0.340039153765572,0.0014303840364413,0.43455467283417,0.0572751121417507,0.0030514341234338,0.218101250455263,0.223554114203945,0.388052280661592,0.481163268217939,0.0581066726998723,0.376333801906321,0.319692340400726,0.614880459319494,0.0716522141905945,0.285626577459821,0.122278758608794,0.334339563466005,0.194556846890046,0.0040545116336339,0.107903736273073,0.224080267558528,0.149956672589765,0.053426846046201,0.586340804524925,0.276360898647096,0.298220411035211,0.606007618693673,0.0836742755565588,0.0107851723561075,0.522278184211733,0.131561142757371,0.0060516718120981,0.238134721635347,0.538271060618489,0.0151592180972649,0.0210078952369435,0.0011631453211568,0.249905345864536,0.0335157771976092,0.107631320234775
0.613534987792981,0.315472117947771,0.206488373365154,0.455572374362445,0.277216064645715,0.0022380803874447,0.0231404958677686,0.0042006335634475,0.0640179319178285,0.26243338311169,0.128088251672647,0.270968945954016,0.383653354409782,0.71992223315781,0.585715613095054,0.306603867856025,0.415221447510557,0.0851770765038207,0.342659178869471,0.336868764128975,0.115010315853913,0.214200137778177,0.031118598030766,0.0010794041834895,0.281745526393986,0.0143977341270882,0.0851899398690219,0.375247809682164,0.16012403610897,0.0297450018644408,0.0889345974610316,0.360260397119011,0.0143023672883788,0.124718899924885,0.0039804141811797,0.0790754254501718,0.769445291733845,0.121701249852925,0.081398735277451,0.180245806442128,0.0171872202106899,0.0812196455497226,0.241064769477214,0.160755558860712,0.628793959210237,0.053548855245056,0.00815798790155,0.0482431254751442,0.526426771338619,0.3207250071842,0.236979230891187,0.221695199224256,0.0071410221858683,0.327150363258952,0.502596986550288,0.289480237088277,0.318503502604501,0.170185022215544,0.0992068118050421,0.0060733901949395,0.0002379560841212,0.314510285784882,0.708875172289806,0.462068567803697,0.0285947275546762,0.545255562600006,0.147785718110152,0.0562874756843202,0.0193695571105798,0.179979217886201,0.132564592070903,0.0002869011546728,0.0616406543275073,0.893214058276963,0.078460663507109,0.508962697005604,0.68012118769915,0.262756588476202,0.0035183438288759,0.0481505417175522,0.205249471191468,0.13300543140465,0.166567409557201,0.0301947918778852,0.115400559643486,0.801993112530605,0.536836704596799,0.207463037562571,0.0102320400770227,0.386016543471387,0.093876747038652,0.0030008299091148,0.180672574966614,0.152372597381118,0.507486550678189,0.624301338081029,0.0383198033583993,0.317213532862388,0.155475771635102,0.189481937690883,0.0102169430229503,0.223675797763933,0.113904049675361,0.168291989689408,0.184862064088367,0.0048042884595934,0.286900741307165,0.112597547380156,0.137187730756392,0.0256798117789205,0.337312596651586,0.207364220385818,0.0500845329189754,0.342047136795813,0.121483592449423,0.0047135926629338,0.326274044916592,0.147995373098496,0.0050145300539515,0.116926707539724,0.106870847346403,0.0876389217309057,0.0108840246704559,0.0002346622388641,0.360414467842723,0.0157573187378242,0.142424248084372
0.562066505200724,0.289592879605812,0.171518783639896,0.324822637497305,0.295265921128516,0.0031140503751536,0.281938538072695,0.0296947539610561,0.16533213079841,0.194418690239432,0.0723251903544681,0.105104935375165,0.309449344271977,0.317119341674599,0.430475113822901,0.208336386670131,0.326465678090936,0.113155449938102,0.194208113670531,0.504614757024119,0.0474798097019735,0.239749004103394,0.140307921335109,0.0015328816806952,0.667631429662989,0.0116016089895611,0.069831995626838,0.366076186821854,0.399446390346456,0.0658864698964518,0.219013337618512,0.623742247958108,0.0413827116212338,0.332713188389956,0.0110688229969792,0.0555422688251217,0.299904135256438,0.27075180949706,0.0648683916440716,0.365148263036415,0.0289084005839345,0.138117287246539,0.242378058666736,0.146045958206291,0.327492414634429,0.020579212401594,0.0209952745239891,0.110010939904693,0.43949027914033,0.357341465366906,0.448894604259517,0.244959864436084,0.0001745730489653,0.251920083030618,0.0887439408023612,0.166518633546462,0.541110056195633,0.277503809912211,0.137072884844788,0.0105571010771096,0.0002559150338662,0.251719862477782,0.303949181997962,0.172169199273377,0.0830525996827264,0.363557044953658,0.171679994456815,0.0432293754509741,0.0248618027069121,0.237248882791595,0.111112210176466,0.000460710416389,0.206913152933042,0.820555892632392,0.20618009478673,0.663936726566467,0.475116971501489,0.0942281119416652,0.0010147107564439,0.052707928919374,0.086328206424981,0.098575728892879,0.0773115023612008,0.0218171062611964,0.125090682972329,0.213126003811471,0.242894253330809,0.160389949515464,0.00138703906564,0.224124016335628,0.0784857953782378,0.0021506791085561,0.159475537210149,0.135431123127701,0.523675814113203,0.523219458936359,0.0314237981841585,0.266620995628629,0.205010221192183,0.15155203702884,0.0705833099510531,0.162221063427734,0.263031773996821,0.155980045280356,0.259784762253016,0.0022889081402456,0.24288961107925,0.843924191750279,0.214580263605987,0.0247547533138096,0.234223966907264,0.184133976525826,0.0885396816089595,0.388457988788752,0.28701221748822,0.0160695131911711,0.430935336612458,0.120233964076038,0.0173555100421502,0.0335648055872246,0.0804938069067345,0.0536454638606447,0.0219580878669039,0.0003159892241744,0.560675813774271,0.127463323482248,0.308896970421466
0.656718228987181,0.271477209744253,0.0557498381214197,0.487816802628573,0.385470043684912,0.0082934331297047,0.0170103506378881,0.0158647781371796,0.0879391557750098,0.244371624921263,0.0446310939915084,0.20494177366378,0.311709868779003,0.603211382825322,0.685620373524948,0.403838766052224,0.45799862515958,0.379470786853155,0.22061018027297,0.520065269491612,0.204947944191139,0.438044747955791,0.0090561257802502,0.0142462191199617,0.379298501530114,0.0138257710574198,0.0550416023364826,0.568427447720151,0.543304556088845,0.0987006281731348,0.356098344849751,0.431402248315551,0.0312275824964132,0.193887541365606,0.0561892714206262,0.0530290279838904,0.41960434005839,0.146083439923179,0.137916165285375,0.165382749445024,0.0206805083022499,0.119814915274509,0.131395394084038,0.181439726333011,0.515369853371156,0.18368613390333,0.0241199378145828,0.102186126717472,0.638620013799443,0.489833864548629,0.355551640918139,0.488688025123696,0.0219402440728121,0.40240334717177,0.437291571478838,0.236068710896218,0.456770419029535,0.181021807722853,0.0814858345563049,0.0345857153047395,0.0028697230456661,0.161104173414226,0.308363796168674,0.36002422075488,0.03918239666328,0.402101258943936,0.163867253320399,0.169037120179588,0.035273213854827,0.50872712948751,0.275718129302841,0.0067419453891299,0.0499441153577784,0.554573854091973,0.163265213270142,0.622671346988231,0.400680561463207,0.0759318760717199,0.0015450118552889,0.065158238784569,0.13165367568916,0.133103944166623,0.169050235281289,0.051968571258565,0.160081355580889,0.685231962300167,0.355211494538997,0.240212322135926,0.0107850168257296,0.395004676482489,0.107396431161529,0.0122715219723499,0.25641617093602,0.285459526702956,0.323828192067762,0.5262281251357,0.187513820770333,0.306731436502429,0.27450795969524,0.362556671957103,0.0668376913449933,0.21607146305936,0.119112447176808,0.455089139575227,0.280140241455402,0.0074713831513493,0.0792710125533677,0.27536231884058,0.148014525640723,0.0195984963080256,0.497737921189865,0.316166599109117,0.24064030021402,0.566351389017932,0.115657007420784,0.033418289526771,0.475544101176948,0.246928130251642,0.0081903990881208,0.227140453962002,0.793539291280453,0.0608792464727674,0.0378234254156373,0.0022407278765185,0.356546212996934,0.0344964681871795,0.208252004350828
0.459340675341821,0.169513376116876,0.0264921134282258,0.713077322151792,0.731210184749392,0.0049240826010652,0.158629543448608,0.16780439178166,0.0888391622171611,0.304388752450581,0.0394725761893249,0.196518150407371,0.21736344182762,0.507949693900769,0.785834856134048,0.721064915050619,0.508907001865855,0.619615147600408,0.166866682322746,0.357724406370574,0.422428260979801,0.354015035792374,0.0255099375799838,0.0021328041241816,0.353948389038749,0.0062678660407542,0.0521961047267006,0.89879505872823,0.612779315582371,0.0566503169549379,0.368291820665274,0.599445963576573,0.0117243543758967,0.101416953677498,0.0250820619635983,0.118475602063439,0.264347030371694,0.0872762087668092,0.123887272177233,0.150585848487967,0.0056359999878599,0.159860364189331,0.102955387079829,0.12109615527627,0.685544815435819,0.119187163247013,0.0007542290701433,0.0763345756614934,0.710169812723338,0.323837504543433,0.25776595557278,0.422636955320138,0.0040671677470182,0.495867929423975,0.513462841297601,0.241080269243815,0.393795386312899,0.21973802828994,0.0477461925529418,0.0217256172745152,1.22979764558169e-05,0.275452072572019,0.269351391302611,0.244269196389954,0.0062964547350409,0.31856715877185,0.214570387424529,0.171963862996704,0.0326134643648409,0.410453539071732,0.619596719949355,9.96506433839505e-05,0.037515879933914,0.313608488319034,0.0862513744075829,0.287216129290914,0.595536054086727,0.0842559142291108,7.13866863829896e-05,0.0437794270114285,0.103581545863675,0.0851079171761571,0.416116558602236,0.13396209302339,0.188089439320137,0.402027476539754,0.426908689539472,0.278849942124504,0.0083708333004962,0.543725664049458,0.0771069666663682,0.0016598182296621,0.485322326089596,0.277535288745712,0.328413838493676,0.425999218367132,0.0785160359282509,0.482031115618902,0.341912962372394,0.767456859757061,0.0022313376000427,0.27263079892781,0.107488264935257,0.667252109652949,0.264319956579884,6.59627706122664e-05,0.0910384672571635,0.232998885172798,0.12993839752646,0.0168233209126929,0.390458977517354,0.244716537384073,0.233936302246719,0.421376939515005,0.12877740470077,0.0261068086320741,0.782212165074042,0.537462624675353,0.0055260523968043,0.404260577697343,0.448010827659749,0.0090683376684795,0.0158135088598264,0.0075718811948289,0.33370022281416,0.0386842837642631,0.203178943685166
0.481281761305447,0.190684529912274,0.624538375718595,0.528596834695799,0.34238256779779,0.0060951000715451,0.0080558453020942,0.0199986126347864,0.122052242058154,0.103621552376975,0.077847710992614,0.232728319754298,0.328269247442617,0.634598166501286,0.63795025861802,0.287594348107042,0.558283413532358,0.0354899425391621,0.273564094077009,0.421090204477079,0.0668945094730514,0.409994908197802,0.129430123534174,0.0002782910194119,0.888932624811389,0.0087929955754035,0.111524149176858,0.36579640169683,0.0610194911152729,0.131658204973754,0.595204885103648,0.199281539863814,0.0154456599713056,0.47368531209957,0.0039258879595197,0.266335041073388,0.223038040873241,0.267611046377021,0.163404772171589,0.615677511356787,0.0077392568492423,0.177762281672213,0.175087390478167,0.137150293745817,0.632782530615468,0.0795872556198006,0.0063416811612049,0.116415419702954,0.820500444450959,0.394530035205862,0.716074479891486,0.312041816724777,0.0018642139045339,0.259704203425013,0.340370667969099,0.412567325659139,0.458366477637217,0.234899869067806,0.191489395679065,0.0007540786483649,0.0002717267178809,0.124450595621683,0.433111603843311,0.188114529569505,0.0782132862770262,0.354668961144824,0.236457778883615,0.0125576508416073,0.0436171496259899,0.143158881297456,0.133388066788003,0.0022423712218211,0.181861563030878,0.829456392564698,0.255209857819905,0.327615085127803,0.566328624624087,0.101669802054373,0.0186395737195013,0.111948572020673,0.220086864703611,0.142092979797775,0.298400422751407,0.0846768998981529,0.0643330915120738,0.408381675182585,0.442423851920806,0.261218531153509,0.000814360057478,0.505637206669571,0.0832579752706175,0.0025099690302208,0.0796527862085711,0.255337355375467,0.254049104332399,0.466833332299427,0.0321408804645568,0.223234992318962,0.227260235520957,0.32630084668062,0.0728413701570844,0.239345951995414,0.230931289809898,0.0705785496564769,0.391474432612003,0.0262509839446616,0.550436500350475,0.0,0.214411674461105,0.0797768532437222,0.0807786616321503,0.155817432048114,0.0817379577237679,0.269992876831119,0.381916424480122,0.0633727280778579,0.661468532842556,0.280647766210524,0.002692540836198,0.162753430227459,0.107096423591174,0.0363876408922519,0.0160899285339967,0.0004091763948425,0.313698882578613,0.176988218455544,0.132354085687905
0.493835819229332,0.343257734637819,0.22503348883006,0.345867021356089,0.233600757028365,0.0050035772596356,0.0075744202840407,0.106236206635203,0.0683948053522909,0.183887382955985,0.0653520912506214,0.190313739709082,0.280168703735583,0.525148337289443,0.685581658252547,0.541889560252883,0.554551703820092,0.625481191383436,0.185291545162549,0.494875325072663,0.224552037785901,0.347964776709498,0.0057849512914936,0.0055288669905791,0.299007065924185,0.0352968650679175,0.0827122276645859,0.696622327385901,0.440722255911514,0.270688122077848,0.288735336654347,0.371792397190499,0.0186513629842181,0.266497987242068,0.0749735547824949,0.115426774631327,0.361606170203495,0.316755923801861,0.27753006594528,0.163508328310375,0.0285593752750471,0.0740435011041865,0.0906980213109544,0.214205398973749,0.399127402145891,0.0327343330170332,0.001616205150307,0.11803600897443,0.639789511376165,0.276786569547651,0.478295488576109,0.681736549278669,0.0044076348484508,0.174172937208095,0.569908567167158,0.213916681862119,0.431849323856201,0.163482796368241,0.0660692071471574,0.0160700274117779,0.0002028190085332,0.143893583891781,0.415892611014562,0.399469450131196,0.0019829599130171,0.3497780998098,0.291809629393998,0.207337111318342,0.0328026630399017,0.247072846062944,0.293579864683073,0.000287828137402,0.0318340979031064,0.418178080199772,0.139014976303318,0.407600028509573,0.361436342877611,0.0475136098023873,0.202501083547918,0.064686268602543,0.159896664491062,0.141304877701992,0.187981781427457,0.217994288939456,0.135311949424811,0.383170226519586,0.344729715289887,0.267546659255345,0.0026506106386947,0.408193904873934,0.0367807035607804,0.0079043782766228,0.218526162437781,0.358658056907821,0.360699364734161,0.40997264284961,0.0566367179361324,0.26817203153081,0.245150873418385,0.409682131181749,0.111255116265605,0.234397696235239,0.104454396491185,0.427691583930374,0.263443734957908,9.2347878857173e-05,0.0367679857261199,0.0,0.103297940852184,0.0485372513020434,0.492193046074267,0.471000115752491,0.330880412794277,0.409701756015981,0.0446798905222765,0.251611379537694,0.388975851928505,0.138261419934961,0.005683134061145,0.159460730771991,0.426655934705931,0.0340900133995428,0.0370978237709402,0.000385456024127,0.171091119264211,0.0673893740806022,0.241812778658777
0.37279460658451,0.201858871156029,0.242260677307613,0.460536175972638,0.424158783716598,0.0076238435055921,0.0153253630747011,0.0209235227771969,0.165527290090076,0.41271683664442,0.031133108231082,0.177230943138677,0.196161129282148,0.544354431538655,0.783302877319045,0.406539026085489,0.431719532554257,0.729162911746024,0.18938000077664,0.341661992419221,0.310586320511779,0.371372090933597,0.0312263313223119,0.004151554551883,0.556749288969672,0.0143440345375779,0.0501434750223381,0.850501481528852,0.73493690112501,0.0482746751570433,0.20506508115057,0.522002394867121,0.0318328550932568,0.143765101498348,0.0481684642144407,0.0924335057820014,0.298705825961916,0.104055095247674,0.258069322689375,0.133241939989121,0.0707550176181906,0.10741684429048,0.104463237630761,0.190026028110359,0.651508189199474,0.171613098111064,0.0836116797758862,0.159244219465613,0.693546613953771,0.17609491804763,0.403516127327497,0.458233958684372,0.0027864760249522,0.637123767514271,0.440741966147269,0.239950903982385,0.526483795642914,0.296708987099959,0.0974565918298582,0.0305809462668012,0.0008341151332651,0.242123024286762,0.490901100657198,0.34625587497477,0.0396101812737287,0.290176010627057,0.18726768228732,0.235861882719305,0.0669269747954461,0.413316173374445,0.442057549260109,0.0006901386418544,0.107743893515897,0.463813826613247,0.150826161137441,0.428672612100532,0.41051586857403,0.172723791765862,0.0032098513627208,0.0451228649787943,0.0954554929452329,0.0788762232847608,0.199028678314698,0.0121667657408001,0.252681625038864,0.391012135314572,0.224423574178268,0.262821941990123,0.0070862459840227,0.436040533937112,0.0707589825318518,0.0276096593324292,0.279628505523856,0.164219405034983,0.508938791277972,0.495638984869821,0.036573752743383,0.231661891967235,0.279887250918144,0.628748885530551,0.116332411403427,0.160137266322484,0.13347481119174,0.650549342846782,0.235004478849367,0.0024538150667763,0.320312665944476,0.149386845039019,0.267267743164553,0.0972727294180391,0.413333026350628,0.216459080917531,0.283493115209085,0.266759577565115,0.171326994159307,0.0524793103787603,0.568514503906787,0.344202186865711,0.0090845562543675,0.397746932527565,0.162085759986876,0.00717466698195,0.0230119378746782,0.0045746429237051,0.648947077448862,0.063625641093603,0.159025633650057
0.498945536793364,0.238922601851156,1.0,0.245105051121819,0.245826234811373,0.001498168565366,0.0083928428147316,0.0018857890125813,0.104211272249107,0.510520691046265,0.0628529673022229,0.215513159578552,0.202751079686316,0.380909425055841,0.638341282869266,0.459015337743462,0.68162623981145,0.133838330358276,0.240434844514794,0.378512059558411,0.143198226296294,0.218872615089706,0.0369525190002351,0.000920185223203,0.430241846787918,0.0030371488764921,0.149894619802805,0.305991665067894,0.260885201558677,0.0953733184178068,0.355294873855054,0.343640198023341,0.0159388450502152,0.31301350908241,0.0078899442742014,0.082637620926603,0.141051897686174,0.578973587225919,0.36204206861831,0.157859337557519,0.0059152202349699,0.109923155453229,0.125644484509673,0.205349892169257,0.356975438868795,0.145934776493971,0.061831391321748,0.110722960820307,0.349313325885682,0.347859633192449,0.370493420473162,0.543592558520272,0.0025378940207737,0.454469382459782,0.462872808054072,0.371490585681766,0.507007775012189,0.186870827877825,0.106228451614243,0.0065319515351614,0.001475757174698,0.192686647233695,0.301232496354448,0.0847726420806782,0.0255645865639984,0.344186818826797,0.401148321139376,0.0311375729470393,0.01160144339395,0.240926501949172,0.179294927593574,0.0028062084668285,0.0533162816246631,0.702031319731029,0.196992606635071,0.249505537093627,0.384770944801391,0.0923468793180948,0.0956097187874461,0.0641052900789831,0.120797296327557,0.148392718586616,0.0251889380048482,0.0314755344659558,0.0424137216291844,0.342084281923169,0.546241531153788,0.328867197879222,0.0021725024759172,0.500856802347307,0.208749294917136,0.0011638969293362,0.231844118004128,0.319090797960695,0.383055285297316,0.285643389308999,0.0354450831291374,0.591238278261179,0.198779041485842,0.337499288636522,0.199551060219393,0.284584678907196,0.0861865043675385,0.111070164949868,0.399110899530037,0.0066050720973082,0.228658212791266,0.0780379041248606,0.0869481655815145,0.241617247620688,0.156208149623371,0.0840909338333143,0.185034252934221,0.458413081854502,0.154214045879067,0.0054909910353175,0.546219945900984,0.164167703354504,0.0023844191099914,0.591187046057929,0.529810926093019,0.0294179080949003,0.0038007705198417,0.000478643194795,0.429128344306512,0.221344606862186,0.164409378811566
0.279324755252901,0.174061073134683,0.130450601272385,0.417414083532775,0.373912020311164,0.0075840961763069,0.0736098852603707,0.0468441295182503,0.164017174017667,0.518567798829383,0.115755618275116,0.175094911060871,0.264652885718486,0.396252758393662,0.580059311797318,0.435248164111856,0.454600805263675,0.269998256877595,0.221298061543184,0.566076861625278,0.26824458196201,0.513747865935843,0.0339980150957194,0.0893482971783116,0.470194611991618,0.16900384763803,0.0641967489318738,0.757506235211358,0.318746401250308,0.0616412815879299,0.703789169210991,0.281328972530517,0.113096305595409,0.177201766482871,0.15076500288989,0.110397951475458,0.362041919037867,0.159428362134732,0.253271865680234,0.33241939989121,0.0545632782885013,0.109174572528181,0.216569494075607,0.171254554919313,0.288364386189563,0.306552886157106,0.210137454399926,0.267812575327734,0.387115214880784,0.399366740630031,0.232138390261948,0.470897173775421,0.0098678678915969,0.189604955889984,0.513105722823547,0.179278892437762,0.384834877216392,0.266709952993196,0.0795471784889022,0.0891443245391459,0.0012036400448661,0.199812626534131,0.413315754779169,0.31497073325452,0.06206441723259,0.398191588926124,0.1477258769098,0.0692569634621308,0.0699075394301007,0.262673014493147,0.330265292395347,0.0044808027670434,0.111977128653445,0.436360171892472,0.179967393364929,0.248111240790072,0.295327856007522,0.248339354387601,0.0055962063075236,0.122686492608695,0.262719596499441,0.282657488391744,0.397604408693245,0.0324345027547231,0.211433827339621,0.401981378478701,0.314421761247872,0.216500166449315,0.0095437744800573,0.459975722090907,0.172989282740467,0.129956682792543,0.513269394196916,0.328176346653052,0.186519916442511,0.325857159695039,0.125851135763744,0.840888331346347,0.230612433848826,0.408175621415518,0.0926962664065666,0.235726243950635,0.195599812731775,0.236912310964315,0.329414483874417,0.0305803404558467,0.209010386796661,0.0836120401337793,0.215814336146524,0.118874732452797,0.270800956251127,0.163895294043832,0.149501109189168,0.280711697482115,0.153226489094551,0.087777132679269,0.342058382400136,0.34001178550383,0.0098860755160032,0.228798762646597,0.302429046017554,0.0044179080949002,0.0122373293252481,0.0106191016756748,0.381620344775594,0.179333925281949,0.127060619588315
0.226088317664018,0.14162624833268,0.23429968591103,0.292960368580951,0.0976733144186725,0.0046947710859581,0.0217283158148118,0.0033450916817178,0.027504196872146,0.0823820005237344,0.027531110018499,0.160162948428102,0.155021845035328,0.453698704648911,0.703290023848608,0.422758351153717,1.0,0.205801591202697,0.219556168649256,0.325259633199055,0.528531568590195,0.43596309940995,0.0101465172765024,0.0068623828098268,0.371954725602109,0.0369203410298582,0.0741385691521733,0.443464752403487,0.291324167720387,0.0424518830852193,0.201304836895388,0.112667774739514,0.0351506456241033,0.113921401279514,0.0105508238912093,0.0132861054753854,0.231513355701774,0.120341517662285,0.0632270969402384,0.229532056276738,0.023214735545041,0.0522801344672781,0.185653693747446,0.17897969807392,0.69447297962418,0.0263919123465424,0.0083426970615851,0.0965492944688583,0.474746914233005,0.0904513777262236,0.311765638487149,0.558497321426864,0.0002113616311366,0.726018422418267,0.415013680788602,0.18107293621243,0.437012137230248,0.275164201850222,0.0234890379698726,0.0074286937115954,0.0002736787776357,0.192741740708958,0.262419847785701,0.157233067097258,0.0134484786909791,0.227636385593092,0.0339841326332963,0.0396325536843793,0.0373050431043938,0.241283057823175,0.609603742976972,0.0001981425583564,0.0524233998646892,0.309496708068617,0.101160947867299,0.175498694796112,0.384278433216175,0.0646444803302978,0.0077531040460954,0.0932039288522919,0.0959714870540154,0.0869999715633264,0.600214730873435,0.0001230483406671,0.134443983832522,0.245566466594097,0.315713624231956,0.290238740238282,0.0097644397859546,0.780709454454598,0.260679207442094,0.019523105884258,0.284399660070414,0.166660674351212,0.337853402392262,0.501166245866961,0.0968367851705851,0.829910971132345,0.183547432161215,0.423907819939676,0.0233911877752985,0.0661041430968884,0.294396121576503,0.65526359635797,0.263983036717366,0.0011191683413881,0.0658255273051679,0.0936454849498328,0.122331655309378,0.0138451990173614,0.204849559287954,0.107197923795008,0.136181066580668,0.392271671467063,0.0693970260432832,0.0013186250873343,0.352688249510424,0.10873218533796,0.0043016209619439,0.266923917116456,0.311087072430481,0.0084791518877591,0.0352838196591976,0.0013266464478744,0.157207954297968,0.0209125727235379,0.0459539103597403
0.396857966596935,0.23920074224912,0.0755390970164728,0.319959179403533,0.328247946676566,0.006677551319917,0.0634678648800449,0.0226602984890565,0.152381511783453,0.330978887842993,0.0482004949351994,0.214350765686985,0.202850346743601,0.568577133370942,0.59847229535107,0.438971014396205,0.389767259157419,0.678137113090138,0.163397689680487,0.347645029150307,0.207541417679975,0.440815287387306,0.0181514273028807,0.0176933780423824,0.599550034538515,0.0362996736813316,0.0427041441285189,0.485192705335636,0.809486734602134,0.0592892177953704,0.25567732604853,0.561564169928333,0.0568283715925395,0.152960300646269,0.0899791709833259,0.0891643762433192,0.343370081485032,0.164539930390821,0.220299225859761,0.151622293115361,0.0292604608955079,0.110528642640821,0.126584864423158,0.188483676656503,0.61288324221364,0.0531428089864276,0.0206566410639248,0.127562997163042,0.456763664118621,0.161113728186603,0.3661881022425,0.453945946566243,0.0018833206505559,0.208792812662169,0.405760110916797,0.191768574235179,0.584393523389187,0.336350855352122,0.0444533516872216,0.135836059225745,0.0008817453912845,0.233337284481559,0.434789556740776,0.322366713762579,0.0560531522378482,0.221332608761284,0.251010528901725,0.134503580365168,0.057162677956435,0.341977832411948,0.388778982353407,0.0013431979745427,0.118170037772504,0.443330140853545,0.0908254028436019,0.293579555072477,0.388039430776004,0.0921304543260027,0.0029090074701068,0.0533997126252623,0.0928003444516965,0.0923237230917976,0.329595114872629,0.118176088530104,0.204580785573635,0.411438814776943,0.292812671462995,0.316226212254945,0.0071440392784244,0.682034568381672,0.163659805352362,0.0353065603303443,0.188685200922666,0.274058547318918,0.463586676586734,0.142396759325314,0.0690418579205636,0.264537625224648,0.202935610653162,0.421982396125124,0.0785778229092901,0.207831824359283,0.322892924464376,0.58157618762925,0.308209230684315,0.0066732336269409,0.123494551710954,0.178372352285396,0.191051962546236,0.0831065917495168,0.455654429568574,0.182922710765609,0.442307504373235,0.497115426306172,0.119536694788522,0.009988093012271,0.393645657997289,0.486806783212205,0.0108426625744879,0.201907054987284,0.156918013288491,0.0213781823914243,0.0201671187280088,0.0023889801934904,0.290625052352951,0.0749831029593013,0.0410676339601191
0.404866547913158,0.452487732384272,0.147913133854822,0.353505938414701,0.16945138644906,0.0035023512074015,0.0751343978175399,0.0006345911254871,0.0745072701573022,0.175896895104499,0.0381714018727131,0.552350381777076,0.367926436827827,0.486207021904237,0.795927927648899,0.504514497243114,0.694863989001277,0.177424980202898,0.226760430554503,0.556609385888872,0.287416735449209,0.437475664180669,0.0747669043328371,0.0015958393211524,0.41492912851029,0.0416833697366597,0.0882630772875865,0.445204749419113,0.324190675866713,0.0978974844390901,0.513559376506508,0.315882079602524,0.0098188665710186,0.283993051275909,0.0185770837195607,0.180797632587141,0.393110810928581,0.356199543782807,0.209440040817893,0.209119242586848,0.0116635153222111,0.144620668150306,0.316489723917428,0.152966460920651,0.53268497774256,0.153762385231736,0.0,0.108586898073464,0.466772971937293,0.233795527818929,0.434921697465077,0.402788164168514,1.96248950667224e-05,0.274101582771147,0.494488296492361,0.229643485268254,0.579420594801263,0.2485001824465,0.066374218109986,0.0350340863929565,7.84728021466411e-05,0.132680113926629,0.589201174567028,0.35125861422681,0.006866834215639,0.367862210548561,0.211275341960965,0.084737137480115,0.0148891131243556,0.323895355944635,0.209746181846957,0.0071822621854776,0.0544233701726592,0.713203327533383,0.134183127962085,0.310135153194409,0.719417642361966,0.125992641550269,9.17828824924152e-05,0.0726384870121353,0.157210761381771,0.143142089933011,0.27380702740335,0.0061287316720074,0.111021867551042,0.400419282818938,0.665585578518896,0.29735177612109,0.0037618180719631,0.539458235584162,0.177421232171476,0.0119729571078679,0.173424790579094,0.157704559672676,0.876169661763864,0.492996321362771,0.0417556628409496,0.394000189801717,0.211414815805446,0.304599518169804,0.0931193743347185,0.261439283743028,0.0820099301440241,0.390026560555125,0.33196495573471,0.0008311309097145,0.113256441300792,0.0590858416945373,0.128687466071435,0.314342889910963,0.52044312953519,0.253775160346436,0.0944423270495568,0.311285577131531,0.0780169859766937,0.079678412926462,0.489150724049174,0.313276151814749,0.0067263174217662,0.257061764025863,0.675750553687146,0.0110605344052968,0.0028736128627288,0.0005235424679351,0.282444589636629,0.147859045549121,0.279328398493025
0.452276135883783,0.103620494683864,0.0811072113250128,0.342333648597005,0.267545640457929,0.0039242843951985,0.130690844900907,0.0702957400180357,0.105111278691258,0.37957294416567,0.0142531558230946,0.248945314166276,0.0244818950709508,0.574533513389064,0.852630315606901,0.547374463445452,0.523421388588825,0.173642685972426,0.1172560194234,0.429095915557595,0.206980567582742,0.406340791325965,0.0352091984643109,0.002315746253336,0.457289942152811,0.0027411767203537,0.119760219401416,0.375061286265481,0.178568764096099,0.111809081260936,0.507999357223204,0.231232462959984,0.0280218794835007,0.272621143376736,0.0113632645939432,0.0512955486885344,0.226219007364155,0.176935981569129,0.392955752771801,0.203635641934109,0.0079547420399467,0.0202181462481152,0.0668577691594301,0.143679631144493,0.263719521534814,0.287225740924976,0.0062185417211815,0.0578479909514009,0.994610050559569,0.338868557346977,0.411809678158085,0.748883529405014,0.0251038894231941,0.504767773741567,0.719299627651473,0.270730028763521,0.199563778194042,0.120548842001331,0.0330960848409552,0.0133288496224512,0.0009842285284163,0.194286862265199,0.570883522103034,0.22624780138981,0.0181853020337593,0.251523110829333,0.0823484206647412,0.0300244317198834,0.0597319411235659,0.147563195283954,0.325665703885416,0.0062710381627202,0.0290197176287945,0.397448690498278,0.0437201895734597,0.269125914310915,0.355705298976919,0.137296685368006,0.0,0.0872204490065567,0.135945653176781,0.147055179333851,0.122983752589772,0.081157601816725,0.158034511348326,0.716273768003126,0.29451274394019,0.289643187641826,0.003459716760318,0.664206446249196,0.0681177197396342,0.0007590632147845,0.285334466431953,0.452486930759993,0.396697762261775,0.574472242728023,0.0565242344411679,0.218449913106402,0.0814256468890394,0.445816234263059,0.015953395775156,0.207934489484957,0.139915236487735,0.0415481569326969,0.253233798236748,0.0291225632253156,0.254954438284585,0.255295429208473,0.160068649499796,0.0385338767265202,0.203069059596855,0.0994360441715197,0.161267309703206,0.470994456316393,0.103848649868796,0.0269038879759105,0.740802839870844,0.694275300639473,0.005940909100063,0.145604286090139,0.0905586088097777,0.0242610546228423,0.043472752506493,0.0003702072143813,0.241369720728418,0.0877320858237142,0.0360618156302319
0.501264385110834,0.23380441248424,0.0746002648575278,0.512981675565927,0.325452592921586,0.0047666220273583,0.0761293428548504,0.0988420638855989,0.163145588831583,0.256403360392942,0.0726484466043153,0.125835004052382,0.376124764869011,0.398555066221643,0.592312695512126,0.318822766567405,0.6,0.164835845112985,0.200053255324146,0.521883976679755,0.219380975451506,0.829694192350316,0.0819360651884353,0.0165418919227172,0.652847401507346,0.0461754028405834,0.0751273311787561,0.304134424761783,0.64194616557405,0.0535237931331211,0.187080186405271,0.648430825871714,0.038894368723099,0.130037417995521,0.0061451051810815,0.0343937501595447,0.46483506906619,0.205476124507061,0.179413604007739,0.261250202143456,0.0268688787789577,0.0859738412448902,0.159634354348122,0.213060162117945,0.345411372908621,0.132720214427447,0.137654501516154,0.11844764606627,0.363364048785953,0.39811491833631,0.556016699843219,0.501852337081359,0.0008304202022512,0.276735210171251,0.352381402530289,0.111001311710694,0.449436760668189,0.375319281375432,0.169910269287951,0.0379892594743868,0.0001196612629748,1.0,0.555662092247458,0.386421960151091,0.0505587936473985,0.380759593032032,0.106756701427055,0.0351622662846485,0.0507107289358808,0.335570013990573,0.290931391944291,0.0005471515558825,0.0960367502497312,0.509630090208447,0.135551090047393,0.803602451823276,0.331333437805488,0.37043634608021,0.0010351069525533,0.058485969967603,0.0843667453757018,0.0833590617522678,0.44859460320922,0.0188645237769255,0.187156700176184,0.548600452389608,0.158597392181668,0.130673402010219,0.0054903629681585,0.413973727676153,0.240193752294317,0.0016092140153432,0.313075148719194,0.232427534929207,0.892033422995479,0.416892575108095,0.119461306316843,0.2907866094889,0.238433740074568,0.322589110131713,0.0740127110529152,0.241448045855734,0.115752091367181,0.552922151110937,0.268612522609853,0.0019019265526536,0.177956201278702,0.315496098104794,0.26967519615347,0.142782302121263,0.516440842514035,0.279120108731173,0.270691019965405,0.914253151227972,0.15807962529274,0.0018992137451904,0.365436885573378,0.414587834741046,0.0090060154221972,0.221950266684738,0.0963169551308342,0.0206155907621975,0.0153297744300284,0.0049465444502804,0.631058283493324,0.0675484050518839,0.239841582037829
0.287124628086337,0.177626142761142,0.0934443309421524,0.42457476766206,0.398858077068404,0.0065307919502485,0.27513439781754,0.0061403756676695,0.104768328868038,0.402567713899485,0.0313694384305502,0.162358699825108,0.161520067652384,0.369687357367991,0.831023322080094,0.636796150352966,0.675105568103702,0.331508855343203,0.148804251550044,0.484676967008312,0.240466006557914,0.341075867852757,0.0520188565906657,0.0009671753461529,0.396698966931784,0.0055760155154348,0.0665552212364713,0.486053377672614,0.608924707939344,0.195938387402117,0.399652900530291,0.291402605758404,0.0192566355810617,0.123953796100994,0.0115104853924252,0.0515578955132254,0.299054425029413,0.288448254267073,0.19287131752844,0.272066714691051,0.0058545201812503,0.120730087267042,0.102611662008003,0.112448873354652,0.353324524302102,0.0665248240922239,0.0026167131004971,0.0879865012701415,0.449113244429181,0.155891241049274,0.469092958937411,0.701021128309487,0.0016421006807204,0.341174753502854,0.44582565266027,0.204734707002261,0.378897128634113,0.166643413681341,0.109058186829595,0.0177310384885818,0.0003330213941845,0.446081017459623,0.51960608058169,0.272396989706179,0.0323333868064096,0.296848111584096,0.217712365396668,0.0802238097448383,0.0228217474279948,0.539951236739517,0.292583287172588,0.0014678771516138,0.0402751178667549,0.354470558149097,0.0874100473933649,0.274277683240826,0.34957129105196,0.192401817969934,0.0003110419906687,0.0571868540731685,0.0673355226063512,0.102585299864723,0.0723961784614869,0.0540395961472582,0.0704088506580993,0.513126946726357,0.318523466242876,0.297538077189725,0.004435635345328,0.471506623358533,0.128025141240409,0.0021658603728518,0.226150297438388,0.202125594138077,0.462899902707034,0.450273261332126,0.0479294728486573,0.445105784800441,0.200834057120127,0.38356560668239,0.0353540077228331,0.15277892132497,0.129664765237104,0.534276837431761,0.252151745026407,0.003812648141389,0.203190382123664,0.404682274247492,0.145580098388625,0.0196197348952348,0.716858338993327,0.117905202287768,0.173199644277659,0.642633714268017,0.129835501255608,0.0442920262544159,0.545908843813653,0.374888146838648,0.0098880893834947,0.148418627271205,0.382967968173243,0.0072830456372664,0.0117939060979332,0.0021433049253655,0.224422442244224,0.0601799700491671,0.254388340677068
0.507672463585223,0.163869359282276,0.0211504383124937,0.382748601061933,0.343784594936793,0.0020699186096995,0.325860547219771,0.0045474748668514,0.148938750298423,0.52423686948398,0.13617780723605,0.251186921469095,0.242440310969764,0.702023472768814,0.717947625979497,0.517841479635909,0.461141117548856,0.443550454507689,0.259064962249742,0.446773069535805,0.164578956146777,0.272261658729446,0.068841573297814,0.0019352631218777,0.428177253975788,0.0242497355607424,0.0680054571611303,0.290193131674874,0.382225954613191,0.126868026274274,0.320289249558091,0.462097653387665,0.0133159971305595,0.151923108228471,0.0098474356317953,0.0585761057372741,0.26038171597891,0.189663188738039,0.219113971775149,0.0215264403640052,0.0550428087128857,0.130925124621437,0.0695686574617525,0.309890681936491,0.486257162443574,0.0224649744059521,0.0,0.0750403293096735,0.354581823473921,0.637837575401298,0.460415382176264,0.424916754804888,0.0897648313633199,0.339997405293202,0.451009122276315,0.244344840702638,0.265207461958893,0.201155315632445,0.0930794449758626,0.0240286142276298,0.0014312502122865,0.409034829093362,0.371267054193883,0.213416568149707,0.0066975028073365,0.29926335174954,0.124365132107324,0.147279808597096,0.0503981398205629,0.307082897542821,0.32240642557569,0.0006143578037461,0.0411616370488667,0.446764981672492,0.0590119431279621,0.517994440633269,0.364682441961987,0.136913779612766,0.0001121790786018,0.0350473796970167,0.125031181763196,0.120312519042415,0.209966532180273,0.0729393591203372,0.575357550005182,0.556728378699762,0.253215950425759,0.211790719763489,0.0020989473739515,0.419322385426179,0.0970462623893132,0.0248365483877497,0.343183197766177,0.39555394162526,0.16257940822984,0.373939987965335,0.125904821068159,0.282874250431502,0.239771092322863,0.520292828823816,0.151713141732248,0.268534358764806,0.106179235403551,0.551499054209015,0.18370066797525,0.000312223780898,0.175874593767922,0.185061315496098,0.163302189298635,0.0482941874706494,0.511529119228245,0.0769392071689145,0.323111202321968,0.278896218526433,0.0825033153692052,0.0435244683677586,0.592976952247467,0.371679870795958,0.0052320277430385,0.120259270184726,0.106340743171192,0.025135965949397,0.0564990296517688,0.0022771555886887,0.612554656480876,0.0630690326941172,0.168797563835079
0.233143149750763,0.421597906435194,0.115613745622282,0.329423494473634,0.561900906843086,0.0026019213247479,0.04900906683784,0.0065617236214342,0.114545240955409,0.0547727063619571,0.0625568754431191,0.20024420935887,0.392961211711502,0.229004231668715,0.579459225075108,0.290569963604225,0.498163606010017,0.144535651888533,0.539650253055247,0.749307361514796,0.130507618213821,0.237038368227154,0.0009500117527227,0.0138036907776181,0.373015964898063,0.124635498425853,0.0471934489289315,0.369748033510264,0.187387494237218,0.0224019734388894,0.487822593604371,0.291690347255733,0.0203999282639885,0.192745699488613,0.0268323536788842,0.688586073033253,0.279576452132991,0.0492321735598984,0.0421047403390504,0.111428823451581,0.0026343823314283,0.112544797508853,0.606917953473893,0.470052799881014,0.357829111601712,0.357410453666401,0.092216048147521,0.145092803767777,0.134501644311499,0.210260218950805,0.319840752549897,0.263096893390685,0.0020547416261663,0.100700570835496,0.192103480329599,0.105078026198921,0.477970798799107,0.242737019468115,0.0237924520166654,0.0099151152007989,0.0009996498004799,0.265418660327021,0.289227142885679,0.420071508895361,0.0147140081635563,0.834076019684207,0.0913296399764415,0.0158059302830957,0.0390818654440959,0.282436397223618,0.168579864683073,0.0014034518519376,0.134462478817918,0.594242504776184,0.105492322274882,0.304589150325633,0.404068444185751,0.187823596983369,0.0114703107870382,0.150913064649733,0.175796800836526,0.0869329422613655,0.240548905795217,0.0058208219744694,0.0513136076277334,0.27827827932701,1.0,0.213516295235274,0.0016983347650308,0.362421865153683,0.238044928327767,0.0253527113738032,0.103775646473231,0.17515657920283,0.139475905683054,0.371861837085378,0.0740307565665436,0.642805032118009,0.0892508720957289,0.173824037130012,0.0374383709899389,0.197391492618784,0.160979831705003,0.161250992345464,0.193894506136426,0.0010092303903676,0.194290447970433,0.583054626532887,0.163089766976084,0.0575046547903633,0.388701501529158,0.343337851745333,0.126701652545272,0.218790300102202,0.130710194407607,0.0056582792926658,0.335269807378687,0.176193282262817,0.018916257348099,0.0799575855663363,0.300166106143877,0.0045262867502167,0.0087129784795766,0.0014994662916589,0.565968068888107,0.113296314457241,0.105632105973921
0.332450771493333,0.439311592363929,0.279672757202484,0.0716367308509344,0.0445549641041279,0.0018696532198394,0.175270801572655,0.069429921356946,0.193370647284633,0.090499883221391,0.235221892325788,0.335974491319371,0.343953442493588,0.261275586247009,0.394260848019327,0.35861163110362,0.450633408622214,0.0212629832629148,0.192370065330229,0.234698213587612,0.156910950078843,0.456105669871507,0.188742197497976,0.0003480918816578,0.396506014332519,0.272135782534146,0.269019925451834,0.106137153332907,0.0774957867129857,0.0900955167369417,0.187716535433071,0.0831715904419781,0.208303443328551,0.328359770887451,0.0018538915364398,0.22932499979194,0.103337836071289,0.603175491799857,0.442591936208496,0.134543008776701,0.0043916488866092,0.216294546557373,0.21272204315371,0.255750725068789,0.199890125375524,0.188102297390031,0.235027013714655,0.274116927184736,0.120870767900275,0.148628309816832,0.346482991879085,0.531309947537836,0.0117335067060037,0.146811754021796,0.333658941353794,0.165753959150702,0.294844884657822,0.370623967030844,0.127480210218027,0.0008661714204192,0.0023803416651147,0.0138245667927695,0.344959149837199,0.148265620945186,0.0229622301837691,0.415152612987954,0.393753208590677,0.009982826062189,0.104056529273696,0.0698985343855694,0.0961907493867215,0.0340983644548473,0.114530643235413,0.370576702251952,0.358801895734597,0.141701486952416,0.375883349377271,0.166280986232041,0.174609285368279,0.124058680028773,0.375906834017339,0.338234935672182,0.0350531375032503,0.0148149046779744,0.0503938231941134,0.0657064999313768,0.155081988076281,0.147950535539219,0.0019754798813661,0.441431202640941,0.644306959503622,0.0039319474525838,0.245987616850795,0.323372906584596,0.0992280947747954,0.124983715981911,0.0484292574683289,0.182964406246849,0.239500192764875,0.247563975288814,0.143126277674599,0.595831795897664,0.111877363953331,0.0136389920710372,0.509750552813051,0.0021503863219598,0.100957964272818,0.0345596432552954,0.311825854156903,0.454517565491543,0.0468378862705822,0.0003555667234632,0.0205322153488327,0.0681420917340271,0.122795632177422,0.132649747591541,0.190296234682316,0.116938388004976,0.0078359584096085,0.0227539085857338,0.0461036830448692,0.0433494916055805,0.110579387154547,0.010558953592789,0.19024978639996,0.295347018831917,0.167681839152597
0.598773716321489,0.189815594946372,0.16434651302725,0.649056023706689,0.333158770458658,0.006547608128023,0.124303939661398,0.0417134474227122,0.0988927078635931,0.244810429391406,0.0407601683105651,0.159347139871177,0.209982496327747,0.529374620489462,0.586443460216186,0.508461628994042,0.559402926446038,0.301228434784193,0.185326678883339,0.392177859364642,0.219212353853645,0.307514901009375,0.0675781556060487,0.0035593877597572,0.547958368547183,0.0211988495799568,0.0756391336059849,0.340149431902965,0.381196783937286,0.119467630439148,0.320263538486261,0.429304058763605,0.0162526901004304,0.194280558223471,0.0185825363417267,0.0868159293184513,0.286809882783564,0.390317150654152,0.324698663259155,0.160656267917261,0.0880363229121458,0.128761602501399,0.0902181032861414,0.130070647728118,0.371858208635165,0.0446464825558806,0.0044638047008481,0.0688546476052734,0.39553203763751,0.278449105025791,0.488769883911427,0.48324481259551,0.0004518691460357,0.593435391800727,0.568322541002978,0.373839508569255,0.413717892792076,0.210849127476443,0.0966741029723398,0.0092017975604536,0.0002928089632337,0.270215688173156,0.419428297477078,0.324731120786598,0.0364151649644404,0.279585182501585,0.2468808561701,0.115416457442813,0.0389420229451379,0.342949022697328,0.304453193004669,0.0006152847864753,0.0519652942586218,0.645218551149042,0.120547488151659,0.442339388647845,0.360660264016059,0.0998551617360614,0.0005812915891186,0.0436632313067165,0.109650456706044,0.117761343185964,0.360756255294877,0.0137415534246433,0.153046947870246,0.404525153302245,0.16680640504707,0.280462515308756,0.0019124326511097,0.424611343399748,0.0935633768768634,0.0082080035625366,0.289195095301687,0.150643215140903,0.634010330223774,0.635033281431257,0.0675246089600773,0.394618528206314,0.249327037490441,0.36558075714367,0.0569057894525874,0.249769003467235,0.111957445759976,0.312330566200468,0.228920373072629,0.0005804723813879,0.249304360755326,0.861761426978818,0.251275376881033,0.113390457266783,0.366226530212854,0.190108866967767,0.167296998837062,0.669695561956084,0.0792161620721763,0.0386829493903819,0.534483210311561,0.216176695257426,0.0075620724307582,0.100742252589114,0.282743417275039,0.0236009300859147,0.0292947267188409,0.0004540756679825,0.432591177899516,0.0949547424360894,0.192494883667646
0.453985846652656,0.173340344366236,0.225609763854453,0.264593042991859,0.771885544205286,0.011980762292626,0.134782957554361,0.0119955707080958,0.127456070211871,0.645467220598331,0.117869007874957,0.119362922834108,0.22215904593049,0.424272248573848,0.740112119428872,0.708959267376817,0.511499558087008,0.781881627326946,0.195030982394308,0.711352472251968,0.247711236735559,0.448782460239015,0.0163493431533861,0.0171007550354707,0.360956427444034,0.0472131786285624,0.0567496751874157,0.658147875764746,0.703943177535767,0.281387143963514,0.379244737264985,0.436609297088628,0.0509101506456241,0.108619162013642,0.0889813411269479,0.100485222006928,0.284718288378579,0.145625135214122,0.32616160544359,0.194090795489628,0.0230538804026842,0.125885805329996,0.0999607634587822,0.150265486725664,0.463668192249278,0.188346362930932,0.149891483368479,0.104095974485917,0.397922335728517,0.39491056818823,0.190371166346645,0.739274710100162,0.0031350823842947,0.474990269849507,0.525021926023958,0.349505216451871,0.483985527700085,0.18691107342935,0.118896786525861,0.0646775294753039,0.0002092608057243,0.158043981288252,0.389504804138951,0.479542112395836,0.015502736039071,0.44156628324729,0.326070291363655,0.16724292893703,0.0389612170136223,0.500696132896864,0.372717516024373,0.0003587423161822,0.0272381958274214,0.396711578672898,0.167522274881517,0.481513323770747,0.361294559239443,0.173905805184211,0.0025316778420824,0.042231149193488,0.129060036427134,0.106560340590102,0.0389702983584831,0.0745961790312918,0.270416623484299,0.60501504996925,0.27707899694123,0.363262650911501,0.0037079652294525,0.555959696017583,0.0751461647968914,0.0303928911199725,0.351766419813039,0.353016891138804,0.308314971670577,0.520818729412349,0.0452273125264432,0.332408049965302,0.270188752818605,0.53747937045913,0.303074435818981,0.30179277705099,0.196052582946271,0.345932118669816,0.217606535095436,0.0049625991090628,0.189468765266892,0.450390189520624,0.177524369560893,0.0890699150692496,0.581866531594276,0.280493443365776,0.365661066971572,0.669042088636997,0.0824609915070116,0.0215998661693941,0.590615851142563,0.205373316746328,0.0160344129676956,0.207041433799201,0.22648060044295,0.0077874990147395,0.0054708060512873,0.0039596075972958,0.371104521619675,0.0525994937514081,0.126558792526886
0.165733950074989,0.214385340173828,0.0287310627503711,0.0351373104948643,0.399948542620962,0.0021570569854402,0.620765465778705,0.0015569320730576,0.0518327920663011,0.031728394187964,0.0107896960033032,0.0199622488589344,0.302990702823331,0.0865721598474822,0.0,0.0,0.0,0.119881799417705,0.469978235584542,0.0044022912311117,0.107076547485003,0.0023212627669452,0.0076229465381702,0.0069604689887999,0.195032628284536,0.0287654963902636,0.009618943348659,0.221949542751167,0.188965683470715,0.0739179072368987,0.110094809577374,0.753978338963058,0.0836621233859397,0.361847597829803,0.0893084984569079,0.117028469695188,0.723713451566517,0.0389521047857259,0.0134802897889796,0.0467282162861469,0.0834929238912376,0.0215860987830455,0.510177180546458,0.142891351230758,0.263238905147701,0.292155208172584,0.0302615173857497,0.0949843318314142,0.249649517176538,0.0325473796367616,0.421709796184403,0.0154135101070473,0.0008730163716315,0.0222301504929943,0.67283221208636,0.013658261130424,0.440034897744477,0.0790127497907231,0.0695920039220258,0.0618344491659279,0.0011573762286752,0.405625155124305,0.504264796947724,0.430812260315447,0.152318057857869,0.669012468677354,0.0214489759280898,0.104482524357876,0.0185113080483471,0.787869629589383,0.0569359816412123,0.0448905291333291,0.272630098810834,0.0210001654740832,0.0447211374407583,0.699159413059166,0.0,0.0119366707176986,0.0095428702546975,0.0874432572650765,0.0734591083211739,0.272651841680851,0.279225626787676,0.0238517365702557,0.169175562234428,0.067984163220662,0.0929216874099788,0.446801882557028,0.383097300265061,0.106097558279143,0.0135644512888467,0.0518996822055341,0.0,0.108771311669915,0.0308583242717335,0.165734083535462,0.0432639642507001,0.0788967182096953,0.400242095048025,0.0,0.110003607551808,0.0580921973488002,0.011772025576897,0.124093657809881,0.0199771630427658,0.0141863931996781,0.14424690413985,0.124860646599777,0.277956294950081,0.0216279613080138,0.139742364764525,0.0960977638842304,0.0,0.583772801882994,0.0832510369346237,0.2673955186428,0.194406056993902,0.0395687378598398,0.0271066564362198,0.210732765150005,0.0502358297104421,0.101270986048711,0.0,0.0001668897511055,0.0458796133420449,0.107809745948023,0.0871734621895723
0.50683156254702,0.221168311484762,0.0529804104655615,0.298191041245455,0.165522064526393,0.0050295658980144,0.0524432319666212,0.0513299437089411,0.0995918707628644,0.24710353662248,0.0693968690323229,0.206937038774901,0.250452670346668,0.570958877550883,0.584736116703317,0.44883828862138,0.545359913581459,0.271989148507661,0.115926485462961,0.33149762888175,0.245609576240484,0.213541198670141,0.0351177883987568,0.0095339765961814,0.346724243722287,0.0274055230652225,0.0758574819940008,0.282495043806357,0.350143758691997,0.0804864756331928,0.169789490599389,0.309731381695352,0.0396117288378766,0.110872613701637,0.0083588697804774,0.0285578058500644,0.249880169070548,0.250301740988572,0.204346834694306,0.216980785345702,0.0170020850468453,0.072873106117236,0.0911519978209128,0.122085223469919,0.513254732812008,0.0900864517357657,0.0955562054581557,0.0616491442769465,0.47002390298091,0.314438339878938,0.391946024979301,0.383319977125502,0.0012228965140422,0.254644525168656,0.436918697777988,0.144703845527929,0.286931307895615,0.253133786945416,0.0734325869880088,0.0165183984999949,0.0001223941466317,0.528216763330673,0.568206787718983,0.308410945474467,0.0469850097142755,0.244630619207197,0.228378586928792,0.0690797385510598,0.0348235242503345,0.227126091740128,0.283589360607739,0.000333713782495,0.0483216580029565,0.467268724896829,0.100944075829384,0.425632333419456,0.453021110837494,0.138245625717948,0.007605231624302,0.0453947868856976,0.0797672217305281,0.0761320842863004,0.279435324906265,0.0480651081698899,0.118393097730335,0.581511324931613,0.35584341884255,0.198541965079239,0.0034137448215894,0.383621919104592,0.164349219708297,0.0042001497884743,0.266504795435231,0.284136423450567,0.731614490928862,0.457993436765281,0.0617355436340094,0.299284684780868,0.111170222407067,0.416571291266986,0.0356746789946956,0.1641473051421,0.20217576108517,0.407278180160931,0.178153564163686,0.001640274229225,0.0830518915015187,0.433667781493868,0.177315319021239,0.0999841890517443,0.608861823247033,0.108773334811559,0.24168596753545,0.6427904239834,0.133489461358314,0.0079904744098168,0.365240400044537,0.438879067635697,0.0061523651866754,0.195186121231932,0.255319497990321,0.0107551036494049,0.010538500077743,0.0030633164466884,0.548394230285973,0.0696025550976053,0.15733648127083
0.448131088341932,0.209222485925487,0.21696818274915,0.273910045239981,0.250115592663056,0.0049577149566142,0.238241193934045,0.006543739257554,0.0538260694918658,0.625629012052968,0.0652896131519114,0.215312673292667,0.166788132686129,0.315114583571755,0.758145693313098,0.670188551874527,0.474359226161249,0.470727613650618,0.202978599865752,0.549368551663182,0.241607257082565,0.364602989187408,0.006287706652041,0.0017792376650927,0.320532857898129,0.189954180513043,0.071785516843023,0.426917460723498,0.451781058285876,0.159739551960531,0.287057689217419,0.475676013797294,0.0113880918220947,0.121377093861263,0.0077754392087154,0.0347220654523769,0.180225717896205,0.330504116202542,0.156995369607376,0.219818144396583,0.0405810209142035,0.0711207172727234,0.0896246911338388,0.186480255819142,0.42676420592438,0.0924734783936328,0.0978650699585944,0.0816487734327196,0.58045714058366,0.365103026024519,0.468370708334067,0.518006016987566,0.0273487485696658,0.248186948624805,0.403774952340439,0.203011248556432,0.378548151189346,0.154985618922922,0.0452390343768115,0.0271875923491588,0.0001682675508716,0.375818750257381,0.348914324524081,0.147818690349183,0.00606919416074,0.316206261510129,0.305487438072231,0.110362171764696,0.0321966788777502,0.217370043873351,0.355708930125821,0.0089254532076499,0.0267864527992161,0.32098462093899,0.0989057819905213,0.540577140668015,0.253315125329274,0.112108145903741,0.0119980623613696,0.0716053035552891,0.11862397014752,0.119428950971112,0.164084583833114,0.0782437246790489,0.120880402114209,0.514559129668607,0.308421882109899,0.226395501898133,0.0018375640651803,0.549872529921749,0.110377924415117,0.0026921442017691,0.409250940876533,0.229763351478065,0.264322096949579,0.335912928579848,0.0801061435161574,0.577731217044194,0.234771942251856,0.370351634871354,0.0916763536113375,0.336188643610722,0.1053322162948,0.289455165586929,0.247754538356544,0.0008904974032655,0.0882134284925338,0.0,0.0917967893883249,0.139294454132911,0.418252424204051,0.284444569425162,0.0961232128372766,0.540608256681842,0.0645297818910301,0.0285767705493943,0.424497160784108,0.239202077740675,0.0246739045064313,0.17344473766035,0.0761904273644492,0.094730826830614,0.0054938410241348,0.0002075532437606,0.469839674322762,0.0922909736671217,0.137893484404448
0.645889656310519,0.220071991667969,0.0461452543815348,0.501346097597947,0.808969244894036,0.0119104400946598,0.0109123004092113,0.242770928018868,0.111922906395541,0.209394662155945,0.0222286209453751,0.243645224587297,0.200454743645966,0.434281228920756,0.528753832811968,0.541317753543536,0.486614946479427,0.695946877567199,0.276901797552104,0.509136029099315,0.196742304043069,0.487210590948573,0.0421008644780485,0.0030840119528273,0.452551026314876,0.0077327408894899,0.0549332024275385,0.921151222527765,0.583486210452013,0.0972951266385566,0.404692270609031,0.348871374189052,0.0100430416068867,0.224352161708995,0.0254582928930523,0.120726241572,0.331670225282147,0.194407543904263,0.261984047608834,0.15223607415357,0.0106619644358385,0.146757493304401,0.155256723716381,0.208647281921618,0.420761266403757,0.0982062824440264,0.0039096772207428,0.113634088001335,0.488099288983165,0.496402651133923,0.274405904839079,0.519700565933446,0.0079148130154463,0.294920861442657,0.481185633333858,0.407151862374294,0.484303713017372,0.18847528386529,0.0718340740362213,0.0248642148920343,0.0003706961474539,0.203700612038425,0.391941830966221,0.3124909893025,0.0021745717697805,0.408577121637533,0.283582409206726,0.123343474536578,0.0469377234737974,0.406555194849296,0.310116127245391,0.0001177268066024,0.0499610822320772,0.407487451548687,0.156052322274882,0.499347398056004,0.252180856223929,0.139427639136298,0.0007393621089666,0.0544245108250674,0.173664480810828,0.122553938276169,0.302703428144843,0.332425201917706,0.180316613120531,0.550415039701955,0.385140053875649,0.294251848503636,0.0122823885443183,0.404768906587539,0.0670612146227471,0.0038357994453778,0.301019788758043,0.318249476870861,0.399283895152521,0.191574493954752,0.0715561196773258,0.365516586890633,0.35035738656877,0.302337382308865,0.0355766961060709,0.360305799766411,0.130089814826222,0.406113828150268,0.26942205019761,0.0011323608955105,0.182013211835426,0.0535117056856187,0.246443611988711,0.0405019858079041,0.40603451253065,0.328314878780522,0.177519129848427,0.421617269038992,0.0871589402104907,0.0007577174009309,0.450574065220097,0.177895632816081,0.0070565916903799,0.539484489232952,0.554967804117792,0.04147946717112,0.0130435533749115,0.0058419884447908,0.315129584024392,0.0605642948964311,0.147862160683033
0.0002657392891292,0.144706094929115,0.0836323899639097,0.0343751267637508,0.0007432732527692,0.196417542636654,0.261365642301212,0.0052796953962597,0.143483763883784,0.0948454629741035,0.209747126686569,0.510926502580728,0.266097284229229,0.600927924301196,0.626053055409298,0.282549125413311,0.679426495138957,0.138655834920829,0.311514059960317,0.337327690241871,0.673036612269909,0.437385808847755,0.0006953694272506,0.0003832204201738,0.608445149364607,0.159118127857474,0.0966919444930524,0.075829762742214,0.1982626527735,0.0646530705905975,0.599325084364454,0.0266402158954837,0.0161406025824964,0.144337185208613,0.0023882485087078,0.0340822578441204,0.153601464116083,0.0627611767519006,0.0658007915239658,0.486177062965849,0.0135148669606573,0.10065183312047,0.16046934685751,0.110771175726928,0.614860849302255,0.43965944648562,0.202502809118476,0.265954645751052,0.319730376888131,0.0788648045044608,0.250522310497296,0.27027673170088,5.35420679488135e-06,0.264364945511157,0.601256216749907,0.43854076596846,0.449590721305586,0.236539204533259,0.108235775071183,0.186960553534489,0.181037340170227,0.280707099712512,0.277721180160205,0.130388397105043,0.0808512913747928,0.0957250249071642,0.0001033048090278,0.265123403393435,0.183251255840481,0.426749840398799,0.54757112051911,0.0004764691227846,0.0480056499691415,0.199476500172996,0.235172701421801,0.0123949823151555,0.396546449066094,0.126591972297601,0.0333248349182877,0.150671689036336,0.156817785736009,0.440883202456929,0.0827133258960401,3.52391961534973e-05,0.253160949321173,0.0532987877257626,0.450143413599859,0.480980493361879,0.0028016612945172,0.378808348239852,0.114398015919204,0.0353672853875271,0.173873983246328,0.282554452170536,0.27936673725176,0.170855019509805,0.16150712544594,0.335261007016732,0.145011602632967,0.42275066868167,0.227378200588788,0.02131978560269,0.216079194746634,0.0565063559114387,0.253663859767744,0.0344787401990317,0.131481127466599,0.107023411371237,0.257368188577074,0.0201648586336037,0.232401257094178,0.0018443076298817,0.0665415774917666,0.0517284524141348,0.0953697694760306,0.0799736274982533,0.202976100810175,0.260656059713219,0.122209534857025,0.0323848551770324,0.0764970059880239,0.0024670922992039,0.0019579726920396,0.0790142491655513,0.0361277244475717,0.134023351047617,0.0150772259547945
0.347368574326915,0.172926179102114,0.227965749163892,0.23873644028173,0.247544380953644,0.0052619348999896,0.207847227794271,0.199909050502663,0.0834107023081849,0.159646974726278,0.0928614697565256,0.185830525103442,0.197310239711095,0.36764355427859,0.532199492055626,0.250080497061025,0.38020229794756,0.154868206173023,0.218108289524049,0.290823177468428,0.294272180918756,0.418635996046365,0.0691419206560631,0.0008677205228221,0.558647942546434,0.134392588957117,0.0569215664715985,0.31947730809405,0.600207364500498,0.121217336431173,0.419675397718142,0.211823315997355,0.110787302725968,0.225345168799578,0.0130590300875691,0.0704791130519098,0.280447949801734,0.185476769739364,0.109880955337368,0.217899619235236,0.0096725535602099,0.141564399489127,0.169292704597485,0.143529411764706,0.819779746988829,0.110876895748991,0.0923545800175474,0.171667501066177,0.607308469905592,0.209869188506854,0.56240069054204,0.345162024507845,8.58184355227959e-05,0.39365269849507,0.295547047733085,0.243091951115738,0.51874470760309,0.24156721543712,0.106110279827597,0.0121977316499037,0.0001017023132298,0.619883402172352,0.405904796148699,0.353925780686831,0.0400468780635617,0.519358149926033,0.244049422532417,0.0943562305105344,0.0194929475508369,0.326126376984828,0.280624357046767,0.0011816712339878,0.144791063547307,0.468266583762479,0.0575529857819905,0.271535864151885,0.481795727088883,0.189937902675346,0.0772327460928537,0.0820742969710655,0.114222642914991,0.139008616312088,0.204438889774281,0.0017596490407139,0.119196289770961,0.296061654061292,0.301076512466198,0.266001276620438,0.0027885264548805,0.403342745261054,0.1556017154778,0.0111228063073093,0.189134393589899,0.187970546571077,0.347722199965661,0.2824703320699,0.0367015748967517,0.478889007514962,0.256663859696563,0.353669370901756,0.0593375465975442,0.120529874026841,0.139259181687139,0.496833315364938,0.280323075100932,0.0014819635797555,0.211346885023046,0.1438127090301,0.114485516506563,0.0265246355812411,0.351341706286622,0.195878488120905,0.162967740674504,0.322893245377683,0.201644987443921,0.0215113017978567,0.450547867149584,0.285907592919968,0.0139017272941475,0.694974846327404,0.559898695759167,0.0165366122802869,0.0116384200312124,0.0032835770319039,0.388097033053559,0.070821792544098,0.159549252209191
0.39205160438579,0.252411396041473,0.0438350657627757,0.641987143220088,0.422437737399985,0.0062326869806094,0.0583808071892803,0.0061532216418696,0.0564881938102294,0.164495056372219,0.0499987776024165,0.199030627479418,0.208289301901278,0.682943938131199,0.749887725710038,0.583710281639786,0.557949523715997,0.660796377385853,0.165814519842231,0.345095439634219,0.292348917186634,0.25524904903106,0.0374030400376087,0.0072588334587924,0.311232542613582,0.0121935533018379,0.0749097570758041,0.685446910106372,0.460123462221976,0.0303473596649743,0.124679415073116,0.378481046592676,0.0182478479196557,0.156878841507231,0.0750280810041549,0.0435056702723406,0.195803738724999,0.130024746556547,0.315598169516168,0.217414474941562,0.0039758535186303,0.120866775732672,0.0815066183289773,0.211126645348405,0.700234249431736,0.0271065975403009,0.0022780796404328,0.0858096456583412,0.803154816560588,0.176115912970795,0.281966635545299,0.490097599133982,0.0002141250927081,0.280695381421899,0.571457831135479,0.124149789910612,0.471555772240897,0.229659898259246,0.0282670107488418,0.0254960105163401,0.0002828534584837,0.389200621498921,0.416292123609197,0.284060436550273,0.0150794075183145,0.170383117471244,0.181513478442995,0.198597391418095,0.0333839691140018,0.324805422365901,0.525203766716784,0.0003751962596246,0.022676227500334,0.28236898714818,0.0722214218009479,0.274197500066819,0.366294298059057,0.0814090931792831,9.68819315197716e-05,0.0666771682028657,0.110983156722105,0.0752871088433992,0.424512871270519,0.165737449502521,0.22144781842678,0.499359341719688,0.393665228995521,0.28567894523054,0.0205258139003381,0.681116960706492,0.0485634216440294,0.0067151792401271,0.269673424790579,0.29099283079379,0.353180621530361,0.345301828152431,0.0966885114726774,0.295832666061674,0.337344410332981,0.485700013278785,0.0189552351812015,0.156190249659223,0.189559796469008,0.674573413962423,0.263386240100823,0.0015413300733066,0.0460502559527603,0.124860646599777,0.111622872826464,0.0504133265055208,0.392274012762806,0.158969715893994,0.361810665806679,0.260868407197498,0.106656132727632,0.130160104702768,0.407831913179594,0.575219886946463,0.0055401494692452,0.284631145907246,0.113441268148634,0.005277055253409,0.0106536749419807,0.0074676809949001,0.217555410363371,0.0310773023046238,0.0822143399261953
0.444346426959312,0.305755476015974,0.0413811264204925,0.351981570952473,0.511798323533506,0.0058397999180593,0.0168659231324721,0.0077923679498082,0.0640387741722783,0.646479301876243,0.0276968128020341,0.455035618308237,0.126486963973597,0.670231429059972,0.499442500077431,0.449303506118887,0.429421584994599,0.7300827531441,0.140089239650808,0.310149066000374,0.186301205827709,0.20695180758978,0.0025072475123403,0.0027943155637674,0.389818277242013,0.0409727867963949,0.0774703177820759,0.544709662978832,0.284697685896345,0.0697587700427387,0.424329101719428,0.143810876986042,0.0138764347202296,0.140137253579593,0.0193459034449667,0.0249562888908871,0.275327900997865,0.156892978733902,0.174090119947713,0.225176783640346,0.0403018006670936,0.0964465270450944,0.199838838338965,0.229484643414888,0.273807700345894,0.0829757171203768,0.107700832730463,0.0958669410913946,0.763166794226011,0.260403968565351,0.389197949512921,0.526836414824052,5.16637776618995e-05,0.241327192527244,0.423096112135201,0.16363639928552,0.1559621256832,0.147035780978343,0.0372879894348035,0.0530402616856715,0.0017972614163286,0.3750530066012,0.37342442220491,0.165941005161328,0.0058419335864392,0.383141623645201,0.107260627324752,0.108178085717782,0.0332304165661263,0.26016354029421,0.449941145050249,0.0137341761151313,0.0275096658162021,0.237701013403401,0.0475950710900474,0.665598300116711,0.347481847963166,0.116653070737676,5.35400147872422e-05,0.117915880299258,0.197157590068309,0.166409382477322,0.038936746659509,0.146398640806874,0.438957404912426,0.388830858880215,0.339873222938012,0.20996130435181,0.0033480706234057,0.431410484607408,0.146227470923726,0.0006123109932595,0.631200679859172,0.187233491770154,0.25409560464717,0.595960943170328,0.0645374052358511,0.269404259862275,0.156311004449513,0.372340290995087,0.0075892201007442,0.211920132631145,0.268465016570774,0.364712685360332,0.206597419860793,0.0014489821944494,0.14736931540602,0.412486064659978,0.146018430165319,0.0009486568953433,0.429871719601997,0.123066093825838,0.194249806991312,0.319723744928613,0.170141926017889,0.0120545950148099,0.264171518767643,0.492895960191187,0.0045452989284211,0.172950434110134,0.0580879337215979,0.0356112556159849,0.0342184521649995,0.0001160603852865,0.562582298839021,0.195541831771738,0.204553675883225
0.28137665085983,0.163863268616627,0.0686975802809627,0.258653560807103,0.380977259318675,0.0064069637320907,0.09918960121961,0.0620614705557425,0.0996714502798546,0.164771078538923,0.0215087645906734,0.409908074905089,0.204991499472879,0.583462697900861,0.557155356645089,0.334110546336329,0.335932436413631,0.53267776923577,0.187911781076238,0.334557136301055,0.247842590516501,0.237113247671249,0.0033332027475254,0.0028531672711512,0.429238493271743,0.0114704820849428,0.0601751123100485,0.566799364754535,0.703853268573374,0.0683532685081605,0.287604049493813,0.70926849319965,0.0180460903873745,0.196038669137944,0.128943608981559,0.0487383797701381,0.316201141661946,0.235371255280467,0.077362098509289,0.178404463327502,0.003878733432679,0.154775126116467,0.136119992476961,0.165378151260504,0.484754044904275,0.0743776055090955,0.0005233426200994,0.112818230702194,0.694143403227478,0.420746133325635,0.581115789102824,0.360759142627086,0.0004412686801636,0.326774130773223,0.378414288940356,0.323792549718541,0.491914500526032,0.164215265405997,0.0761904609817521,0.0093954123485473,0.0004956279717669,0.440955376511036,0.290285851261461,0.42628528589141,0.0211129529615172,0.239978262838511,0.368027161605886,0.234896428918042,0.0361917871322965,0.397651485309898,0.25491611933212,0.001110293563843,0.0589747342033098,0.439845156373009,0.116862180094787,0.530155555357572,0.595916631220757,0.0932125792864635,0.0004920582311398,0.0559757833776654,0.17059585359436,0.101149247849984,0.338620521896678,0.0596975090509853,0.191574256399627,0.297328303057035,0.38256873427443,0.307155488093529,0.0304899032487712,0.281254491302627,0.0671328420882988,0.0168613242110803,0.211715430375137,0.225387762733071,0.231786184398787,0.394420630144974,0.0586652555100935,0.199116828887821,0.249514658703297,0.420562830784017,0.0741596853858522,0.174928159824188,0.138027153892592,0.316972292734561,0.193624280308126,0.0003627952383674,0.138894199112131,0.129319955406912,0.252762333138894,0.0281293288370458,0.469622142662538,0.437554070242643,0.3793133777009,0.197604757038001,0.110987274625434,0.0162564824199723,0.560278485489544,0.227940374080622,0.005985214184877,0.164778480255762,0.359285538512017,0.116765192716954,0.0265823586660447,0.0070407143220209,0.266946440836977,0.056906582556953,0.0539389377329745
0.625672842172704,0.515144440135862,0.0480928858657419,0.0054121449814364,0.0644911768410307,0.0012734432805611,0.300312926261735,0.0133007216868306,0.247945143186288,0.0258257663153872,0.180127075019898,0.426435396493623,0.56350075958147,0.172432085285022,0.200800631833246,0.0746324337647976,0.0483551016399882,0.0316660325571428,0.133940838512475,0.218873761324427,0.063448763777637,0.246907478958876,0.270133066938285,0.0006998334816031,0.506072218298853,0.231558874106932,0.519892931861366,0.102526592909978,0.220137312028097,0.0449760491065026,0.0358733729712357,0.119514592604507,0.103927546628407,0.414883943749753,0.0059379055387736,0.0070951988876779,0.0954072072857205,0.38772863047546,0.151260997464685,0.22086929036621,0.127184822558568,0.190104822967079,0.55522299974707,0.400633598572172,0.303334973964343,0.106777032447583,0.842166022750012,0.496412082104912,0.0567358139525144,0.0366335165577774,0.47656561030176,0.106888551849181,8.31197425818274e-06,0.0692300207576544,0.281446119750227,0.132325923834509,0.22094891072849,0.423042456373822,0.207426617715867,0.0007846494043797,0.0,0.0285553934286283,0.484369069734923,0.292076353046337,0.114779958291,0.476321589228029,0.483412964123626,0.0081852591070396,0.106897251409393,0.120655111992502,0.0596190749386721,0.0014185153212864,0.633140123052256,0.333731139715284,0.19331336492891,0.495672335914044,0.231084943323856,0.541179016764613,0.376399051576881,0.0676636337990545,0.167267520733737,0.255166334228412,0.041302141437187,0.0032847552348981,0.0219711887242201,0.0587058807506021,0.123711088530634,0.159235493713102,0.0023721520383957,0.269787712017123,0.523023753458264,0.0067101188186952,0.246181862328518,0.178119179963615,0.0226563841355234,0.0174409588029851,0.099359994478083,0.0885425007562412,0.323652470648057,0.0548382201369612,0.143634007188381,0.298155788737534,0.496254635504577,0.0186551146220266,0.57403095293126,0.0007915532473471,0.176384375199133,0.0624303232998885,0.439033107536272,0.12371005080742,0.44426537119965,0.0009613727129794,0.0309888885631358,0.0278546873548267,0.114584802911882,0.160754174826069,0.0932422077114021,0.332416683035422,0.0340182496672084,0.0361638855448102,0.0177138872939053,0.0076160636872389,0.0045609246238101,0.0079107436336219,0.381025615251881,0.554898816544522,0.366073502099144
0.531085429721059,0.683870090162154,0.190702508513732,0.0904159132007233,0.0052111989817902,0.0077858903096011,0.0740592152772206,0.0190248877904154,0.51587611363955,0.0702582576631539,0.382898386163546,0.377024058354306,0.54153509593093,0.50601360111911,0.412863536407842,0.23853555305367,0.431503486202494,0.0272706094604599,0.419422660510253,0.384495096289497,0.0631225176426456,0.573217120436098,0.304460811199039,0.006409817742193,0.425587830093659,0.351531250039026,0.267982383466226,0.278626015220311,0.119586571809523,0.258411496428879,0.0596625421822272,0.0755401855128411,0.472852403156384,0.346417616457406,0.0596789496068659,0.203718290310074,0.0937949365985446,0.325788227167316,0.433773645818988,0.0946913453198277,0.0615012944286456,0.427461139896373,0.294082740461629,0.283676656503309,0.352374183683959,0.0370038382863316,0.380408515092278,0.392531197270586,0.0310654991932875,0.03056073503226,0.528881216199553,0.152553394548755,0.0002642560127796,0.102468214841723,0.233103832196331,0.136155177924046,0.413168766518693,0.625099272360428,0.92718062876972,0.0012228302405918,0.0001553839564893,0.0472212297976678,0.596172669343401,0.377901444595023,0.025323957720621,0.708549950185672,0.654651393512584,0.0111001869300848,0.0525341654419023,0.24328995802828,0.069987932262404,0.0009761128137981,0.480641856854723,0.605409498212378,0.259856682464455,0.288042461445257,0.468490451991314,0.412439442622405,0.216610152206613,0.138326793831086,0.330847904756372,0.405815705981045,0.0133619641164579,0.0133192607625415,0.0299771997098145,0.0708118601929623,0.151640621967194,0.0975392988360765,0.0001694394313139,0.378591660162339,0.767747942948724,0.0019887456227354,0.0609080976083526,0.0931026052190671,0.297934670634694,0.0940099627173529,0.0826267963805879,0.27208669193402,0.816314913633008,0.145914876665381,0.568443274588138,0.537331987505349,0.817277957790728,0.0142623320363419,0.803118061089436,0.0007629693800818,0.398287984026849,0.124860646599777,0.622306366937646,0.333280630172481,0.0550842091933646,0.0003682998821201,0.0533778963518915,0.0461699030629626,0.132981575011992,0.473789866267799,0.262881263794921,0.378074597874244,0.0314264022055877,0.0193017563721308,0.0730938807316873,0.0169307164814377,0.0121797418931292,0.0083300859016282,0.169906686100082,0.323734047205693,0.514474846696814
0.0645030553951143,0.150128817578473,0.0504259728298411,0.0070325860232156,0.0099107243475436,0.0044119535506595,0.0071411377677926,0.0012897358096946,0.107127293121677,0.0498680047843842,0.119349467170476,0.443066160474342,0.60603041090279,0.445308071675824,0.396773469198129,0.163284679799346,0.288559363645291,0.166243968122631,0.524060126740275,0.40081246919246,0.32770507838155,0.512669601940875,0.106417639530936,0.0072104746914847,0.270056457930545,0.0305525687760615,0.1481602212597,0.275489757199804,0.189992941189974,0.0263316409947509,0.0402635384862606,0.0834325237252694,0.215320121951219,0.455913508384747,0.0280755515327321,0.210073405445794,0.28500152512092,0.113185132329554,0.121236818281359,0.0773180341365167,0.0021153968721262,0.274822838934001,0.414133585830745,0.549602141741652,0.298655431407668,0.0250500991037432,0.079994458725199,0.187172498192134,0.0970536408857191,0.004054644536268,0.0688709989958955,0.30230102916116,0.0001020753617991,0.0696451738453555,0.334688282837831,0.0387023279433592,0.290113161068487,0.555683745090043,0.104329718447734,0.0525918905974545,0.0002557198278907,0.170208509326379,0.25812508739338,0.178584815893429,0.003703010534196,0.237351689158591,0.133002421993846,0.0706781384632912,0.0321363546625134,0.158433055785713,0.118580359262483,0.0004685897695868,0.122785027581775,0.540162565750876,0.192624834123223,0.114938125317392,0.375957972344728,0.283533387717049,0.0022155368023863,0.204189993154037,0.314312173018634,0.242281474319653,0.0785613031479882,0.0005268548670817,0.0606539537775935,0.0135926419113094,0.313297584320273,0.101176750848281,0.0006514880459824,0.328384148161579,0.0299760943333721,0.0086027164342246,0.0788758042976812,0.048778646264031,0.137612316144909,0.0561131754765789,0.119820486567809,0.320922080464065,0.333457760978413,0.171792699197582,0.006551492234856,0.449291051565338,0.172570133182205,0.0611343611255403,0.473854213740581,0.0008465222228574,0.188066866331061,0.120401337792642,0.169320821770928,0.316785327440019,0.165716938921953,0.0063184164443781,0.0942371026219864,0.0305844095512404,0.105527496402472,0.0033752866041467,0.0878585042211641,0.128090966629564,0.0076365855279454,0.0316912356791492,0.0389283077680256,0.0002581382517537,0.0,0.0217388726046661,0.17855958184651,0.102044873239063,0.161882810306258
0.50576617854768,0.24456255824199,0.359327195728695,0.0904116432638543,0.0952243243422405,0.0,0.3027040038514,0.0039899595865651,0.229732802297953,0.0506748388101321,0.251015269104037,0.210766540118586,0.664268759903146,0.349926555033909,0.310372595781584,0.336774166328024,0.265815574977904,0.0541062528629342,0.173432989824165,0.28421124199004,0.227319631402962,0.426093988678228,0.0494038757867795,0.0,0.32034376435085,0.174045364913687,0.20334274347781,0.0221350003197544,0.178530504963166,0.12253678685139,0.038071669612727,0.0993860918985577,0.197318866571019,0.325220287111605,0.0005398095944339,0.0565107225865829,0.061462373088152,0.249744753692057,0.464220001219118,0.0317696005645315,0.0046799741417771,0.570483193726,0.274419072201721,0.261879973228229,0.309169085065697,0.292810792293658,0.35658103344775,0.333563256754001,0.0354210138926261,0.0357805978041935,0.272119365124104,0.200092569039481,0.0007233144768101,0.162671899325376,0.329520568448583,0.0802692438154507,0.294798696466603,0.328315160230956,0.0955786185718141,0.0011413082245523,7.26166228819664e-05,0.0058688463648879,0.267154072032121,0.135492056169084,0.0150125661729319,0.269673640672644,0.26417496307168,0.0080266006152236,0.184320639656042,0.0857024490294889,0.0566491255836037,0.114600557348366,0.112165885130019,0.422194587493168,0.353769857819905,0.345809983696088,0.291529546963965,0.157590690395725,0.341633735308365,0.260031612419045,0.654601744811867,0.690193613123119,0.0263296957699696,0.0019150481188335,0.128122085190175,0.20531238246304,0.14729078963324,0.0517642100376572,6.17337462926915e-05,0.20085215903136,0.604902900017012,0.0008147278505353,0.362534903484278,0.417996361466056,0.0972929662908488,0.101599866005794,0.0743694852729706,0.0668591374698245,0.0373180061988481,0.464341720045274,0.113437462421335,0.611140080973306,0.191312356006752,0.0073585478923072,0.3888354186718,0.0008333296687349,0.256292614541515,0.0,0.212722411229386,0.534332176223638,0.0039178667771804,0.0004130390468272,0.0072805808828559,0.0965858341850166,0.279704297282808,0.003198157861072,0.0982493139380285,0.140967720814509,0.0306309245464267,0.0049908713295968,0.0413081371503568,0.055292819421455,0.072030360094213,0.0049118110503041,0.182370876681577,0.367957909802934,0.214377905662739
0.585040212785579,0.31112135245261,0.124470316747723,0.0049659365786276,0.0046502224019409,0.0026141512722202,0.309957474123405,0.0128485433949854,0.178822753678658,0.366663599753703,0.16944060370142,0.292722774388943,0.418095253652462,0.350077349464747,0.429933100009292,0.293736551439287,0.368633997839537,0.0578940267475246,0.221103901507237,0.31495929155406,0.217142462645123,0.415955311947764,0.0254707618376035,0.0214931909943201,0.243212892320872,0.091004569460419,0.146477699815875,0.184327769606276,0.168801207458235,0.0275650403006052,0.141410895066688,0.0677604417993673,0.216620337159254,0.474515531142516,0.0123829049389852,0.0874624559373517,0.208070068412567,0.255189375680815,0.351349947961702,0.11608547360374,0.0069046311105985,0.407370071206148,0.184758711484957,0.293265412359634,0.264376454698502,0.134589559467171,0.324934197361738,0.266158610075838,0.174577614539043,0.861638207610922,0.220423837793084,0.266474515781682,0.0458263752933236,0.0765243902439025,0.34403113232815,0.17097335207766,0.381730004362218,0.290817038356694,0.155565172538793,0.0108526183852527,0.0013560959117231,0.028507256200242,0.319370368150856,0.191589054525533,0.0210060068089051,0.215810765933037,0.402366561997058,0.0094047352808381,0.0690026762015487,0.16434848752394,0.22682895465696,0.223903871890987,0.126770122182704,0.529196146961043,0.247029383886256,0.351990770025748,0.257777578783198,0.113123678558943,0.0951253091298473,0.416430432014432,0.423511562026934,0.517542380799558,0.0326122514028804,0.08325924436765,0.041105295885584,0.114215280040482,0.156005261900407,0.190567668518479,0.0042727633338324,0.262942137649996,0.234651577147257,0.0080157075481246,0.377673910404273,0.586789101656036,0.101635380301036,0.167139161667732,0.13682978051658,0.140121117220354,0.19224071164775,0.243561370117675,0.11545501917347,0.335849137155525,0.259908583537645,0.0297380207976007,0.46797823934649,0.0234409699165791,0.209520168227872,0.0468227424749164,0.252128437954137,0.0723929044239977,0.0453835557039305,0.0008928983250356,0.0734117095194817,0.039287063705906,0.172145255495048,0.10034343295185,0.0730467701053817,0.195988563696283,0.0048191849072714,0.0369531766975739,0.0614890082848003,0.183818081500749,0.180455977287517,0.0009081513359651,0.167330083262133,0.152192639516546,0.175790766755638
0.0057831664474418,0.320364952685679,0.121586397365164,0.149262048160618,0.0007192432367934,0.36059082876239,0.632303618711386,0.006631091882115,0.754838245157965,0.0925098907943069,0.299802514879295,0.307560892377256,0.384982779050379,0.402253568913728,0.426375166475671,0.21027941917762,0.455013257389767,0.0668612585639959,0.31843725209924,0.429112912821036,0.461874717818476,0.196124239973642,0.118947347802241,0.0046949063619151,0.276277249730831,0.161643257392123,0.0804668009793157,0.26273155549871,0.218057928153174,0.165504976622781,0.0749092077775992,0.0772407198899076,0.373654949784792,0.481392163383387,0.0097111200776453,0.180543989935329,0.0471480238790361,0.0899453829833264,0.146120381177714,0.349623645638847,0.115545587257845,0.323949527784066,0.346938576978203,0.364188294786941,0.413219129076815,0.0889668147476877,0.483568580971878,0.904010680313734,0.0491743891547684,0.234589398351111,0.148741346204661,0.278988549362823,0.00229613431235,0.0449759989621173,0.60531056177887,0.273449524627417,0.209006697287727,0.271826504110412,0.27127611157333,0.443000825410412,0.019389028721436,0.0617700810152336,0.472663350712131,0.123583518352989,0.084532021460528,0.0348036107840473,0.729890049668196,0.0641689206580952,0.396020247000241,0.487489982477826,0.0798943578380945,0.0042184666546931,0.151123949379331,0.356636764329805,0.606958104265403,0.0123548907281523,0.414202243166402,0.395475052857642,0.136514290084899,0.180657368215204,0.426505011293778,0.310236999362206,0.159160872008656,0.0025077598443005,0.146725049227899,0.13307253006065,0.310431313350011,0.117052045188699,0.0189969185666212,0.516133311811933,0.204129323389054,0.0022771896443535,0.212953745295617,0.401299373683189,0.0168545756309735,0.0914200284117344,0.180645936469833,0.137515792095945,0.732641731170644,0.466426805440508,0.716330629896361,0.125478129787016,0.349165917183092,0.0202056237810077,0.296438883541867,0.333217532024925,0.367446207438561,0.0546265328874024,0.451474986428574,0.398766274067449,0.0236798784348487,0.0011894539748439,0.0122157397363355,0.0600049552479172,0.142857142857143,0.860796488914693,0.10347255424638,0.369082694951876,0.0529546456902229,0.0225545926380662,0.0445328521040112,0.0066071569322929,0.0053095612413546,0.0041129428508497,0.0934579752391483,0.525822653961859,0.30168460729542
0.0019681695295322,0.598880941698118,0.332422912084347,0.0021947475506574,0.0203434800766309,0.0869931451144417,0.580614619273048,0.0037664396354826,0.465293856840238,0.121662078093041,0.172382507218937,0.0401943010706821,0.360054182221647,0.110012615569794,0.397164493449376,0.158374914228994,0.229107335755671,0.0152954918293174,0.696150638601604,0.554569714276002,0.083292959865005,0.247072213735885,0.0051091697354331,0.0001163347704099,0.781797623595788,0.12339041724581,0.016501563281544,0.0548085736820788,0.422344481407018,0.141238562372716,0.396991804595854,0.0998212785730881,0.008653156384505,0.903236458941366,0.0017884600704478,0.465169730480377,0.162251078478365,0.126098318220981,0.0,0.531765925228973,0.131606821472037,0.472415626908833,0.503080554889003,0.131999702535882,0.581366788590739,0.0563878956625285,0.154309110779319,0.281589438356418,0.187775033477784,0.0463843461852881,0.369133475434672,0.321801730122998,0.0006506008942086,0.0440678515827711,0.0547599166023328,0.175845700471157,0.402458238177106,0.455493786086845,0.312130014515967,0.0027717485453415,0.0003841653597626,0.0308362076545428,0.296138710772857,0.250886652634007,0.182610555585263,0.587947951574435,0.142011987137291,0.0115348099262829,0.0980597538772018,0.367391776802814,0.0367373585502888,0.0008127321077849,0.440171619933532,0.199020192852522,0.790362085308057,0.0678082374847429,0.215809621885424,0.693392378510663,0.766608877444357,0.228432969153634,0.209432098934182,0.190478995454195,0.0021305328848589,0.0007908599923629,0.0828194631568038,0.0,0.0554136382791649,0.392542459846011,0.0017955325783427,0.370085547568561,0.910394040594866,0.60046960710888,0.11614665533568,0.0155248908799356,0.0345246952440909,0.0845466219192189,0.106143516157359,0.206382675848325,0.360945003470747,0.0170347840932803,0.686477025239501,0.0865395855378382,0.347570441189153,0.0188942576275838,0.311381796898267,0.0018645476493067,0.403768134412371,0.180602006688963,0.886097801934729,0.076947401458855,0.101465458689721,0.0039003857685448,0.27536231884058,0.0737439995044752,0.907127338393386,0.23351472628689,0.416568969695382,0.461140574870687,0.0188135501060301,0.0113530363791468,0.0910415470429005,0.004780483959959,0.0,0.0025228308568136,0.0931782010688378,0.0856116728732921,0.131301867655876
0.30520824738265,0.305613360484167,0.487476513294398,0.0205469362135481,0.0176156589527553,0.0061119162493197,0.408055845302094,0.0336127760921005,0.176520631937155,0.0884969531399291,0.485582499612907,0.230685065904534,0.396214406791375,0.411201602729379,0.333826307801902,0.140475698770005,0.381518216635569,0.0893710852869658,0.232180269272233,0.471929019427872,0.221906633732506,0.463878156168569,0.490898169186973,0.11952234311914,0.397505508796709,0.358141294859451,0.30246904021172,0.158377033105242,0.338639237418962,0.668617158592204,0.188481439820022,0.0963237002484228,0.480295014347202,0.243800682314474,0.17018724304518,0.157678942205794,0.393241535578892,0.407513540389644,0.242977087345324,0.210909131003661,0.045619125372926,0.49948741825389,0.418932766078875,0.356895961924593,0.269138369185546,0.123769685308677,0.490341250173165,0.244671895570266,0.137041663220296,0.279521158289911,0.472510437402012,0.386045408556516,0.0009287389834766,0.09891670991178,0.311596372096443,0.132127892773043,0.714587770393369,0.467038893300994,0.20023091405877,0.0374797468741402,0.0010910061970089,0.0231718148458551,0.655759972833144,0.627721230645022,0.0915949236226227,0.421806599643752,0.259697581470645,0.0187487077350234,0.0748870291969202,0.17161883158338,0.185435130964628,0.0052017635846422,0.419450824696134,0.553450636072347,0.541177630331753,0.317164544782303,0.404769900079847,0.505602077679924,0.0890319455421564,0.692454526451593,0.386137869525251,0.339905590243784,0.0716915927830296,0.001441340891852,0.0984557985283449,0.105580275058749,0.335789927390737,0.113869656442505,0.0065950029816086,0.419001775515574,0.433587909283815,0.103824666518228,0.108146169721986,0.151858456715109,0.186373261603617,0.153252771384793,0.217388414455663,0.0959106627045558,0.466946579880834,0.280775164878246,0.131194634100717,0.228963559979304,0.517818201978637,0.0342680165831953,0.60615447948181,0.0175373019467812,0.420420994498609,0.1917502787068,0.536524838238716,0.250669605457845,0.21443125697906,0.0025455546061893,0.157954401086712,0.0679804267707269,0.402090798792359,0.465336889028842,0.210406528559172,0.647962635587857,0.0276403313214797,0.0652002328010269,0.0862326716430153,0.0068613541420351,0.0081255866719647,0.0102429643686146,0.147318691259989,0.309315239142823,0.34220434074182
0.526515684685166,0.449160198718118,0.112514836219585,0.0017143796528968,0.0334684262162503,0.0034396727266056,0.294551873545695,0.0373149858565824,0.454937151129082,0.0212749393105108,0.73225146619799,0.287227530606151,0.296825464638938,0.277916828793119,0.279570725059622,0.19251010932056,0.340646174997545,0.0287800320219139,0.192701061962939,0.207757551034284,0.0552480112121144,0.774118668943002,0.246173835827522,0.0002641483610483,0.419340024929476,0.729677515232576,0.328282929956625,0.502819168212146,0.200783929633803,0.265410320396982,0.0442808934597461,0.104918413668615,0.141768292682927,0.232221801040448,0.0093403417703573,0.0127263915281013,0.054011068020393,0.936660960788853,0.823011087205352,0.112174916569883,0.0324745287399579,0.519264530624624,0.234647487240017,0.451746858035249,0.154308494452148,0.007335099798728,0.335785860513799,0.823263058352339,0.0213127060624367,0.131873048948351,0.607476174538024,0.371601578263872,0.0006333724384735,0.0868934872859367,0.286141177335581,0.275918050433217,0.321131097482744,0.493037519586168,0.694000546145284,0.003148787869524,7.28118288574555e-05,0.0019015596461997,0.332214698068357,0.455898042155647,0.0063098230041174,0.538891404764061,0.581410173633967,0.0023975998683472,0.331333494197907,0.131732114478206,0.101005479939859,0.0010973158056349,0.303198043719393,0.138326304863434,0.327584454976303,0.166208583163315,0.293208563731745,0.350508598731417,0.494765826173419,0.129169494195306,0.495696062384029,0.603316528613387,0.0170694268531023,0.0014384524331509,0.292841227070163,0.121485153805133,0.0713962405506506,0.185387887987246,0.000463659839177,0.448170644072144,0.587730215151,0.0008147278505353,0.116571567318198,0.101796256480689,0.0503526870028043,0.101388949200067,0.131252899965105,0.118273160257893,0.515617873884254,0.350223210051408,0.25920037055347,0.250726533649257,0.146635948106989,0.0009487312679479,0.667292210711752,0.0004815282254695,0.670298859364048,0.0680044593088071,0.421523438948813,0.639847837321861,0.0833342926542876,0.0001896125045926,0.0032835908411269,0.173448542847409,0.474252983832285,0.0163450467915096,0.361690561490146,0.355049215390995,0.0319057026685758,0.0066332347383778,0.0308044869165778,0.0099728068101205,0.0066571071529349,0.0995967536978364,0.204171483138162,0.801926925268696,0.217558841713409
0.535651534492717,0.399740537643359,0.041468903410963,0.0152735641803536,0.0067656924290534,0.0025010242581008,0.466613174997994,0.009811755094071,0.172202495765233,0.0384024686290191,0.533410842394921,0.210831591519857,0.485862611879628,0.357187576154554,0.327542819091275,0.160005951230994,0.372719237945596,0.203461334597899,0.142988696187621,0.237468767528428,0.0550213495715118,0.360469643873364,0.119881036328972,0.0009922671593786,0.433109122412988,0.480854847511898,0.268616522933549,0.53857837181045,0.156125956717443,0.070619281186358,0.0366704161979753,0.147045734813147,0.255716463414634,0.266551474743434,0.0084515643572994,0.392221355565997,0.378643949627435,0.226162461902828,0.0704876248185432,0.0850950441775334,0.0198823025958378,0.298747591933672,0.309885987042213,0.344911132594631,0.100089383755847,0.0197955759563703,0.35384118090723,0.176432849381617,0.027260705823721,0.263776278098752,0.439625134320996,0.0898531709677481,0.0003038080565224,0.13056888946549,0.234721368814104,0.0464431856727468,0.244181570911704,0.255865118375582,0.252692799665286,0.0033424026576177,3.68939293674507e-05,0.0044681364938067,0.388366193244242,0.356650615610853,0.0232385077446839,0.271741690064306,0.239987779796981,0.0092730824897568,0.256369688727049,0.162283859224949,0.0511741315185566,0.0197166909034026,0.656077216244934,0.607350057915929,0.259911279620853,0.478996463031102,0.53521084719455,0.352606256347079,0.0948168166636922,0.31190041668738,0.928632205550183,0.392819130569018,0.312072740083376,0.0424776736584698,0.0260130583480153,0.26141267508096,0.343093675674356,0.0799017796333228,9.45708453845487e-05,0.0962072953126831,0.398499404596693,0.0031070987591846,0.0864756586135729,0.200723392321687,0.233882275510788,0.074019391939256,0.15766606973721,0.0443631855845596,0.314312559305204,0.170151820774343,0.170971233114653,0.323366684251881,0.301024431111166,0.0151267751957738,0.319444875655873,0.0010751931609799,0.321332228806899,0.0691192865105908,0.142117277352746,0.39098587161982,0.21134991807399,0.0006858210046416,0.0288877813284861,0.0530484065780916,0.107305098614599,0.0410053040218065,0.0845117007132425,0.28034221611122,0.0524531926848277,0.008163981216465,0.0523203592814371,0.338972964451801,0.0,0.0015519899696718,0.189010068519542,0.226645639238242,0.442818798715671
0.270350290493086,0.295736331023618,0.172500868228927,0.0008603922791001,0.0273652164690129,0.0009096023432579,0.407157185268394,0.0019423112990619,0.245485757161209,0.110387634206932,0.149800749193897,0.0513362197670947,0.299808502537593,0.146240977578753,0.138414841886828,0.0470713503742836,0.0877148188156732,0.0267257541225882,0.221564338163912,0.204953002566587,0.0257001309261175,0.141237607452002,0.0862323382694769,0.0032833778142749,0.203912306902686,0.0795178526158569,0.122578617033962,0.0535375498283984,0.0605565556067803,0.144852709175917,0.0484075204885104,0.106728861723232,0.078349175035868,0.395007523133344,0.0196294397975987,0.0924944604429574,0.15272996644734,0.0891559222836669,0.08266977918152,0.0582724452742535,0.0057452600845551,0.238194601659911,0.338295188497532,0.363434223246821,0.227458172418746,0.0259486543014089,0.113457601551557,0.133103409912666,0.0824019407168382,0.010343936206926,0.287279581446967,0.0567922532719522,0.0004614980824491,0.0348209652309289,0.0499755793984654,0.0431315573280316,0.170973287829412,0.206314795337955,0.132272555241318,0.0053295017985794,0.0023370059385561,0.0146579251685916,0.236711212320968,0.265419105562123,0.0054186050656827,0.219409473779549,0.108324540876264,0.0100300860384747,0.0832062868800316,0.0610525529400579,0.017171797103743,0.0195326848316657,0.214860012682739,0.306708720484187,0.122059526066351,0.272359968995839,0.265889095345765,0.116037091914029,0.30354893812304,0.393306288882886,0.383636494110491,0.496430181872839,0.0168261770355396,0.0131603955339807,0.0592289356409991,0.117888457359817,0.13037770984069,0.0374342983321473,0.000640980174273,0.0673413478440642,0.191621377217094,0.0180302815618485,0.0279592084496783,0.104636614006198,0.0285225776912951,0.0512062580256946,0.0649656094496362,0.0232195709294946,0.160048732528081,0.0410646423896754,0.315304481826401,0.290878762651444,0.280301723606885,0.0209504954376611,0.259859505567227,0.0007981495244084,0.0403364557445995,0.0,0.175508043388102,0.127318250789957,0.0179469764122164,0.0013528692557345,0.0204051716555748,0.0173130168168726,0.264467706893146,0.188602749431712,0.0871577058349653,0.0717169733080163,0.0115958490163264,0.0047038563649554,0.0107886965794438,0.0988492157326397,0.112652534710825,0.0027058165737618,0.0553265986497127,0.163735637515406,0.144841859101157
0.644961388930684,0.485184455809175,0.271789365753998,0.372750543883209,0.306821458638542,0.0084325487822029,0.0290620235898259,0.331418426779232,0.177414954128093,0.688137416574069,0.116711804829285,0.19154864991682,0.28068954165007,0.385741578736908,0.721432000495556,0.445761635433807,0.582716291858981,0.112180663900083,0.353241825400201,0.486155728927643,0.158183554384436,0.209288046245545,0.0310043354488234,0.0023663860945733,0.546553673624537,0.0094024234749628,0.0706024092654048,0.358804438191469,0.141271848356101,0.271003642830508,0.442436124055922,0.181172591281969,0.023269368723099,0.348505954554228,0.0237298116664304,0.0512319471445974,0.233931761732537,0.274317666839994,0.309139099161743,0.13460548948119,0.0051625395688475,0.220967583476073,0.171470170500606,0.50076894474604,0.445492587547406,0.112946527757257,0.0875675342866378,0.368036936084997,0.233187556210744,0.498244955641664,0.486035901139747,0.614576181068101,0.119862274256764,0.22579138557343,0.408076129255881,0.255197335011696,0.51300197582818,0.338784369701002,0.167364785126963,0.0202378404817951,0.001358438383429,0.32129040049061,0.382713090030163,0.093869842276751,0.0101019553321569,0.462621139389548,0.283274384501759,0.0458877491170402,0.102658104284116,0.211359530568724,0.159222422252117,0.0110373516103428,0.0828789392310188,0.532495599893695,0.339024075829384,0.388238019297417,0.312035938421127,0.227928812825678,0.380845422328736,0.0546628917038064,0.252341622271809,0.198654539102457,0.0502688329880304,0.135053352720668,0.0597600787646388,0.477284656574684,0.277693712413211,0.226169497323067,0.0011440445323603,0.547670271501317,0.286339746975978,0.0005313442503491,0.191841689935656,0.469899401008147,0.15608009500372,0.5779802854821,0.13826138863431,0.200025801170839,0.377293032492761,0.200607662491227,0.262273470242151,0.437164368899176,0.149053802653788,0.181411531789358,0.434010277780652,0.0025021877652253,0.30149323477559,0.0445930880713489,0.207196059060149,0.0185672449068688,0.0833496417895557,0.108024886670079,0.154182180656132,0.311115859890365,0.090685928726616,0.00686865903701,0.449906014422038,0.326000130950043,0.0024710154121279,0.304036546572164,0.13761483881552,0.245580121384094,0.555505646447719,0.0008463089408854,0.592632055083681,0.237313966895053,0.240570040675387
0.429813278713191,0.351216204418981,0.0790425438535117,0.0002946256439598,0.0368744738255123,0.0007307393614744,0.310856134157105,0.0087275548715788,0.249692103059264,0.268888055317673,0.096387407675027,0.214310241863243,0.328836577523174,0.422287686153705,0.198276396072723,0.123158282758973,0.099538446430325,0.0260841902944662,0.255706918199452,0.219315690173882,0.0951661197665446,0.391529637283973,0.0654789887435034,0.0072191427724172,0.358185628118596,0.0422603281169802,0.135859154449739,0.0382879282044723,0.047994169308141,0.0189025614548375,0.0244126627028764,0.0878791128268368,0.0284702295552367,0.39340987472297,0.0079444704958614,0.134256598354774,0.149222188330646,0.134476849444531,0.10373795273884,0.0104526543273401,0.0130474765470167,0.860764643819759,0.23397625054315,0.253843980069904,0.197141898244116,0.177943479674156,0.0028014222605322,0.151530659546458,0.0252441862778253,0.374457576477288,0.198706995261331,0.0309054361359694,0.0056682698845794,0.0475220550077841,0.0788601618586966,0.0505920344456405,0.132277847630289,0.275762519049561,0.18288680899447,0.0023437579611343,3.43562516860916e-05,0.0117179369886463,0.0133836719202573,0.0437847812923503,0.0122587027431688,0.33791927059747,0.269793106923627,0.0238797908746049,0.0681910413056354,0.0786018934814795,0.018549200759674,0.0759854695457205,0.129758412918578,0.449442653201422,0.228519431279621,0.400846823409923,0.384830643175356,0.158905888424593,0.197853300359483,0.217140423707038,0.229952262001989,0.283892452500599,0.0209194843103868,0.007830033846959,0.0336692921546274,0.125773321166239,0.0682038021912846,0.0163334117223076,0.0001760068511323,0.194048595618036,0.164161197611224,0.0100449365423152,0.0944397232001943,0.161566007751659,0.0087134435986951,0.0146618197157586,0.0886280464812478,0.0702310835898622,0.266465231045971,0.109444061537683,0.031559397672461,0.195701075747549,0.0861341431862703,0.0108966882614107,0.089364256367268,0.0004265592499593,0.110070307355721,0.0434782608695652,0.343878022381895,0.0599990088659302,0.0303298912897495,0.0016151492428136,0.0186461051335425,0.0154684257796773,0.0429446121723428,0.0461321970852481,0.0908843813653124,0.091555904755669,0.0046057149531675,0.0075899512871823,0.0181650397834468,0.24644518010562,0.325714516064014,0.0010665695261008,0.0902481111055268,0.104721894588971,0.190123968717371
0.627127734445151,0.609153864425843,0.304180347367899,0.0527294503950759,0.0655265390810922,0.0008270501978194,0.168354328813287,0.0049842379896564,0.288763751151061,0.0488417685235645,0.305047958731858,0.362381094569808,0.373134187700183,0.597584865624659,0.458446898132375,0.261050303446162,0.522950014730433,0.018606535805615,0.311016640439652,0.368636649499431,0.077154156186366,0.208838769580975,0.302244117109353,0.0587417596204293,0.355422546897129,0.460476477706553,0.582295662300215,0.214144870073117,0.0714431918829424,0.52927172073545,0.0453286196368311,0.0630922381284292,0.501008787661406,0.468185401632997,0.151517464748798,0.298626631679285,0.154472961784827,0.637369008353861,0.25656574322204,0.109102336043281,0.0067650209870435,0.279219295285529,0.207674797169781,0.524625567040976,0.70659526858355,0.0205058832928929,0.322532978281281,0.24778327863381,0.162433476318459,0.23487939072733,0.394429862420068,0.262714376698613,0.0002115991161154,0.187172418266736,0.313644551579987,0.155456343954465,0.211157014190039,0.361761896585031,0.265947202762026,0.0029144120734105,0.0010849548117687,0.0065644710525525,0.467090150016979,0.371168651422969,0.0047412794324724,0.286550131328684,0.618921157643768,0.0095600180600623,0.0816735034110602,0.198126213987857,0.0982531455250455,0.0006481926733602,0.124958908351308,0.465368280122551,0.293465781990521,0.193473089635879,0.723171177625049,0.229543676228212,0.248887132549779,0.150512369152556,0.405092964369069,0.367524709438132,0.0148130750970902,0.0056873751824783,0.0228261996061768,0.224156012601534,0.409376091810317,0.146857162054443,0.0006738172733649,0.351423839668511,0.218266794402314,0.0014827034795457,0.073121282020153,0.176857198328863,0.0660841011846849,0.0992425605300215,0.113999465703399,0.0529784041234423,0.38517116394224,0.239685229564898,0.386128295231351,0.563853133980022,0.486650978846083,0.0094618302280679,0.479711789780404,0.002592336885062,0.134624779625735,0.0501672240802676,0.239598892706496,0.563301609176957,0.111446233897798,0.0003668765381011,0.081180919991791,0.0457245501564,0.299497756835304,0.218202930496649,0.166148163187781,0.579170213230319,0.0063859738156948,0.0082915434229723,0.0523531703715856,0.0211870418538662,0.0351052986196293,0.0207536300638756,0.104040810172388,0.470400360470202,0.507064492248764
0.00036038615923,0.0926877498441805,0.0200513177361678,0.0419115653375065,0.000635138180878,0.620735570190726,0.284666613174998,0.0054929385679821,0.193171698492158,0.185274571280955,0.23010412110972,0.364672823444099,0.253440106152924,0.194356518425868,0.395526837426828,0.303648237836061,0.755671216733772,0.127467862198843,0.519008267519245,0.518671493889484,0.671280137292194,0.277023991373888,0.0045737679229021,0.0005305777960263,0.275185138018994,0.41232792715838,0.0819526540169135,0.0364546694805056,0.372796991301786,0.0265611106330494,0.0133761851197172,0.0,0.0265871592539455,0.128935110358669,0.0007197461259119,0.0367273592692404,0.0232907751971763,0.0004298385780598,0.297778720964097,0.164438188206583,0.0070654862529553,0.127761000217847,0.0785590137036052,0.198497806202127,0.212864044788546,0.649185882723771,0.353810396047224,0.422921881663607,0.0784160165677078,0.153522751279706,0.0941286310708686,0.253002277886901,8.95966056401517e-06,0.263362740010379,0.564777614973768,0.525823446485537,0.233789227887403,0.269559338041168,0.0708663429185557,0.557875536262012,0.707596674783331,0.0201330479602615,0.16571782425441,0.0505175744644041,0.0200925084220095,0.0014732965009208,0.0012944596497085,0.324662534231835,0.806532015706232,0.0963855421686747,0.889795343040278,0.000692224352995,0.101506446351804,0.101741489367037,0.450702559241706,0.0068066605489874,0.151439850157081,0.100637621322856,0.0241312495219642,0.118069809660655,0.132097909027847,0.565466300510641,0.0243333696810072,0.0025493536495964,0.230477251528656,0.127355322806911,0.37257800703321,0.316449162714132,0.0008222409612601,0.142207078624606,0.0031157947514974,0.0007236402647612,0.619388126745174,0.686715755714871,0.0499484919590225,0.0939603352336524,0.330895764868592,0.0101677372669739,0.295851709679932,0.435365514363219,0.370406495374762,0.0199983532920437,0.0,0.042736031206202,0.1980824315265,0.0011961249071024,0.376431105163661,0.0813823857302118,0.377235070588275,0.0327546211626003,0.0234880142439975,0.0005204053483728,0.0245682957577179,0.0382749543188083,0.0753082587963094,0.0090926088111709,0.0226842543046705,0.168903729893712,0.239595857071796,0.0651364516977732,0.0428492330407678,0.0120300307401277,0.0009847450892317,0.1594610392911,0.0,0.11128192215434,0.0339997173331441
0.567509913652932,0.561626370145993,0.186514655577083,0.0483122007041126,0.119991398911523,0.0188111879559477,0.210527160394769,0.0169464091648318,0.567572483676725,0.0280551761233748,0.565845124942615,0.19355137994284,0.671706878201834,0.212271435361025,0.212140335119398,0.0774947982244014,0.122125110478248,0.0065271566474646,0.60449785591846,0.231757687012391,0.0,0.124853985084015,0.355878973073206,0.0002709915828372,0.624170786204661,0.712069045183834,0.191758664637007,0.0634286201530558,0.0879328781771819,0.138370191893985,0.0706925919974289,0.0774989723517953,0.239374103299857,0.521142679072666,0.0066685569090175,0.313437978021658,0.248071811407905,0.406660505330757,0.10084367514556,0.126225724408638,0.0049318793647132,0.36179407882653,0.372293165059374,0.696522644456013,0.477250030123619,0.0124276422283731,0.302399679837456,0.335350725927574,0.118457435837301,0.258763740193075,0.521722127292265,0.106928716101849,0.0002363191434547,0.102607680332122,0.091301539285658,0.0729479766519418,0.349311026147648,0.456180643499538,0.343277861793305,0.0011718789805671,0.0,0.0095918296932684,0.493438005633128,0.609512413136876,0.0830570557724186,0.385411949400719,0.190393912575156,0.0077227864819589,0.133969114001799,0.251151166107496,0.0573811031099153,0.0035002867852818,1.0,0.548566643433437,0.402294597156398,0.590504530349331,0.435984687367078,0.358449731133568,0.11700277898172,0.143023136721017,0.44203267507065,0.393154277078822,0.0877293048926765,0.00710156456254,0.0622344284381801,0.0830561338184805,0.133103508720675,0.204433354610341,0.0,0.206965858361175,0.205284316271074,0.0004200149788474,0.0332159766905427,0.05358568172176,0.0255286728094775,0.0318577428179726,0.115801758065897,0.0369386762516533,0.587929440707533,0.0411199706602085,0.398255904582482,0.401431822732905,0.430735397390565,0.0061353902245396,0.507555399169544,0.0047449219660423,0.406933027464475,0.0,0.526264502881189,0.383512248765212,0.0776244143345574,0.0008984378260828,0.0280668836182044,0.0449750689089164,0.479924381366214,0.150962891528326,0.140916146525808,0.449398721054584,0.0492148937584205,0.006816605410232,0.022585308834386,0.150636478284859,0.022199955081803,0.0578421239897664,0.158023822686837,0.507931669692673,0.604263288610954
0.550566910483476,0.518283163166902,0.132250665642178,0.0481179185765738,0.0332045103511365,0.0013743403472082,0.447709219289096,0.0440514147271387,0.50809058422734,0.0162782303440369,0.372852994466614,0.115693383952566,0.242376227173289,0.456336260809739,0.554166537615759,0.349275082329063,0.655936364529117,0.0177274215665265,0.234855979481907,0.316574031580915,0.0579154093869688,0.451283433671788,0.623210974431299,0.0065539816145441,0.517344509147883,0.393968911684157,0.590964557875486,0.454696126708022,0.161421020715407,0.596821845509566,0.033302265788205,0.0478785766625561,0.442700860832138,0.286309292639422,0.0454421531314409,0.314660710704878,0.0432262843696893,0.843658315336413,0.796601368573383,0.10273297952103,0.0102309940544297,0.380769214340329,0.116354179502312,0.45813489997769,0.540700923859064,0.028840229005712,0.352101836316899,0.385555617362927,0.0303985610049513,0.0140469157801779,0.340440749026723,0.501888676167106,7.2476097622648e-05,0.178794758692268,0.366524344451272,0.111007193821431,0.190223499525288,0.655127819871643,0.352643774342989,0.0030978366094993,0.0,0.0031403280899926,0.575677673238649,0.433292004267466,0.0135153200363617,0.278268876611418,0.85525610458982,0.0015452324389101,0.247491061048106,0.0817769386452235,0.0691545659571101,8.64411394935198e-05,0.268218711493149,0.41551043740316,0.455205308056872,0.153437185392408,0.457938764392905,0.301879567815939,0.198508528159498,0.119328796110678,0.226401812472022,0.355518339623255,0.0149640577424739,0.001135741961275,0.026427609078661,0.0455323121215899,0.184289377308435,0.173055368066775,8.40629736751544e-05,0.751954062127568,0.243452801976918,0.0047871586745744,0.084715308971713,0.189372748387468,0.152742803182052,0.116705231357126,0.09643286716594,0.18461034300729,0.458366950841773,0.41357566061955,0.356194522756526,0.548511304853418,0.479600699791787,0.0057668747733532,0.746142957512451,0.0006948078504492,0.345801737505045,0.0,0.517073022702214,0.784784676123344,0.0734763105283556,0.0001519515912235,0.0158022809229236,0.0531382204465917,0.457196467368302,0.662963363871641,0.416909544612039,0.887732163512953,0.0137285346898745,0.0126047405304993,0.0853334427036338,0.0072298415701111,0.001503031978301,0.0094390132325782,0.117557085657804,0.35701127794638,0.808010679079104
0.313897558110751,0.326116571280075,0.680237328628147,0.0706845349291511,0.0207996360695512,0.0044318272153021,0.239958276498435,0.0074301114773641,0.439123564252881,0.0489125434381038,0.24364828633441,0.150832871219554,0.572734480726484,0.510529355771186,0.448795180722892,0.158441532486393,0.306785819503093,0.0260218407165255,0.329988849666507,0.377662196386382,0.0771675970383693,0.619732231107916,0.595559429601191,0.0120290152603846,0.545199146377701,0.393168413152153,0.221920165015633,0.162629767005606,0.260313227521325,0.544560135387087,0.0574256789329905,0.116207352599503,0.169588414634146,0.425974460880869,0.0484738110557367,0.393007378008154,0.119177306200706,0.405407995566875,0.267253348624992,0.15190161861778,0.0939758231686035,0.208431756147777,0.427782065333705,0.237721424853127,0.194387544274913,0.239276165084619,0.392830206104638,0.297769371975302,0.118778864446122,0.17034887001387,0.541430760829355,0.291508320694344,0.0001554878924868,0.18537558380903,0.213026421515338,0.135614023736278,0.579749044161043,0.445958273412179,0.412200757896351,0.003892676265884,0.0012762566677481,0.003902732747673,0.583627973871876,0.290245379314322,0.0791045042154608,0.784373396129578,0.384256725048582,0.0116816534240275,0.0837354947682453,0.185728256883226,0.0282652132626415,0.0010002143647561,0.488033051471134,0.613738360402553,0.399566255924171,0.18841264043192,0.357652958427545,0.475469059550169,0.16347806134156,0.126422723567424,0.23170185792051,0.272825508508659,0.0225970692590946,0.0015996284286726,0.0514690641517256,0.0873893515574335,0.264687837798358,0.155210168984232,0.0019413292983106,0.366706982441632,0.244625701725327,0.0089670667773212,0.0618550443122496,0.13101958048998,0.120983088193212,0.096252504637068,0.0439529256573574,0.0922110120583403,0.426869121222408,0.19217563406198,0.40294572193347,0.233649562250135,0.359862998509246,0.0227577892993306,0.452108508893879,0.003328921156899,0.495252660421844,0.215161649944259,0.384349532502301,0.122277626092312,0.167639418114282,0.0020710424852417,0.0721803629540591,0.0594580197590511,0.34587060184532,0.199348559844914,0.242319053201732,0.428097514131692,0.0237193313154381,0.0569326072917746,0.0610973258961529,0.0124733979664223,0.0087129784795766,0.0035978719438843,0.163584124909953,0.270842996673602,0.353969259045495
0.234517956210048,0.53391993210938,0.789935668370897,0.0209846047426189,0.270313649711971,0.0025178404358753,0.321062344539838,0.0023225521353862,0.22354833697757,0.0757645460143107,0.149740987534261,0.220620227786546,0.501979058420548,0.553131475240766,0.4881918419178,0.198393611753237,0.375272513011883,0.0288570433770901,0.223385744215418,0.203627216018221,0.236707455579511,0.691646449216761,0.354054036407323,0.0102064371906293,0.539769460234399,0.205760592244031,0.0777978403640998,0.17568907079363,0.353135622887378,0.130281387143964,0.0834452836252611,0.111628509642021,0.516970050215208,0.337950312436774,0.014967447845669,0.121716506667256,0.252821473702558,0.93013557469323,0.504371894352095,0.174600491024831,0.0741967106640889,0.594274461895955,0.205502195300695,0.259736744255224,0.334034515881104,0.160759295558992,0.132344113165145,0.18140957890638,0.179927778027894,0.202296582157727,0.130730882378847,0.92010565111035,4.90730324385698e-05,0.185661001556824,0.387678362296692,0.205424874662024,0.774498986425804,0.438319667732727,0.28528585595498,0.0170788623602662,3.04521321763085e-05,0.0140301934504431,0.311000579293262,0.39249156598714,0.0166702315384204,0.203387374332035,0.296769520042078,0.0104301079806065,0.081873670125255,0.152188234335312,0.208136325868481,0.0017061117130061,0.171728097355925,0.383393422154473,0.288127393364929,0.122477570984382,0.692433977329542,0.297800789118817,0.0405782321597022,0.306027742023973,0.403288693578094,0.211114880098797,0.0219008715053809,0.000451754940853,0.192157218364597,0.109538422210046,0.197268438162465,0.235731934141045,0.0007762690225315,0.68259839960377,0.274064590067061,0.0040989413598364,0.116389462182834,0.163622570415699,0.52391189263435,0.0622235594071997,0.0750392733566225,0.358741555306441,0.410518642837303,0.328469714885518,0.0466576700559839,0.322680555936738,0.183026969088423,0.0184982995364154,0.508482216265755,0.0005914661764899,0.272095838909068,0.0,0.441433816959394,0.307515864044724,0.219523332604249,0.0040971919307473,0.0281157465771497,0.0981783269844219,0.085310798228041,0.151435234843192,0.267908018574432,0.527619546476353,0.0147415100381225,0.0270511604174473,0.0351919448773685,0.0014877433593442,0.0018600740574377,0.0073109571169583,0.131580975356419,0.232065944842758,0.347375151840043
0.0081723932067815,0.0742330329281687,0.043584456094331,0.0126219333847149,0.0005555905417857,0.483489570912293,0.474636925298885,0.0046296891017324,0.16478833743231,0.0759768707579286,0.146657829184878,0.290823486755108,0.277841582342024,0.266712264030277,0.377795242667327,0.264524445569553,0.418796032603359,0.100074478866381,0.44741868855066,0.171451396325192,0.517491741512866,0.141192679785545,0.0080897908015356,0.0029047195419603,0.247801305131381,0.458497085860648,0.0124528266824827,0.0911326767709066,0.443796377242703,0.0395548289017009,0.0138454121806203,0.0241792218469072,0.158738342898135,0.0555177008746369,0.0096456886116533,0.0138237026792997,0.0244672970499804,0.0819587354965062,0.634372819979094,0.0126247776421987,0.0240797113105445,0.0383539291526597,0.208506546989811,0.228627946753923,0.740112475126741,0.183583254258287,0.423892129850539,0.515280636368693,0.08760971237898,0.336248128499427,0.0602321771451724,0.475158409725104,0.0002239915141003,0.0444278671510119,0.553633417886384,0.291548779363987,0.11835467398835,0.261064843632617,0.0641481171561481,0.242986559057605,0.417352522861548,0.0104677602999756,0.207367012245061,0.190132925809521,0.243899613211415,0.0479213839326148,0.009245780407991,0.483769151894408,0.332668852962467,0.0182930142214857,0.103963064809686,0.000234758376158,0.173658079307412,0.27327794130183,0.282828436018957,0.0778578619602113,0.393098867969584,0.177318660828741,0.136460750070112,0.0768874165442319,0.130136447978567,0.426600883161833,0.0780077001149146,0.005140878796229,0.0938698310705773,0.0014458028239253,0.228304365800529,0.148191810693681,0.0261107477138812,0.292298949947265,0.0628172872888109,0.0032285488735501,0.443523127352191,0.29565964606988,0.0300570880787501,0.0741713761080887,0.200149040630828,0.193247803934827,0.456582344892857,0.212918993088709,0.0474638020033047,0.0072455150079133,0.139477866620671,0.0790759671080358,0.291009069238757,0.0004243604909389,0.464071029546082,0.0602006688963211,0.507959093529886,0.0249223021684598,0.0415846447250778,0.0039832474717082,0.0539153889002902,0.0451311592183096,0.0285262831184222,0.0414579663652198,0.0512499754393089,0.147689822999192,0.0591996487815095,0.0783550853470888,0.0517584693626446,0.0013911878300622,0.0014627207758178,0.0790862574337948,0.0287044948149637,0.0763083610533151,0.0951815262889515
0.199765566983289,0.207610489750425,0.448221116599647,0.0120006575702778,0.0409550191245782,0.0037622375911895,0.249586776859504,0.0324669151934475,0.130023457010008,0.0404620186421125,0.229669490857824,0.443785991553982,0.377069686730759,0.369621384804499,0.348193545389785,0.159176553926369,0.319414710792497,0.0249257617941039,0.347348606023399,0.350551561198647,0.0879007283108942,0.416629226944619,0.193753427877458,0.0002331257556057,0.506407955821573,0.428079390472194,0.257552763655679,0.0712626036537273,0.215127278570486,0.492499211198118,0.174565322191869,0.102987328650832,0.144570480631277,0.5000895334262,0.0068375881961635,0.268851259657973,0.168046537975511,0.271963517806514,0.129784193451528,0.198424016112671,0.007642136763291,0.221975660910089,0.459673915158276,0.554513274336283,0.310594595992912,0.0464501597370659,0.16820847507196,0.204431588511246,0.208956864699496,0.112740113031418,0.450325012771504,0.349450036625973,0.0018174725427963,0.0706571094966269,0.192155997752254,0.107958299756285,0.373544430473942,0.332017750971259,0.25686394435067,0.0036684907217755,0.0161909692249971,0.15156242869847,0.512354926989073,0.248060897897984,0.0149412687378572,0.482785375720798,0.297496433149505,0.0085717781988041,0.0946486937065392,0.145108053408674,0.104806322703173,0.007266154122466,0.236636995845237,0.465343208291756,0.150862559241706,0.197319654677797,0.299387345437179,0.398871260425858,0.145812405986284,0.408918439599496,0.406025854380312,0.486150324381198,0.0188308910492455,0.0077832408160011,0.0260001036376827,0.13638530435721,0.203313140303604,0.156996826773601,0.0022302957703189,0.385251501891599,0.129976989676692,0.0013106491508612,0.0985552992594391,0.156057871385735,0.22610241515481,0.165287436182158,0.0848521800707368,0.126218141485317,0.170533476180189,0.137516045198455,0.133448240539084,0.261561262110165,0.397048677418163,0.0087189187599847,0.536842129471519,0.0068755194568185,0.30253403853098,0.0546265328874024,0.321367999757232,0.242591862789287,0.0840979121338751,0.0015854128934425,0.0307054834012528,0.0456465050017034,0.2875765356508,0.148030426781866,0.131874537440318,0.371810820838517,0.0148160231353097,0.0204418435927895,0.0427538758100238,0.0390951367541578,0.0093406814896717,0.0018434116670337,0.0827210132180731,0.148362643624846,0.194177809904672
0.102497706633532,0.686925574095993,0.0402362091534863,0.0006490304040854,0.019347063034875,0.0007139231836999,0.368899943833748,0.0081469168377322,0.189025984607048,0.0108285619245115,0.0447234529200362,0.332975728362411,0.491269525139068,0.609349523987759,0.461915786539474,0.0923917508832471,0.195836197584209,0.0375101577236984,0.186201323616702,0.182941546411028,0.34070910269483,0.622053493874862,0.229403353443548,0.0199566595953375,0.376577869880485,0.160029772051487,0.056863495091807,0.330769968664066,0.205095733915382,0.151421277572211,0.290895066688093,0.228693725090701,0.469288020086083,0.145611583067252,0.0188333569613627,0.453007608592383,0.292539979955554,0.367140026796118,0.135148314794454,0.0979366666176622,0.0096361335279781,0.267467290877326,0.392728593386211,0.319638581096155,0.171307746297178,0.111333287365832,0.264288023150215,0.116259665127663,0.0373631965289898,0.0039365480934641,0.173160462945021,0.427240543709226,3.3334255206842e-05,0.417848339387649,0.172724551369917,0.188956925303076,0.535767622077955,0.425027903582391,0.694188982237503,0.0064606197711269,1.07363286519036e-05,0.118158531196819,0.446894788358203,0.241616447045933,0.0258096714970679,0.213271744709115,0.411185265206751,0.0043512935308687,0.034088665628359,0.109214762092338,0.133301515391311,0.0007135449557655,0.209150659481195,0.531191864692343,0.201507488151659,0.18228085493082,0.474094636847329,0.213062080676578,0.0020600158070519,0.436206461798865,0.170431828976999,0.154643708792213,0.0545466746072354,5.37253318405779e-05,0.0429060006218261,0.0394997522229218,0.334225924744579,0.174105983929242,0.0002758316323716,0.772745062054601,0.487084672617715,0.0036384430095338,0.129270365424305,0.0460821043094336,0.505930578606994,0.0773909591131569,0.123587405427584,0.568177369704087,0.405607669837612,0.132400551385736,0.0132989502469614,0.134051176023932,0.271822292310914,0.063000460644314,0.509051415350897,0.0002858386726531,0.297414983325899,0.0,0.578597945235502,0.358292606375824,0.349895050287604,0.0246493947845059,0.0429407683211665,0.236901111833751,0.0321802432211281,0.003434329518505,0.2133341629389,0.205329666732142,0.0115455023290378,0.0455157898093742,0.028288286440817,0.002177425711358,0.0,0.0025990749055421,0.107584057898176,0.234742966192666,0.124481751488515
0.417077207577574,0.217607302302069,0.225696268714627,0.158088007668807,0.123534169025475,0.0072997498975741,0.0159672630987724,0.0174859400812379,0.194359706995797,0.35042783435839,0.134928245261851,0.151949409205307,0.260542726928891,0.310834445217864,0.646707653235048,0.128195733322674,0.234096042423647,0.0486965013593245,0.327516545208777,0.30596773919399,0.0176747203844572,0.339099050528649,0.0256894930658936,0.0011907205912543,0.71940447109763,0.0113455993186396,0.0772697779505294,0.125961927906035,0.0520630280955943,0.0574821443937699,0.244807970432267,0.100806033635373,0.0139885222381636,0.449734539205176,0.0031188998789517,0.120906687729068,0.378622162185716,0.0704242592163843,0.0508033765066837,0.557831405007277,0.0047254991820667,0.0985534515973329,0.314608964090458,0.134370491559456,0.482130396808054,0.329137157172736,0.191666538396417,0.295774230034674,0.900317345313791,0.175857412979324,0.369996652985009,0.200163334627515,0.0534598765566034,0.0674104826154645,0.066077421184478,0.199723148654663,0.705770957891766,0.287677885337741,0.0632314873516266,0.0057574923827866,0.0007329984379617,0.0934093178092163,0.237430334991311,0.398316080851187,0.0685123790171649,0.462144129456873,0.0980879161719269,0.0389717579445286,0.0513304231469498,0.166419907363388,0.0844345968188652,0.0124234225361089,0.334149864158963,0.740877614365156,0.0862483412322275,0.297020749623585,0.267224846463244,0.278072818685801,0.0184330622338934,0.0780763262032694,0.141720686579711,0.141554714191119,0.014544661505297,0.0630302127003218,0.0521686185096901,0.127060923826097,0.313904295684545,0.253421373313746,0.0059605902271539,0.323895609413107,0.11280430481068,0.0023480355444001,0.157751608595362,0.0724363076790324,0.108202655525668,0.326390655144819,0.0464748567433216,0.0993167138205306,0.0631303742087945,0.0904553990907194,0.0328153601539222,0.14155182911644,0.307923786760629,0.0693299095372975,0.328430171921122,0.071547618524105,0.412349455171095,0.0657748049052397,0.138772468718284,0.0047409246336933,0.0545930368647856,0.14190786032502,0.0535342578205166,0.158584037907647,0.456110154905336,0.0027651764891115,0.368171309183079,0.392610052598267,0.0074996425385202,0.0827639541094962,0.263047535066853,0.162069441160243,0.0335274029795737,0.0001101302926077,0.350270560050929,0.122520110791577,0.0955096439829628
0.508228210591713,0.571574457372446,0.423267008700099,0.0608871647832687,0.128217121966418,0.0014247888805317,0.520147637005536,0.0359147746687666,0.517141806909776,0.0369657378638715,0.321620953524444,0.144876935545792,0.338053335310298,0.545556747848823,0.330984606807694,0.206902983831749,0.402553275066287,0.0221261028359283,0.335660171859369,0.391854911359271,0.0765908622978603,0.5725881331057,0.414058215153177,0.0032719724446269,0.657540008721458,0.409887717904817,0.32222724647197,0.1353946835497,0.114920870548311,0.399678742506382,0.0867041619797525,0.0871704823691312,0.582429160688666,0.42018153192855,0.0379175345423614,0.194079844090448,0.100047932371781,0.405411791051007,0.340653312051438,0.0854956557533703,0.0221797996291227,0.503238875908231,0.324779659258202,0.676263850673013,0.404386271254171,0.0228677372716537,0.404097464866779,0.654121006471232,0.0553464466433744,0.211623576773841,0.581214437965719,0.308549439326159,0.000156437832402,0.124980539699014,0.325991397646169,0.0992449330517763,0.333006594647302,0.665744596363949,0.432620523245508,0.0002547563001233,0.0014862982973744,0.0109702795743445,0.728051776832265,0.358121161442865,0.0435850132791473,0.50960963680826,0.501798700501091,0.0036542088806559,0.168998288985895,0.149515763165401,0.0355108016143072,0.0014194423040155,0.397012133435983,0.781077787862225,0.342017819905213,0.301767148062685,0.311013603766967,0.432966520718531,0.201728577620274,0.147458338748812,0.515700231343054,0.499083932873201,0.0055360303307358,0.0041963528009672,0.031920406259716,0.207073537931894,0.215486987922202,0.103562015349986,0.0002495619530981,0.396278271713583,0.642023834039162,0.0036637451166933,0.0760956658977783,0.224945529852517,0.0641275110169977,0.0840906694127208,0.0871171886284299,0.0602294228248427,0.519175328839242,0.15820407595465,0.372081112016711,0.746895904677972,0.42660194413986,0.0028109104095814,0.714626576652718,0.0023350820796742,0.484058709828161,0.0613154960981048,0.627340438803826,0.542794573304984,0.0819835687506955,0.0002687042695435,0.0402826233545399,0.0835058379014525,0.37504585085071,0.0336643016699304,0.177098956661842,0.654641087758354,0.0210469291541555,0.0071753741160337,0.0593255270281355,0.0377571529912509,0.0343681794885084,0.0135434845224581,0.148764470355665,0.36465801714884,0.455940393405021
0.185037057889909,0.203344993574348,0.0428275385678103,0.117621815961451,0.0003587929971561,0.204007753786697,0.429286688598251,0.0105491140131594,0.69847321012403,0.162916775777993,0.636157433942993,0.43616111419187,0.464300299183371,0.441593412437578,0.457084120543872,0.321192155922252,0.620053029559069,0.0823372827816976,0.307357186047845,0.31118589907025,0.516785485834869,0.418096864048881,0.106114027527488,0.0267364675289126,0.376512265996735,0.231299117953022,0.0768826354185863,0.203443755196009,0.326444138796482,0.124085706909904,0.0468455728748192,0.0607965613997462,0.246906384505021,0.916343222319637,0.0060360527377615,0.0864651155202809,0.0718114079044839,0.0546834376458889,0.108095172516554,0.535580923538319,0.356366980384778,0.330880060142925,0.379975096145739,0.65724399494311,0.401292898926918,0.175020165504893,0.440993119583789,0.650490441490052,0.0786358863001264,0.250697753149567,0.0598939524723871,0.0952982960793952,2.59074522332969e-05,0.0652536325895174,0.677621801032493,0.164430484234963,0.0757435015780965,0.364334928845865,0.0613998246586193,0.448544322501095,0.0926935574610261,0.181009612976684,0.287389384950361,0.0743923185605951,0.0603220861629503,0.0269118135434592,0.81856525997852,0.170887854608059,0.552405290982078,0.291886825769821,0.0293038300229485,0.0015969594966483,0.103128903706626,0.366033686511856,0.580564928909953,0.0837735983535722,0.333340795630079,0.344615179715984,0.0053845957728883,0.10684554416425,0.568789532495669,0.374435836708496,0.0148801784950385,0.0,0.488949632086227,0.243159938270506,0.345697411911793,0.0922281913220351,0.0065477175589163,0.360237295555905,0.16926465453178,0.0003036252859138,0.175986402816559,0.826069448539193,0.0268127968866251,0.0853871874243956,0.139871947766755,0.140534825649329,0.707867893111754,0.327573396902881,0.828797170966779,0.151721775476453,0.0167555780058398,0.0335760700179357,0.354874356488812,0.420714948483076,0.604728222774485,0.0512820512820513,0.2357314577229,0.32210677345743,0.024405125076266,0.0005863407983367,0.340789820868393,0.0844547678776054,0.236124827177563,0.278741598685311,0.0643424611777343,0.606276872039983,0.274242433396367,0.016575114208038,0.0550652120416701,0.000888704973595,0.0,0.041367479371749,0.148712536228242,0.94244404097698,0.1742311181342
0.307624169413044,0.475240429026488,0.15621632830121,0.0570442216011836,0.0292449437531902,0.0018879981410479,0.367953141298243,0.0348562663946746,0.391773751643696,0.0281117960550063,0.311765712562716,0.479131297188926,0.458024485036434,0.451975339725042,0.343861306408152,0.233833414385547,0.476892860650103,0.014687842617225,0.256274605161698,0.339418353645063,0.0929905345854505,0.47015305358373,0.329944631617436,0.0003563037478044,0.414701444443158,0.526599404808736,0.703969914379558,0.095590586429622,0.14142679784448,0.606574305137252,0.122101880122128,0.0996273658248888,0.149076398852224,0.305532235521747,0.0088277952867534,0.242975178931198,0.0306331430563423,0.46665572302075,0.812612458036361,0.124090354449361,0.0311664425823017,0.356089471143783,0.240855616013697,0.355380382241392,0.380578741098215,0.0252263078574876,0.259239306109255,0.371074150303165,0.0334955832358752,0.0582149853888457,0.34786055278595,0.249416183898725,0.0004918961597361,0.108789569278672,0.21923923261542,0.142513739630329,0.519422134407637,0.563327716843032,0.334359085733631,0.0021399529210357,8.17913037299567e-05,0.0080789851225356,0.414773975749586,0.484660188575877,0.0390175213446696,0.691597983274462,0.688656942996532,0.0034980821732837,0.0917997455414921,0.0918420016028035,0.0376276014876949,0.0022319426661182,0.240333653583086,0.498182292267346,0.291785402843602,0.191773651809022,0.375368450901819,0.413072069522367,0.455727506819978,0.194151043635081,0.565133150400323,0.624391150507188,0.171088500993969,0.008558503131378,0.0274380764846098,0.0945146450396915,0.217350744402027,0.0897726821551063,0.0001392293001494,0.435960934235168,0.609388570047184,0.0,0.0487070535389098,0.152153278635478,0.0274459165569736,0.108287169434433,0.0859846843495834,0.0551418471265799,0.626339372972846,0.302413261079881,0.326020246827804,0.470635232841456,0.345013983515468,0.0067881330183963,0.728185013850511,0.0010839881970615,0.253382612205017,0.0,0.488277996756345,0.429453672741689,0.0788753688589069,0.0006851670357679,0.022154465585818,0.0699197869243396,0.269998024886431,0.276124029482095,0.284556892384876,0.439817542940701,0.009211429906335,0.0075102249081153,0.0637663030104175,0.0126980373610783,0.0087360134524241,0.011862726826045,0.249272084568863,0.465192096160727,0.464358137661249
0.654079037417063,0.405329738487119,0.0688375146135968,0.029951472167484,0.0351086819619099,0.0044073673203573,0.201476370055364,0.0266425504911016,0.3578899301595,0.400734643612918,0.475254598252243,0.173643518321034,0.264273409119753,0.416072801397003,0.215423390218974,0.247924286129857,0.326013944809977,0.110739514866968,0.245930498103704,0.49157785596519,0.047999115347559,0.598361637763201,0.0531255713129097,0.0001400579392778,0.229744800892213,0.178526158568644,0.115222134641978,0.286960947325787,0.054054415964771,0.0056793735478874,0.021867266591676,0.124817257340983,0.11441893830703,0.405007360345297,0.0025191114406918,0.124722118644544,0.386443853762691,0.245776575031028,0.343518240495955,0.0383558018847121,0.0061276704229883,0.188719784373945,0.457420246055268,0.525529857960883,0.315270053991056,0.0094331878790266,0.22994751181369,0.187899352876824,0.0304886028953703,0.207349797727037,0.163351947434249,0.117809403407841,0.0022924425004068,0.0962117280747276,0.450557472441483,0.0592014838604685,0.21510353852865,0.328712249672669,0.180737360010348,0.0015183475487348,0.0002094560116998,0.0029424924288209,0.27084956353249,0.398070989879185,0.0110332780778212,0.113099658847327,0.246466377119245,0.0083337904610801,0.166596288415557,0.0618947039567515,0.0240860172509298,0.0101486069187673,0.238284903511507,0.47183681246772,0.268968341232228,0.429334123286085,0.286865611497907,0.124527610834568,0.138500369681055,0.344047096395118,0.535830835944628,0.627277472873445,0.160100319579933,0.0800490113672404,0.226836977925174,0.258707557043731,0.155563034949536,0.0382161519972391,0.0004098069966663,0.150244437418051,0.371495850083714,0.0498350302613202,0.098980211241957,0.255653749631473,0.0151769873519144,0.0573104385208528,0.125810232674666,0.0522503366014816,0.0959665358216903,0.11129044496576,0.295850424666747,0.525914812341365,0.125251025663139,0.0110299810841803,0.344284953710891,0.0005123108517552,0.136770109815417,0.0,0.2513225818416,0.120944314784181,0.0016999167309411,0.000539678195766,0.0300311745678071,0.0335371179039301,0.185900510707937,0.166845435490696,0.0449886365869154,0.264038935812654,0.0214799106648381,0.0048951996747163,0.0456361250102535,0.0727693702214866,0.181239166364333,0.0006624760678402,0.194670888408638,0.254860384059796,0.195777928450419
0.459390425619694,0.362733653160954,0.208261722998716,0.0284164298630845,0.024805605456968,0.0057037417524291,0.0194495707293589,0.003185801601636,0.138957205167363,0.0423233988944958,0.146128123565381,0.202945442136245,0.795062531963364,0.533517428200982,0.463127574565615,0.196401725856988,0.154257095158598,0.037368723407942,0.365065247017794,0.483776112045961,0.0901276331087286,0.344999550723335,0.570082138473191,0.0175948356486234,0.368620504686819,0.705026905992,0.206765857745251,0.244057896868538,0.318501542799536,0.378567535782922,0.59498634099309,0.119536039175737,0.35832137733142,0.449678726160272,0.0215105944448685,0.359775507674065,0.194365767571572,0.256269190916647,0.0835502536443741,0.159344173123006,0.010458619255878,0.493296925790978,0.882397385095303,0.410775637688704,0.2746266543313,0.152685432351708,0.212277002170333,0.187665721013888,0.0618556377216889,0.0835532332837766,0.238656261560414,0.276901920807569,0.000148298574492,0.0631648936170213,0.123499971115418,0.14042559031883,0.840353083061764,0.407089119749297,0.152842430697836,0.0066746150632305,0.0002613808011799,0.126499627701667,0.283274405225625,0.567846947896543,0.0121071956936349,0.677317875796274,0.269984598764752,0.0107204192635039,0.0603598613639853,0.292093967753766,0.0661969810872834,0.001034744471417,0.375597817211621,0.471290246556384,0.590629004739336,0.259985032474186,0.488571492533972,0.658298233639103,0.0060347245238763,0.47357715664319,0.284828748047936,0.328612168458854,0.0215569665908957,0.0009682113566108,0.0197170691263343,0.0404007597798608,0.416853929436587,0.226270283147083,0.0032469323582028,0.251013237872654,0.621466751425834,0.0029299840090682,0.0638339201165473,0.0619665341166488,0.112087220282722,0.087099335612062,0.10215674319379,0.161571676838852,0.324015466258309,0.110457359292304,0.242164709235778,0.176082888366415,0.745179691253835,0.0253217159490743,0.349200763991661,0.0025945356440824,0.186771171860065,0.185061315496098,0.256134116036537,0.23372121286492,0.226488002732146,0.002605950555106,0.0442112052537454,0.0716020935922451,0.121187325414068,0.376418260005314,0.319917738058592,0.302014448154696,0.027332209595273,0.0185204378572738,0.0682204084980723,0.0146902340978955,0.0,0.0032403720709577,0.316828332579451,0.361517155466027,0.532627786899076
0.460675438894525,0.361615000903449,0.633810933451048,0.0214607027035105,0.0064711175780395,0.0007368543352106,0.23180614619273,0.0422504091442783,0.709280866431465,0.0438875245058142,0.239845271630325,0.218155739453142,0.466178205729091,0.483775461706966,0.312397404528138,0.197188931598594,0.47944613571639,0.005369616739662,0.352823919037114,0.486699641357741,0.0626710272048954,0.452241890556204,0.513682128026326,8.02938023221333e-05,0.485017230667114,0.534875385731645,0.281482043555083,0.130132058579011,0.0910796918609433,0.187734847832946,0.0833038727301944,0.0626901149178775,0.303241571018651,0.460632036222666,0.0094003206141833,0.0857244973015664,0.0440542071549959,0.412310083462696,0.369198745662534,0.112998191734905,0.0074934216316781,0.258297417015151,0.308177089751156,0.225806499590987,0.443701508631693,0.0768127885965575,0.433035233272277,0.448194915725649,0.0421731086753267,0.0487633334164382,0.530163651417197,0.360129902668628,6.09041022917754e-05,0.0611248053969901,0.28185050390467,0.107475966675882,0.401395909779067,0.622778445555818,0.516367590908438,0.0017425330928433,0.0024156739466783,0.0094941639871203,0.460757875392022,0.549407456532395,0.0463477888882947,0.190384325091326,0.478887079654937,0.0039917801398388,0.13404863228552,0.0594667282433001,0.0395985004352299,0.0002442599491318,0.326875316803356,0.565806034288236,0.473151090047393,0.251703892447636,0.303200579074227,0.421063146153462,0.274683221579175,0.198402368954903,0.566127549643076,0.583197582070271,0.0045210914367676,0.0014234324479052,0.0433205513524718,0.0857570611228859,0.203553663740232,0.0595827466885749,0.0001694394313139,0.352900856360127,0.604688017620357,0.0072060401190211,0.0774675245841933,0.170259659013281,0.0412207405711669,0.0730671645957531,0.132782931140928,0.0846263575271209,0.520862940009709,0.130410314454274,0.458390675592017,0.519592266978118,0.511051289317087,0.0041654007115484,0.991158440877463,0.0028166103051437,0.40013594171499,0.208472686733556,0.470603110806901,0.629860981647501,0.128426214788124,0.0004569703676316,0.0099973614002169,0.0434575242342594,0.3277559888265,0.462109209710591,0.184526109652024,0.91946572382636,0.0157202496390142,0.0028223138189732,0.0463897547371011,0.0069322928982423,0.0,0.0042120601141966,0.160545140808497,0.452310587486913,0.543342355013383
0.44757291449262,0.547244278327178,0.384475939563634,0.0109673328479838,0.094102371182542,0.0053567169929005,0.444178769156704,0.0414847890819496,0.482479243009318,0.0254152718110593,0.41317038320806,0.37207588619204,0.274343989254027,0.540410887896458,0.475450645770744,0.278718575612832,0.645310812137877,0.0279469764971711,0.291922387761631,0.453334013223871,0.0942252601263073,0.515634827927037,0.977114837159498,0.0017327037569287,0.482559014552485,0.401364469104628,0.457620281313249,0.225703992666965,0.114700880533944,0.368815076155236,0.0418769082436124,0.0765928547173521,0.457518830703013,0.426965142427914,0.0250384409862703,0.260797914581981,0.0295219835286941,0.803114004956902,0.488360804889117,0.0752377942106114,0.0065313257802233,0.454079082820396,0.213829421569073,0.489972484569049,0.425141274668181,0.0209578970524982,0.529068604060523,0.37689640466522,0.0369067050845399,0.151836596513006,0.962083604911304,0.269821536837314,0.0001125894694972,0.193801894135963,0.296534375278999,0.137908046923558,0.267906905134587,0.574467685505162,0.520808614403863,0.0015794890607644,8.62810411662073e-05,0.0054495238031638,0.605081800203751,0.372970790922984,0.0334429531397608,0.477242399541104,0.646803377563329,0.0027824311038158,0.0802449163138614,0.228212738213282,0.0420244124396613,0.0031892840796509,0.277639568447552,0.59641873968921,0.346177819905213,0.283155742451645,0.572679039154671,0.407078762049045,0.293139229533692,0.107206110217016,0.661094385915753,0.431098955561604,0.010904302166601,0.0024863852499123,0.0231500673644937,0.205372100405768,0.218764670028659,0.137016800691452,0.0,0.483134813150755,0.693389680272901,0.0003238669716413,0.0671239528954717,0.140651628351802,0.0524273164310651,0.0971116804486324,0.108048066242553,0.0819973071881469,0.729398284564065,0.242895850063548,0.457072360363249,0.638985709217804,0.436190200450922,0.0018092540502396,0.768703939432618,0.0008377271867757,0.475541111748338,0.108138238573021,0.379500908695491,0.846067439593918,0.0660319799233311,0.0001305629621804,0.0155677387199859,0.0869670785716498,0.285192291413899,0.060046643902343,0.361399107955699,0.626530478622406,0.0160666348475603,0.0057163813791069,0.0644830202608482,0.0093422400882793,0.0065764847479686,0.0600159265346233,0.14990199527567,0.524152828763402,0.406470580544177
0.342503967888016,0.532222666615234,0.266228884227238,0.0109673328479838,0.151992751221388,0.0028816813731785,0.287314450774292,0.0220385533377695,0.266741067199218,0.0417642770696354,0.226162568012843,0.281625645181931,0.475805853740672,0.474408704069969,0.396428903273763,0.189651075773827,0.314799175095748,0.0575939786598573,0.250778951572789,0.277701290092295,0.107507876644748,0.207790457363645,0.350469455979524,0.0040630488834143,0.357124388822642,0.364667668226452,0.354620236404716,0.121527999829464,0.188250237684863,0.652382181682586,0.144091274304998,0.0875824352581631,0.604801829268293,0.370963728497443,0.0387845014667554,0.581045355383362,0.13708658329339,0.336166978528946,0.192846483633334,0.239870775201776,0.0091596381062797,0.414348658103704,0.562841698390978,0.5855268833197,0.285317986285414,0.0492585551538872,0.377699447411763,0.205881589438356,0.118586216680574,0.0306525878211075,0.35827857734247,0.390517028686839,5.28512025559256e-05,0.229887778930981,0.382505396165178,0.143435270312399,0.195216956198199,0.470465131254159,0.406097344807707,0.0027819387973464,0.0022368652731302,0.0089935924618769,0.522103034298156,0.32876791326663,0.0247491221503306,0.346961325966851,0.552765135886768,0.014788152936659,0.0557861890451225,0.187113731136496,0.0607120954340429,0.0009798207447147,0.493002224781392,0.396154984029244,0.159134028436019,0.291002556952327,0.470788839388987,0.761499658714436,0.058065420799021,0.186635457538556,0.274245743048602,0.443288132563647,0.0086395624858453,0.0039063515473762,0.0233314333091512,0.183854782726218,0.27097786584075,0.251384278022277,0.0005306475213244,0.317284411946146,0.196751694437232,0.0258941764670162,0.0563311885395168,0.190217664866575,0.129564184742174,0.0815534643085341,0.0676191973535701,0.0657292241261707,0.345275937897868,0.300875135159061,0.19073705401084,0.330160879301389,0.856111473874851,0.0103399947074909,0.461070807216295,0.0024802001750212,0.24199749357463,0.157190635451505,0.341713337761608,0.309311704585411,0.230171795196488,0.0005437174152795,0.0813470540522052,0.076675028647527,0.290525098050281,0.356884895838459,0.20156795452015,0.752700844627774,0.0205132542688956,0.0128598649435139,0.0503219588220819,0.0279813982817057,0.0057126732661863,0.0014088205892817,0.122445594813288,0.325523145632612,0.717308239489805
0.48300724655267,0.503905131791853,0.547129247166012,0.0806121381495375,0.0985251370539532,0.0037591801043214,0.454625692048463,0.0175398931728786,0.531805280290427,0.0661320801455132,0.323394788239992,0.122657083137824,0.445134217857264,0.51846221993637,0.535443831882801,0.245145194492002,0.586703329077875,0.0263201116190734,0.43097425807752,0.637601346183265,0.103481730521914,0.673795189744511,0.340897516257933,0.0150459636396816,0.569264194557965,0.509439263891022,0.272000148662732,0.170759523352732,0.0786531254842172,0.553997074262112,0.0816326530612245,0.0924490197129734,0.263741929698709,0.56286990676896,0.0167450026717849,0.323282117589863,0.0986535361017909,0.374337213583279,0.197485906764527,0.0915195307331559,0.0159094840798934,0.448058383060882,0.348412379290889,0.434540046106938,0.683337111549974,0.0244054596257589,0.3542105992273,0.450627653853999,0.0834227644744956,0.480716819164166,0.530487783395282,0.280707961893687,0.000608479694786,0.200768681888947,0.253916486794494,0.104909405691138,0.42980164737882,0.607608555667647,0.542954645987669,0.0014470157847003,0.0018466485281274,0.0231896228378593,0.722578454285771,0.238574435569909,0.0383357396217671,0.861410500256619,0.467327019561773,0.0069252743821391,0.147169149099524,0.135844392225044,0.0355058558202105,0.0079384483467842,0.385311352747679,0.671388528133101,0.343349383886256,0.198618176634623,0.326893371241801,0.319077030649109,0.393544603931367,0.212096691596834,0.757383670665906,0.651953396354419,0.0097048289282748,0.0030790969753793,0.036493419007151,0.276348446862032,0.197762291608053,0.0795291774960525,0.0001760068511323,0.386659974395429,0.449265370806436,0.0041394247312916,0.0539759621221319,0.202826695046273,0.0559613403536885,0.118947773276841,0.0791385298151564,0.0804166147677598,0.626879702470966,0.166441665033165,0.504990446668359,0.718018542744777,0.495019527640544,0.0057747155276337,0.737023123281622,0.0024450200306946,0.371503217995285,0.0434782608695652,0.547685439629913,0.24553458703927,0.0709859133311077,0.0004726656205985,0.0715060541206133,0.0915760785406795,0.448900990378375,0.473996516468053,0.201761165290176,0.52718304633449,0.0097229522491879,0.0087459837836545,0.0463969321630711,0.0485969890439032,0.0549096165252895,0.0569687060537775,0.110757065554271,0.324661727871503,0.535773233939199
0.483298467691441,0.484894134079914,0.0963575093215348,0.0496785805021873,0.0543587963116411,0.0019674927996184,0.24928187434807,0.0062302974870705,0.621029076839708,0.0251109396785403,0.788976146948488,0.284889945826046,0.552173634418276,0.313778975755756,0.263395484250627,0.0990058335387396,0.120632426593342,0.0147581895282033,0.420489616136363,0.230108952458654,0.0250311430650397,0.360185101985803,0.212414139831283,0.0002303884668902,0.614801007984379,0.528738646595509,0.233488758155157,0.0499909402911897,0.0832423084795629,0.345667326391877,0.0711489635224168,0.133878433685415,0.45487356527977,0.551879388009963,0.0398804785221213,0.0959866153235844,0.195890888491873,0.300685843982829,0.137823602585434,0.0711287690566149,0.0145498028765755,0.510426767018782,0.644680692379031,0.757327284896259,0.354609798719763,0.0172334350090676,0.367417304169809,0.406000259590959,0.0629445163965235,0.363974548904393,0.489523843077844,0.171461194637881,8.81932853108481e-05,0.0515568240788791,0.105313187650003,0.0723832940212266,0.311477765517949,0.611109918650325,0.329367126205871,0.0004178003322022,0.0014029453458405,0.0174445976673756,0.4606180459839,0.25748969176206,0.0722911430761278,0.395278205476557,0.393843915252262,0.0137425259613397,0.14500570338035,0.283655478735687,0.0499005895386563,0.0038068863229492,0.574816492650162,0.653061019821789,0.281381611374408,0.823476742424918,0.242032132649787,0.572061198328533,0.319371287254927,0.134728320666604,0.596530195906902,0.541638399259022,0.0169771596809233,0.0088277074823211,0.0296662866618302,0.0898000706138481,0.0760038051528044,0.12223793395169,0.0,0.212117727959174,0.740135554978556,0.0017812683440276,0.0581036785237344,0.155374747423904,0.0332048016940422,0.0779957940707564,0.0936246144564299,0.0778720855056733,0.442559741190498,0.126390320398111,0.466616784468821,0.404885843495656,0.465299937166582,0.0202605090609717,0.493668091389225,0.0026648959327355,0.27311540177149,0.0992196209587514,0.493500888464794,0.154638153470031,0.0619567845096527,0.0015119760358107,0.163993862812356,0.0623599368205891,0.405490815721904,0.170683224923982,0.156913343332264,0.43575809162138,0.0283975454983013,0.0057482719307337,0.0527530555327701,0.142460786631985,0.0145293091235769,0.0119974246454652,0.120508954448744,0.573187378241913,0.403901051657679
0.363532560950157,0.613742165881309,0.270610100968982,0.0018424777589663,0.170406786739409,0.0014798236441574,0.0164005456150205,0.0087429700406189,0.20982276504716,0.0739314757277431,0.226026746059126,0.216614767734505,0.481303866514708,0.545313053277557,0.429720166011088,0.15196845847573,0.578002553275066,0.0207803294042239,0.462729594242508,0.47594037359985,0.0316226590770656,0.4921975619253,0.499239337668782,0.0032756221629143,0.516009277160973,0.354065121367316,0.195078024705888,0.186512758201701,0.128935190941768,0.232596162120299,0.102111521774064,0.0922032777509696,0.0476371951219512,0.665428702323451,0.0055180536319916,0.611420348203055,0.235042921260186,0.401660903856591,0.183310267912576,0.156076799811823,0.0022307269741933,0.218957835879868,0.423294183263832,0.692297166654272,0.521257744493164,0.0475117901167684,0.129142487724537,0.27845951308153,0.210198605188297,0.0840781063629051,0.539404935966318,0.354552809298216,0.0001154392892428,0.0629281266216918,0.219675127223456,0.0973528540981646,0.430094172589875,0.541638047607804,0.410228566592197,0.0013553035166559,0.0047921114922833,0.040169264964,0.733585026267953,0.305988869986448,0.007250057929166,0.29475590979078,0.130062644288157,0.0069227425976952,0.0879527058152543,0.150147376427921,0.0482907335601804,0.0050780113903002,0.322945364543899,0.625040741725042,0.242004928909953,0.305756260969504,0.347377375808726,0.248772204371785,0.092338678836397,0.308639150645335,0.406470087718999,0.416875540804595,0.0208104412887208,0.006689092660022,0.0833894704114416,0.139536735440085,0.284139820555909,0.099173250831483,0.0008209274772964,0.438961400777866,0.23312054007109,0.0004807400360302,0.0649022702440209,0.0477755326569208,0.111761718079322,0.0969379842556808,0.109066808804901,0.0565801882595776,0.426823563068895,0.0155962490594194,0.372602202833487,0.630921922663682,0.396103096085848,0.0128019915515873,0.632376733901153,0.0012510938826126,0.385288557530959,0.0,0.541188013986156,0.553697048072362,0.023894766328602,0.0007841856169855,0.0213237952837472,0.0553451639877358,0.273144098642815,0.316332254160065,0.203218432962412,0.457997773849277,0.0175468274538472,0.0132983600283826,0.041287630219014,0.0311834949160558,0.020645094414595,0.0256908557970892,0.0991171198338108,0.18523132380031,0.471414224618042
0.475132141591718,0.453724137510989,0.35084335878018,0.0921217529798822,0.10271340311429,0.0025117254621391,0.314547059295515,0.0512991133708607,0.567187849344606,0.0366543282398986,0.322759141496595,0.150403105404598,0.24763109848423,0.493923119075092,0.457924241954966,0.258639832832586,0.437474221742119,0.0049359835705159,0.213696233850046,0.237094827732735,0.102220734224869,0.47451103723006,0.367190968685523,0.0001742740482219,0.610505883124752,0.476477706552973,0.422200611065772,0.152480228517832,0.0889716136363202,0.699767661991223,0.0662252932669131,0.0805988955015817,0.534522955523673,0.371745111126098,0.0047655917730836,0.306758568819174,0.0537060438363327,0.481123159664631,0.431879496910438,0.0560194645771159,0.0246958168557979,0.377406464510121,0.196440499892991,0.457880568156466,0.270951913173178,0.0356412302216619,0.607031262025336,0.56834473679331,0.028634368151974,0.231678977127343,0.629760248031427,0.242810120626639,0.0005753829245579,0.218727296315516,0.2673556952519,0.176808405928383,0.285104308331837,0.479657215222477,0.49277155956417,0.001049595956508,0.0007468580622215,0.0114933893394682,0.569924691875911,0.296689830166374,0.0609147460920093,0.70611357666878,0.528661100385188,0.0036972492162017,0.102057604141532,0.105306230559215,0.0568073909946981,0.0019726192476376,0.453081290415625,0.680584875668791,0.273777440758294,0.159896385520701,0.433738536046624,0.366873657748847,0.309815669377661,0.0961213993556529,0.344332095175284,0.348581822465785,0.011122388209933,0.0032287191360966,0.0314281272670743,0.16780322833103,0.186797864664146,0.12747268856875,6.8301166111063e-05,0.450052292581971,0.892675196304023,0.0481448495030666,0.0777467524584193,0.239255179158247,0.0577462370514508,0.149691999429284,0.0633831711909318,0.0728260289328992,0.45975622958762,0.234195084320284,0.357833509257156,0.722644572318433,0.605751105744946,0.004061510717331,0.791102785855805,0.0031794055435112,0.423224792370271,0.100334448160535,0.479356259209182,0.437717843009083,0.0510320374825883,0.000717442323119,0.0794120808779697,0.0649979869305336,0.611396405293304,0.277737869141221,0.251059384476333,0.703725528710797,0.0283149769311479,0.0042494160042733,0.0705038553030924,0.0390163159139276,0.0085402161832201,0.0085435692380678,0.147707359568444,0.397842479822946,0.457963889620461
0.525809473423644,0.355209650862743,0.370290414625428,0.0507012303823088,0.0767398560187733,0.0004326343918352,0.572558773970954,0.0244587348770769,0.488368127266595,0.0751841917150885,0.172290148290409,0.178539436079,0.379470944281024,0.361494642085379,0.161380741474897,0.098046530632185,0.221427869979377,0.0219116558315146,0.302971018378634,0.221831285163089,0.0453677630939864,0.347695210710756,0.178122306667711,0.0038778256803303,0.340437848038251,0.131877450043771,0.239955587008736,0.0887664939992752,0.0576909465500783,0.264549809253363,0.0716696127269806,0.0719541400818544,0.210074426111908,0.447085745115777,0.0124646942714752,0.127606890233432,0.114710880648394,0.152492114881714,0.194564537649314,0.0817357874773967,0.0045342940128502,0.352015514140849,0.313091385471455,0.298201829404328,0.363564512538574,0.0588230787499904,0.249080302307325,0.27375720828466,0.0496319275979441,0.243503055417412,0.372198636531788,0.12209932810943,0.0008195606618568,0.0726615204981837,0.160724320293257,0.0472549169543999,0.208585871545508,0.375445384103544,0.310397360617176,0.0,0.0016752576816479,0.0475270264103651,0.385210043746629,0.298823563334391,0.0220888366041032,0.372414938260423,0.200267710633151,0.0064712410385379,0.174833285805164,0.0823779899756863,0.0147903972461818,0.0029927637410705,0.690965351521823,0.507654429941783,0.311501042654028,0.415760893775113,0.350713022454051,0.203223067574542,0.17691150600413,0.206403102065948,0.402885466393748,0.380666515004408,0.0118101980389032,0.006785567180639,0.0615996476318789,0.0631103409475456,0.159752785129328,0.0661857452195451,0.0,0.135684325270915,0.27514795548353,0.0815537517964496,0.0542309093116426,0.130861383361977,0.0265123333142563,0.038085992022382,0.117703751708024,0.0615787944032219,0.313408744324213,0.0252012368239676,0.32035060059057,0.495133571394446,0.198125469710597,0.0047495369054503,0.479572652226258,0.0019195166248169,0.297733596720406,0.0,0.373748647072112,0.361756855933943,0.0848193214914754,0.0005186357855383,0.0172486245077057,0.0594747437207718,0.271733303236365,0.0462699638854174,0.104330541055651,0.241144503371964,0.0155067796849103,0.0034043163861626,0.0250092281191043,0.0503192244029321,0.182264222656048,0.0029625048711475,0.157150994287246,0.380534609115125,0.36766926234535
0.744517762062622,0.990196058527237,0.148198091041277,0.134545710741667,0.003548984773256,0.0184656919398531,0.715558051833427,0.0380138068530703,0.738797288233221,0.0807541774893307,0.964110406949738,0.227464488333404,0.630935761648487,0.36866141668675,0.442407160776783,0.199327377661122,0.296415594618482,0.0011927874126717,0.587001262964805,0.595448132850611,0.037942303309932,0.982657920747596,0.540217164198595,0.0001423390132074,0.590998375339114,0.700513642817805,0.127650184202417,0.249893415190467,0.152024577666996,0.302899922553997,0.386874497830628,0.140139938877272,0.315167682926829,0.658079984744434,0.0003107994634619,0.314685881543995,0.099938995163188,0.221037609452274,0.146544815021346,0.121874127107805,0.120902366998595,0.533071133531816,0.477070943557749,0.278670335390793,0.341098079100199,0.0183913782479596,0.474256160820109,0.420322263633161,0.0107443009241858,0.038744818518572,0.512160233938732,0.1832235829191,0.0001037161671072,0.0862837311883757,0.0693545083581478,0.138070785320604,0.735567473249339,0.867747751615188,0.628380072404173,0.0,0.0,0.0104507870575966,0.536585365853659,0.495660448083965,0.0868090832932285,0.677840171482052,0.469257685657324,0.0011198926523395,0.201044157325553,0.198075277434428,0.0439285431668909,0.0002470408973192,0.805983792393326,0.676994589498914,1.0,0.331777928244969,0.347623631601334,0.994655967502955,0.220227927491523,0.168112424734831,0.421758548928885,0.394665483159396,0.0071465118814954,0.003180193029918,0.0699813452171209,0.045625555926901,0.15570550806674,0.116691659514945,0.0001431697520404,0.430464132595415,0.817269381944506,0.0,0.0499332281170329,0.0547074431748725,0.0089602529617123,0.0677570238398025,0.143076449151708,0.097636672064153,0.771551823379367,0.0777852251386368,0.84447443314672,0.489407703543776,0.54321953503271,0.0121649302662916,0.745525462747357,0.0017787960475107,0.602859024193377,0.105908584169454,0.881411023707006,0.431424141666096,0.056496329638029,0.0008208463426656,0.0210403901218642,0.0990739880454644,0.471022262351514,0.299534545025142,0.386647498411742,0.443942469281303,0.0214859522673127,0.000159452758134,0.0926492904601755,0.0345274690628202,0.0217622905977,0.0145058538486301,0.261572096295924,0.423048888771088,0.668819666639894
0.327788806430163,0.373300958061707,0.287740607543987,0.0242084070787013,0.104535541222249,0.0053230846373514,0.359030730963652,0.0048968853650954,0.26413578539299,0.0499317022074696,0.340774565437659,0.244505822633622,0.431274526188283,0.348309554038935,0.302319819122247,0.144522757907032,0.312677992732986,0.0984716059873959,0.413727299455797,0.344704502575085,0.0900579850574383,0.370009285051068,0.249826973804487,0.0059184744177558,0.447827546684881,0.330602147234284,0.221822605097583,0.128317452196713,0.162872954810225,0.282649226974156,0.105923188172907,0.118392222043501,0.337921449067432,0.466143574406928,0.0474541707106948,0.165136153242715,0.264913503856377,0.26465721085053,0.206186800558988,0.170634803957601,0.0110261647581558,0.356323336565446,0.516777674732316,0.375236112143973,0.359466338812769,0.0729088344064556,0.278510628472917,0.251703102111958,0.142059928113067,0.119647442752749,0.369996652985009,0.255691370232169,0.0018421062119615,0.0527990399584847,0.356309705744881,0.0652443722905527,0.347997228708527,0.557653094078001,0.148629766195523,0.022652930206964,0.0066686265346605,0.126144580861083,0.402249255907793,0.231365877569851,0.0524660000356487,0.505856957401202,0.219290913271203,0.0138471730516864,0.114245837629149,0.183178033441545,0.0863461462372398,0.0067502882336923,0.291236397338746,0.497440166075807,0.13216,0.304288463423109,0.310774810271105,0.505369004611517,0.221352267802055,0.258128159070722,0.459374861177082,0.532761079131138,0.0663904243451128,0.0122297341404842,0.0359881853041766,0.140817004317502,0.179381258461843,0.149385970002474,0.0033401897196237,0.378750859566226,0.559043415197558,0.0261168350100196,0.12903969891951,0.144106797442959,0.142949121501746,0.11688513098554,0.0697883392962368,0.405360119100577,0.281495992597045,0.128837410763404,0.204815413599134,0.427046263345196,0.425114270577944,0.0320392821789456,0.513807389928971,0.002930945774205,0.177064083774082,0.164994425863991,0.424382710846014,0.135606019487584,0.131603485788619,0.0023580578832466,0.168147214322711,0.0614822385332466,0.352727067520668,0.0461715590281536,0.14922420963696,0.253977607542722,0.0161069121973912,0.0105717178642898,0.0469557460421622,0.0436529518404666,0.0359691101014115,0.0022924043984344,0.096063058082458,0.38673681699511,0.271726901479394
0.715598289561178,0.516537172347566,0.401966459012598,0.0,0.0702389080760741,0.0042728378981612,0.0134638530048945,0.0059348400804671,0.221659270824254,0.0409008231122561,0.344841074731955,0.18901057885083,0.559422642690112,0.700856162308663,0.214575525753399,0.0849127411858494,0.157497790435039,0.008838533994071,0.211754633490572,0.143218941750378,0.193875736879437,0.501961841435289,0.0766146935151088,0.0001687994707908,0.417510834288449,0.462434639482186,0.104270646698371,0.0207414039351112,0.049199331995539,0.0193901844362218,0.0494745299694681,0.228001179561418,0.015625,0.338238679835445,0.0002181048866399,0.185680851728258,0.158046102226677,0.293923240128895,0.136369690908311,0.0310970141573926,0.02602211302957,0.732618139413692,0.379712438307835,0.258698594482041,0.184724159551025,0.0390942651164674,0.0017701294503363,0.4312139585767,0.0392980501742729,0.136629711227954,0.474423520707453,0.0943917315191842,0.0008892517083643,0.167725090814738,0.220762237872414,0.126077161528643,0.218326447871494,0.551441863959304,0.204826838409663,0.0004585613402219,0.0002424458215575,0.0666839738088957,0.153792373304568,0.0,0.0158191184072153,0.742867493886423,0.263125537389727,0.0115677231240532,0.0599842060236471,0.104165251762405,0.0631726279971512,0.0462993111359594,0.176714237540482,0.673113470091813,0.337941232227488,0.472895859875449,0.783727715716343,0.119583132169078,0.0348672972490631,0.221573229947107,0.659050912557793,0.434851580875931,0.0135213346865852,0.0054141269893537,0.17058762566069,0.346461502356763,0.242814212253729,0.0706875120255813,9.85112972755716e-05,0.241131819317521,0.197324714161645,0.0080460700767159,0.105608838169236,0.200126557702402,0.0224632289818577,0.0832314936011563,0.190820579877981,0.0637363061027183,0.419939383162196,0.274420317805586,0.208289352377644,0.50268708177938,0.422979782423891,0.0078681969205437,0.30685350195425,0.0016952432047352,0.200195416215298,0.0,0.370403838437651,0.30252715589359,0.0022256246138733,0.0007307909818923,0.0116684745961476,0.0647260677010747,0.289156626506024,0.0922545536847699,0.16477603924471,0.192278312490452,0.0087945593355848,0.0035478238684833,0.0361116807480929,0.23201702530149,0.541189410822982,0.0026100879348028,0.201862927409492,0.299349298275839,0.223012942281794
0.320048391245893,0.40276962869272,0.270588474753938,0.0670550885905152,0.0736868010579836,0.0052252450575724,0.040648319024312,0.0439332317644973,0.200028800206149,0.0418633619499904,0.232986262967601,0.353572494987843,0.259214558833323,0.406564673981094,0.485675349211757,0.279939910331826,0.497103014828636,0.0584308847523589,0.256853386983141,0.338619482263356,0.0975384301451429,0.312816365651301,0.455956671628927,0.0005164351376628,0.571514021865389,0.839469448055638,0.400721169108504,0.114194964933598,0.09108160481759,0.268680262742736,0.304727623332798,0.0873277572248137,0.39959200143472,0.431709251244747,0.0,0.188711100077907,0.158569000827923,0.668212061289478,0.646679143817602,0.220928095735141,0.0649885125148336,0.247432819754901,0.251866167724864,0.349014650107831,0.271876384920627,0.0376408165141531,0.312373974479351,0.30765237062172,0.238062382278081,0.118790587451072,0.5501365229799,0.496898745919025,7.79598416786958e-05,0.126177348209652,0.295741362196909,0.188123626282055,0.456390649457289,0.491585996694499,0.312439816226903,0.0044123791181355,0.0022087556126598,0.061315142469501,0.555302530912287,0.481647011331853,0.0299315544623282,0.426075536636174,0.361784779548167,0.0109845687738146,0.103461513150679,0.153339400442808,0.167212352615336,0.0013939502789638,0.161055933421985,0.40978403124953,0.29067981042654,0.135825842146058,0.402635683210579,0.35403799091015,0.12489100782704,0.156552748956784,0.337367883296485,0.38432976791612,0.0202736141051343,0.0019421996306239,0.024743496735413,0.112009906892393,0.276154522500948,0.197812031384095,0.0022894025486842,0.595080738419902,0.298919320613489,0.0016800599153897,0.190797620492898,0.203675206914653,0.384339409374464,0.136571733425971,0.112823501892407,0.126748993161207,0.250819679358776,0.225431086267839,0.135376721937923,0.309045407463653,0.308558281074821,0.0219560721741432,0.609612220186904,0.0122954604421265,0.415939166082542,0.0,0.342208989847562,0.586902399252402,0.0720181426778869,0.0028800789194249,0.0315263811115346,0.0874768497011366,0.255706667419091,0.148404365239468,0.295488037306052,0.682162421702787,0.0110218967812356,0.0317550167824028,0.0697215158723649,0.0158883108693939,0.0017103467339287,0.0061876281323596,0.147131058283493,0.276965689067946,0.43457040552732
0.433971673890569,0.416528442393469,0.194652473084903,0.0636839734324528,0.0835937966099448,0.001858952015801,0.0083126053117227,0.0340264164613452,0.360724476764676,0.0498255398356606,0.397645933898172,0.268184532696327,0.432385940266362,0.319212960781331,0.378933471675907,0.224500196523859,0.411705784150054,0.0185124930930441,0.263153417863833,0.322676049156086,0.0733626140257734,0.528753706532483,0.431759121418684,0.0005246470038093,0.483577804276601,0.180530526967809,0.358020896405304,0.0725842552919358,0.123070065863097,0.329977339873218,0.0641234131447855,0.0540900398548782,0.219691535150646,0.516514847432716,0.0058070426067896,0.149266969936678,0.0642075907446948,0.379096750686034,0.514388984587182,0.0808537069434439,0.006567745812455,0.560275341827952,0.23174690161032,0.422708410797948,0.390250975698919,0.105680379209994,0.269044284021118,0.347299326917728,0.0375893482537632,0.0445184223889861,0.549484735850054,0.370769604458615,0.0014232690675232,0.160229631551635,0.228209208404888,0.0804613927661802,0.257478637961561,0.50191837128936,0.372320973735522,0.0013654937686609,0.001474585938845,0.0086201811295386,0.365853658536585,0.195827686629567,0.0061583159545835,0.270361984119796,0.417670791510108,0.0048644018448269,0.209824072652291,0.0994281522935032,0.0213781949829865,0.0066796058005944,0.217430494139005,0.420379386943593,0.417859336492891,0.288953431394385,0.357197758326058,0.223716849518038,0.523672335109502,0.140509356449491,0.554502304887592,0.418514711916185,0.0130348350514599,0.013928725548475,0.0432169136698103,0.132038466736582,0.0474707619950559,0.0972125084369951,0.0,0.34117980024897,0.316844093867794,0.0194522599842115,0.0797741896321476,0.229669871356972,0.0333299948491959,0.0693109844231735,0.107391060374238,0.0636903384994988,0.346255193262096,0.197080880446673,0.256162901006106,0.721633168357592,0.433082410339177,0.0056316217620135,0.698826989925751,0.0006882115733879,0.635463794897938,0.109253065774805,0.467524673021354,0.461620692991502,0.0320413198721417,0.0001496434657872,0.0165254527153146,0.0628920065657035,0.148979994921137,0.133722360535716,0.193541520667003,0.31390907702045,0.0146831078808677,0.0077015682178762,0.0465835452382905,0.0410439820288484,0.0330667035226232,0.0031734467392961,0.122319947730814,0.305445485508303,0.361233921766033
0.607646253682734,0.65517899451231,0.181349806572588,0.176813815807733,0.0518294299748762,0.0064619984957164,0.0120035304501324,0.0161011440624623,0.641935752803283,0.029031869944017,0.503687566043425,0.139421149170328,0.492104499310785,0.670060438946432,0.480901756124756,0.268956780295208,0.389511931650791,0.0165561084740481,0.402144266454138,0.354494926316863,0.064489207912263,0.711204960014377,0.311985818381258,0.0001802048404388,0.55779895110967,0.558399552420166,0.366002226843844,0.153058451109548,0.0288684287547991,0.451022574075668,0.120906315282018,0.0694386359980698,0.308958034433285,0.584216070901171,0.0044329818209577,0.125704570344847,0.0589786047322323,0.521406530509999,0.691511097364672,0.0503337204686788,0.0078120969137057,0.445264812544584,0.263651722192317,0.57193723507102,0.515571358258671,0.008143908923058,0.426555020241045,0.299923976933489,0.047601797068613,0.354462536527886,0.331770218612927,0.222108317251694,4.03076777663044e-05,0.121075505967826,0.324421126708786,0.162567815835034,0.272387159682841,0.599792869561484,0.477099425589302,0.0005808443642811,0.0009305468851568,0.136602324165556,0.561475000499391,0.260690291514086,0.0299137301035595,0.668882649518462,0.50596805739716,0.0066239920333182,0.164216223923487,0.286310971054455,0.0575542059032998,0.0014053058173959,0.244836237850127,0.509514759786789,0.523497251184834,0.415932396675071,0.409038333818383,0.251569081192668,0.209298115901384,0.176840878367654,0.473740683914311,0.426193629372646,0.0074736409464934,0.0054551431029094,0.026388744947663,0.168672805391797,0.186613369981475,0.140022050716648,6.30472302563658e-05,0.490617185133429,0.460260186768616,0.0303220452199259,0.0619278863663955,0.219304364083499,0.025103016081955,0.128637539469358,0.0729071998384328,0.119874612241024,0.523011031441494,0.210974599581402,0.57378334201818,0.608599881477687,0.298581936008476,0.0065725122756809,0.556638758663038,0.0009190812705309,0.382272350729625,0.0468227424749164,0.550167071842578,0.430048353183546,0.123061692011926,0.0003792250091853,0.0731283043575987,0.131195143857041,0.185576027764454,0.0380334773324411,0.361218996220928,0.232785525655296,0.0106050262104854,0.0118234220156423,0.0602268066606513,0.017216442027272,0.0011344724127406,0.019577777401264,0.151098155500829,0.467246246206449,0.350410396163202
0.32996447102107,0.330142501273964,0.646692524835164,0.0331219002927042,0.0231388338316109,0.0104092140424257,0.427601701035064,0.0334046713100581,0.16923531663174,0.072940626924193,0.177133559159968,0.288623469692446,0.373472826585477,0.363495361051683,0.255071700684486,0.167377261412263,0.420976136698419,0.0070848965774524,0.303812378534406,0.399962606020431,0.189735954462393,0.394225297271393,0.149491368278096,0.0043696252195533,0.453457903531419,0.524290322459791,0.39170694239474,0.0167977659823922,0.0784847852993108,0.244815420359694,0.0853671862445766,0.0717673761907315,0.276788916786227,0.394747062257126,0.015207363220973,0.0726595083582838,0.0723125190640115,0.269607471030967,0.209496481488589,0.201709766101645,0.0038362433950754,0.301374573382484,0.360486533111101,0.44481891871793,0.165880048769629,0.0177806671635535,0.397170871365462,0.336426174185533,0.0750582916540591,0.146417281971003,0.589666531611676,0.119146299246633,0.0042330833890289,0.0626718993253762,0.258348957266573,0.0910217422419861,0.39548382130302,0.58577400244693,0.26374665246476,0.0011718789805671,0.0047317928458571,0.0207766399212887,0.529553944188091,0.532712436204262,0.0752633549008074,0.353213778945144,0.307945966545619,0.0033436433222075,0.0861731414657688,0.129881419703617,0.065840883912321,0.010835732866752,0.32691985484839,0.529095859637862,0.198219526066351,0.244104309400141,0.251524174110308,0.374498476701017,0.238857303112969,0.368098409376634,0.570593803286643,0.638740499104245,0.0937686107080247,0.0069155478221887,0.0256373717483677,0.108319966641767,0.245691288769397,0.109056369816784,6.30472302563658e-05,0.292940169768475,0.383941122223316,0.0036131409023743,0.107648415685322,0.213364781004839,0.0731378412407715,0.124844138684003,0.0853954242225537,0.0954732290610153,0.283952703778436,0.159724812990446,0.237399177834489,0.282834289338786,0.382458388261239,0.0093442189138595,0.75999001889281,0.0026253182703682,0.285774973979906,0.0,0.319034725992063,0.257258287178737,0.135897406379868,0.0006828204415744,0.0268257644609927,0.0381684164885874,0.419076775486019,0.0458271420277305,0.117721029846152,0.534559898731967,0.0087683790581947,0.0055888191725996,0.0396942416536789,0.0698943800740916,0.016999809961474,0.0138001728198438,0.120011392002144,0.201001895119074,0.24187317223813
0.515139858951895,0.373071542988933,0.339969189004215,0.0292063681838464,0.0453313822065189,0.0012443971553142,0.607269517772607,0.035244214815519,0.308812105181384,0.0583397620547373,0.297971634943186,0.231967964850915,0.351886639533671,0.406800290279279,0.313988602223805,0.247039373610732,0.428675243052146,0.0464701327009319,0.186053392160742,0.292760865500654,0.0565236702567997,0.371971126486357,0.120034474653295,7.89251579643696e-05,0.436779080850998,0.623412271729914,0.379871995193238,0.106510200166272,0.0640553533135279,0.610188451940453,0.0849365257914189,0.0633621074830661,0.622892754662841,0.32887836709635,0.0018157231812778,0.297322481893602,0.0433787964617195,0.578647175590482,0.952458894259532,0.0978264065509181,0.0473399718958751,0.390146256658223,0.239873081138573,0.300962296422994,0.379073581279651,0.0087600923290091,0.356227007557683,0.487496986890657,0.0131031890534189,0.0055059186000585,0.525558863424172,0.252927687131947,2.71380562143785e-05,0.166304488842761,0.28967559988026,0.152778022865725,0.2544302173411,0.532513039558694,0.405276529965331,0.0006419858763107,0.0003665968219686,0.011260215944163,0.496054813127984,0.690104091577521,0.0550505320571092,0.310844428342843,0.663713870875288,0.0049479507314747,0.127848948165047,0.177554637942978,0.073717061011316,0.0007508560106139,0.305785492049959,0.543467033049687,0.389276208530806,0.214614719848899,0.43573843157447,0.362994655967503,0.468615353236621,0.220380726606481,0.584812687304153,0.635680509910181,0.005242452964712,0.0048970928818556,0.0226318789511867,0.131968271961797,0.146375519916821,0.0935261905707226,0.0,0.308426734002118,0.451691751201998,0.0051768111248304,0.0702925822508195,0.301282834892534,0.0263263320551708,0.158643556801757,0.126589947810215,0.0913672841153757,0.471811014981774,0.352417371179978,0.311278275857462,0.538261056068373,0.431486934345239,0.0029226411580794,0.573766476588669,0.0012950690630208,0.453854160028888,0.102564102564103,0.271927547129095,0.504524998997067,0.060502453943001,0.0002442766086759,0.01143393239321,0.0947449595837592,0.306199035015942,0.0595644601017506,0.258362096631583,0.494620135751544,0.0177703667454089,0.0064259461528035,0.0605200557788532,0.0306179553874044,0.0024820183243209,0.0121244980600125,0.0889196026201605,0.436712299720371,0.546928612921362
0.0001577447835013,0.0506783986421876,0.0160746384287664,0.168269672132898,0.0003683221414224,0.433728972134065,0.204429110166092,0.0033527992662379,0.339232322926101,0.341340335331545,0.138636184598334,0.249735528729258,0.449795999914555,0.249523045293531,0.212221637191439,0.175167156310859,0.326642443287833,0.215704214787039,0.25162216087176,0.321197287236755,0.565729126509576,0.207625722586635,0.0001893494215048,0.0017249481055681,0.433433282779752,0.449662878972365,0.0485352849446464,0.113976466074055,0.183001084646419,0.124802799529587,0.0555230596175478,0.0360436437724519,0.0027125179340028,0.179827305136893,0.0016575971384638,0.0036460558554918,0.0329426118785132,0.0003340026037021,0.193302524252556,0.617772452624925,0.0018301066196443,0.0535530458034505,0.12838131432685,0.170851491038893,0.124429948800059,1.0,0.255652869918574,0.468205670208229,0.0963898436935602,0.0614980664987948,0.127200662356651,0.303666613751858,1.23708084413993e-05,0.373251816294759,0.620057454060384,0.397656174941816,0.147740627646198,0.197205885509455,0.0404929999185573,0.427878491435093,0.675743158908986,0.373490911802581,0.249975030462835,0.0297136760762377,0.0172094183911734,0.0249101832563476,2.33065727684744e-05,0.56728850105702,0.556940575163972,0.310821640564513,0.597489020337105,0.0004829580018887,0.077986116855105,0.106565309612038,0.305959431279621,0.0121744785866379,0.277440730708097,0.125060349276641,0.0038574305891951,0.157390076767028,0.141498569910367,0.778109651813244,0.0708108606849579,0.00010456220498,0.867745362213701,0.0678207246405661,0.283152113664733,0.324997633060194,0.0018927303916546,0.119094420724225,0.0034023046137041,0.0014270388437949,0.210003642102707,0.787113405768442,0.0330080695930865,0.0896985750708742,0.729905398824292,0.0419595247839523,0.14626567653613,0.370318437909034,0.400073041789702,0.0115584667725845,0.0042936168639964,0.0551597063637522,0.191662555784385,0.0020778272742863,0.37131204995858,0.0,0.386348999760603,0.0352749335114228,0.0855407308490758,0.0031866364461238,0.113567289180764,0.0368385518287962,0.0972320194125448,0.108205981047224,0.0113339402553002,0.219690521399419,0.548946042448299,0.0740976967049087,0.0444692806168485,0.0010049657129345,0.001940696462404,0.30325392656851,0.0219882394330804,0.344328557986668,0.0153194228864271
0.0002329769110173,0.179873598385568,0.0412055724395516,0.0948096782389072,0.0010979231437227,0.486383482232944,0.246104469228918,0.0004907162144455,0.305922610814477,0.106410084009824,0.200350963928406,0.324735528729258,0.260837386738172,0.175585304544163,0.401694180320253,0.370490776702263,0.592222331336541,0.281194967426418,0.487025486740719,0.272568116533238,0.504657560693084,0.114954922574655,0.0047076183760348,0.0646647961860444,0.318888901752396,0.270429883946445,0.0653814050796197,0.130097418515913,0.517116179596022,0.0367438258325445,0.0086967700466013,0.0385242971779887,0.0132935796269727,0.159532286683705,0.0157962464149009,0.028585267260992,0.102400976077389,0.0204102159250923,0.750229713529732,0.529068228929301,0.0043946838892952,0.060385333327638,0.182271568748257,0.149529263032647,0.367003710821425,0.555183437690505,0.427032185571136,0.238519589846285,0.227774572798345,0.141831203442118,0.115250057251572,0.542948017894131,2.86061451742653e-05,0.129021795537104,0.601970453698014,0.548534276039614,0.175684483333761,0.237623151387667,0.211596165485215,0.243995394006094,0.617149547688234,0.203637449316785,0.211162381894089,0.1499524235172,0.0699650642568134,0.0321166560999909,0.0008321076385717,0.532388696426386,0.163015223638318,0.232515179092922,1.0,0.0006041609937254,0.0688070378594591,0.169676122089787,0.0696750710900474,0.0204890282690235,0.25084510510645,0.334210132019245,0.0012620146342707,0.0472413402755276,0.0636483858952498,0.184387453739626,0.101560992794773,0.0823736429298908,0.137009016478392,0.0921322134298319,0.211473728317372,0.266969431354164,0.0019098056831824,0.480994465609612,0.0081476242065019,0.0018672955083699,0.705353890979726,0.536230737701971,0.228770817833228,0.075495809579345,0.247967308206054,0.0775814516272532,0.537403488970763,0.52103264684123,0.322519585443306,0.0362560366585653,0.116217181859623,0.480924424929678,0.334110663801123,0.0009366713426941,0.122305061704794,0.0390189520624303,0.307971906304897,0.0117803363720245,0.0741056250743474,0.0050114404160688,0.201569478241324,0.0365331846758958,0.0519878107276883,0.0236565276862066,0.0673028431456023,0.115410637508457,0.27048254278965,0.178682760765054,0.059013821671725,0.0009813194608654,0.0019061440031327,0.125063960285322,0.0898276122028446,0.2610360867779,0.0778149478467198
0.0018929374020162,0.0583566978035029,0.0,0.0446123004071385,0.0005133308585178,0.443746827857374,0.190756639653374,0.0021350009120641,0.285267936654704,0.167623307594856,0.346082487388932,0.346574670477328,0.361208947103224,0.0615725974206074,0.193498931458482,0.172564603055113,0.384248256898753,0.201650975356218,0.769189945838596,0.382166471198137,0.214515997974097,0.160826070027256,0.0034703178458565,0.0005834987111932,0.238311896299555,0.200566717993484,0.0082802044731996,0.0184445012896762,0.481915864340766,0.0609815563778218,0.0008613209063152,0.0477641949493325,0.0514033357245337,0.115400446969468,0.0087405533320974,0.0055463905818406,0.0109808706261711,0.0049787263114346,0.283422471965919,0.314112553476132,0.0255152675810118,0.0774318800216993,0.184528480540621,0.169343347958652,0.2705557109957,0.368893573196131,0.0674650207028184,0.34555635905138,0.045963244062732,0.581168341230486,0.0339105466203956,0.151994920178329,0.0002449765504093,0.0775298391281785,0.187765541218299,0.295954480305713,0.127987477868158,0.224334070274099,0.0476743313313329,0.200004076100802,0.623304977713334,0.100655779305555,0.0953436807095343,0.0402670049883221,0.0568017753061334,0.0075295112157715,0.0008623431924335,0.515166654711018,0.377105863513721,0.0598164925768463,0.200052425417425,0.0004817992734772,0.118335464796917,0.219864912975675,0.194729857819905,0.0202128417807792,0.21760057310439,0.378460718863935,0.0005506972949544,0.073922629233282,0.114663459074149,0.465165074890011,0.0105352334778852,0.0102979329611843,0.745090164783915,0.0410576571498616,0.166595897014348,0.0789305707837167,0.0004308227400851,0.0265067007471317,0.0007699952546804,0.0018976580369613,0.41765205778803,0.439399713807014,0.0058554627139014,0.0298819486231475,0.194705095118855,0.099647383998529,0.578259845092481,0.171432275035252,0.257490123770203,0.0030809702565916,0.0562605492379908,0.0477697954543227,0.208155530487798,0.0007849569702859,0.319399307546889,0.0,0.548713833413694,0.0139183541510819,0.0795353816754348,0.0032306831732,0.0585475974083087,0.0484071974975998,0.031220902344742,0.018450910736954,0.0112225984556237,0.0,0.203287840066699,0.0122698897384177,0.021667623656796,0.006045558445653,0.000967468859596,0.661503532640924,0.0821514131108542,0.299309540533019,0.0679981894378478
0.0010920792703939,0.0310136694839379,0.0170185591088982,0.0156258339720447,0.0010366051719223,0.569874276139984,0.305688838963331,0.0036482566728413,0.2619644014294,0.133523953769826,0.379595196249141,0.649107409461247,0.394594720249097,0.23266099661655,0.495222535385759,0.315899335371852,0.753569674948444,0.510995962679705,0.591544607805973,0.364013393843591,0.564355715813957,0.291820169527061,9.46747107524354e-05,0.0011975638130431,0.656054273707121,0.317046122952079,0.0169893628717923,0.0461965210718168,0.333466602646384,0.245130941112354,0.0132026353848626,0.0115221703930084,0.0138988522238164,0.113086531149493,0.0029062476144778,0.0032730744123557,0.0118523682949148,0.0002770703417074,0.281209997674644,0.522235780126726,0.0099548088100058,0.129140699417793,0.169244064257132,0.115356585111921,0.393703108417118,0.823679610896049,0.369479889790201,0.429674955035137,0.0830165289688843,0.137057482787443,0.166018989906107,0.641838145712084,2.72028248449617e-06,0.330821873378308,0.47966787981913,0.821611266987046,0.167160196043212,0.180842044259375,0.148115559232011,0.286498935118665,0.499226593925112,0.0803482686736274,0.241065899602485,0.0243649260401949,0.0916082918916992,0.0139389548048184,8.18879583757208e-06,0.523778941460924,0.338021256059842,0.182271362790508,0.3465221175912,0.0004604786707067,0.162555380938141,0.112833267310846,0.233475639810427,0.0457556373225947,0.189542337340587,0.101986115504354,0.0107742905948041,0.152430796174167,0.120076271447073,0.502086033124662,0.0675982855081824,0.0010190482297503,0.181547310602135,0.0363525118728699,0.236347293430989,0.448542728608209,0.0125569066927262,0.149773472514886,0.0099472642784875,0.0021911624800113,0.496491441058638,0.486017531118094,0.0321889486636525,0.0938176562180135,0.45930334369971,0.140573379122997,0.164405169723717,0.320511928775127,0.426185481608166,0.0024985235535144,0.0059106533443394,0.0763513049955406,0.169363750412526,0.0032761509404092,0.602752819728541,0.0,0.431220686562434,0.0099113406976167,0.151058514740926,0.0031727107559914,0.0424325935481349,0.0489609464523522,0.0413221974549251,0.0992314580647701,0.0277863285369033,0.144241471878478,0.304901552087676,0.0695373478222739,0.0558977934541875,0.0073579254354851,0.0009905038324436,0.226582911167212,0.0108693102812819,0.157665955444823,0.0259200525984493
0.0017800892107421,0.0758206664406353,0.0281967680257683,0.0273873750776595,0.0002030122039336,0.174463258180306,0.266404557490171,0.0044267227093701,0.213794161895054,0.274903923053513,0.464524663908576,0.533676363946594,0.432569395840585,0.235013120461862,0.6756821630997,0.353162257648331,0.96185799862516,0.0384095614929007,0.578633889987074,0.593816395560315,0.593725810284818,0.508536256626831,0.0002840241322573,0.0016647277538265,0.552110708483354,0.424768748337498,0.0131705889367053,0.046526933981369,0.316774142947598,0.0836990505693715,0.0496866463120681,0.0110029846478294,0.015400824964132,0.137660549711981,0.0037895724053697,0.0495730895886665,0.0259706305285633,0.0069058833799545,0.163531199273947,0.193657105893768,0.0132144016947455,0.284578978168289,0.0993057402086995,0.288364691009147,0.665406580359945,0.573827637193837,0.429494974371604,0.407487344940758,0.037940092826907,0.305759563515547,0.17202600102172,0.475799125184325,3.54068513855057e-06,0.624970809548521,0.527941894723575,0.918797461281006,0.222144671678941,0.216877911094894,0.143538797873547,0.465470331081288,0.558579751596492,0.221003580519392,0.323325542837738,0.0249992791442,0.0371147710461116,0.0278114905050871,0.0002299161908241,0.732056188736091,0.606661438568013,0.198873283438149,0.597573098836749,0.0003001106585632,0.159923394562541,0.117707231217438,0.399150710900474,0.0760782409593471,0.299857470132157,0.184044483659913,0.0024500930576447,0.0979188390970995,0.130754957473201,0.435646792140103,0.0350866892022245,5.25699483601353e-05,0.743406052440667,0.0863846233631259,0.258423823106018,0.256710656115714,0.0001628720114956,0.277287772822451,0.0021488239665499,0.0009513592291966,0.77210149326211,0.728882481106229,0.0217585703657071,0.123690299687967,0.307105505683612,0.232174949732202,0.476625972948254,0.572168615275661,0.460328064526186,0.0012157177257946,0.127151428536228,0.0864678382060354,0.172797343277644,0.0016864481686536,0.489390173962913,0.040133779264214,0.428867182099879,0.0545029344647994,0.0487949010172639,0.001850154880987,0.0146882054589698,0.136059339093809,0.0848311277898479,0.270485431160882,0.0378496623723663,0.282895741941116,0.0850798599153773,0.174106466606606,0.0482794684603396,0.0398084653582407,0.0038871516680199,0.312741227698616,0.0359853244207669,0.13047165935566,0.0410744827165406
0.0005084235714389,0.0635459449363221,0.0133548238544785,0.0780416361544095,0.0008012767396074,0.35067081261886,0.232897376233652,0.0125762087419424,0.217136501608643,0.0238157587424713,0.353889533288603,0.635605511240029,0.593015117493243,0.415512707796745,0.618058351658562,0.476064060116315,0.822350977118727,0.116702119041487,0.454432488706358,0.974997025478898,0.362817471396951,0.805118758798335,0.0009500117527227,0.002460366340473,0.788882843040779,0.291015559143854,0.0426569127396219,0.0565752169000874,0.150664465491219,0.232596162120299,0.718521613369757,0.0009883294908226,0.0182030129124821,0.274442043966726,0.0117394955233972,0.0068756857558425,0.0677153688613883,0.0031493029593389,0.105957199910598,0.378526484468032,0.0019697167431993,0.0857090073427335,0.241648453561446,0.280999479437793,0.458867474456192,0.261666715917561,0.21452429695076,0.150191911887412,0.0394373010048047,0.0721306828992414,0.258692550249265,0.325558044039147,6.49845260185196e-06,0.329579657498703,0.460078881168828,0.283866742741965,0.192789510148572,0.25383674257872,0.0580239441590401,0.983440840491985,0.444562283784981,0.140909075731825,0.273726054213859,0.021755428044174,0.0344054685132702,0.209582465356399,0.0012579250221255,0.0706080924270108,0.655151139579266,0.536355116067426,0.2922667563504,0.0086689107373568,0.196294010481287,0.167219082671855,0.435391090047393,0.0159364058337714,0.312632922160783,0.0800938951504154,0.0008438926140274,0.297958130015806,0.430909755705836,0.651408021579373,0.0310940370242998,0.0,0.42663747538605,0.0364782338575591,0.561226821604848,0.324179130004551,0.0008445701886425,0.28286638526698,0.0098666833797419,0.0037143493310122,0.5766055602768,0.331746568200939,0.0290662736793911,0.0980204837438974,0.645161867583918,0.103739983510976,0.192319581139316,0.4885660176924,0.811427477074231,0.103484413705896,0.10457759927064,0.0417010516411679,0.197364895710079,0.0019085228297149,0.775781133838867,0.110367892976589,0.373654237150978,0.171227849923423,0.280083345804506,0.0027010837918392,0.0509640661799916,0.0883068537272755,0.328546034254112,0.0813316145284931,0.0337660381312916,0.309936925729501,0.475462031549248,0.0225386473622527,0.106299729308506,0.00880822889572,0.0,0.0784695277951916,0.023621651505252,0.330903693494308,0.0016648704246415
0.0040831630498619,0.119850088416163,0.0257161139472549,0.0320458762017204,0.0024299317878994,0.460374970189503,0.0632271523710182,0.002738761699471,0.192248955045152,0.0077144656847826,0.223068543907163,0.491684084801433,0.346222762815817,0.226087975086606,0.54833988911946,0.347395337166104,0.568633997839537,0.145537688098384,0.383449428707208,0.237349786684344,0.596266131313458,0.265073232096325,0.012683146595628,0.001603594972513,0.387614758558413,0.468663791865386,0.0243737195260756,0.171521604740892,0.463147846680351,0.0543269368671658,0.0203695966575607,0.0350615695315711,0.0268785868005739,0.0940100975100405,0.0208181114297866,0.0061740327087037,0.0896771101137305,0.0566438052005724,0.673165621761716,0.314979932667853,0.0088379278215661,0.0983847267725718,0.19295785152374,0.258375845913587,0.448915447596135,0.333131951900483,0.356858097187803,0.403040922660437,0.154686732746246,0.387072900934143,0.0735497736360914,0.60232034625411,0.0006447501279126,0.0728399065905553,0.639504655669518,0.45450089310048,0.194390700777501,0.259500633196677,0.109765620633433,0.266464899676969,0.372175418336166,0.0768993614721867,0.32068875971315,0.116173120728929,0.194557332049979,0.0624943392808622,0.0283445719306976,0.8018178212307,0.153555289885274,0.185055894377963,0.193316253857719,0.0008078654484568,0.132642781549373,0.133427269126046,0.264192606635071,0.0546760154308064,0.212712768735962,0.421795661511312,0.0913418147515488,0.146583876228814,0.1622989416995,0.354294547064726,0.51867571444149,0.0244236513930747,0.345074619131516,0.0168645565628448,0.167567595690108,0.182507856713099,0.0005070048099782,0.405107205320798,0.0226700928471022,0.0121804343865757,0.273060580308365,0.301638778430541,0.103913895724833,0.106454054255247,0.235067496488086,0.0530169575971103,0.36696455820593,0.419445199719249,0.0592573787795786,0.0188731028552086,0.13042246233075,0.265248796934265,0.27485186450072,0.0011983236661228,0.322309309883387,0.0345596432552954,0.508741347162139,0.0384607215927996,0.127029443478728,0.0105859865010823,0.122528755851339,0.0459500139366348,0.0756891735560509,0.161265880083841,0.121385484959033,0.31746655317663,0.0459947196394372,0.19765763898301,0.048069272414076,0.002890754315441,0.0115981088287292,0.0325579031192288,0.0710643145532827,0.162410379421392,0.139195993352971
0.0002135621684325,0.0571487157831479,0.0100421965619407,0.0819593032317017,6.87755629652708e-05,0.586881546843756,0.0029527401107277,0.0029237437279531,0.63076051491737,0.117358963289052,0.486641910851903,0.752972102546603,0.505543876667592,0.258414531197617,0.391922445566327,0.25256646836632,0.752980457625454,0.12031898695709,0.462147114134666,0.382370438359424,0.619732026067921,0.328181627579597,0.0001012040011491,4.97274116654121e-05,0.672297023513204,0.379177796843213,0.0364215951201458,0.0304859201466607,0.346604788895669,0.331096004359923,0.0291949220633135,0.0031812413990313,0.0088549139167862,0.293627778152449,0.0005125464836039,0.0010834404663461,0.0170813543073772,0.0004175032546276,0.228566655303278,0.302693285897002,0.0027072223958918,0.0520558799533551,0.148458425479756,0.194590615007065,0.177884566291364,0.640378728429477,0.37831514461188,0.251525096883054,0.0400634062428346,0.036621706913497,0.207832015079183,0.281144030922649,8.00324378573596e-05,0.34709717176959,0.610189430343516,0.705249391691715,0.128962561905006,0.306582562407435,0.129013249612349,0.367786575362009,0.703493640384524,0.120038387352764,0.220471025349074,0.0167959401401344,0.013755948879739,0.0214503517193491,9.51160131902604e-05,0.373830632059986,0.136667251628754,0.425323616902786,0.220535431668909,0.0003246757008858,0.197114783025491,0.0660442166807904,0.201730426540284,0.0397463538928931,0.172520838463662,0.10757986914612,0.0004614639369757,0.189469075471506,0.138857090134944,0.98691202099439,0.0243333696810072,0.0001132275810833,0.0572080008291015,0.0956786210812719,0.34099139678483,0.470740042818705,0.0,0.180613934812266,0.0037514885082684,0.0002580814930267,0.773412650236737,0.762280052061237,0.0202061752418016,0.0670994596807712,1.0,0.204701151266037,0.141860252078652,0.654373778826029,0.436006039308953,0.0236322921463212,0.0793456700383161,0.0547069028040497,0.17936670564818,0.0006662239831838,0.705579982582468,0.0,0.443888474908878,0.0401834069997664,0.0943933446149477,0.0022297645777451,0.0206397138585124,0.0694837251076218,0.0285544990265512,0.0846478582182816,0.0060845018764368,0.0345271612213274,0.862771041391019,0.0208006122985912,0.0505454843737183,0.022718136675337,0.0,0.13967147286559,0.011346769194686,0.287368965105954,0.0677404271507119
0.0002912211387717,0.0960132532884519,0.054054088435954,0.0354212612966517,0.0015685800083525,0.407072272874588,0.0193211907245447,0.015284140103333,0.359720259050275,0.10580849723624,0.296833446971035,0.392273813078531,0.432882275552786,0.140691203972356,0.388488400904389,0.299602289003324,0.51157812039674,0.314789986331965,0.809262728114928,0.550660343684667,0.778069539302578,0.543549884685656,0.0001991433570999,0.0014717488993818,0.638321929834717,0.355810982440234,0.0247616363430826,0.171601543348042,0.334392473663369,0.0851906032183117,0.0253189779848947,0.0254838882633639,0.0247489239598278,0.136928003497617,0.0069629985059815,0.0201450446062137,0.0493703429343327,0.0117470233915687,0.192397215894596,0.467929021919701,0.0030076876618035,0.188608724995622,0.211951904431459,0.267527329515877,0.451340313843862,0.699517012900451,0.204257546138809,0.373874024216128,0.132841104332376,0.166321781314256,0.053890464530449,0.511201045035603,0.0001364027360083,0.285959392838609,0.366288016049324,0.519931532231026,0.212989145775064,0.248357981497778,0.0982087392826973,0.439750135020839,0.692496321343392,0.0947410217112812,0.138091528335431,0.0685678036965485,0.0490303548829831,0.0305014642393503,0.0002922770206641,0.366211648740226,0.625120648430474,0.180328982219747,0.922415328005065,0.0002456504232255,0.0541773504953267,0.126783233965311,0.59370009478673,0.0189165471343425,0.184244106651145,0.218006559342068,0.131619203018637,0.146996550664621,0.113187237517897,0.576426606976735,0.156149607025726,0.0007706407814551,0.970903720592807,0.0891421255606415,0.208189642924749,0.245877707091962,0.0031799446760554,0.145802331829046,0.0055511285802541,0.0037447118596036,0.549569017846303,0.362246255402072,0.0635337377668403,0.0820466374278075,0.544426506735588,0.0592863455458875,0.57998713594504,0.406477833914017,0.449180284061302,0.0171837024703669,0.0512893170869935,0.231998118218973,0.199629043182087,0.0008267333916737,0.495592514709318,0.0,0.533931937190428,0.0374011520753639,0.0900687257531629,0.0071100650002744,0.060306663930341,0.0515562575490105,0.0662650602409638,0.112466911366745,0.0317356876666034,0.267094436805692,0.214942091240281,0.10684929322565,0.0388852432122057,0.0085461496019547,0.004077190194012,0.585823689873096,0.0373540399725252,0.110102442450667,0.0248690797948611
0.0003919351159302,0.0182760573903122,0.0169473198122845,0.0062148931128053,0.0002001120295917,0.0667418808436218,0.210703682901388,0.0107443728210016,0.182833940285046,0.0458833770958222,0.375971466523963,0.784420722603762,0.471902396608334,0.381073683275147,0.478826617524081,0.347280975824234,0.596975351075322,0.0707983159986203,0.336004112494476,0.362024714021043,0.403477881550659,0.452526432443766,0.0076425344093603,0.0004119619516868,0.76283038308809,0.402249887917717,0.0345865395187354,0.0347466479077402,0.375806072106988,0.20156039354043,0.0016583641330548,0.0082739084588851,0.145130918220947,0.0550363133623406,0.0021101647782418,0.026259420644654,0.0080395659941609,0.119791172463004,0.113168059998691,0.799756692786051,0.0044432439322708,0.24251523862816,0.152604203822482,0.293368037480479,0.131104117439227,0.466377509196236,0.329952129542691,0.543212623537483,0.0407806003700093,0.236889654620392,0.0131872390649497,0.197481892616089,2.27553788782457e-05,0.381295407368967,0.763440521392972,0.644046029477218,0.172025352184958,0.18141353109103,0.0525545067365903,0.456492719064942,0.23481443915176,0.0267320219973221,0.196700025968319,0.302817104466423,0.0204579077767677,0.0011472390785858,0.0001959011927296,0.632389962318608,0.602696492421085,0.340381820404504,0.0882725330379046,0.0018646257596913,0.0964503178107642,0.136405802624519,0.214447014218009,0.0045437131936958,0.239114374622221,0.15144755023557,6.11885883282768e-05,0.108941858424518,0.096299536288738,0.272682309545379,0.0007884649258926,0.0001039845132398,0.211472691470619,0.0658007914198936,0.254269291000141,0.282087304956525,0.0009640972293369,0.0806742979195734,0.0039305571721476,0.0002378398072991,0.568277285419449,0.699385907512206,0.0225490757168202,0.0441095278565269,0.168024777046209,0.0563874208912377,0.391372951291476,0.372631159617318,0.0277469725514299,0.016589057930576,0.173913043478261,0.0614244690339211,0.186688100749388,0.0001121367100408,0.65364599927781,0.158305462653289,0.373630634670695,0.395063680363982,0.0154911147693217,0.0017568681446029,0.0429896312801118,0.0414865743751742,0.131048785305155,0.179992324421133,0.0293516632500016,0.330779807503437,0.176851801505165,0.0499007406580615,0.0628045279304405,0.0076732087964057,0.0038468404655368,0.153521627895156,0.0672664220736794,0.109744622765284,0.0654828279885016
0.0003567458949953,0.0520650401882422,0.0198490490189967,0.104150165139808,0.0007594313669598,0.329815694691591,0.358822113455829,0.0012845974200145,0.207333063015609,0.0605479393883632,0.209812321224353,0.530179584524165,0.419736301460231,0.155755836888895,0.416464056741103,0.232997355255181,0.576765196896789,0.151518656519137,0.758474160997502,0.434688015229548,0.417575502458759,0.268053433971306,0.007521742537021,0.0020296995825634,0.372730395051152,0.353504397746615,0.0222080442023857,0.140542729850142,0.722571549360977,0.168717551558959,0.0149574160372811,0.0123782460279163,0.0103120516499283,0.144027887918104,0.0093348891481913,0.0295774157152925,0.0465597629526341,0.0006907781122021,0.193562151337757,0.263091545258082,0.0049197393539693,0.153663464454592,0.121184165299333,0.213876701122927,0.22384401887883,0.630938973764596,0.110825496021057,0.500865921269771,0.123335402900815,0.0968902582244331,0.116359856959149,0.459737249284216,0.0003652734869459,0.274276725480021,0.316895380042329,0.620033292746769,0.31822124143594,0.233558350683638,0.107470852290057,0.379301560127582,0.680891716512512,0.0700688835390713,0.120453047282316,0.0215968397681728,0.0277614387822398,0.0044198895027624,2.89757391175628e-05,0.339029567022664,0.536172593063812,0.145838144007824,0.580042731660995,0.0006025387739494,0.0634942853446502,0.101480742326766,0.571830900473934,0.0199878834314835,0.234913101554396,0.130304493315797,0.0048976365907758,0.0945575489174933,0.16357013248405,0.55231129220307,0.0606279200463014,0.0004725518435009,0.445836356099078,0.161477317134754,0.327207522900753,0.24418572689485,0.0168112812510672,0.141024138609614,0.0015220836429729,0.0013410116794526,0.50041277164016,0.415015783758908,0.0488074457734791,0.053783785460388,0.343438952778662,0.0418942804438988,0.349769539426663,0.517720854647891,0.434269069919699,0.0067220245156188,0.0444977638695529,0.125967598082936,0.12850100558505,0.000758571862041,0.285158988083859,0.0,0.243402263815037,0.0123537782266724,0.0480427933891274,0.005649367817907,0.0388167345861796,0.0523057387964942,0.05844925368923,0.0315781186959388,0.04072490061107,0.138937995154848,0.47688382199828,0.093200137129372,0.032127183988188,0.0032809174745802,0.0021883224205149,0.596570712119415,0.0039838501616659,0.134646222351803,0.0305697355944191
0.014142426551602,0.392876357457107,0.0488790623890861,0.0309997416688194,0.0019062431638747,0.0197834687800016,0.68630345823638,0.585766146747271,0.342074448532895,0.0774348339974379,0.367580386223308,0.520056093503391,0.359435962067419,0.985166944245106,0.579358565366866,0.392741274673737,0.69930275950113,0.251119367452424,0.232940267127227,0.527442081824826,0.690836576957125,0.0901698265792075,0.0034670532006581,0.279046511097425,0.160154516441491,0.146037906914884,0.0696391986459303,0.870320926861504,0.158662537230919,0.558356997389783,0.083599550056243,0.0614587242864547,0.931649031563845,0.198436304525275,0.0363035583812255,0.122141687696873,0.0447296178482723,0.306681760041902,0.142099547797346,0.3918826538863,0.719341161616928,0.145146064440069,0.536872620676684,0.32877072953075,0.296783342081096,0.497185585029479,0.436513922452938,0.399440025217407,0.0849032206727804,0.393438299201274,0.0569556256275653,0.585786062239291,0.000485592013026,0.222544758692268,0.74681350538041,0.406761682362099,0.234820764157964,0.289309171692889,0.290051053405663,0.653572192840329,0.0900735028580107,0.0016358310155118,0.561514951758854,0.577347827340619,0.700541860506568,0.118422244361924,0.802269556261752,0.118675707950225,0.155658411389212,0.426413659146168,0.140974914932342,0.0015462071922272,0.0806053780749809,0.289760162866613,0.632565687203791,0.0436842386607628,0.694874148365384,0.221602543826061,0.0686841903984907,0.0828924584795013,0.28202666083468,0.37909234200381,0.0175643144129711,0.0028982794606901,0.176261788786403,0.280977111265004,0.31751134682319,0.211060786068345,0.92228378083732,1.0,0.15766100511241,0.714020403619213,0.287556149083404,0.38834159074403,0.0590410919704687,0.110387032338509,0.221494062021865,0.125665047420773,0.777292640594666,0.168221654536602,0.659139799313229,0.203486345030042,0.352464671602991,0.03684566455293,0.195659598248937,0.388410780955229,0.249176915397523,0.0334448160535117,0.27026188637766,0.505483095264503,0.216737464553091,0.0024732718112756,0.287060111212095,0.0473542073151847,0.16798340904602,0.283258381633717,0.10609236129759,0.453501822388092,0.0474567874383001,0.0155625891938866,0.0798724468870478,0.0012631039646882,0.0048776555004635,0.0036664915877399,0.0641185438340788,0.703234955007488,0.324730672653725
0.0107327123851497,0.330842927823582,0.0219836836568149,0.0909090909090909,0.0043051016552537,0.0361043336818868,0.646698226751183,0.660645330359918,0.309122844247727,0.210611990686021,0.690880099095697,0.554169688179841,0.395074720450145,0.595620498887218,0.367086598321306,0.312869314964459,0.388431699891977,0.476391354527549,0.534933088753326,0.421923070385668,0.419697935179658,0.123206637313925,0.0066990519470344,0.239653732977486,0.194461488590713,0.157467177686946,0.0501488950177853,0.859451940909382,0.2832610554547,0.424031207870809,0.0731672826610959,0.121473379443461,0.535711083213773,0.226887004165048,0.0930980708622777,0.0793575984464222,0.105974116519238,0.170907803894926,0.076987332455869,0.509070728157481,0.587273019736623,0.21961030972752,0.45760345800393,0.245562579013906,0.358044231684329,0.46269135340362,0.241984392075977,0.328886911053012,0.0896429839044886,0.361461719038065,0.0748498247221097,0.38421315360149,0.0002307058621375,0.211066424494032,0.538849763409011,0.300273910289968,0.191922198557902,0.175725493142158,0.377603571981789,0.780756728113886,0.0570362579482993,0.0610535875869392,0.633547072571463,0.733355439577867,0.516643495000267,0.179763306463787,0.545433643982652,0.17726288783773,0.160920328163731,0.533332880563969,0.138076679591675,0.0015401818044877,0.0985266390530787,0.303670014591806,0.538277914691943,0.111764208012972,0.74058071593275,0.21822298433416,0.0032710399510491,0.0476318536748688,0.202648997570385,0.338715312336235,0.039700047811171,0.0069981577410404,0.277761944242927,0.322157347349938,0.179193562136088,0.153362428877276,0.798457707129854,0.497407481929762,0.158153443938078,0.639809323320446,0.211946096879932,0.376135244162886,0.103906741830252,0.0427540772079578,0.202886991155985,0.245044395807755,0.714079477913358,0.194678052697806,0.532692881543141,0.185022886191134,0.702363645323838,0.138187413629191,0.278529235559879,0.719759367812806,0.202468191762782,0.0,0.374325221947609,0.442508324346264,0.207025299212206,0.0035377407937435,0.212055469230995,0.0349852891077457,0.0621314297000649,0.370179392054792,0.127542031529378,0.151421899212117,0.0478736580090503,0.0269395434867535,0.050499343778197,0.000528099629542,0.0028793716059407,0.0095059385642398,0.0896885627649059,0.480975920060432,0.184141891290312
0.483933087089682,0.277157770572746,0.0294587212800684,0.0222677207717484,0.0047049114038169,0.0114976793674671,0.280799165529969,0.365948405429223,0.250849795556431,0.607538943896725,0.32350616224204,0.260899842170371,0.264865241828374,0.335028873094369,0.434381484808127,0.298202195293642,0.385976627712855,0.362281852377822,0.205831827822578,0.424132714632944,0.330474504842067,0.159957468475754,0.0357315416960485,0.624759688861516,0.189386835230057,0.3225010021842,0.110450215793247,0.36856227750421,0.219519427031225,0.363594641883946,0.0267523702394344,0.0760111164727539,0.276519906743185,0.324543553942145,0.252750847882747,0.0347784898713078,0.535927491393961,0.201411161000641,0.269380033096809,0.167220417224093,0.206823293038614,0.112620616892131,0.338703767356495,0.42123298877073,0.0601274246109628,0.5218548105537,0.195530038327151,0.236587491424227,0.104117741288709,0.907114523369318,0.0524213011080381,0.451333357559391,0.689450651690087,0.12209717176959,0.476926470356541,0.258267796816209,0.0846424264196454,0.172811715211745,0.118762645578858,0.185809055057932,0.0188077053264293,0.0221567593016151,0.384750604262799,0.260488451890084,0.112511808637684,0.107997463997826,0.534484594040446,0.0801807694092925,0.0998009300897186,0.23397875606145,0.221583940017409,0.630291014640534,0.0673733369812113,0.575945082661826,0.270143696682464,0.396795345812211,0.381771101509623,0.116020443837715,0.0389363383728935,0.0843023795562642,0.292414886600897,0.481833027977624,0.141353307778123,0.949735619375088,0.140454969426884,0.495636923289683,0.145969311450636,0.136699172640008,0.110134316870125,0.378109639745016,0.10325994502592,0.217097139849807,0.642782566468374,0.425499938878382,0.075101585303039,0.0612217045799964,0.0830562788159067,0.0723574559452422,0.285317978765981,0.291105743390643,0.266041357686535,0.803966533202003,0.0943671689233309,0.0532661642049965,0.198505593674646,0.235071525630934,0.0690541430361732,0.206243032329989,0.176061015783316,0.16786979330135,0.0959666309799272,0.0014175737054657,0.387688488864132,0.0476800148657438,0.0652492875483197,0.198531799529625,0.0550781684928905,0.171129880617211,0.0109373143465906,0.119549705411029,0.0616520383889755,0.533262394577126,0.813238198895473,0.0067171006929736,0.121681660551842,0.220165127158514,0.106399166693128
0.182011998310917,0.251546521519337,0.013586351568473,0.0484168141574027,0.0054208401556482,0.0105926632545113,0.685196180694857,0.770419318289841,0.270869728330687,0.580014579632395,0.492493120618044,0.439026575097044,0.329998881674924,0.554885806878111,0.512536005203333,0.43807388852989,0.618462142786998,0.378958957538753,0.247886891608773,0.469413424438665,0.538301846101023,0.262736993440561,0.0214323957272324,0.589053126211821,0.215126711971937,0.159943602942737,0.0939076154033174,0.656466500394364,0.352777899994452,0.613888649858016,0.042050457978467,0.0949895447965257,0.559966822094692,0.311208887297183,0.449617771186163,0.0215139412217386,0.39374264673842,0.357026959323797,0.226737977572735,0.466469913703121,0.812385238960937,0.142843718097126,0.339486876836173,0.197484940879006,0.150309030890835,0.516304782042905,0.287930795634707,0.292896478834066,0.175030964987316,0.498979777952444,0.0648334419645216,0.569322543812506,0.145828385279826,0.327117929423975,0.720024368084112,0.356973536383796,0.151215006030125,0.209223207194831,0.223691207539999,0.916236128519458,0.0426542624981602,0.0243329515745047,0.663450590279859,0.469003200599752,0.464048268363546,0.142136883736377,0.674874569694526,0.194473958487174,0.174095685173405,0.554176118227136,0.274449533117037,0.153398724240019,0.0696384147000999,0.429325016171331,0.53738009478673,0.335771495772565,0.510301700657428,0.163650590174305,0.0190984881319634,0.0608763671712395,0.300841651317835,0.401014986126966,0.0337446212432582,0.257659759206529,0.311534874080216,0.351084928343707,0.159150876229681,0.225302128413356,0.406922585882149,0.56538120518371,0.113654880964106,0.590804202173957,0.370195459511958,0.523388007219542,0.0873991300864191,0.0918387603054572,0.208770644875546,0.123464533769877,0.504601618441157,0.393807659961934,0.440143589469512,0.457180002459897,0.137839269653923,0.0895766972782782,0.228117744867722,1.0,0.262070137428577,0.108138238573021,0.302425323438274,0.519120628095819,0.149423831834874,0.0047362733953036,0.331740400871715,0.0572194865124346,0.136522671482182,0.589612383267238,0.128622701938002,0.271939588380366,0.0347392142291821,0.1444881167832,0.0912343121975227,0.274536927563648,0.23693773070965,0.0155775063113129,0.137432778810876,0.52396729263024,0.273663231704014
0.0324845046085745,0.296503754895373,0.0560042641807545,0.0919765751263368,0.0067321332688113,0.0234784416600931,0.587771804541443,1.0,0.3892234175992,0.344687988789253,0.665204316964977,0.349233246598132,0.353488734445543,0.606339020886375,0.292644872549323,0.307056872006342,0.321496612000393,0.4433869534767,0.351792097131794,0.381401594343311,0.41377540702871,0.119881989996106,0.0045770325681005,0.358910102876434,0.222049851233546,0.143822486640666,0.0473970859007336,0.551429835219884,0.213807338484288,0.587528325158477,0.0820697412823397,0.088333065251193,0.599107783357245,0.242416983909564,0.0653769397703356,0.085880867003827,0.0847749357270469,0.177974046479499,0.156864427251362,0.414614604313374,0.679090955995496,0.197679286144488,0.510825718417827,0.33281326689968,0.280306232968242,0.5795932751735,0.245032093216556,0.424245795553578,0.0646239023527108,0.490121232559452,0.060263885708246,0.394967610399099,0.004817512332325,0.191330435910742,0.667706511635235,0.146592003074383,0.135793282184188,0.186784970701238,0.198568524465552,0.520120652583738,0.0506627828485783,0.205822545585677,0.552865504085016,0.512081543208097,0.318668342156391,0.154629713492135,0.449150412431852,0.111157152080072,0.142894355847062,0.419723991795819,0.264308182321754,0.0039114036256612,0.1071733823676,0.383709327222492,0.441386161137441,0.0479250376415456,0.60332669188923,0.252684502305759,0.0248119725671162,0.0611794343185811,0.176432396228801,0.419894906179289,0.0822268262609148,0.0242803838414999,0.26026013058348,0.261003030947514,0.196101039053242,0.100941583925577,0.248676664906598,0.852871006471898,0.141240408634691,0.419407728275611,0.265035814009955,0.543651621161023,0.0962163051565272,0.0621925422298869,0.182677030486862,0.114146455749509,0.608301773289891,0.136818908989737,0.422551207193726,0.245306628202822,0.787709290721599,0.17306700904627,0.310227300168,0.484325046943505,0.0973045306824699,0.0379041248606466,0.387414483156259,0.275471555632119,0.161791397577139,0.0016236508381707,0.348744710584694,0.0501365790207191,0.022417539008493,0.415081528424243,0.106144757438615,0.233134725768786,0.0471969985318906,0.0358130894769152,0.0485050447051103,0.0156459367856861,0.0181688348334859,0.0129826671862557,0.0669162855371832,0.372066209894377,0.129181866236316
0.282689572827126,0.349043867004225,0.22991719703899,0.0595912389435322,0.0183709472135125,0.0378944922431558,0.418727433202279,0.193745552081433,0.497720615263351,0.499975228779911,0.334879892646328,0.189397688009214,0.363056068295735,0.416728487895381,0.529655898658903,0.272972750912115,0.551802022979476,0.252700469813696,0.282824603220098,0.652932877806673,0.36076163198825,0.468236139814898,0.106525372822482,0.594920048358767,0.570020568747082,0.374374805651195,0.119066459984174,0.425851612628168,0.483945511342876,0.26053409058314,0.0591933151213241,0.0874796704376888,0.379461083213773,0.407146860399947,0.616653398619396,0.0862950787395513,0.634711752146063,0.337520068622353,0.270610439717977,0.335569162464533,0.29295059926128,0.274382872935257,0.338181694370043,0.401109541161597,0.325603306313979,0.349881633684985,0.259762648729355,0.458708349557768,0.253582044390652,0.335947638661626,0.132101396938362,0.610634346556298,0.0809440131537316,0.097126362221069,0.479000908551412,0.201560327908067,0.396925919273306,0.368649251969349,0.256407226364445,0.322225958647957,0.030559690668803,0.0136161576363452,0.456662871297018,0.480998241111848,0.23689909630501,0.311457295534825,0.424708116671443,0.0929409630064096,0.140985917037752,0.428145501962755,0.211694824721057,0.100432089824626,0.223667941303098,0.465709257021366,0.577804739336493,0.309691918426984,0.592103397583708,0.28691294720895,0.138737475460827,0.183582625028675,0.290217640164161,0.479554031710953,0.188896065224503,0.16067051524904,0.190317649497357,0.170103940650842,0.206158600593825,0.187385279772285,0.228181061137425,0.649480501389678,0.185336067114935,0.344356618019149,0.218004127716402,0.22280267784593,0.13830624391919,0.120917364036203,0.150313739475443,0.0818401276416544,0.661076240345223,0.302128715688568,0.437221917881432,0.307496282201018,0.262061552108616,0.0944693279493487,0.428697752985995,0.162044142286094,0.348839185199346,0.0,0.485516506563175,0.290152139079708,0.150329430815691,0.0044917275053268,0.285046957303547,0.0567239617207098,0.184348635760842,0.437763848023538,0.202101740206834,0.428315764202623,0.0229721864760742,0.135670379258385,0.0731225904355672,0.196740758256483,0.26338187953861,0.0250571830365463,0.102122598046607,0.317730628039811,0.275430210860758
0.511778681641905,0.325657741134529,0.0082752075798611,0.0283822703681326,0.0042707138737711,0.0189120850225948,0.280702880526358,0.624707432937592,0.34352393259236,0.636790216075814,0.513730241301283,0.19321012669027,0.360713240089315,0.231232488660124,0.490239879827795,0.273420203540982,0.454620445841108,0.220251587211435,0.273982000440096,0.573419679431612,0.276280378616582,0.207610746697816,0.064042544856225,0.521875498984922,0.335282154585904,0.471055296840091,0.0964387532771615,0.413642322696169,0.27720080879807,0.399850844735106,0.0204724409448819,0.114282522831662,0.306088593974175,0.315683233063648,0.434721207428652,0.0363063267196805,0.84990631400061,0.159498578591192,0.246686368223451,0.20016244983167,0.357653821523632,0.224163744238795,0.433044950159865,0.528736521157135,0.035409718662416,0.953961358843107,0.233887973894439,0.35313270660659,0.0963940316884634,0.966212607713797,0.0629555903958285,0.547327834018357,0.801334186293019,0.100849766476388,0.414625051860955,0.211563837567473,0.100767237176362,0.258896949923802,0.16649765971955,0.221209990523066,0.0435559188989446,0.0865741096282248,0.328399352789597,0.195106830829561,0.283910842557439,0.101838601575944,0.438596944319338,0.13127555519923,0.149275012613245,0.271834802569919,0.179883477091082,0.931812772663279,0.116100079108051,0.577123458709202,0.390662369668246,0.886126529048582,0.293798085174655,0.234438210664758,0.0294240624123601,0.09130886076101,0.281291967236083,0.557833084850971,0.18647195497362,0.885361695687011,0.18428075448233,0.576790464406535,0.0997175750595206,0.0934528917896203,0.192190287048785,0.462434468439824,0.0932858204478507,0.165840131166124,0.909603010804905,0.548041591463108,0.0373075602357924,0.0569847581590685,0.199571284497601,0.0485062011779569,0.385275016937346,0.391452256444953,0.321219085285197,0.931614861437657,0.0937295945396528,0.0438474581254717,0.226183617875381,0.443667793897124,0.227553686356974,0.0,0.227861716439802,0.124344848580672,0.0488524602745193,0.0007212891988461,0.259022545369257,0.0536783424695717,0.0772410485031461,0.318969504334734,0.071389742145491,0.250158231301425,0.0189142434806075,0.162394661521658,0.0641323517348864,1.0,0.956705768533075,0.0208908693515867,0.181720862441574,0.183800045058775,0.163259410346977
0.411893471307437,0.286131351295383,0.0208056910020952,0.0421058474650452,0.004692896395829,0.0267056190493662,0.338425740190965,0.474514871784332,0.287229003323392,0.547274104166519,0.452903737548522,0.21542784626541,0.302696671286564,0.280838470890616,0.508157307894818,0.296694402067831,0.455327506628695,0.251593135385518,0.250581093250442,0.54552717012561,0.358455914921851,0.167565219995807,0.0552639139178354,0.429523939870891,0.248044425406455,0.348106964586994,0.102580382403907,0.256123297307668,0.284217533778032,0.502423773054528,0.0274658524827254,0.0768260861794721,0.353748206599713,0.370835823602872,0.495512491957382,0.0250336338656868,0.650376922741732,0.2036334169605,0.230311800841192,0.19203628291263,0.417215749235938,0.165060933155069,0.35295376573515,0.348276939094222,0.0342040931361036,0.769365725099022,0.222389828682254,0.196877491609649,0.129502225395792,0.831702071542825,0.0693889055260979,0.597169758995358,0.756970373036439,0.12544434353918,0.456933087551795,0.21426372639558,0.0982371507018039,0.223990641567752,0.121929330077754,0.30084680994161,0.0474666754118944,0.0213484434145489,0.395597371207127,0.194342723681555,0.536994456624423,0.149325242278779,0.49914616055709,0.152226915400423,0.121783622523965,0.299316771030005,0.220194171876236,0.659734767066621,0.0749554089334835,0.523359424751914,0.325259526066351,0.662217242946108,0.420015372331296,0.14768508498843,0.0177650868113097,0.0818766444836688,0.26113744237781,0.525763626244612,0.0648638220417886,1.0,0.216822986838014,0.507566891953479,0.119422087415262,0.123627556676755,0.333762842589455,0.357241251218871,0.0727197844013287,0.239869036293343,0.716377321840476,0.446540156902788,0.0648500543695988,0.0629245476144689,0.13279060047013,0.0704105055250093,0.377348877971261,0.339959025463651,0.290813213437908,0.902306509273914,0.0707522761713504,0.0509923454636336,0.209261731538114,0.417333257109687,0.147921578623165,0.0635451505016722,0.201099875581211,0.14778044964449,0.0481502373360041,0.0007023241015112,0.291965952290207,0.0490811112143454,0.0895008605851979,0.284724614006947,0.07116050902851,0.255112507911565,0.0155853205170806,0.172854762455254,0.0621831679107538,0.641388823204855,0.782198572983432,0.0234484336083767,0.14844281382453,0.230965980624727,0.170168560347817
0.365827140839396,0.285540556727445,0.0535096166689777,0.0708019581930481,0.0108483092812208,0.0526361651776706,0.383455026879564,0.281586323662028,0.324818956598847,0.62898374300213,0.340597996897827,0.165630465384123,0.368241201357571,0.261017081508429,0.531107721373928,0.244456805832206,0.474044976922322,0.270496757303601,0.314215658174785,0.590807879931331,0.324539757734752,0.233159613023033,0.0668436104364178,0.438146855539588,0.329250456332897,0.339056710513006,0.0794524875456248,0.320012896761953,0.380181003957907,0.276568281559246,0.0325566447051261,0.110515968759495,0.44415799856528,0.364433602243684,0.391781807871405,0.0568929935709503,0.631334698679681,0.231512196788261,0.174878031710626,0.289745078725688,0.248900570277005,0.245591796983456,0.370167582185962,0.436778463597829,0.105929621694997,0.5395435427153,0.202379669678452,0.381995512784855,0.145001994532573,0.586007671020051,0.0903447425440837,0.569024180792689,0.409670699226375,0.0930137519460301,0.414651310572282,0.134857192154833,0.221025891047189,0.288378157934276,0.158203277829855,0.326230727685896,0.0659675169448547,0.055856158170585,0.32450410499191,0.258830483550071,0.815620376806944,0.145928810796124,0.363555449171199,0.135945853570027,0.119757277293965,0.368610858314883,0.218678285985598,0.642923935273431,0.105693022585031,0.464034458724245,0.483530616113744,0.348130841121495,0.330758840956069,0.213062080676578,0.0191775233918874,0.118746619693255,0.27022713992325,0.433638959867729,0.0923762152005972,0.372719778489879,0.287814799461084,0.323263700815202,0.140805461362771,0.114987462854316,0.380782941521067,0.445504054057042,0.120701232887751,0.162439527963889,0.550746631054996,0.319184278081788,0.087603016081955,0.0745342770826484,0.126995144036394,0.0728052693701549,0.554767023930767,0.274717509658735,0.39600675191178,0.436490438420746,0.1689110106324,0.0776352285089826,0.277500077618057,0.293923509571198,0.131736018182204,0.084726867335563,0.297246264907495,0.305953647963337,0.0905560607979248,0.0011376365587988,0.199175193253003,0.0491795967667007,0.137919358934567,0.424715363950365,0.103744359227943,0.341626836028722,0.0339376949675465,0.1770722879079,0.06251435485194,0.731171671790021,0.663816088776785,0.0522525880618763,0.120569265048332,0.225757716315252,0.176430814173937
0.371135859514923,0.192668056691916,0.208723506296409,0.301152242464095,0.452835293298774,0.0036017195306146,0.141875952820348,0.0039668368330049,0.0753845395945992,0.302300892471672,0.0534242072751671,0.2251045088086,0.262271104616169,0.533075815939241,0.598379378697309,0.408982805827765,0.359265442404007,0.424041552957673,0.243023644994092,0.357826389951218,0.27353111343407,0.26305148710576,0.0044105356629841,0.0083455370788567,0.275339500098406,0.0367080403271429,0.0675199804260736,0.410564686320905,0.450248780011899,0.069414565585291,0.350628314317853,0.359628616874877,0.0967091104734576,0.205422237312416,0.0322740706005518,0.0717499477431492,0.325330079742037,0.227709121687017,0.249537750907002,0.182649475897149,0.017445195438998,0.0865109841996677,0.157972476052739,0.203370268461367,0.604735909464399,0.0506605639336798,0.0825649945356873,0.0897850957705216,0.453720038822713,0.200666851247033,0.303313544841193,0.523187205581684,0.0007774610519777,0.223342631032693,0.527716069806158,0.180843533893702,0.48491955556696,0.236598231342162,0.0555119952348026,0.0714336665545739,0.0014458906604481,0.304100679708795,0.335590579493018,0.338528300798708,0.0145580450243302,0.297433807324216,0.171882194723266,0.13989881301506,0.0486268015004278,0.334710884122737,0.320089321041386,0.0009096018029814,0.0332911282335151,0.272149708916044,0.130989194312796,0.293572873141309,0.503003574440141,0.105115953851532,0.0145526859240752,0.101956340362375,0.110921647490594,0.10702040534447,0.15672837383303,0.0684067897265612,0.140299512902891,0.303259237684746,0.305954615908885,0.342286983052711,0.0017692628990692,0.494090827682123,0.0630590299850478,0.0015586098010242,0.170717494233337,0.101620082406322,0.486307445773479,0.159239086606162,0.0589605246843752,0.24371726661803,0.243610224033445,0.226690990028265,0.11627896619145,0.176018849723668,0.140081560239999,0.360288539757525,0.1921731101153,0.0007343855128165,0.0165891374073366,0.173913043478261,0.151355962492287,0.063661485238002,0.408325370969413,0.336565503965148,0.259511174958711,0.523727585245749,0.072006997545216,0.0342350498420602,0.389352449192117,0.279971190990637,0.0055562604091776,0.289446619202896,0.0839861373144123,0.0007152991250886,0.0063518937627052,0.0012546381796309,0.213444237824798,0.0651231827398386,0.173604768228743
0.483592115673036,0.196352909409469,0.197942202032101,0.158809626999665,0.287648820374802,0.0060018467220683,0.128219529808232,0.0058603334301063,0.097750173369662,0.112277324425131,0.0680277837388524,0.207361472507785,0.257866914289807,0.523645778496445,0.598793632111996,0.434178941080593,0.435686929195718,0.29582845779874,0.223169394461076,0.625771250828617,0.324718765445525,0.30053613681972,0.110952231711458,0.0017208421724948,0.406250120595375,0.0340367979559189,0.0532777809609497,0.509885741084181,0.366681268902403,0.309927430226888,0.335195243451711,0.353846978714278,0.0172390602582496,0.245540188880646,0.0248748623212903,0.0770769524471438,0.273824567519282,0.282272052711684,0.139322666799114,0.132694314990959,0.000934780827281,0.0927527348371912,0.225981399933849,0.168845095560348,0.378445920785433,0.26962784930102,0.0571828774608647,0.0950214162541025,0.64553020538974,0.411218374756754,0.216541300403403,0.598263756734685,0.0084892244105455,0.220238713025428,0.496394678934737,0.280017881616639,0.427168920479331,0.261590718839211,0.055444924761301,0.0455300459580365,2.03014214508723e-05,0.1285414252849,0.305367451708915,0.484155589515873,0.0545781865497389,0.46114482383842,0.286849108838545,0.171700557414542,0.0300304911487924,0.430712704255579,0.303758308934082,0.0010013730931675,0.0407629155028451,0.402327668771029,0.153956398104265,0.611245244692319,0.428522390621385,0.147585196530541,0.0056140529791193,0.0757572036844819,0.0944576765229515,0.105727552293011,0.329041511839556,0.0232266741073363,0.161920924448129,0.439132224954347,0.312019328319293,0.28160780876348,0.0014461458440053,0.410997583264605,0.100672402832866,0.0015889723296156,0.322277528226296,0.199536913861664,0.326002976020145,0.271350674003263,0.0692220871568135,0.351767825050268,0.391669324225622,0.2447248446066,0.307385682918465,0.298547135998764,0.121040570675274,0.426878105673766,0.174113975504891,0.0003759877924899,0.148367637375475,0.0758082497212932,0.194626052417737,0.0758524342960706,0.822214803473509,0.434511845511317,0.198061117789049,0.352395552664994,0.0979656330238989,0.0,0.351997275400667,0.248106680634671,0.0073647134165866,0.400258313468177,0.209757197932901,0.0079234649641365,0.0055629459426774,0.0013706985649175,0.390799282973983,0.0722133135428125,0.124814850096287
0.0016247712700639,0.182638760590145,0.0894880057194978,0.860202266909484,0.0354848760051176,0.0117392208300465,0.527641819786568,0.173703263134366,0.126254798455399,0.118505516904588,0.0470188439378587,0.160844388516828,0.242295808291438,0.424785218914469,0.70281382599808,0.309316341236479,0.742354905234214,0.334253865858956,0.170000980045896,0.702751856951031,0.240249731030223,0.370488513493276,0.0146321397790488,0.0092652660872738,0.384809227765107,0.287295301535683,0.0270403572860999,0.927149282684232,0.397814638326852,0.209993402747899,0.562397557448176,0.584601361857273,0.124708572453372,0.174601808807764,0.0382228813836574,0.219673191903419,0.131487210771711,0.335041617483518,0.0417728691953592,0.321680069390335,0.0099426687992618,0.133225335207104,0.129402761474256,0.155933665501599,0.270147935902385,0.147959535465569,0.0835808949158804,0.14653538781035,0.315589496927582,0.139828812645242,0.339094896682932,0.657077610724238,0.0001322359541074,0.861614556305138,0.45306780524439,0.90980175326114,0.340617382155962,0.183621670351371,0.164988574065764,0.380605912384213,0.0007472484741724,0.333409573799101,0.392780807414954,0.53879645915631,0.456316952747625,0.201258943936238,0.388587968139285,0.16780076544283,0.114917630026104,0.368312030534766,0.237872912874891,0.0020363493102669,0.0688494550452061,0.238217493117782,0.392025781990521,0.0918141888581025,0.589036393621229,0.191253100704214,0.0852306044922622,0.0750091189670322,0.0749489985955392,0.146469180739435,0.086009780320251,0.0004101611355571,0.246385635817183,0.144348744404062,0.282617439269833,0.296175941507573,0.0015866886281185,0.599410077764487,0.275264350115052,0.0083749974697892,0.286827728541945,0.162346207223856,0.289138957248326,0.109043988560865,0.0735360848330067,0.307646340089088,0.497674329744037,0.27882919056321,0.441310476597678,0.103735485844919,0.220680818559267,0.588031088590723,0.225470681647527,0.0004947207795919,0.210943308056671,0.117056856187291,0.145121535914546,0.188879475737274,0.34080068764126,0.0994760132103251,0.234698564406266,0.463352844622008,0.090065178747778,0.0482675824878716,0.522219238553081,0.182544359326917,0.0425348952889598,0.176171379824443,1.0,0.0018936706865295,0.008545974926432,0.0022915572423374,0.321963110016585,0.215990564162371,0.165479030041759
0.553311669716399,0.332974660800679,0.167980989284847,0.280357649912146,0.283413322903754,0.0041933432395907,0.313824921768435,0.0279091635472359,0.174894936090069,0.211539142066486,0.0601419611060253,0.0773727765217763,0.290980017164405,0.352887242117962,0.423200514138817,0.191237700604228,0.307100068742021,0.119547244318969,0.197266596522501,0.431628507810243,0.0572696375429878,0.251040824272921,0.12951826895453,0.0022213097926503,0.626902995010246,0.0323521294384896,0.0622130305981972,0.36403242309906,0.40100927592678,0.0627312623698477,0.225164711553913,0.555846871481422,0.0662885581061693,0.331431813900704,0.0077645339643834,0.051569501077065,0.291995293912589,0.263308865112289,0.0652928254877038,0.363060672439394,0.0289114355866205,0.13252694257803,0.222573333419805,0.153838030787536,0.300249089994397,0.0202114723937795,0.0162697985130913,0.134319778976841,0.41520514369534,0.33133794084418,0.481786953687882,0.226482395625539,0.0001718527664808,0.213537882719253,0.107965317494079,0.169224404485305,0.585317287213569,0.280420270879392,0.148572277218236,0.0149389094392304,6.94933272741399e-05,0.239691120378687,0.41563292782805,0.174922868429399,0.0721886530132079,0.336518431301513,0.150023779003298,0.0426149957592611,0.0326683045605107,0.244427541054862,0.0984039922449949,0.0001652346714715,0.194525213835638,0.798773486037497,0.24766028436019,0.582385983981184,0.472512629937242,0.100654269399171,0.0016062004436172,0.0632044738939996,0.0961013398760931,0.116232871982158,0.0751306419278806,0.0217645363128363,0.163941859260027,0.183201028405835,0.267827048841465,0.24268921011401,0.0070901864359138,0.235652706500421,0.0782082389492251,0.0155962188531061,0.161357290275586,0.140935664104353,0.494802695587478,0.508476994559587,0.0546145714698397,0.250817037076579,0.262025515505203,0.107722561920239,0.123240205051463,0.155483791616224,0.266376729459017,0.162748576413051,0.270952563293213,0.0030694675924908,0.242231143397268,0.261984392419175,0.258113352597453,0.0163135948196726,0.269189297047978,0.181111409329466,0.164560673136122,0.391670847657097,0.304167489630654,0.0269629308902687,0.526810450410327,0.186494685610773,0.0199956903235681,0.0385237863651946,0.0846710688212616,0.0406282020966344,0.0169710162454146,0.0012343064333034,0.543525824663684,0.14397603933366,0.311600983979513
0.143752821204782,0.184740040238998,0.0664751686526741,0.238548563059495,0.278885736445414,0.0019308029572013,0.0144908930434085,0.0363284150380112,0.0922231864396503,0.0739951731508284,0.0315731713611261,0.263247024698204,0.216039671639653,0.344054996883133,0.31071329017871,0.177700870700624,0.410920161052735,0.0989930617211949,0.145176232592628,0.238624581442388,0.291911478548706,0.308098960673316,0.0071724255007965,0.0007043956294623,0.455422160991931,0.0641934883627994,0.0319648102924165,0.3081127027776,0.607543553240453,0.0057080572526747,0.223242808934597,0.153749575536611,0.0335590028694405,0.0944775317611109,0.0512655536047285,0.0600519466055495,0.526101355178875,0.0430075795818136,0.0115748527462902,0.104776466091354,0.0288112804979832,0.0958399719788646,0.228361533921773,0.113442403510077,0.77975447718672,0.0935602814524417,0.0138224021426263,0.263288275759767,0.347668490887447,0.290595980259523,0.470826360385435,0.270299682702404,0.0394618858090613,0.339643876491956,0.225168449633166,0.121722438879968,0.39324112801827,0.199607203417116,0.0434073716838042,0.037357463850081,3.24041919312e-05,0.224555440174607,0.365693853498732,0.367261612986938,0.106375773131562,0.264148778794191,0.055011070622065,0.0399988185005929,0.0614018250817119,0.327083984189294,0.222338173617156,0.0009737953569752,0.297331746930586,0.436761321185196,0.079834691943128,0.323294102973014,0.538591267620348,0.261557926981537,0.0104556000305943,0.0561500769347334,0.0815578238033891,0.0610474445586425,0.349810013504559,0.0005592056045341,0.627603896776868,0.316122692084858,0.395143587689202,0.238334040870179,0.12382738719143,0.285588252852875,0.329826571999033,0.0076159342550047,0.12437780745417,0.133176814053658,0.343422709322955,0.258673953635523,0.104924092814222,0.204029431128668,0.211472130901802,0.280114387247308,0.015205162807477,0.0947162020815608,0.0956792785245235,0.669022159931785,0.189469701935162,0.0015413300733066,0.100193292126001,0.121516164994426,0.169539987659275,0.0443178519764865,0.416464249945319,0.311743576804278,0.319094667096661,0.248959088234383,0.264834513698823,0.0076952598380256,0.309169979631,0.361422117462188,0.018463137162501,0.180253370432675,0.0907318923796243,0.0148281705682983,0.0399541604040334,0.0028947323833889,0.494674238997504,0.0347880249678625,0.0705577564968237
0.660184973959976,0.277913013113203,0.0568375095250756,0.615306442694245,0.822503529926485,0.0044211260112637,0.17243039396614,0.0538940001592901,0.0774062382762319,0.14552737927569,0.0064270948499031,0.404708228469053,0.229054336776686,0.41731281631488,0.751308576207142,0.84265544815212,0.598998330550918,0.403877018197339,0.205556305485853,0.577091088334778,0.0699718536340093,0.441324467607152,0.0006202825876883,0.0002787472341978,0.419702775816093,0.0151357912759397,0.0542100201778688,0.493977958261389,0.279940162716092,0.0287697559016723,0.486016390808292,0.559321216020589,0.0199291606886657,0.0938845181590067,0.0011668611435239,0.0946576001083593,0.567976818162012,0.266612834050047,0.81006359734774,0.0812947472104203,0.0059364652537717,0.106446142608785,0.280803927545349,0.266893730943705,0.344505962434315,0.106713553517663,0.0,0.239517160816599,0.16423431412684,0.266278610503498,0.613014603554882,0.587889904045688,1.74443511704199e-05,0.50723598858329,0.264073356335964,0.105550555761429,0.329886325729389,0.187737448753998,0.0562577550234986,0.0035665882017262,0.0001048256088376,0.345294460712787,0.462276023251633,0.262074334650097,0.0,0.190339039338224,0.137301539808571,0.0341571478604312,0.0491560093886415,0.300651308729846,0.229217773205666,0.0439837082785351,0.0545188088405899,0.377381197129777,0.0684132701421801,0.511174416221947,0.279171983553098,0.215459403665906,0.0123957881855034,0.0527570425677574,0.21227177512225,0.144591344689045,0.155830865885471,0.0170811893748624,0.0582184682350503,1.0,0.706524588418777,0.196828606070972,8.93169095298515e-05,0.617835197661538,0.170670343543232,0.0050907839604882,0.430763627534296,0.0914343445964895,0.381545813540892,0.485831353403515,0.100744308399066,0.7919951126058,0.0971084288952344,0.631186491049467,0.0012648700167907,0.32706262877612,0.167669742629394,0.149086062079172,0.264514289196831,0.0035136169146133,0.237197051764056,0.0,0.296278563215872,0.0134747036627124,0.643884712645001,0.298476702608924,0.0304611686065261,0.832282820774877,0.0434383905646003,0.0027651764891115,0.618765677907822,0.566446234095026,0.0043418983117748,0.347192435561154,0.04304917562136,0.0221979191298179,0.0047912743522853,0.000144016536487,0.337665644737063,0.0751686390924633,0.267725359886585
0.336971979672764,0.265033285487771,0.390750086186828,0.245092241311212,0.0903793759487713,0.0038998245002537,0.0073016127738104,0.0945977540098708,0.0818626912276846,0.410190172195367,0.0675170931928753,0.32610587382161,0.316267357598893,0.636947597588905,0.655937374175365,0.361409597914404,0.497201217715801,0.35898591447504,0.188658834928836,0.466625873234409,0.336866240917497,0.224937850061401,0.0559854005066729,0.0073044549373845,0.292442818497208,0.235878568993358,0.121190323914414,0.398997569866343,0.265466732727436,0.0943980724550383,0.30119235095613,0.230608725180062,0.0483097202295552,0.25692139895397,0.0542317800630323,0.0676419090042861,0.271231861954769,0.281451279267927,0.150315051823824,0.360182884697373,0.0082612773112304,0.147136590220795,0.167113617349685,0.203643935450286,0.587743465216921,0.106953241201328,0.181399787584466,0.0732194841556804,0.816951118770489,0.498932539375322,0.409072172212729,0.345687984959444,0.005761320817184,0.176423845355475,0.543828415076702,0.148511531878099,0.450278412152626,0.271987486316512,0.070027961999786,0.0253329664842612,0.0005098780079776,0.17408035633792,0.437905754978926,0.337115423430697,0.0180694437017628,0.458186154635752,0.255823021224729,0.118960111736087,0.0421172702744203,0.290616807704324,0.303530802405634,0.0067176120924897,0.0289094329458523,0.410771861382862,0.189405118483412,0.296490649750987,0.667912870223197,0.110210265203856,0.0719271855798894,0.0617957507110997,0.156530742655627,0.160398072806009,0.143483840662982,0.0089282258451196,0.117253083221059,0.308334215133365,0.517445152852444,0.237057420432646,0.0164356248374564,0.402544537138789,0.0836877400639275,0.0005060421431896,0.371870826757315,0.28271264929854,0.433250586619356,0.539953226096612,0.0505971211894618,0.184352331298896,0.210078443302388,0.359450384768601,0.207425321450681,0.233982969786975,0.142092845614597,0.377001107506542,0.249197659269378,0.0015897027717556,0.0839652498991058,0.254180602006689,0.186274146180276,0.0621016289996389,0.457999009980775,0.22219358009528,0.283688567044866,0.124454148471616,0.21016619169888,0.150608634042176,0.379953891395899,0.366245444029769,0.0052280000080554,0.173325148091749,0.264946476909195,0.0214057696855048,0.0377312855242472,0.001590111994036,0.344794022549463,0.118478073604835,0.231822310882487
0.340214241684423,0.170554879942829,0.141828534645833,0.308330006340856,0.204254307173208,0.003519167385176,0.0309716761614379,0.0209004000236366,0.0302553744595224,0.295166781086112,0.0036101475298061,0.202154161156849,0.327618985390151,0.343983638804254,0.671477684516988,0.270875386108317,0.539467740351566,0.179585889209391,0.260266905329416,0.64732378087128,0.166892615534815,0.308727948003714,0.002340750607224,0.0018517758160542,0.409264040195885,0.0549571589670197,0.0610732829841566,0.385679797915201,0.546814831535473,0.0413905860080888,0.157814558894424,0.496602505674405,0.0115898493543759,0.20783615150451,0.0340352675601697,0.02626901559546,0.445466033378361,0.0701177738726463,0.0720318415687797,0.205616647799944,0.0824670929833773,0.0814951582382566,0.277300201695278,0.143645422770878,0.427959620054366,0.105426463490312,0.0281835393353549,0.13596261890193,0.847563267515503,0.154561999976381,0.436411999929536,0.170065008711818,0.0001953637793825,0.352020627919045,0.180733458324799,0.169173426192255,0.535454568781915,0.176825538217176,0.0406526915221325,0.0460701293142979,0.0004690799591004,0.355086630316103,0.217015241405485,0.293532481762348,0.0245842468317202,0.440431120369532,0.197528243471797,0.0928481309101343,0.0155197753745585,0.855313022099673,0.36497240246894,0.0197565511607562,0.0439866216196154,0.533112366931258,0.0848697630331754,0.564032946375275,0.412612773959569,0.133217906670884,0.0006781735206384,0.0635410820695054,0.159582283974453,0.0971335833052352,0.271450020550416,0.000869426069033,0.161817286765468,0.251231289687549,0.355245912202142,0.179044489306013,0.0073988551673772,0.325679969398337,0.188201165737002,0.0072313422261806,0.153429646716037,0.118949858701202,0.277574686659417,0.375735882531746,0.0202649241950719,0.399145595710481,0.272733641071312,0.215309174375739,0.0540731932178026,0.142026528261879,0.16289871499501,0.422361831208162,0.206037419952785,0.0002330684561633,0.159986405828501,0.607580824972129,0.0786805539164944,0.0267205025521702,0.373079919110057,0.381869890122843,0.145504119147439,0.205280436061817,0.145579977991592,0.0077444622666574,0.239895731679362,0.275562539557825,0.0117408474757178,0.594902295322453,0.355764498400459,0.0659572791045953,0.0093867514353667,0.0012266820284305,0.377028362734751,0.10648448785401,0.0469930534931459
0.0030080716792296,0.109981179843145,0.121829374251828,0.407061621593925,0.277878961638151,0.0108663083292057,0.463323437374629,0.0229377715317797,0.151320451556916,0.171367300573985,0.0512863697236567,0.141681951968605,0.216865221723653,0.511023476807951,0.791746678229628,0.335037650418474,0.648472945104586,0.603805160679009,0.15571634882977,0.550150425781449,0.303986251230296,0.280423518135801,0.0331981770221212,0.0034133990282625,0.46902146018809,0.246640965793362,0.0248948133740711,0.733383428193814,0.684874825681826,0.155523047356797,0.464039852161337,0.426750129573035,0.0851192611190818,0.15853230296251,0.201370789212532,0.0795294931353981,0.164669484509129,0.261409225303734,0.0259559356395744,0.264738095588127,0.0332089993899645,0.0672090778227236,0.137830511112696,0.126557596489923,0.360615461279406,0.117293739992492,0.0258592824049133,0.179347685004914,0.406373709443196,0.141955860798411,0.360399527894728,0.585277315038835,8.57320773486849e-05,0.571010638297872,0.511157326443048,0.744869328909986,0.472248595109184,0.247070123848977,0.160747165074808,0.0650138077914667,9.0770778602458e-05,0.370468283409741,0.418509418509418,0.362792307026902,0.289137835766358,0.133882800470972,0.398674044981685,0.221780097642487,0.0847637484370544,0.371205226769536,0.297734331724302,0.0010289508293598,0.0712608720549218,0.323125755288903,0.29480644549763,0.150690911682688,0.402374502824479,0.242595768059001,0.0286541060092293,0.0668903933104815,0.0862598628344137,0.141262222691653,0.0617435140371921,0.0014956439154328,0.411869105606799,0.151696146725938,0.193147523308962,0.331319652930271,0.0007197892120935,0.604630491550271,0.168816982872082,0.0013561929437483,0.261369430617943,0.180409442930386,0.367026984490357,0.111900670591374,0.054107117520966,0.289285989667669,0.359255432809806,0.419704452186889,0.286444067358782,0.059260140214133,0.255479443616248,0.454193333398673,0.212175570895183,0.0006420376339593,0.308162875167272,0.26644370122631,0.136621271229588,0.082143775796034,0.348954915752434,0.218657647333128,0.399992181926569,0.361510731208771,0.126407268417934,0.0794717627262082,0.512142805682362,0.31460747724743,0.0448931341215611,0.268040086423395,0.521537404642769,0.0030799243319933,0.0073884675408438,0.0004837261313769,0.344964902581629,0.153146825344236,0.0893631964017879
0.380348154871402,0.244499621363619,0.230493472063383,0.339524030137214,0.213659158253399,0.0037362489528107,0.136901227633796,0.002304567771506,0.0739369502855389,0.196202218085822,0.086635391398124,0.245557309218104,0.279661059543899,0.475329627201161,0.685477127017066,0.352050843054047,0.678601590886772,0.159211054209922,0.216614181818854,0.380415753063757,0.2144194682188,0.275541378380807,0.0436711588184596,0.0010862474052784,0.395182359501565,0.0865912124992663,0.161655235638173,0.595825073010595,0.337575633523417,0.136907322949832,0.264136268680701,0.219282254749522,0.014167862266858,0.343861844109514,0.0041767085791557,0.0888535710994381,0.206239923308205,0.502046714818709,0.195406632456095,0.324877611325914,0.023069055416114,0.149294772947644,0.181504672715363,0.177217223172455,0.737643359494931,0.0847607884083096,0.005710591531085,0.0840703862342623,0.748648062895307,0.234632700380139,0.390441629820142,0.299525870560177,8.22129817536621e-05,0.352662817851583,0.508142826382652,0.289650818299639,0.468604860024121,0.168424950095516,0.105093044312823,0.0037602029898199,0.0008415329603337,0.304372808086609,0.459059946864825,0.327182030506617,0.0137113879828173,0.264725417383691,0.204581946224808,0.0623705097747978,0.0145134577840174,0.387450591543174,0.255648096858432,0.005122043069935,0.029904115951619,0.425749773099931,0.0726824644549763,0.36260390402965,0.562612400844732,0.0843558026869995,0.0002396553042857,0.0822881210256128,0.114550692149713,0.121597247329999,0.302435014553049,0.0040553960163533,0.0860063218986424,0.409112958060194,0.67970842636441,0.249744217795112,0.0058791542214061,0.472015177009837,0.0866781867507096,0.0053589862963787,0.277479664926551,0.184767054729016,0.390641990499628,0.639375686255048,0.0373764758665383,0.370546332378393,0.210317501140178,0.403686127463689,0.075896654775107,0.202156780828253,0.260767922924341,0.378530054591252,0.331777522500612,0.0045668224853892,0.256866118651628,0.0390189520624303,0.0720246544765476,0.129857441882966,0.67283701904444,0.195013979738736,0.126242340731185,0.191387159713834,0.13018820010722,0.101603015124827,0.523925387895182,0.34566446234095,0.0077916533247945,0.125680663961285,0.666919243704372,0.0123512256640656,0.0123582629326976,0.0011648396333508,0.291385636025532,0.152775753077912,0.159300206521137
0.331704517325231,0.267715208595147,0.157885363250446,0.0929052863953407,0.158372720462967,0.0032164761852347,0.110583326646875,0.0256457028931703,0.0899646439574515,0.20410777603986,0.0469835302298922,0.158642238621337,0.356970620720679,0.412743206508934,0.691373463003686,0.413240822779891,0.508160659923402,0.228165392548352,0.163521582274853,0.443679567589618,0.263742507488693,0.539401563482793,0.099633706808744,0.0012221994114829,0.534883900421023,0.0420792481058406,0.0755144737106992,0.279145616166784,0.557244271173082,0.0885179129736397,0.318701590872569,0.355149857916466,0.0197498206599713,0.173373921819877,0.0304638000414399,0.0469571802287309,0.317050851888971,0.334288213883122,0.231264519362536,0.141143911439114,0.0359435368100301,0.162848288617695,0.143051240977217,0.129495054659032,0.546533673440907,0.0704550454257411,0.0136223005525882,0.104515028462294,0.378896274883233,0.131642104793535,0.456923917064492,0.511120716530268,0.0006352291392169,0.360693435391801,0.381229222794662,0.258399163955994,0.425757614636525,0.253718688960913,0.0924933767907417,0.0058084436428112,7.65207423917495e-05,0.335332002185931,0.364075827490462,0.387618580779101,0.044658930894961,0.321465446970383,0.136335261899738,0.112044120563575,0.0412562792024042,0.353652490457886,0.349813543562554,0.0007443671315098,0.0625102066353204,0.419155881600786,0.127684549763033,0.293450371069911,0.297708328669398,0.136414337323322,0.0026489559697116,0.0516160486632403,0.0826991617658617,0.105303033380592,0.152341489192159,0.0173284414396771,0.0975101046740595,0.347560522039588,0.400050906125023,0.220989716791835,0.0044855477359476,0.497657336549751,0.13166918855035,0.0085774143270651,0.275233701590385,0.217352067708371,0.526798489097465,0.473787383452956,0.0576759120430198,0.429550941001323,0.29013636584079,0.470653885309238,0.0198326274111585,0.145672664952871,0.141430630675028,0.688516235261832,0.291014818724465,0.0007431805488982,0.163915971027422,0.336677814938684,0.236567659881516,0.0836257572146301,0.338371686985084,0.168042610765305,0.219404458256374,0.515425686766391,0.101534945402218,0.0424715363950365,0.660017814687948,0.35096793906458,0.0055703574816184,0.135662406620479,0.458320687392339,0.0228876014818318,0.0665077253540187,0.0019052540621134,0.28786249183294,0.0425805425606637,0.14499564481353
0.522362143193434,0.256792614864879,0.0800360776152137,0.215066045248521,0.588835240267015,0.0059972604917661,0.0378721014202038,0.0054389854763415,0.0931212981313971,0.41585216535851,0.0505719462471036,0.217841146610929,0.218210981449626,0.451374854759382,0.678334159259145,0.647738199130854,0.566787783560837,0.477152137857435,0.212956576570246,0.416687913245967,0.410149431726887,0.332539611225926,0.0145439943586931,0.0020173817833436,0.350621886227429,0.0047755169834318,0.0562928469997228,0.797350301635011,0.440944158882527,0.104523420244959,0.315989072794472,0.328165603274177,0.023381456241033,0.164367091698507,0.028735318814818,0.0645156347941828,0.29909799991285,0.267481051045466,0.243764999108237,0.114552858675997,0.0144132277557066,0.117606542251686,0.104727516813344,0.132993232691307,0.503193103631377,0.130925292960734,0.0013853187002632,0.0862546587306002,0.644977390062516,0.33010317692553,0.389818028079694,0.700420577102933,0.0005825506530092,0.37534704203425,0.589933460425496,0.367186841326141,0.376782735880527,0.139437420850415,0.0880954700282814,0.0098437834367643,0.0004101277545027,0.185100720889776,0.380895307724576,0.4249444941034,0.0115234479439602,0.292636536545603,0.195251758228952,0.124708950279973,0.0163780244367912,0.406147702421863,0.4594568528923,0.0002335996477465,0.0336559160309391,0.385674958756838,0.129263317535545,0.518143670429336,0.380808465229428,0.107629813375065,0.0003288886622644,0.0493939555473566,0.129934834386394,0.104178769179521,0.0707773089859838,0.0394534573984115,0.0903720592807545,0.447206719421008,0.346629890459784,0.281824650990908,0.0053419392802633,0.474958154878909,0.0758445325860201,0.0051110256462158,0.378875804297681,0.270502707328122,0.445126051622503,0.523849107635809,0.0796459837640301,0.379370629370629,0.302686902324788,0.591704237197038,0.0626110658311398,0.222019941430054,0.0821300528539924,0.447791357528594,0.227626738788215,0.001145553449633,0.128125066377791,0.0858416945373467,0.146480364422296,0.0461443704764759,0.478858484810112,0.256614693195696,0.319290118932442,0.554403047477469,0.0919697525464857,0.0060223772645417,0.666888258679748,0.218140945895807,0.005340776587582,0.237807843481173,0.285085308834386,0.0083431859383621,0.0114656577348559,0.0034462310025245,0.333443902765911,0.0640762288455677,0.189944033207752
0.501855321338258,0.226956474073051,0.38194948879444,0.203063252709809,0.206478740893453,0.0074648541884512,0.0145711305464174,0.008927952069101,0.059902534039191,0.228022619662687,0.173536993825534,0.163644798020731,0.38369670521328,0.44004911590033,0.579803790999474,0.231576165763989,0.506098399292939,0.0669471558447694,0.329212209522718,0.387044685805585,0.0812939386034099,0.260325875340701,0.0126537647888427,0.0011323250986564,0.437948373602541,0.0240424301686792,0.0190234097346215,0.402416277632112,0.225267861754449,0.0722255686544474,0.4374546038888,0.43817757760978,0.0203102582496413,0.13446757843477,0.0262979967066162,0.113729308214991,0.52246285241187,0.213254020366568,0.0299745113931138,0.117640140544832,0.0048954593324815,0.2320126522261,0.194760786806146,0.361749089016137,0.216131010853353,0.19106172888149,0.287530592454631,0.170020952698819,0.143886940889593,0.69691597700531,0.204252470625539,0.227475026441466,0.592226309194777,0.307686818889466,0.187313891383466,0.21831453998953,0.376156629288445,0.180831312112301,0.0963627043453682,0.0125136294620566,4.9777523749735e-05,0.150678707095261,0.353668524400232,0.0804186730486433,0.0844072509491471,0.820212541134559,0.147436119518625,0.019153793246043,0.0464469037225525,0.277655152741745,0.0610113159768933,0.0435167407287243,0.12958874417559,0.777332056341418,0.300877345971564,0.420950526981638,0.428059728223152,0.205753575174389,0.0894475180378859,0.0457888939666279,0.257682673874637,0.0788112251737684,0.140908747766715,0.131250985686532,0.313827857809099,0.578072828650364,0.31303665040899,0.181264831550239,0.0036370370954141,0.241907916411469,0.123127613283313,0.0022316458514665,0.153016875075877,0.382326504490641,0.126917243747496,0.957472348186426,0.0909684701094285,0.288457089983808,0.145887005002089,0.276628706203722,0.0611992214814122,0.340716074004275,0.15188438651176,0.112577549960306,0.136998745462218,0.003076063869552,0.103167017141401,0.0,0.0849453265403147,0.0142086148429406,0.0950034727418544,0.353254866557459,0.165674748600076,0.30367245811267,0.110084365565306,0.0026274096889422,0.350268202746868,0.153407974857592,0.0052420970804963,0.0844382080699041,0.291699819539004,0.273307322456057,0.104745780280911,0.0006184239507971,0.429069709001357,0.0679857402229084,0.201760628491698
0.47234491260939,0.251201383799235,0.0485890166814446,0.245871504789802,0.283387635645297,0.0036949728800914,0.440728556527321,0.0375898897044655,0.198260998078723,0.568464113579583,0.0476816550719992,0.194555944205093,0.301210806789867,0.441461467310595,0.524127357760089,0.345347936055355,0.495924580182657,0.444354334576721,0.186438013946238,0.391837914095831,0.232195605941101,0.550573576541768,0.0059481835514116,0.002414288647095,0.691160069617298,0.0118251491412437,0.0732210413514681,0.372825669885528,0.753963167932725,0.0624731090267619,0.21092720552788,0.71189480456812,0.0360249282639885,0.111942363728963,0.0368106522426635,0.0360819779362452,0.413307769401717,0.125151344929803,0.110937524692793,0.186203525381867,0.153610590945373,0.0957481344160199,0.136708540595228,0.173165761879973,0.485677835891969,0.0541978725802762,0.0034171194606492,0.119575012515993,0.585192715820465,0.381985568614689,0.589564359575105,0.347384446488784,0.0023394861157537,0.361173456149455,0.310582785839202,0.211106993633595,0.477303636037053,0.328269548605894,0.127109725697733,0.0228363547430528,4.19692847301687e-05,0.28511485598343,0.458260921675556,0.437299962515498,0.141329340676969,0.279533858648069,0.231964019690904,0.171000940979885,0.0488187421852721,0.41184580486546,0.261078578776608,0.0007293036621611,0.0983654537472402,0.53641181986391,0.0732906161137441,0.50830341313044,0.418575149059377,0.234721227962109,0.0007266144863982,0.0535027314974811,0.133512621352588,0.0963332940636413,0.278672023754603,0.0162256279075947,0.196820914084361,0.333146496494976,0.210610885506442,0.152409544722946,0.0012110322145076,0.34161980971249,0.103832964750334,0.0225593587433961,0.218089110112905,0.293732517419661,0.500897813769816,0.374792960341437,0.0248524612794742,0.254850323552614,0.244198561048171,0.438026013771997,0.0525544584441208,0.235195638053591,0.13990291620979,0.620701551489253,0.278492438851345,0.0017765972884903,0.286284755411117,0.263099219620959,0.340442175609197,0.0711303884065632,0.579226480328164,0.253000861200069,0.401790338815757,0.615738486791167,0.1778871927993,0.0088662776394642,0.443068318018378,0.521835919596674,0.0194036132810533,0.147063278827065,0.10049114100566,0.0268345550563569,0.0255688198607536,0.0039079310753799,0.595144996733176,0.159574327100203,0.146903334784024
0.292731848429105,0.295533308835323,0.675311640119428,0.0036145015595944,0.0624337103007564,0.0049668874172185,0.377244644146674,0.0119827247338956,0.103186212280256,0.0905706581359303,0.168644687052636,0.18856481678966,0.548841277001582,0.31658482927243,0.550527302010097,0.282525809023221,0.590533241677305,0.0409171696964464,0.336954572099018,0.50289803341662,0.238991789472269,0.191316979662743,0.333682650369558,0.0305983256917357,0.596011283868005,0.395187767483275,0.119545742438719,0.0795975357592036,0.148089625844809,0.233198519920833,0.0760533504740479,0.0683663074365986,0.213011119081779,0.268528186750448,0.0357746540311236,0.0510720397814296,0.186565863436315,0.810901389526741,0.559196104239146,0.302605077843607,0.019317792096246,0.278676812937563,0.290517403513778,0.152462259239979,0.420577461269876,0.116521048190358,0.554543075715363,0.272006823533775,0.212193137760951,0.195873447851891,0.513196046999137,0.361158872570302,2.72244143884895e-05,0.0686429683445771,0.516461586131199,0.219310577407597,0.280798542505966,0.473794779883663,0.108138363193002,0.0107710963692132,0.0010437663509405,0.009264607840191,0.677193823535287,0.377944695943024,0.186843840792827,0.378960239108776,0.306706308837286,0.0121204960609654,0.0586378792199531,0.0573817253229377,0.226129124792277,0.0006125038382878,0.229090978500849,0.155294919945644,0.144899336492891,0.121858378696222,0.309043557426105,0.476451296052741,0.119152028146751,0.292777838005219,0.347486151879961,0.344238120579621,0.0191076925657823,0.0009375936943791,0.142437040107783,0.100055841514866,0.0796128573183758,0.193020123569528,0.0017732033509602,0.466140276785853,0.190197781339255,0.0089822480416169,0.120335073449071,0.128402137099384,0.4511639386482,0.119810050806136,0.0792343964301829,0.261945645533432,0.458508034155878,0.173229653423713,0.0251637873058714,0.172426586811496,0.669151256052337,0.0043947427742548,0.395067861179818,0.0127901812217185,0.316043246458081,0.198439241917503,0.471918106136982,0.224357355748696,0.0965038507143104,0.0007808773038602,0.0221935559529743,0.0478831800303509,0.584845235743912,0.195609175268891,0.12552805485876,0.412623584102665,0.0111306456257791,0.0315477281968285,0.0453654335165286,0.0076988255694805,0.0,0.0051524033818471,0.138156506005931,0.103966497475383,0.287942888842815
0.538060175994642,0.450721439346106,0.399596480269895,0.0233971190735945,0.093669416584357,0.0029290724196339,0.579330819224906,0.0962600230713697,0.578427508744273,0.0286213754396892,0.51816618630969,0.261637802329054,0.275782105039625,0.706290147334237,0.565204261777186,0.27913160880871,0.613748404203084,0.010085525552886,0.324095630289705,0.445022351401424,0.0564167543885909,0.484125557851859,0.740026508919011,0.0032181390998882,0.62409746421694,0.283383973295069,0.199316461145601,0.266773784400247,0.169794031957854,0.864871066746981,0.0496287964004499,0.0761764337926474,0.240360473457676,0.357445343913006,0.0184516734097427,0.429612038980748,0.11074556625561,0.550553950909208,0.601264722548951,0.0951397362579203,0.0131961916786296,0.461814795672101,0.151144993611902,0.582547780174017,0.421872947083863,0.0261719250204391,0.366386011359613,0.334727707626412,0.0693092216506773,0.189728496277994,0.645945707893671,0.414355468936776,9.17987390799819e-05,0.259136611312922,0.345265291760542,0.11201695616455,0.272207538939211,0.633591083732211,0.476336099724213,0.0009884544444784,0.0,0.0009674748156038,0.722578454285771,0.419739915227358,0.0417758408641249,0.235464782779338,0.592978422522968,0.0032238055251975,0.159842718318819,0.15593716466769,0.0385994500276964,0.0010843380474267,0.267991779549402,0.622603759771746,0.345498388625592,0.263301497643506,0.494115979016022,0.26094194815789,0.368051908319099,0.147115741103991,0.411496758805217,0.311255641632915,0.0029525495097258,0.00451697171679,0.0539952326665976,0.232121548014797,0.152481853687312,0.142474505767698,0.0002548158889528,0.609570095276421,0.658695126646312,0.0056170677894055,0.0537331552749788,0.166013504282109,0.0322533337148744,0.0740317988101811,0.0736191692326964,0.060453329537299,0.79884066746124,0.263836810056466,0.442896017886331,0.732139571713623,0.514953737356315,0.0030245709637267,0.84247904024985,0.0007299879947757,0.315278574311264,0.0468227424749164,0.568189251430479,0.604884403089506,0.200402147344024,0.0001069816139728,0.0903964740488825,0.0823141007773545,0.266061905702435,0.644059790791273,0.280411047726335,0.825792793382658,0.0148160231353097,0.0071036203748734,0.0708904109589041,0.0321963427130133,0.0126058888908085,0.0151437623896579,0.123852842137006,0.384245331778364,0.537206491873951
0.547520009319076,0.553897315437604,0.0581388988185726,0.0020260850443326,0.141541765825008,0.0012673283068249,0.483816095643104,0.0441156445981394,0.613834709553711,0.0093139787533706,0.352197191745285,0.431756814400887,0.347257527647132,0.408321698376132,0.362297519125345,0.142142265509285,0.307335755671217,0.0095714747570847,0.222832850398768,0.33960532354291,0.029426301670148,0.663386947015305,0.425004570503278,0.0001145099112662,0.478572613851681,0.754435523652172,0.238513868219779,0.147755856835284,0.101702340119866,0.206264521125549,0.0436059778242005,0.247954533268994,0.163670193687231,0.676905259681819,0.0026390691283438,0.125624527585471,0.0547954159222624,0.460265076611847,0.301413500156905,0.0610215962717396,0.0789829098998753,0.328670619241464,0.374582503745306,0.353769614040306,0.27061697937366,0.0009806400208386,0.370803638770453,0.602521740742801,0.0090607269730952,0.104056087937236,0.944330332763753,0.100177296486775,4.26609380108288e-05,0.0864296834457706,0.131272549668352,0.0894022010858376,0.349187857637731,0.547296572152225,0.47414193709109,0.0006216053723008,0.0,0.0040218236942011,0.324883641956813,0.451962169487616,0.0241208135037342,0.717459167345953,0.514432752663721,0.0016161224033385,0.213808212867704,0.206483204520449,0.0459736290258764,0.000354570893901,0.521273279081753,0.638810191197782,0.319956018957346,0.346923638890621,0.383069541143373,0.400169810378411,0.297322999260638,0.149808007561106,0.983501857237074,0.65505807174979,0.0254237998976673,0.0016545091439937,0.137034925899057,0.118052943623119,0.185808156746042,0.0977011669776775,0.0002009630464421,0.159325436748087,0.855330426452023,0.0,0.0884302537331553,0.141284416863814,0.0115141933268471,0.0379153975471616,0.0938828152062346,0.0781034063476812,0.188429502676419,0.176144662876944,0.309162736216703,0.318031147176048,0.249097539640494,0.0040732718487518,0.582138877677392,0.0007299879947757,0.351961596465515,0.222965440356745,0.36235202087808,0.241093362469529,0.0445547023994536,0.0003674920382174,0.0165938608578381,0.0789395769457091,0.318543494822381,0.0249948337449937,0.243838541291434,0.27008446277745,0.0334523529020837,0.0022801744413174,0.0575147649905668,0.0202155749980295,0.0054074598759566,0.0533572796123414,0.10190648506475,0.459851306041852,0.29159950215767
0.0008372607739687,0.200746309564172,0.312002676562144,0.720184632070215,0.505330934751049,0.0096341411213638,0.0166412581240472,0.123159493046474,0.371808766631172,0.302060257762239,0.0844812552121675,0.140298809879282,0.26939257356757,0.64327423178989,0.581178183169697,0.256787845276877,0.699852695669253,0.305298633004016,0.185234221723364,0.602264035490286,0.210720179178776,0.521430496899991,0.0924808691791376,0.0058678345765186,0.648532981387792,0.218141469695324,0.0273229713344184,1.0,0.448429558240922,0.290623296905028,0.785691788526434,0.422728003860383,0.054407281205165,0.2249451753111,0.0105835396242053,0.134263902733769,0.143317791624907,0.265430540742624,0.0399870863745448,0.208079122623896,0.0074266515725866,0.193350106147137,0.261101347013159,0.16031233732431,0.31918850714151,0.111313587008271,0.115704896331984,0.323598672377668,0.360111023744884,0.16270540579906,0.442915778533303,0.400500714349922,5.71475217179473e-05,0.605987285936689,0.50288583237489,0.829120761694126,0.417967206384234,0.273412178840499,0.45607602597863,0.0984072636116291,0.0,0.343133015683276,0.619803839316034,0.395850754015167,0.428065344099246,0.251351024967545,0.29101153675352,0.131878119896872,0.162793120845855,0.422002553619212,0.123837738387275,0.001374020150287,0.118006731607378,0.453353858805478,0.514696492890995,0.0553419812371373,0.433477355660525,0.328183528393294,0.0469469443948704,0.0808895799405485,0.157299608049508,0.175749814146026,0.0414279603083401,6.18130162036756e-05,0.210138356306353,0.267855926796279,0.259342694670905,0.258411798660465,0.0026703128981498,0.546659797507203,0.358701394049548,0.0125903285225594,0.184460361782202,0.182174779063329,0.248730183712013,0.106804548358881,0.0469618591476563,0.208430458430458,0.689338951192521,0.335123334619057,0.566612776077923,0.0670464259830186,0.276852045782153,0.351191304603503,0.284961760170553,0.029801979762622,0.475859725142845,0.235228539576366,0.281054963433014,0.0888646087262275,0.326510642706666,0.0757688721664346,0.15158267124024,0.326507479327325,0.21113964052933,0.145068440578227,0.576809467982683,0.408782382854274,0.0445386934430488,0.133900453643097,0.483477565417111,0.0060810278237566,0.011413829045949,0.0008708764676979,0.488009917743043,0.298063797924646,0.273947766402616
1.0,0.437295582034161,0.0815689946227052,0.000234846527794,0.0465337116265504,0.0001284144484599,0.0311481986680574,0.0017573292705798,0.304056281666016,0.177956445117593,0.318524212979689,0.243373288401655,0.351326220450773,0.427146767411708,0.440881779044197,0.294186224676735,0.437395659432387,0.0178690039810428,0.390152572805391,0.563136335050057,0.143514086318373,0.663237188127115,0.106208702238241,7.98375875362121e-05,0.529504381953529,0.078166621084457,0.16459519602575,0.168635821022788,0.0414269891401451,0.0598628918911167,0.026347420858107,0.069494933247547,0.25112087517934,0.494477996869818,0.0021483331334038,0.148252272075443,0.221120746002004,0.213782541532085,0.567822496348289,0.0,0.0093113882405785,0.370548547898628,0.289799147821237,0.424744552688332,0.21739586247836,0.778358938325842,0.0289531608355011,0.102397507926795,0.0425259472459222,0.711826309000655,0.241436045589867,0.226442231372872,0.0070451430230615,0.153353658536585,0.510857977133914,0.159177759347164,0.186451463909061,0.334523707312885,0.287272419503455,0.0008661714204192,0.0004263298504683,0.0199905840242278,0.347256347256347,0.0065886220120527,0.0143396966294138,0.258195211786372,0.150522035734645,0.0098967453910974,0.0822602935047272,0.0811181592208745,0.120205052623249,0.173017386719814,0.195483842233519,0.864657243001198,0.401775924170616,0.399817806010174,0.303961733342288,0.264404748031365,0.197231216378145,0.18373595544314,0.498528904213041,0.673634328752321,0.0266736006844547,0.0477641307732346,0.0300419732614779,0.311211153216335,0.104121034915118,0.0761665959129821,0.000350700218301,0.272467568649215,0.684257178415063,0.0015434285367285,0.246315406094452,0.324199846117339,0.0291843129399645,0.0703159409681081,0.126205203128575,0.109349513929667,0.261593937728372,0.220002592524676,0.120340802301707,0.754936312045059,0.146586666995207,0.0085464221658123,0.542662908802808,0.0009476651377962,0.402323753690605,0.103678929765886,0.420184841138449,0.0937896011157338,0.0077474760265693,0.0007085945089465,0.0173658956091745,0.0618538821270402,0.183629130103552,0.27765914525541,0.0804509997838659,0.24537855474803,0.0030651063221342,0.0041298264356727,0.049874907718809,0.214560179711516,0.269244280128305,0.0,0.104050861938986,0.132949891991465,0.192077732140155
0.759782603419907,0.53846965934907,0.0890618420701122,0.013507945285029,0.0284710115145208,0.0016174105532216,0.705480221455508,0.0084500818288556,0.39920117322945,0.0333986821710913,0.410961918240617,0.371815680586956,0.56728610148109,0.361789499052822,0.168454021742497,0.0438636812804917,0.172994206029657,0.0053699129371819,0.449809630707612,0.322778032736729,0.0184267971488287,0.255758229250906,0.308045391626838,0.0002472684139692,0.481987874858662,1.0,0.327696796163263,0.0793630491782311,0.0500104256137243,0.253105011043226,0.182542182227222,0.13161582042071,0.367669476327116,0.488064147792943,0.0004743781284419,0.0940991587009699,0.0743169637021221,0.378253204337479,0.100067051516787,0.0727900207288925,0.0082825223300322,0.469754473343613,0.527622849286284,0.524952777571206,0.315978044136378,0.0022469352263188,0.36389243769914,0.422369323765552,0.021443580903162,0.0933434283922219,0.666454101854951,0.0702817044178765,0.0001135394094124,0.0515114167099118,0.115596099005845,0.0822985720195835,0.401503682225244,0.522389941831763,0.434658188107128,0.0020074796449716,6.38323539849543e-05,0.0733647533092257,0.467549589500809,0.676609671001413,0.148842307897973,1.0,0.292275760849367,0.009805601151118,0.148224822866168,0.253697993778949,0.0796347036480177,0.0016889625325168,0.543603806518249,0.640174098793042,0.6054263507109,0.471443653501777,0.197012096383025,0.432050876521218,0.114450704943528,0.291480518951579,0.676123141481484,0.860060082628848,0.0023402310034474,0.006524450514059,0.0453026220333713,0.0499283908528875,0.348838223776442,0.159788288687249,0.0001090191689849,0.182285528553076,0.140900178173321,0.0,0.0331309942940391,0.134312957063861,0.0075473587821209,0.092058982264378,0.171460636528759,0.166303374318642,0.617383521762836,0.0435923539491739,0.370468848122069,0.23960922197115,0.429848337378491,0.0098656290735168,0.483256922668267,0.004511853509879,0.542195033879224,0.0,0.371243412379164,0.436254740334673,0.0419069765657077,0.0010381178837367,0.0140920773598366,0.064477066493233,0.635901921503344,0.159868531110696,0.318774847232501,0.156790850957027,0.0460652050016413,0.0074225258911416,0.0251732835698466,0.0237605422873808,0.066254340652696,0.026807407532912,0.340307584057898,0.50581125674225,0.459293170980449
0.383465434477671,0.348678427065294,0.117591908233609,0.0225303218891909,0.04610780030891,0.0002675301009582,0.0288213110807992,0.0018138515570605,0.346426690212098,0.0525645290283312,0.217581336976984,0.121864735742013,0.529858022977182,0.138309459792415,0.0634272307739957,0.012021264547762,0.0551114602769322,0.0155485926100792,0.443119430611826,0.115751364030391,0.0227339792680967,0.0591847126126936,0.180512026952911,0.0007828645726407,0.279403081838915,0.140888990460205,0.105771211152183,0.0601458080194411,0.0626933281811034,0.134813412500359,0.0353655793025872,0.0624774364198524,0.134123923959828,0.513591639205873,0.0368651784643235,0.0795524243043005,0.127260447078304,0.170851820503964,0.0812632776677812,0.0522853236500493,0.0026495573448582,0.227311850462819,0.432232656475975,0.37134379415483,0.251105043272494,0.0252033241069992,0.171717949112626,0.222424950399585,0.0979205558306836,0.0283221513497767,0.473000158542815,0.0272237129747749,0.0002021213065067,0.0422223663725999,0.122932782950744,0.0300144503853763,0.271802109260732,0.294393526368885,0.212476066220914,0.0021195724170258,0.0013145170389439,0.0024744761389602,0.285871237090749,0.205861999365647,0.0098123095021656,0.440322434562087,0.111535808659337,0.0096916708511437,0.139241998815452,0.106766411757515,0.0049111735380232,0.0038462830889382,0.294105919954529,0.304377040220231,0.319761895734597,0.606939853710254,0.127314244778258,0.100321307872875,0.16865614562884,0.203490423138039,0.401935490484864,0.456169945685954,0.0264051870926614,0.0099911786471268,0.087185200538916,0.0515177262759996,0.116847165965574,0.160166999056278,0.0005148857137603,0.110590519233278,0.145788752697222,0.0,0.0102464489498604,0.0493035730978593,0.0306079379614262,0.0082846880602477,0.0793775572419558,0.0291642200039147,0.267283808191356,0.0123113305974821,0.277879472139456,0.184558351909622,0.166157428511587,0.0080602954004175,0.258054167054757,0.0016072928439188,0.246054504131354,0.127090301003344,0.366991594145236,0.21457816626038,0.0400804294688048,0.0011465997792431,0.0121668767773901,0.034621078385828,0.279224626844615,0.131832987276252,0.0870725621058009,0.0558065431371265,0.0177200200581202,0.0074225258911416,0.0089215404806824,0.0437278316386853,0.0092485415982815,0.0146947696582572,0.0876078470791242,0.371496348913951,0.275415890733695
0.51606812633173,0.511112419476325,0.53312182046934,0.113879216295787,0.0636418400694716,0.0258051891667125,0.307726871539758,0.0163888938845455,0.459628553130696,0.0563439094647293,0.707572617207555,0.321262210467944,0.572444847097318,0.530679261591985,0.415155480533961,0.160024826403924,0.369969557104979,0.0366662909894789,0.328546517970898,0.362636615504904,0.0266629846878148,0.439003204840207,0.412076575517773,0.0006336823376445,0.593834778548302,0.57331055471676,0.143461085206974,0.091950715184072,0.0591639231680092,0.271003642830508,0.0648240398521613,0.0756125676907405,0.296740494978479,0.597348415258356,0.0265215542154222,0.286918221165347,0.194823303847662,0.448352000789461,0.242776158557647,0.218399464871143,0.0139094173098343,0.268156072598661,0.283214867082163,0.629846062318733,0.512182536197698,0.0208440727643651,0.420551972539905,0.283862713467208,0.245502355223634,0.13352377478221,0.404756284461042,0.272443688761468,7.57361186953378e-05,0.0996529579657499,0.169415953742654,0.0980292968328755,0.502209335146648,0.521018910043143,0.35176387360729,0.0026698460252922,0.0002666513625181,0.0205626657673631,0.599708355805917,0.303465874686428,0.0407063793380033,0.334018657730278,0.341593728642203,0.0093456603104811,0.108652137670827,0.257518235286128,0.106035352536203,0.0006115768555587,0.510560818821354,0.668109132665085,0.429857061611374,0.380469160660353,0.499481370376174,0.294271396940084,0.179486525762945,0.128193210696953,0.306244212152174,0.339605989575928,0.0154589453023427,0.0034141581847076,0.03276246243134,0.13409402118625,0.165468918649051,0.140382436390402,0.0003704024777561,0.394177724023411,0.358504418519281,0.0027174463089286,0.0483185625834649,0.112625568970352,0.0961912665254965,0.0596181165129248,0.0738850393117033,0.0998238402818555,0.505677378711214,0.121567276015353,0.521714344249518,0.514875770115503,0.440520778148755,0.0194176279758113,0.715254420492087,0.00198987691347,0.264172985832324,0.0914158305462653,0.405716520724664,0.227882961225419,0.0913350294127804,0.0011645646888891,0.0875135594711073,0.0576605035770696,0.354659857227505,0.169817262180061,0.168800717827132,0.463868700757328,0.0083031756676474,0.026979406676287,0.0513001394471331,0.028162686214235,0.0188541252756998,0.0315574117686925,0.133204335661993,0.415362391825808,0.358922777780891
0.678314703269928,0.219651735738199,0.0767654306224661,0.00010461345329,0.0128747025249746,0.0002644726140901,0.683350718125652,0.010251087411716,0.228450056274087,0.108193611856214,0.43758302116921,0.618874504116367,0.506929217561976,0.605208062655086,0.26591972001115,0.118059765459322,0.508003535303938,0.0038634523509271,0.396987006070737,0.316896979586287,0.168000263929458,0.30308203791895,0.0297343884666614,0.0002477246287552,0.447731070385249,0.117624579925595,0.102876933583376,0.0489703907399118,0.144944725117695,0.131973725726415,0.18700305318978,0.0341885153611066,0.0126210545193687,0.173566941933503,0.0008178933248999,0.140785720595694,0.111704213691228,0.102128887050188,0.272434602194865,0.0,0.037291078002604,0.150416045517259,0.382930807494504,0.722968691901539,0.0372266664488236,0.0559304095813783,0.0182246371234627,0.206037344013647,0.022806773244157,0.1230499324882,0.159532827170715,0.204820475353493,0.0003351560737247,0.0650979501816295,0.391506882408239,0.117073610694462,0.242133894434323,0.337045761875121,0.257828481636264,0.0011514984765573,1.21027704803277e-05,0.0091574816382907,0.250634226243982,0.0138980998241112,0.0095003832237135,0.164586541074178,0.242218911709033,0.0061851493963803,0.0541053370478426,0.036932397006289,0.0634594840547598,0.0582434836010962,0.159840681050334,0.632020739418434,0.155354691943128,0.281382803381948,0.183020289984852,0.238683470125027,0.0046452336639216,1.0,0.54349898680627,0.684309252887338,0.019787114470009,0.0163873815948567,0.0890247694061561,0.212216614788887,0.035276103696417,0.0361332449675806,0.0003112956993908,0.176297862084672,0.172004405089131,0.0035524158451915,0.0688114604831856,0.158833511904334,0.013524437703886,0.201720212653768,0.0983987718847504,0.0490489154611292,0.214458394383708,0.140755120236236,0.108912434473943,0.616692129650806,0.131836214224993,0.007774107869177,0.454415202560131,0.0002594535644082,0.383143227341277,0.0,0.250543699992245,0.30518433913776,0.000172677771766,0.0004491996786627,0.0065964994576211,0.0777249217999938,0.172385090714145,0.240403066295352,0.0541939836131069,0.36792596957594,0.0116623066435475,0.002208420700157,0.0299165367894348,0.121545676676913,0.242091805884284,9.31871706680673e-05,0.210576133755508,0.176511125541699,0.25739120906078
0.559245300418873,0.766193557293877,0.179404719348975,0.0034501089901385,0.0566250754045329,0.0028434627873273,0.234742838802856,0.0610029622816506,0.407521022255738,0.0510570233486443,0.270402494777646,0.123943181333447,0.297967664070226,0.280038721855633,0.223549725895871,0.282304858469512,0.391397427084356,0.0372977841019239,0.131117196846841,0.326772389645267,0.0639772336404975,0.87462185880732,0.116456423515892,0.0024927575902735,0.539761742130428,0.115820023952515,0.469583759835356,0.265897124341839,0.118718089491938,0.231276711700083,0.105460388879961,0.0808008507139921,0.272664096126255,0.424567507040583,0.0211452687597466,0.222623550198479,0.232668090112859,0.535046551612891,0.617646062811694,0.0,0.0059971653074913,0.565919080428348,0.207810990122768,0.59915520190377,0.117173730570266,0.0104751179011677,0.0820108670555821,0.35777196788489,0.018230341813674,0.511819485650626,0.616604717529551,0.299986803174124,0.0005533400006161,0.211507524649715,0.446434854763068,0.165708862968388,0.134125375279054,0.48997080855996,0.39591700507979,0.0026087045132626,3.55274875390266e-05,0.0032235248026373,0.560616048420926,0.243505089241948,0.0059533358287435,0.351169881955137,0.692026317530007,0.0084510964736462,0.129184306929607,0.122977818828867,0.0819171876236448,0.0157322873878206,0.139955504372151,0.552848912133262,0.373894976303318,0.413992409326194,0.281239039751655,0.274659963041271,1.0,0.201455201464785,0.45735530807582,0.579246915636514,0.0228151553024266,0.0525422191566047,0.0462871800186548,0.170832080478833,0.13735489052982,0.143436552269666,0.0003625215739741,0.541824115614145,0.40251949610078,0.0023885189158553,0.166759742624742,0.38885573141004,0.0510036914096034,0.11390438024578,0.142005299506479,0.0562821402516059,0.602796094931435,0.380644273998242,0.20726498581475,0.878593914702561,0.276587159806325,0.0049004714253511,0.833720273721516,0.0001253292641633,0.914292996877589,0.0,0.465248719565445,0.453979521282244,0.0268034274619054,0.0004580474928352,0.0840540619777771,0.0771284338319552,0.224048418498349,1.0,0.210606288846826,0.373469521377594,0.0091771941589787,0.0064737819802438,0.0701080715281765,0.25435288090171,0.0379213240502393,0.0014232222429304,0.225982141361344,0.305684031965225,0.422944330194735
0.497394784229405,0.425398481800076,0.286201329885012,0.0496913903127942,0.207912669950216,0.0066148728391211,0.481184305544411,0.0543667320098554,0.306779037997325,0.0058530854323993,0.888943821323503,0.672246512818325,0.330909248548376,0.475119592101065,0.238637067550407,0.12189586678125,0.288932534616518,0.0100298404191432,0.134245947140392,0.189536484625975,0.0794012222622053,0.543475005241561,0.36886899631748,0.0004840438878624,0.642512860290741,0.896414740662204,0.233757435072326,0.120840527807977,0.265692461611742,0.118893956343401,0.158045958540897,0.140684145622219,0.277595946915351,0.592357798826531,0.0021919541107318,0.116720056926309,0.0851888971197002,0.579769690022811,0.45633862596316,0.156025345114009,0.0142038125703741,0.607347432179028,0.284912414960472,0.351824198706031,0.0561211534520987,0.0448752255964557,0.32984438253267,0.601605755502401,0.0015432761218329,0.170019512156717,1.0,0.351951695792125,0.0002753746276964,0.183231707317073,0.306565203006097,0.109783714788215,0.419281003823356,0.396139646697718,0.464073381485675,0.0013858742726707,5.89522045977254e-05,0.009831124585825,0.374383252432033,0.421700643003374,0.0208233071315259,0.671020137064879,0.270872768159442,0.0010979505204926,0.227230350757892,0.342738484943155,0.112966882962728,0.0010155095797871,0.290994619379988,0.550316657222944,0.616536872037915,0.312226597649742,0.579156312729932,0.466678875255964,0.362575529663718,0.147031289586649,0.612912154565864,0.569421029326335,0.0146956441506807,0.0021813640110755,0.0614830552388849,0.168898057281032,0.185515606609312,0.143870236724522,0.0001497371718588,0.290320012912841,0.509038490809301,0.0019786247798716,0.0980818259074906,0.190426197444397,0.0229425399187318,0.106767327746106,0.13142801631522,0.109035154836682,0.549734072649089,0.213739432300328,0.51017017846247,0.30342728717062,0.50590141313588,0.0043202556085895,0.602555301428287,0.0013522367975514,0.845238853841416,0.185061315496098,0.281375282808291,0.63894401744396,0.0887141645657538,0.0002360442946197,0.0218319700567788,0.105005419802409,0.193843288846251,0.185650603713799,0.371757170084423,0.41838538597525,0.0548517088672599,0.001132114582752,0.0793987367730293,0.0074899503428706,0.0,0.0287321461852561,0.243046690455848,0.514160382734538,0.503013141518344
0.0003798009018147,0.0962406381393422,0.007204073870062,0.0928326974685679,0.0008124631263547,0.338179450019262,0.240985316536949,0.006628522687275,0.247831458162016,0.171926422398845,0.358499330397768,0.518124813377128,0.462850874492513,0.163932395625346,0.404764301421625,0.328404692590051,0.665658450358441,0.429685004304491,0.665508486642714,0.445719239202488,0.474207921427223,0.345898104052476,0.0008031027187965,0.0005921667921257,0.538754529562268,0.247687483374982,0.02962646939948,0.0566444970262838,0.255827344184899,0.05065542265439,0.0175606620600996,0.0142351616535306,0.0135850071736011,0.0798428862785955,0.0116358957022432,0.0124756502672499,0.0366246895289555,0.0004355318042592,0.202412048502855,0.495376427867864,0.0133540118183005,0.128349401347236,0.276586810036772,0.188174313973377,0.308849127980792,0.856485084093165,0.184247387135007,0.369687192894625,0.0738961230684182,0.139154350738562,0.105814998150334,0.742373095305946,0.0003019945348661,0.252821743642968,0.383849842185145,0.500563702278926,0.151107233583947,0.190369507823735,0.0601222918300179,0.461679557335453,0.54592630505931,0.114295031681531,0.123209684185294,0.0216833424641735,0.0895852271714525,0.0186064064245388,0.0003313312777356,0.518696806153924,0.59332978700068,0.232066937422746,0.809878729128749,0.0006771608836462,0.0474902811623157,0.0860264658245874,0.416471658767773,0.0353073242874834,0.206541449327274,0.128889406829041,0.0105932743543329,0.130988496026287,0.105693362812202,0.469152302761201,0.0930808008790545,0.0029670247777764,0.628575500051819,0.0934397220705992,0.248998586074373,0.247612444911385,0.0004045530608116,0.100771011557434,0.0053004324508232,0.0007641236362164,0.455044312249605,0.370530032286596,0.0301858581811938,0.0591838760305457,0.862036436983039,0.0375140127048524,0.253274920922313,0.33927295490904,0.340486084202931,0.0032883334807238,0.0374320844678256,0.0923974086307103,0.124732792651697,0.0011411559315922,0.305167909258905,0.0,0.508063618799713,0.016259318430138,0.0545930368647856,0.0067604224654311,0.053162899332532,0.0534138561119886,0.0668717022657374,0.131754263390441,0.023303183720519,0.165237128702067,0.303219972732234,0.0389622814500634,0.0341419899926175,0.0040947426499566,0.0031097213344159,0.367963097880415,0.0286475348042418,0.109863895993745,0.0337824249703169
0.0002354037538404,0.023398307200994,0.0031421618327835,0.0693651244366352,0.0002195846287445,0.192187509554646,0.281200353045013,0.0031935091861561,0.225981196496985,0.13868344503974,0.301386198859639,0.547079085441283,0.432030966295693,0.125885075794397,0.433320686344349,0.368324573032485,0.729863497986841,0.10823797871258,0.582609547865996,0.593017524178607,0.507229040060459,0.244361577859646,0.0004668442633654,0.0008731951002531,0.375906394835045,0.325519418645746,0.0195870892611307,0.0062112297755323,0.249853180577369,0.136563118492384,0.0080411377149284,0.0011920719175021,0.008092718794835,0.109591239212385,0.0042421400451477,0.0076435872298992,0.0,0.0002656838893085,0.28206789586922,0.616048720248159,0.0262679482471342,0.13423341264112,0.152883075107171,0.155618353536105,0.503682569895306,0.892489676465406,0.295857897086213,0.393884778698708,0.0267110314926747,0.129320853601089,0.151341448376698,0.634744373657605,0.0002847660791309,0.378973144784639,0.475324688965564,0.659998313794922,0.114500526032178,0.141599948485694,0.0448653560244456,0.497956854473011,0.770442652974139,0.135286202256495,0.0696749965042648,0.011879703584095,0.0706824946972533,0.0027986595417081,0.0004491239563222,0.666241608189479,0.744727115186347,0.142469539941049,0.694975567777162,0.0008945383336326,0.0427777318258266,0.077963365040842,0.339985592417062,0.0248278289069252,0.199900005223608,0.205703630945444,0.0012186727175381,0.120063703995635,0.120178786832924,0.548883657443705,0.0051082461688153,0.0003131089231999,0.573880713027257,0.138768783650275,0.248681623409134,0.303157650407572,0.0001615585275319,0.0863944209453349,0.000420811360116,0.0002378398072991,0.563275464368095,0.660800189836554,0.0159996852286385,0.0690473384160148,0.825853820028965,0.122567424094142,0.252160950588019,0.466121709548711,0.37930066940128,0.0030128656682737,0.0011950669607106,0.0406111867961698,0.0898219154296648,0.0005584847911838,0.519446037511417,0.119286510590858,0.463620148425883,0.183650063597769,0.0562852790280928,0.0018318052837684,0.0361781348031311,0.0775892718882592,0.157712818487063,0.549955225789945,0.0158596569362666,0.0919269298762522,0.296348656851077,0.136810466479044,0.0460298580920351,0.0024887680302672,0.0038641166951724,0.671435590721946,0.0188671659044077,0.212544893117935,0.0313890959081171
0.125927660669129,0.436723059463169,0.221357032272673,0.131691257944751,0.0040316566458738,0.279990888689133,0.463435769878841,0.0106750045603208,0.73600632088735,0.13072126715407,0.344561281507298,0.363586145117946,0.351556168191065,0.278844483818546,0.574763062532908,0.260142074536948,0.580064813905529,0.228602283890217,0.28049468278873,0.609317899818129,0.337130170375018,0.224758139395573,0.258253023061454,0.431120691621615,0.39711188549421,0.277784230054037,0.0587821734801171,0.805570655070239,0.2105897454046,0.103347388348679,0.0619251165032942,0.0926304219612889,0.51058106169297,0.451643810449597,0.538135639429001,0.22474670666039,0.358033029761645,0.332820310394692,0.268020941746455,0.345529321827083,0.145291648583109,0.373794898957323,0.424211864351819,0.210076597010486,0.531851047042541,0.170605096482501,0.274108393492081,0.39182659323951,0.122778399578688,0.237957771336419,0.127521271161062,0.365364643599635,0.0647026961173084,0.073326414115205,0.492765725029278,0.264677336815543,0.31665084293449,0.327859043980339,0.315453196786366,0.267901725209664,0.0387655642604407,0.0676038678958633,0.516270150416492,0.375810962775006,0.540091438960483,0.193998128188872,0.825863996699285,0.09206074594809,0.162735538640402,0.48140136645794,0.0801020811901559,0.0557311286594092,0.174275249360031,0.36296990878868,0.639491943127962,0.0987478060992668,0.55714253733014,0.353621789002281,0.200650128750988,0.127593065871585,0.512682861819512,0.405286580733747,0.0427532524178193,0.0369150798918792,0.173385843092548,0.177442961507071,0.307529824305834,0.134161202344339,0.238864939697951,0.768842465556546,0.326039269757989,0.0702386494747283,0.248257860871677,0.203301286430282,0.0526526641103417,0.0973877333267163,0.151841214208199,0.141851575057682,0.868829258327957,0.461205397509912,0.686543831754473,0.220554168051629,0.403039412569148,0.0261528359028139,0.331814319209147,0.364587226969099,0.323902376855923,0.0,0.424308531622266,0.304268720044743,0.0939904298141603,0.0004388515829566,0.0763825774233585,0.0541651955774412,0.251643576648514,0.619783312504305,0.199246150521014,0.42940701455728,0.0288929569012218,0.0473893597174497,0.0681271019604626,0.071628438559155,0.0677746488606327,0.0236195591399671,0.088691762577273,0.395867845262865,0.390707856333014
