-2.1341,2.7034,-0.2393,-0.0759,2.5039,-0.6589,-0.0258,-1.5796,0.0587,-1.0662,0.4975,0.5467,-2.2225,-0.8649,-0.8215,-0.0866,-1.0313,2.108,1.7108,-2.7362,3.0037,-1.5268,-1.0617,3.0259,-0.3599,0.5015,-0.9818,-0.4282,-1.0928,-1.26,-0.7222,0.6375,-1.9092,1.5809,2.2641,-1.099,-1.5384,0.1851,-0.9705,1.3601,-0.5723,-0.7145,2.6023,-0.4412,0.4564,-1.5809,-0.8694,-0.3013,2.1268,-2.3857,-0.2472,0.8325,3.6323,0.2698,-1.095,0.6723,0.8602,2.4172,0.4641,-1.1745,-8.8199,-1.5466,2.0196,-3.2847,-0.7567,-0.256,4.3086,-1.9629,-0.0705,-0.7184,-1.0647,-1.677,-0.056,-3.1143,0.3887,0.9265,0.2451,2.0297,0.0251,-0.025,1.1126,-1.5922,-1.2735,1.3726,1.3328,-1.2198,-0.5306,1.4909,-0.5081,-0.3206,-0.6221,2.0535,-0.5859,-1.7982,1.9339,-0.9963,-0.8405,0.4111,-215.9867,-0.6913,-4.1031,2.3635,2.5761,0.252,1.5447,2.0617,-0.6944,-3.0485,-1.529,-0.8842,-0.7405,-0.2755,0.8829,0.9137,0.1865,0.1584,-1.2449,0.1267,-2.2437,-0.6249,-0.4178,-2.7411,-1.4742,1.142,-1.9329,-0.7726,1.434,-2.4126,-5.5515,-0.5745,-0.5549,2.1136,-1.7884,-0.3109,1.1387,1.501,-1.9335,1.2608,-2.0574,-0.3928,-0.0146,1.5327,1.3094,-2.4169,-0.608,-12.9559,-1.6172,1.7877,-0.3618,-1.8704,-1.7475,0.3028,-0.1649,-0.1007,2.0804,-1.9684,0.7172,-0.0574,-0.1812,-0.2162,-0.3978,-1.904,-1.5933,-5.4041,-0.566,-3.2058,-0.05,0.9985,-27.5977,-1.9958,-1.7103,-1.8303,-1.7705,-0.4419,-0.634,-0.5106,1.089,1.3626,0.4722,-0.1504,-1.8744,0.8539,0.4179,-9.8798,-2.6341,-2.5358,-0.6067,1.0466,0.2538,-2.1702,-1.6784,-1.9185,-3.3095,1.0594,0.6344,0.3781,0.5327,-2.1395,-0.9389,1.8791,0.4976,0.7482,-1.1171,-2.3344,-0.6195,-0.953,2.5807,-0.4442,1.3983,-0.6214,-0.702,1.0403,-0.9273,-2.4085,-2.6093,-0.8769,-0.7231,-146.0792,1.2963,1.2437,-0.9177,1.4113,-2.8063,0.2587,-1.306,3.8247,-0.9637,2.9161,-0.1697,-1.1395,0.7555,0.3471,-0.4468,3.556,1.5928,-2.5918,-1.1008,1.1492,-2.8998,2.8517,-0.5513,0.3518,-0.3728,-2.08,1.552,1.5155,1.0461,1.7686,1.6988,0.0712
-1.5501,-0.2357,1.9068,1.3677,0.7422,-1.1096,-0.9891,-1.5796,-0.779,-0.2915,0.1292,-1.2555,-0.6537,-0.0293,-0.2729,-1.1879,-1.465,-2.3138,-0.8063,-2.7362,-1.5492,-1.5268,-0.7134,-1.8667,-2.0085,-0.552,-1.6383,-0.2237,-0.8274,-0.0006,-0.8725,-0.6073,-1.9092,1.0593,-1.8024,-0.5255,-1.5384,-0.1089,-0.9597,-0.3926,0.0621,-0.6153,0.4407,-0.6244,-0.7718,-1.5809,-0.2549,0.247,-0.7055,-0.5777,0.0113,-0.3502,0.8216,0.1297,0.4426,0.8499,-0.1164,-0.2368,-0.9116,0.2074,-8.8199,-0.9886,0.3089,-0.2397,-1.6984,-0.6255,-0.0909,-0.0822,0.0212,0.9539,-0.6644,-1.677,-0.073,-0.717,-0.4254,-1.1331,-0.2306,0.6245,0.028,-0.1851,-0.0735,-0.7945,-1.3592,-1.8433,-0.8801,-0.7482,-0.7585,0.2308,0.0992,-0.9813,1.4839,-0.0125,-0.2534,-0.4314,-0.5199,-0.8511,-0.0442,0.0833,-215.9867,-0.9937,-0.0462,-0.2725,-0.9091,-0.0241,0.541,-1.4385,0.0015,-3.0485,-0.1932,1.7003,-0.4262,0.8917,0.9996,1.0547,0.4512,-1.258,-1.2279,-1.3605,0.0391,0.0804,0.1081,-2.2218,-0.7455,0.958,1.0141,0.3777,0.1556,-1.2515,-5.5515,-0.3913,0.0093,-0.4202,-0.1379,-1.8094,1.7896,-0.3801,-0.9151,-0.262,0.3965,-1.8523,0.6093,0.7146,0.1431,-0.5593,0.0409,-12.9559,-0.076,2.0148,-0.8681,1.0811,0.6136,0.9829,-0.2406,0.2357,-0.1473,0.5528,0.7494,0.0051,-1.1569,-0.3442,-0.6718,-0.7103,-1.5933,-5.4041,-0.7545,-3.2058,-2.1259,-1.5912,-27.5977,-0.6133,0.4086,-1.8758,-0.4366,0.6912,-0.4735,0.1187,1.6043,-0.7098,-0.8806,1.104,-1.4536,-0.0544,0.6316,-9.8798,-0.4061,0.816,1.4418,-0.0346,1.4897,-2.1702,0.0975,-1.1748,0.1012,1.7256,0.2454,-1.0892,-0.3428,-0.2859,-0.2497,-0.0208,0.0023,1.064,0.8197,-0.2139,0.2747,-1.0297,1.1968,0.1031,1.5999,0.7697,1.3158,1.3378,-0.9969,-0.3606,-2.6093,-0.8621,-0.5571,-146.0792,-1.691,0.4019,0.0299,0.6119,-2.8063,-0.8215,-0.9509,-0.1634,0.218,0.7948,0.512,0.7034,1.075,-1.8019,0.3738,0.2354,2.2916,-2.5918,-1.9475,0.975,-1.7202,0.019,-0.4429,0.3869,1.3465,0.3556,-0.0437,1.3053,-0.7609,-1.1054,1.7267,-0.5285
-0.429,-0.9451,2.1405,0.8773,-0.845,-1.2447,-0.7529,0.5388,-0.5529,2.409,-0.4721,-1.5854,0.1874,-2.7189,2.3266,-1.6377,-0.9016,-2.3138,-1.4014,-2.7362,-0.1244,-1.5268,-0.8397,-1.8667,-0.8417,-0.3533,-1.0535,-1.7675,-0.3209,-1.26,0.3832,-1.2966,-1.9092,-0.5369,-1.0933,-1.7521,-1.5384,-0.3224,-1.8301,1.5434,-2.1885,-0.8004,0.6541,-0.0865,1.7401,2.3859,-0.8535,0.9232,0.7797,0.0416,2.0891,-1.9781,-1.6581,0.027,-1.3788,-1.3993,1.771,-1.6905,0.2365,0.7921,-8.8199,-1.5466,1.3494,-3.2847,-0.4751,0.7829,-0.9899,-0.2821,0.2668,-2.0163,1.4207,-1.677,-0.3854,1.9174,1.4442,-1.353,-1.5998,-1.7591,1.5416,-0.4246,-0.2389,1.4601,-1.9669,-1.8433,1.3959,-2.6689,-1.7932,-2.1523,-0.1065,1.45,1.124,1.397,-1.9304,-0.6182,0.6676,-0.9568,-0.1751,-1.9729,-215.9867,0.0101,-4.1031,-0.0398,-0.9884,-0.5755,-2.154,-0.009,0.5737,-3.0485,-1.529,-1.3876,-1.5406,1.1719,-2.1346,-1.4563,-0.69,-0.5991,-2.7151,3.3735,-2.2437,-1.6835,0.7963,-1.1002,1.305,0.2973,-1.9329,-1.6109,-0.3462,-3.2588,-5.5515,-0.8088,-1.4983,-1.9505,-1.1975,-1.8094,-0.5992,-1.0359,-1.9335,-2.0974,-2.0574,-1.8523,-0.4687,-1.4873,-2.0628,-1.1904,-1.1926,-12.9559,-0.314,0.0892,-0.1777,1.717,-0.3337,0.4531,-0.3725,-0.6818,-0.8181,-1.9684,-1.0565,-1.2646,0.013,1.6274,1.304,-1.904,0.5077,-5.4041,-1.7868,-3.2058,-2.1259,-1.5912,-27.5977,-1.9958,-3.4486,1.9904,-1.5891,1.3939,0.553,-1.6445,-0.5681,-1.7933,-1.1714,-2.8257,1.2757,2.945,4.24,-9.8798,1.9242,0.7063,-0.4122,0.4137,0.0792,0.2106,-1.6784,0.36,-1.396,0.5562,0.6507,-1.5332,-0.8725,0.6887,0.8643,-0.0809,0.375,0.7615,-1.0971,-1.111,1.4314,-0.1104,-0.5811,0.262,-0.3796,-0.2744,2.1601,-1.3993,-1.4336,0.5831,-2.6093,-1.5326,1.4046,-146.0792,-1.4789,1.3863,-0.1718,-0.8212,0.8758,-0.0926,-1.306,-1.1448,0.1389,-1.5265,-0.777,-2.2559,1.4726,1.7304,0.7925,-0.822,0.0004,-2.5918,-1.5383,0.6766,-1.5237,-0.9131,0.4887,-1.2009,-2.1581,-1.432,0.1183,0.9089,0.5087,0.5454,1.5851,-1.2931
0.3119,1.1645,-1.0308,-1.2685,-0.5601,-0.6291,-1.1617,-1.222,-1.183,-0.2062,0.1501,0.2539,0.3169,0.3335,-1.6549,1.4917,-0.8713,-2.3138,0.5441,0.1146,-1.5492,-0.5978,-0.5469,-1.8667,-0.2294,-1.4498,-0.2483,-0.0107,0.184,-1.26,-1.1621,-0.5732,-1.9092,-1.079,1.5072,-0.7018,-1.5384,-1.2658,-0.0487,-0.4993,0.288,-1.1474,0.1201,-0.9776,0.6944,-1.5809,-1.1741,-0.3486,-0.1167,0.359,0.8354,0.6348,1.09,0.7314,-0.9857,0.9386,2.9692,-0.0149,-0.7094,-0.4058,-8.8199,-1.5466,-0.206,-1.3117,1.0021,-0.6544,0.8184,0.489,1.3775,-0.5056,-0.8025,-0.7859,0.4199,-0.6977,0.0923,-0.1851,0.1682,0.1638,-0.0296,0.2021,2.2743,0.0609,-1.2289,1.4973,0.2579,0.3119,-0.6661,0.5946,0.4365,0.5767,-0.6734,-0.8426,-1.4339,-0.6907,-1.054,-1.2159,-0.3464,-1.9729,-215.9867,-0.0704,-4.1031,-0.0642,-0.1731,0.208,0.1316,-0.8037,-1.0211,-3.0485,-0.6256,-0.7026,0.0418,-0.1691,-0.379,-0.9787,1.2937,0.7476,-0.6221,-0.3827,1.2986,-0.6691,0.5073,0.0722,-0.935,-0.2452,0.5253,-0.7781,0.5684,0.0459,-5.5515,0.181,-0.5604,-1.9505,0.2212,-1.8094,-0.7278,0.1344,-1.2736,-0.3871,-0.3979,-1.8523,-1.0033,-0.7645,-1.24,-0.9677,0.1753,-12.9559,-1.4217,-1.2583,0.9029,0.2811,-0.7237,0.4659,-0.4712,-0.5742,-1.0471,-0.2104,0.2136,-0.4399,0.8387,0.341,-1.2478,-1.904,-1.5933,-5.4041,-0.5741,-3.2058,-2.1259,1.7159,-27.5977,-1.9958,0.0416,0.5691,0.0165,-1.4173,-1.0751,-1.2432,-1.1052,0.0375,0.4313,-2.8257,-0.7621,-0.4344,0.9049,-9.8798,0.7438,0.5209,-1.3717,0.2112,-0.0468,-2.1702,-0.9347,-1.1752,-0.1791,0.9483,-1.0921,0.4924,-1.1163,-0.253,-0.2967,0.2698,0.4613,-1.1298,1.9663,0.1576,-0.0325,-2.8913,2.4677,-0.5879,0.6441,-0.1108,-0.8478,-0.6027,0.3522,0.3141,-2.6093,-0.0747,0.2407,-146.0792,-0.1576,-0.3423,-1.579,-0.3879,-2.8063,-0.7625,-0.7312,-0.7006,-0.5909,-1.4656,-0.6706,-0.1781,-0.1216,0.8912,0.4929,3.1619,0.8515,-2.5918,0.251,0.6916,0.2424,0.8385,0.3321,-1.1159,-2.1581,0.1779,0.8035,-1.2444,1.8226,-0.1784,-0.7018,0.9612
1.7381,0.0745,0.2586,0.7003,-0.7313,0.0559,1.0253,-1.5796,-0.3352,0.2334,2.0069,-0.1157,-2.2225,-0.9443,-0.9419,0.6011,1.1136,-2.3138,0.3788,-2.7362,-1.5492,-1.5268,-0.6111,-0.5134,-1.6984,0.0353,-0.7251,-1.0316,-0.3179,-0.7218,-1.6953,-0.3525,-1.9092,0.2851,1.4436,0.5961,-1.5384,-0.7787,-0.8954,-0.2108,1.0797,-0.1839,0.3679,-0.5175,-0.862,-1.5809,0.06,-0.5513,0.5535,0.7666,0.2304,-2.2529,-0.0061,0.9524,0.1854,0.113,-0.4828,0.4174,-0.6641,1.2738,-8.8199,0.3818,0.5721,-3.2847,-1.6984,0.6612,-0.8514,1.0623,-0.4826,1.044,0.2851,-0.8376,0.2869,1.7736,2.2735,0.3779,-0.7915,-0.5692,-0.5856,0.1321,0.9874,0.6823,-0.9984,-0.9538,-0.6711,-0.0556,1.0638,-0.6342,-0.7401,0.0083,0.7566,-0.9087,1.8277,0.5212,-0.9404,1.5398,0.5468,-1.9729,-215.9867,-0.7027,-4.1031,-0.524,0.0465,-0.4181,-0.9669,-0.1201,-1.4171,-3.0485,-0.678,-0.3133,-1.101,-1.187,1.2329,1.4145,-0.1371,-1.211,1.3659,-0.3561,-0.0994,0.7894,-0.359,0.5378,0.7077,-0.0833,0.7131,-0.8265,-1.7794,-0.0715,-5.5515,-0.9306,-1.4983,-1.9505,1.2629,-1.8094,-0.4006,-0.3632,-0.8065,0.564,0.6266,-1.8523,-0.08,0.0624,-2.0628,0.5406,-0.4145,-12.9559,1.205,-2.2414,-1.1738,0.2646,0.5118,0.8827,-0.1625,1.3484,0.4337,-1.9684,-0.7763,0.7962,-0.7265,0.6725,-0.5099,-1.904,-0.6729,-5.4041,-0.6445,-3.2058,-2.1259,-1.5912,-27.5977,-0.466,0.2723,-0.2838,-0.2231,0.1369,1.0486,0.4312,0.8384,-0.6094,-0.8074,-2.8257,0.8551,-1.3098,0.9888,-9.8798,-0.1307,0.6109,-1.3717,-0.5441,0.1482,-0.4552,-0.0839,-0.8692,2.1833,-0.3344,0.2598,0.1883,-0.2097,0.1613,0.4418,-0.2357,0.4507,1.5783,-0.7142,0.3832,-0.8106,0.95,-1.5644,0.0475,-0.2949,-0.5765,0.6319,-0.5454,2.8206,0.0169,-2.6093,0.3618,-1.2129,-146.0792,0.3994,-0.6479,0.6988,0.4698,-2.8063,-0.1052,-0.4115,-0.5881,0.1162,1.4642,-0.2473,0.474,1.2474,0.2854,0.68,0.1146,-0.0044,-2.5918,-0.1705,1.0476,-0.4788,-1.2581,1.2318,0.0003,-0.4875,0.9888,-1.0055,0.5772,-0.7749,-0.9945,-0.9803,-0.914
0.6933,-1.2115,1.9551,1.4568,-0.5697,0.0818,0.7888,-1.0262,-0.7777,0.0629,0.9448,-0.202,-2.2225,1.717,-0.1509,-0.0088,0.6087,-0.6441,-0.3394,-2.7362,-1.5492,-1.5268,-0.0386,-1.8667,-1.1828,0.3905,0.2911,-1.1006,-0.4598,0.6453,-1.6953,-1.6545,-1.9092,0.848,-0.1778,0.3636,-0.659,-0.8889,-0.7738,-0.3632,1.0129,1.043,-0.2276,0.1196,0.0902,-1.5809,0.7713,0.3252,1.4125,0.1648,0.3574,-0.2637,0.1369,1.2257,0.4975,0.5395,-0.9029,0.6623,1.2393,0.3306,-8.8199,-1.5466,-0.2643,-3.2847,-1.6984,-0.0713,-1.1928,0.5254,-0.4975,1.1667,-0.2684,0.088,0.955,1.3918,0.5304,0.3186,-0.61,0.6169,-0.793,-1.023,0.4118,0.3049,0.0081,-0.4434,-0.2702,1.347,0.7805,-2.1523,-0.3648,0.199,0.1721,0.3786,1.8401,0.4816,-0.7833,0.3368,0.5506,-1.9729,-215.9867,-0.785,-4.1031,-0.456,-0.9073,-0.5306,-0.7712,0.3457,-0.3528,-0.2989,0.2603,1.2444,-0.8488,-1.1102,-0.2518,1.1758,-0.0601,-0.6938,1.2673,-0.3032,-0.0759,0.7717,-0.1679,0.1115,-0.0737,0.7293,1.4551,-1.6109,-0.4073,-0.0718,-5.5515,1.4945,0.8029,1.6102,0.9435,-1.8094,-0.5151,-0.7382,1.351,-2.0974,-0.6409,-0.6147,-0.3449,-1.4873,-2.0628,-0.0102,-1.0853,-12.9559,0.9448,1.2888,2.2079,0.6951,0.6299,0.109,-0.6324,0.5036,0.7196,-1.9684,-0.8025,0.3119,-0.5457,-1.0518,0.6269,-1.904,0.342,-5.4041,-1.7868,-3.2058,-2.1259,0.1071,-27.5977,-0.6095,0.2359,-0.6191,-1.1156,-0.2272,0.3056,-1.284,0.0516,-0.3223,-0.1874,-2.8257,0.4792,-0.7675,0.0457,-9.8798,-0.667,0.8016,-0.0097,-0.5289,-0.6236,-2.1702,-1.0436,0.0194,0.6511,0.7308,-0.1873,-0.2247,-0.3392,0.6423,-0.666,-0.2247,0.0346,0.5527,0.4768,1.3461,0.4098,0.6191,0.2775,-0.1247,-0.7938,0.3295,1.2927,-0.5344,-0.5321,-0.5777,-2.6093,0.5044,-0.2926,-146.0792,-1.361,-0.5925,-0.6069,0.7327,-2.8063,0.0298,0.5112,0.4046,-0.1049,0.8006,0.5683,1.4857,1.1311,0.0717,0.6569,0.4663,1.8596,-2.5918,0.8733,0.1724,-0.7999,-1.974,0.4699,-0.4214,-2.1581,-1.2943,-0.0394,0.0104,-0.1506,-0.3406,-0.759,-1.2774
1.0753,-0.9833,-0.4032,-0.3391,0.1299,-0.4312,1.3754,-1.1125,-0.978,1.389,0.3452,-1.3062,-2.2225,-0.8569,-1.1241,-0.696,-0.2937,-2.3138,-0.1918,-2.7362,-0.7641,-1.5268,-1.8045,-1.8667,-1.8186,-0.2259,-1.0844,-1.7675,-0.7209,-0.2698,-0.9989,0.7196,-1.9092,-0.0365,0.5618,-0.0524,-0.7961,-1.954,-0.7435,-0.6338,1.3729,0.7328,0.1789,-0.7785,0.0177,-1.5809,-1.7619,0.2592,-1.5755,0.1568,-0.5677,-1.5774,-0.0407,0.504,-0.4043,-0.0109,-0.4367,-1.6905,0.2587,1.6067,-8.8199,-1.5466,1.159,-0.7075,-0.0854,-1.1498,-0.8036,1.0676,-0.2885,0.6624,-0.1542,-0.5414,0.4022,0.8165,-0.0191,-0.0675,0.2068,-0.0086,0.3817,-0.9641,-1.5031,0.9735,0.2544,0.7239,0.3817,-0.3972,1.0333,-2.1523,-1.6261,0.2275,0.6039,-0.7277,0.5905,1.9136,-0.8438,0.696,0.495,-1.9729,-215.9867,-1.0709,-4.1031,-0.6596,-0.6196,-0.7162,0.2923,-0.1698,-0.5022,-3.0485,-0.3777,-0.2749,0.0556,-1.7001,0.0419,1.1071,-1.3015,-1.8103,0.9982,-0.7591,-0.5343,0.3543,-0.1891,0.1782,0.2267,-0.2186,0.195,-1.6109,0.91,-0.5619,-5.5515,-1.0103,-0.5495,-1.9505,1.317,0.0877,-0.4901,-0.5814,-0.4088,-1.2031,-0.8618,-1.8523,-0.8596,-0.241,1.9928,0.9439,-1.5527,-12.9559,-0.1052,0.8318,-1.1738,-0.5126,1.0374,0.8662,-1.0767,0.0239,-0.3149,-1.0492,-0.8421,1.0508,2.2482,-1.1017,-2.5747,-1.904,-0.8894,-5.4041,-0.9131,-0.6309,-2.1259,-0.1313,-27.5977,-1.9958,0.1633,-1.1036,0.7539,-0.0873,-0.9723,-1.6445,-0.2835,-0.7439,-0.3444,-2.8257,0.0231,0.0264,-1.0957,-9.8798,-1.0205,-0.6708,0.0599,-1.289,-0.5782,-2.1702,-0.3961,-0.2456,0.3568,-0.0358,1.1207,0.2369,-1.3378,-1.2751,1.0464,0.7376,0.4369,1.8242,1.0315,-0.412,-0.7911,-0.7939,-0.1991,0.7318,0.2907,-0.8558,-0.8026,-0.5169,-0.5547,1.5635,-2.6093,-0.2584,-1.0021,-146.0792,-0.2535,-0.4447,-1.3425,0.8086,-2.8063,1.1808,-0.0645,0.1718,-1.1031,-0.5539,-0.574,1.2071,1.0097,-0.3768,0.7936,-0.2345,0.2205,-0.6547,0.3294,0.6738,-1.467,-0.3118,1.0766,-0.9587,-2.1581,0.4024,0.3791,0.7609,-0.8551,-0.3992,-1.1811,0.0288
0.1421,-0.1601,-0.3241,-0.3548,-0.8889,-0.4658,-0.2611,-0.0512,-1.074,0.0025,-0.3088,-0.7588,-2.2225,1.4863,0.4576,-0.4626,-0.6531,-2.3138,-0.4502,-2.7362,-0.9902,-1.0502,-1.114,-1.8667,0.6324,-0.2297,-0.6502,-1.7675,0.6912,0.9709,-1.6953,-0.5203,0.3136,0.5675,-0.2762,-0.2032,1.1023,-0.7864,-0.4029,-0.4094,-0.3102,-0.1946,-0.3881,-0.1012,0.9322,-0.3954,0.0516,1.3171,-0.5574,-1.094,0.3711,0.3931,0.0991,0.5673,0.5768,0.6463,-0.3543,0.5125,-0.3109,-0.4278,-8.8199,-1.5466,-0.9131,-1.4497,0.2966,-0.602,-0.4286,0.0583,-0.6625,0.1666,-0.3982,0.4239,-0.7087,-0.7724,-0.1878,1.6186,1.2291,0.8548,-0.0151,0.8,-0.2509,-0.2336,0.3772,1.3574,-0.1016,0.4564,-0.6794,1.6472,-1.2394,-0.4022,-0.5249,0.5176,0.6125,0.6231,-0.9422,-0.5523,0.7169,-0.4934,-215.9867,-0.7433,-4.1031,-0.3437,-0.0903,-0.6591,0.3069,-0.7391,0.2754,-3.0485,-0.359,-0.1647,3.3702,-0.0097,0.0285,-0.9648,0.5265,-1.4483,-0.2759,0.2534,0.9244,-0.5355,0.0352,-0.255,-0.6315,-0.5561,0.699,-0.5324,-0.7162,0.7949,-5.5515,-0.6203,-0.201,-1.0283,0.6874,-1.0458,-0.2291,-1.3818,-1.3197,-0.1018,-0.5045,-1.8523,-0.3945,-0.811,-0.6669,0.0935,0.0844,-12.9559,-0.1609,-1.3271,-0.9896,-0.1671,0.1977,0.5891,-0.5355,-0.1759,-0.0428,0.4359,-1.0565,-0.0343,-0.5043,-0.3393,0.6894,-1.1847,-1.5933,-5.4041,-1.7868,-3.2058,0.5449,-1.5912,-27.5977,-1.1627,0.1491,-0.6847,-0.383,-0.9221,-0.2562,-0.731,-0.916,0.2601,0.7224,-2.8257,-1.1923,-1.3098,-0.5955,-9.8798,0.0141,0.5861,-0.6543,0.9476,0.0514,-2.1702,-0.4827,-0.7431,-0.3394,-0.217,-0.6154,-0.8057,-0.8824,0.3119,-0.4812,1.6935,0.3903,-1.2368,0.9418,-0.3189,-0.1017,-0.1401,0.5524,-0.8262,-0.0623,0.5374,0.3757,-0.0851,0.5359,0.0467,-2.6093,0.3748,0.2478,-146.0792,1.1179,0.1748,-1.5178,-0.8641,-2.8063,0.642,0.3641,-0.265,-0.2359,-1.2665,-0.0451,0.2625,-0.1516,-0.4288,-1.7866,-1.0965,1.1813,-2.5918,-1.787,-0.0549,-0.1324,-0.099,0.3358,-0.1301,0.6933,0.6467,-0.677,-0.3462,0.5216,-0.5002,-1.1811,-0.2842
-0.1186,0.7461,0.3239,0.3773,-0.2696,-0.1623,0.4548,-0.1349,2.2871,-0.2156,0.0283,0.0172,-2.2225,0.6098,-0.8114,0.4708,-0.1541,-0.3798,0.3144,-2.7362,-0.4719,-1.5268,-0.1603,-1.8667,-0.5261,-0.038,-0.3669,-1.7675,0.3304,-0.6985,-1.6953,-1.2229,-1.9092,-0.8687,0.7051,0.5898,0.7574,-1.954,0.0488,-0.2492,0.9601,-0.1056,-0.1624,0.3612,0.8662,-1.5809,0.2237,-0.8924,0.6611,0.5325,0.6197,-0.3772,1.1286,1.2563,-0.0229,0.5433,-0.6625,-0.0316,-0.2056,0.5206,-8.8199,-0.086,1.5981,-3.2847,-1.6984,0.9223,-0.5783,-0.3058,0.1442,0.3582,-0.3849,-0.1733,0.3922,0.142,0.0471,-0.5389,0.4664,0.1412,-0.4109,-0.3483,0.6513,0.5093,-0.5885,-0.9097,-0.7149,-0.4085,0.0209,-2.1523,2.2084,-0.3413,-0.0051,0.7162,-0.0711,0.2158,-0.3296,0.5575,0.3276,1.1258,-215.9867,-1.4318,-4.1031,1.9362,-0.8123,-1.7573,-0.3313,0.0276,-1.4171,-3.0485,-0.6358,-0.5696,-0.5007,-1.3669,0.6801,0.6972,-0.3272,0.4174,0.2625,-0.1528,0.6334,0.3946,-0.006,-0.4179,-0.3439,0.3547,-1.9329,0.6124,0.576,0.8458,-5.5515,1.4055,-1.4983,2.0556,0.7823,-0.3376,-0.3645,0.0777,0.7325,-0.8702,0.7429,-1.8523,0.4723,0.4424,0.4544,0.2718,-0.1283,-12.9559,1.0703,-0.4792,-1.1738,0.1951,0.3918,0.7957,-0.9117,0.3219,1.2243,-1.9684,0.0293,0.7381,1.4958,-1.0011,-0.4288,-0.5176,1.0154,-5.4041,-0.5878,-3.2058,-2.1259,0.3419,-27.5977,-1.9958,0.661,-1.2769,-1.4865,-0.0035,-0.2195,0.3524,-0.5837,-0.7226,-0.0416,-2.8257,0.1134,-1.3098,-0.5506,-9.8798,-1.0086,0.2191,-1.3717,-0.8494,-0.1218,-0.3701,0.5844,-0.7728,-0.0922,0.8084,0.308,-0.2883,-1.1253,0.236,-0.7884,-0.6785,0.3096,1.1611,1.5404,0.2644,0.292,0.4077,1.4361,0.4656,0.6531,0.3573,-0.4148,-0.032,0.0544,-1.3064,-2.6093,0.3272,-0.7402,-146.0792,-1.8737,0.6807,-0.86,1.5103,-2.8063,-0.0197,0.5065,0.0773,-0.5582,1.7048,0.0611,1.0729,0.9184,0.1422,-0.6633,0.4592,1.5585,-2.5918,-0.0339,0.3126,-1.4866,-0.0547,0.4279,-0.4298,-0.4046,0.2876,-1.8817,0.9251,0.2744,-0.5399,0.0564,-0.1659
0.8947,-0.7059,0.594,0.7037,-0.3066,-0.6684,1.1655,-0.6676,-0.4561,0.6674,0.2464,0.005,-2.2225,1.0447,-0.6171,1.0918,-0.2859,-1.2084,-0.0514,-1.1252,-1.5492,-1.5268,-1.3875,-1.0548,-2.4152,0.0176,-1.4522,-1.7675,-0.8141,0.0658,-0.3354,-1.4224,-0.9393,0.3922,1.4365,1.701,-0.089,0.2146,0.3432,0.0358,0.4618,-0.0499,0.3051,2.0429,0.7658,-0.645,-0.7025,-0.8528,-0.408,-0.0738,0.74,0.2023,1.2365,1.555,0.7392,0.2154,0.784,-1.6905,0.3707,0.9468,-8.8199,-1.5466,1.2179,-3.2847,-1.6984,1.0561,0.4918,0.9444,-0.3152,0.5568,-0.0752,-0.7659,0.6012,-0.0362,0.4324,-0.2746,-0.1341,0.267,-1.1576,0.8833,-0.9567,0.3149,-0.0804,-0.2021,-0.8448,0.7382,0.641,-1.2416,0.2036,-1.2002,0.7258,-0.0898,-0.2657,0.4431,-1.2143,0.4345,0.8442,0.4439,-215.9867,-0.1318,-4.1031,-0.7218,-0.5336,-1.081,-1.0896,-0.0024,-0.6831,-3.0485,0.5386,-0.4714,-0.1719,-0.1164,0.1177,0.1639,0.3141,0.6473,-0.1199,-0.5574,0.065,0.1099,0.5094,0.5167,1.1661,-0.2469,1.9104,-1.1403,0.6098,-0.7934,-5.5515,-0.0098,-0.7242,-0.1123,1.3129,-1.8094,0.5312,-0.168,-0.7102,-1.396,-2.0574,-1.033,0.0914,-0.2311,-2.0628,0.54,-0.1957,-12.9559,0.0532,-1.2341,0.2125,0.8829,0.0543,0.3256,-0.8534,0.1696,0.8037,-1.9684,-0.8884,0.7963,-0.2634,-0.8443,-0.901,-1.1115,-1.5933,-5.4041,-1.7868,-3.2058,-2.1259,-1.5912,-27.5977,-1.078,0.5533,-0.7734,-0.304,-1.4052,-1.3055,-1.1953,-2.0806,-0.2308,0.7509,-2.8257,-0.0116,-0.4161,-0.358,-9.8798,-0.5136,-0.0627,-0.063,-0.3723,1.0251,-1.1413,0.0237,0.0189,-1.7154,0.3584,-0.8656,-0.7828,-0.3008,0.5869,-0.9107,-0.9925,0.1143,0.4227,-0.4658,0.6602,-0.1478,1.3327,0.4496,0.7632,1.0088,-0.4117,0.4826,0.7307,-0.3738,-0.9654,-2.6093,1.3747,-0.9181,-146.0792,0.4915,-1.1286,-0.1748,1.7829,-2.8063,0.232,-0.581,0.151,0.6036,-0.1189,-0.3684,1.4247,1.0694,0.9501,1.1995,0.512,0.7574,-2.5918,-1.7707,0.8246,-0.4144,0.0862,0.3531,0.767,-1.1559,0.2964,-0.5732,1.1386,0.158,-0.336,-0.6434,-0.3077
1.185,-0.2312,1.4565,1.4832,-1.4097,-0.7688,1.0561,-1.2021,-0.0643,0.1764,1.2167,-0.8956,-2.2225,-1.1992,-0.8282,1.2489,-0.5709,-1.175,1.0608,-2.7362,-1.5492,-0.5508,-0.0791,-1.8667,-0.998,-1.3234,0.2258,-1.7675,-0.1622,-0.6679,-1.6953,-0.8992,-1.9092,0.5141,0.3165,1.0025,-0.9386,-0.154,-0.7175,-0.3189,0.2304,-0.4692,0.3147,-0.9415,-1.0658,-1.5809,0.2284,0.9195,-0.3603,-0.1596,-0.0414,0.3525,-0.4475,1.8051,0.3117,1.3391,-0.5348,-1.6905,0.0354,1.2659,-8.8199,-1.5466,-0.1265,-3.2847,-1.6984,-0.1263,-0.423,2.0669,-0.355,2.2553,1.0335,-0.3914,0.8279,0.0747,1.0341,-0.4064,-1.0747,-0.3656,0.1277,0.4721,-0.4873,0.8562,0.7498,-1.8433,-0.452,-0.1724,1.4672,-0.4591,-1.03,-0.5286,1.5225,-0.3745,1.7857,-1.2772,-0.6969,1.2507,0.7381,-1.9729,-215.9867,0.3858,-1.3284,-0.3882,-0.5106,-0.6897,-1.2905,0.6086,-0.9991,-3.0485,0.0787,-1.3552,0.0195,-0.0785,1.215,0.8569,0.2537,0.2195,1.237,-0.6461,-2.2437,1.095,0.3275,0.9842,-0.1595,-0.4306,-0.6363,-0.736,-0.2559,-0.9122,-5.5515,2.0369,1.5189,-1.9505,1.6067,-0.9428,-0.3213,-0.4863,-1.2369,-1.3748,-2.0574,0.2392,-0.9722,2.0338,-1.1943,-0.5294,-0.9031,-12.9559,1.6813,-2.2414,-1.1738,-0.1864,0.7163,0.7893,0.182,1.9481,-0.153,-1.2256,-0.6273,1.0644,-0.8052,-1.372,-0.3229,-1.904,-1.0245,-5.4041,-1.7868,-3.2058,-2.1259,2.0435,-27.5977,-1.0503,1.0394,-0.0498,-0.109,-1.4582,-0.2159,-0.1451,-0.8124,0.417,2.0133,-2.8257,-0.0516,0.1758,-0.1837,-9.8798,-1.1944,0.5094,-0.9029,-0.3033,0.0526,-2.1702,0.9258,0.9427,1.5891,0.9812,0.0861,-0.9021,-0.4985,0.008,-0.3886,-0.5202,0.2109,0.0075,0.2532,1.1033,0.0463,0.2604,0.4736,0.5442,-0.622,-0.9909,-0.3116,-1.1058,-0.6729,0.0976,-0.9101,-0.2921,-1.441,-146.0792,-1.495,-1.2886,-0.46,-0.3497,-2.8063,-0.9075,-1.0631,-1.0308,-0.7443,0.0889,-3.2166,1.0702,1.1329,0.287,0.9831,-1.0117,-0.2906,-2.5918,0.3645,0.6592,0.6534,0.0001,0.4027,-0.8334,-1.1256,0.2053,-0.9045,0.0373,0.5174,-0.3524,-1.057,0.2428
-0.6078,0.1027,-0.9972,-0.0481,-0.6464,0.0261,-0.9722,-0.6497,-0.2879,0.2867,0.1748,-1.2667,-2.2225,-0.0065,-0.7698,1.2491,-1.465,-2.3138,-0.7327,-2.7362,-0.6532,-0.7629,-0.7462,-1.8667,-1.3041,0.5598,-1.1336,0.7681,0.0985,-1.26,-0.9004,-0.3309,-1.9092,-1.1909,1.2249,-0.667,0.8589,-0.9279,0.8291,1.5538,-0.1827,-0.393,-0.6215,0.0628,-0.7942,-1.5809,-0.1246,-0.9396,-2.4022,0.2871,2.3896,-1.4712,0.8078,0.8773,0.1828,0.5247,0.6895,0.597,-0.4249,-0.1778,-8.8199,-1.5466,0.2136,-3.2847,-1.6984,-1.1441,-0.2438,-0.3889,2.1659,-0.9057,-0.7467,-0.3989,-0.0987,1.0177,-1.3034,1.1117,-1.5998,-0.1544,-0.5325,0.2053,1.6348,-0.0841,-0.2602,0.3539,-0.8214,0.3913,-0.5912,0.9447,-0.0941,1.0366,-0.8137,1.232,-1.4287,2.8864,-1.2143,-1.542,-0.4494,-1.9729,-215.9867,1.2369,-4.1031,-0.0917,-0.516,-1.7129,0.4415,-0.2744,-0.8268,-3.0485,0.207,-0.6025,0.5261,-0.0249,0.6901,-1.5497,-0.8496,0.5621,-0.1561,-0.3396,1.4556,-0.83,0.7762,-0.8692,-0.7261,-0.1189,0.4386,-0.0106,-0.261,-1.3029,-5.5515,-0.5231,-0.0272,-0.4721,-0.2293,-0.5853,-1.5817,0.8614,-0.2175,0.2879,-2.0574,-1.8523,-1.0413,-1.4873,0.0768,-0.1826,1.2733,-12.9559,-1.6172,-2.2414,-0.338,0.6294,-0.2919,-1.5613,0.1487,0.1119,-1.0895,-1.9684,-0.8118,-0.9943,-0.3101,0.0944,-2.5747,-1.904,-1.5933,-5.4041,-1.7868,-3.2058,-2.1259,-0.6492,-27.5977,-0.6603,-0.3572,0.3624,-0.1024,-0.8576,-0.9466,-1.6445,-1.0701,-0.0247,-0.0396,-2.8257,-0.2438,0.7522,1.2352,-9.8798,0.2739,0.1985,-0.7317,0.2824,0.9986,-0.673,-0.2493,-0.5481,0.2174,1.0974,-2.2271,-0.2543,-1.9088,-0.2757,-0.3236,2.0165,0.4897,0.2507,0.9036,0.2623,0.842,0.0191,1.813,0.8859,0.3054,0.9994,1.1211,-0.7611,-0.2792,-0.058,-2.6093,0.2654,-1.2887,-146.0792,-0.3681,-0.5181,-2.4026,-0.0855,-2.8063,0.2802,-0.1907,-0.5341,-1.1205,-0.6437,-1.4199,0.3262,0.2617,1.1548,1.064,-0.3686,-1.0422,-2.5918,1.7591,1.2202,-1.4658,-2.3636,0.7029,-0.487,-0.6997,0.2413,0.8869,-0.9323,0.9989,0.4613,-1.1811,0.5018
0.0311,0.0002,-1.4727,-0.2434,-0.2851,0.2296,-1.5081,-1.1669,-0.2495,0.5803,-0.6784,0.5127,-1.0493,-0.3395,0.0919,0.0388,-1.1907,-2.3138,2.3368,-2.7362,-1.5492,-0.9354,-0.1676,-1.8667,-1.0281,-0.0766,-1.1072,0.3715,0.6652,-1.26,-1.6953,0.0507,-0.8167,0.1088,0.6574,-0.4052,-1.5384,-0.241,0.8802,1.5288,-1.0524,-0.0103,0.3344,-1.6277,-1.0906,-1.5809,-0.3911,-0.775,-1.6718,0.0451,0.2687,0.0742,-0.6974,0.4966,-1.0651,-0.8745,0.6787,-1.0647,-0.6939,-0.6139,-8.8199,0.087,-0.1655,-1.0076,-1.6984,-0.0375,-1.0651,2.3359,1.4249,-0.7465,-0.2388,-0.6617,-0.1908,2.1898,0.7743,-0.3626,-1.5998,0.4147,1.5851,0.6878,0.9065,-1.064,-0.5977,-1.2422,1.4299,0.9416,-0.9113,-2.1523,1.3421,-0.7607,0.1761,-1.5433,-1.1552,-1.5683,-0.3533,-0.6791,0.1932,-1.9729,-215.9867,-0.1178,-4.1031,0.4603,-0.7093,-1.0979,-1.0905,0.1654,-0.3006,-3.0485,0.7225,0.8319,0.9114,0.9607,-1.203,-0.1502,-0.6423,1.1847,-1.3417,-0.1587,-1.1212,-1.1359,1.2946,-1.6796,-0.0383,0.7401,-1.9329,-1.6109,1.1421,-1.1638,-5.5515,-0.7568,2.6073,-1.9505,-1.4002,-1.8094,-0.6218,-0.1318,-1.1719,-2.0974,-0.1666,-0.9294,-0.2002,-1.4873,0.2572,-1.3599,-0.4659,-12.9559,-1.6172,-1.1068,-0.9452,1.0068,-0.8507,0.2416,-0.8738,-1.5202,-0.7157,-1.1562,0.9075,-1.7323,0.9281,-0.7886,-0.4383,-0.3063,-1.5933,-5.4041,-1.7868,-3.2058,-2.1259,-1.5912,-27.5977,-0.9619,0.5512,-0.2562,-0.1427,0.421,1.6287,-0.4883,1.2797,0.6469,1.9802,-2.8257,-1.5993,-1.3098,0.5784,-9.8798,1.7557,-1.5346,-0.8633,-0.5804,-1.5462,-1.0112,-0.0285,-0.84,0.3405,-0.3513,-0.9193,0.586,-0.6763,-0.4535,-1.5106,0.7088,0.1449,-1.1915,-1.5472,0.0161,1.5125,-0.5475,0.5852,-0.3546,1.7641,1.226,-0.1168,2.0956,-0.0448,0.6994,-2.6093,0.1255,-0.4034,-146.0792,0.2526,-0.1851,-0.1396,0.7377,-2.8063,-0.0034,-0.2663,-0.4335,-0.2274,0.0822,-0.503,0.5305,-0.4005,-0.0258,0.869,-0.9462,-0.4667,-2.5918,1.0571,0.2831,-0.4524,-1.505,-0.5867,0.9132,-2.1581,-0.1081,-1.2896,-1.4669,0.4407,-0.6916,-0.9382,-0.1401
-0.9888,1.4406,-1.3551,-0.1794,-0.6574,-0.586,-1.4142,-1.0389,-0.7882,-1.0868,-1.5382,1.5613,-2.2225,-1.9284,-0.8674,-1.6377,-1.465,-2.3138,-1.7045,-2.7362,-1.5492,-0.178,0.1877,-1.8667,0.0925,0.6312,0.6046,-0.2492,-0.2319,-0.3616,-1.6953,0.102,-0.478,-1.7232,-0.9169,-0.8394,-1.5384,-0.9135,1.7377,-0.1951,-0.9596,-0.9614,1.9846,-1.6277,-1.0287,-1.5809,0.5049,-0.0641,-2.4022,-0.6835,0.4249,0.92,-0.1031,1.2264,-0.373,1.817,1.6297,-0.8707,-0.2508,-0.2108,-8.8199,-0.5949,0.3112,-3.2847,-1.6984,-0.9475,-0.5233,0.1847,-1.5506,-1.0304,-1.1148,-1.677,-2.7229,-1.3543,-1.3744,-2.6617,-1.5998,-0.256,-0.2885,-1.1599,-0.0993,-2.4766,-1.0679,-1.0558,1.7682,2.1865,-1.0048,-2.1523,0.7533,-1.6328,-1.5394,-1.7362,-0.8716,-1.7982,2.4607,-2.0488,-2.2087,-1.9729,-215.9867,0.9632,-4.1031,-0.5774,-0.2019,1.0834,-1.3652,0.1285,-1.4171,-3.0485,-0.2173,-1.0535,-0.1385,0.7358,-1.7239,-1.0073,-0.8344,0.7108,-1.9239,-0.3262,-1.1847,-1.4444,-0.4733,-0.034,0.1608,-1.5082,-1.9329,-0.4018,-0.1692,-0.9892,-5.5515,-0.7644,1.8569,1.5434,-2.0516,-1.8094,-0.0929,-0.6339,-0.9358,-1.0623,-2.0574,-1.8523,-0.2716,-1.4873,-0.8188,-1.7696,-0.5524,-12.9559,-1.6172,0.3465,-0.6523,1.1695,-1.3364,1.2641,-0.6409,-0.9275,-0.3365,-1.9684,-0.8084,-1.689,-1.0134,-1.372,-1.1765,-1.904,-1.5933,-5.4041,-0.7755,-3.2058,-2.1259,-0.6359,-27.5977,-1.9958,0.6151,0.8322,-0.472,1.7278,0.3182,0.3066,0.5059,0.5795,1.011,-0.6095,0.9784,-1.3098,0.7194,-9.8798,2.6081,0.5983,-0.5045,-1.5597,-1.956,-0.6519,-1.6784,-2.044,0.9582,-0.1353,-1.0758,0.7398,-1.9088,-0.6049,-1.5583,0.7084,0.0006,-0.5776,-1.5142,-2.124,0.8299,-2.0383,-3.5748,-1.7698,1.2768,0.4385,2.0132,-1.8994,-0.8596,0.7254,-2.6093,-2.0129,-1.8102,-146.0792,-1.2306,0.5505,-0.8949,0.5338,-2.8063,0.3044,-1.306,-0.0457,-2.1494,0.1772,-0.554,-0.5751,-1.7464,0.4966,0.5319,0.81,-0.1619,-2.5918,1.5275,-3.4871,1.5216,-1.4691,0.8611,-1.0272,-2.1581,-0.0366,-0.5311,-2.7065,-0.9773,-1.2854,-0.8716,-1.4802
1.05,0.9106,1.2342,1.2966,-0.6728,-1.927,1.2257,-0.8391,0.4797,-2.2333,0.9939,0.3166,-1.0463,-0.7955,0.0488,1.6083,0.1274,-0.0795,0.3338,-2.7362,0.1492,-0.9339,0.0379,-1.8667,-0.5022,-1.15,-0.7185,-1.7675,-0.3405,0.6839,-1.6953,-0.8468,0.7658,-0.764,1.0103,0.7777,-0.3616,-0.111,0.8412,-0.6872,-0.4084,-0.7438,-0.1281,-1.6277,0.6233,-1.5809,-1.3724,0.9002,0.7451,-0.8011,0.6214,-0.9715,-0.0401,2.1571,-0.0004,0.7029,-0.7928,-0.5676,0.3769,0.4619,-8.8199,-1.1282,0.7059,-3.2847,0.0917,-0.631,-0.8777,1.1938,-0.2292,1.2168,0.0215,-1.677,0.5188,0.013,0.1654,0.4022,1.9173,-0.2727,-0.0506,0.9182,-0.3988,0.8415,1.0821,0.2558,-1.0815,-0.3454,1.0702,-2.1523,-0.3161,-0.7585,0.3395,0.7752,1.0241,-0.1757,-1.0288,0.9865,0.8824,-1.8336,-215.9867,1.0956,-1.0613,-0.5978,0.1892,-0.0987,-0.2881,0.9995,-0.9589,-3.0485,-0.1209,1.6924,0.793,0.5596,0.3057,0.6004,1.167,-0.5869,0.878,-0.2465,-0.0772,2.3971,0.7177,-0.2745,0.0781,-0.8106,-1.9329,0.8592,0.2253,-0.5938,-5.5515,0.9049,1.0347,-0.8031,1.373,-0.8593,-0.2704,0.6887,0.726,-2.0974,0.5291,-1.8523,0.1155,-0.1042,-0.3589,0.5287,-0.05,-12.9559,0.708,-0.2055,-0.1084,0.1875,0.3785,0.5794,-0.3021,2.1793,-0.1179,0.0202,-0.3952,1.3,-0.279,0.8667,0.4783,-1.904,-1.5933,-5.4041,-1.7868,-3.2058,-2.1259,-1.5912,-27.5977,-0.9592,1.0349,-0.8261,0.3031,-1.2186,-1.0065,-0.8908,-1.5865,0.8904,1.135,-1.1295,-0.4417,-1.3098,0.5816,-9.8798,-0.6923,-0.281,-0.6762,-0.3839,0.0834,-2.1702,-0.2553,0.157,0.9172,0.7451,0.3325,-0.6193,-0.6736,0.6813,-0.4645,0.9348,-2.3954,0.0073,-1.3104,0.6597,0.6818,1.1233,-3.5748,0.4367,-0.7226,-0.934,0.1986,0.2022,0.5716,0.2014,-0.7466,0.0043,-0.8218,-146.0792,0.8171,-0.038,-0.3657,-0.1706,-1.0091,-0.5916,-0.0686,0.695,0.7248,0.7982,-0.7302,1.3302,1.0648,0.4656,0.8602,0.2379,-0.791,-2.5918,-1.59,1.3432,0.6202,-0.0611,0.3227,-0.1568,-2.1581,0.0178,-0.432,0.2448,0.4421,-0.9431,-0.06,0.5888
-0.053,0.0907,-0.4727,-1.437,-0.1435,-0.7468,1.1321,-1.5796,-1.3394,-0.0387,0.4961,-0.6885,-0.7177,0.1714,-0.8985,0.3408,0.5615,2.2125,-0.3459,-0.4086,-0.6595,-1.5268,1.2044,-1.8667,0.5231,-0.2776,0.7912,-1.7675,-0.6015,-0.9883,0.5415,1.4584,-1.9092,-0.3131,-0.453,-0.411,-1.5384,-1.954,-0.3357,-0.6126,1.0808,0.3993,1.0095,0.0518,-0.1342,-0.8335,-0.8224,-0.2,0.6495,-0.3183,0.2077,0.6153,1.2407,-0.1455,-0.7615,0.0956,-0.5317,0.5327,-0.6188,0.3987,-8.8199,-1.5466,-1.6637,-3.2847,0.0887,-0.1518,-1.5744,0.1294,0.8525,0.9511,-0.1205,-0.4072,-0.0963,-0.5044,1.1553,0.4761,-1.5998,0.6184,0.2003,0.2256,-1.5031,0.4997,-1.4402,0.9535,0.9081,-1.188,1.4647,1.577,-1.6261,-0.5421,-0.2779,0.9489,-0.2619,0.2281,-0.8,0.6484,0.3459,-1.9729,-215.9867,-0.8995,-4.1031,-0.2631,0.2096,-0.2316,0.3552,-0.8205,-0.8309,-3.0485,-0.2417,-0.5727,-0.1584,-0.4667,0.4952,0.885,1.0927,-0.7224,0.6107,-0.2177,0.7583,1.3249,-1.0701,1.0106,-0.8219,-0.5544,-0.1744,2.0624,-0.0147,1.2042,-5.5515,0.1891,-1.049,-1.9505,0.7554,-1.8094,-0.0622,0.2928,1.61,0.2738,-2.0574,-1.8523,1.5739,-1.4873,1.9048,0.8317,0.5067,-12.9559,0.8654,0.2984,-1.1738,-0.0154,0.412,-0.4609,-0.6943,-0.2757,0.6691,0.469,-0.6326,0.5399,0.448,-1.372,-0.0134,0.7748,0.2733,-5.4041,-0.0588,-3.2058,-2.1259,-0.6558,-27.5977,-1.9958,0.2373,-0.6001,-0.1217,0.1687,-0.3729,-0.363,-0.2095,-0.7259,-0.0469,-2.8257,-0.0466,-0.4045,-1.5018,-9.8798,-0.7112,0.7044,-0.1849,1.3286,0.2355,-0.6836,-1.6784,-0.7856,-0.5495,0.3901,0.6912,-0.1159,-0.7796,0.6838,1.8443,-0.0004,0.4663,-0.4566,1.9192,-0.2049,-0.3489,-0.9228,-3.5748,0.4354,-0.2058,-0.0635,0.0146,1.6053,-0.7502,0.0928,-2.6093,-0.6009,1.0826,-146.0792,0.3937,-0.5228,-0.5108,0.2885,-2.8063,-1.5805,-0.7116,-0.3274,0.1451,-0.3555,-3.2166,-0.106,0.8766,-0.5625,-0.4006,0.9381,0.6377,-2.5918,0.367,0.1393,-0.4303,-0.7356,-0.1753,-0.4997,-2.1581,0.9416,0.8732,0.8675,-0.4277,-0.7703,-0.8774,-0.0673
0.4384,-0.6486,-0.9131,-1.0442,-0.4806,-0.1261,-1.2781,1.1978,-0.24,0.6053,-0.1695,0.0751,1.3395,-1.4973,0.0324,-1.516,-1.465,-1.0495,0.1837,-2.7362,-0.8449,-1.5268,-0.3784,-1.8667,-1.141,1.1258,-0.7793,1.0137,-0.3735,-1.045,-1.6953,-0.5584,-0.7999,-0.0739,0.5944,-0.0232,-0.8725,1.1604,-0.699,-0.0702,-0.7059,-0.5129,1.5667,-0.8659,-1.0089,-1.5809,-0.1078,-1.0188,0.7723,-0.1642,1.3929,0.8044,0.5613,0.9893,0.53,-0.7313,0.9182,-0.5547,-1.1777,-0.8918,-8.8199,-0.7893,0.9614,-3.2847,-0.6176,-0.303,0.6327,0.4527,-0.2521,-0.8125,-1.0223,-0.2732,-1.1761,0.8884,0.4644,-1.2143,-0.4784,0.931,-0.3519,0.3286,1.9388,-1.4131,0.5699,1.9528,-0.4794,1.0127,-1.3317,0.3865,-1.1487,-1.6328,-0.7476,1.0264,-0.9529,-0.5758,-0.6523,-1.5371,-0.7339,-0.1923,-215.9867,0.4183,-4.1031,-0.4774,-1.0589,-1.1566,1.0724,-1.8952,-0.9531,-3.0485,-0.1059,-1.1629,0.3355,0.4379,-0.083,-0.6547,0.172,0.4631,-1.2047,0.456,-0.8043,-0.8901,-0.0814,-1.291,0.7545,-0.492,-1.1353,0.6931,0.5806,-0.9331,-5.5515,-0.7131,1.7687,-0.7885,-0.813,-0.0895,-1.0755,0.3673,-1.9335,-0.6633,-0.9848,0.4317,0.105,-0.6522,-2.0628,-0.8041,-0.1601,-12.9559,-1.6172,-1.0894,-0.608,-0.2604,-0.9175,-0.0173,-0.9308,-0.4325,0.0309,-1.9684,-0.7128,-1.0658,-0.2827,-1.372,-0.4138,-0.2838,-1.5933,-5.4041,-0.3857,0.9234,-2.1259,-1.5912,-27.5977,-0.1194,0.45,0.4775,-1.2775,0.1294,-0.299,-1.1566,-0.8119,1.1421,0.9954,-2.8257,-1.2074,-0.5758,-0.2369,-9.8798,0.2231,-2.0256,1.9609,-0.085,-0.6086,-0.9934,1.9211,-1.3674,0.5057,-0.5991,-1.3569,-0.7842,-0.9932,0.5446,-1.5004,-0.5899,-0.0607,-0.2688,0.2793,-1.0649,1.335,-2.5628,1.2437,-1.0587,1.0823,0.9158,0.682,-1.0412,-0.0341,-0.0946,-2.6093,0.3048,-0.8112,-146.0792,-0.3859,1.3243,-1.9094,1.6351,0.4471,-0.8329,0.0272,-0.7669,-0.9983,0.9401,0.1865,0.8015,-1.4874,1.4251,1.5113,-0.1306,0.2904,-2.5918,0.921,0.0222,-0.3403,-0.1239,-1.3452,-0.4746,-0.109,-0.8395,-0.807,-1.0973,0.7389,0.2587,-1.0433,0.7254
0.5786,0.4814,0.5262,-0.1042,1.4734,0.7345,1.0432,1.4444,0.4059,0.0432,1.8706,-0.2039,-2.2225,-1.9134,-0.2687,-1.1214,0.1663,-2.3138,0.8044,-2.7362,1.0543,-0.7356,0.8255,-1.8667,0.3212,-0.069,1.0634,1.0171,1.0219,-1.26,4.4721,0.6523,-0.4474,0.8022,1.7582,-1.3422,-1.5384,-0.1078,0.527,0.1307,-0.4376,-0.1016,0.8237,-1.6277,-0.7713,1.6819,0.3561,-0.7386,0.7428,-0.3964,0.3135,0.8224,-0.8553,0.1851,0.0144,1.5365,0.022,3.9763,-0.6929,2.2202,-8.8199,-0.9883,1.0957,-3.2847,-1.6984,1.7739,1.2112,-0.1287,-0.7946,-1.0924,0.3505,0.7656,-1.0749,-2.2712,-1.9165,-0.6389,-1.1741,-0.8661,2.2974,0.0718,-1.5031,-2.3546,-0.2515,0.4128,-1.3733,-1.3317,-0.8078,-0.7796,2.0758,1.2652,-1.531,1.7207,-1.6598,-1.2639,1.0324,-0.4481,-0.3317,-1.9729,-215.9867,0.5838,-4.1031,-0.3301,0.8651,1.3539,1.6338,0.7397,0.2981,-3.0485,-0.7595,1.7207,-1.1431,-0.2704,0.6848,-1.1898,0.1266,0.5302,-0.0792,0.0494,-0.7484,0.0339,0.7326,-1.468,0.9868,-0.4436,-0.8818,-0.9016,-0.766,-0.4681,0.137,0.7416,-0.6841,-1.9505,-1.3351,-0.5415,0.0312,0.0624,-1.9335,-2.0974,-2.0574,0.2929,0.5996,-1.4873,2.0261,-1.1833,-0.7819,-12.9559,-0.2035,1.2825,2.766,1.6076,-2.3921,-0.1183,-0.2575,-0.857,1.4372,-1.9684,-0.0689,0.2699,-1.3558,-1.372,0.8577,-1.904,-0.7611,-5.4041,0.6108,-3.2058,-0.3695,1.1459,-27.5977,-0.6125,-4.4238,-0.5166,-1.3387,-1.3425,-0.5,-0.3908,-0.3654,1.8573,-0.7008,-2.8257,-0.9085,-0.7687,1.2081,-9.8798,-0.6682,0.0602,0.1097,0.9878,1.362,-0.6194,-1.045,-1.3994,-0.7388,-1.3039,0.0459,1.7232,-1.2338,0.8481,-0.4696,-0.2858,0.3187,0.9789,-1.2124,-1.961,-0.0059,-1.395,0.048,0.901,1.3058,-0.1262,1.7704,0.8825,-1.4336,-2.5558,-2.6093,0.1782,1.1478,-146.0792,0.4265,-0.0485,-0.3904,1.0756,-2.8063,-0.347,-0.4812,-0.7063,-2.1494,-0.9466,-2.3748,-0.2891,-1.3284,0.5804,2.7807,0.6639,-1.6879,-2.5918,-1.1998,0.6566,-0.4645,0.2526,-0.2187,0.3883,-0.6475,-1.2966,-0.5054,0.3377,1.2074,0.3323,-0.6719,2.4245
-0.8513,0.9685,0.2315,-0.3986,-0.5914,-0.3387,-1.133,-1.1379,-1.1462,0.0032,-0.2508,0.1221,0.0104,-1.4489,0.7299,-1.0548,-1.465,1.6255,-0.0642,-2.7362,-0.229,-0.4013,-0.9105,-0.888,0.3129,-0.7019,-0.331,0.6503,0.0571,-0.4837,-0.1041,-0.8727,-1.9092,-0.4452,0.7315,0.2913,-1.5384,-1.104,0.1565,0.2059,0.4858,-0.4389,-0.5991,-0.1996,-0.9112,-0.9573,-0.6224,0.8433,-1.6205,-0.9238,0.9312,0.7885,0.6026,-0.1744,-0.5145,-0.526,-0.6315,-0.2677,-0.9957,-0.3619,-8.8199,-1.5466,-1.1098,-3.2847,1.3917,-0.4573,-0.8386,-0.3209,0.0465,-0.4172,-0.5851,-0.5973,-1.2649,-0.3989,0.7045,-0.4028,-1.5998,0.8796,-0.4313,0.2363,0.0884,0.2024,-0.284,-0.6992,-0.3702,0.7932,-0.3904,1.0934,0.2935,-1.6328,-0.3348,-0.7894,-0.2572,-0.854,0.3374,-1.1473,0.8502,-1.9729,-215.9867,-0.3341,-4.1031,-0.4927,0.1845,-0.3554,-0.0376,-2.5138,-1.4171,-3.0485,0.8329,-1.0135,0.3907,0.9466,-0.5265,-1.0266,0.6981,0.3433,-1.3372,1.2057,-0.101,-1.106,-0.1437,-0.6849,-0.4969,0.0613,0.5525,0.7763,0.5109,-0.1715,-5.5515,-0.3609,2.7764,0.2277,-0.2102,1.1885,-0.9657,0.8223,-0.4839,-1.2518,-0.9269,-1.8523,1.1814,-0.9949,-2.0628,-0.032,1.8763,-12.9559,-1.6172,-1.0272,-0.5826,0.9692,0.3689,-0.7357,1.5116,-0.8909,0.085,-0.4225,-0.8538,-1.8116,0.1357,-0.7545,1.1214,-0.9487,-1.5933,-5.4041,0.2094,-3.2058,-2.1259,-0.8108,-27.5977,-0.8894,0.7053,-0.5623,-1.0839,0.0151,-0.2362,-0.5438,0.0183,0.581,2.2115,-2.8257,1.0162,3.7947,-0.1868,-9.8798,0.06,-0.0783,2.1623,0.9943,-1.0477,-0.9299,-0.4542,0.1166,-0.3248,0.1219,-1.0329,-0.4306,-1.9088,0.6674,-0.755,-0.0349,0.0624,0.8067,0.1741,0.1068,1.1696,-1.0898,1.7198,0.0094,-0.2927,0.6508,1.8455,0.3976,-0.9474,-0.7839,-2.6093,-0.5051,-0.5331,-146.0792,-1.1442,1.6198,-0.781,-0.1206,-0.888,-1.2636,-0.2153,-0.7843,-0.454,-0.6385,0.014,1.0244,0.0251,-0.4379,0.7884,1.2682,1.1959,-2.5918,-0.3332,0.9689,0.1565,0.482,-1.2797,-0.3848,-2.1581,0.5552,0.9969,0.0275,0.1424,-0.2744,-1.1811,-0.0039
0.9185,1.659,0.2905,-0.5157,-0.918,-0.8459,-0.299,-0.8707,-0.8168,-1.5468,0.2135,-0.4714,-2.2225,0.65,0.2609,-1.4318,-1.465,-2.3138,0.0344,0.3811,-1.5492,0.185,0.3162,-1.8667,0.0617,0.0121,0.5234,-1.7675,0.4434,0.7632,1.0831,-0.6848,-1.9092,0.7565,0.1283,-0.7629,0.3601,0.3454,-0.1955,0.3747,-0.6923,0.5513,0.1664,-0.3388,0.1781,-0.5799,-1.1885,-0.8383,-0.2878,-0.7294,0.8742,0.3952,-0.6725,0.0115,0.1893,0.7873,0.1581,-1.6905,-1.1056,-1.2496,-8.8199,-1.5466,-0.6252,-3.2847,0.0255,-0.0324,0.0322,-0.2448,0.3659,-0.391,-0.4929,0.4736,-0.8779,0.6147,0.1345,0.174,-0.6789,0.1634,0.1229,0.3786,-0.4459,-0.4632,0.1855,-0.8107,0.1509,-0.604,-0.4613,-2.1523,0.0877,0.2143,-0.9316,-0.7386,-0.5587,-0.0013,0.3276,-1.1642,-0.245,-1.9729,-215.9867,0.2297,-4.1031,-0.202,-0.7403,-1.2916,-0.5819,-0.0014,-0.0942,0.4739,-0.5411,-0.7062,0.6047,0.5362,-0.3931,-1.4975,2.1295,-0.5853,-0.9301,-0.3887,0.9388,-0.2567,0.4206,-0.9341,-1.5838,-0.1018,2.5024,-1.6109,-0.8886,0.2274,-5.5515,-1.0128,0.7838,-1.9505,0.562,-0.1816,0.3853,1.1997,0.9538,-0.7401,-2.0574,-1.8523,-0.581,-1.4873,-0.4315,-0.5915,1.0573,-12.9559,-0.9642,-2.2414,0.1171,-0.7163,-0.1387,0.6176,0.6644,-0.5866,0.6235,-1.9684,-1.0565,-0.8741,-0.8198,-0.1487,0.1932,-1.904,-1.5933,-5.4041,1.6987,-3.2058,-2.1259,-1.5912,-27.5977,-1.9958,0.3051,0.999,-0.8722,0.2333,0.8774,-0.3993,0.4246,-0.3427,-0.3216,-2.8257,-0.2338,-0.6151,-0.463,-9.8798,0.6396,-0.0255,-0.5494,0.9138,-1.783,1.1849,-0.3079,-0.042,-0.7064,-0.3542,-0.6095,-0.8243,-0.4484,1.1405,-0.5339,1.1858,0.4048,-0.3148,0.394,-0.1279,-0.1921,0.046,-0.7495,-1.1118,-0.084,-0.1729,0.4706,-0.8002,-0.7209,-0.0343,-2.6093,-0.229,0.8198,-146.0792,0.4759,0.3208,-0.6583,-0.7444,-2.8063,-1.605,-0.1069,-0.9507,-1.7285,-1.063,-0.4434,0.3483,-0.3625,-0.1608,-0.1123,-1.7875,-1.6879,-2.5918,0.1656,0.264,0.6819,0.9521,-0.1625,0.9132,2.1219,-2.6504,0.363,0.0826,0.077,0.0671,-0.4151,-0.1495
-0.6007,-0.2535,-1.2985,-0.4363,-0.8666,1.5969,-1.1145,-0.544,3.6103,0.8551,-0.0327,0.2463,-2.2225,0.0164,1.0449,-1.6377,-0.5516,-0.4968,-1.2588,-0.0881,-1.5492,0.4426,1.1367,-1.8667,0.0292,2.5832,-1.0733,-1.0418,1.6453,-0.7285,-1.6953,0.1608,-0.315,-1.0636,0.8017,-0.9351,-1.5384,-0.795,-0.804,2.6856,-0.0466,-1.7512,-1.0579,-0.5329,-1.8328,-1.5809,1.0013,-0.7531,-1.3364,0.1397,-0.0801,0.1096,-0.6159,-0.721,-0.2878,-1.4923,0.5523,-0.7773,-0.1734,-1.3618,-8.8199,-1.5466,0.3584,-3.2847,-0.8294,-0.9583,-0.8603,-0.7642,0.1978,-0.8717,-0.2204,1.6732,0.2238,0.5465,0.1502,0.3612,1.2194,-0.164,-0.6542,0.4989,0.0413,0.7434,-0.1406,-1.8433,-0.0555,0.4558,-0.5746,-2.1523,1.2199,0.5971,0.4118,-0.4228,-1.9442,0.0164,1.7081,-1.6454,-2.2193,0.2484,-215.9867,0.7535,-4.1031,2.4874,-1.1639,-0.6309,0.412,2.4382,-1.4171,-3.0485,-0.6898,-0.2091,0.4164,1.1237,0.0972,-0.5018,0.7365,0.7755,0.2335,0.4215,-0.1152,-1.6835,-0.586,-0.2712,1.3488,1.012,-1.9329,1.5198,-0.1998,1.6584,-5.5515,-1.2997,0.6951,-1.9505,-1.3852,-1.8094,0.2251,-0.9602,-1.9335,1.9114,2.7774,-1.8523,-0.1392,-0.8159,0.3201,0.4097,-0.6942,-12.9559,-1.288,-2.2414,0.258,1.2196,-0.3904,1.2706,-0.7026,-1.1619,1.1301,1.7487,-0.7801,-0.7991,1.6122,-1.372,0.5354,-1.904,-1.5933,-5.4041,-1.7868,-3.2058,-2.1259,-1.5912,-27.5977,-1.9958,-1.9267,0.9031,-0.5097,1.1773,0.6693,1.5932,0.4671,0.1448,0.8047,-2.8257,0.3067,-1.3098,-0.3067,-9.8798,0.7002,0.3241,-0.9572,-0.4685,1.4347,-2.1702,1.4401,0.4206,-0.434,-0.1227,-0.3979,2.393,0.6506,-1.3108,-0.3766,-0.3711,0.3713,0.8319,-1.4649,-0.2644,0.7279,-0.4165,-2.1272,0.8689,0.0229,1.5834,-0.3712,-0.0332,1.6657,-0.5328,-2.6093,0.1219,-0.1936,-146.0792,1.1115,0.4192,0.9244,1.2071,-2.8063,0.8525,-0.2425,0.1074,-0.7025,-0.1358,-0.1914,-1.4628,-1.5936,0.1416,0.5094,0.0949,-0.9585,-0.0943,-1.6568,0.1296,-1.5686,-0.4869,0.164,0.7294,-2.1581,-2.6504,-1.0177,0.6289,0.585,2.0,1.5153,-0.6141
-2.6915,-1.8837,-0.2581,-0.4951,-0.2507,0.5142,-1.5055,-0.6496,0.1718,0.1448,0.0836,0.4373,-2.2225,-2.2711,-0.5775,-1.4828,-0.6369,-0.7049,0.3746,-2.7362,-1.5492,-1.5268,2.835,-0.6851,-0.2181,-0.5249,0.0712,-1.7675,-0.8899,-0.3703,-1.6953,0.9168,-1.9092,0.3682,1.5475,-1.5824,-1.5384,-1.954,3.0028,1.7313,-0.7306,1.2017,-0.1429,-0.6583,2.1617,-1.5809,-1.3686,-1.2551,-0.7562,0.4973,1.5303,-1.5069,-0.456,0.3933,-0.0912,-1.2671,1.72,-1.6905,-1.1814,0.2976,-8.8199,-1.5466,0.1219,-3.2847,0.803,0.4559,1.4672,0.1089,2.585,-1.5131,0.7575,-1.677,-1.3542,1.2508,0.6791,0.6138,-1.5998,-1.6099,0.6744,0.9174,-0.7079,0.7897,-0.6165,-1.8433,1.1972,0.1493,-1.0339,-0.8268,1.8695,-1.0033,-0.2729,-0.574,-0.5775,-1.2802,0.1587,0.023,-0.4318,-1.9729,-215.9867,2.0137,-4.1031,0.5692,-0.7036,-0.8374,0.7239,1.3274,0.5025,-3.0485,-1.529,0.5229,-0.8711,1.8979,-0.0519,-1.6842,1.0063,-0.0732,-0.3907,1.8355,1.6178,-1.6835,0.2999,-0.854,-0.0806,0.8048,-0.9179,-1.6109,1.1603,0.8231,-5.5515,-1.0912,-1.4983,-1.9505,-1.4433,-1.8094,-1.7568,-1.0895,-1.9335,-1.0765,-0.6925,-1.8523,0.6398,-1.4873,-2.0628,1.2153,-1.1147,-12.9559,-1.6172,-0.7754,-0.6585,1.1747,-1.9283,-0.2415,0.2179,0.0949,0.4035,-0.1381,-0.4847,-1.8041,0.125,3.4911,-2.5747,-0.7506,-1.5933,-5.4041,-0.7894,-3.2058,-0.4298,-1.5912,-27.5977,-1.9958,-0.2304,2.2942,1.7845,-1.65,-1.6904,-1.6445,-2.0806,-1.5379,-1.7402,-0.6399,1.7026,0.1687,0.4643,-9.8798,0.7952,-1.3506,-1.3717,-1.14,-2.729,-2.1702,-1.6784,1.1226,0.1033,-0.3658,-1.1858,-0.0117,1.1892,0.8614,1.1508,0.5372,0.2838,0.4231,0.1177,-1.8494,0.8608,0.5097,-1.1514,1.0638,1.6494,-0.2404,1.5076,3.2788,-1.4336,-1.0445,-2.6093,-0.455,0.6689,-146.0792,0.6536,1.9155,0.8798,1.8099,-2.8063,-1.8608,-0.9629,-1.3366,-1.4097,-1.4165,-0.0754,0.1572,-0.9774,0.9308,-0.3807,-0.7282,-1.6879,-2.5918,-0.2472,0.8879,-0.8402,-1.2696,0.0456,1.2467,1.9691,-0.9636,0.2829,-1.1856,3.5713,1.9913,-1.1811,0.3761
-1.9321,1.0001,-0.9297,0.0502,0.7696,1.0251,0.6798,1.2062,1.2131,-0.4184,1.4979,0.0068,-0.5713,0.1773,0.1146,-0.3018,-0.3958,-2.3138,0.5275,-2.7362,1.155,-1.5268,1.8357,-1.8667,-0.4153,1.4815,-0.2181,-1.7675,1.0827,-0.7451,-0.8292,-0.9011,-0.3715,-0.7951,0.0396,-0.5973,-1.5384,-1.954,-0.525,1.7972,1.0461,-1.2697,-0.5716,0.1961,0.1695,-0.7608,-0.0659,-0.8061,1.5328,1.614,2.6618,0.8309,0.4965,-0.3948,-1.2463,0.4237,1.2453,1.4092,0.2061,-0.9675,-8.8199,-1.5466,1.357,-3.2847,0.2283,0.4108,1.4312,-2.029,-0.6121,-0.9243,-0.4093,-1.677,1.2663,1.4611,-1.6977,0.5746,-0.3596,-0.409,-0.7374,-1.0288,2.6514,-1.0268,-1.4203,-0.9973,-0.7275,-1.2417,-0.5426,-2.1523,0.0713,2.3458,-0.2706,1.0203,-1.1279,0.5282,1.4391,-2.1197,-1.1248,1.9773,-215.9867,1.9018,0.1669,-0.0118,2.2917,1.3863,3.4323,1.9635,-0.3062,-3.0485,-0.1311,-0.8784,-1.5406,0.5634,1.013,-1.1153,-0.4586,-1.3778,0.9009,3.335,2.2049,-0.9719,-0.3598,0.2131,0.1714,0.3251,-0.0233,-0.8648,-1.5393,-1.1727,-5.5515,0.2583,-0.6468,-1.9505,-1.0904,2.4193,-0.7784,-1.6977,1.4651,-2.0974,2.6567,-1.8523,-1.4902,-1.4873,-2.0628,0.9816,1.0315,-12.9559,-1.6172,0.5166,-0.2824,0.8638,2.2306,-2.0052,-0.6617,-0.3915,-0.6585,2.0545,0.5607,0.178,-0.1478,2.1389,-0.5914,-1.904,-1.5933,-5.4041,-0.7003,-3.2058,-2.1259,-1.5912,-27.5977,4.6755,-1.8474,-0.6552,0.8618,0.0922,1.4048,-0.4212,1.5872,-0.4908,-1.3505,-2.8257,0.6427,-0.7406,4.1724,-9.8798,-0.3755,0.1447,-1.3717,0.1056,1.7885,-2.1702,-1.6784,-0.4164,-0.9341,-1.5308,-0.6588,-0.961,-1.9088,-0.1412,-0.1656,-0.0482,0.872,1.6946,-0.1525,-0.2621,1.6304,-0.3025,0.5159,0.7247,0.1842,1.259,0.5497,0.9354,-0.8253,-0.3641,-2.6093,-0.3759,0.1892,-146.0792,-0.7321,1.1402,-0.3021,0.82,-2.8063,0.5862,-1.306,3.1478,-0.8295,-1.3188,-0.0749,-2.3049,-1.2542,2.1667,1.5066,-0.2667,0.7878,2.9456,0.3722,0.6933,-0.7248,0.0707,1.4715,-0.6044,-2.1581,-0.116,-0.4424,0.5888,1.2757,2.5076,-1.1811,-1.6928
1.6808,-1.3822,0.967,1.4761,-0.4099,-0.2109,0.4927,0.6769,-0.6357,0.4225,-0.0563,-0.0899,-0.8564,1.5808,-0.7732,0.6894,0.0346,-2.3138,-0.968,-2.7362,-1.5492,-1.5268,0.4329,-1.8667,-0.375,0.6513,-0.1025,-0.3885,-0.0032,0.353,-1.6953,-0.361,-1.9092,0.1155,0.03,-0.5711,-0.1917,-0.3229,-0.7243,-0.6137,-0.0431,-0.5427,-0.3852,-1.6277,0.8787,-1.5809,0.1829,1.006,0.779,-0.1705,0.1752,-0.4828,-0.9029,-0.4578,1.345,0.3378,-0.144,-1.6905,0.1981,-1.2015,-8.8199,-1.5466,-1.0524,-3.2847,-1.005,-0.3145,-0.9901,1.4554,-0.3314,0.9948,-0.1187,-1.0165,-0.7856,0.4206,0.3038,1.5303,-0.5255,1.4341,0.506,0.4209,-1.5031,0.9687,0.0434,0.1867,0.7855,1.5416,0.6221,-0.0456,-1.086,-0.2817,0.2598,0.8704,1.4384,1.2345,-0.9988,0.68,1.4408,-1.9729,-215.9867,0.9333,-4.1031,-0.5203,-0.7763,-0.8749,-0.8974,-0.0093,-1.4171,-3.0485,0.0657,-1.106,-0.1254,0.3135,0.4872,0.8746,-0.2555,0.0907,0.7032,-0.7368,0.3658,-0.1719,-0.8672,-0.543,0.2845,-0.7311,1.1292,-1.6109,-0.4621,-0.5126,-5.5515,-0.7138,-0.527,-1.9505,1.1068,0.1365,-0.4022,-1.5801,-1.0466,-0.4748,-2.0574,-1.8523,0.9696,-1.4873,-0.1128,0.0424,-0.1346,-12.9559,-0.0324,-0.9202,-1.1738,-0.5772,0.5411,0.3894,1.4848,2.1326,-0.4574,-1.9684,-1.0565,0.7804,-1.0227,-1.0939,-0.5045,-1.904,-0.869,-5.4041,-1.7868,-3.2058,-0.5973,0.431,-27.5977,-1.9958,0.6799,0.372,0.8918,-1.3996,-0.9689,-1.6445,-1.4204,-0.835,-0.226,-2.8257,0.4394,-1.3098,-1.5018,-9.8798,0.2759,0.7696,0.269,-1.1996,-0.1336,-2.1702,0.3835,-0.0743,1.8984,0.6469,-1.2468,0.0676,-0.2052,0.4121,0.2111,0.1356,0.4151,-0.3467,0.146,0.7781,-0.4311,0.4397,-0.7579,0.5127,-0.7838,1.7131,0.1268,-0.9505,0.2774,0.7036,-2.6093,1.7135,0.5214,-146.0792,-0.7788,-0.2713,0.3921,-1.0727,-2.8063,-0.0857,0.3036,-0.6869,0.4067,-1.1302,-0.3749,0.0391,0.6184,-0.4952,0.1559,-1.7875,-1.6879,-2.5918,-0.3289,-0.3797,-0.0428,-0.0446,1.6621,-0.236,-0.8435,0.6761,-1.1922,-0.8341,-0.8066,-1.1127,-0.9025,-0.3635
1.4688,0.2822,-1.0577,-0.6521,-0.3594,0.5729,0.3608,-0.1626,-0.6246,-0.5141,0.2319,-0.3931,1.0891,1.0697,0.7497,-0.7857,-0.8908,-0.8321,-0.2073,1.0632,0.4088,-1.5268,1.3201,-1.8667,-1.5139,0.765,-0.0524,-0.7263,1.4649,2.1575,-1.6953,0.1606,-1.9092,-0.2806,-0.3778,-0.9932,-0.1653,-1.954,0.0281,-0.5666,-0.598,-1.4368,-0.2668,-1.6277,0.2826,0.064,0.7116,-0.1382,-0.8729,-1.1577,-0.3787,-0.2207,-1.6379,-1.2032,0.5539,0.6231,0.3656,-0.9459,0.252,-1.0227,-8.8199,-0.3688,-1.3555,-3.2847,-0.4516,0.3446,0.0905,0.3357,-0.2915,0.027,-1.0702,0.569,-1.1307,0.492,0.8069,2.0302,-1.5998,0.4903,1.2656,-0.2007,-1.5031,-0.4686,-0.4008,-0.1465,0.4158,0.7904,0.2707,-0.9315,-0.8836,-0.2575,1.5274,0.0895,1.2642,1.1649,-0.6918,-0.2323,0.8209,-1.9729,-215.9867,-0.0814,-4.1031,-0.4567,-0.0593,-0.7221,-0.2017,0.187,-0.4603,-3.0485,-0.8447,0.1673,0.9447,0.0963,-0.2686,-0.6942,0.5365,-1.1994,0.606,-0.1784,1.829,0.3796,-0.8601,0.7379,-0.6814,-0.6129,4.3884,-0.1145,-1.2319,2.1779,-5.5515,0.4069,-0.7649,-1.9505,0.6708,-1.8094,-1.3539,-0.8724,-1.0272,-1.1572,-2.0574,-0.7541,-0.3322,-0.9398,-2.0628,-0.69,1.0807,-12.9559,-0.1165,-0.8913,-1.1738,-1.0805,0.5344,1.268,-0.8267,-0.4224,-0.5135,-0.2679,-1.0565,0.256,-1.0042,-0.0488,0.8219,-1.904,-1.5933,-5.4041,-0.8682,-0.4986,-2.1259,-0.0644,-27.5977,0.9225,0.5546,1.3029,-0.0642,0.0047,0.5755,-1.6445,-0.5844,-0.543,0.0332,-2.8257,0.5612,-0.8286,-0.4889,-9.8798,0.8644,0.2502,-1.0337,2.0919,-1.0316,-2.1702,-0.3421,-0.5121,0.7782,-0.5321,-0.0093,-0.2875,-1.3085,0.5491,0.3544,2.1965,0.3999,-0.4133,-0.4326,-0.143,0.7091,0.5719,-0.6073,-0.662,-0.689,1.1206,-0.7061,-1.6097,1.4247,0.5634,-0.3986,-0.5292,-0.0256,-146.0792,-1.4451,0.4969,-1.992,-1.3111,-2.8063,1.118,1.6574,-0.3772,0.4286,0.0051,0.0474,-0.4862,0.0672,-0.6365,-1.5817,-1.2282,0.2911,-2.5918,1.3231,-0.4619,-0.2322,-1.0373,0.5326,-0.6272,-0.8147,1.3208,-1.1771,-1.4736,-0.4237,0.3509,-0.6439,-0.5705
-0.3844,-1.0801,-0.6689,-0.0377,-0.5076,2.2472,-0.3828,3.0871,-1.3394,1.3407,-1.5583,2.699,-2.2225,-0.6517,0.6035,1.5666,-1.1769,-2.3138,1.5174,-0.8299,0.6136,-0.9056,0.0996,-1.8667,0.6979,-0.924,0.4835,1.0704,0.2314,-1.26,-1.6953,-2.0776,-0.7616,1.5153,-0.0494,0.6419,-1.5384,2.358,-0.9307,-1.7139,0.6937,-1.2126,-1.832,1.0845,0.1988,0.236,-1.9013,-1.3051,2.4546,0.9424,-1.8786,0.1574,-0.2665,-1.6742,-0.1818,-1.1459,0.9731,0.8645,1.1639,0.0317,-8.8199,-1.5466,-1.7882,-0.8927,-1.6984,-0.2407,0.7113,1.3458,0.3849,-1.068,-0.9993,1.0479,0.4009,0.3929,-1.0043,2.5382,-1.5998,-0.7184,2.1126,2.033,-0.3512,-0.9378,0.7791,-1.8433,0.6956,2.162,-0.8028,-1.0746,-0.3626,-1.6328,-0.2203,0.3244,0.0295,-0.6191,-1.2143,-0.2829,-1.2139,-1.9729,-215.9867,1.22,-4.1031,-0.2294,-0.3984,0.5847,-1.7959,-1.9244,-1.4171,-3.0485,0.2641,1.2375,-0.9846,1.5571,-1.6861,1.5509,-0.8055,0.0013,-0.8489,-0.3006,-0.0271,-0.119,-0.6205,0.3756,1.1299,1.3031,-1.1077,-1.054,0.2496,-1.3245,-5.5515,-0.1503,-1.4983,-1.9505,-0.9452,-1.8094,-0.1089,-1.6581,-1.9335,-2.0974,-2.0574,-0.8828,-0.9942,-1.4873,-0.2854,-1.8712,1.7753,-12.9559,-1.6172,-0.1178,-1.1738,0.7714,0.5176,0.285,0.1813,-1.6996,-1.2376,-1.9684,-0.8575,-0.3784,-0.1097,-1.372,-1.4273,-0.9663,-1.5933,-5.4041,0.1786,-3.2058,-2.1259,-1.5912,1.0,-1.9958,0.154,1.7333,-0.4653,2.0456,1.7347,-0.7032,1.2732,-0.8068,-1.4493,-2.8257,-0.8147,-0.885,-1.1248,-9.8798,1.1807,-0.2047,1.9706,1.6894,-0.5936,-2.1702,0.7497,1.64,0.7414,0.7744,-0.587,-0.7613,-0.9646,-0.229,0.0541,-0.3022,-2.3085,-2.0919,-0.6671,0.3926,-1.2908,0.8042,-1.5121,0.8734,-1.6647,0.4297,0.8589,1.2262,-0.4694,0.6532,0.868,1.7132,-1.8102,-146.0792,-0.6396,-0.9782,0.6899,-0.2762,-2.8063,0.5439,-1.306,-0.2376,1.8341,-0.6661,-0.6807,0.0231,-0.8182,-0.9274,0.7117,-0.9077,-1.1628,-2.5918,-0.6656,0.118,1.6715,-0.9502,0.1907,-1.6585,-0.9722,0.2981,0.7515,-1.6404,-0.2896,-1.657,1.6976,-0.4373
1.3617,-0.9006,0.5938,0.6673,-0.0238,0.6789,0.8265,-1.5796,-0.3931,-0.2338,0.2425,0.4513,-2.2225,1.5182,0.3867,0.5295,0.1506,-2.3138,-1.4497,-2.7362,-0.7143,-1.5268,-1.2391,-1.8667,0.4039,-0.1069,-1.9916,1.0074,-0.4965,0.1052,-0.3936,1.1128,-1.9092,-0.3495,0.1565,0.7957,-1.5384,-0.9979,-0.0694,-0.3692,-0.173,-0.7577,-1.0324,-0.7246,-1.076,-1.5809,0.5505,1.0633,-1.523,0.3795,-1.0909,-1.1036,0.215,-0.5671,-0.0468,0.1376,-0.4051,-1.6905,-0.6303,-0.7878,-8.8199,-1.5466,-1.2333,-3.2847,-1.6984,-2.688,-0.5887,0.7497,0.1406,0.7081,-0.643,-1.677,1.1826,0.6127,-1.5063,0.1177,-0.9268,0.0845,-0.1548,0.7023,-0.7623,0.2641,-0.4403,-0.5717,-1.8114,1.1175,-0.1255,-0.9174,-0.8766,-0.6021,-0.0667,-0.0194,1.1203,0.1354,-0.9915,0.8103,1.2566,-1.9729,-215.9867,-0.686,-0.4512,-0.297,-0.5724,-1.3644,-0.0265,-1.0821,-1.4171,-3.0485,0.1096,1.4771,-0.3546,-0.9224,0.9516,1.2556,-0.0273,0.9954,1.2362,-0.7102,0.0272,0.0457,-0.1802,0.3098,-0.4079,-0.1643,-0.2711,-0.4895,-0.1279,0.678,-5.5515,0.2375,-0.7573,-1.9505,0.794,-0.6688,-0.7493,-0.0047,-1.9335,-2.0974,-2.0574,-1.8523,0.6511,-0.9335,-0.9197,0.1273,-1.1687,-12.9559,-0.107,-2.2414,-0.6901,-0.0123,-0.1415,-0.5866,-0.7157,0.422,-0.9822,-0.9908,-0.5169,0.4213,-0.4644,0.3849,-1.2779,-0.8295,0.5613,-5.4041,-1.7868,-3.2058,-2.1259,-0.7134,-27.5977,-0.7513,0.0905,-0.5311,1.114,-0.0715,1.0463,-0.9076,-0.2567,-0.1764,0.0447,-2.8257,1.124,-0.823,-1.0698,-9.8798,0.5376,0.6968,-0.3878,-1.763,0.5604,-2.1702,-0.677,0.8221,0.157,0.3868,0.3511,0.5677,-0.4714,0.1561,0.3224,0.4278,0.5947,0.828,1.2784,0.3694,-0.7103,1.6714,0.3073,-0.9872,0.5722,-0.3176,1.023,0.7738,-0.683,1.2282,-2.6093,0.2151,-1.3243,-146.0792,-0.0255,0.5957,0.57,-1.0434,-2.8063,0.4882,-0.5493,0.1114,1.0315,0.7471,-0.0013,-0.9422,0.8747,-0.626,-1.1251,-1.2217,-0.2637,-2.5918,1.111,-0.2557,-0.2313,-0.1816,0.3961,-0.608,-0.7992,-1.6226,-0.6292,-0.4165,-1.3169,-0.3965,1.6245,-0.7815
0.3173,-0.1384,-0.7006,-0.2414,1.8252,-0.0467,0.2551,0.9641,-0.5777,0.7407,0.9343,0.5656,-0.6972,-0.2998,-0.8056,0.7794,-1.1084,-2.3138,1.9579,-2.7362,-1.5492,-1.5268,-1.8045,-1.8667,0.0666,-1.1276,-1.4549,1.5782,-0.3588,-0.0949,-1.6953,-1.221,-1.9092,0.4337,0.981,1.8024,-0.6857,0.4563,0.1497,0.1945,-1.9305,-0.3834,0.5504,-1.6277,-1.4032,-0.2605,0.0972,-0.7961,-1.4526,-0.404,-0.4443,-0.0191,-0.7659,0.6886,-0.1848,-0.7607,0.4213,-0.8769,0.6641,-0.6614,-8.8199,-1.5466,0.5055,-3.2847,-0.9242,-1.5309,-0.3738,1.6919,0.7585,-0.5601,-0.0209,-0.3916,-0.4834,1.0763,0.0823,-0.3587,-1.1862,1.3311,-0.059,0.8482,-0.7029,-1.0825,2.0453,-1.8433,-0.1953,0.4796,0.4585,-2.1523,-0.0048,-0.5287,0.5451,0.9705,-1.8443,-1.4994,-0.7949,-0.5535,0.3364,-1.9729,-215.9867,0.1146,-4.1031,-0.4448,-1.2108,1.0742,-0.9614,0.4793,-1.4171,-3.0485,-1.529,2.0161,-0.2872,0.5301,0.86,0.4977,-0.1041,-0.526,-0.7566,-0.2039,-1.594,-1.1296,1.566,1.8931,1.0795,0.2994,-0.1527,-0.9217,-0.5913,-0.7459,-5.5515,-0.9895,0.8582,-1.9505,-0.9774,-1.8094,-1.5681,-0.9192,-0.2077,-2.0974,1.1483,0.9484,-0.6406,4.5305,0.089,-1.3716,0.1532,-12.9559,-1.6172,0.3296,-1.1738,0.2902,-0.3531,-0.09,-1.0584,0.0541,-0.9453,-1.9684,-1.0565,0.3926,-0.4164,0.9657,-0.323,-1.904,-1.5933,-5.4041,-1.7868,-0.248,-2.1259,-0.6431,-27.5977,-1.9958,0.2047,0.1027,0.767,-0.6842,-0.179,-1.6445,-0.9748,0.042,-0.5718,-2.8257,-1.7416,-1.3098,0.1833,-9.8798,1.2115,-1.2181,-0.5098,0.2213,-0.4366,-2.1702,-1.6784,-0.6639,1.134,-0.8659,-0.94,1.158,-0.0559,0.2145,-0.5037,-1.1545,0.1255,0.2894,-1.5174,-0.2824,1.6465,-1.6673,-0.3161,-0.2518,2.2175,0.674,-0.3288,2.8043,-1.0076,0.3343,-2.6093,0.7321,-1.8102,-1.0,-1.0745,-0.1685,0.3746,0.1335,-2.8063,1.3066,-1.306,2.098,0.6202,0.1636,-1.5646,-0.6733,0.852,0.1581,0.4711,-1.7875,-1.6879,-2.5918,0.1686,0.658,0.6987,-0.4132,-0.6682,-3.0589,0.4002,0.6521,-0.54,-1.17,-0.2225,-0.6496,-1.1811,0.7814
-0.4694,-1.6505,-1.4097,-0.8286,-0.4594,2.0055,-1.7565,0.8061,3.0712,0.4007,-1.8894,1.5621,1.7435,-0.8225,-0.7253,-1.6377,-0.2693,-2.3138,-1.3023,-2.7362,-0.7403,-1.5268,0.6082,-0.8003,0.0056,-0.238,1.1762,-1.7675,0.2058,-1.26,-1.6953,0.2042,-1.9092,-0.7256,-0.2445,-1.2929,-1.5384,-1.0278,2.1158,0.9691,0.4097,-0.5408,0.2427,-0.7528,0.0776,1.1975,1.5758,0.6313,-2.4022,0.14,1.5302,-2.0011,-0.5909,-0.9698,0.164,0.232,-0.1612,-0.4038,1.1857,-0.3941,-8.8199,-1.5466,-1.4038,-3.2847,-1.6984,-0.2091,-0.9893,-1.0271,-0.1563,-1.5863,-0.7157,-0.5106,-0.6183,1.1352,0.0047,-0.4166,0.0343,-0.4897,0.4224,-1.4723,-0.7854,0.5788,-1.1624,1.9624,1.568,0.9996,-1.166,-2.1523,-0.3719,-0.2802,0.4128,-0.3458,0.0231,-0.4692,1.2662,-0.5625,-0.9436,-1.9729,-215.9867,-0.1049,-4.1031,1.9039,-1.2504,-0.6843,0.1163,0.6543,-0.4775,-3.0485,-1.529,-1.0354,-1.1942,1.3222,-0.4086,-0.9639,-0.2536,-0.8964,1.1067,1.1566,2.1189,-1.6835,-0.062,-0.4318,-0.3369,0.3356,-0.3176,-1.6109,-0.5774,-0.3305,-5.5515,-0.4003,-1.4983,-1.9505,-0.5787,0.8212,-1.1435,-0.5464,-1.9335,-2.0974,-0.8255,-1.8523,0.5343,-1.4873,-0.1103,-0.0284,0.665,-12.9559,-1.6172,-0.9183,0.5686,0.0465,-0.3324,-0.9607,2.6745,0.9305,-0.0632,-1.9684,-0.1536,-1.0228,0.823,0.8317,-0.1829,-1.904,-1.5933,-5.4041,-1.7868,-3.2058,-2.1259,-0.7408,-27.5977,-1.9958,0.0425,1.847,0.9312,1.123,-0.6992,-1.0918,0.3074,-1.3108,-0.804,-2.8257,1.6684,-1.3098,-1.5018,-9.8798,1.537,0.0986,-0.5832,-1.0461,-0.5357,-2.1702,-1.6784,-1.5667,0.3567,-0.8203,0.8715,-0.5102,0.2905,0.2469,0.0032,0.0741,-2.1505,0.5887,1.7703,0.5963,0.1612,0.3414,0.2893,-0.4514,0.7952,1.6236,1.1637,-1.3988,1.9109,0.2258,-2.6093,-1.6724,-0.2352,-146.0792,-0.7032,0.1598,0.3506,0.3225,-2.8063,0.3441,1.5112,0.4555,-0.6633,0.5281,-2.2067,-1.9965,-1.1656,-1.0965,0.2736,-0.821,-0.3003,-2.5918,-1.9475,-1.7503,-1.1861,-0.7611,0.4218,-0.6609,2.2468,0.2238,0.4285,-1.2273,-0.9694,0.5804,-1.0229,-0.4226
1.3989,0.2106,1.552,0.954,-0.2155,0.1769,0.78,-0.8903,-0.745,1.4461,-0.1052,-0.4168,1.6398,0.9587,-0.7504,-0.3358,-0.166,1.2035,-0.2903,-2.7362,-0.9064,-1.5268,-0.2582,-1.8667,-1.0561,-0.5923,-0.5797,-1.7675,-0.1973,1.8804,-0.6676,0.2468,-0.0845,0.8502,0.1815,0.7357,-1.5384,-0.6274,-1.0044,-0.6566,0.227,0.9677,-0.6861,-0.3746,0.4302,-1.5809,0.4165,0.5363,-1.7253,0.6977,0.3647,0.0818,0.3626,0.7054,0.7395,0.0941,0.3632,-1.6905,1.2144,-0.0273,-8.8199,-1.5466,-0.8882,-3.2847,-1.1465,0.0386,-1.0991,1.8997,-0.0546,0.997,-0.5828,-0.7295,-0.1836,0.392,0.6973,-0.0381,-0.0012,-0.551,0.7806,-0.5283,-0.4752,0.8491,-0.2007,1.6304,0.8527,2.204,0.0079,-2.1523,-1.3824,-0.819,0.5827,1.2206,0.7343,0.1688,-0.6915,0.9199,1.2013,-1.9729,-215.9867,-0.1922,-4.1031,-0.935,-0.5004,0.0854,-0.4026,-0.0569,-0.3699,-3.0485,-0.2112,1.2949,-0.7014,-0.6535,0.1382,0.8946,-1.1728,-0.4907,0.1411,-0.7627,0.704,0.5116,-0.2297,0.6527,1.2723,-0.642,-1.9329,-1.6109,0.0475,-0.2923,-5.5515,0.4926,-0.1994,-1.9505,0.954,-1.8094,-1.2002,-0.7139,0.2178,-0.7777,-2.0574,-0.3108,-0.9645,-0.433,-0.4767,0.6323,-0.1453,-12.9559,0.2621,-2.2414,0.2459,-0.1049,-0.1046,-0.3378,-0.1662,0.1416,-1.0623,-1.2158,-0.1596,0.3645,0.0213,-0.4865,-0.0719,-1.904,-1.0169,-5.4041,-0.0179,-3.2058,-2.1259,-0.9154,-27.5977,-0.2691,0.7996,0.1151,0.5484,-0.9476,-0.0689,-1.1974,-1.6296,-0.3636,-0.3486,-2.8257,-0.0525,-1.3098,-1.1692,-9.8798,0.3895,0.1891,0.8159,-0.0858,0.8092,-2.1702,0.9461,-0.1548,1.4294,-0.2552,-0.3267,-0.8939,-0.248,0.0256,-0.6879,-0.4676,0.4715,-0.8979,0.7631,1.2236,-0.1977,-1.0786,0.4334,0.0921,0.0922,0.6266,0.3817,0.1566,0.7017,-0.1625,-2.6093,2.0345,-1.136,-146.0792,-0.451,-0.7195,-0.6961,0.0674,-2.8063,0.6575,-0.0482,-0.8637,1.6919,0.5269,0.2815,0.3275,0.2766,0.5304,-0.1563,-0.7104,-0.0424,-2.5918,-1.9475,-0.334,0.0953,-0.2125,0.5441,-1.2481,-2.1581,-0.2068,0.0676,-1.0905,-0.2251,-1.2251,-0.8702,0.3896
0.4152,-0.5712,-1.1869,-0.7783,-0.2699,-0.6503,-0.2929,0.0101,-0.7208,0.6548,-1.4956,-0.0079,-2.2225,-0.5032,-1.3175,1.7777,-0.8077,-2.3138,2.441,-2.7362,-1.5492,-1.5268,-1.3454,-1.8667,-1.1653,-0.1477,-0.2605,-1.2814,1.0393,-1.26,0.675,-0.8354,-1.9092,1.8433,0.2707,-1.756,-1.5384,-1.1777,-0.5798,0.5133,-1.1677,-1.6055,0.7981,-1.6277,-0.2606,-1.0115,-0.3021,0.1858,0.1004,0.2302,-1.3213,-0.1691,-1.814,2.2072,-0.3384,0.7659,0.915,-1.6905,-1.678,-0.1344,-8.8199,-1.5466,0.0135,-1.0593,-1.6984,1.0516,-0.5994,0.3551,1.9646,-0.5074,-0.4823,-1.677,-0.772,0.4233,-0.0603,0.8428,-0.6625,-0.6563,-0.4995,-1.1759,-0.9016,-1.0763,-0.4891,0.2163,-0.5735,0.3208,-0.3428,-2.1523,0.5876,-1.1566,0.5147,0.2228,0.0605,-1.1209,-1.2143,-0.5516,0.0255,-1.1078,-215.9867,-1.2613,-4.1031,-0.7881,-1.0772,-0.494,1.1477,0.9388,-0.6159,-3.0485,-1.529,1.9013,-1.5406,-1.0307,0.1974,-0.7799,-0.8817,1.6567,-0.3693,-0.3683,-0.5354,-0.7354,1.2128,-1.1495,1.5226,0.008,-1.9329,-1.6109,0.1923,-0.1979,-5.5515,-0.3903,-1.1559,-1.9505,-0.5413,-1.8094,-0.2417,-0.1394,-1.9335,-2.0974,-2.0574,-1.8523,-0.4744,-1.4873,0.2131,-0.3021,-1.3101,-12.9559,-0.9525,2.1291,-1.1738,0.2936,-0.0003,-1.0799,-0.7813,-1.2542,0.9241,-1.1747,-1.0565,-1.1253,-0.6986,-0.4521,-1.9756,-1.904,-0.5028,-5.4041,-1.7868,-3.2058,-0.843,-1.5912,-27.5977,-0.9854,-0.6344,-0.1862,-0.0337,-1.0608,-1.3851,-1.6445,-0.6973,0.206,-0.6735,-2.8257,-1.8411,2.6237,0.1424,-9.8798,0.3346,-0.6021,-1.0941,-0.1193,-0.4718,-0.1383,-1.6784,-0.8196,1.5231,0.9792,-1.1479,-0.6767,-1.0244,-1.1489,-2.2721,-0.122,-2.8366,-0.638,2.7185,1.0522,-0.7495,0.2459,-0.0288,-0.9626,1.533,0.8399,0.9701,1.0377,-0.5123,-1.8553,-2.6093,-0.8812,-1.1025,-146.0792,0.324,-0.5042,0.3193,0.893,0.3363,-0.0932,2.4683,-1.0639,-0.748,0.3546,-0.7056,1.1741,-0.1748,0.8508,0.5056,0.9012,0.2375,-2.5918,0.3045,0.9308,-0.7567,-1.0436,-0.4078,-0.9401,-1.0548,0.1485,-0.8436,-0.335,1.4177,-2.1085,-1.1811,0.6529
-0.378,-0.5488,-0.16,0.1515,1.0093,0.7895,-1.1161,1.2812,-0.7136,1.4021,-0.0967,1.1807,-2.2225,1.0877,1.3056,-0.6107,-0.8843,-2.3138,1.0456,-2.7362,-0.0805,-0.8143,-0.81,-1.8667,0.2052,0.4867,-0.8041,0.6553,1.6449,-1.0048,0.4377,-1.3391,-1.9092,-0.3415,1.0939,-0.4867,-0.7482,1.5876,-0.7695,-0.4175,-0.6692,-1.0611,-0.0499,-0.0391,-1.1757,-1.5809,0.3067,1.102,0.1297,0.4435,0.1095,0.7835,-0.9836,-0.447,0.2298,0.3095,0.5517,-1.6905,-1.3869,0.8728,-8.8199,-1.5466,0.8237,-3.2847,-1.6984,-1.4022,1.0545,0.0612,0.5835,-0.6901,0.4878,-0.4759,-1.2042,-0.2436,-1.0022,0.676,-0.6926,0.0079,1.3547,-0.6796,-1.5031,-0.7852,0.7788,-0.5706,0.4029,0.4698,-0.4032,0.7733,-0.4532,0.5397,-1.6879,-0.8692,-0.8298,-1.0013,-1.2143,-0.147,1.2513,-0.0986,-215.9867,-0.0006,-4.1031,-0.5051,-0.1571,-0.8392,0.002,0.1221,-0.8665,-3.0485,-0.8361,0.0221,-0.3537,-0.2115,-0.3601,0.3042,-0.9238,-1.1935,-0.7591,-0.406,0.4735,-0.5551,0.036,0.6912,1.5207,0.5234,0.3074,-0.9722,-0.6526,-0.2713,-5.5515,-0.3397,0.2082,-1.9505,-0.7331,-1.8094,-1.0742,-1.1601,-1.0159,-2.0974,0.1793,-1.8523,-0.7246,-0.5131,-0.0522,-1.0873,2.3539,-12.9559,-1.3454,-2.2414,-0.6897,0.4094,-2.4175,-1.9757,1.77,-0.9028,-0.9608,-0.2488,-1.0565,0.3694,0.1751,-0.3072,0.1586,-1.904,-1.5933,-5.4041,0.4146,-3.2058,-2.1259,0.4884,-27.5977,-1.9958,0.4822,-0.9386,-1.1281,-1.6819,-0.6727,-1.6445,-1.1445,1.8567,0.1147,-2.8257,-0.0814,-0.8226,0.0981,-9.8798,0.8176,-0.2446,-0.5617,0.118,1.2898,-0.7738,-1.6784,1.2307,0.3389,-1.1623,-0.1915,0.4753,-0.1601,-1.3124,-1.4971,1.3286,-2.3212,-0.6053,0.4294,-0.4461,0.2854,-0.6007,-0.8428,0.7667,0.1449,0.7509,0.0533,0.0298,-1.0355,-0.4709,-2.6093,1.9614,-1.3239,-146.0792,0.0937,0.2251,0.2631,-0.0731,-2.8063,2.0,-1.306,0.7905,-0.7054,1.1627,-3.2166,0.6669,-1.3336,0.7156,0.7545,0.0904,0.0447,-0.5298,-1.9475,0.3052,0.0541,0.5531,0.4768,-0.3792,-2.1581,-0.8931,-1.1683,-1.0147,1.0002,0.3675,-0.7108,0.7426
-0.6744,-2.3697,1.1057,1.5053,-0.7624,-0.1996,1.0169,-1.0989,-0.6356,0.5638,0.2884,-1.5854,-2.2225,0.984,-0.6044,1.3624,-1.465,-2.3138,-1.3043,-2.7362,-1.5492,-0.3122,-1.8045,-1.8667,-0.4637,-1.8171,-0.9968,-1.1882,-1.5465,-1.0133,-1.6953,0.568,-1.9092,0.2762,-0.4711,0.6088,-1.5384,-1.0289,-1.4147,-1.2523,-1.4552,-1.8971,0.5199,-1.6277,-1.8328,-1.5809,0.8201,0.2216,-2.4022,-0.5286,1.1975,-2.3107,-0.7912,1.3293,1.0446,-0.961,0.2383,-0.4051,1.1152,0.5298,-8.8199,0.08,1.2201,-3.2847,-0.4753,-1.3042,-1.5744,1.1044,-1.0407,1.175,0.1011,-1.0163,1.137,-1.0975,1.2417,-1.0111,1.0349,-1.1365,-0.9201,-0.1992,-1.5031,1.3262,-0.1753,-1.8433,-1.0236,-1.2103,2.0805,1.8472,-1.0858,-1.6328,2.3216,-0.1992,0.8819,-0.4702,-1.2143,0.9126,0.7047,-1.9729,-215.9867,0.6133,-4.1031,-0.6297,-0.3092,0.9892,-0.5157,0.8576,-1.4171,-3.0485,-1.529,-1.7013,-1.5406,-2.1712,1.3982,1.0402,-0.4586,-1.6031,0.0706,-0.7366,-0.8777,-0.5286,-0.1819,-0.8112,-0.1239,0.5632,-1.9329,-0.5221,0.2705,-0.7094,-5.5515,2.116,0.0276,-0.6176,0.7546,-1.8094,-0.1504,-0.7322,-0.3692,-0.4745,0.1123,-1.8523,-1.2329,0.3064,-2.0628,-0.8217,-1.5398,-12.9559,0.6549,-0.9199,-1.1738,-0.1706,0.4466,-1.9797,-0.5125,0.2292,-0.8807,-1.0224,0.0374,1.0563,-0.3861,-1.372,0.7776,-1.904,0.5076,-5.4041,-1.7868,-3.2058,-2.1259,-1.5912,-27.5977,-1.9958,0.3271,0.5166,0.2442,1.2273,-0.1468,0.54,2.2816,-1.7668,0.2056,-2.8257,-0.1742,-0.8388,-0.2898,-9.8798,-1.0512,0.8547,-1.0409,-2.0033,0.7876,1.0443,-0.3654,-0.3661,1.0678,-0.3007,1.4579,-0.1668,-1.9088,-1.1522,0.5665,-0.2941,0.5181,1.2208,0.5143,1.7824,-0.8388,1.0678,-1.4867,1.1716,-0.935,-1.3873,-0.9053,-1.2242,-0.3476,0.5344,-2.6093,-0.8476,-0.0517,-146.0792,1.0901,-1.4798,0.2113,-0.0162,-2.8063,-0.2542,-0.9967,-0.5223,-0.9822,-1.5266,-0.1927,0.8335,1.1663,-0.0091,0.0416,-1.7875,-0.3016,-2.5918,-0.7967,0.3171,0.5303,-0.9446,1.5262,0.5574,-2.1581,0.1609,-1.8817,-1.0261,0.3226,-1.5711,-1.1811,-0.4798
0.4438,-0.7632,1.5055,1.1991,-0.7501,-0.4783,0.9393,-0.732,-0.8387,-0.5272,-0.1735,0.3375,-0.8561,1.3693,0.3466,0.4918,0.1974,-2.3138,-1.6462,-2.7362,-1.5492,-0.838,0.4331,-0.8015,-0.2205,-1.1887,-0.2599,-0.7461,0.6033,0.1817,-1.6953,-0.4964,-1.9092,-1.0433,0.1914,0.0992,-1.5384,-1.954,-0.8666,-0.4177,-0.8489,1.1099,-0.2975,-0.7538,-1.612,-1.5809,-0.1599,1.1235,-0.9022,-0.0984,-0.0376,-1.1359,-0.1268,-0.3949,0.8712,-0.5519,-0.2156,-0.9616,-0.4091,0.7892,-8.8199,-0.6897,0.0639,-3.2847,-1.6984,0.5955,-0.6134,0.7446,0.1107,0.1641,-0.2185,-0.512,0.3531,1.0976,0.6197,0.0983,-1.5998,0.1565,0.3979,0.0814,-0.2391,0.9999,0.2346,1.4436,-0.0893,0.7108,0.6183,-0.9574,0.2219,-0.6322,0.6786,0.2808,1.691,0.6765,-0.701,0.7626,1.0332,-0.155,-215.9867,-1.1461,-4.1031,-0.3325,-0.7762,-0.7452,-1.1021,-0.4797,0.1263,-3.0485,-1.529,0.3797,-0.2466,0.0377,-0.3109,0.0571,-1.2785,-0.8374,-0.4471,-0.0974,0.2149,-0.2934,-0.0599,0.1884,-0.4191,-0.2868,0.7202,-1.6109,0.2051,0.7164,-5.5515,1.5817,-0.3153,-0.6176,0.8049,-1.8094,0.3632,2.5468,-1.9335,0.9827,0.1121,-1.8523,0.1619,-1.4873,-0.1126,0.0158,0.1404,-12.9559,-0.3837,-0.9199,-0.9075,0.3735,0.206,0.4619,0.495,-0.2199,-0.1793,-0.3004,-1.0565,0.2845,-1.0226,0.7717,0.5715,1.1107,-0.3159,-5.4041,-0.2014,-3.2058,-2.1259,-1.5912,-27.5977,-1.9958,0.9159,0.7768,-0.1417,1.9892,1.5748,0.3789,1.1479,1.191,-0.534,0.6486,0.9413,2.8748,-0.5067,-9.8798,1.1882,0.9748,-1.3717,0.2119,-0.9305,-0.8203,-0.3656,0.1417,0.4428,-0.0118,0.2632,0.1034,1.1489,0.6599,-0.3558,0.1504,0.1372,-0.0513,-0.2404,1.7641,-0.6504,1.0229,-0.1989,-0.5318,0.5086,0.3444,-0.0263,-0.0909,0.1784,0.6825,-2.6093,0.1456,-0.2367,-146.0792,0.8764,0.8066,0.5342,-0.4775,-2.8063,-0.1304,-0.9967,-0.6417,0.2702,-0.2576,-0.0229,0.0332,1.0038,-0.4621,-1.1287,-1.24,-0.3018,-2.5918,-0.4304,-0.2415,0.3967,-0.4939,0.2541,1.0273,-2.1581,0.5875,-1.1921,-0.3951,-0.5797,-1.2476,1.6808,-0.7428
-0.0092,2.6512,0.4181,0.6438,-0.3259,0.413,0.4074,0.9979,0.6928,0.3287,1.6881,1.4138,-2.2225,1.2502,-0.8839,1.0259,2.9547,1.075,0.9974,-2.7362,-1.5492,-0.8535,-1.2697,-1.8667,0.6353,-1.5295,1.0997,-0.1171,-1.2186,-0.0529,-0.0206,-0.7431,-0.6654,-0.7017,-0.8255,0.7664,-1.5384,1.6585,1.9066,0.3319,-0.5582,-0.8297,-0.0068,-1.6277,-1.2037,-0.9175,1.3826,1.0685,0.0218,-1.1687,0.3999,0.7325,0.5441,0.5782,-1.0146,-0.8351,0.276,-1.6905,1.8977,0.4037,-8.8199,1.1622,0.1081,-3.2847,2.3055,1.0445,0.8404,1.2929,-0.3225,-0.35,-2.1488,0.2056,1.8523,1.1246,0.9959,-0.7319,0.7363,-0.3553,-1.4397,1.3018,-0.8024,0.9735,0.0036,-0.6336,0.8146,-0.0145,0.166,1.7813,-0.9102,-1.0781,0.0602,0.1423,-0.9548,-0.7194,0.0706,1.5836,0.5462,-1.9729,-215.9867,0.8339,-4.1031,0.1891,-0.102,0.1029,0.1344,0.8825,0.3351,-3.0485,0.0361,0.3299,-1.2024,0.862,-0.8366,1.7205,0.3414,-0.614,1.6815,0.0598,-1.1444,-0.188,-0.4572,-0.9951,1.4397,-0.0159,-0.352,1.8307,0.1667,-0.3735,-5.5515,0.5538,0.4978,-1.9505,1.0454,-1.8094,-0.2962,0.6844,0.1393,0.9322,-0.8547,-1.8523,0.501,-0.9635,-0.1518,0.432,1.7039,-12.9559,1.711,2.1089,-0.9135,-1.4691,-0.119,-1.3522,-0.4945,0.9383,0.5024,0.242,-0.0354,1.4557,1.4212,-0.348,0.5263,-1.904,-1.5933,-5.4041,0.3141,-3.2058,-0.6313,0.3935,-27.5977,-1.9958,-4.7177,-0.0759,0.4561,1.598,-0.3588,1.4254,1.1724,2.1603,-0.9865,-2.8257,-0.1755,-0.4959,-1.5018,-9.8798,-0.2949,-2.9649,-0.0387,0.7469,-1.7857,0.1622,-0.39,1.1916,0.5959,1.1617,0.3678,-0.0275,0.6431,-1.7378,-1.2277,-0.7137,0.2306,0.2743,-1.0343,-0.9713,-0.1544,-0.5315,1.861,-1.3793,-1.2898,-0.0717,-1.4745,0.4579,-0.1696,-1.212,-2.6093,-0.1426,-0.7116,-146.0792,0.2291,0.419,0.5848,0.4515,-0.7655,-0.764,2.7329,1.7313,-0.2199,-0.0718,0.3788,-0.2071,0.4406,0.4821,-0.2046,1.5722,-0.3276,-2.5918,-1.9475,-0.1574,-0.0414,1.03,-0.9484,-0.2765,-2.1581,0.3587,-1.8817,-0.9552,1.3758,-0.9048,1.3199,1.862
0.2079,-0.2495,-0.6824,0.3051,-0.7053,-0.105,0.632,-0.8174,0.2416,0.2536,-0.7817,-0.126,-2.2225,0.2315,0.8207,-0.6169,0.5028,-2.3138,0.3682,-2.7362,0.5889,-0.9146,0.8526,0.9522,0.6269,0.9731,-0.2907,-1.7675,-0.7616,0.5695,0.2014,-0.7207,-0.7782,1.3615,-0.3819,-0.0764,0.111,0.7967,-0.6339,0.748,0.4964,0.5765,-1.3766,1.0552,0.2394,-0.1154,-0.0434,-0.6246,2.4162,-0.8907,-0.1055,0.2698,0.1042,0.8027,0.4857,-0.1773,-0.1748,0.2385,-0.699,-0.0277,-8.8199,-0.7759,-1.3437,-3.2847,-0.2007,0.5833,0.8484,0.3993,-0.6665,0.5364,0.2842,1.022,-0.2789,0.6242,0.7038,-0.2628,-0.6192,0.6042,-0.8921,-0.2752,-1.5031,-0.3958,-0.7536,1.7121,0.034,0.483,0.1153,1.01,0.0529,0.1094,0.2935,-0.3499,0.9545,0.6183,0.3381,0.1382,0.7651,0.8748,-215.9867,-0.3719,-4.1031,-0.8487,2.1633,-0.2481,-1.251,-0.5436,0.4165,-3.0485,0.7783,1.3856,0.7852,0.2214,-0.4126,-0.0526,0.2,0.5573,0.2773,-0.0396,0.3324,0.6108,-0.2019,0.5345,0.0254,-0.8659,1.5263,-1.0621,-0.2459,0.3796,-5.5515,0.0602,-1.1356,-1.9505,0.601,-1.8094,0.5983,-0.684,0.7898,1.3819,-2.0574,-0.8968,0.8593,-0.0691,0.8643,0.1767,0.3148,-12.9559,0.9861,0.6121,-0.2564,-1.2218,-0.2387,0.8676,2.151,-0.0435,1.1672,0.0742,-0.4728,0.8426,-0.4542,-1.372,0.1246,-0.9799,-0.9494,-5.4041,-0.361,-0.8506,-2.1259,-0.2444,-27.5977,1.1909,0.0749,-0.6406,-0.8924,-1.1565,-0.8541,-0.9684,-0.9098,-0.8964,0.6518,-2.8257,-0.5545,0.1363,0.3217,-9.8798,-0.0155,-0.0561,-0.6573,-0.712,-1.1986,-0.9703,1.3433,0.551,0.1692,-0.6369,-0.4374,0.2055,0.6548,1.0297,-0.6024,-0.3036,0.9037,-0.1431,-0.9353,0.3626,0.1092,0.7153,-0.6404,-0.736,-0.7062,1.1737,-0.7156,0.3654,-0.7614,0.316,-2.6093,2.6623,0.1104,-146.0792,1.093,-0.6551,-0.7417,-0.1256,-0.9506,0.4203,1.4657,-0.3602,1.6321,0.4598,-0.19,0.8555,0.3808,-0.3464,0.4857,-0.9194,0.6902,-2.5918,-1.7413,-0.2512,0.5041,0.0013,0.0584,-0.4419,-0.073,0.2267,0.4939,1.4255,-0.8343,0.3548,1.1474,0.563
-1.1681,2.1246,0.369,-0.2752,-0.0639,0.5709,-0.965,-0.0399,3.497,-0.1774,-0.8403,-0.456,-2.2225,-0.2225,-0.4825,-1.4044,-0.9314,0.1088,-0.7185,-0.7462,-0.1996,-1.5268,1.7485,-0.8638,-0.3503,2.1472,1.0454,-1.7675,1.5742,-1.26,-1.6953,-0.2668,-1.9092,-1.046,0.3647,0.0479,-0.8192,-1.954,0.4804,1.6242,0.1612,0.7906,-0.5185,-1.6277,-0.3987,-1.5809,-0.052,-0.5608,-0.4748,0.3589,2.2722,-0.0547,1.1568,-0.0835,0.1619,-0.7725,1.419,1.1741,-1.7895,-0.8884,-8.8199,-0.7348,2.3376,-3.2847,0.7894,0.3704,0.5782,-0.4877,-0.1486,-1.1212,-0.5517,0.4395,-0.452,0.515,0.4617,-0.211,-0.7603,-0.8122,-0.2573,-2.5456,1.9261,0.9487,0.1342,-0.2571,-0.3425,0.5968,-1.1364,-2.1523,2.1471,-0.3471,0.4175,-0.0226,0.1965,2.1533,2.2611,0.3362,-1.8029,0.3629,-215.9867,0.404,-4.1031,2.5948,0.6374,-0.694,0.5713,1.4108,-0.528,-0.7999,-1.529,-1.0632,0.4166,0.6861,-0.8273,-2.1406,0.0037,0.9042,-0.0231,0.1002,1.9094,-0.848,0.6768,0.3605,0.2493,0.853,-1.9329,-0.5795,0.5544,0.1437,-5.5515,0.063,-1.4983,-0.6955,-1.1245,-1.8094,-0.4779,-1.4251,0.0762,-0.5601,-2.0574,1.1233,0.1676,-1.4873,-2.0628,0.0777,-0.9643,-12.9559,-0.6748,-0.9972,-0.5705,1.113,0.796,0.1268,-0.3598,0.8165,0.101,-1.0778,-0.688,-1.4495,0.3304,1.2461,0.2313,-1.904,-1.5933,-5.4041,0.2502,-3.2058,-2.1259,-0.7915,-27.5977,-0.8621,-2.4609,0.9327,0.9341,0.5126,1.6809,-0.2265,1.4376,0.031,-1.0095,-2.8257,0.3281,0.1991,1.0134,-9.8798,0.7534,-0.024,-1.0603,0.2447,1.6739,-2.1702,-1.1593,-0.8096,0.5361,-0.4521,-1.087,1.351,2.5622,0.6037,-0.786,1.2604,-2.0689,0.057,0.4245,1.1513,1.3115,-0.0501,-0.1666,-0.4781,-1.1698,1.1353,-0.9603,-0.8823,0.7808,0.1953,-2.6093,0.6782,1.2435,-146.0792,0.082,1.2225,0.2324,-0.3343,-2.8063,1.1522,1.3287,0.3077,-1.028,-0.1354,-3.2166,-0.117,-1.0646,0.1294,1.5278,0.1762,-1.1398,-2.5918,-0.3145,-0.0579,-0.5632,0.4347,-0.0123,-0.3424,-0.9201,0.0782,1.7385,-0.9735,2.0102,1.2981,-1.0323,0.0725
0.7181,0.9701,-0.8289,0.7292,0.6173,0.5435,1.1205,-1.5796,-0.8526,-0.198,2.5587,-1.5854,-2.2225,-1.7845,0.0687,1.461,-0.2982,-0.3419,1.0251,-2.7362,-1.5492,-0.5903,-1.8045,-1.8667,-0.7759,0.5005,-1.0618,-0.9799,-1.4622,-0.9246,-1.6953,1.1963,-1.9092,-0.5299,1.7006,0.274,-1.5384,0.8697,0.3423,-0.0046,1.6661,-1.138,-0.5351,-0.4395,-1.8328,-1.5809,-1.3713,-2.0241,-1.2455,1.5521,-0.4618,0.1133,1.3966,1.0278,0.481,-0.6593,-0.8502,-1.6905,-0.9898,1.5071,-8.8199,-0.0633,0.671,-3.2847,-1.6984,-0.3656,-0.0507,0.6594,-0.4361,-0.7379,-0.2174,-1.677,0.7994,1.5509,2.6784,0.5861,-1.5998,0.6582,-1.7977,0.5356,-0.5284,0.0791,-0.3856,-1.8433,-0.3377,-0.6638,1.6496,-2.1523,-0.691,0.0993,0.5083,-1.6262,0.4832,-0.2881,-1.2143,0.8958,-0.0082,-1.9729,-215.9867,0.7654,-4.1031,-0.9926,-0.0146,-0.467,0.3531,0.193,0.5271,-3.0485,0.5154,-1.7013,-1.0701,-0.6851,0.9879,1.0635,0.8755,-1.5285,1.9934,-0.4685,-2.2437,1.8381,0.1831,-0.8152,0.2519,-0.9632,-1.9329,1.4659,-0.2172,-0.3935,-5.5515,-1.5634,-0.0081,-1.9505,0.0222,-0.3087,0.0497,-0.8682,-1.9335,-0.8461,3.0602,-1.8523,0.6672,-1.4873,-2.0628,2.3069,-0.3334,-12.9559,-1.6172,2.5856,1.1702,0.3138,0.5556,-0.0666,-1.0276,1.2252,-0.1235,0.2216,1.2611,0.5527,-0.3036,-1.372,-0.3954,-1.904,-1.5933,-5.4041,-1.7868,-3.2058,-2.1259,-0.4363,-27.5977,-1.9958,0.1884,-1.7869,0.0761,1.031,-0.7737,1.2631,1.1116,-0.6996,-1.3017,-2.8257,-0.1205,-1.3098,-1.5018,-9.8798,-1.7538,-1.0114,2.1266,-0.6837,-1.212,-2.1702,-1.6784,1.2057,0.2028,-0.6999,0.4088,-0.5768,-1.1099,-0.0724,0.3256,-0.0592,1.2403,0.8852,-0.5185,-2.08,-0.1628,0.0807,1.4855,-0.7583,-0.2428,-1.0183,0.2089,-0.0768,-1.1359,0.496,-2.6093,-0.7914,-0.3751,-146.0792,-0.0816,0.9979,0.1761,1.4257,-2.8063,-1.1355,-0.8855,1.163,0.424,-1.7858,0.3812,0.1472,1.2417,0.7666,2.4482,-1.0431,1.5954,-2.5918,-1.1,-0.0896,0.0951,0.796,0.6156,0.7365,-0.3702,0.1447,0.9867,2.36,-0.0062,-0.044,-1.1811,0.9898
0.214,0.5578,-1.8523,-1.6301,3.0399,0.5331,-0.6925,0.9153,0.3601,-0.8613,1.2671,2.4207,-2.2225,1.2031,0.3778,-0.9917,-1.12,-0.7476,0.996,-0.4537,-0.6767,-1.5268,-1.8045,-1.8667,0.6721,-0.5411,-0.6185,1.6425,1.558,-0.9936,-1.6953,0.8854,-1.9092,-0.0323,-0.8055,0.7441,-1.5384,-1.954,0.6459,0.7989,0.078,-0.1987,0.3077,-1.6277,-1.0517,-1.5809,-0.7009,-0.1354,-0.2447,-0.6275,0.4114,0.7264,-1.068,-0.6265,-1.7249,0.6889,0.0604,-1.6905,0.8787,0.3342,-8.8199,-1.5466,0.4515,-3.2847,-1.6984,-0.7414,2.8209,-0.4291,-1.2009,0.0021,1.0166,-0.0014,-0.3266,-0.9664,-1.0698,-0.9396,0.9173,1.8733,0.214,0.9886,-1.5031,-0.9045,2.028,2.1272,1.3989,-1.2975,-1.0797,1.5225,-0.1186,0.8086,-0.936,1.9144,-0.9159,-0.0227,-0.9815,-1.1113,-0.0515,1.0832,-215.9867,0.6267,-4.1031,0.0442,0.4982,-0.2122,-0.0518,-0.2888,0.6814,-3.0485,-0.8057,1.4213,0.5665,0.75,0.0219,-0.9565,-0.1504,-1.173,-0.653,1.6206,0.7886,-0.7688,-0.0233,-0.3329,-0.16,0.2147,-1.9329,-1.6109,-1.8516,0.2757,-5.5515,0.4802,2.8103,-1.9505,-1.5601,-0.6175,1.8263,-0.3557,-0.9755,-0.3589,1.063,0.8739,0.1608,-1.4873,-0.8684,-0.4107,2.5097,-12.9559,-0.2535,-0.8143,-0.6707,-0.7437,-0.2358,-1.4134,1.6039,0.0486,-0.2659,-1.9684,-0.8183,1.0706,1.3434,3.1821,-0.0487,-1.904,-1.5933,-5.4041,1.3941,-3.2058,-0.4748,-1.5912,-27.5977,1.7074,0.1341,-0.596,-0.4589,-0.3572,-0.7601,-1.6445,0.4408,0.8812,2.396,-2.8257,-1.9372,-0.8011,0.5546,-9.8798,1.6026,-0.9127,0.1588,0.1032,1.1448,-2.1702,0.6937,-0.3968,0.2761,0.1742,1.2436,0.4298,-1.2743,0.1262,1.2908,0.3131,-2.2818,0.698,0.1228,-2.3344,1.0456,0.534,0.3434,-0.1797,0.5407,-0.4447,-0.4254,-0.2301,-0.4207,-0.4479,-2.6093,-0.1026,0.2125,-146.0792,-0.7817,0.3449,1.1201,1.165,-2.8063,-0.6345,0.5149,2.3631,0.8058,-1.4459,-2.4378,0.3177,-0.4851,0.3804,-0.2544,-1.7875,-1.6879,-2.5918,-0.5815,0.5693,-0.3288,0.2097,0.789,0.9646,0.3259,-0.0919,-1.8817,-1.4014,0.6933,0.2958,-0.6951,0.6409
-1.2781,0.1521,2.1056,1.6402,-0.3946,0.1605,-1.0284,-1.0304,-0.401,-1.7861,-0.0515,0.9877,-2.2225,1.0282,0.5512,-0.5122,-0.8306,-2.3138,0.5543,-2.7362,-1.5492,0.3018,-0.352,-0.6496,1.4916,-0.5739,-1.3388,-1.1056,-0.3866,-1.26,-1.6953,0.2079,-0.4553,-1.3806,-0.2392,-1.3458,-0.6656,-0.1166,-0.5665,-0.7039,0.0045,1.1469,0.2336,-1.6277,-1.0196,-0.8054,-1.0656,0.9109,0.3281,-0.1379,-0.5026,-0.4075,0.0605,-0.9085,1.3409,0.881,-0.5263,-1.6905,0.155,-1.0052,-8.8199,-0.9913,-2.4985,-3.2847,-1.6984,-1.7681,-1.1957,-0.5566,0.138,-0.2544,0.2664,1.0292,1.295,-0.8101,0.9501,-0.8033,-0.616,0.9627,-0.2878,0.0777,-1.5031,0.7532,2.0397,-1.0433,1.4851,0.1564,0.4269,-0.787,1.8911,-0.9844,-0.2531,-0.3448,0.5185,2.3164,0.5474,-0.2474,0.5706,1.3361,-215.9867,0.5438,-4.1031,0.4635,-1.2018,1.8729,-0.2048,0.1185,-0.0039,-3.0485,-0.7637,0.0639,-0.1234,0.7728,1.3148,0.1424,-0.8169,-0.0726,-0.6593,-1.7694,0.1899,0.2201,0.8218,-1.6752,-1.4993,0.6688,-1.9329,-1.6109,-0.3384,1.9673,-5.5515,-0.1713,-0.4151,-1.9505,0.1495,-1.8094,0.7462,0.7813,-0.9199,1.6721,-2.0574,-1.8523,0.338,-0.875,0.8738,-1.1744,-0.7872,-12.9559,-1.6172,-2.2414,-0.6449,0.6009,-1.2172,2.061,-0.0671,-0.1356,0.4621,-1.9684,-1.0565,1.0853,-1.5247,-1.0542,-0.2832,-1.904,-1.5933,-0.1807,-0.001,-3.2058,-2.1259,-1.5912,-27.5977,-0.6199,1.2148,2.0864,0.354,-0.9767,-1.2001,-1.6445,-0.6334,-1.0991,-0.3009,-0.5743,-0.3606,0.202,1.2006,-9.8798,0.4071,1.422,-1.3717,-0.6056,0.8803,-2.1702,-1.6784,-0.4039,-1.6623,0.5707,0.2494,-0.9128,0.4978,0.3818,1.0333,-0.0077,0.3221,-0.918,-0.3724,0.7934,-0.2228,-0.3489,-1.1116,1.2025,0.7014,-1.32,-1.3399,-1.1466,0.5818,0.7353,-2.6093,-0.7977,-0.3012,-146.0792,1.1391,-0.9373,0.9333,-1.1708,-2.8063,-0.7245,-1.306,-0.9071,0.5852,1.3695,1.0161,-0.0257,-1.0242,-1.1499,-2.1162,-1.1619,-1.0227,-2.5918,0.1096,-0.0034,2.0391,-1.4423,-0.2714,0.0108,-0.6556,-2.1704,0.943,0.2014,-0.7541,-0.3501,-0.7615,1.2972
0.1712,0.9607,-1.8523,-0.4622,0.1907,-1.0874,0.1516,0.8827,-0.8334,-1.0865,-0.7335,-1.177,1.0655,1.3239,-0.3868,0.3912,0.3833,-0.2526,0.6157,-2.7362,-1.5492,-1.5268,-1.027,-0.3528,-0.017,0.8048,-0.4288,-0.3737,0.9619,0.0038,-0.6767,0.9964,-1.9092,-1.5002,-0.0675,0.5544,-0.4528,-1.954,-0.1766,-0.953,0.7156,1.0311,-0.177,-1.6277,0.303,0.5645,-2.2417,0.3423,-2.4022,0.1888,-0.2573,1.2177,0.1594,-1.1512,-0.712,-0.1571,0.9589,-1.6905,0.1753,-0.0486,-8.8199,-0.8559,0.3211,-3.2847,-0.7126,-0.3846,-1.1034,-1.7075,0.7511,-0.2921,-0.0486,0.4116,1.0222,-0.5648,-0.2993,1.0785,-0.4285,-0.5504,-0.0479,0.7257,-1.5031,-0.8752,-0.7208,-1.8433,-1.1663,-0.3102,0.3564,-0.4541,-0.6576,-0.2673,-0.2366,-0.0469,-0.1768,0.6027,-1.2143,0.1773,0.6262,-1.9729,-215.9867,-1.3611,-4.1031,-0.4561,0.6669,-0.7314,-0.3478,-0.2649,-1.4171,-3.0485,-0.577,1.3893,0.3525,-0.7779,0.5748,0.5433,-2.1913,0.0241,0.6928,-0.6436,0.1004,0.4285,-1.1611,0.8014,-1.1682,0.0594,-1.9329,1.7672,-0.033,-1.2887,-5.5515,0.2219,-0.2086,-1.9505,0.862,-0.2408,-0.1465,0.101,0.201,-2.0974,-0.3087,-1.8523,-0.4866,-0.1978,-2.0628,0.731,0.7673,-12.9559,-1.6172,-0.3632,-1.1738,0.3285,1.6579,0.1769,-0.0799,-0.6835,-1.6306,1.6008,-1.0565,0.7908,-0.581,0.7372,0.4868,-0.4263,-1.5933,-5.4041,0.3767,-3.2058,-2.1259,-1.5912,-27.5977,-0.2844,0.1228,-0.6945,0.2804,-1.6175,-1.6904,-0.9018,-2.0806,-1.1376,-0.7206,-2.8257,-0.0829,-0.6404,0.2902,-9.8798,-1.1242,-0.2251,-1.3717,0.347,1.5392,-2.1702,-1.6784,0.9783,-1.2215,0.0556,2.6523,1.6914,-1.0737,-0.1533,0.7772,0.5898,1.0324,0.8597,0.1798,0.6672,-0.3753,-0.6592,1.2869,0.208,-0.0202,-1.4946,-0.3523,0.6106,-0.7414,0.7304,-2.6093,0.1386,0.2058,-146.0792,-1.8077,-0.5756,0.714,-1.0189,-2.8063,-0.3873,-1.306,0.0609,1.64,0.3795,0.7679,0.1417,0.9043,-0.256,-4.8423,-0.0569,-0.287,-2.5918,2.2374,0.3575,0.2621,1.0768,0.7233,1.0007,-2.1581,-1.0652,-0.9016,-1.1282,-0.758,0.298,1.3098,-0.0259
0.2335,-0.4442,-1.3038,-0.4469,1.2344,1.2658,-1.2317,0.8432,-0.1026,1.0804,-0.1303,2.1534,-0.5272,-0.8204,-0.7432,0.7312,-0.5586,-0.5144,-0.3947,-2.7362,-1.5492,-0.6723,-1.1257,-1.8667,0.4885,-1.0824,1.1914,-0.5302,0.5546,-0.9539,-1.6953,2.0034,-1.9092,0.6774,0.8204,1.332,-1.5384,0.6709,3.1168,-0.4549,0.9471,0.2407,1.0311,-0.5435,-0.7942,-1.5809,0.9474,-1.0808,-0.5849,0.7782,-0.6009,1.6961,-1.6845,-1.8005,-0.3343,1.6797,0.8977,-0.7862,2.6014,0.883,-8.8199,-0.9436,-0.6732,-3.2847,-1.6984,2.5645,0.5961,-0.5365,0.7934,-0.2205,1.2861,-0.2656,-2.1211,-0.589,-1.3725,-0.1504,-1.5998,-0.3944,-0.4611,-0.3467,0.0282,0.785,2.3594,-0.3477,1.7238,0.5918,-1.7887,-0.6698,1.1252,-1.6328,-0.7438,1.0629,-1.4455,-1.466,-0.4784,-0.4317,0.8404,-1.9729,-215.9867,-0.6679,-4.1031,-0.1135,0.1377,1.0379,2.7249,1.8614,1.0866,-3.0485,0.7574,0.4374,-1.1113,-0.2473,-1.0637,-0.1748,-1.549,-0.1825,0.0032,1.3226,0.1831,-1.2293,0.0108,-0.6374,1.8525,-0.4735,-0.7977,-0.292,0.2189,-1.1314,-5.5515,0.8415,-0.9921,-1.9505,-1.0748,-0.4401,-0.3164,-1.3974,1.0944,-0.1315,-2.0574,-1.8523,1.343,-0.8224,-2.0628,1.0678,-0.2197,-12.9559,-0.7203,-0.6018,-0.0212,-2.2152,-1.8566,-0.049,-0.7678,3.1536,-0.0056,-1.9684,2.111,-0.8446,-0.978,1.4361,0.7837,-1.904,-1.5933,-5.4041,-0.6713,-3.2058,-2.1259,-0.5374,-27.5977,1.4207,0.5286,0.664,0.1564,1.2458,-1.0679,-0.0979,-0.6657,-1.4539,-0.6392,-2.8257,-0.3208,0.2981,-0.9832,-9.8798,0.9035,-0.9672,-0.9613,0.0875,1.0417,-2.1702,-0.9943,-0.5699,0.4971,-0.2448,-0.5498,-1.2864,0.6341,0.5422,-0.1083,-0.4847,-1.6146,-1.1348,-0.2246,-1.2821,0.3586,-0.1858,0.0356,-0.2737,1.2587,-0.6392,0.2501,-0.5657,0.5327,-2.1086,-2.6093,0.3575,-1.8102,-146.0792,-0.8492,2.0037,-0.2044,1.6484,-0.216,0.3685,-0.9223,-0.0169,-1.5398,-1.2872,-0.0651,-0.865,-1.2179,-1.0475,-0.1865,-0.618,-0.9656,-2.5918,3.8985,-0.7396,-0.0472,-0.9478,0.2381,-2.2641,-2.1581,0.3333,-1.8817,-0.2225,-0.5835,0.6564,-1.1811,-0.5566
-0.2649,-0.187,-1.2753,-0.751,0.2472,1.5467,-1.7085,0.5717,-0.7181,-0.2517,-1.9754,0.9629,-0.4391,-0.7585,0.1084,0.2675,0.1956,-0.4209,-0.7931,-2.7362,-0.4947,0.9143,-0.1881,-0.4765,0.6417,0.0872,-0.0895,-1.7675,0.1689,-0.2625,-0.0945,1.6836,-0.2484,-0.115,-0.2839,-0.62,-1.5384,0.1123,1.2407,-0.7006,-0.6486,2.0017,0.0863,-1.6277,-0.3948,-0.6951,-0.6926,1.2955,1.4052,0.0772,-0.685,0.9753,0.1111,-1.2304,-0.4437,0.9382,-0.9011,1.2566,0.0726,-0.0007,-8.8199,-1.5466,-0.4583,-3.2847,-1.6984,-0.1331,0.8382,-0.775,0.481,0.0719,1.1889,0.2752,-1.7635,0.417,0.7109,0.1685,-1.1162,-0.8751,-0.1409,-0.6586,-1.5031,1.3453,-0.3746,-1.8433,0.2809,1.1095,0.2123,-2.1523,-0.7209,1.3172,-0.591,-1.6517,0.0962,-1.4488,-1.2143,-0.1028,-0.4119,-0.6273,-215.9867,1.5751,0.5089,-0.9008,0.4841,-1.2657,0.3764,-3.1457,-0.2282,-3.0485,-1.529,0.0087,-0.5182,1.8941,0.3343,-0.3381,-1.035,-0.4173,-1.1817,2.1898,0.1871,-0.8239,-0.2826,0.7848,-0.3894,-0.6294,-0.7387,-0.805,-0.6868,-0.2317,-5.5515,-0.2621,-1.4983,-1.9505,-0.6749,-1.8094,1.467,0.5381,-0.7757,0.6218,-0.4515,-1.8523,1.0476,-0.2904,-0.6192,-1.5587,1.7785,-12.9559,-1.2743,-0.5166,0.2106,0.675,-1.2221,-0.7589,0.2131,-1.3846,0.3628,0.8266,-1.0565,-1.6146,-0.2918,2.0259,-1.6428,-1.904,-1.5933,-5.4041,-0.6133,-3.2058,-2.1259,-1.5912,-27.5977,-1.9958,0.1459,-0.4599,-0.4656,-0.221,-0.2919,0.3151,0.1382,0.6963,-0.4361,-2.8257,-0.3656,2.5983,-1.5018,-9.8798,1.0276,-0.5292,-0.9399,1.4238,-1.1061,-2.1702,-1.6784,-0.4301,-0.6409,-0.2082,0.7211,-0.9098,-0.1727,-1.7245,-0.2821,0.6822,0.2022,0.919,1.9452,-0.5057,-1.6016,0.1242,0.1583,-0.0466,1.2636,0.443,0.68,0.3795,-0.9445,-0.7535,-2.6093,-1.2234,1.4426,-146.0792,-0.0445,-0.6999,1.8954,-0.4606,-2.8063,-1.3466,-0.9023,0.3364,0.9448,1.225,1.8648,0.8505,0.9166,0.5034,-0.2747,1.0584,-0.928,-2.5918,1.2399,-0.3892,1.0807,0.6093,-0.45,-0.7882,-2.1581,1.1182,0.1559,0.8807,-1.5319,-0.6856,1.5457,-0.962
0.9201,-0.8244,0.3375,0.1411,-1.1931,-0.6948,1.0843,-1.5796,-0.1882,-0.5698,1.4856,-1.5854,-0.7304,0.7576,-1.1017,1.1699,2.2339,-2.3138,1.1416,-0.4281,-0.667,-1.5268,0.9055,-1.8667,0.2953,0.983,1.5057,-1.7675,0.3889,-0.9906,-1.6953,3.317,-1.9092,1.2334,0.3972,1.2501,-1.5384,-0.9438,0.6789,-0.518,-0.0814,-0.9972,1.0148,-1.6277,0.4148,-1.5809,1.4331,1.4256,-0.225,0.3859,-1.8952,-0.0338,0.1827,-0.1554,0.018,-1.4771,-3.0453,-0.8946,0.6937,0.7295,-8.8199,0.7173,-0.1165,-3.2847,-0.941,0.0331,-0.7262,1.3404,0.1501,2.164,0.1181,-1.677,0.6293,0.7369,1.1331,-0.2113,0.0059,-0.4485,-0.4788,0.976,-1.5031,0.9065,0.695,-1.0788,1.8892,-1.1448,1.6075,-0.8475,0.1222,-0.5501,1.5172,-1.7516,0.702,-0.9677,-1.2143,2.1046,0.1555,-0.8471,-215.9867,-2.3952,-4.1031,0.2405,-0.5286,0.4791,-0.2916,1.4989,-0.8359,-3.0485,-0.7976,-1.7013,-1.1628,-1.8695,0.3034,1.4392,0.052,0.6544,1.5942,-1.3805,-2.2437,0.9252,0.0269,0.4605,0.4262,-0.138,-1.9329,-0.9367,-0.753,0.2976,-5.5515,0.8775,0.1224,-1.9505,0.7193,-1.8094,-0.2377,-1.2916,-1.9335,-1.0925,-2.0574,-1.8523,0.7179,-0.9021,-0.855,0.0169,-1.9946,-12.9559,1.1006,0.2798,-0.6657,-1.0836,0.3868,1.2615,-0.316,0.8363,0.4828,0.9656,1.0813,1.3946,0.852,-1.372,-0.3602,-1.904,-1.5933,-5.4041,-1.7868,-3.2058,-2.1259,0.0293,-27.5977,-1.9958,0.0153,-0.2293,1.146,-1.3901,-1.1724,-1.0292,-1.4104,-0.8101,0.2973,-2.8257,-0.3712,-1.3098,-1.5018,-9.8798,-1.2769,0.32,-0.7405,-1.1256,-1.0582,-2.1702,0.8902,1.9475,1.1664,-1.9913,0.8186,0.2742,-1.2672,-0.4578,0.6639,-0.4144,0.7944,0.711,-2.0992,0.3257,-0.9007,1.4864,-0.3482,0.1646,-0.5469,-1.4613,-1.1846,-1.3584,-1.4336,0.4788,-2.6093,-0.2438,-1.2968,-146.0792,0.8819,-0.575,-0.0344,0.0747,-2.8063,0.8436,-1.306,-0.3959,0.2546,-0.3691,-3.2166,0.6842,1.1552,-0.0689,-0.4034,-1.1897,-1.0522,-2.5918,0.051,-0.2127,0.5782,-0.9169,0.8317,-1.0719,1.9203,-0.6933,0.5776,0.6171,0.4638,-1.158,-1.1811,0.6734
0.97,-0.887,2.142,1.4683,1.4816,0.7033,1.1706,0.4429,-0.2695,1.0435,1.4134,-0.7242,-0.7962,0.5372,-0.1063,1.1666,2.6884,-2.3138,0.1667,-2.7362,1.5629,0.8511,0.9788,-1.8667,1.1852,0.7792,0.0873,-1.7675,0.6911,0.2622,1.0654,0.8173,-1.9092,1.653,0.4405,1.7953,-1.5384,0.8185,0.0457,-0.8109,0.8342,2.0598,-0.0081,2.0494,-1.6023,-1.5809,2.0322,1.116,-1.5142,0.4638,-1.6671,-1.5171,-1.2574,-0.0623,0.8508,-2.1572,-0.4042,-0.3548,0.764,1.1963,-8.8199,-1.5466,-0.2706,-3.2847,-0.9744,0.8281,-0.0735,2.32,0.6273,1.1257,-0.823,0.6041,0.7553,0.0522,0.0979,-0.7307,1.0885,-2.1804,2.2693,1.8137,-0.7548,1.1963,0.6092,-1.8433,-0.2744,-0.1845,0.4511,0.0374,-1.3063,0.755,0.9398,-0.1423,0.7102,0.6804,-0.238,2.6292,1.2723,-0.8967,-215.9867,-0.1272,-4.1031,0.1145,-0.9647,-0.7623,-0.3728,-0.0434,-0.1042,-3.0485,-0.3016,-0.3876,-1.5406,-1.4086,1.955,1.0305,-1.6509,-1.012,1.1172,-0.7021,-1.6317,1.3169,-0.641,0.5705,1.5542,-0.3724,-1.9329,-1.6109,-1.0734,0.3431,-5.5515,-1.0528,-1.4983,-1.9505,1.0089,-1.8094,0.4025,1.006,-1.9335,-1.1368,0.1973,-1.8523,-0.1333,-1.4873,-2.0628,0.6689,-0.0811,-12.9559,1.2682,0.1802,3.6407,-0.5875,0.269,-0.736,-0.7629,0.2381,0.9344,-1.9684,-0.1284,1.398,1.7367,-1.0817,0.1756,-1.904,-0.8371,-5.4041,0.431,-3.2058,-2.1259,-1.5912,-27.5977,-1.9958,0.4934,-0.9623,0.4961,-1.5877,-1.6904,-1.6445,-2.0806,-1.9247,-1.4035,0.785,-0.3587,0.3165,-1.5018,-9.8798,-0.6668,-1.1232,0.3115,-1.6886,-0.0869,-0.7611,-1.1028,1.9504,0.3862,-2.7047,-0.5089,-0.4401,1.6051,-1.6114,-0.1867,-0.1525,0.4842,-1.7092,-1.1151,0.7763,-1.0793,0.1969,-2.1213,0.2329,-1.5803,-0.5002,-0.5742,0.1197,-1.0323,-1.0438,-0.3505,0.7995,0.1681,-146.0792,1.8368,-1.471,1.2381,-0.3159,-2.8063,-0.0227,-1.306,1.5668,0.9961,1.9134,1.1414,-0.4,0.7239,-0.5828,-1.0031,-0.4371,-1.6879,-2.5918,-0.2953,0.0393,0.8226,0.3244,-0.1949,0.6436,1.7826,1.4841,-0.6179,0.8813,0.048,-0.5445,-1.0161,1.779
-0.0389,0.4278,1.1829,1.7609,2.355,-1.0085,0.1734,-0.3845,-0.0352,-0.7554,-0.8351,-0.192,-2.2225,-0.6535,0.5614,-1.0463,2.0275,-2.3138,1.3952,-2.7362,-1.5492,0.5527,0.9949,2.9865,1.7086,-0.3815,-0.0147,-1.7675,1.4097,-0.3033,-1.6953,0.691,-0.5678,1.4903,-3.4822,1.2041,0.3608,-1.954,-0.2127,-0.8508,0.5905,1.6549,0.2395,-1.6277,1.1975,0.1066,-1.0421,0.9208,0.5556,-1.2262,-0.8214,1.0201,0.4416,-1.064,0.9031,0.7696,-0.3362,-0.9221,0.9946,-0.9384,-8.8199,2.2873,-0.9678,-3.2847,-0.9672,1.2361,0.1216,-0.3621,1.5532,-0.5694,-0.5936,2.1619,0.8799,-2.015,0.1191,-0.4538,0.4734,2.0013,1.1389,0.8294,-0.7474,0.3509,1.2113,0.2705,1.52,0.5041,-0.3257,-2.1523,1.3627,-0.5837,0.0196,0.3573,-0.4858,-0.3617,-0.6783,0.1469,1.1693,1.14,-215.9867,1.6183,-4.1031,-0.4232,0.5367,1.5363,0.0484,0.81,-0.4331,-3.0485,-0.2907,1.7004,0.1371,1.2026,1.4417,-0.4833,0.3187,3.0396,-0.6994,-0.8839,0.1453,-0.5956,0.2407,0.035,-0.0202,-0.3854,0.8297,-0.4695,-1.0856,3.1077,-5.5515,1.3508,-1.0682,-1.9505,0.6456,-1.8094,1.8447,0.8646,0.7447,1.7999,0.2172,1.3932,0.6828,0.5908,-2.0628,-1.1608,5.078,-12.9559,0.7038,-2.2414,-0.6815,0.3441,-0.3707,1.2454,-0.4919,-0.0409,1.0499,0.8877,0.7526,1.1239,-0.8947,-1.372,0.4489,-0.808,-0.254,-5.4041,3.2439,-3.2058,-2.1259,-0.6958,-27.5977,-0.7264,0.8845,1.768,0.0456,1.2908,1.0946,0.5975,-0.1174,1.7579,-0.4894,0.817,-1.6195,0.328,-1.5018,-9.8798,1.4945,0.5699,-1.3717,1.4386,0.6175,0.3254,3.7343,-1.0625,-0.536,-0.768,0.0576,-0.6524,3.6326,0.986,0.5825,-0.2064,0.4896,-0.2654,0.4223,0.4605,-0.2086,1.0933,0.3958,-0.5917,1.8432,-0.9636,-1.326,-0.3129,0.8147,-0.9014,-2.6093,0.3052,0.013,-146.0792,-0.7061,-0.1093,0.1617,-1.0125,-2.8063,1.355,-1.306,-0.3274,0.9454,1.8444,1.5183,0.0869,-2.1963,0.4793,-1.0142,1.1496,-0.2404,-2.5918,-1.5186,0.1116,1.6037,0.5923,-0.9079,0.2193,-0.7719,0.7532,1.0387,1.3206,-0.9834,1.3077,-0.0294,-0.4694
-0.6699,0.9656,1.4744,1.2316,0.1036,-0.1839,1.0191,0.3179,1.626,0.316,0.8404,-0.28,-2.2225,0.1307,-0.4421,0.8994,1.2885,0.1237,1.0325,0.8162,-1.5492,-1.5268,-0.885,-0.0764,0.9658,-1.1008,-0.1416,-0.1557,0.7269,0.6731,-0.0626,-0.0213,-1.9092,1.6658,-1.8945,0.7442,-1.5384,-1.0772,0.5228,-0.7185,0.3224,0.5674,-0.2512,-1.6277,-1.8328,-1.5809,0.2451,1.6008,1.6841,-0.6001,-0.971,-0.9723,0.7162,-0.3871,0.5081,1.0109,-0.8128,-0.4654,-0.6041,1.5258,-8.8199,0.0178,0.8464,-3.2847,1.0397,0.4637,1.573,1.0416,0.0836,0.5878,1.0265,0.7041,0.2727,-0.1694,0.7207,0.3293,-0.5687,-0.657,0.5899,0.5883,-0.8237,0.1112,-1.2704,-0.2483,-0.1521,-2.0189,1.8634,-2.1523,-1.3357,0.6075,0.7724,0.0996,1.5417,-0.6579,-0.2962,1.1887,0.4268,-0.9957,-215.9867,0.5226,-4.1031,-0.4973,-0.2379,1.0738,-0.3593,0.7233,-0.9126,-3.0485,-0.8941,0.3039,-0.2937,-0.3918,0.6184,0.444,0.7477,-1.6139,0.5489,-0.4859,-0.9254,0.6756,0.9184,0.6494,-0.0163,-0.6429,-1.9329,2.0094,0.1003,1.4315,-5.5515,0.5952,-1.4983,-1.9505,0.4076,-0.7633,0.6953,0.9644,-1.0927,-2.0974,-0.8912,-1.8523,0.3728,0.0039,-1.0145,-1.1471,-1.5636,-12.9559,1.6934,-2.2414,1.0351,-0.3665,0.8582,-2.3873,0.2085,1.6378,-1.5865,-0.3785,-0.1858,1.3962,-1.6595,-1.372,-0.9481,-1.904,-1.5933,-5.4041,-1.7868,-3.2058,-2.1259,-1.5912,-27.5977,0.028,0.6256,-0.1475,-0.1755,-2.1303,-1.4981,-1.6445,-2.0806,-0.5181,-0.8427,0.486,0.1089,-0.2367,-0.3388,-9.8798,0.04,-0.3516,-0.618,0.1637,-1.0037,-2.1702,-0.4223,1.4713,-0.9793,-0.4998,0.2147,1.2862,0.7602,-0.5278,0.4627,0.7583,0.372,0.5519,0.2734,0.2765,-1.1347,0.2039,-0.2351,0.7682,0.3795,-1.5224,0.188,-1.2534,-0.5692,-0.3625,-2.6093,0.7136,-1.3646,-146.0792,1.3364,-0.7635,0.6727,-0.837,-2.8063,1.732,-1.306,-1.0814,1.719,0.4254,1.1916,0.4339,0.8193,-0.3965,-2.2875,-0.2641,-0.3616,-2.5918,-1.5575,0.5688,1.8244,0.2138,-1.3076,1.9609,-0.9118,0.5561,1.4309,1.3359,-0.1401,0.0317,-1.1811,0.221
1.1012,-0.6884,0.3863,0.1225,-0.8136,-0.0106,1.3894,-0.909,-1.046,-1.1242,-0.1876,-0.5156,-0.3161,1.2622,-0.0231,-0.3095,0.4551,-2.3138,-0.304,0.2126,-0.4221,-1.5268,-0.5091,-1.8667,0.3411,-0.1835,-0.2677,0.3887,-0.4456,-0.4914,4.3346,-0.4503,-1.9092,-0.1962,-1.6185,0.315,-1.5384,0.2365,-0.8328,-1.1454,2.255,0.6491,-0.1936,-1.6277,-0.0673,-1.5809,1.311,1.2636,-1.2153,0.958,0.0718,-0.3573,-0.4692,-0.6761,0.0299,-0.1728,0.6314,-0.6736,0.6886,0.9778,-8.8199,-0.8686,-1.1484,-3.2847,-0.7307,-0.3847,-1.112,0.129,-0.315,0.7841,0.6545,-0.1125,0.6898,-0.7377,-0.1201,-0.0295,0.8148,-1.1218,-0.6179,-1.7962,-1.5031,0.7117,-0.4681,3.0255,1.0705,-0.0415,1.4737,-0.4852,0.2155,0.1352,-0.7022,1.8503,1.4862,-0.964,-0.1225,1.3438,-1.9402,0.4684,-215.9867,-0.048,-4.1031,-0.8718,-0.3152,0.286,-0.2424,-0.7428,-1.4171,-3.0485,-1.529,1.1641,-0.4626,-1.6371,0.4635,1.1277,-0.2642,1.9121,0.4453,-0.4436,0.1449,1.7614,-0.4759,1.2892,-1.191,0.0592,-0.6564,-0.7495,0.2458,-0.6201,-5.5515,1.77,0.0205,-0.0909,1.9291,-1.8094,1.4616,-0.2415,0.1669,-2.0974,-2.0574,-1.8523,1.2031,1.2266,-2.0628,-1.2998,0.1317,-12.9559,1.4243,-2.2414,-1.1738,0.1145,0.5988,0.1763,-0.8055,-0.4025,0.3216,0.9787,-0.1227,0.1509,2.2077,-0.7134,0.0832,-1.904,1.794,-5.4041,-0.5324,-3.2058,0.0072,-1.5912,-27.5977,-1.9958,0.5428,-0.4959,0.3264,-2.1303,-1.6904,-1.6445,-1.1748,0.1253,0.1064,-2.8257,1.3411,1.3869,1.8399,-9.8798,-0.2683,1.4717,0.029,-1.007,0.1139,-2.1702,0.0394,0.1401,-0.6477,0.1658,1.2932,-0.4965,0.2784,0.5182,0.8228,-2.6244,-1.5429,0.2551,-0.4375,1.8351,-1.0329,1.0484,-1.7923,-0.3745,0.6122,-1.0013,-1.0742,0.3678,-1.1281,0.7744,-2.6093,-0.2837,-1.8102,-146.0792,-0.0597,-0.7366,0.1671,0.0833,-2.8063,-0.8464,-0.8745,-0.3391,2.3077,0.0597,0.5133,-1.5611,0.8201,-1.6227,0.0766,-1.0237,-0.3094,-2.5918,-1.0838,0.0345,0.6792,0.3084,0.3958,-1.063,0.9555,-0.377,-0.9196,0.1238,-1.6648,-0.1777,-1.1811,-0.629
-0.9303,-1.2035,-1.4289,-0.2112,1.8401,0.0767,0.8613,2.8216,-0.0274,0.4837,0.8704,-0.3535,-2.2225,-0.3394,1.4517,1.7647,-0.1953,-0.9248,-0.343,-0.7119,-0.7754,-1.5268,-1.2805,-1.8667,0.9968,-0.7674,0.1617,-0.143,0.3999,0.3185,-1.6953,1.2794,-1.9092,0.7468,0.968,1.679,-0.2427,-0.3848,1.0971,-1.0724,-0.6035,-0.6023,-0.7004,-1.6277,2.1218,-1.5809,-1.2022,0.2766,0.3569,0.0813,-1.1766,-0.6617,-0.8446,0.0227,1.1166,-0.9286,0.7122,-0.9924,-1.0713,0.4141,-8.8199,1.6364,0.0992,-3.2847,-1.6984,2.2475,0.0274,1.3011,-1.9522,-0.3922,0.3302,-0.159,0.0138,-1.759,0.5841,0.7209,1.4213,-0.6561,-2.4762,1.1135,-1.5031,0.1301,-1.411,0.9395,-1.276,-0.7953,0.9936,-1.0079,-0.3128,-0.6702,1.864,1.7537,0.54,-0.5042,-1.0079,0.9314,-0.3331,-0.2241,-215.9867,0.3428,-4.1031,-0.3957,-0.1214,-0.39,-0.5286,-1.4125,1.0161,-3.0485,0.3495,0.619,-1.5406,0.391,1.1843,0.336,-1.0019,-0.3942,-0.2399,-0.9511,-0.7172,0.437,0.8133,0.7756,1.4615,-0.0906,-1.9329,-1.6109,-0.859,-0.0958,-5.5515,2.1063,-1.1075,-1.9505,1.5207,0.0627,1.0926,-0.4115,-1.0839,0.4837,-2.0574,-1.8523,1.859,0.0157,-0.1868,-0.2068,0.5117,-12.9559,-1.0135,-0.9757,-0.7221,-0.5388,1.1484,0.0451,-0.3528,-0.4088,0.7872,-1.0624,0.159,0.9039,1.7486,-0.4699,-0.5722,-1.904,-0.8995,-5.4041,1.4765,-0.668,-2.1259,-1.5912,-27.5977,-1.9958,0.714,0.4488,0.2601,-0.6682,-1.6904,-1.0206,-1.3736,-1.464,-1.1931,-0.9386,-1.1485,-0.5108,-1.5018,-9.8798,-0.7222,0.5409,-0.8106,-0.1943,0.8342,-0.8773,-1.6784,2.1639,0.2821,-0.1189,1.4983,1.7097,-0.2609,0.0505,1.689,0.6981,0.3867,0.5036,-0.2594,-0.1131,-1.703,-0.1782,0.0691,1.4685,0.9004,-0.5033,-0.9414,-0.9798,-1.0622,0.1876,-2.6093,2.0672,0.5759,-146.0792,0.3971,-1.1149,2.4658,-0.447,-2.8063,1.9216,-1.306,0.3291,2.5354,0.2763,1.1561,-0.052,0.5514,0.923,0.461,-0.8589,-1.6879,-2.5918,-0.362,-0.3234,0.6281,0.2343,-0.3922,0.9381,-2.1581,-0.9805,-0.712,1.4574,0.8107,-0.4171,-1.0297,0.6099
0.1404,0.5555,-0.271,-0.19,-0.2616,-1.6611,0.4749,-0.7794,-0.7591,1.2296,-0.4041,-0.5574,-2.2225,0.579,0.9533,1.5212,0.8182,-2.3138,0.3979,0.7822,-1.5492,2.3606,0.1524,-1.8667,-0.1135,-1.9307,1.1027,3.4153,0.3588,1.5114,2.6091,-0.2584,-1.9092,0.2542,0.9194,-0.1499,-1.5384,1.3553,-1.18,-0.9281,2.3503,-0.033,-1.0411,-1.6277,-1.4653,0.8469,-1.6872,0.7776,2.707,0.1387,-1.3468,-1.3316,-0.2141,-0.4654,0.8637,-0.7838,-0.3244,2.6291,-0.1043,0.1556,-8.8199,-1.5466,-0.4368,-3.2847,-0.5438,-0.147,-0.3888,-0.0631,0.564,1.1367,1.7277,0.6865,0.6715,0.1092,-0.8665,0.5769,0.9559,0.1386,0.2065,0.7895,-0.3098,-0.4416,-0.2665,-1.8433,-0.8335,0.6949,1.517,1.1453,-1.1161,1.9599,0.8723,-0.5878,2.0058,1.3907,-0.3025,1.2366,1.1074,-0.2566,-215.9867,1.6871,-4.1031,-0.9305,1.0159,1.7753,0.2411,-0.6933,-0.5311,-3.0485,-0.414,1.4499,-1.5406,1.0076,-0.4703,-0.6394,-0.3395,-1.8103,-0.098,-0.0696,-0.6499,1.3918,-0.4509,2.5885,0.0406,0.4844,-1.9329,2.0972,1.0279,0.259,-5.5515,2.0014,2.4535,-1.9505,0.6678,0.0279,1.3807,0.5488,4.1848,-2.0974,-2.0574,-0.0629,-0.7772,-0.0084,0.9895,1.7295,0.5723,-12.9559,2.0698,2.4857,-0.7305,-0.2009,0.981,0.4527,-0.2388,-0.2782,-1.3546,-0.3937,-1.0565,0.8336,-0.0999,-0.6044,1.1649,2.4934,0.406,-5.4041,-1.7868,-3.2058,0.4192,-1.5912,-27.5977,1.3273,-0.9367,0.6593,0.0839,0.9275,0.031,-0.0046,1.7514,-0.2825,-0.2008,-2.8257,-0.3353,1.5192,-0.3484,-9.8798,0.6145,0.9816,-1.3717,-0.6693,0.1357,-2.1702,0.294,1.216,-0.6037,1.0382,-0.2091,0.1183,1.6199,-0.4114,0.1081,-0.5102,0.1816,-0.9315,1.315,1.4536,-1.3172,1.4207,-1.1985,-0.2737,-0.234,-1.4178,0.75,-0.8851,-0.5075,-0.8444,-2.6093,-1.0261,0.6524,-146.0792,1.3686,-0.0297,1.0804,-0.1208,-2.8063,-0.7133,-0.4524,-0.8806,0.6753,2.3491,1.6926,0.6792,-0.6898,-0.3294,-0.2195,-0.8762,1.598,0.7265,0.1902,0.5672,0.8309,1.0536,1.8477,2.2853,-2.1581,1.4191,1.7304,0.8198,-1.2669,-0.6705,1.0224,0.4701
2.3596,-1.412,2.362,2.1588,-1.1935,-0.1357,1.4607,0.3529,-0.3678,1.1174,1.4206,-1.3055,-2.2225,0.6671,-0.1958,1.3995,1.6548,-0.901,0.6333,-0.6772,0.747,-0.8558,-0.5296,-1.8667,-0.0585,0.0978,2.1397,-1.2032,-1.6133,-0.835,-1.6953,-1.4121,-1.9092,-1.1386,-1.0839,1.4734,-1.5384,-1.954,-1.4243,-1.6889,-0.1926,-0.8338,-0.7997,-1.6277,-1.1077,-0.9198,1.0916,1.5682,0.0157,1.8134,-0.2004,-1.988,-1.1866,1.7943,-0.1843,-1.844,-0.8869,0.0081,1.3817,-0.8828,-8.8199,0.2384,-0.8431,-3.2847,-1.0227,-0.0294,-1.2516,1.7704,-0.3516,1.2296,-0.2117,-0.5388,2.1545,-0.8142,0.9673,0.768,-0.5467,-1.788,-0.9673,1.189,-0.8048,1.1129,-1.1242,-1.8433,-0.7193,0.2699,1.5017,-2.1523,-1.6261,-0.6552,1.139,-0.9319,-1.257,-1.0372,-1.0043,1.861,-1.1302,-1.9729,-215.9867,0.4594,-4.1031,-0.0557,-0.6177,0.0432,-1.4279,0.3523,0.0957,-3.0485,0.0319,-1.2867,-1.5406,-1.2309,2.0874,2.0776,-1.687,-0.3028,1.152,-1.4225,-1.147,1.3943,-0.3894,0.7915,0.8242,-0.2758,-1.9329,-1.6109,-0.3692,0.5594,-5.5515,-1.2247,-1.4983,-1.9505,-0.0871,-1.8094,0.8389,-0.3906,-1.9335,0.5183,-2.0574,-0.8052,1.186,-0.5642,-0.1575,1.256,-1.5516,-12.9559,0.7689,-2.2414,-0.9144,0.7009,0.3095,-0.0439,-0.9817,1.0932,0.9875,0.7202,-0.3321,0.6712,1.9678,-1.372,-0.5454,-1.904,-1.5933,-5.4041,-0.2379,-3.2058,-2.1259,-1.5912,-27.5977,-1.9958,1.1832,-0.7133,1.8062,0.8304,1.5247,0.0313,0.8593,-0.8043,-1.7402,-2.8257,-0.286,-1.3098,-1.0946,-9.8798,-1.5468,0.8096,-0.8018,-2.5804,0.5373,-0.8552,-1.6784,0.6343,0.9122,-0.6218,0.9206,-1.4029,-0.2388,1.1402,1.0117,-1.5171,0.2158,-0.3215,-0.6365,0.7941,-1.9986,0.9109,-0.9249,1.0731,-0.5491,-1.8059,-2.3052,-1.0935,-1.2203,-0.2137,-2.6093,-0.9304,-1.0003,-146.0792,-0.9518,-1.4851,1.4718,0.5975,-2.8063,-0.1262,-1.306,-0.6154,-0.0736,0.124,-0.3372,0.5669,0.964,-0.399,-0.4763,-1.7875,-1.6879,-2.5918,-1.7215,-0.1478,1.1271,0.0018,-0.226,-0.7058,0.1071,-1.1073,-0.6937,1.3631,-1.5818,0.0175,-0.6621,0.4393
-1.5152,1.1623,-0.1702,0.8812,0.1385,2.1283,0.448,-0.4112,-0.2544,-0.4951,1.5266,1.6212,-2.2225,-1.183,0.4274,-1.4369,-0.6885,-2.3138,-1.8257,-2.7362,0.4146,-1.5268,-0.0593,-1.8667,-0.529,2.8538,-1.1834,-1.7675,1.4968,-1.26,-1.6953,0.9778,-1.9092,0.028,-1.2457,-2.2661,-1.5384,2.0444,-1.2575,2.1068,1.2008,1.6012,0.9478,-1.6277,-1.8328,-1.5809,-1.3794,-0.582,0.3117,0.5916,0.2209,-0.2439,-1.8556,-2.0483,-0.7731,-2.0371,-2.6813,-1.6905,0.2765,1.8002,-8.8199,0.9609,0.2404,-3.2847,-1.6984,-0.9191,-1.5744,-1.1824,1.9878,-1.6177,1.1252,-1.677,0.4519,-0.6501,-0.7055,1.2503,-0.6991,-2.2272,1.4173,-2.4201,-0.4725,-3.5323,-1.0829,-0.8367,2.3408,-1.5062,-2.7954,-0.4343,0.4025,4.1669,-2.0237,-1.5896,-0.9371,-0.944,-0.2825,-0.9365,0.2699,-1.9729,-215.9867,0.4232,-4.1031,0.0545,2.4735,1.0444,2.1237,0.1449,0.8834,-3.0485,-0.566,-1.2689,-1.5406,0.9508,-0.9791,-1.6963,-0.9329,-0.3058,-0.6941,-0.4142,-1.7636,-0.1001,-0.0987,-0.3029,-0.8425,-0.3578,-1.9329,-1.6109,-4.9247,0.7155,-5.5515,-0.8486,-1.4983,-1.9505,-1.214,-1.8094,-1.258,-1.01,-0.6581,-2.0974,0.9335,0.7607,0.7155,-0.1847,2.7175,-1.8777,-0.8892,-12.9559,-1.6172,-2.2414,-0.7909,-0.4747,-4.2546,-2.8398,-0.4628,-1.615,0.462,2.9126,-0.5203,0.7799,-1.6969,-1.372,2.315,0.6233,-1.5933,-5.4041,-0.4941,-3.2058,-2.1259,-1.5912,-27.5977,-1.9958,-2.1229,0.9989,-0.8657,-0.1205,1.6641,-0.6824,-0.5811,-2.0277,-1.7402,-2.8257,1.1686,-0.1648,-1.5018,-9.8798,-0.6115,-0.8332,-0.1128,1.7657,1.9735,-2.1702,-1.6784,1.8467,-2.1124,-1.2085,-1.2156,0.678,0.8926,-0.5987,2.1796,-2.7767,0.7078,-0.0259,-1.0247,-2.3344,-0.6606,-0.775,-0.8901,0.9613,1.7983,-0.896,1.4272,0.4799,-1.4336,0.5116,-2.6093,-1.1479,-1.1342,-146.0792,0.7825,2.5382,-0.1505,-0.5657,-2.8063,1.7395,-0.8613,-1.7211,-1.7391,-1.0981,-1.4086,-1.9669,0.7024,0.4841,0.0055,-1.0004,-0.8509,-2.5918,1.2296,-1.8124,-0.3018,-1.9971,3.5945,2.2276,-2.1581,2.0374,-0.8902,0.0706,1.0765,2.911,0.9431,-0.053
-1.7898,0.9925,-1.3204,-2.0702,-0.223,-0.2966,-1.4777,-1.5796,0.6359,0.1795,-2.0218,-0.6266,-2.2225,-0.0389,-0.0026,-0.9935,-0.2447,1.7012,0.484,-0.193,-1.5492,0.3799,0.2853,0.3482,0.2625,-0.983,0.0194,1.2734,-2.7799,-1.26,1.0425,0.046,-1.9092,0.3068,-0.3766,-1.6757,0.0499,0.6072,0.7866,-1.2349,1.0487,-0.5485,-2.0114,-0.5762,0.2928,-0.7643,1.452,0.3255,-0.0471,-0.3966,-0.6652,0.5085,1.5322,0.5333,0.6643,0.737,-0.0272,-0.1749,-0.4701,-1.4344,-8.8199,-1.5466,-0.7139,-3.2847,-0.8638,0.0266,-0.4685,-0.892,0.2632,-0.2749,-0.6023,1.1249,-1.1283,-2.0593,-0.8753,-1.7884,1.0535,0.7455,-0.4239,-0.2012,-0.6406,1.0053,-0.4628,1.3864,-1.0524,-0.5404,-0.8121,-2.1523,0.1454,-0.4528,-0.4029,0.0538,-0.1159,-0.7754,-0.3001,-0.5403,0.2961,-1.9729,-215.9867,-0.1011,-4.1031,0.8285,-0.6431,-0.2652,0.0112,-0.1812,-1.4171,-3.0485,0.3253,-1.1077,-0.5827,-0.6414,-0.7677,-0.9279,-0.7582,-0.9315,-0.0866,-0.7834,-0.1602,-0.9741,0.1917,-2.211,0.436,1.0731,-1.9329,1.2373,1.9172,0.8794,-5.5515,-1.0639,-1.4983,-1.9505,-1.5151,-0.4814,2.5798,0.5131,-1.9335,-0.9901,-2.0574,-0.5589,0.8618,-1.4873,-2.0628,-0.1749,-0.2574,-12.9559,-1.6172,1.417,2.3368,0.3182,-1.2879,-0.2041,-0.8494,-0.3166,1.1673,-1.9684,-0.7911,-1.8299,-0.8606,-0.7937,0.1528,-1.904,-1.5933,-5.4041,-0.7049,-3.2058,-2.1259,-1.5912,-27.5977,-0.5469,-1.3644,0.5499,-0.0329,0.1963,0.7227,-0.4484,0.8143,-0.1854,-1.3521,-0.4548,-0.4015,1.1632,-1.5018,-9.8798,1.1897,0.9586,-1.3717,-3.0786,0.0102,-0.5459,0.1613,-0.9658,-1.2843,-0.5467,0.9196,0.6038,0.3357,0.3869,-0.651,-1.2522,0.7397,1.0725,1.4982,0.8001,-1.6085,-0.4112,0.9085,-1.8051,0.0081,-0.7608,-1.4254,0.0844,2.1346,-1.8553,-2.6093,-0.822,-0.2415,-146.0792,0.6595,-0.4204,1.1432,-0.2263,-2.8063,-0.0623,-0.6629,-0.572,-0.9393,0.7121,-1.2114,-0.6514,-1.0237,-1.4691,-0.5781,-0.6491,-1.6879,-2.5918,-1.6683,-0.1375,-2.1576,2.1212,-0.7574,-0.6116,-2.1581,-1.7768,1.2996,0.7807,-1.2504,-0.9111,-0.9909,1.7248
1.2179,-2.1393,0.7281,1.3312,-0.6743,0.9546,0.0685,-1.5796,-0.4282,-1.0791,0.6867,-1.1707,-2.2225,-0.0412,0.9663,-0.7454,-1.465,-2.3138,-1.0357,-2.7362,-1.5492,-1.5268,-0.4703,-1.8667,0.1909,0.066,1.4091,-0.3549,0.4464,-0.6584,0.0526,0.3459,-1.9092,-0.7623,-1.6942,-0.6263,-1.5384,-1.954,-0.9313,-0.9424,0.409,1.355,-0.5446,-1.6277,0.8816,-1.5809,0.368,1.2071,-2.4022,-0.1173,-0.1069,-0.079,-0.4218,-1.8123,-0.8471,-0.1821,-1.1794,-1.6905,-0.6182,-0.29,-8.8199,-1.5466,-0.6553,-3.2847,-0.6974,0.4573,-0.1383,0.2578,0.6205,0.7254,-0.3362,-1.677,0.0056,-0.0091,1.1314,0.4681,0.7677,-0.6896,0.7016,-0.0707,-1.5031,0.5522,-0.0911,-0.8329,-0.8567,0.2756,0.9773,-2.1523,0.4064,-0.2488,0.5786,-0.4761,1.8102,-0.2352,-0.6885,0.9228,0.9439,1.3259,-215.9867,-1.0421,-4.1031,-0.599,0.303,-0.3967,-0.2805,0.04,-0.119,-3.0485,-1.529,-1.2675,2.3648,-1.1187,-0.3961,0.7982,-0.535,-0.666,-0.032,-1.2554,1.006,0.0104,-0.8156,-0.4006,-1.0551,-0.781,-1.9329,-0.1051,-0.4476,0.8759,-5.5515,-0.068,-0.1929,-1.9505,1.2704,-1.8094,-0.2217,-1.0058,-1.9335,-0.7693,-0.2817,0.7693,-0.2919,-1.4873,0.6346,-1.0526,0.5165,-12.9559,0.9631,-2.2414,-1.1738,-0.9834,0.7,0.6722,0.15,-0.0259,0.5539,-1.9684,-1.0565,0.4352,-0.6481,-1.372,-0.8334,-1.904,0.1735,-5.4041,-1.7868,-3.2058,-2.1259,-1.5912,-27.5977,-0.258,0.1291,0.8509,0.521,-0.6598,-1.0928,-0.8235,-2.0806,-0.7522,-0.0721,-2.8257,1.3451,-0.63,1.0581,-9.8798,0.0107,0.9569,0.5596,0.3059,-0.7105,1.1219,0.0858,0.0125,0.3323,-0.1133,0.1207,-0.9425,0.3331,1.2191,1.2211,0.6017,0.6537,-0.093,0.4244,0.5606,-1.0366,1.0033,-1.7505,0.4828,-0.6587,0.256,-0.1479,-0.6708,-0.733,0.9848,-2.6093,0.061,-0.0163,-146.0792,-1.2316,-1.1889,0.1296,-0.6748,-2.8063,-0.441,-0.1258,-0.7713,0.3237,0.1234,-0.8784,-0.3895,0.7032,-1.6886,-2.2487,0.829,-0.8477,-2.5918,-1.9475,-0.206,0.4007,-0.7835,0.4038,1.0346,-2.1581,-0.3306,2.6935,1.0256,-1.3718,-0.5611,0.5049,-1.2878
-0.656,-1.3404,-1.2691,-1.1225,0.5413,-0.0748,-0.4931,-0.9454,0.0378,0.2865,-0.7825,-0.5588,-0.4198,0.7426,0.0162,-0.3388,-0.7448,0.9559,-0.0228,-2.7362,-1.5492,-1.5268,1.0578,-1.8667,-1.5532,0.2678,-0.38,-1.7675,0.3994,-0.9345,-1.6953,1.477,-1.9092,1.8878,0.1456,1.595,-1.5384,-0.7335,0.4818,-0.1341,-0.4617,-0.7543,0.4106,-1.6277,-1.335,-0.6855,0.8933,-0.1866,-0.4842,-1.1281,-0.672,1.2971,-1.1643,-1.5546,-0.2647,1.7171,0.3273,-1.6905,-0.1931,-0.5396,-8.8199,0.6438,0.3001,-3.2847,-1.6984,2.1739,0.5962,-0.1247,-0.068,-0.9266,-0.6434,1.301,-1.5953,0.1719,-1.2334,-0.0303,-1.5998,-0.6324,0.9561,1.2039,-1.5031,0.4872,0.9405,-0.9197,0.5569,-0.4126,-0.1751,-0.5759,-1.6261,-1.6328,-0.2404,0.1873,-0.6199,-0.0446,-1.2143,-0.6328,0.667,2.2269,-215.9867,-2.5822,-4.1031,0.7819,-0.3668,-1.1271,0.6433,0.1403,-1.4171,-3.0485,-1.529,-1.4666,-0.1312,-0.7983,-1.3938,-0.7056,-1.0242,-0.0575,-1.0123,-0.1642,0.0133,-1.2042,-0.6173,0.0495,0.4194,0.1185,-1.9329,-0.7964,-0.0671,-0.2113,-5.5515,0.065,-0.5785,-1.9505,-1.1781,-1.8094,1.2542,0.5546,-1.9335,1.6514,-0.4342,-1.8523,-0.2525,1.6339,-0.6036,-0.8942,0.2292,-12.9559,0.7763,-0.498,-1.1738,-1.5826,-0.0921,-0.2634,-0.7477,0.2513,-0.1301,-1.9684,1.206,-1.389,1.6155,-1.372,0.3336,-1.904,-1.5933,-5.4041,0.2403,-3.2058,-0.1088,-1.5912,-27.5977,-0.4072,-0.0819,-0.3202,1.4236,-0.9783,-1.1156,-1.6445,-1.1958,-0.7636,-0.5879,-2.8257,-0.0198,-1.3098,-0.9504,-9.8798,0.51,-1.7244,0.7209,0.8734,-1.4029,-2.1702,0.2914,-1.2622,0.436,-2.1141,-0.1586,-1.0022,-0.5841,0.1889,0.7338,-1.043,0.2915,0.6553,-0.5851,-0.752,0.9249,0.054,-0.4242,-0.0696,-0.1472,-0.594,-1.6436,1.5971,0.3915,-0.5485,-2.6093,1.274,-0.4091,-146.0792,-0.6008,3.2051,0.2313,0.1984,-2.8063,0.0122,-1.306,-0.4196,-0.1647,1.2479,0.7407,-0.3796,-1.5694,-1.2552,-0.3493,-1.0652,-1.6879,-2.5918,-0.1393,-3.2419,-1.1655,-0.077,-1.2299,-1.6145,-2.1581,-1.1495,-0.3269,-0.5745,-0.7702,-0.2515,-1.1811,1.61
1.079,-0.7708,-0.9801,-1.4137,0.4674,-0.4344,1.1385,0.3793,-0.569,-0.832,-0.6675,-0.2148,-2.2225,0.2694,-0.1669,-0.7128,2.6333,-0.6689,0.5572,-2.7362,0.0448,0.6713,-1.184,-0.6586,1.0138,0.218,1.6264,-1.7675,-1.4969,-0.0833,2.3132,0.6081,-1.9092,0.9074,-0.5304,0.8471,-0.672,0.9986,0.47,0.4905,-0.1699,0.4508,0.1457,-1.6277,-0.198,-1.5809,0.7475,-0.6124,-2.4022,0.983,-0.9165,1.7377,-0.5247,-0.5115,-0.3137,-1.4444,0.3303,-0.8638,1.3763,-0.4272,-8.8199,-1.5466,-0.1344,-3.2847,-0.3299,0.8193,1.9352,-0.4547,0.8253,-0.3847,-1.2786,-0.9277,-0.3342,-0.0927,0.1497,-0.5337,-0.2424,-0.0095,0.4269,0.8489,-1.5031,0.5699,-0.7099,-1.0493,-0.2308,-0.6698,0.4192,-0.7971,-0.8176,-0.9892,0.0697,-0.7683,0.3056,-1.4946,-0.6454,0.593,0.1808,-0.8036,-215.9867,1.3489,-0.0954,-0.7634,1.3469,0.0671,-1.9363,-0.6619,-1.4171,-3.0485,-0.2074,0.3902,-0.6274,-2.0197,-1.4105,0.4624,-0.5392,1.1276,1.3377,0.1328,-1.865,1.2968,-0.577,1.3575,0.1321,0.6698,-1.9329,-0.9106,-0.5568,-0.7188,0.0646,0.9585,-1.0355,-1.9505,0.4879,1.1034,-0.0482,-1.0667,-1.9335,-1.0536,-2.0574,0.2686,-0.4939,-0.8795,0.1195,0.086,-1.9946,-12.9559,0.2518,-2.2414,-0.8718,-1.6851,1.0504,2.2105,2.525,0.6826,0.4774,-0.102,-0.1576,0.8437,0.3868,-1.372,0.3351,-0.7248,-1.5933,-5.4041,-1.7868,-3.2058,-2.1259,-1.5912,-27.5977,-1.9958,0.512,-0.5622,1.2012,-1.1391,-1.2111,-1.6445,-2.0806,-0.4932,-0.7108,-0.591,-0.6093,-0.3804,-1.5018,-9.8798,-1.483,-0.9423,0.9304,0.9395,-0.4281,-2.1702,-1.053,0.7946,0.1723,0.6137,-0.7445,-1.9386,0.8935,-0.1767,1.4057,-0.9774,-1.281,1.1997,-0.9109,0.4786,-0.9231,0.8944,0.8612,0.0724,-0.901,-0.2715,-0.7568,-0.7438,-0.5412,0.3169,-2.6093,-0.0015,-1.277,-146.0792,0.731,-1.1484,0.6585,-0.6711,-2.8063,-3.9975,-1.306,-0.9112,0.7619,-0.9643,0.6107,-0.3743,0.8578,0.2962,-0.655,-0.0403,-1.6879,-0.3309,0.9661,-1.4779,-0.5182,0.2108,-0.9271,-0.448,-0.6668,-0.3007,1.6132,-0.862,-0.1463,1.0473,-1.1811,-0.0439
-0.1639,0.2343,0.1302,-0.9866,-0.2374,1.2162,1.0409,0.985,-0.8035,2.3447,0.4603,-0.4479,-0.1485,1.5221,0.9252,1.6923,1.8159,-0.1125,-0.8828,2.6499,-1.5492,1.8741,-0.4104,2.3494,1.6629,-2.4414,0.3951,2.1786,-0.9042,-1.26,-0.6074,-0.9218,-1.9092,-1.8326,-0.4882,-0.1602,-1.5384,-0.5498,-1.4726,-0.6983,1.3766,-0.5528,-1.791,0.5992,-0.6547,-0.5508,-2.387,1.4331,0.4299,-0.0063,-1.125,0.0018,-0.3497,-0.6688,1.7654,-0.4367,1.8146,-0.5841,-0.7294,0.5056,-8.8199,-1.5466,-0.8799,-3.2847,0.6106,-0.4641,-0.2625,-0.3074,-1.1686,-0.1019,-0.7182,0.9382,0.3589,-1.553,-0.0159,1.0892,1.0887,-0.1175,1.1498,0.9614,-1.5031,-0.1193,0.3557,0.9279,-1.5022,1.4167,0.8651,-2.1523,-0.8454,0.6134,-0.5781,0.9275,-0.2005,0.1446,-1.2143,1.0535,-1.4226,-1.9729,-215.9867,0.0374,1.2604,0.3102,2.2297,1.3591,0.0143,-0.3645,0.6897,-3.0485,-0.5123,-0.9035,-0.171,0.7462,1.451,-0.9395,-0.8721,0.0758,-0.2925,-0.3597,0.0314,0.1437,0.3612,-1.1977,0.5254,-0.3618,0.3988,1.4379,-0.393,0.0665,1.9647,2.2296,0.1165,-1.9505,0.7351,-0.1341,0.3353,0.0953,2.0448,0.9664,-2.0574,3.8831,-0.2848,-1.4873,0.7557,0.1409,-0.1946,-12.9559,-1.6172,-0.2355,-0.4952,0.0498,1.1166,-0.1419,-0.3379,-0.4408,0.0812,-1.9684,-0.4944,0.4246,-0.2497,-0.2711,0.6275,-1.904,-1.5933,-5.4041,0.5044,-3.2058,-2.1259,0.5732,-27.5977,2.7703,0.293,0.1619,1.0548,0.1049,1.2712,-0.6022,1.3533,-0.1508,-0.6664,-2.8257,-0.1801,-0.5948,-0.8674,-9.8798,0.354,1.6733,-0.8696,-0.3534,0.7064,-2.1702,-0.2733,2.421,-0.6945,-0.2967,0.6058,1.7097,-1.0169,-0.6298,0.3449,1.8326,-1.5398,0.1412,1.6733,1.4852,-0.7255,0.2173,0.9417,-0.0429,-2.5516,-1.4637,-1.0327,-0.3865,0.5059,1.075,-2.6093,-1.9066,3.6418,-146.0792,-0.524,0.247,1.3991,-0.5078,0.3627,1.2406,-0.8365,-0.1662,0.1316,-0.5212,0.8273,-0.8172,-0.0774,-0.6423,-1.5723,-0.3924,1.6243,2.488,0.2894,0.6739,1.1449,0.6161,2.5562,0.5861,1.1927,2.4713,0.4142,0.1478,-0.5766,1.1703,1.0572,-1.2477
1.4563,-0.6596,-0.3584,0.5716,-0.9552,-0.3245,0.925,-0.2304,-1.3394,-0.5748,0.5041,1.1321,3.0603,-0.0941,0.1386,1.2046,-0.5684,-0.5386,0.6284,1.7257,-0.5603,0.4064,0.3105,-0.5629,0.4014,-0.5421,0.6032,-1.7675,0.2338,0.597,-0.818,-0.0554,-0.3517,0.3056,-0.1242,0.5003,-1.5384,-0.001,-0.7315,-0.9139,-0.6243,0.2176,-1.5606,-0.5581,0.1392,-1.5809,0.0052,0.5178,1.2468,-0.178,0.593,0.2368,-1.0734,-0.5541,0.3908,0.1012,-0.4114,-0.7983,-0.2677,-0.593,-8.8199,-1.5466,-1.0351,-3.2847,-0.2342,0.0493,-1.1687,0.2215,-0.3839,0.8127,-0.6519,0.5559,-0.2805,0.1633,1.1542,0.8045,1.4337,-0.9041,-0.2445,1.7856,-1.5031,0.848,0.4615,1.8697,0.1997,-0.0186,1.184,-0.6897,-0.1973,-0.9382,1.5925,0.7826,-0.2638,0.1771,-1.2143,0.9648,0.6076,1.9945,-215.9867,-1.2294,-4.1031,-0.5376,-0.1205,-0.4029,-0.2831,0.3044,-1.4171,-3.0485,-1.529,-0.2665,2.5885,0.0595,0.3954,0.2103,0.698,-1.1099,0.1241,-0.5658,1.065,1.0041,-0.6217,0.0572,-0.2529,-0.7073,-1.9329,-0.3075,-1.5008,0.2198,-5.5515,-0.6154,-0.9989,-1.9505,0.9822,-1.8094,0.622,0.0432,-0.8477,1.8501,-2.0574,-1.8523,0.2894,1.0119,-0.709,0.0941,0.7681,-12.9559,-0.2238,1.4678,-0.8478,-0.9351,0.1211,0.9971,0.1038,-1.0902,0.4151,0.0285,-0.7865,0.5958,-0.5179,-0.0748,0.4879,-1.904,-1.5933,-5.4041,-0.6862,-3.2058,-2.1259,-1.5912,-27.5977,-0.5219,0.7473,0.0009,0.2909,-0.0879,1.2253,1.6108,0.8796,0.4769,-0.0296,-2.8257,-0.045,-0.7333,-0.6195,-9.8798,0.1823,0.1773,0.7798,1.2898,0.6498,0.6795,-1.0035,0.63,-0.3131,-0.3808,0.1225,-1.4533,-0.6684,0.7554,-0.2575,1.0176,0.3924,-0.2962,-0.2981,1.3633,-0.38,0.0509,-3.5748,0.1287,-0.4187,-0.0762,-1.1889,-1.1035,-0.2115,-0.7093,0.0393,0.5958,0.9344,-146.0792,0.7163,-1.2552,-0.6952,-0.5647,-2.8063,-0.6754,-0.1102,0.3015,0.399,0.925,-0.9305,-0.1847,0.6502,-0.6969,-1.3567,0.9494,-0.4589,-2.5918,0.2081,-0.0726,-0.2868,0.2638,-0.1679,-0.3109,0.6178,0.449,-1.0376,0.5762,0.321,-0.3479,-0.8475,0.8823
0.2248,0.2009,0.3817,0.4248,3.1995,-1.228,-0.0212,-0.7076,-0.7146,1.4515,0.2284,-0.3851,-2.2225,0.1941,-0.0115,-1.1595,-0.0287,-2.3138,0.099,-2.7362,-0.0835,-1.5268,-1.8045,0.0657,-0.523,-0.7939,-2.3232,-1.7675,-1.2487,-0.317,-1.6953,-1.2503,-1.9092,1.9361,-0.1379,1.2536,-1.5384,-1.954,0.0365,-1.6691,-0.1544,2.0994,0.3416,2.0223,-0.157,3.0317,0.3149,0.9906,-1.524,0.9643,-0.7164,-1.0247,-1.4373,0.5382,1.5425,1.8278,1.295,-1.6905,-1.2195,-0.2,-8.8199,-1.5466,-0.2328,-3.2847,-0.4401,0.1126,0.3958,0.0601,0.9727,2.1614,1.1846,-0.995,0.9356,-2.1749,0.9822,-2.1413,-0.9276,0.2176,-0.7586,-0.1558,-0.7631,-0.325,1.4175,-0.1322,-1.4687,1.026,-0.9309,-2.1523,-0.8774,-1.6328,0.4485,1.2914,-1.199,-1.7982,-1.2143,0.0477,-2.4302,-0.9086,-215.9867,0.5121,-4.1031,-0.3511,-0.971,0.2713,-1.7074,-0.0887,-0.1162,-3.0485,1.6773,1.8469,-0.9129,-0.6957,1.4029,0.4664,-0.2126,-0.0299,-1.0459,0.2762,-0.8489,-0.7955,2.3646,0.8514,2.4582,2.3303,-1.9329,-0.9735,0.6771,0.4461,-5.5515,0.3354,-1.4983,-1.9505,-2.0516,-1.8094,0.3591,0.1582,-1.0178,-2.0974,-2.0574,-0.7426,-1.5856,0.751,-0.921,-1.3035,0.7088,-12.9559,0.3769,-2.2414,-0.8989,1.0388,0.0642,0.491,-0.5941,1.3377,-0.1453,-0.2523,-0.8288,0.579,0.5958,0.889,-2.5747,-1.904,-1.5933,-5.4041,-0.8586,-3.2058,-2.1259,0.4846,-27.5977,-0.7528,0.2318,-0.2129,1.0285,-1.1722,0.0555,-1.6445,-1.0881,0.9181,-1.4073,-2.8257,-1.7713,0.3033,-0.2601,0.0104,1.1142,0.0219,-1.0302,-0.9217,1.5727,-2.1702,2.3721,0.0698,0.2455,1.026,-0.628,1.7933,-0.4728,0.2258,-0.545,-0.9305,-0.0207,0.1094,-1.3287,-0.2423,-1.2625,1.6099,-0.6519,-1.9608,1.2753,-1.6233,-0.7536,2.7797,-0.0514,-0.3437,-2.6093,0.0957,-0.9573,-146.0792,0.3057,-0.1965,0.4447,0.869,-0.6511,0.1806,-0.9867,-0.401,0.8849,-1.0896,0.1723,0.6216,-0.8331,1.0532,1.7999,-0.4495,0.0418,-2.5918,-0.3041,-0.8129,0.8961,0.8363,-2.3413,-1.8967,-0.8007,-0.7615,-1.1698,-0.318,-0.2061,0.0404,0.6327,-1.1806
0.2819,-0.9896,0.8457,0.2656,0.0397,1.0911,-1.6444,1.7848,-0.2184,-0.034,-0.4473,-0.5351,-2.2225,-0.9776,-0.5246,-0.4134,-0.9183,-2.3138,-0.2445,3.2378,-0.1664,-1.5268,2.4083,-0.0436,0.9456,1.453,0.7662,2.693,1.9961,0.0551,-1.6953,0.9008,-1.9092,0.0096,0.0244,-0.9259,-0.231,2.544,-0.0161,0.9346,0.328,0.332,-1.0839,-1.6277,2.3216,0.8996,1.0443,-0.435,-2.4022,0.2572,-0.6768,-0.5756,-1.0629,-1.2421,1.3967,0.918,0.6946,-1.6905,-1.6372,-0.5371,-8.8199,0.55,-0.9822,-3.2847,0.262,1.9708,0.7455,-1.0305,0.472,-1.2253,0.6202,-0.5462,-1.4489,-0.1272,-0.9302,1.5184,-0.2456,-1.4082,-0.0817,0.439,-1.5031,0.7363,-0.0192,0.7155,0.6412,1.1156,-0.2776,-0.1072,0.5184,-0.0288,-0.4944,-1.4614,-0.1656,2.7937,0.2947,-0.2014,-0.1255,-1.9729,-215.9867,0.6206,-4.1031,0.8927,-0.1119,-0.9797,0.7869,1.3304,-1.4171,-3.0485,0.3642,-0.6155,-0.276,0.2287,0.1252,-1.3113,-1.3053,-0.2595,-1.0005,-1.1598,1.1658,-1.3196,0.087,-0.6692,0.5336,-0.802,-1.9329,-1.6109,-0.5496,-1.4972,-5.5515,-1.2824,-1.4983,-1.9505,-1.2155,-1.8094,-0.3436,0.2873,-1.9335,-2.0974,0.0485,2.0764,0.1256,0.4712,-0.1698,-0.9317,-1.2163,-12.9559,-0.4837,-2.2414,0.121,-0.9899,0.034,0.5852,-0.5846,-0.1698,-0.5496,-0.3493,-0.105,-1.1434,-0.5724,-0.3555,0.0347,-1.904,-1.5933,-5.4041,-1.7868,-3.2058,-2.1259,-1.5912,-27.5977,-1.9958,-0.4361,0.4479,-0.2709,1.3394,1.6331,0.0475,-0.6618,-0.0081,-1.7402,-2.8257,1.7965,-1.3098,-0.7865,-9.8798,0.6818,-0.3096,-1.3717,-0.463,-0.2541,-2.1702,-0.1199,-0.5396,-0.1392,-3.0628,-1.093,-0.0775,0.2386,-0.5761,0.3566,0.6853,0.49,-0.0476,0.7158,-0.5903,0.5576,0.2893,0.1161,-1.2487,-0.0224,0.942,0.5673,-0.2718,-0.1768,1.4736,-2.6093,-0.0779,1.5987,-146.0792,-0.6662,-0.0836,0.8313,0.0859,-2.8063,0.299,-0.7766,-1.1594,-1.1065,-2.6589,-0.4017,-0.8626,-0.7941,0.6219,1.8417,-0.8505,-1.6879,-2.5918,-1.9475,-1.0942,0.4581,-0.0125,0.1306,1.7354,-2.1581,1.5108,-1.8817,-1.4688,-0.3092,0.105,-0.1181,0.5076
-0.6911,-0.7674,-0.0479,-0.1673,-0.2878,1.3365,-0.8546,0.0749,-0.481,-0.9045,0.5143,0.3452,-2.2225,-0.364,-0.3342,-0.929,-0.959,-2.3138,0.3594,0.612,-1.5492,0.2944,-0.9379,-0.1793,-1.0734,0.6586,-0.5803,-1.7675,0.4413,-0.8692,-0.56,0.35,0.1065,-0.1938,-0.5406,-1.5829,1.0909,-0.4885,-0.8686,0.8018,0.1886,-0.948,0.8636,-1.6277,0.0032,-1.5809,-1.0858,1.0638,0.526,0.944,-0.6149,0.1433,-0.0512,-0.6009,0.3846,-0.5681,0.6098,-0.5359,-0.8921,-1.9228,-8.8199,-1.5466,-0.2178,-3.2847,-0.5997,0.6593,-0.4336,-0.8224,0.647,-0.7983,0.0386,-1.677,-1.583,0.7797,-0.7922,1.0035,-1.5998,-0.9412,-0.4605,0.9074,-1.5031,0.5496,-1.2569,1.7099,-1.0512,0.6575,-0.226,1.0074,1.873,0.3205,0.7022,-1.5211,-0.398,0.3395,-0.8728,-0.9339,-1.3013,-1.9729,-215.9867,0.1672,-4.1031,-0.3022,-0.6857,-1.2186,1.8028,0.7798,0.7556,-3.0485,-0.4679,-0.554,-0.1282,0.8839,-1.2936,0.1495,0.1984,0.3695,-0.2127,-0.8276,0.2315,-1.1213,-0.0868,-0.5082,-0.5784,0.048,-0.4834,0.0218,-1.0405,0.9282,-5.5515,-1.5627,-0.852,-1.9505,-1.2605,-1.8094,-0.3818,-0.8992,-1.9335,1.0704,1.1962,-1.8523,-1.1677,-0.6384,-2.0628,-1.3306,0.3134,-12.9559,-1.6172,-0.148,-1.1738,0.5627,-0.8953,0.5808,0.4075,-1.2054,0.6714,-1.9684,-1.0565,-0.7501,-0.0494,-1.372,-2.5747,-0.257,-1.5933,-5.4041,1.8833,-3.2058,-2.1259,-1.5912,-27.5977,-1.9958,0.2472,0.4444,-0.4912,-0.6278,-0.3024,0.7443,-0.1443,1.5218,-0.8873,-2.8257,0.5128,-0.5636,2.2143,-9.8798,1.7327,-0.5607,-1.3717,0.3895,0.9122,-2.1702,-1.6784,0.4066,-1.5241,1.4731,-0.6341,-1.1473,-0.3551,0.0965,-1.4967,0.0276,0.1455,-1.1532,0.7045,-0.4814,0.1062,0.0021,-0.2137,-0.1984,0.3948,0.6289,-0.646,-0.4604,-0.8546,-0.1987,-2.6093,-0.312,0.7648,-146.0792,-1.4385,0.8357,1.4433,-0.3542,-2.8063,0.1435,-0.4881,-0.0686,0.0232,0.5998,0.9352,-0.5929,0.5853,-0.0375,-1.5021,-1.7875,-1.6879,-2.5918,-1.9475,0.0282,-0.218,0.7124,-0.0299,1.245,-2.1581,0.1721,-1.8817,-0.4426,0.1936,0.3183,0.6139,-0.5528
-0.2128,1.52,-1.8523,-1.0629,0.3662,-0.6586,-1.0402,-0.9985,-0.6354,0.1729,-0.6012,0.7882,-2.2225,-0.111,-0.3387,-1.3462,-0.7981,0.714,0.5013,-2.7362,-1.5492,-0.6942,0.7265,-1.8667,-0.9501,0.6073,0.6194,-0.158,0.8681,-1.26,-0.8289,2.0559,-1.9092,1.1628,1.1892,-0.2901,0.0563,0.6166,-0.3568,0.7204,0.3401,0.5642,0.4221,3.838,-1.2193,-1.5809,-0.5742,-1.4215,-0.0384,0.4205,-0.7773,1.6623,0.4439,-0.5153,-0.4173,-1.1249,1.4378,0.1899,-1.2175,-0.3767,-8.8199,-1.5466,-0.2608,2.2523,0.6238,1.4681,0.6315,-1.248,1.055,-0.6369,-0.2005,0.5351,-1.0202,1.3835,-0.1242,0.9625,-1.5998,1.0994,1.8688,1.2048,0.4887,-1.1571,0.1145,-0.3816,-0.4773,-0.2567,-0.8012,-0.7079,1.6418,0.542,0.6179,-1.2853,0.1023,-1.0542,-0.4925,-0.7029,0.0609,-0.7266,-215.9867,-1.0143,-4.1031,-0.1603,-0.4439,-0.1662,-0.5054,-0.5321,-0.7737,-3.0485,-1.529,0.5227,-0.8182,0.1728,0.5176,-0.3254,0.6773,0.9896,-0.473,1.4285,-1.1256,-0.8687,-0.171,0.1225,0.0253,1.0713,-0.8268,-0.3219,-0.3983,0.7681,-5.5515,-0.0096,2.238,-1.9505,-0.1405,2.8855,0.1194,0.1637,-0.8612,-2.0974,-2.0574,0.3919,0.6176,-1.4873,0.2463,0.7272,-0.2517,-12.9559,-1.6172,-2.2414,-0.2822,-0.1588,-0.1146,0.2759,-0.6144,-1.1529,1.688,0.6601,-0.7898,-1.2291,0.2932,-0.1889,-0.5908,-1.904,-1.5933,-5.4041,-1.7868,-0.0026,-0.2776,-1.5912,-27.5977,-0.5402,0.167,0.0041,-0.9348,-0.0857,0.8477,-0.3127,0.1756,1.7077,1.9917,1.2879,-1.136,1.3005,-0.6293,-9.8798,0.5454,-1.1261,-0.1038,0.9331,0.2765,-0.5384,-1.6784,-0.8257,-0.1526,-0.3797,0.6657,-0.5009,0.0584,0.5534,-0.4819,1.4177,0.4651,0.051,-0.3939,-2.3344,1.1818,0.3764,-3.5748,-1.0959,0.467,0.6723,-0.8482,0.6466,-0.5944,0.3665,-2.6093,0.1837,0.1898,-146.0792,1.3255,1.2747,-0.872,0.7025,-0.2825,1.4463,-0.1206,-1.4809,-1.3565,-0.1981,1.3011,-0.4318,0.6544,-0.5269,-0.8365,-0.2663,-0.9841,-0.182,0.7273,0.9159,-0.3951,-0.0699,-0.2672,0.1194,-2.1581,-2.1425,-1.8817,0.0071,0.6205,0.4486,-0.8512,0.3337
-1.374,0.971,0.0754,0.225,2.3413,0.6152,0.5109,-1.1067,0.2696,0.9225,1.4069,1.7024,0.1517,-0.1014,-1.2508,-0.19,-0.1725,0.2061,-1.1135,-2.7362,-0.7544,-1.5268,-0.854,-0.016,0.5929,-1.8815,-0.3672,-1.1977,0.7779,-1.0173,-1.6953,0.7718,-1.9092,0.3759,0.1783,0.8396,-1.5384,-0.3466,1.6069,-1.2615,-0.3978,0.9773,2.5417,-0.768,-1.8328,0.9286,-0.4634,0.6931,-0.4039,2.6954,-1.9998,-0.0315,0.9578,0.3664,1.3183,0.7141,0.8759,-1.6905,-0.5798,0.5339,-8.8199,-1.5466,0.7225,-3.2847,-1.0161,-0.5298,1.4919,0.6742,1.464,0.551,1.7374,0.2148,0.8194,-2.3716,-0.9832,-0.2193,1.8525,2.7148,-0.5543,0.6162,-1.5031,1.1001,2.1247,-1.8433,1.7611,-0.4979,-0.1557,-0.9768,-0.9065,-1.0745,-1.3406,0.1511,-2.1176,-0.3005,-0.4172,-0.1877,0.2206,-1.9729,-215.9867,1.3225,-4.1031,-0.4971,0.3277,1.5417,-0.3249,0.7637,0.3432,-3.0485,0.0444,2.1118,-0.9394,0.3323,1.862,-0.252,-0.2772,-0.4664,-1.0122,-0.2163,-1.0089,0.4896,1.2519,-0.7944,1.7409,-0.6282,-1.9329,-1.6109,1.7466,1.3692,-5.5515,-0.308,-0.5399,-1.9505,0.3217,-1.8094,1.1037,2.423,-1.0608,-1.1921,-0.847,-1.8523,1.0925,-0.2285,-0.1411,1.2898,-0.4906,-12.9559,-0.7483,-0.9414,-1.1738,0.1579,-2.3918,0.6786,1.8091,1.4129,-0.7366,-1.9684,1.7576,0.5278,-1.2283,-1.372,-0.5304,-0.8812,-1.5933,-5.4041,0.3252,-3.2058,-2.1259,0.8407,-27.5977,0.0964,0.9162,-0.9637,0.6368,-0.331,1.1253,0.257,-0.388,1.0737,-0.6735,0.5979,-1.3459,-1.3098,-0.7756,-9.8798,0.1106,-0.7723,-1.3717,-0.6945,0.6841,0.1753,-1.136,-1.0388,0.4853,-1.1908,0.007,-0.6071,0.6534,-0.4134,0.1471,0.2955,0.2075,-0.4628,-0.7083,-0.8829,1.2616,0.1723,0.8852,-0.0024,0.3644,-1.2139,-1.4219,2.1173,1.8021,-0.5276,-2.6093,-1.2226,-1.3477,-146.0792,0.826,-0.5509,0.3635,0.4452,-0.7525,0.8413,-0.5795,-0.9863,-0.3445,-0.2847,0.493,0.4616,-1.547,0.3596,0.5432,1.6753,-0.021,-0.6308,0.4241,0.8112,1.0707,2.369,-3.0029,0.0874,-2.1581,-1.6635,0.6682,0.9849,-1.0761,-1.7834,-0.7286,0.8334
-0.4799,0.1193,-0.7882,-0.6604,0.0489,-0.4264,-0.8403,-1.5796,3.3908,-0.2044,-0.3272,-0.1129,-2.2225,-0.2671,3.0952,-1.1961,-0.4549,1.1773,-0.0182,-2.7362,-0.4005,-1.5268,-1.8045,0.6974,0.5331,0.0988,-0.0864,0.4187,-0.113,-0.9092,-1.6953,1.0265,-1.9092,0.9065,0.3918,-0.6185,-1.5384,0.273,0.8537,0.6701,-0.2652,0.4833,0.5041,0.4759,1.0933,-0.6159,0.3489,0.904,-0.3543,-1.1315,0.5502,1.2637,-0.0129,-0.3077,-0.8755,-1.131,0.0269,-0.6541,0.529,0.1431,-8.8199,-1.5466,-0.0826,0.4864,3.3093,0.9119,1.1469,-1.0157,-0.2253,0.1065,-1.7314,0.4123,-0.5333,0.0533,-1.5824,1.6758,-1.5998,0.6387,-0.2368,0.6571,-0.4839,0.993,-0.6684,1.1596,0.8969,-0.8189,0.143,1.6263,2.4614,-0.8259,-0.5067,-0.2543,-0.1269,-1.7982,2.3703,-0.7296,-1.026,-0.5069,-215.9867,0.2596,-4.1031,3.1555,0.6674,0.2369,-0.3324,0.0744,-1.4171,-3.0485,-0.5766,-0.8593,0.5613,2.228,-0.5266,-1.523,-0.5543,0.2311,-1.1039,1.9093,-1.4398,-0.6772,-0.516,-0.6701,-0.4754,1.0416,-1.9329,-0.1246,-0.5334,0.8435,-5.5515,1.0144,1.4473,-0.0552,-0.8744,-1.8094,1.5948,-0.0309,1.4145,0.118,-2.0574,-1.8523,1.249,-1.4873,-2.0628,-0.228,0.3357,-12.9559,-0.9847,-0.3624,-0.3317,-0.48,0.6563,1.3958,-0.3115,-0.9564,-0.7714,-1.9684,-0.359,-1.023,0.087,-0.7025,-0.856,2.02,-1.5933,-5.4041,-0.5084,-3.2058,-2.1259,-1.5912,-27.5977,-0.2837,0.7835,1.1013,-0.4695,0.2211,1.4042,1.4103,1.0186,0.6068,0.9081,-0.0241,0.3029,0.7106,0.6397,-9.8798,1.1071,-1.3477,-0.3255,1.2982,0.613,2.9247,-0.8944,-0.3931,-0.3752,0.6941,-0.53,0.5751,0.6113,0.1095,1.0789,-0.6332,0.424,-0.7033,-0.7674,-1.1485,0.6332,0.1758,0.9763,0.5257,-0.2678,-0.1189,1.2585,0.4682,-1.1222,-0.9604,-2.6093,0.2752,0.9109,-146.0792,1.4334,0.0594,-0.5256,-1.0966,0.1623,0.289,-0.8662,1.8944,0.3769,-0.2354,0.9031,-1.0736,0.3407,-1.5333,-1.277,-0.0563,-0.8601,-2.5918,-1.9475,0.9456,-0.2735,-0.0689,0.3844,0.4472,-2.1581,0.5362,-0.9011,0.6723,0.2203,1.1713,-0.5847,-0.1667
-0.3113,1.2023,-0.6306,0.1313,-0.3176,-0.2211,-0.6935,-0.582,0.0554,0.3435,0.1005,0.7127,2.3295,0.1021,0.9483,0.375,-0.4008,-0.5723,1.2854,-2.7362,-0.5791,-1.5268,-1.1476,-1.8667,0.6661,0.3558,1.9726,-1.7675,1.498,-0.9638,-0.8347,0.8956,-0.3812,0.4263,0.5115,-1.036,-1.5384,1.5747,-0.6663,1.2565,0.7225,-0.2727,0.1414,-0.5784,0.2215,-1.5809,1.4253,0.5578,-0.6366,1.0863,-0.9903,1.7576,-1.0964,-0.6447,0.5638,-0.3563,-0.037,-0.8153,-1.429,0.3654,-8.8199,-1.5466,-1.8913,-3.2847,-0.2589,0.982,0.3397,-0.7197,0.8772,-0.9533,0.3651,-0.8836,-0.9675,-1.7754,-0.6975,1.7374,-1.5998,0.2544,-1.4055,-0.491,-1.5031,-0.6144,-0.2588,-0.3903,1.4733,-0.4412,-0.5059,-2.1523,0.6136,-0.0644,-0.913,-0.2798,-0.6627,-1.0582,0.6539,-0.2097,-0.6947,-1.9729,-215.9867,-0.3725,-4.1031,0.9743,1.3482,1.3566,0.5019,0.8336,-0.778,-3.0485,2.3393,-1.0228,-1.5406,0.225,-2.4076,-0.7363,0.1935,0.3718,-0.6658,0.987,0.8352,-0.7041,-1.1159,-1.9182,0.9196,0.0595,-1.9329,-1.6109,0.2518,0.488,-5.5515,0.4098,-0.6515,-1.9505,-1.6494,1.8674,0.7872,-0.3235,1.45,0.4461,-2.0574,-0.5615,1.0119,0.2979,-0.7347,0.2614,-0.4796,-12.9559,-1.6172,-0.6546,0.142,-0.0843,-1.093,-0.245,-0.85,0.5511,0.4369,-1.9684,0.8979,-2.0215,-0.4777,-1.372,-2.5747,-1.904,-1.5933,-5.4041,-1.7868,-3.2058,-2.1259,-1.5912,-27.5977,-0.5499,-2.1156,0.0234,-1.9176,-1.5766,0.2834,-1.2685,-1.282,-0.4395,0.1226,-2.8257,-0.9967,-0.3322,-0.6344,-9.8798,-0.6674,-0.9689,-1.3717,0.5176,0.2196,-2.1702,0.1584,-0.7447,0.1284,-0.5987,-0.6867,-0.2942,0.798,-1.2135,-1.2183,-0.325,0.1663,-2.5262,-0.6968,-0.6766,-0.8215,-1.6876,0.1557,-1.2219,0.1342,2.6628,0.0156,-0.6987,2.9882,-0.2052,-0.0109,-0.1538,-0.0168,-146.0792,1.5283,-0.3408,1.1975,1.1648,-2.8063,0.2828,-1.306,-0.4826,-2.1494,0.0602,0.5091,0.2301,-0.5636,0.9962,0.1513,-0.2745,-0.9888,-2.5918,1.1322,-0.5486,0.209,-0.0075,-0.0577,0.1063,-2.1581,-1.4893,-1.0536,-0.6107,0.7435,0.6502,1.5686,0.2597
-1.7483,-0.1806,0.2012,0.3713,0.9449,-2.3734,0.8937,-0.6662,-0.9398,0.3869,0.881,-1.0393,-2.2225,-0.6157,1.1703,0.0019,0.6058,-2.3138,-1.3363,-2.7362,-0.014,-1.5268,-1.8045,-1.8667,0.594,-1.3096,0.2401,0.5264,-1.9209,-0.7912,-0.3334,-0.5936,-1.9092,1.8141,-1.7821,0.5641,-1.5384,-0.9483,-0.7358,-1.8264,-0.7235,0.0197,-0.1371,-1.6277,-1.8328,-1.5809,-1.2209,0.1121,-0.233,-1.0267,-0.4354,-0.7045,-1.0601,1.4909,1.2625,2.3019,0.9055,-0.3054,-0.6594,-1.1502,-8.8199,-1.5466,0.351,-3.2847,-1.6984,-1.8824,-0.3962,-1.3675,-2.1589,0.1396,-0.6382,0.6717,1.0388,-1.8621,1.3384,-1.7334,0.8021,0.4407,0.9294,0.5695,-1.5031,-1.3322,0.4625,-1.8433,0.7883,-1.364,1.1637,-2.1523,-0.8449,-1.0159,0.2122,1.1997,0.4146,-0.8464,-0.8046,-1.2048,0.0573,-1.9729,-215.9867,2.1094,-4.1031,-0.4519,1.115,0.932,-0.1659,0.0321,-0.0599,-3.0485,1.9611,1.7712,-1.5406,1.4027,0.5945,-0.1084,1.0711,1.5723,0.361,-1.3822,-1.3922,0.0166,2.2894,0.1779,0.9887,0.0288,-0.9382,-0.0365,-1.0788,1.0852,-5.5515,2.7914,-1.4983,-1.9505,-0.1044,-1.8094,0.5471,-0.3474,0.3284,-2.0974,-0.7198,-0.6837,-0.4947,1.1602,-2.0628,-1.9463,1.427,-12.9559,-1.6172,-2.2414,-0.2271,-0.7634,1.6252,-1.1045,-0.1744,1.0725,-1.4662,-1.9684,0.2467,0.6033,-1.0926,-0.1702,-2.5747,-1.904,-1.5933,-5.4041,-0.0782,-3.2058,-2.1259,-0.6679,-27.5977,-1.9958,-0.7522,0.5489,3.5257,1.159,-1.0062,-0.3786,-1.1084,0.7874,-0.4628,-0.6837,-1.9356,-0.7977,2.3031,-9.8798,0.9031,1.7946,-0.743,-0.4313,0.2035,0.395,-0.6306,1.092,-0.9091,-0.2037,0.907,-0.0056,0.1798,0.5046,1.7039,1.1318,0.0995,0.7242,-0.9719,0.1594,-0.165,1.0703,-0.3041,1.48,1.0341,-1.7813,-0.8468,0.7668,1.2812,1.388,-0.2569,-0.9075,1.2376,-146.0792,0.8659,-1.057,-0.3742,-2.3199,-2.8063,0.2363,-1.306,1.8078,0.1004,1.2652,-2.0192,-1.4168,-1.5726,-0.6899,1.0831,-0.7472,-1.055,-2.5918,0.0682,-0.3542,0.2223,1.1612,0.4477,-0.7816,-2.1581,2.3942,-1.132,-0.2306,-1.9694,-1.9563,-1.1811,-0.6931
0.683,1.1483,-1.1589,-1.6019,-0.1778,-0.8947,-0.1095,-0.8256,-0.1197,0.9525,-1.4689,-1.1347,-0.0792,-0.5217,-0.6174,0.4766,-0.964,-2.3138,-1.079,0.5791,0.5687,-1.5268,0.9542,2.4502,0.3267,-1.5301,1.202,-0.249,-0.2737,-0.4174,-1.6953,-0.4403,-1.9092,0.7993,-0.2858,-0.5341,-1.5384,-1.954,-0.1434,-0.1748,0.7577,0.4364,0.4211,1.357,-0.1179,-1.5809,-1.1428,-0.6631,-2.4022,-0.3124,-0.3365,-0.498,1.2734,-1.7195,0.202,-1.0957,0.2276,2.5374,0.7917,-0.3217,-8.8199,-1.5466,1.1323,-3.2847,0.1198,0.2298,-1.5744,-1.1993,-0.1196,-0.2546,-0.8627,0.5796,0.1954,-0.1969,0.1581,0.7107,-1.0186,0.0544,1.1886,-1.251,2.6547,0.5551,0.4761,-0.7451,-1.4719,-0.6605,-0.3308,-2.1523,0.0417,0.3054,-0.7433,0.6039,-0.1041,-0.0089,0.2264,-0.5037,0.1044,-0.3557,-215.9867,1.3331,-4.1031,2.5442,-0.2018,-0.3678,-1.1042,-0.7128,-1.4171,-3.0485,-0.4784,0.2901,-0.9979,1.5284,-0.2596,-0.4196,-0.0933,-0.0949,-0.9308,1.4298,-0.7124,-1.1261,-0.9803,1.542,-0.5442,1.006,-1.9329,0.0077,2.5094,-0.733,-5.5515,-0.1258,-0.4288,-1.9505,-0.7086,-1.8094,-0.5001,1.2512,2.1339,-0.6539,-2.0574,-0.1662,0.1458,-1.4873,0.8367,0.9516,-1.2813,-12.9559,-1.6172,-2.2414,-0.7561,0.8155,-0.6552,0.6297,2.135,-0.2938,0.1279,1.2625,0.9521,-1.5825,2.5574,-1.372,0.6992,-1.904,-1.5933,-5.4041,0.5702,-3.2058,-2.1259,-1.5912,-27.5977,-0.1071,-0.0243,1.2203,0.3685,0.2436,0.9873,1.6767,1.417,1.0335,0.2344,-2.8257,-0.1519,-0.571,-0.8462,-9.8798,0.7974,0.7145,-0.2418,-0.0388,-1.1576,-2.1702,-0.2329,-0.0273,-0.8098,-0.0893,-0.8316,-1.9386,-0.9872,0.0839,0.661,0.2494,0.3699,-0.0665,0.7568,0.4577,-0.6318,0.217,0.207,2.8345,0.1428,-0.0931,-1.179,-0.3559,-1.4336,1.333,-2.6093,-0.953,1.068,-146.0792,0.1551,-1.1519,-0.6735,-0.4632,-2.8063,0.915,-0.4952,-1.2002,-0.2426,-0.9756,-0.3756,-0.2028,0.6736,-1.2932,-4.8423,0.9732,-0.1618,-2.5918,-0.4592,1.0422,-0.4683,0.5663,0.9241,0.1717,-2.1581,1.8179,0.4737,-0.8994,-0.5012,0.2308,-0.7668,-0.0454
