0.416409692584504,0.35483662626187,0.615691254416014,0.325375938340953,0.291489972402864,0.383884100050526,0.984003052143859,0.0954016835750912,0.320634674567652,0.970458828498918,0.349900472038903,0.910565399663971,0.51575095630951,0.519513478291334,0.274432755478841,0.55894591467711,0.695756259832237,0.653936032327468,0.582592544314798,0.215743500726445,0.210308162480947,0.481912999070028,0.0668953924815707,0.132351281428427,0.16451061726252,0.542992373674588,0.0377973910911175,0.407547183623713,0.484952728925622,0.856973179812875,0.586263170558041,0.0947141422632517,0.246782108602213,0.334585694715194,0.134155503108944,0.527125147158827,0.467125053933795,0.243800526869444,0.451415113041033,0.300641385863525,0.18871537959105,0.670943437867032,0.178849780384206,0.104784278915094,0.260915707844089,0.219234888402407,0.741344906458091,0.142133767318825,0.644109936711613,0.659056073553562,0.290191262455379,0.240626177754,0.257346477203113,0.696332777472586,0.576187383085448,0.377045364212416,0.630375808197605,0.328699887075611,0.356661459767071,0.0713818425989158
0.58331671236498,0.225392780192787,0.678089766946015,0.253839423566006,0.284936245826042,0.263929214803067,0.893829898158785,0.111828667262164,0.30195877958073,0.891984218973632,0.398014308373304,0.872984930551213,0.519595432788875,0.415623553615395,0.306864161266287,0.312649959558186,0.900839996275116,0.844766554526967,0.658978565245072,0.115235313633775,0.175349341012683,0.250689123433066,0.0292295912867537,0.177128122662265,0.190474223337325,0.538433065534212,0.0600353132291477,0.255602987937832,0.641065761307612,0.695494122906207,0.477127372517172,0.267136577927692,0.293947317449501,0.311904711253554,0.13097068569446,0.300192516527053,0.271041021986816,0.202111441930867,0.466969600419426,0.385413336290501,0.178984144845617,0.642082468280586,0.243202216249477,0.10475406012781,0.34382700372725,0.186804114900326,0.638427390679129,0.162657630560083,0.665416320351849,0.625851921314631,0.283998930380303,0.167445289938209,0.311384872375185,0.326834733625199,0.523187956546095,0.256357556968862,0.598420041808598,0.399770686611995,0.118421841762521,0.0848276019730139
0.408712478201088,0.0660752710346988,0.268486588473492,0.344940891602103,0.293847458995329,0.240679651518922,0.972647990244085,0.0942179502238188,0.285251659257388,0.73832915187758,0.336877642651312,0.892557710057472,0.537320345072752,0.262483169982829,0.374720434364891,0.290209241733757,0.947586329281834,0.696677493883767,0.882213870100551,0.056024165766215,0.180933347791618,0.362759742196767,0.0146961584427811,0.120383099357171,0.213759271114177,0.404488481226533,0.0211610904193752,0.313566511552608,0.361276817446773,0.883960032976465,0.417722060003588,0.346538514703165,0.204792734142305,0.173947793932997,0.112538755368033,0.358324409548991,0.309347859337628,0.177786764732473,0.224850155705743,0.309997327530146,0.10919502109372,0.656505996596998,0.143254752586707,0.19408009549144,0.33802369494923,0.540592491002212,0.861449029272377,0.112682994846423,0.559608576428939,0.638890038996316,0.247707651598692,0.18354835564438,0.356715943260529,0.544311092431249,0.50690173542525,0.317209181885649,0.615832434909769,0.438636067766864,0.0860597938571575,0.0088995541881402
0.42557010802417,0.0801496730532347,0.0793375056091341,0.129254616294163,0.275458713542959,0.0701861144075416,0.719600395802413,0.0498959424427534,0.0882365011223404,0.709769488457834,0.39455281665063,0.710084253166128,0.0497249731984423,0.0927949256058122,0.405942734204382,0.24190764220593,0.598915890748959,0.575102515582405,0.517435402193181,0.142518607014891,0.0547684684669402,0.030614148979616,0.0044539240959549,0.19687658886392,0.0801598436826393,0.539708114423965,0.0142890594335245,0.107449691691376,0.18772172350557,0.55643466866608,0.306639086436271,0.0,0.15940409167536,0.0662242841233821,0.167114545450419,0.252147053597467,0.262599048887909,0.39744008554283,0.093303638375495,0.21585152159211,0.0458305417225832,0.613604158272324,0.295362194444301,0.0363345160858766,0.170543049799932,0.0697627372638321,0.571873454587131,0.229625247077979,0.542467699732274,0.125993861322651,0.15318460744709,0.0821343852892507,0.197674430965209,0.173284406861971,0.178656364693712,0.161451516704215,0.58027206573428,0.0541723069391018,0.227688256702454,0.209815726848176
0.0,0.0,0.13606665002106,0.392172427865795,0.279721549382884,0.175879670527681,0.961310178294508,0.122423828208716,0.568333015405809,0.965522515761669,0.372936172712494,0.087319894468477,0.213347600432906,0.0915101254539706,0.186468043543589,0.390162432518341,0.906407352667568,0.942692800194842,0.44085030017766,0.0472245838687709,0.0675631522525545,0.264998358351411,0.0188479358551646,0.257448742475406,0.535368333452949,0.301738971952562,0.0144263474390059,0.101885572630985,0.573215245495618,0.878731666896327,0.488371129384067,0.0281438747186581,0.119332741907591,0.085717914578416,0.0241366464301864,0.0964456684195107,0.191572901372319,0.145005746478095,0.105998406389408,0.257590845670328,0.0457815541222204,0.919432478078676,0.600124712864456,0.0811219079981481,0.0,0.081437534791825,0.918161933376833,0.0364404074566075,0.433963952692355,0.753560120875526,0.177051783637661,0.0287280499055273,0.0,0.735476770621505,0.383938959325666,0.29383259959512,0.636119624143035,0.152446294947677,0.0282318554075493,0.179382102796869
0.459735845264592,0.291697035398959,0.271287859943153,0.167647378928258,0.301818645405157,0.277576347172085,0.99035455558456,0.0470895520795589,0.196198826934057,0.984617094077841,0.340911133816055,0.919999585818743,0.206661433437463,0.156520586711217,0.309914440417423,0.410785912353232,0.794146639558919,0.629802193538589,0.784465170438568,0.119335826958508,0.237196407562579,0.104999217758258,0.144530265576936,0.147582514141996,0.145675464219243,0.354811727741827,0.0535343988548951,0.18033259310547,0.373713549383473,0.872058753321747,0.454559445243787,0.0572004285775211,0.160681575141039,0.156514671148711,0.125512289736385,0.578662061025557,0.341155194081914,0.300601583768883,0.110119243829382,0.341638995667903,0.0847441171283103,0.757247829756932,0.203170069104011,0.10757731676337,0.198262319426644,0.414551975389611,0.783359842327663,0.129059024379162,0.621135199662942,0.523077857433066,0.120063813448026,0.143872681096849,0.31855359656876,0.39828308228855,0.396964896349638,0.164072835624107,0.671682984043359,0.413185078215646,0.230521377029177,0.0733884816820584
0.355399838338513,0.225623948641577,0.284129069310134,0.0741347497924305,0.295132112967349,0.128825555647223,0.812695174378382,0.0363612055249387,0.154300276292689,0.959201969399728,0.32048157329603,0.942410801536486,0.294430700740494,0.279150208271525,0.137820720851455,0.325557193023886,0.585505194827041,0.581654833600959,0.499453116598119,0.109839043387109,0.0428131174068691,0.0690928828784917,0.0661360495994567,0.0814807826084613,0.151174695449532,0.877443253384243,0.0239048352080448,0.249836631117396,0.619034270483268,0.876521145333987,0.332832878462234,0.113701365649898,0.191984767096855,0.0837020854472504,0.0276674622347434,0.345079044868122,0.456296350011148,0.0546407924474729,0.112834341208082,0.24552255788351,0.103169218937968,0.631135047018106,0.110516807982572,0.297786366813879,0.290710266664224,0.0523142276010675,0.710074036378781,0.110040733283914,0.53596872999189,0.549418599587195,0.226651622382014,0.110791079143345,0.145917793024387,0.362274746560816,0.587730423063483,0.130460081176945,0.480720043070053,0.0370685269306539,0.183135190829358,0.0981860157293804
0.106433829764595,0.114406791914228,0.23294733422498,0.28655255222271,0.285557811087858,0.515433514523844,0.810831501205096,0.122471337006983,0.180018906690534,0.983682935493735,0.593815603366708,0.891292085953403,0.207645922341639,0.292812440327144,0.0463612541602597,0.440078749384677,0.86377622465496,0.62290551268529,0.243913546637062,0.112320998563187,0.0606584517708673,0.39693285041363,0.0917251495156653,0.145081568444957,0.338556197047865,0.167547591536105,0.0185005432781498,0.266174726541983,0.15109934403101,0.78691326465031,0.409184141294128,0.320298000929772,0.212057758010835,0.216888495184164,0.0429366457200607,0.285256664411137,0.338651380977613,0.122048633125697,0.376807244205133,0.162648979835312,0.133157733608212,0.658895631207357,0.0659716656301747,0.0338239330308262,0.219041768810828,0.577161968565792,0.516152838166484,0.133918382294489,0.534108901098633,0.377985101710673,0.156428636672483,0.132543438710988,0.185203032693078,0.57698222029721,0.460549181549799,0.218409358359895,0.615324879817864,0.163115547228596,0.164871686128117,0.0453911476527922
0.608668136331612,0.364413514006001,0.486239837292783,0.241583541281808,0.303903779948493,0.468901814890879,0.929601431015061,0.233391079099632,0.209299840174177,0.950474968535119,0.436431014907764,0.800375709012106,0.361535481703457,0.305329353285252,0.250628914743437,0.445870248570707,0.828573571560737,0.663422440544077,0.647069197234527,0.314979261139915,0.0471888080879301,0.3238955867751,0.0307687838725403,0.0747101881107578,0.354511748751518,0.581609425465639,0.017000354474865,0.148501483893291,0.48031511019143,0.741012531778135,0.259313982365293,0.108865052152849,0.206943753864834,0.106899677047049,0.146985395297779,0.400678059590387,0.657445731377636,0.21494085183323,0.328408185965551,0.323193626699461,0.0890776013096939,0.64244402835126,0.226299489638653,0.0950358589944988,0.368724813989961,0.0958032058616675,0.75028507272071,0.22552678706154,0.636533178352423,0.709861735788954,0.189609876044856,0.21535557471218,0.551737658838258,0.416290235246204,0.35589430454146,0.245745196608323,0.656583715385012,0.287310824345975,0.186989778015238,0.0541344046971445
0.769261507913171,0.501377248687568,0.303504095800653,0.181561574870827,0.286488116084677,0.46212037143942,0.872261262167654,0.166781267233028,0.154247423913925,0.831278837789598,0.439215660016828,0.829153418927456,0.423027794970164,0.324858576003058,0.385834148329318,0.405688073216016,0.863028314863637,0.860563136765173,0.758764497859321,0.0919454005964469,0.116343715950052,0.346554384458578,0.030997386612697,0.139000994160122,0.405970760780698,0.683445687967041,0.0124973094413224,0.329433779621634,0.370297821949504,0.70004317480507,0.509537294813383,0.046467853898204,0.30058246664294,0.199229980674412,0.0622342873236477,0.300907118246019,0.48629286563149,0.162606770251939,0.277911616400621,0.382891557311211,0.124217048283032,0.659370602446509,0.113679974669623,0.174199459249654,0.307115012728995,0.134768490388838,0.829727141947667,0.177406946288028,0.615031863201629,0.661527127091537,0.294427695645246,0.108902975977866,0.388120776994948,0.722398761377157,0.550207619585401,0.288334549634953,0.583967307807532,0.2232414125157,0.248685317490017,0.264042272118687
0.577561947527242,0.196438512210112,0.62659164107188,0.358545229735644,0.398057222078943,0.42967660783055,0.967581443331185,0.119585066803182,0.379249987719876,0.891227132354194,0.400087678802187,0.791222948876305,0.592944226415671,0.369748524614458,0.397161772977283,0.393714102253394,0.801295429476028,0.736987983159797,0.455731052715482,0.207304054649628,0.201271424818728,0.485978711940596,0.0770957532968031,0.183742423671928,0.259263742132466,0.606888857048098,0.0406551026186094,0.619911388055783,0.317740863702959,0.846014985164516,0.47204621504128,0.242512931643572,0.306832996483487,0.346471238164059,0.245477807289587,0.677600697472653,0.362011584736194,0.263394021823084,0.379703758825962,0.354634638809847,0.164340286606404,0.74355610296219,0.497006602891379,0.188122168408974,0.368573726206583,0.285348127582612,0.752076941905085,0.241336551267153,0.628928896261292,0.614597295277596,0.324212969161559,0.397409083496591,0.380823937381557,0.406240644389805,0.643217665465862,0.395476346966438,0.604504919185708,0.435031431367892,0.127782230941045,0.144826197440747
0.309783887933794,0.0410794347022691,0.334301465727261,0.154791344845235,0.27667001361701,0.117262157451217,0.963412103068895,0.056261404782948,0.0958996641832113,0.985846094272151,0.487554470535572,0.886512886925257,0.0302091905552833,0.114832126276209,0.536427514008936,0.314482790847488,0.690293403538152,0.484071026056562,0.626245488875509,0.0884774474650622,0.102141157329623,0.0925333473802262,0.0145063877100296,0.238564723450157,0.23173864456775,0.597220174471449,0.0269260320372517,0.0410888225162059,0.322525951196517,0.704306894708823,0.291298298212693,0.0352800922481228,0.134174514106178,0.0742736274975402,0.0585622739882532,0.51870721643912,0.243711913326814,0.499486072058591,0.156194284125541,0.294088708241392,0.0864391875160609,0.57854603061603,0.112542854194777,0.105723114420042,0.115725163919478,0.179997381329927,0.786553992163811,0.0975101692765174,0.629684843235554,0.44360071183796,0.149144884963813,0.0804754065911997,0.370223999945213,0.275234083088137,0.401716412586574,0.148725497542026,0.61908669502687,0.150202882080901,0.457798706179143,0.0515999816989273
0.368169994190139,0.0817357253843241,0.621574119403342,0.129588971305802,0.296071272316941,0.343687190037367,0.973753930799098,0.0947675565508255,0.361215061140852,0.913401091618844,0.249917140509196,0.842494365299218,0.273405045729089,0.285963394883572,0.251680454477775,0.432600385295922,0.623404148960165,0.243030126320477,0.475684484565961,0.215535689835582,0.142428920216936,0.766780092114566,0.0132168984139934,0.143043913090313,0.236207884334294,0.239793864363598,0.0681510283359149,0.253343329930101,0.355684922223654,0.668559007460771,0.578825415738903,0.20286647170041,0.297801156406643,0.268627641710355,0.108215979153295,0.367193525957949,0.589200964487473,0.339983800367804,0.369526075896804,0.280705653271593,0.129449496298208,0.695360424452358,0.161360275195025,0.148170421087183,0.400914106818845,0.17676942168676,0.598930976359978,0.143438508925559,0.562592138989873,0.529789742435496,0.17175147270637,0.141565898760875,0.334473841810028,0.366226508927937,0.424919014661353,0.433906685653104,0.544475251112239,0.308497686467308,0.231155495826007,0.0303810401641537
0.281776448618559,0.343244759279126,0.0554156714242675,0.239790223254305,0.268866490207051,0.284656985332197,0.946691807303583,0.11100134241479,0.0847106142650276,0.970708646000277,0.43942917729027,0.694567729008262,0.38444078237039,0.0890819014977308,0.219496777728884,0.318797962242808,0.788477973520928,0.647297070165601,0.4398897985586,0.0211613235200467,0.0231935674067383,0.282109045612942,0.0246650135807609,0.062400045719467,0.323933669061328,0.191695976553496,0.0008960558132153,0.0720238070250532,0.534474361892527,0.877294178309495,0.329532539877108,0.0084939277838655,0.0789471335616107,0.017489080492884,0.0803889452250556,0.235928235306981,0.526384885613207,0.149319993938994,0.161521585668639,0.329917263630862,0.0197883952232563,0.623686874251901,0.0633958841647234,0.113748770340151,0.220773341543783,0.0697676394365015,0.73803740519544,0.162628642914968,0.554261464440746,0.525661626537273,0.144270706284738,0.0543139722099049,0.305994649314164,0.42473534671251,0.210225675074738,0.12820916849519,0.602339895734989,0.220250924896818,0.177137511297003,0.114078355402001
0.64182361703501,0.354511282610493,0.196873249588583,0.320495057488828,0.278656649652798,0.198942482182806,0.952150736484538,0.0391401114895729,0.131575636105116,0.867471507507285,0.407640562824717,0.83601816142798,0.182099412859466,0.233100415907226,0.288587869981412,0.318793991096321,0.825535176906335,0.614410191912362,0.670413599133515,0.110771607314121,0.183880463219619,0.16087781538058,0.0327400193190683,0.134279934299166,0.322803198118227,0.496634884570279,0.0483231610333551,0.157497172805979,0.468792762341067,0.674972324352974,0.412882802649696,0.0194977400803122,0.17986909870563,0.144098355867214,0.118003386329833,0.283368615987467,0.323944598063636,0.303634601146554,0.105793824968658,0.374646794373946,0.111397287865119,0.746477254915046,0.171956065630575,0.0675618844735258,0.224693627357327,0.128332162726841,0.679458913627907,0.177078506269668,0.616278264250123,0.524205135711318,0.187940866521457,0.1538903235831,0.28598015603764,0.480457093202536,0.293511660319183,0.166398253877968,0.61975889205533,0.265701605753809,0.162742487536648,0.120790803454268
0.516103845304979,0.072447067267799,0.333859732597066,0.293244244907144,0.313086478878235,0.481972040235037,0.930455023936163,0.235457904456679,0.264012706571297,0.961244935836204,0.373159666425044,0.663164940017653,0.414032937924346,0.278738206677803,0.248382980334579,0.433615288375497,0.850350016929969,0.70020547332157,0.500524825584106,0.119546664510774,0.0676203056037425,0.343998066310824,0.0290483641748511,0.146154704567494,0.192525504296221,0.369742893579626,0.0280798749853508,0.278830230735359,0.375584717452373,0.711850323803529,0.519754468287883,0.0969903303040031,0.176896920461547,0.0665675037074819,0.0902059202077253,0.292440257040825,0.659572660296421,0.148393694263741,0.361748198225641,0.343931659280046,0.0748732892067754,0.776000398992012,0.172845364622324,0.118804512392689,0.496222321321418,0.097249600010159,0.685574813981232,0.20909494120727,0.586720396150055,0.544525914966142,0.400940524234604,0.0754923699729257,0.362662166631897,0.166732747408431,0.581208763089752,0.29027649280317,0.638589205257793,0.259373471248897,0.154194826233176,0.0295659770614912
0.209226284433843,0.0836508054338787,0.446627586054674,0.282054580078095,0.289351955252083,0.377905750025165,0.967480740750156,0.129727935580245,0.13590883952612,0.85303887387076,0.45543178639118,0.717080380054499,0.399576681586715,0.219250733402766,0.270497725018126,0.46260530738696,0.85481753584755,0.750559643859685,0.152160900361205,0.0792239805021873,0.0756919536513177,0.489320742991232,0.0044592430107138,0.097147012700261,0.0595607686604741,0.317374006531408,0.0171040999002613,0.273669262633708,0.203958265982503,0.94612703211335,0.361659332049737,0.0386340359851635,0.243717483514604,0.173414375319551,0.0590276274794903,0.27146401819399,0.483738847953854,0.664907375893204,0.481608847802961,0.222432033740405,0.120392350738478,0.615767338312429,0.0701047382394086,0.107940123512885,0.328087674033331,0.185243209439803,0.587024032095152,0.206539566350894,0.589716746543232,0.484734229220948,0.147311872300289,0.146993528219739,0.24274749875168,0.429913041359417,0.516298586453628,0.243346226656397,0.61605091845771,0.342003845270135,0.334204843842138,0.449032399653134
0.468281037997749,0.60175390961983,0.138177031926925,0.0134678825388601,0.267054428917098,0.221917613420206,0.964789057940665,0.0396376074279801,0.0556304645522335,0.771735533454751,0.487501264139951,0.837872173210044,0.10645225426086,0.223347776952706,0.207984242627795,0.438023574030896,0.662064132618826,0.88013778855869,0.426906294598503,0.0693359901006756,0.0770312837100704,0.106918016312664,0.0050415107006343,0.0678722763492122,0.378011085608383,0.124069808038187,0.0098984603372709,0.132373095000195,0.1748129241882,0.90287530449155,0.359883900225035,0.012456618352338,0.127228895038064,0.106414367082474,0.0522900860831896,0.162400536287794,0.169957877864737,0.139532694455009,0.115774211993141,0.348797804440611,0.0740094057470893,0.769448759703279,0.0700340133460171,0.166283838318903,0.187507179793399,0.100096507310193,0.813582483997747,0.129961881854461,0.5729532023823,0.63528704393858,0.174813680877359,0.0692556092697135,0.113342076194229,0.559884381755422,0.348994163064957,0.216472129164106,0.607820682124017,0.122382562205588,0.311540791126494,0.136679424198354
0.671435410490639,0.637644695191403,0.451688756079078,0.194214605269266,0.287599817454479,0.398049611588878,0.946282272712915,0.23955575896238,0.145843509908467,0.970577511267833,0.382424686641238,0.762159148448798,0.556016596104661,0.493309369856602,0.265416133373407,0.321206764713072,0.607636322476622,0.827622847095095,0.62770705681118,0.210967683509008,0.0118680747844526,0.314033903144443,0.0195986624087921,0.326442702030238,0.448394950371995,0.260548879515991,0.0094937067665289,0.231020240359231,0.544388235396496,0.51416645301,0.472524758196232,0.404011674412317,0.143048021728259,0.131562462078246,0.0432197125785476,0.245692871759897,0.748119309457137,0.450291049811838,0.282681853058122,0.345714387743369,0.0835273229455681,0.600991638789982,0.426865035381157,0.0300105746778049,0.394713160863113,0.154667879159167,0.910780007598592,0.186039548081397,0.56823995820306,0.352341783216834,0.132298847074255,0.0636594642662996,0.182204341168955,0.502848077449316,0.0737845153959054,0.154759980493189,0.604958005615252,0.0377286605979444,0.138748964441494,0.151919610365876
0.687772347163864,0.113084846534342,0.474390878481007,0.222711581033013,0.320206678187811,0.293684424238074,0.937927224953091,0.160792759344017,0.314933376123041,0.817492125175959,0.318043363379204,0.867177355114536,0.45040892313877,0.330965709289781,0.379884550482641,0.351794150162784,0.888256448331359,0.797750363453326,0.743461843866333,0.159812525094109,0.327131655368214,0.355872889294302,0.0216400314071385,0.26033102247385,0.240362232731159,0.387069739429249,0.0763101736406116,0.399107395707885,0.756171457967415,0.688445733724665,0.579034122886538,0.205896402952985,0.344871725691592,0.220530391897338,0.117555380665673,0.353747594097484,0.427480343045933,0.254155720971505,0.352231480001852,0.294819339981655,0.14111225218489,0.631704713017669,0.360620367793912,0.137234776705409,0.389525130111445,0.447390189523466,0.675613398828963,0.208117216206977,0.703131545450766,0.445313054062082,0.377569908200449,0.22252872395926,0.453141794085781,0.297341210934849,0.587681005866103,0.352520813476982,0.648096921920113,0.498382603785465,0.13133432017586,0.0595417473499227
0.5775699439709,0.55068909321421,0.906757827908158,0.193353332149506,0.356435525473747,0.461649064787408,0.955294040603172,0.217582958501185,0.635051304472986,0.835924540982021,0.311263257820187,0.823569027316574,0.761851472466456,0.486358540869563,0.254011624621486,0.386092046889318,0.76268714680192,0.75961879206499,0.42596496976721,0.24664401156104,0.179396476860848,0.73474903667414,0.0627206404279846,0.18606933493201,0.434994833422759,0.280632064582319,0.0547383745507498,0.738708058278579,0.365825099481485,0.77599316828404,0.609757108128304,0.0422980508921805,0.604973815247907,0.599004064639533,0.109072870541663,0.359256654950789,0.662815630914744,0.15561417228587,0.499057239876913,0.386571755766937,0.384981055475071,0.637620755190106,0.282904290013118,0.0631388164516262,0.821022734153309,0.140717901107671,0.742234453822555,0.23043271560293,0.55612867239612,0.827048234522769,0.810684971534081,0.236549593798509,0.30459214523227,0.670099145273148,0.839456737617151,0.464233742002652,0.67741004892158,0.692677963697036,0.202786453706145,0.09027954351935
0.432145258166801,0.275406534954721,0.335630072338363,0.250595451338358,0.295414241374146,0.488226790415818,0.962120068538267,0.202624355542638,0.251880313560324,0.92185387292134,0.382790496056751,0.855439035504284,0.373895640037812,0.323431531605737,0.440458122219459,0.388104033126339,0.958105199503466,0.744176584769599,0.776192349362996,0.0853811454541554,0.141959693422719,0.389694163760635,0.0481911871993235,0.102133754920696,0.336387527420232,0.342377129327646,0.0347556267155815,0.289336890382886,0.7401620981804,0.780374617634372,0.522323960467673,0.0781787597461607,0.200603495342253,0.207414987862994,0.155271931791584,0.256167097626118,0.551189689393388,0.164668326508525,0.330891208965013,0.504844025904662,0.138870486506388,0.673476462470828,0.214661419956402,0.0910872619467955,0.295784213915033,0.284191465820411,0.747166806999301,0.113236753128031,0.598404598265552,0.765942651130783,0.257629780033448,0.147057630674074,0.360226629001944,0.448346494525313,0.39283108568329,0.331420065374515,0.623209137067056,0.494412093822121,0.164547417501675,0.0528621202061275
0.265838944646245,0.312305181042015,0.48615775714877,0.266795649435177,0.330490220242904,0.241088393343161,0.947430565491764,0.0978925050379655,0.306544681028205,0.703662865304245,0.241920939517449,0.72523893101944,0.398170192675001,0.252712659289724,0.229558499090393,0.286999353195721,0.760357956926773,0.830406235749442,0.868667327417272,0.0557068195988996,0.092716240947776,0.488343475692697,0.338880304168704,0.258335063250543,0.356624821568254,0.527760464130375,0.0188666347082764,0.255315254530905,0.463837665404634,0.689504064800324,0.561001105124864,0.224575211359927,0.155927978087743,0.267667851186027,0.0325967823637098,0.30099110887674,0.374717069243774,0.638117325599845,0.258794513455659,0.427796078699422,0.0923438236184835,0.540292475471235,0.0753315726067607,0.129880359193157,0.348389407893204,0.055112530794581,0.4027870730733,0.176287480640432,0.489741354847191,0.575870381653067,0.253699342043922,0.168433534602048,0.378659391483003,0.223712127087748,0.436539520207765,0.256085719286336,0.614907534968261,0.0789613174990595,0.309719893880616,0.108093023551811
0.649423208937195,0.152315884331301,0.306276570185435,0.22159748427155,0.275959862042984,0.18204432310517,0.920834864330944,0.0353588078362466,0.199444300637755,0.895885323625226,0.320442846151522,0.83400246209925,0.138643585272713,0.211816671318743,0.337462254694842,0.410045299518461,0.890478591018261,0.766123207595314,0.676479863734008,0.310877159490488,0.118838181473513,0.110506676422013,0.0258698912046938,0.170730708312524,0.339670321573509,0.564786657526483,0.0477528462989286,0.0788110419944368,0.707309473236874,0.687224201758013,0.387315772688698,0.161593112231353,0.164016538735356,0.120042145708333,0.0574842731387753,0.434916344875893,0.126989940057676,0.281202509322789,0.102954626252558,0.362469658231685,0.0669484657538564,0.641184263891663,0.199745141001742,0.098431934308831,0.146346886383622,0.20019099688649,0.701923602780693,0.17852594466683,0.748595839669843,0.502566963179086,0.17878047382805,0.174125668058958,0.334820547214296,0.22786356005679,0.576154257441601,0.160428079287721,0.63919236882244,0.233581879616662,0.212371406854344,0.0514756742940484
0.404461725916199,0.0600465501744572,0.161629675965384,0.23956702029042,0.278078667741231,0.28915400837739,0.925825859140708,0.123159514430804,0.0955921333991836,0.923198037509118,0.372537442437124,0.775872642449231,0.33653550759387,0.184710648284232,0.266107212901966,0.32678378059573,0.801981883045251,0.679315571579198,0.590759343383001,0.162498163365559,0.0948543630963473,0.340694325934179,0.0246387320226338,0.0862114182135644,0.248214965248539,0.475825779975219,0.0188771486315166,0.167431624042706,0.579097931294335,0.736162549906962,0.48262538209919,0.188264774518843,0.186641686906663,0.217735550074927,0.0468778568059857,0.145114690164725,0.284425162475333,0.298574576158995,0.0845376749415773,0.356495778565457,0.0905885933231965,0.559875367521921,0.158796850105231,0.117947945990679,0.247120418415717,0.0823369619322536,0.636847967634197,0.140315428060753,0.515942018549528,0.682499300098072,0.309502747475734,0.0970632712902732,0.200707202038372,0.446085753413628,0.375589528869567,0.303357340084324,0.523219294210333,0.343625556215367,0.149664968184849,0.0499195243232177
0.0867947616525505,0.0534793033112191,0.218917026701949,0.422575434078364,0.290904643073942,0.312798744002506,0.952937313088593,0.0914093589272781,0.142542524878578,0.977768776445501,0.368880507687693,0.88356807411503,0.407339135036229,0.2404744151482,0.0588470399246254,0.717313985622234,0.976951939086346,0.787786266243596,0.0776734984910608,0.0793575220046262,0.0672155659678662,0.329745686262922,0.523405251951729,0.0980599381064348,0.0939400396499283,0.0323033180731373,0.0035187224545422,0.208081393426362,0.252709149454317,0.884700566671776,0.547165358833989,0.115904704071216,0.123526962614939,0.177049730492267,0.0285749943524811,0.887704839617929,0.309900361931243,0.360680408430081,0.111382232929096,0.241864603416594,0.0915446820078322,0.829218297269243,0.0660438127526192,0.0901770040057687,0.157733938779326,0.0271405433473943,0.50388502258515,0.13142231105361,0.603123825619373,0.32706382397207,0.227482117895969,0.126577892948606,0.268116299590845,0.402291672214693,0.169913585210541,0.268157634112684,0.832577035884902,0.225589566740872,0.242996689943979,0.497109753946003
0.626895794505231,0.0982045203720576,0.449321587563469,0.380965232161588,0.296309770599623,0.230879313133803,0.925514076576436,0.148481092197512,0.385660597823315,0.431070982822702,0.225346391466501,0.859777677768839,0.30695394998621,0.300711078149774,0.355697454268853,0.464236458940959,0.737128874815826,0.643172199205457,0.346708128005585,0.153351590703688,0.122501443391353,0.336328780508285,0.0291895395142859,0.267496177510738,0.257634800392381,0.814601563808215,0.0420896777391475,0.333619319840071,0.343529560798916,0.730413134464565,0.555386771378683,0.435624336564371,0.266849820254117,0.315462245718989,0.152851158792996,0.510136004855273,0.455998927364132,0.410755277018516,0.253106462284796,0.337168069828892,0.14283926095445,0.588832291488736,0.412451172097479,0.12217795001087,0.435298225295435,0.121782825724835,0.710968858168234,0.220575439881393,0.735050570560722,0.316830879295457,0.23139838396693,0.401774041900599,0.388179536379754,0.587137922053566,0.315150002585783,0.210341785167374,0.581782712876225,0.286549737849839,0.176338161494106,0.268941654848451
0.289351987600194,0.311678510179149,0.177452173416579,0.113616915444191,0.268161995514226,0.402803025559924,0.910440078983525,0.186032233886902,0.130149166666087,0.894111079694426,0.519982584261065,0.0328176922515557,0.394379520002624,0.129256623045503,0.297413751935419,0.557553900157379,0.907311083641519,0.48262008253514,0.688891291894586,0.0416335724665969,0.053927996283397,0.361379560105249,0.123559914240272,0.0805064294710264,0.453598458465788,0.442089010293325,0.0011118911939838,0.264102505217133,0.282138807412548,0.736250358464988,0.205531033497728,0.0581429051140718,0.330278829925106,0.236536446230272,0.0408272543630167,0.558852992327523,0.341508748415448,0.288795899293484,0.244493899315728,0.346197972370891,0.102197379464111,0.85597312043904,0.044911736748527,0.19572083717359,0.282159516611242,0.104174060031247,0.604156693215945,0.0733385882927338,0.491344188850237,0.650148363875883,0.143687048628938,0.141304263020956,0.14326898440494,0.705115936602499,0.156595855252046,0.289817226453498,0.454758736817982,0.316947921335087,0.22771970480285,0.104418077318901
0.571293719998317,0.35115867485777,0.344789764823288,0.223812291613273,0.295709193672275,0.399297539522986,0.931125226923074,0.12099642917605,0.201194700143053,0.875950830590061,0.535218290818916,0.939224100775357,0.277438524698459,0.425960762632393,0.24868193166395,0.406560344202054,0.826370463557154,0.755360660413729,0.714786496264777,0.086012565063526,0.0898579771948339,0.337267943337664,0.0336190093003376,0.118925038074234,0.334039730734658,0.247163301407334,0.0273137007481186,0.249411515445765,0.380285760203023,0.739283094298993,0.555024462210746,0.0564870269417013,0.131930776832129,0.148463079190512,0.0687150046084981,0.314087411479706,0.336349832107712,0.334876427279162,0.154519703495723,0.349382411066035,0.0838579653555337,0.746931582231229,0.195567599044988,0.111552726732666,0.308991625312324,0.114336357269635,0.780841128647791,0.273828203465429,0.571229992930979,0.565837505630228,0.223730248881578,0.107274686309199,0.232845585034316,0.546944564936062,0.304275562462364,0.236300998864555,0.8354418016814,0.144899720891423,0.276582326258562,0.0797956307257428
0.0609267121436161,0.0650277354649689,0.31269332914438,0.426435967825216,0.298790184637654,0.27508851768995,0.965351024843059,0.0815580497464651,0.184602543603056,0.994095943915929,0.667505665283882,0.953661543492825,0.51567761112586,0.348295286568413,0.305977039089999,0.428000826968652,0.97897520036015,0.586590204854295,0.401636170673436,0.145365152777078,0.0726722673070807,0.453155358810881,0.0876813151187433,0.177053075042003,0.0691087224792406,0.831372204969714,0.0112910770297214,0.179656112586528,0.147969643646298,0.909849617638617,0.590929103680748,0.0389895235351515,0.206941499367051,0.242089915704083,0.0223809775733175,0.212275634439385,0.198000095760595,0.0618182682446184,0.186669668725384,0.318523194686797,0.0705203283927375,0.60388265676428,0.0545151657527724,0.0,0.362461693811309,0.0235737665088219,0.457407044518672,0.0211319589247788,0.635849384592938,0.690879184511313,0.453237160798282,0.203143168120185,0.0962727132574071,0.0955956221005254,0.162013088984883,0.241955626768214,0.652345660352385,0.18175041748836,0.195155586848381,0.0342582054777955
0.325532988757876,0.0426404989156852,0.278926346923868,0.259868111089952,0.284420309204783,0.326529650451632,0.954614142664986,0.158064482333431,0.123678930977095,0.973022321760085,0.37335813462352,0.840481034305691,0.391768950820104,0.131476197688748,0.394697171581905,0.448101292076897,0.937661506606028,0.45394524056684,0.575723178100473,0.109175813801818,0.132700222922739,0.34200397536696,0.0099015477908971,0.0621164809995397,0.098748545703885,0.444712408992657,0.0088462983096252,0.158865936293564,0.31398313560604,0.862901946498468,0.371090271508888,0.0618656361964717,0.156814602705378,0.170598591065561,0.110097917939644,0.367641431157656,0.467786113387854,0.114207889826523,0.225681190208879,0.322473390268656,0.101402742458393,0.620845882981169,0.148442339593655,0.103927672994514,0.20985815095525,0.367114412071194,0.800616567412942,0.130121066872092,0.541368177354638,0.76926521301053,0.17608004677475,0.104041749372666,0.251256621973025,0.536781815210247,0.67927324827375,0.3510665849151,0.568491754472686,0.357389333038786,0.164450329330336,0.0158590647813552
0.444431942229621,0.451306630409661,0.618363095762107,0.139710663899324,0.297045406364693,0.301156673845872,0.815945343481127,0.0960364560226539,0.262854806405079,0.580896259141301,0.256741617823377,0.822442296955748,0.691941314901322,0.387450410351239,0.262896053076023,0.26272206900199,0.770949382519031,0.768301852988112,0.650417309154384,0.166957775907501,0.128958298480168,0.360410593793163,0.0183735361695035,0.145052575159545,0.368234016763274,0.474509419642826,0.0322736196659006,0.459869594774441,0.342327091344544,0.595833241511981,0.347935721837831,0.0365323423184578,0.219695942094812,0.238040244356864,0.0364368332851256,0.249305346350652,0.401495920869242,0.153948476821608,0.320019109657131,0.376249352592336,0.191545958243693,0.430760496780409,0.217450629460514,0.0775307705000221,0.383362628250743,0.100659443423901,0.661228548393864,0.180146950583762,0.650831639900467,0.670369137235004,0.359168000885268,0.230169406222496,0.267344063695389,0.553683514815439,0.503105999108684,0.252153954421612,0.552405780423033,0.329666623652017,0.232990699939546,0.262520265024482
0.305391615377271,0.2338053333009,0.274116843439061,0.242693532233255,0.281249137821878,0.185490686793381,0.956785714193848,0.0689433390034288,0.145022188908369,0.949124480068952,0.51432107542491,0.847506027621007,0.112997510060565,0.152042065441188,0.204938953100847,0.56035196870979,0.731452983861936,0.767207053507214,0.514919918718592,0.123071680309899,0.0825359964225718,0.171420021700526,0.0499819867911713,0.114006367651747,0.191258459687418,0.345425379968471,0.0271116794530834,0.119975051739855,0.650853603937029,0.936775865522479,0.547382783286424,0.149068042323843,0.189122362870217,0.132747693531139,0.0332918185144239,0.521471899596985,0.286118263813282,0.267587479911883,0.262950357002683,0.298031480965483,0.0932768566865785,0.542408714995845,0.109674310197401,0.251096954151971,0.293903661866058,0.157789879335332,0.608125986739722,0.247186767898911,0.54854597979801,0.461785504032356,0.1716176685469,0.12285314259181,0.2118303660842,0.368620260705189,0.537973450543553,0.159083453952635,0.605320686946366,0.174974807969601,0.177799295344168,0.11917708117726
0.627561746979003,0.0725252289674811,0.159911348278315,0.213853604487006,0.283935946884589,0.195658867061573,0.956675268606924,0.103438547220345,0.197966338591333,0.962976302698177,0.247477784836659,0.85786613300349,0.456022413313674,0.266655527819513,0.40010492090601,0.438000412405141,0.810783049673098,0.777665482558083,0.768000081914286,0.129054533783081,0.402131423896568,0.259662397104827,0.0711588108167514,0.154280075080416,0.381389167538703,0.596067080838573,0.067723084033022,0.0574460187592021,0.692324948325616,0.850263342132436,0.510395246326652,0.0930675044227729,0.154033658937894,0.175406080189747,0.14623768335239,0.413827035886599,0.329433050962441,0.370602622351963,0.0862294283604836,0.453193445210894,0.127567048581867,0.799394561623273,0.47212501588011,0.118649556585778,0.24301971917114,0.372856821085893,0.733918369435913,0.111425459762111,0.750803181054293,0.576678750616729,0.348709147861954,0.258227268583577,0.354224153242149,0.371801828642766,0.427306584670788,0.228675030644015,0.599929033556735,1.0,0.148274610362681,0.108745855213856
0.554659344144528,0.117413269639515,0.425465109658997,0.196722526945499,0.306566581567857,0.342782526342672,0.927237658149434,0.116198857808527,0.343880791371758,0.915895873489398,0.461960117478983,0.798157288974219,0.427673322405667,0.353455666261951,0.414368377611945,0.375524254269139,0.868102395479856,0.735636576092891,0.553904175648039,0.144685064896733,0.159259124562415,0.569001215039762,0.0114738748267553,0.128723406950074,0.199590882458928,0.659140504576322,0.0422866050233733,0.363145637896044,0.69316388108468,0.771896104654093,0.495870143845393,0.0800086709430218,0.144299686028194,0.246465461707425,0.0990807675197142,0.25198343444363,0.387578348712586,0.13239237429726,0.260145969878555,0.365860749107818,0.140415459085701,0.642666769659692,0.212738162615948,0.0997585431550639,0.41312659433039,0.287621003447445,0.661527185776034,0.135302328646788,0.636125181437617,0.637297615364255,0.153699930661385,0.141986523515726,0.335050885908108,0.508315165903224,0.41370412397081,0.367157012359884,0.645753428953878,0.291591797532947,0.17037380841797,0.0586631290184779
0.562887028696988,0.0985162887162221,0.141769579245946,0.256182943577795,0.272894164433252,0.122426146097116,0.939544215352183,0.0995109089858295,0.154779290453541,0.954573262987598,0.355860336216283,0.870773662796253,0.19232588992308,0.178582305396827,0.64540722228157,0.498835155095306,0.826977451459933,0.830915566879873,0.844342863821146,0.0708235785697385,0.328188643169383,0.103822088833921,0.120814488103222,0.168200767242486,0.353861211751238,0.324967158332272,0.05339826254284,0.134694376264349,0.376633438197215,0.719441109317516,0.489358259107505,0.399133867477633,0.182164142080936,0.106360098446012,0.381337937418113,0.586310884366356,0.285113807253422,0.421572931180177,0.0986294882698098,0.385382807078435,0.095992755341751,0.686732468131812,0.386215277384623,0.102827145289941,0.157536762182018,0.284580208627619,0.678806706866829,0.203943782190735,0.696292422902249,0.530368864286533,0.186704763453505,0.194410542116146,0.505366412181458,0.0734169440097803,0.641629115701001,0.109358261404586,0.64835317228821,0.482446908648553,0.157843256799594,0.257737091019301
0.560105366455861,0.0473673386527278,0.258399578722765,0.265546693122357,0.282773478372869,0.186450094723603,0.928672277929375,0.147546799428356,0.278992264862313,0.965242425974912,0.286910975201356,0.889527247965637,0.356478528248921,0.186266137164705,0.374158936331752,0.38940995943751,0.819618647495804,0.733532591953702,0.550736563311217,0.0723663207914891,0.19508297885031,0.328772316833125,0.0711202059108222,0.096228799809721,0.20421576272472,0.49567066072354,0.0405883253775746,0.244076311269714,0.266474897648002,0.758225340354105,0.444621269177218,0.162254125474895,0.224992920400402,0.147273834057933,0.0930435930291122,0.634775149423497,0.307751961732679,0.448420744603949,0.0973130054122326,0.317588044904121,0.105554908518897,0.738005644983532,0.256295681862804,0.110404854164271,0.23571557101594,0.130992052785441,0.71037046034985,0.144966254536624,0.601247011288605,0.596919438358346,0.248376362851087,0.327787536010366,0.337634647581188,0.505067134525508,0.539864012100445,0.270573627560798,0.584640887750365,0.328277205699914,0.235729841819415,0.103564871452428
0.313049944760783,0.403567387177328,0.632018275833861,0.187828300093561,0.299527990603394,0.445228923006026,0.85004139851607,0.0901798917354686,0.358244084902303,0.964139018411362,0.369961956980576,0.808227226545157,0.395998843448406,0.389576728492951,0.236537004405308,0.294190466203729,0.713879909507606,0.666598030352479,0.738380207513656,0.116989916691697,0.163679265303146,0.43486472349202,0.0371589651963074,0.0835998895619287,0.198896734952622,0.20449175274482,0.037451139851678,0.506385405986772,0.716908444160072,0.683023412697116,0.378609419045659,0.039857751775211,0.238030559151593,0.403694098947513,0.0617789556889087,0.292224036775761,0.295707125071493,0.336671278793442,0.330261903709433,0.36983480031745,0.177029295536571,0.820468552492391,0.204881223997052,0.120046563859924,0.436082321021347,0.10872976104251,0.629530435980734,0.147975980375347,0.578407495877335,0.62311408507845,0.533510820343186,0.184891403170368,0.36653371666739,0.44358123028295,0.377128649890222,0.385972004536549,0.448269781320598,0.439017547794777,0.125156228230577,0.0858651299639195
0.344318903093678,0.10662457295854,0.359037002206864,0.121736187420579,0.309149564039964,0.21351959406621,0.970789153548681,0.086654151068563,0.473500204793498,0.954581308906687,0.474071417497951,0.897937019714034,0.591198573160669,0.222643535450037,0.306168335276305,0.407918101826157,0.894984322637781,0.811848944003717,0.93452443624056,0.137940898900813,0.0771603262630153,0.314310109144183,0.0178979400927864,0.0825978492694278,0.437119545032731,0.356444058201877,0.0297726681540727,0.35815672538465,0.204007920691348,0.935777261911085,0.550624522963745,0.217686613303463,0.196238377682115,0.222237943940616,0.0814656047256862,0.153079224573397,0.136831556266223,0.128466240036276,0.257010041816736,0.433356565387782,0.117650940901212,0.599592869004742,0.154549399705185,0.161946685443584,0.426633980386305,0.139213473165791,0.903326647751882,0.249069811326818,0.512083139735268,0.679910460706787,0.22535572395428,0.18144900738591,0.475929788366212,0.639072493551608,0.367759833290485,0.284293874963017,0.62978381293247,0.27175799219209,0.11794760140088,0.016700271056394
0.392254234295466,0.128069763767682,0.216351736294119,0.232355254610449,0.267610272555204,0.395880913558666,0.945905902104951,0.155479578133233,0.152362070965312,0.881576257988612,0.330595327989385,0.0833294439220225,0.426610560142139,0.129356605943012,0.443168082330083,0.364277888769722,0.759361348619589,0.670924693805946,0.519593646978757,0.0601698931079744,0.122572235641788,0.327714595000589,0.0273101967112273,0.116700765710022,0.19629476606875,0.400253194176573,0.0242155657936412,0.212899733596208,0.248465828197645,0.761977753537892,0.0,0.1331615272037,0.184008651933453,0.235185556015439,0.156334376431245,0.386626814064821,0.207001204971645,0.295616874680896,0.182047776967061,0.336949209134467,0.0850988769493952,0.67703909980963,0.140370879127746,0.182205178630456,0.105944666041806,0.194936888808976,0.723291055991261,0.135599650745078,0.63916289233002,0.567106232084992,0.130399871677995,0.176614356994259,0.342183043399508,0.391356960854683,0.391638197097876,0.249209373915051,0.553933809065576,0.591185918890449,0.248429415307491,0.124706130612591
0.443002248956797,0.218810472473577,0.308226951838529,0.216327012634877,0.303510161525488,0.348553147389966,0.966966524144125,0.0815063246743079,0.257618728088997,0.807748587772884,0.422114572764466,0.896284530155192,0.416278546923986,0.209546059394425,0.406705682350935,0.533217339776918,0.972394048458453,0.753172829455647,0.787168035168899,0.0774362920533201,0.167130204162238,0.207571131152425,0.200702546852229,0.142809803407972,0.249049065702284,0.515383160334375,0.0320896804617233,0.237153559276536,0.488030003102577,0.799705806739449,0.465325390882817,0.0585835757697655,0.157004484367402,0.158518570194247,0.0990677530626588,0.517627942776598,0.346156267101963,0.268125059586413,0.141604026498073,0.376454385967721,0.121918320323752,0.759455973249078,0.199957857340217,0.403427969670727,0.177816427656389,0.28618369675657,0.721433318644904,0.144286905681129,0.618800063740522,0.614666033475523,0.136459284629249,0.29016613513968,0.321510951491899,0.424354488414284,0.425935444046069,0.257083437009998,0.620049081261516,0.388023923485441,0.206000027193345,0.0212729979512053
0.289117006107505,0.127373104581997,0.212243604203802,0.21169673161743,0.275629770380878,0.105913764059109,0.923295467491871,0.0407448382639671,0.12080074024934,0.979670353604456,0.537349656633699,0.767101119042876,0.122400218062986,0.203244422219795,0.520128651787881,0.436314918451446,0.794022767261846,0.593474867506854,0.35536050545497,0.114228505786645,0.0699007434705471,0.0628333773199938,0.0317710347007449,0.0934875244111729,0.153594270105719,0.197610625274927,0.0290865418338844,0.120978330398091,0.200051963999291,0.915556404880678,0.338933228386526,0.12010749969643,0.164994503699446,0.120343331334477,0.0764479693889245,0.471296508121718,0.184762532896131,0.387223772563045,0.126614447305195,0.285963777635237,0.0881233464544921,0.734147979465774,0.115350375416201,0.0937695826127404,0.219157800199848,0.135815335586796,0.6445594184783,0.091008801875952,0.586798038130625,0.40585633602286,0.162920799449346,0.0877659361024786,0.272894968129575,0.122910910675704,0.277516787516102,0.189975974137371,0.653265056115594,0.188234598073929,0.190161520214582,0.147214744419964
0.568058902521515,0.549325649793254,0.402063905075888,0.255224575936647,0.309772392621751,0.324900611273107,0.978951708370675,0.0800016007973393,0.216840997405353,0.948178568604124,0.630756445368762,0.867293834678426,0.397899401233683,0.322242672808504,0.184548676298464,0.355057805937326,0.797454586451948,0.709708769375653,0.63517263069655,0.133920397982012,0.108157629742002,0.283568360152372,0.0272481785881207,0.133682692172609,0.394070518214685,0.480579009310139,0.0186971960624415,0.417514162451751,0.765473264407383,0.839368729579497,0.560404054596047,0.0307348049230183,0.198596398984902,0.234367361464082,0.089892876056173,0.258599273102225,0.488284107857061,0.498592333912282,0.184774741840491,0.378997644790173,0.144623125464314,0.686974169206019,0.647434906631393,0.0751747766084265,0.30071173656305,0.0636715599050423,0.633610233195145,0.12281692204397,0.572282105953807,0.752992095035184,0.26317509224401,0.176213596290173,0.207423504786974,0.614373379687094,0.518344660794449,0.321377676412594,0.623910860635961,0.400699580988567,0.214324578304355,0.179067542436715
0.40891291788576,0.233404317068202,0.329311134226919,0.123012032474709,0.28367700580482,0.328263585960924,0.875814232651198,0.0485805374034506,0.144025650576208,0.968892694604342,0.295783021450658,0.867945863774006,0.103334535299037,0.181317238194977,0.332026512754704,0.345125863720335,0.809013491628108,0.874849510931281,0.51272121957095,0.0937612922290844,0.0675801655487148,0.0959313308306956,0.0046024126703568,0.0813335537673624,0.219510074010172,0.448808615390016,0.018153582585976,0.202637090197137,0.141321075384067,0.897333604938272,0.500183174444283,0.192282269705327,0.188050505406668,0.162570392653661,0.0783294795408058,0.252015373144564,0.208283215779536,0.294824028091518,0.154393229852385,0.303238957235663,0.0765604234344615,0.519632641802414,0.0825236694235905,0.0898493606625708,0.292029928091519,0.139163281700031,0.77780974884348,0.181679966957591,0.456724949723879,0.579701756056143,0.0962890684411297,0.0853364916440384,0.184402522811564,0.168361239978776,0.251244204255137,0.174980947021971,0.631580210839596,0.08246479980073,0.0565788100704031,0.0193995918667928
0.788895574471605,0.739724265900091,0.350206604303521,0.267211204269871,0.28158215073918,0.265515859982042,0.97353687311888,0.127606866804901,0.144146776496363,0.898582607613127,0.413233670873773,0.809388224844055,0.453693530108874,0.406418207689368,0.244797513539726,0.283504609669795,0.565099888069481,0.788400653134627,0.924977940881931,0.102042985682853,0.047677510390916,0.296129044057365,0.0034632911233262,0.168198980418505,0.504023122203285,0.667531624566833,0.0027466992427658,0.230570645061979,0.617378803627727,0.50584541530479,0.374015410511802,0.0323285473915347,0.108476574764389,0.20071492206247,0.0339279021357549,0.310590255411913,0.272849089520325,0.077721858390448,0.421868349022206,0.563966160841013,0.110865027138698,0.515391257744703,0.607884819913491,0.0103606837077663,0.223531235313633,0.022624458537842,0.919373709823577,0.162536914004598,0.590616673252508,0.744560927103454,0.324040214384268,0.446863629033684,0.657091344333731,0.895919450783424,0.0769175011534626,0.226926848548594,0.62633185394194,0.424714126835283,0.0811351195125148,0.068086634274569
0.773353750592952,0.328699699476607,0.153552114714674,0.309538844542844,0.338496893563081,0.362821669305358,0.936646290259349,0.228903559157663,0.186780243596019,0.761009733851761,0.365910389244979,0.862296006824059,0.386500813136763,0.202799957781895,0.275285907225776,0.522994931741456,0.930407278560973,0.888077086419959,0.861213285397191,0.0779616065396844,0.129338959060074,0.455926157329109,0.0770562496820141,0.234283549258348,0.437911722693806,0.365102472704273,0.012725628148504,0.339243548931394,0.314738532376372,0.712894717010097,0.342007806227469,0.0997555045561698,0.167550160527992,0.281620574210672,0.100497798923675,0.393256960824861,0.550775050035803,0.160730284004435,0.165939778712846,0.463671414754202,0.121070985749545,0.700784173036325,0.152568583662272,0.191221333534753,0.168508535680301,0.0688629159250783,0.930337341356656,0.130057693335096,0.755050297066412,0.487990091781505,0.556633574688458,0.296682770076613,0.611735340927153,0.733702682331055,0.465738494146973,0.37782119261841,0.539343801661215,0.530718212554157,0.212545178156296,0.0620114362545171
0.265400262187575,0.355171882403461,0.104807281575705,0.198347655021582,0.217855381257699,0.0749101946686095,0.935781005432839,0.0220784898760166,0.151856050234625,0.997227247681959,0.283217938844075,0.939462293489346,0.160385630265166,0.132467469689432,0.211727852994838,0.312124606905689,0.714545688698406,0.653626429276294,0.728316134259454,0.079682264001921,0.0687396216495623,0.128453221006303,0.0175404324501936,0.0661910187173821,0.104378974576945,0.242992128546272,0.0212933084193812,0.103638750461214,0.332392697151287,0.926310998832107,0.36108617466237,0.0450100932489591,0.105240630957222,0.0831931658641862,0.101223674860937,0.542780811941215,0.202216990067069,0.142733568947412,0.121368267620185,0.3000952051052,0.0584264968377691,0.713349410187949,0.0685979810694118,0.123553465572838,0.161876016784359,0.115870854668458,0.658323067810003,0.151057847653343,0.514069518720189,0.561575322031353,0.115339755362635,0.125314829830196,0.165998479969413,0.421552225101043,0.205080577723018,0.177671740204922,0.630627732632474,0.0181215645279192,0.151576022807055,0.0368988149217996
0.58474470227724,0.434082944180999,0.561216409037629,0.248460673390764,0.311355489560356,0.293665399118382,0.954299072106951,0.121983800223672,0.333902093939034,0.935553542895088,0.32077348661122,0.835269285676591,0.567227278971065,0.364517190479783,0.262794065704802,0.353954780827634,0.780173948721668,0.708248231860044,0.74779381581235,0.131369477804591,0.159653547689211,0.445400286279994,0.102438212932206,0.131525188391492,0.327659648182209,0.302808946188586,0.0647126898015669,0.404196878621832,0.570548330703457,0.730455128160559,0.597263869533488,0.0653370918767684,0.327430857688211,0.324067383451994,0.0684164605241128,0.426478334286334,0.421331930653884,0.481390433524084,0.315994436871886,0.3539870239025,0.182280304158204,0.771964075722348,0.571603460981116,0.150480553438611,0.42408703412572,0.18929266371174,0.74566510574337,0.132403216964257,0.706857278031269,0.705019252620867,0.359005121288537,0.178580840867856,0.285866429901557,0.435850078632919,0.577954280899509,0.28842861938701,0.651472788880595,0.259505278514467,0.132742724544162,0.0632197853078051
0.574602783911528,0.390551520000351,0.156763452359028,0.114513380938864,0.291063514026892,0.225083910541469,0.952537739563118,0.0432813241765657,0.128073057634619,0.958866925687736,0.488433847587655,0.900005156384102,0.224595288197544,0.303662966274649,0.333756727292321,0.346625208450167,0.78953489574599,0.678475017534545,0.668733437646334,0.0690311998902185,0.117927808275513,0.0979196395633484,0.019930318180071,0.257916390800974,0.319464828726285,0.652146227787481,0.0212418956023643,0.140806304031493,0.606062753737369,0.917572453864718,0.553031407828649,0.0751241845583202,0.0959610236164749,0.0754930930716048,0.0638289728542009,0.327298479336962,0.149611137013913,0.177002583558319,0.183555439018739,0.409468094865842,0.0691160381879435,0.759329142943928,0.123079886964181,0.0561394083020735,0.181528640326636,0.102969962288105,0.750539568837008,0.239647887178468,0.551131183757176,0.502374332627239,0.14225531926074,0.103204579898478,0.379378342290988,0.409593513225475,0.513903824081487,0.119277032800125,0.629757601457181,0.271870065130742,0.38036859182999,0.0563533390887775
0.517674950483619,0.322623825061241,0.49732188899499,0.247803432182026,0.305225980884741,0.270260465535024,0.962066030116849,0.0942871076178902,0.297738685507363,0.858583894284652,0.365216870565333,0.900507193525116,0.242424189781624,0.304031084852955,0.255718214879417,0.452017764150229,0.817369671826383,0.814384620637916,0.53486386923337,0.127479821843944,0.146998034638241,0.26518636414663,0.0273461080147795,0.232006907801535,0.3719048209514,0.451687552704691,0.0475417112994598,0.382594666243871,0.539056719758129,0.838874217722868,0.433103215077285,0.215660010650659,0.216333009820682,0.146271021805131,0.101506310594086,0.266723360822189,0.476064400127815,0.117939351376745,0.144836957968679,0.396736566324338,0.149863561791189,0.661052809503603,0.481207606767836,0.143119867422811,0.398954155898939,0.199879777074958,0.684653559173039,0.189303327585309,0.64757548543791,0.752590019295346,0.205985388922646,0.239617850885336,0.383206591654301,0.209250878387036,0.437534206540482,0.292325943014433,0.613492094897009,0.3309214550645,0.195674669210019,0.156493118255586
0.298722530378545,0.0530321460896514,0.410496432960554,0.131887621347863,0.280533461455198,0.325296782093707,0.872633074797865,0.136151652678436,0.194738572762152,0.886302477203061,0.282962109773837,0.83139272565673,0.608087303074585,0.270184325319866,0.265262735558937,0.28835361261176,0.824948914798225,0.737342501962488,0.333258791075921,0.128943295195328,0.0777985483325285,0.210561065201234,0.0226474449297391,0.0713411958482865,0.358510566971562,0.253558794980658,0.0175491690106276,0.273197759491745,0.32971402525692,0.813232770329747,0.404008084050932,0.0448432651895039,0.193894397198456,0.26700584042761,0.0778970703515623,0.512295118564382,0.507036317470631,0.682058979862543,0.195113940703188,0.276247704892409,0.13690755973009,0.774924344959156,0.112692706965037,0.163658090954523,0.291178941942814,0.052994313562307,0.717970997000154,0.120201296431708,0.613442016539338,0.686050163036724,0.308826599509903,0.0597576835774747,0.362673563198192,0.618019624009421,0.373943492061374,0.269102770179962,0.878578167630464,0.526685551753061,0.213627553867895,0.0891776129290009
0.721726357606758,0.037957525623873,0.101267744767808,0.241908083830013,0.280380427956677,0.422970562558679,0.923771304733774,0.218606604102519,0.125151777426824,0.897115466281784,0.343315018858096,0.0889517851801296,0.581070028217123,0.113179367264574,0.272447673647721,0.46696350742234,0.932470772882999,0.650899436842019,0.552375797224173,0.0408890425259058,0.111490493231844,0.428842039350717,0.0195378090027678,0.199237364671137,0.401897059139284,0.412218294610725,0.0271140384752224,0.247884516851276,0.385581748030328,0.86764195040648,0.451632964613295,0.116832108931604,0.102254568228317,0.285934940889821,0.06729802538054,0.240090162051926,0.498640574520147,0.133577477957517,0.250544704453322,0.385239172717557,0.117623126979909,0.757886051483328,0.187583908826799,0.151632844783815,0.212963158999085,0.0816881978877032,0.703990656875205,0.0961214043802215,0.456960787013334,0.554736061456854,0.290951483043034,0.120660773567405,0.248596810529241,0.478548138187943,0.791176192323131,0.369941769038731,0.517239575945293,0.557039931460676,0.20570111574306,0.0790860666061365
0.430757961724096,0.0702455425825704,0.36021993498541,0.156448752649083,0.274995280749458,0.140124677343418,0.871551580014759,0.0604508920475624,0.206657385885856,0.643507370353349,0.495546280069041,0.829069690573383,0.171430551410552,0.21511730914632,0.214789096272698,0.361956818976094,0.796498052787099,0.730712570909713,0.622080122996889,0.0543836010206831,0.0742938454128951,0.0003807336257379,0.0306562817663017,0.149594660281767,0.340942048546784,0.186486613071149,0.0210707409904744,0.127718806726799,0.617560168306354,0.7812305362029,0.231714236644357,0.021949448466648,0.219949932448239,0.129859091366834,0.0747415794504839,0.343245385062934,0.16298127922425,0.3976161628827,0.172912345625413,0.344949831738646,0.0887707208769056,0.563719666653237,0.22325159036734,0.0956947503065102,0.278212733657598,0.14169441821586,0.743300955016281,0.106132355517348,0.461595075380966,0.453914774226364,0.181549806063784,0.111197552107565,0.339389482610658,0.344115673364435,0.250196782732087,0.178420023639364,0.639901134460232,0.106570209260035,0.141000581818524,0.082501382023386
0.356938938363311,0.441339504638176,0.397591726784897,0.165381728854204,0.294954318351975,0.323175051653819,0.973463587662653,0.0822212440917302,0.229059608099568,0.881024520746524,0.300124296210547,0.781297496763216,0.373093138573519,0.2282166145833,0.271303721875187,0.350878353301094,0.762750693949441,0.697828819866115,0.635338667214541,0.0675709685230175,0.0745221935657472,0.525017437257074,0.0263826987351667,0.0882089112238159,0.318807574949294,0.406135465982095,0.015388186537601,0.303933937273528,0.390317061081557,0.837706467952811,0.527193030783259,0.18521364079297,0.161825922930087,0.265694989329006,0.0668730199096354,0.260504437937138,0.460962108228461,0.0807297169101165,0.205438147964806,0.365481534464033,0.0953267358789455,0.83384854418837,0.132995418142365,0.0345646519923959,0.465495043202292,0.107952044144066,0.83022827842093,0.140892520104542,0.39619238998848,0.668467858770105,0.198793548520654,0.0993409390068864,0.512642965792689,0.578117053003102,0.48944634630329,0.320416203005733,0.633658376364061,0.161709639757933,0.200696339430368,0.0420396322284636
0.216460656909369,0.095799195464546,0.374233295406724,0.084147601320286,0.307405737062327,0.153174324174371,0.962848009824289,0.174250566207287,0.406410047457783,0.983351465909418,0.398602395314278,0.837021463736042,0.389765234577414,0.289802841156059,0.323907360394244,0.3440018239048,0.88460520093987,0.758069098376943,0.971125564235008,0.13622392057529,0.151055533742806,0.604993831788337,0.0082662138157425,0.0512437911676481,0.379472663782172,0.424323412943243,0.0348990196853583,0.166545068383593,0.124004007092575,0.916494058894191,0.482537540737869,0.169881793630995,0.31514427641895,0.221511981455455,0.0714787746545012,0.270498761665836,0.38103110468957,0.0675013408038581,0.412968429278573,0.434833470778341,0.119908762422785,0.560590521728663,0.168471410167329,0.229743404263287,0.39456189723167,0.189989233811887,0.697769261093844,0.269194932455482,0.538273229569293,0.643801435733176,0.410707872160546,0.152523893491412,0.304507218201729,0.569414048930938,0.750298217663433,0.216017688890693,0.584272964368658,0.189192788734676,0.152638347444694,0.0484152096488924
0.848863305798147,0.712992741851692,0.401313642416971,0.646469602075624,0.338384964468939,0.612355177532378,0.955554928887709,0.132876439179315,0.348153598227407,0.93839512502727,1.0,0.836861547211394,0.195059012352937,0.296400709309456,0.700649011311961,0.554256075199747,0.743931780213215,0.92102261911558,0.950103956422868,0.0584114164564356,0.0408254895938876,0.413080072784066,0.0295834079613482,0.124729829339172,0.520574865647654,0.399109834810337,0.0082013848246134,0.289561619742269,0.603390612660544,0.979518352116475,0.526689650671559,0.499683588721337,0.226855881758957,0.152063637859935,0.0371847262502976,0.675840562496287,0.356558368164138,0.629208350456917,0.232564650789555,1.0,0.103531101650872,0.963692255382809,0.0886794976893867,0.669923851350888,0.287260628776024,0.0620001664553098,0.864253062811204,0.534914987046008,0.641263461539638,0.794448564320148,0.247851693018091,0.143001339567799,0.667067562058191,0.682010189406509,0.418510000165185,0.689736259162431,0.621738348337668,0.239881995769503,0.342744541635508,0.12464785343232
0.228257612981388,0.113215521675801,0.158140400390918,0.150918269465184,0.258706538650474,0.446989265837244,0.851321637364685,0.182873719260555,0.28895169612023,0.958876788753238,0.383405060732096,0.757917476058732,0.352906814219205,0.0272093243535626,0.336517030855676,0.438108255263654,0.911025327590956,0.739442730844296,0.946701743985663,0.0492303501528247,0.0759525452287993,0.380272081887002,0.008595853327775,0.0612067765514032,0.368414989879782,0.30748403604678,0.0151536970735195,0.156931394463908,0.176781613989933,0.838551258094316,0.33742902693139,0.0573524096035824,0.0635368712946641,0.18665626059581,0.065455380201557,0.220579761214402,0.284272526873233,0.0587992103792253,0.304013177134046,0.403363705361714,0.0375994201645056,0.600215585911808,0.0767633023930103,0.287284573290887,0.254903746370285,0.134830330841782,0.940215455212031,0.154371617774054,0.474490847909571,0.700958533015545,0.148061895869987,0.128121533782625,0.358278587749547,0.596560907265158,0.215079350905285,0.323287440102242,0.574859755029856,0.497940771434305,0.0847741827190709,0.0258468045877964
0.709697142500621,0.126952236699326,0.339516080391302,0.244958481832938,0.329390144713432,0.321606890749003,0.924461797800786,0.142078855992181,0.294274134843874,0.888930027577674,0.4197428326668,0.786600498079275,0.405258296466084,0.266501440361785,0.409419404595717,0.409987742370801,0.911893457218156,0.834416878665733,0.852137395279149,0.148353382329645,0.236693982188213,0.66322741324548,0.0507180351924605,0.115945882312758,0.3768079513048,0.403177687362211,0.0499884479078363,0.236679574221818,0.419041632658622,0.897067140643062,0.471125124618079,0.25652645828177,0.151091497867068,0.130635252039516,0.127133439938482,0.282290020354818,0.180564779015241,0.146661683046925,0.223965763491324,0.612254184503768,0.0981689487992385,0.642736949353853,0.258323264346314,0.143717993079847,0.297905797681586,0.342592927223526,0.777479553012915,0.271888628035583,0.638634739799945,0.658031083975303,0.205836277396328,0.199264185832917,0.463481480083604,0.46120916608407,0.639501248280073,0.370908009871865,0.571407320879226,0.431831913516196,0.167897314104089,0.145915857964948
0.370699896235401,0.206964059956355,0.422247595617211,0.202178746582104,0.314222461649004,0.301619626237803,0.957303653426912,0.07255771938746,0.261871875407499,0.961735096205327,0.373471616151491,0.935008437815691,0.267280862060922,0.209050486927424,0.287847750298477,0.42365995941563,0.949576510044941,0.9113821676012,0.957741607066552,0.0865339752112115,0.175263198886663,0.333503786059151,0.252125519628725,0.107160350178693,0.403734103455169,0.289840174995866,0.0357901978664046,0.335648326489481,0.136635502131561,0.91428911216311,0.581858374354575,0.0818063641259836,0.142490004231764,0.214547800261686,0.0781682722854383,0.238454616284144,0.0638526789487532,0.357540490468717,0.223821660186123,0.508848660263032,0.110947953541093,0.693453286427416,0.123796151307231,0.198605185478077,0.455265013530094,0.166775313041449,0.765568181113714,0.0996946375418101,0.627035449032771,0.718184941063616,0.28785959302531,0.16500021325259,0.388916180458005,0.705833687979609,0.467715098300255,0.241266118952148,0.674065897828451,0.242609568617794,0.112543915112763,0.140195853395019
0.0595200969299176,0.0809232681191329,0.419406778594273,0.251870570366313,0.299041879755004,0.463950009725862,0.968660588740644,0.126738247334122,0.376051966418414,0.980298387650913,0.65422850267243,0.835378773257374,0.314266482161184,0.291972261639402,0.275770112059994,0.640875264324745,0.883398236994629,0.755376536657017,0.300526402091527,0.0957824754552461,0.0919958391669015,0.438444182293539,0.0307898873828409,0.0683591152342934,0.30500153594257,0.796191595669096,0.0141486899041829,0.319995142537523,0.0747102377333689,0.961629153951776,0.194328452441853,0.244467017732354,0.135840861778955,0.145745183400288,0.0414628929733756,0.406788142174115,0.111730890771411,0.107308975746533,0.155493103399422,0.421767268621465,0.0951602399987916,0.67327105249819,0.0549076188880929,0.408867242042871,0.200669487891253,0.0643387294546368,0.750040934733568,0.287792170254242,0.417223652004022,0.472465006944049,0.0728140635493526,0.265426344964966,0.192441271993963,0.429756474829637,0.118211362506919,0.3139618899398,0.690381830695249,0.376499719695813,0.280310064842125,0.293661397977369
0.103216560675481,0.0630271655827954,0.21971575966347,0.377331855282159,0.283317830355102,0.39757043543867,0.972820940732918,0.0665001417427825,0.11765108855292,0.972617307901413,0.31809970082886,0.866183941173528,0.265944190461647,0.241107493996261,0.267732522006975,0.205411616974698,0.986004961888675,0.899554951511909,0.919320171320405,0.0511133133171389,0.0373903889469435,0.31287117231769,0.0183349648462848,0.100305332857216,0.421711979503045,0.286217322890078,0.017056196692029,0.290870705073527,0.415838605343414,0.614367621552099,0.16516765757403,0.0280194347092866,0.14700141597513,0.136481282959424,0.0942229744213884,0.16228481363836,0.0374854281078971,0.122351921087211,0.117318129375265,0.430870319942582,0.115507117442475,0.684672924068235,0.036661090832749,0.119968204136356,0.2003752544929,0.127957841428358,0.695770359422806,0.121693626275413,0.432667349942924,0.531593627398057,0.0832166342052842,0.146727349944293,0.290751998453497,0.301169271950895,0.152275703635506,0.23118263987762,0.645331692106505,0.376132077856768,0.16701666755995,0.0760567026217383
0.0455617456938389,0.0796887840733724,0.581137924367908,0.0227217527326711,0.291115123463125,0.689319073514064,0.916773428473764,0.196306751940973,0.15825036437448,0.930065736177842,0.247141582097145,0.820079683621436,0.337696090216269,0.372632196077416,0.218747065705505,0.511937913640798,0.400257344062036,0.448650966161138,0.908416555626472,0.0639904371242465,0.071763959137291,0.56248777539632,0.0694464450186918,0.0556376179502845,0.426783099720174,0.316689411104121,0.0175621301743215,0.370963654656148,0.0247513997920702,0.934898597090984,0.452307790726426,0.0634525183111005,0.220340964656713,0.254178926935386,0.0236596620732975,0.138983457965944,0.298363220961814,0.0329670563829933,0.312197193437035,0.376172910272751,0.137771390783912,0.538075319035939,0.0306197316372838,0.217625247587235,0.281003671594895,0.121904313015468,0.756659093397071,0.0837001851078647,0.339494109950899,0.411546898503245,0.201876916227134,0.0618742421100464,0.161755259319465,0.387156438800302,0.117001898420064,0.333491952646827,0.56073731042521,0.224816177953886,0.0969024068309546,0.195008975459891
0.514728508689077,0.40153004996863,0.497128484924356,0.671134141226295,0.307371087618588,0.437932927843975,0.905262607851069,0.0754385301052616,0.222060633204903,0.628122310833814,0.614498271170351,0.896230761995272,0.266416723387219,0.305930867910197,0.648660896668858,0.379886345831994,0.802583726994567,0.849418909646965,0.862409598340578,0.156155501813612,0.37248446468915,0.657561816760045,0.0542048649925832,0.34160654941155,0.434613089932353,0.467655968198273,0.0623581407162402,0.432872063632683,0.607302362034294,0.606390422137094,0.37607701138458,0.0442271939664071,0.19224300909751,0.244385564881836,0.101671775913431,0.476441729650554,0.117272409593593,0.505074599422494,0.224891379749379,0.554606789817955,0.129964398969078,0.570292313827007,0.353947267816151,0.680406848873884,0.217640694552232,0.310207308257394,0.767123724870681,0.603402531878258,0.720336856433403,0.559929163681598,0.104698977000083,0.244014085828096,0.48316465803786,0.505854764400263,0.926835051808979,0.394342448406318,0.669467673823566,0.621540918302787,0.517091750263555,0.452122549252391
1.0,0.66657550057892,0.342122457641246,0.0702889665056712,0.309056961529126,0.327752702868094,0.93938187568594,0.242084000468502,0.145200491661857,0.957462486080166,0.864885790181198,0.827483750289034,0.23285983719447,0.32829045783549,0.837766946982476,0.699104268034498,0.93605795903936,0.920200407915487,0.967049298968176,0.0514251818235298,0.0511217222075493,0.43521562680737,0.0185391975645028,0.16196274891678,0.451586725721884,0.468023910605125,0.0150037425755111,0.323963744649577,0.240768053104451,0.867599537111037,0.493022740141469,0.556098923656278,0.161997370798424,0.149126182772629,0.785825557020087,0.710731339931073,0.296962789805459,0.45353456110636,0.249110684223344,0.564730305815587,0.112268378961937,0.877134663746686,0.314400441515645,0.829920103882394,0.350147987546643,0.26712715276588,0.89934219503833,0.420309466418278,0.657417548005191,0.712420760147862,0.153174115632667,0.241634948046634,0.58143875809216,0.722107039861263,0.407919385315477,0.740840375392237,0.661583993801029,0.462673034193221,0.159987945222405,0.668174552607782
0.437512558226046,0.277721362468092,0.512393828926997,0.0541829103810279,0.300787935591571,0.549896725020768,0.931448709209657,0.14340887789133,0.28527943645394,0.968746240619901,0.373014746027951,0.893956742443074,0.280620320623061,0.422774807339578,0.258626362717108,0.546032838333801,0.657581722165354,0.713115726649752,0.931371637425746,0.0283737539567383,0.0262509210760103,0.305037029977272,0.0230927538294247,0.0874210915699706,0.466926845257891,0.300791831190959,0.014236924010716,0.280029103849448,0.0814302669933033,0.928531083968387,0.140848223367906,0.52808800572609,0.165576594055292,0.142979306768924,0.0814653225389555,0.272130265837716,0.236619303324886,0.0852148934837897,0.201559553508767,0.755444798725528,0.0959404399407684,0.752053843186073,0.0549700300605251,0.326820727268968,0.221528975685991,0.0587267462191183,0.904447907884888,0.152657739660273,0.467107772310686,0.637894781591483,0.191681559664002,0.120060447929541,0.559017512458534,0.515479848024838,0.48945152929806,0.327083701804358,0.532907021930165,0.234569376672271,0.123969698392884,0.0583370712699164
0.0200865677899526,0.0423894311901921,0.251904645023079,0.009999965575488,0.293717878650137,0.564929002163336,0.968278918957789,0.165075778562669,0.278883343329662,0.976355063310507,0.47831500585816,0.818865175189564,0.183896744840472,0.326535210181439,0.219107737663583,0.451398381299721,0.834757881179781,0.645977183275053,0.777646622723368,0.0326870253906612,0.006124856302403,0.165951173239902,0.0110949069104368,0.0695115110350669,0.374695776680003,0.25918687967005,0.0076467929158886,0.171879517502047,0.133359494418673,0.893345978763856,0.413498470307384,0.0431154553111769,0.156942617849406,0.0707477854474505,0.0472774443074806,0.21726296511405,0.184063587582852,0.0,0.1335037373243,0.587102206525092,0.107805244871337,0.762387344171743,0.0128712097108231,0.250361838603723,0.243538890148743,0.128027463735946,0.95794019678756,0.233854449677692,0.537358241263062,0.69895063700804,0.222222383781044,0.249881854059988,0.309175849626608,0.483571044951558,0.028061857041107,0.262766591888547,0.631919298174586,0.146637968150246,0.103760974631024,0.261860813179547
0.11212223473928,0.0837728844665622,0.510782792025581,0.165435797400196,0.2983227104788,0.809188747054314,0.932520102189033,0.138723092628286,0.166352691440788,0.939831702738169,0.412197082126913,0.84488666673772,0.265593033196417,0.316593374307431,0.228171343652171,0.38987220643029,0.974021861739917,0.932771816871699,0.963045941655338,0.0685592977368307,0.0757714000361071,0.473830467588575,0.0208837310499793,0.0856293119508319,0.425538977650147,0.228409546532313,0.0218681479747067,0.31503241345394,0.151567565212271,0.870059259494174,0.493806629302475,0.0353072260702577,0.155300987939595,0.25774739613024,0.0322442063889882,0.339333090532309,0.392506694511409,0.219843723678638,0.310951492604164,0.333725190437932,0.128472749371943,0.601148458767889,0.0940142043318848,0.128332445267738,0.290219709359607,0.0652214246053735,0.781849076100909,0.0552496257584082,0.569619760918861,0.67203809058988,0.22096122510474,0.0916456323810455,0.174247913519958,0.574494256074668,0.145531425060274,0.294279077832281,0.632485706196602,0.281017217307077,0.0432418839100308,0.192348385724413
0.102040747591935,0.0753952158091324,0.569414896764425,0.012826989542053,0.291211620115848,0.302364061919446,0.895815515818897,0.108683358034792,0.2326888895039,0.961696874470919,0.452376019326682,0.908762431378197,0.604944084526181,0.283668525805135,0.295972167485608,0.38736625958292,0.654232269859569,0.946929942550384,0.901382083414358,0.126279101030542,0.0681964453835802,0.317255242938809,0.0084595936485836,0.192883588877592,0.481558063712769,0.681611977264755,0.0240044639604676,0.364136626301395,0.128161732793208,0.892819668576528,0.491645880383424,0.382357740739656,0.216936417847092,0.278749913932143,0.0345563111984843,0.0785441993783714,0.221232038134725,0.315132036355725,0.349337944899762,0.442329318438818,0.163880550300519,0.802155579789625,0.0576855313579815,0.261071086124401,0.363797329350443,0.0848933319465973,0.928439800418303,0.106907146384143,0.479148219203446,0.800811741382083,0.34397737847189,0.230612789535664,0.306393026732364,0.694479757892277,0.233263556506087,0.379572524132985,0.609774474861597,0.215029999589885,0.207698005966118,0.0531001700310068
0.141777017782967,0.101824028950668,0.65160186062654,0.075980419342885,0.302785449596814,0.222261757766548,0.886767900063921,0.0677416733898238,0.286856791770663,0.862226077955707,0.445623401866362,0.81070263992701,0.257514379854415,0.265439996541005,0.199397095123167,0.237893581505942,0.548711671252383,0.544733125656977,0.934049383194108,0.0609782889876315,0.0571628309406055,0.508751601576859,0.0074853345666934,0.164222392769065,0.445697847687542,0.151573240490593,0.0242532165864149,0.307928364990595,0.343916396588363,0.744549047218096,0.579281186975339,0.136589487506951,0.200822598649667,0.19561792313825,0.0527249169720878,0.0912377383954672,0.218970992721118,0.0753631912176499,0.174511195173878,0.655138460188482,0.133374846655064,0.834120561139816,0.065003760525158,0.144211380173722,0.336695427227125,0.0206667357597066,0.788126108881633,0.243819579656236,0.487418489955363,0.603762221783266,0.353211864910598,0.124367461583726,0.215880743925711,0.821729397557463,0.464368655537402,0.322355308738312,0.637456051996182,0.186245037670855,0.284703385352227,0.124890449098232
0.339851914698784,0.551224500959151,0.667872971735989,0.797950169341558,0.497457400481284,0.29128075507957,0.948059358028998,0.111263523235576,0.255484451815382,0.338140126270781,0.497807931840322,0.832490946840986,0.431193442828931,0.361244734213254,0.814925995612635,0.428539793997034,0.82706770905886,0.960222044676536,0.919581226112576,0.559434581705297,0.128837189372516,0.596704099694246,0.228819438752343,0.899362009251881,1.0,0.524786181898986,0.0258894276753651,0.439806855710338,0.661849042201525,0.862666183566323,0.675616783141171,0.246392289283203,0.476453997706216,0.292197156865576,0.0660228525445977,1.0,0.268077376682422,0.82521225109877,1.0,0.811875906967834,0.165876425007134,0.574861926742033,0.193244678204317,0.584773240260834,0.387716726998705,0.168099289112486,0.80410212832053,0.830070224902517,0.931035142088561,0.674216437883103,0.382311341477805,0.647129614598868,0.820996086786084,0.663730186666039,0.39821417921749,0.455676064198235,0.636057814871256,0.255110525815325,0.495415404132578,0.387429571797869
0.150844284975502,0.105338756246334,0.658658533603841,0.0929831604831219,0.294793488604383,0.219066713738297,0.966222263903199,0.13622380442262,0.352980457474102,0.975611804583617,0.484257699375687,0.900210148616141,0.590179268946483,0.352783841529315,0.360447115056742,0.408455861670404,0.877345671273832,0.730017939201681,0.749724608477952,0.0711675748160475,0.0827703203380774,0.552204164792236,0.0213389079119388,0.0953123479234633,0.441693795125796,0.283978883367526,0.0224351761725529,0.366014130780173,0.0946990688617328,0.958895719901698,0.609644747410286,0.254750685536452,0.217304823900715,0.246082268735687,0.117156555490077,0.107645416238068,0.309705098961648,0.0877129635448131,0.326183858194939,0.487517039014933,0.152524784280417,0.565106870778507,0.0574233951711766,0.0783306248567761,0.432302994701925,0.112478041652197,0.90107399314146,0.192128936694576,0.567439453402855,0.691095240104608,0.550570281908654,0.20047877070181,0.259578110553017,0.768995857544264,0.344414105978163,0.356511145014744,0.601643727157525,0.478751058848552,0.129030089877442,0.2179439238591
0.40947462355328,0.069309149226553,0.356697103944159,0.278939361708423,0.302123975749238,0.424392139590572,0.959903979877842,0.189410719095263,0.295276025037245,0.964304768986828,0.518942445750553,0.812402258736125,0.31914698864193,0.199538211223696,0.524705928840227,0.431376418654069,0.961474827864549,0.76500372960777,0.902444140515612,0.141916220619835,0.101096677429795,0.473227514099681,0.0109849267782811,0.222096598224513,0.295316942837789,0.507963266467622,0.0158793826279554,0.218497510498229,0.173334844068837,0.912084489847741,0.5020274992579,0.159033162187674,0.187442845927797,0.167589090458235,0.1323588686422,0.31095859152591,0.225555326497816,0.303127134845962,0.2565370626372,0.552264157248379,0.08687100048423,0.653163859604618,0.135452437867369,0.22168600429461,0.302792855661307,0.239019169276116,0.93110451104779,0.222206754776328,0.564888262294675,0.765069458913285,0.201529814634122,0.0722864231561867,0.45325169638708,0.581183505456938,0.515175504727891,0.310275135013614,0.6242605617707,0.151550335638202,0.112330724659305,0.200547867276756
0.579304506043784,0.156692640635849,0.4688990090533,0.0745755297518811,0.313128987611302,0.299743817017718,0.9759602279002,0.0898930212619495,0.2277935108196,0.966081274807781,0.381018459990024,0.941864504766863,0.482312154267736,0.218505433242878,0.397154755079924,0.394273514203914,0.951467625098778,0.846815707471727,0.681566935806623,0.0948510474407787,0.123738292566163,0.621249117338805,0.0088076291520958,0.134078593254457,0.383273301850592,0.108623521427436,0.007878830786694,0.357487587260295,0.575994841641366,0.940728957818908,0.191148594056168,0.203963915606358,0.203424850211039,0.270162256629635,0.0750172215633489,0.290028262858657,0.439901848692156,0.356956330971386,0.377726577749533,0.428317842464515,0.132958128377945,0.589583566887537,0.0875021102481277,0.316158688899886,0.59455594899904,0.107274648553887,0.954463907354543,0.146118790292428,0.555329545664061,0.733260318048619,0.364588399303951,0.240204094755187,0.209439001964603,0.783155260125166,0.232458170528303,0.258543614861297,0.643001405175561,0.347692202953319,0.359011049711505,0.125315808164912
0.133313119431227,0.907215111474647,0.258123061496754,1.0,0.32843563345413,0.136033198930545,0.956471359971567,0.0646704259872122,0.273690899943679,0.142367074906812,0.740309050476735,0.889511913052142,0.481322750244996,0.366322443513156,0.927212821509945,0.356502631560436,0.946816202559719,0.91937534383122,0.893380101946104,0.150942321986753,0.0739218163823998,0.565002737404821,0.788919497939716,1.0,0.468756207046569,0.0359275338427435,0.0129513845193835,0.393525302661329,0.14945009982508,0.418647155514078,0.611482328609795,0.587776976006979,0.223201102968846,0.184659274414212,0.0333400411767286,0.69198085995023,0.254576027267171,1.0,0.195649953225802,0.64343850405173,0.142078123244927,0.650094115372676,0.0790814173227841,1.0,0.221805515994762,0.0371498813169439,0.929547814540447,1.0,0.914901189069088,0.532516309450183,0.176083622312988,0.500911142191468,0.659145435136331,0.749715657810952,0.799448748288093,0.358642909192865,0.639382543646169,0.205632788356078,0.872912673783322,0.905639483897647
0.346048651616676,0.0772430895457792,0.464270609231805,0.139531909340131,0.294891348459938,0.378517429625138,0.950022785980644,0.106979904997206,0.245600176315673,0.921858047321917,0.437709875271667,0.903740399141107,0.289487599163041,0.301034377379919,0.304411702286597,0.443178402475758,0.545021032846915,0.838892474047862,0.934578192883879,0.0753721019662719,0.116395344530912,0.406742948130946,0.0190667017362901,0.100103363037386,0.423178025101163,0.32844161690404,0.0302839174820628,0.290073477162445,0.22221913911001,0.916124810654197,0.537579331978364,0.197964507675462,0.156145409671967,0.287156242259201,0.0343942151765575,0.210191238728705,0.161837310666573,0.301567586381082,0.240063679429276,0.643932938396922,0.13466218326001,0.583460785146853,0.11728551914019,0.143517803052868,0.364694971479205,0.188696820683615,0.810842534147909,0.167376897613575,0.535786098447485,0.591477492751101,0.284047062763415,0.14569427564162,0.337971944321453,0.645687666882441,0.325993273384323,0.412495876652497,0.651523479364349,0.253644589802307,0.163863726009084,0.0741720207820139
0.283642563497223,0.0826364271664268,0.397284683287223,0.0850042129998194,0.29881657117667,0.22858417036922,0.943148948880327,0.0514851012475872,0.293619133686066,0.688969659639151,0.409051712838776,1.0,0.472519206420532,0.279927460650309,0.410926865702418,0.38391385188916,0.736144500479984,0.806518352163182,0.925917327953333,0.0855700553843351,0.27347915179352,0.275607012729066,0.0191939545478752,0.129077222863088,0.460159731594169,0.469670878163059,0.0218932097659155,0.400084688309314,0.123198925015055,0.954789348524666,0.228426555561728,0.233351278190464,0.363978598474909,0.28903042350028,0.0391675830622491,0.236492296827594,0.112454386163086,0.395936852648615,0.311158085396287,0.42520736218156,0.135033414842399,0.617065673164783,0.1649283086036,0.233692237095521,0.321434032133301,0.13136383277711,0.748349287890609,0.179528523892649,0.530679996544137,0.644910917995084,0.225793037687126,0.162825320768801,0.359664143949639,0.743033566125122,0.542721287926046,0.319311683122438,0.656627714005698,0.330917577941919,0.246043208364826,0.177047159486447
0.482785842374663,0.173292754907875,0.44920286184344,0.161588271074304,0.307976686325594,0.442698741104375,0.960113972680676,0.11256872591033,0.292158982070154,0.952933610991336,0.503951251452333,0.797418408739535,0.263012588048314,0.265633141083465,0.331688293238181,0.380934237255817,0.843459638429196,0.565915993850803,0.967680768921209,0.136393790918456,0.116564519368206,0.651518587491791,0.029977233539134,0.09184695644144,0.445140259649981,0.137076438262547,0.029046754263639,0.444796218947324,0.31674789629139,0.90829181404997,0.414329193038881,0.0842337264004523,0.19774298244556,0.223883662164367,0.10982998897819,0.325373708417854,0.300083819054327,0.0744592700552675,0.299099496934282,0.639378053148823,0.143391678843361,0.834032734609416,0.101876740336847,0.151339201317188,0.243880599680114,0.1788353554158,0.76726622697533,0.234435643206076,0.638593553654249,0.721011369136957,0.104642752486113,0.294422554518755,0.407188887174848,0.714678340497013,0.379095815800924,0.362618940879506,0.600402850739671,0.276084870965612,0.196972243009805,0.216910956306991
0.133748683736569,0.061950635860325,0.450586680043954,0.147123828728152,0.35607534469125,0.270383304188409,0.989342078074396,0.279781517001638,0.335723736443055,0.979615975500201,0.554104678684976,0.913806073329348,0.1796538776481,0.265970156588369,0.496945132073579,0.403109649942329,0.869117712876636,0.97347266348769,0.973875635319214,0.0412548683434827,0.0559171635166313,0.378389898219013,0.0077459979476973,0.113600848409007,0.464653650763419,0.403506769820887,0.016413223301574,0.454458319332817,0.0634109689783612,0.975651759795432,0.543258739237236,0.2522240755021,0.168977221135666,0.259712948980255,0.0267615722083318,0.248235179782381,0.1943385034802,0.129248437147755,0.288083070018528,0.607685317431782,0.115492954103778,0.761864508204685,0.0985516126561956,0.206366271892855,0.192834905905344,0.07464249026059,0.997943936907349,0.27325531657979,0.68580126303914,0.744129526745048,0.118582904355641,0.320126594040222,0.419297935269888,0.768279976647083,0.545675583308202,0.366811666436264,0.660481212134897,0.11936002755311,0.1605086396013,0.106830904940089
0.439419677934372,0.0669545593467223,0.538836336478635,0.206998210292419,0.299892879368508,0.215241485784279,0.981022160174317,0.0580468954252728,0.459149202671622,0.984777025775921,0.390427868291551,0.960251030078891,0.307565541665975,0.252217837072667,0.394767841454976,0.339421560262025,0.992747320354915,0.861008658788299,0.901000098579077,0.0993825497946354,0.23340675192095,0.212901812227557,0.0230894600030918,0.134395218410609,0.310326027847017,0.33882948311785,0.0557630043596279,0.355996905713873,0.396688868641416,0.803490139733845,0.529217918116383,0.0600227889646243,0.166110524459011,0.22963853366642,0.0929125475324489,0.326619712541322,0.126044857023658,0.281408890992183,0.172025938758681,0.399023478193097,0.141005593500362,0.604881506012823,0.193640231206086,0.142888374761242,0.399778564061471,0.26509788679678,0.733515711670131,0.188789098317137,0.634882915328478,0.763380408243183,0.256089247845727,0.203524543178983,0.332384165289794,0.52576139886255,0.562171682018612,0.321713516306072,0.658781016928206,0.265161550591814,0.162361764492098,0.100119300726857
0.460934262616437,0.480779967939221,0.597871105183708,0.0723525881518072,0.304232249674278,0.338829030472036,0.989244053642159,0.076552035634999,0.6153238674688,0.98432838483061,0.544533571581193,0.908362478061946,0.234374382922141,0.274706023675705,0.580863744344816,0.279613877919641,0.609819372814261,0.977003017685808,0.972080164235388,0.0863920113832502,0.098533938327267,0.469703455227292,0.028035715736445,0.16260355493532,0.453112599597779,0.148078944148693,0.0314073936991551,0.401073991013369,0.631295608007292,0.968607354290627,0.520677539052517,0.540629894618744,0.226269846232098,0.236962943228648,0.0292990862158629,0.52994258859661,0.266606234949522,0.237673805922819,0.401435647179917,0.512098766292302,0.1868464505142,0.648017602000258,0.0885653534664768,0.470272323119103,0.245107105871741,0.041753571357922,0.559905643542872,0.178145311486306,0.503438620803897,0.585010812443049,0.162809617061358,0.138122005687227,0.133591268875074,0.648357862523411,0.431922689877816,0.37230481544698,0.6756623807202,0.131556622934843,0.0947693856668009,0.0247644511076561
0.0269669860624297,0.0645679225132876,0.2737531065493,0.0266546807246126,0.293077623008451,0.333904772509731,0.960125622225755,0.157767450235443,0.147835716986979,0.936295548697079,0.426302050285196,0.863435252478654,0.156776524614687,0.229411352378164,0.334702882354463,0.440978401218956,0.548864147358196,0.688484854696068,0.586854824148708,0.0694844399793488,0.0397178706252892,0.29290751507408,0.0140841631952905,0.0670995734396725,0.349582950549588,0.672368890389549,0.0062715679591107,0.308371962213975,0.0601946599936371,0.952968019744666,0.509167643485156,0.250559223345657,0.159763435559046,0.144819565273425,0.0438087938896251,0.308802069674882,0.186652271553825,0.0546209071194253,0.214782833165727,0.486514657963883,0.116790701122153,0.619041068481162,0.0435603915214412,0.0647415004483041,0.19821197633353,0.154830176863089,0.751529583971374,0.137790958457761,0.461109145340895,0.442616545393116,0.101123918873841,0.18270437051553,0.226844016210261,0.347227065028524,0.0853484410855124,0.216947385547752,0.607270489464045,0.422344744270339,0.271487293957517,0.0576648849236527
0.334774376911771,0.0835270416970821,0.610649079073576,0.214680445540188,0.306496710660319,0.401458284003601,0.958788287853631,0.259392333147132,0.260184738392661,0.969978651884912,0.806154794081047,0.808821225125684,0.390789439077794,0.33142111841791,0.500318790471234,0.568376624184079,0.961918744675257,0.830080568170416,0.915770123577894,0.0659444439515837,0.0947392790632452,0.612463951491097,0.0156118201236955,0.135021705473739,0.480743900734191,0.782859629211204,0.0264670199729788,0.519042071582805,0.0944687329869211,0.929999757143166,0.518992550284864,0.198663065322064,0.201349268056443,0.271731295087141,0.0222598613482622,0.204678860472769,0.257668353383259,0.42771831800012,0.268549204700324,0.69217103513872,0.130766032233355,0.733348950762733,0.139277041157638,0.361561760643683,0.227565376883967,0.0651782571731821,0.963825465606643,0.394625543118784,0.74246596527537,0.630943233200961,0.103943341976312,0.319209908463189,0.346061180443802,0.887995305815419,0.338514605305533,0.354944787280618,0.652533029186555,0.15784311458086,0.153272880454648,0.333727383793861
0.152440279991217,0.0536347611684587,0.373964735113383,0.116792048250043,0.281271717178552,0.352638136894493,0.934731285535301,0.255392273794223,0.147231062946138,0.937213164469401,0.632180357490944,0.860976253500279,0.489470821037287,0.211856041985546,0.350130089441489,0.420051356811158,0.859742357140179,0.906404940922082,0.960991970309423,0.0431969016249323,0.0413545160618354,0.264461589483168,0.0113909266751998,0.242303968689492,0.445152674553896,0.315047291652075,0.0133150272549447,0.112784807398052,0.140364951232373,0.964371433988337,0.39806635574713,0.194718367448222,0.0705431049343859,0.1080614684217,0.0849581392045386,0.199270768991543,0.356339198673413,0.145789470552148,0.268007577487153,0.46424018443638,0.0512867992895875,0.658657149756559,0.0411172454791132,0.0831976410061677,0.450210687509956,0.143117394018667,0.806501357880856,0.179379997766884,0.513650967451722,0.666801606572379,0.161217180594207,0.0891872437443089,0.294913487915447,0.618424375295701,0.470453517956519,0.195303791262906,0.523633977280523,0.176620175254981,0.135093687659556,0.0892350839516138
0.0433009312862741,0.0732227098150704,0.422452378170147,0.0632485272750736,0.282321421653408,0.357392930510638,0.97461220589626,0.107148192678512,0.37361389566415,0.963537651474428,0.453977338497887,0.909793905052272,0.247641483914028,0.388625234902021,0.300789430787654,0.27864336112747,0.501671834309505,0.671286910047178,0.934119938135579,0.100366491513204,0.0555576735705646,0.367511230553487,0.0095849781317933,0.0458132621196571,0.411519729024353,0.497852708833683,0.0119170288415989,0.292243432427086,0.0417120744361954,0.976177453831976,0.594811501993167,0.142069079529877,0.206426629992355,0.200214966379813,0.0295986798876577,0.113007162677988,0.0794408814858819,0.0244143574127888,0.235560661702486,0.422343000962774,0.0994425266696947,0.766826977011166,0.0750789654796336,0.354685497201898,0.299461808543933,0.0218811232195163,0.95959154374757,0.175159245012492,0.457277173889141,0.589296301588136,0.301720012793579,0.196438038792838,0.233569403223057,0.750222757667185,0.29563208832033,0.305608672179604,0.653451190550431,0.226456265950216,0.188118016521011,0.147645292697023
0.0392872333533127,0.0641552946307273,0.343695339399446,0.315833025639258,0.300135877574761,0.55397541351995,0.386506762789943,0.125070815788144,0.12844451226707,0.899663323084719,0.189772160537017,0.201908454378483,0.257704934961434,0.255732155112414,0.0040990421604166,0.290357850598541,0.0,0.701207537490961,0.734304118218992,0.0311502277033585,0.0389623440079922,0.525621497216257,0.0655467267423517,0.0826371060484995,0.395696504709347,0.151615112143735,0.0201263306606503,0.393482941799477,0.09361316880714,0.214709666205808,0.254211752018796,0.0120142945683026,0.223210900139258,0.130905115132165,0.0464970255200766,0.103323680233538,0.277251450066434,0.015840535102389,0.258633143430219,0.201325477779085,0.124149014570768,0.281936830882031,0.195141792844772,0.0138884551761882,0.201445997248662,0.0991821777743662,0.652140554967261,0.0352751347571885,0.461943143086887,0.318620912626374,0.0705992339634844,0.114079873863968,0.1664587706441,0.107001608680202,0.0303550096508685,0.0834783631125265,0.485775428690991,0.362922703763653,0.209134786027487,0.0225788078424464
0.332213822298471,0.149763604881093,0.41803346192938,0.190924175755817,0.307137122630835,0.195829178958934,0.935718847516277,0.0988975461247057,0.549043736264207,0.986581482549505,0.42309750224178,0.919837190422986,0.211665387395069,0.283017809825404,0.321842079335522,0.315677292373612,0.868100903886866,0.730246108646087,0.542957115881644,0.111514906935827,0.147397476407674,0.614721959701358,0.0233111461661582,0.108344672642063,0.363294171576347,0.426798966098132,0.0548904115825212,0.308730215852422,0.284547111009381,0.853172967692877,0.377589874447244,0.0662956211800973,0.377477466383337,0.256984619337247,0.110291075668895,0.267446789504252,0.329394184934203,0.354054222128068,0.241199187891945,0.408342486066119,0.159052951459408,0.613390027679998,0.206434998571149,0.16301909735668,0.541774276385571,0.318718392642154,0.689059248800018,0.133824026692807,0.524037116208427,0.634363748956669,0.342075593175588,0.196760861068249,0.298642702752653,0.488155068356516,0.535446972035459,0.356591759892728,0.61399077339815,0.593940816804775,0.158735717794514,0.115480983079349
0.354007113198265,0.0750477020099063,0.632380987540786,0.185651956500333,0.303516153398065,0.771727976121426,0.969512636260359,0.147501659719476,0.301447170385053,0.972156154339207,0.419556667561516,0.857594056793492,0.290778996811233,0.323881755920079,0.364402623891519,0.452558931638383,0.757597238993344,0.70993131407054,0.811181750742329,0.0718390400828306,0.0866280482613386,0.329490741336826,0.0206443811551253,0.136321260191968,0.41718633777764,0.256411161561123,0.0206486213499602,0.384982295587006,0.234125686589202,0.929280773768724,0.193181549458679,0.21103270635628,0.157138997260142,0.189446765774647,0.0491731197282757,0.281223436839798,0.463629783316157,0.22068490241748,0.282886533864087,0.433577470536925,0.143063408855649,0.5619543048179,0.128999848378446,0.131680788485337,0.388994182411491,0.119707468141384,0.829569958959023,0.144420058669413,0.517555502192003,0.646132693453505,0.251976242230002,0.194687423182009,0.529341600765183,0.645849552971095,0.305553368109105,0.278724743605548,0.484025460853369,0.342895892973426,0.199734768563446,0.156449641800124
0.708710683522969,0.0816878811279419,0.506584720854747,0.394056111692455,0.314577236993234,0.214726107518578,0.968429188999764,0.10045482834185,0.393993341299246,0.977789684972592,0.786847767352961,0.877583114266238,0.418546669334217,0.339330200040314,0.678066597729859,0.220778567618318,0.758368241513647,0.870370244761481,0.557407514014873,0.0997633926852006,0.064744516160695,0.364535563425483,0.009836375547853,0.032363488072351,0.175721495644697,0.0198112314023415,0.0133030704242986,0.324024713082229,0.229343551296484,0.817346414238975,0.591872680813295,0.188333334431299,0.180770867527479,0.186263542176414,0.0350256821373574,0.0,0.335945409428698,0.0967499080900132,0.267397576455479,0.34713866326671,0.225905032056084,0.722683154648591,0.167656287582057,0.464370866163886,0.269587118670031,0.103483892537302,0.994186440564821,0.246740735083336,0.619332457906668,0.443779473963266,0.216548895796634,0.425157393749926,0.61805273486687,0.73662267888374,0.186039874991009,0.248514384710092,0.665637719451271,0.265523754691801,0.111721397471951,0.0157667573083117
0.173166557019692,0.0848981592442218,0.484336049010089,0.0988579369106047,0.307452899708506,0.269012737698661,0.990603445855352,0.114920466091853,0.281235490565694,0.982630351992442,0.439694674151752,0.906817304481931,0.499881163298983,0.237272671536631,0.319423212634234,0.380653835763741,0.967412047254131,0.948520265389684,0.906836241714365,0.0699647402755502,0.0794760892813374,0.39207113947265,0.0155219767326922,0.175151856312665,0.503883377301393,0.291632893799422,0.0272820677713006,0.351988827942517,0.570675781975771,0.949231024535577,0.495230879070629,0.120231489344492,0.165248853818704,0.21228331369879,0.0431709485992438,0.196099095074682,0.233959185825747,0.0676198073116861,0.291167948167556,0.42275688276728,0.108844370191124,0.525417844602023,0.09589182182593,0.0665002646449176,0.425639235035126,0.0778966235329643,0.868846865207444,0.214490283990622,0.553934771396152,0.715866136016101,0.318728423538648,0.129925422675134,0.294105265419174,0.715638268126773,0.461411459200731,0.385369688037361,0.639774288181098,0.290238816628777,0.216177744591184,0.0694373703301768
0.239214197926149,0.0493017681962968,0.394582124105311,0.153181156293346,0.273500912525524,0.4937487790524,0.959397295496643,0.170635602507899,0.160756450151417,0.972768712155333,0.399153898322217,0.599038361970105,0.336343900320986,0.210362143064244,0.460722993387013,0.461390130333081,0.878824866679375,0.808988663265189,0.961957249772944,0.0884890720086275,0.134396977634184,0.364800789272974,0.0373806142038564,0.0799233141414942,0.411589664706389,0.430783549915001,0.0377192795403689,0.192719203068076,0.167177517419097,0.812577544233939,0.494214451732464,0.228947296340585,0.143842707252286,0.172866706577214,0.0963864645736187,0.331990230326813,0.204898506939149,0.384393889516793,0.222139343656415,0.459724231214666,0.0711210340351719,0.670713142645499,0.1018100214697,0.150555457764756,0.324991237986352,0.219132201391367,0.662458834941115,0.197934937109314,0.499537591559864,0.564787680830937,0.175527443821789,0.152142434744264,0.253582218202556,0.519597116410003,0.309483045343597,0.185870489016673,0.64518225991421,0.377494187398889,0.21744459463838,0.12330379560102
0.670321693202514,0.0833111212897138,0.387481361461987,0.225041865191123,0.310828925657714,0.264256612732903,0.973913670840433,0.0535607921850771,0.306734666866192,0.988812022938872,0.481492653063766,0.907994691260269,0.336579902169521,0.253287635367521,0.409155541400197,0.351062539178887,0.905147217013699,0.78226586434534,0.934805655718802,0.108083595623351,0.233767237968965,0.361315132435638,0.027022835687025,0.155936651696718,0.370900188181045,0.283168598677682,0.0388054005260331,0.362608086977522,0.455974044880118,0.848798445411499,0.571069135077959,0.290317078477459,0.215165184991195,0.275754992316122,0.101590658897352,0.312740736686865,0.110327999361471,0.347614130092098,0.201473863672123,0.525600263777659,0.12845345333348,0.729706037678443,0.18532184472778,0.254103263395133,0.326360113106078,0.22410886751687,0.798521055282353,0.150166450647706,0.674330860112177,0.696367000316906,0.196986391986935,0.217637194954272,0.36912387602558,0.574998739545072,0.524974408915503,0.317535279449613,0.627784048363454,0.373296217893385,0.149715043802306,0.187588418898003
0.217302462745372,0.135764196672791,0.633597659937088,0.119378886407913,0.305584893726275,0.343609511736701,0.978199540101242,0.102238220966756,0.212061363720742,0.962778104377735,0.477906517626798,0.895230269151128,0.465868966836487,0.282628310229936,0.395567068492206,0.463728293649088,0.842868674300492,0.933273088377079,0.915964722656186,0.132395291217129,0.265005033942177,0.915485285525312,0.0162528434936352,0.197669206931121,0.457887776083145,0.364301207486579,0.0278735425630022,0.497774763779333,0.176558001522167,0.97244145234328,0.583812904733747,0.183122757987352,0.216710812293246,0.315716064376359,0.0757153537111983,0.185312851998131,0.308463624957735,0.155568943963949,0.338466887893113,0.48124913057354,0.143768998796768,0.645482457717294,0.169417897576126,0.193717059111121,0.319111403568019,0.0743372302898474,0.882981841782127,0.178794179963298,0.617082559649746,0.737547333823894,0.0973091059486872,0.141562170917771,0.247164158900222,0.889149280376937,0.592336832422206,0.418134037844479,0.678911706623421,0.363578834920204,0.222601984464822,0.138084796151108
0.0774040150555887,0.0627989449573336,0.469223550496328,0.0257138929830176,0.287832227846926,0.367349755668697,0.945466156381161,0.135544689089473,0.154362802195629,0.976521218091887,0.368338019404555,0.917215646768165,0.205250561256897,0.267513637144047,0.294877595594311,0.412632831290471,0.620242474188394,0.831713480124693,0.850920733368984,0.0246882678357661,0.0383113264763412,0.176316720823231,0.0179117837110579,0.0750957933181639,0.436544156795565,0.369300198174678,0.0144222234996165,0.321617536660844,0.303467546184261,0.981094859338444,0.398965635482488,0.177074102278662,0.168448552665516,0.13219178600318,0.0487992945503185,0.0742000898259566,0.469082602633207,0.0415004810293329,0.286751422345961,0.446077086959471,0.0985094207340175,0.540181777170208,0.0339681913552237,0.0444122794309026,0.328407834343357,0.0922540553069023,0.539297141551732,0.130745442317543,0.514675130951868,0.564716828142668,0.226418522638787,0.148624250671798,0.123526816507551,0.509716303699715,0.138691036619674,0.247724620587937,0.625048411589818,0.230144663606324,0.128124579274349,0.0825809860396038
0.22129294844506,0.115349730352167,0.496716045121482,0.0310329652948966,0.289269820885568,0.462046069970622,0.835664847755984,0.210153544226546,0.200522810623989,0.947659850424535,0.360185383742728,0.808915628529882,0.27353821678433,0.260172446400205,0.482596221495067,0.421366562137262,0.7979715016415,0.851057119311422,0.950509380786354,0.0604007990566706,0.123179310937997,0.459071920713692,0.0325951277092301,0.0955361388185815,0.474236112397421,0.310589484765176,0.0212553115125836,0.357462891084399,0.364211480714013,0.886671930864112,0.555011522092793,0.12272413365563,0.24380975606948,0.223166109552237,0.055264805605094,0.163829336787756,0.493974338407624,0.321541048523766,0.227500379812499,0.434959422407239,0.134426117838174,0.76515706445813,0.120886093782103,0.217692527129146,0.425869844747383,0.0784048913822092,0.748495995235404,0.200319668828854,0.569987302998807,0.648478143604049,0.298671032688004,0.0919694276125679,0.239064808525224,0.569276515907215,0.496776340605435,0.247533206034792,0.531018215438493,0.323837173350236,0.207335247898876,0.0223357454820752
0.201221440233305,0.157087911592111,0.936776281029435,0.0749414910813286,0.306727567227015,0.204303561133343,0.96602966141125,0.14122793162784,0.301799896314063,0.948865888805219,0.442098507072978,0.903167974095144,0.49597703540562,0.504204822714126,0.305633042875002,0.294131980039291,0.954135843685431,0.947567241879827,0.846839863831759,0.152423624583673,0.102798835343756,0.822369706175667,0.0205531095797404,0.165899946587721,0.48182115665792,0.107064263365017,0.0288333099849165,0.445471348362724,0.268540889596476,0.948391583567364,0.398199745810693,0.183355895300763,0.409815244865367,0.435487093195683,0.0552147166885119,0.2392491649219,0.517627293753411,0.251664934871722,0.330977963979519,0.34103363535488,0.168995433074625,0.579478191371563,0.120259326527113,0.12978767779301,0.589009720505686,0.0913477879595965,0.723132834136369,0.259981403357022,0.490414261768733,0.737374917117051,0.473036908637187,0.1853998481468,0.256477185375802,0.842848918720597,0.535972552636803,0.367032782593325,0.630818777852358,0.303730901473363,0.1710026411214,0.0924292376609532
0.423938941868265,0.0826555745560242,0.516780816673035,0.258521248094185,0.309878142434375,0.394287423831747,0.952109845348559,0.0907061295795824,0.344718933277864,0.981603288469756,0.380307771471134,0.815525304952556,0.38593448885093,0.309855695760664,0.363121007923223,0.443523149769471,0.861551816700015,0.802199598857683,0.93442047287767,0.19282863477558,0.149485149429813,0.520611749001059,0.0697666222369012,0.170652010271857,0.3626396428135,0.267351951914891,0.0524288432070817,0.317384443213236,0.278832781347993,0.849381251350692,0.375562133913134,0.285755217214637,0.191207532214091,0.172502782312227,0.109470129191265,0.325746697294723,0.281876003210085,0.456784950549787,0.262039140762125,0.426356609723218,0.112774757469907,0.679198095512317,0.15400907052427,0.173319541351022,0.253415306540551,0.234237153250228,0.7075548101424,0.152919870599574,0.552527706410886,0.673461494315133,0.0685537163563126,0.198551562037048,0.321603444317783,0.578022191767714,0.508538134956916,0.407570103081734,0.674824541196898,0.322363991056048,0.105049672571618,0.0636796095966251
0.121406181117093,0.0479843624206035,0.32014892310614,0.129158547880451,0.283958384303855,0.573699355382312,0.956070690412265,0.169468159850877,0.210547160338146,0.933788104821883,0.44515016720972,0.838194557065906,0.327252275004364,0.173877318983422,0.306608765628467,0.513231408147523,0.869401408006327,0.82141737168239,0.863127341641139,0.0775778831936487,0.0464162162934408,0.395419739076586,0.0105717153727673,0.219126135599237,0.403479659447366,0.27889366459757,0.0177485627381284,0.203892461568596,0.0640857427126378,0.947016232824814,0.524562295296565,0.184412952463457,0.237543935232759,0.126763853153552,0.0622167699258354,0.379899327855989,0.347158858511959,0.0696355323377644,0.247863437711192,0.474601698771572,0.115737670514335,0.602861824263391,0.0444712599923985,0.215379387817122,0.204818445586059,0.086695292332576,0.771574529444217,0.157421622547527,0.537130325960044,0.61427044890014,0.0624591063717058,0.118248207946043,0.238045135676677,0.645688093610016,0.346525056286718,0.284567861876548,0.573349369029089,0.158573995618976,0.266631865514899,0.117973165298462
0.26819678865918,0.0368662033981268,0.292162406538746,0.0909130107468259,0.301165966565166,0.431470642326516,0.926176405666999,0.175938632511934,0.0787508230603883,0.971792655416922,0.49872959653128,0.852901872516982,0.337549137149288,0.18275629497445,0.350590046677364,0.435856601128814,0.880723716604717,0.817897874577625,0.990914685114171,0.0277270680447106,0.0,0.291963027446713,0.0063466542441897,0.0703282231694459,0.448251732731393,0.390151524212323,0.0023855442014382,0.156239990900066,0.344303701576726,0.914769490002096,0.174813645076498,0.0329751874022902,0.0972430436724249,0.0288538297095601,0.0505827718753123,0.143326247593896,0.500710765131382,0.283975675424023,0.306089380335696,0.751178165350364,0.0571452292692521,0.611873370874076,0.06107246615663,0.0719606142500415,0.281021066668319,0.0696241648065575,0.826391908664209,0.148864554888778,0.514007809067968,0.651757678135031,0.046739457481913,0.0005777006571393,0.235211185096492,0.634481828697443,0.0882980577441567,0.177298122354425,0.654550492785363,0.213822935527181,0.194940749410477,0.0264602853593597
0.190528749393612,0.0781163996781028,0.543121829225015,0.100341020788125,0.293695933773153,0.367050020398745,0.963343174584233,0.127576805868938,0.31571227206305,0.946122279357056,0.450221450088737,0.846215018007301,0.564395553185356,0.245045668005221,0.436810727483308,0.47368781173267,0.693154113755403,0.761130836555785,0.929858333963963,0.113878424805883,0.0945766499981757,0.279940821887248,0.0187019834305337,0.0907909758810955,0.382954914712356,0.3216334093269,0.0236754798430504,0.312744331615047,0.394662522348069,0.88181484374648,0.150757901670526,0.193320042777109,0.177857355981949,0.191065158163588,0.167671712419039,0.270983170586775,0.362616302226961,0.123842339072045,0.311526532849579,0.598099743303559,0.118371680127547,0.752674737786545,0.0568002309441362,0.188592786582068,0.23002992083287,0.163957747865697,0.82699485264241,0.28218126752484,0.526492544857681,0.624063613924054,0.241284651306324,0.158331581621802,0.314204779640346,0.723954189343155,0.357991658354831,0.309428231305556,0.64819661516503,0.332196333159298,0.270418434154749,0.264138721788706
0.110951426221346,0.124229522709535,0.68391447319271,0.150443798036682,0.313670396095611,0.28906694982829,0.988031760035607,0.207158457586229,0.325080556066204,0.965572161233407,0.598542262660875,0.879095383394339,0.636545308021342,0.293002911173311,0.357611353700178,0.483501012878019,0.836032038365868,0.946588188600727,0.793816206709324,0.151020911657668,0.0745225904482494,0.661950720221175,0.0139773437144665,0.268366927390637,0.489639523177321,0.062135152384778,0.0258174535742876,0.425721903631385,0.801112365290313,0.85175493007514,0.414003623827986,0.15471041753282,0.385978191153986,0.398263497094931,0.0359516245108909,0.223281862807532,0.613284134315707,0.0888561738512584,0.300634467066229,0.539933960108037,0.165102573865755,0.552108639278801,0.0772401728115374,0.316203953427863,0.461404717653176,0.069953492216447,0.974316434393471,0.239321962315287,0.631934043625524,0.762174268071516,0.616819879890284,0.217337705596338,0.478833938687722,0.796777471193092,0.178060829623279,0.41009832668624,0.623203945889192,0.372916795175752,0.127997877563865,0.115189803071954
0.216093397103089,0.102680387554102,0.594855557324094,0.175318593781589,0.299599496788901,0.433272506063812,0.950685216067048,0.146897965701735,0.354989119649123,0.988936627122596,0.58324995707847,0.794611679129506,0.424230047490666,0.458942542740847,0.384799654329266,0.3834695625427,0.934848453915198,1.0,0.668908413388193,0.0993374536974,0.112575911761533,0.758561524664548,0.103118373253908,0.161281653762984,0.304054082429085,0.942017150203324,0.0384051531962756,0.485629546088595,0.0266705265838897,0.878911344386411,0.560071697464684,0.312787272964891,0.34039714085596,0.243347153018892,0.0358873338393276,0.226764650016351,0.289191020583251,0.0418123908934176,0.315956569912934,0.310324490105284,0.173799624030809,0.68711645202682,0.0922635056752482,0.22104461982577,0.417281968194053,0.0866499897474581,0.263032311802099,0.121136671129261,0.375818641373381,0.711163100876813,0.253546733529782,0.18978343635957,0.0452587435608701,0.894483023828337,0.374650413270629,0.689546853869095,0.695313818323989,0.25775590158385,0.224527185373083,0.052639818668801
0.0506094577242719,0.698042707392246,0.785481018895303,0.259635318612777,0.28109129228515,0.50794541250796,0.967931930134539,0.176777323137329,0.255065433640612,0.955133209871124,0.511286863933911,0.0812336127070299,0.240012347089624,0.356624709586268,0.15959517122974,0.156317259043141,0.922291679703993,0.459961902568555,0.526736638925963,0.0761693001917892,0.0783008908013268,0.671282017765822,0.043487555375343,0.17775980131861,0.282568109381054,0.19461627414315,0.0920843151603719,0.374899963889063,0.0304829338426618,0.937783210057515,0.435087182384262,0.0146130894030505,0.312474954878158,0.435398102657153,0.0369925878433244,0.233540759307235,0.349635218792438,0.0095900830123113,0.333112932544663,0.332352680253874,0.215592013379392,0.629355025750898,0.103937158391652,0.0064174227852483,0.324089222654868,0.074875606606036,0.89307684398101,0.113685785646873,0.534223226644045,0.340610333439866,0.185295913426372,0.11298005599522,0.0539986352541659,0.836510359892502,0.432117439064644,0.496442066337864,0.681727343563157,0.376265481606737,0.0326360794863045,0.15201936748252
0.0364375977548996,0.103906051292751,0.61450145743,0.363149919279823,0.337908409349076,0.33448565353924,0.876553870705677,0.178858923931979,0.489920349121638,0.799014735207057,0.514594732505031,0.746170624814917,0.263106356521336,0.368032270278412,0.149677892660927,0.33415056717453,0.967177642960297,0.487655741485489,0.441521463080962,0.087949852845424,0.0830752067527958,0.674904460242831,0.0322513068289643,0.156459711140934,0.212319524005788,0.243506292708236,0.0179369442014027,0.284882657373276,0.0390951954708624,0.923616195775195,0.0980637341626802,0.0228402840024849,0.269163166994979,0.254766211931197,0.0091903294668705,0.132562575722119,0.280401516868811,0.0467948356773369,0.217849600755743,0.208169227136442,0.132060518650997,0.761273190204986,0.0397932106568342,0.0165808903506111,0.372229641991439,0.0141662139749426,0.207811527316804,0.090305806721848,0.469217304127915,0.64511574476998,0.279879023354185,0.430113065814391,0.0308269622621187,0.359418897902452,0.13625976706011,0.395838558595696,0.673074273696063,0.157340826822139,0.293464361623085,0.0106274018034803
0.140696991585773,0.0999016732629333,0.443140373242097,0.49376718242982,0.244146730673872,0.287164555534809,0.855842231291644,0.267150656142953,0.270946466252518,0.72969552770281,0.398516597166772,0.850689071371959,0.427706699789752,0.341127468830185,0.0989991068262882,0.325355585278318,0.954000089143553,0.840953286342841,0.511755983489166,0.124534859336839,0.108310340678045,0.691383142581252,0.0532866098915708,0.220160387939986,0.27980814896944,0.249006188433151,0.0340619173158723,0.360427215822086,0.208701453796426,0.94244138368955,0.571124596843209,0.0279131668588327,0.211881496454285,0.210297214271413,0.0357150317294413,0.327915304198878,0.270208435399475,0.0789988280340373,0.383023705524002,0.316052497484562,0.15662430394605,0.5117934221472,0.101894260996607,0.121254695853546,0.324045852209958,0.0545952720743165,0.466638813916704,0.112570520825854,0.303961624377345,0.513529783485743,0.205143575745758,0.169914601478459,0.186677265158752,0.729036926927727,0.50640779556029,0.308865633044571,0.656710870454231,0.206580231525461,0.118957919455936,0.0606435591935199
0.141396372248865,0.0994410258591848,0.510657883953537,0.353130089686247,0.299555253620772,0.38062269561999,0.908515213597025,0.209489466933859,0.258853356806859,0.914147134905066,0.397594065565361,0.865733139521988,0.319568478156454,0.433263465099923,0.226469298729651,0.373741873877749,0.95779442108221,0.635955304206253,0.532091903403656,0.102250691958494,0.178610226471198,0.567324020697243,0.0557307369371666,0.249210273460817,0.0535781908091362,0.6539286354348,0.0199937212957633,0.552655945461885,0.0634455682496659,0.949967333924383,0.578278715686625,0.0275866614883709,0.321592040765548,0.278871058299669,0.030879739226877,0.316827771807805,0.267093338473543,0.414019143737454,0.30938702950961,0.261743489419471,0.191326204457103,0.701420325217338,0.06295085931793,0.0895717283844169,0.332624390912883,0.06684229659866,0.520740933678372,0.0797152340619144,0.585345178570552,0.52955117379359,0.406259067927781,0.466862415268634,0.125089501767806,0.900236502362553,0.515091107900571,0.33246686243086,0.684113673170185,0.221839385464803,0.144581195365237,0.231499259048884
0.0706036241328757,0.0882285601061183,0.554421459424156,0.176958872642693,0.292355424458263,0.39629908162733,0.976976891949015,0.119355107014949,0.212981097565797,0.982981892191069,0.70547488525638,0.796422500901984,0.580266421863335,0.31638132597291,0.195270039630691,0.367350365381179,0.930769398570496,0.106189052885662,0.12041371041081,0.151189688994981,0.354235032182012,0.724345232735436,0.68574196962199,0.298774373246837,0.0348215938979276,0.613611051644871,0.050693543245592,0.396263828164465,0.0723936444012771,0.932957956366273,0.349763788871142,0.0239559079984596,0.188675952038606,0.261902757644735,0.0159362177308774,0.312210213205325,0.245754970045833,0.0598171343647182,0.344061790869019,0.0585174569643554,0.141147924421123,0.664919654998901,0.104862525205014,0.120377493274214,0.28024239254805,0.0349435201968275,0.513558403208755,0.0655687034538164,0.571798104454414,0.52315971682351,0.554421797058272,0.147307344252294,0.150575666909871,0.855502778687232,0.36708915876573,0.353332288267848,0.66647355966195,0.336393236527983,0.256090701341398,0.241468189361129
0.250261314820369,0.0964681512815434,0.624900556451238,0.175707649971856,0.297965818482925,0.241730838548333,0.912135599409575,0.21417955019783,0.340096192192612,0.981627305052394,0.501927672019808,0.881326042762807,0.568852618866994,0.400060135776516,0.281704232465729,0.332352957379727,0.964216566709447,0.659801571481242,0.642677612405458,0.124592182632879,0.143893583433429,0.593254684390319,0.0410191273696216,0.114211647370206,0.115334218277439,0.451074471510382,0.0945055567388114,0.39918614673032,0.342228304002035,0.776145768173979,0.401344365392252,0.206152843633083,0.254390001041555,0.294773710067171,0.0731098415109901,0.27340581999638,0.309473310719775,0.110200182253193,0.364929347810591,0.254228737021924,0.183125150072584,0.589566948697076,0.231829100798202,0.140283322724197,0.416678516839285,0.234343493818099,0.343440007835792,0.145628738927239,0.560735308749118,0.709078287551231,0.321076438864006,0.186720895877627,0.268636451542458,0.655917750088178,0.658068717782543,0.415420675722333,0.565896641846623,0.292614827953574,0.109771260558815,0.0501283196648954
0.162954907801128,0.15412547458982,0.511916298160311,0.237766546823297,0.289105775101035,0.553447080162666,0.789684219339193,0.185918645384584,0.268060137307798,0.986161355030574,0.494883503934703,0.766275553820368,0.328195464401445,0.626161701260137,0.215757557693365,0.324443231368049,0.90332056792424,0.554498601793919,0.50892262151523,0.122859487830872,0.134539985704404,0.959511738384308,0.084826827670841,0.156925327131204,0.310634724716125,0.57812980344153,0.028176773689437,0.426536013703893,0.100935996000687,0.926380978911009,0.592350521011647,0.0282225231290827,0.27731756545419,0.274740089454542,0.0496886062776343,0.181403370717081,0.4090248229139,0.106462110821077,0.361619393051404,0.260196625487661,0.172181362126233,0.746141477094867,0.112247059063172,0.386803307672172,0.275616641656201,0.140307589150757,0.220138923291638,0.142001389109354,0.488982948273806,0.356845237851243,0.248238787805944,0.167074879246576,0.346869212251802,0.877832303354271,0.542468956477642,0.510761988647976,0.641411351338135,0.467254837146079,0.0296490071302361,0.164719501394626
0.159316019591229,0.145974216210526,0.639188000924698,0.251868971371633,0.267106347201789,0.447258706847916,0.862838539670642,0.199442817053781,0.344993681325426,0.533547585408824,0.159609837927073,0.678198691189074,0.388033066815991,0.531336544008273,0.124177959363802,0.212696796963017,0.396675937022123,0.569811199936591,0.278112010028856,0.129680190314296,0.115443508439446,0.675430214578834,0.0162744655543437,0.265667537951433,0.0810080965064202,0.169787678103498,0.022107716120179,0.482745250513959,0.234044608276186,0.315991556437354,0.203089419869907,0.157235555929401,0.450774632237489,0.268183563000974,0.037095308043269,0.0983115854475651,0.568886552514915,0.0551481592122012,0.311261997571366,0.117767877904338,0.167748531528791,0.298314921814836,0.10280885018977,0.0311877779683736,0.411593751690075,0.0398477738170623,0.577866294445136,0.0771685806087302,0.591027827854623,0.293476496139498,0.476436514185481,0.323523207591073,0.114513173342935,0.374500979418831,0.209853313673059,0.218203628297912,0.610402756418296,0.214476058938624,0.0252469198761789,0.588806398057809
0.0995314855479877,0.121608096008504,0.873802291294592,0.456388200222006,0.305927612134784,0.692747533866024,0.897096801846724,0.206795119747006,0.32494540455427,0.950665677913802,0.381118152097787,0.751643940801736,0.740426237210417,0.490585909561234,0.0938236042534865,0.339671281555168,0.880242694648672,0.601127430830782,0.510076294504617,0.0871630086038379,0.139487317853304,0.74256516550327,0.558589627679242,0.349970826278603,0.173982625670786,0.198415278983539,0.0220158976222249,0.415863280272937,0.0707103740487153,0.79404024914505,0.566004107394993,0.0315950000355551,0.26530335846061,0.380962016562169,0.044481619402444,0.521544457483182,0.363179413889881,0.742068749146679,0.365332383165468,0.213981101730344,0.202962425745629,0.627632433972656,0.314327978161907,0.101208873927665,0.250797046643446,0.0767083658894955,0.429364903840064,0.109622329393049,0.423301176784111,0.417548301345041,0.140844018708273,0.177767670032678,0.131645871147664,0.868222915340387,0.235467270440087,0.359209119438273,0.686333543440975,0.277253230987525,0.350400970442331,0.0417402108055384
0.0511601639590163,0.113389523653798,0.653684725206186,0.339292032601282,0.31860026343416,0.323849782245334,0.786623435231071,0.104525209146616,0.733949715167758,0.974647267721003,0.186246711095301,0.854645291244841,0.565566230581859,0.589288261587866,0.177900633321417,0.295519543668107,0.746081562259872,0.0416073674257308,0.519620276785592,0.128321365424299,0.10195982273965,0.63422171891661,0.272819892770469,0.498170134904867,0.232681842837079,0.0770054867229504,0.193362087206907,0.564618839109694,0.0851818939140281,0.615883265501097,1.0,0.033532759895246,0.296756000234564,0.250462933623706,0.0123614411900194,0.606865460455424,0.197987443123469,0.212466462317893,0.373085181401645,0.343221913574539,0.189172342233733,0.694875112113959,0.0626488645135957,0.0441487112445133,0.412227372683106,0.0384307132685231,0.490669286640341,0.0512848407327595,0.470714705791627,0.913452166197915,0.323578542828977,0.868179087639525,0.0818709311342485,0.9403959494905,0.486816104375345,0.398069807826392,0.733870869999099,0.236885000420542,0.0731991105066164,0.0838879973870604
0.160512402741,0.129390790389716,0.552570593513294,0.273434652103864,0.281255154314725,0.442408263403299,0.942716536783609,0.112308634828189,0.243218000519053,0.975216088892455,0.509311777531944,0.852880267786924,0.332634066611312,0.435517381697329,0.427645473942178,0.354841634991668,0.690849931626175,0.593510990503778,0.531942483782237,0.137267799104838,0.133958149495731,0.742319804696729,0.0269373860058972,0.213721781869033,0.210005399882967,0.187248453854408,0.0318704742637865,0.470174753319984,0.194116041589002,0.765044331295376,0.248293121038087,0.0264471808331343,0.279830017455734,0.366060213179769,0.0387530128099432,0.279935020693858,0.497833198364532,0.0645740106291721,0.354365606202003,0.267677278569279,0.151751164750763,0.553228537394418,0.099109241651498,0.113264397628993,0.47629440065675,0.123180048655019,0.717790862110035,0.151492682840741,0.594791045694216,0.582412881754664,0.257661368402383,0.178075152933784,0.183103387299656,0.681748197943769,0.443167043963241,0.50524307137288,0.646687146623145,0.333946500683646,0.155709479576918,0.06724515867079
0.120810562622981,0.380338510825821,0.20769745370001,0.32431151900383,0.305431533410357,0.151413820013579,0.879069676168366,0.109269993250903,0.136084561850435,0.956898441464977,0.451979773286308,0.925706354032055,0.104069397963294,0.235410455539387,0.163216299755833,0.312658727392243,0.993130828153682,0.579257990628758,0.624482584337643,0.08383377560368,0.0311460154611302,0.135054429945405,0.0348890013680564,0.188070872291542,0.395629924027676,0.242831971392982,0.0071091339128586,0.108892279762671,0.663374501057066,0.821752370986254,0.425666053179971,0.256506007844611,0.137399488182643,0.115535555562906,0.0,0.214922494416252,0.0342542334499593,0.171722082799826,0.0,0.466991277871559,0.0549818258511553,0.627582210479904,0.0382541065652754,0.136437804355399,0.065731292882539,0.0021091501951998,0.794128739387502,0.160757788824431,0.414257375468468,0.476617836629021,0.0883625051779712,0.509130474789068,0.129523810090053,0.424909991107991,0.22256885216724,0.131900299441386,0.650106959185977,0.0299149368169126,0.105626499892123,0.220031947978353
0.170041340700993,0.332465547704684,0.336549229433941,0.291361293170637,0.302789923497396,0.128496871162158,0.894592322283815,0.0985601405540756,0.209676370376217,0.954696111702838,0.459407534618664,0.841825411189963,0.0601401416003574,0.16211175943675,0.141438322493837,0.295949241072322,0.978756575852873,0.603811439019605,0.687306515771255,0.0599751119325359,0.0146236401182848,0.0557477217754542,0.0155714364411517,0.184288190421467,0.406897117758036,0.283227005479312,0.006468366944683,0.158601230145378,0.708115806697671,0.839843424168783,0.375264493780802,0.233132677591566,0.147564780135455,0.0820020932662713,0.0176435223207449,0.127064379045364,0.128666054638947,0.096054372155192,0.199068686709301,0.417294181373624,0.0819637655883139,0.584825472829882,0.040027386494638,0.088888617976165,0.229631303435467,0.0020241673905043,0.78160545123862,0.127481250088603,0.428109020071363,0.546660038362226,0.179485343629743,0.29251658041453,0.140928321344929,0.323419626153326,0.215205332729198,0.143917779380327,0.659121918049375,0.134197671136122,0.124318757098446,0.152957152937325
0.348263055809737,0.351334631660823,0.268738729104236,0.218230254505612,0.281220598318131,0.156067066908154,0.923606178307158,0.0456210879715302,0.218457258516213,0.964433301135141,0.496819043794577,0.923160274498539,0.0618967067667394,0.155282752225792,0.237164894874963,0.309871391506959,0.808022210237048,0.538390553972937,0.656070351209324,0.0598523919698869,0.061248403990514,0.0769891252702367,0.0228562269989843,0.128066643306623,0.414240762857318,0.255366212017132,0.0252438129706978,0.103237338197096,0.5562689447581,0.915647629575569,0.408857123533881,0.144908190920016,0.224191423871138,0.145023083243482,0.0339050424573617,0.197603892760192,0.0635318368424604,0.146048067986651,0.219297757350214,0.37686692465712,0.0981810121087994,0.640515447875807,0.177099395942932,0.111756021088416,0.25752559681722,0.0357283493174626,0.653964759434719,0.172133991004796,0.495148553077914,0.557561986958685,0.231617176827033,0.165795123187877,0.242371595343437,0.308476763375415,0.355443841078736,0.151937498950216,0.625781475551651,0.111764330710289,0.141627235778504,0.118260123769626
0.311660987707761,0.414518291979236,0.490774161657812,0.238597013165582,0.283021598495765,0.291293999891149,0.932433183641088,0.101428787297021,0.288312197131666,0.98319793789521,0.486345596531542,0.909536657764326,0.367054779246982,0.36445495111335,0.234768257030415,0.345750586220682,0.834492825329333,0.550504026311643,0.668242593815452,0.086425341149326,0.104331112345029,0.29855908824524,0.0371202035144296,0.156250935259526,0.418023095307314,0.36179938682737,0.0132123947605907,0.361520286496757,0.746577247447997,0.906951002287386,0.46587832421768,0.186644359528537,0.33852003905997,0.327631048984899,0.0520878998611785,0.169955263838102,0.152219528459029,0.167233998016464,0.259943302797203,0.37268254065885,0.122866605597927,0.618097466644565,0.123604783106087,0.129463328719624,0.416090635627199,0.0406262480846263,0.683830651959467,0.163506105759854,0.520747085858678,0.631756937377129,0.245529746664325,0.277950265976759,0.222855584497721,0.615696000595874,0.334047659720205,0.316992868842138,0.662510959829401,0.184616062678857,0.153377969891764,0.12049587744022
0.389456729959071,0.39811466066735,0.660218314239199,0.201059283132192,0.303996700022606,0.419936168048383,0.897176275374948,0.133161172694161,0.372238101386647,0.970015660011389,0.452034317649298,0.824871290553181,0.537813773623042,0.371838578801991,0.309632819514318,0.321380460695796,0.772658778669658,0.515727862219867,0.689399013322172,0.062141957608341,0.164902853366076,0.420596779462253,0.0263000897150611,0.121355559468898,0.435696814394054,0.272093462060883,0.0189441568426944,0.217160859078734,0.65098366023782,0.826279959935695,0.318828314358271,0.167355720128242,0.181733071661917,0.291841216273048,0.0919166279828758,0.146686401218583,0.230670064372163,0.190590061787803,0.266788559837698,0.427292077363955,0.110258630419147,0.575928763257124,0.129527257446738,0.131996203647491,0.45071542992168,0.0337939692738154,0.726742795573329,0.22674805019231,0.44508347759758,0.58069457552045,0.365596888890463,0.220213029457168,0.286374626374971,0.482761166797255,0.275297481366435,0.384575216088159,0.621711703946578,0.0924536343681355,0.155894425935954,0.168728827002442
0.267140823450122,0.383047395780058,0.488798036108786,0.272880968696269,0.299259614557433,0.227928583810169,0.884056571237779,0.105455734392083,0.347360496421421,0.954998964626328,0.481844550869803,0.890457521500643,0.405335839037332,0.330402451365626,0.206102773632329,0.327607549808256,0.857814769983795,0.523808496242694,0.630642009692029,0.119748811800382,0.0960634962555334,0.256386549124109,0.0364168479437154,0.167695286933897,0.411846125987135,0.362439606106861,0.0179409101415422,0.369427602517653,0.677045510318376,0.88765786205807,0.489662758135101,0.162402294382514,0.199873670832667,0.277645339754482,0.0419224187436317,0.179955243962165,0.109251570801831,0.195379796858569,0.296800224044324,0.361587266512879,0.135451072604115,0.671208853190365,0.11720355813271,0.123506799217268,0.362487660530717,0.0231520452213064,0.655756952566375,0.164878277977958,0.520231298435624,0.627559219206939,0.277179628796128,0.241206677898413,0.224683881491194,0.547541481624791,0.375407975522219,0.426058778346292,0.661067369637471,0.185888465255272,0.149683906405879,0.114414902316956
0.481964223695751,0.309118644329524,0.451349176169575,0.303710932796686,0.287845985804608,0.177831328998589,0.920320187643051,0.0612460892130077,0.357722079526034,0.980176460965025,0.437733080658063,0.886812016608672,0.425227763101711,0.322797692924614,0.313413653581363,0.324534063755931,0.863305636521734,0.623432520575821,0.644878159628806,0.097864779878794,0.189296921472541,0.47234688191237,0.0364393070505714,0.112526102908502,0.352863580358748,0.35066823064098,0.058961625009531,0.155926401491615,0.615931109703671,0.825362198015881,0.429718587302364,0.11316177954604,0.150279271545868,0.265441860703435,0.0754621348683397,0.246145544750595,0.121605012064352,0.198578450765701,0.231255368707719,0.415672045420608,0.117486575708503,0.637332757105392,0.33850629336926,0.122256806221415,0.388600947910535,0.180224054199684,0.602746493940084,0.201562142568179,0.577881410265182,0.563127105258738,0.248824052253412,0.240660929218749,0.349031430107342,0.343574396306523,0.424315250237085,0.313210856199308,0.627312603895784,0.273832492428335,0.126713574129267,0.121667743291219
0.418586603449187,0.43486081944215,0.707673618882368,0.153323206123172,0.296592033121955,0.259691807294661,0.931799187263742,0.135722865992134,0.292176415192392,0.828535691628898,0.423249034796934,0.78740789381246,0.21268062038883,0.378030926853651,0.284407067183579,0.36277715341931,0.793380069118638,0.610334862883102,0.598387966606306,0.169832850363749,0.102342475179111,0.340305573013174,0.0180857402892704,0.122468003051753,0.320378287661242,0.224603850265742,0.0365440891577789,0.325239967360648,0.202562348716838,0.840106048432067,0.459590663361112,0.0553403418661204,0.541699611621365,0.208329392634504,0.115342609136221,0.272769894477567,0.567880219932449,0.30740091892865,0.620630849348452,0.303409083142917,0.148664963189286,0.585476353181466,0.198591539006892,0.0696923080528722,0.481692984385752,0.0745992527667008,0.643671395612983,0.255903242029286,0.494874865908366,0.543800089077835,0.262828304523009,0.133245804835141,0.29701822112091,0.574885907517556,0.383175129061763,0.339480937687555,0.564011270537991,0.334799505232315,0.115907090089194,0.0729786640895773
0.33387570057414,0.0625678094447426,0.297093441790517,0.362281884545166,0.268244606328566,0.452107530197879,0.927536593832309,0.154521334562147,0.190987489769234,0.897617463012613,0.521408927544334,0.750666572299895,0.955473549741643,0.165609061815875,0.376667530070964,0.417106348404149,0.820031919506423,0.860181484002346,0.705941803973764,0.0812480620389016,0.0979100546904833,0.493230744605454,0.0363657366387737,0.0880981538341555,0.122737171485164,0.2503152922639,0.0063334942836577,0.0591806146548151,0.593998590090184,0.765453458328195,0.218552059401593,0.139248961066962,0.139736185506073,0.0758285457698945,0.0759568701119703,0.367676314489949,0.283195375484124,0.23169265307121,0.0,0.321439438068438,0.0651609200487538,0.625762589164992,0.141213454021229,0.101973948194987,0.391807222584607,0.114894352563921,0.673196202718297,0.198893026879659,0.634416156673624,0.661939366709147,0.25502460275732,0.200714783471197,0.398171671719628,0.420374451889554,0.44705117238464,0.248748250202629,0.50712730500484,0.447475585157536,0.184063093696188,0.0067426840915216
0.701246613670537,0.0609839511114434,0.0851049781975921,0.187276841112486,0.288352026011833,0.210444222696215,0.9373778178251,0.0917736085171119,0.127044328050921,0.939696861914266,0.328452141033998,0.889086128207917,0.199538147026528,0.163159414097996,0.414463250676972,0.456976618470868,0.858491434812542,0.769855752552925,0.915857550293732,0.15742404499057,0.191529251066774,0.250557618122674,0.0189719536361886,0.211164320418049,0.346869469588714,0.465147088414674,0.0632846609743894,0.553080516906722,0.467261073191427,0.887445918654986,0.430464305931303,0.0486731035253501,0.0738446725199682,0.307838999941298,0.112884095660295,0.313719604676737,0.223310235409971,0.187972064134662,0.0859053903195854,0.485798878509873,0.063587305936329,0.618019066080539,0.256501901867699,0.142666369708075,0.0614983381718952,0.337161385107755,0.784507264035674,0.0995010834845001,0.792283510530451,0.684482030128627,0.190516517708744,0.204133083534448,0.382220069937221,0.431749381576507,0.516708958045341,0.28568506396936,0.601829811301641,0.607314582348124,0.161679331234779,0.0704428956410416
0.512297447093132,0.161407131961522,0.554473559609546,0.308468019177272,0.291301026077375,0.313431689681005,0.833992803950714,0.102482811725937,0.259412393345105,0.833355724897867,0.43922890303118,0.820424946135804,0.405249225851467,0.358637340895714,0.533987534738248,0.645558500355714,0.726810373372787,0.676679180709498,0.886829675732599,0.0892711008942418,0.40650233019047,0.343723114668087,0.633562954300342,0.170189699662167,0.223474227072324,0.420815490807327,0.0901100429256523,0.332160523977934,0.561083715261865,0.691632280594481,0.495105881529464,0.0445239973610061,0.23376893823815,0.242348091510574,0.201128603880684,0.944705856202871,0.390977351922624,0.48225676542178,0.238360266817988,0.335402678073778,0.138005839466164,0.762255197130512,0.38512799899587,0.123193660426376,0.331964451927428,0.267669894910938,0.624379429258497,0.179384517084865,0.593054899907506,0.386883607013578,0.260189561364795,0.245185149057742,0.369376073894857,0.525246308932595,0.422145596678387,0.285788096745546,0.645202535169802,0.344771181066441,0.247377943176841,0.108211280633957
0.474325506802262,0.112806022897474,0.490612944544706,0.290975015257931,0.301329121339227,0.421209739434131,0.914730350680272,0.152433556656621,0.386824701492859,0.730152927649818,0.39003312754065,0.786887948338141,0.378483688308966,0.339555744670756,0.229336959478388,0.368906330371658,0.853973618080892,0.860425428800333,0.566416826036395,0.204780857740464,0.199848885963838,0.392677236306675,0.0366260733555541,0.143062922722012,0.211260782873075,0.301629788824705,0.045844069745023,0.431515153133751,0.41433096862441,0.67598611920851,0.516991139493925,0.180399357332782,0.340108532395764,0.370384846570765,0.203899726059846,0.423210915893899,0.585521072655567,0.441266916218241,0.395111477308126,0.329166390047616,0.175221927691546,0.711238639075755,0.187729912879154,0.149044812737637,0.501210600266584,0.279384528121525,0.53534882788458,0.165766770245124,0.70048405549332,0.551286707058893,0.386673854020611,0.19011343692518,0.441691866626563,0.414367400114836,0.54336495112244,0.453549882178857,0.768637802844659,0.465393616009186,0.163236077249911,0.140160314224239
0.331619582922535,0.329749260500274,0.552464704877822,0.142267522404433,0.297835188778994,0.362654363633633,0.969794561566117,0.111882891079385,0.277295762523517,0.975007654900019,0.337066828264778,0.503962005874386,0.377980447998746,0.313952656086406,0.332946886513857,0.377564102956984,0.643500222507787,0.51913722901476,0.197446906901684,0.130275625179774,0.122276919686201,0.547345058702912,0.0094167746200412,0.12967787493111,0.160973249564718,0.242948946532233,0.0562105950421254,0.2407644514032,0.158515473271561,0.884721839732764,0.318617928034385,0.0839412710476728,0.20492442970515,0.253080247557897,0.0602264869300692,0.45713626340625,0.446551314912143,0.316215413666861,0.431081298988409,0.287268905487559,0.133591820197361,0.636732859768544,0.138330239295383,0.108197074686974,0.441806443455437,0.146718104538013,0.487146542549436,0.180928448886172,0.67112824395884,0.379558321147184,0.193293861917391,0.165802290025665,0.262710789190585,0.310945205481825,0.373832338927887,0.452269362675733,0.668873917775354,0.244209787499078,0.177999687102291,0.0576909994466576
0.346395667616027,0.0816688910817113,0.396482766304654,0.237560731253147,0.318488167875201,0.391489796153572,0.944874915323417,0.102646682976922,0.221738144538706,0.982604620375777,0.338185155777649,0.897833537949233,0.2426239819031,0.201017089937386,0.220026810645821,0.445237918483058,0.813682135783419,0.830674335787019,0.86891202763375,0.121477884450497,0.133934196427064,0.432484392134673,0.0277824240632244,0.200594705793135,0.420178245456898,0.243925808367436,0.0440776706711722,0.354948357926785,0.604371206623384,0.873058430889629,0.491322379543413,0.0251255206179784,0.203767060440632,0.201701883671422,0.101260148141806,0.499205135843251,0.512151764682364,0.304881851424033,0.207998394275686,0.381385554747849,0.124086466552361,0.672193076789127,0.671851704259116,0.137978298221593,0.270005353268983,0.215257447808232,0.597190142015005,0.193399033856249,0.646243390721692,0.554988674465132,0.225838626028022,0.145072679747729,0.266238967914257,0.530011523694431,0.368082804846041,0.33210239293013,0.626214399792618,0.232803074980428,0.320930686973214,0.0270514281155496
0.175093187289895,0.248708989560019,0.311702082223307,0.178883935756443,0.270547424285561,0.293790852956291,0.92792001753499,0.186997709429077,0.065642722091845,0.948302041882419,0.271968240167889,0.0764666858548693,0.317608271348454,0.268188737950692,0.423155251678353,0.369235094740071,0.528966783383953,0.646086901617729,0.64093424590517,0.0776275435670528,0.118161188396867,0.401998456584267,0.0205428921033886,0.221608391935548,0.324130423098839,0.334740269481472,0.0124440503750594,0.24407294256504,0.172456329833827,0.861641979819278,0.125599496669003,0.171317142101087,0.137586833192962,0.435324055319452,0.0995117169513788,0.368894010770929,0.601003443166656,0.250697685659354,0.221943434734204,0.297028522421765,0.10743369150816,0.719667561165394,0.0899278824426284,0.0484769927026752,0.277375294585991,0.0985145123554561,0.61474181075488,0.0906062883593013,0.354458741175041,0.560859132399273,0.185695630660263,0.135754931766318,0.330242907190655,0.738228231266026,0.32303893946901,0.343537803666358,0.496075157788917,0.680487652914876,0.12463245191372,0.0616659098065754
0.468664990078244,0.378435795591433,0.204497377996145,0.1735279701722,0.281521202530676,0.207582525573037,0.934528737436577,0.049532342640559,0.167840030105953,0.958830984867646,0.415454724378381,0.915323760610315,0.054623873137492,0.173563759551999,0.26299954430722,0.353910889795774,0.803484048755031,0.844704888737219,0.593008575399223,0.0686049507389305,0.105839649851618,0.0232521716120629,0.0086021881550048,0.183697361301838,0.283710044688914,0.516777980377343,0.0265428318452505,0.11913976171945,0.420653525178394,0.907177522083693,0.446439131930309,0.127245302399917,0.179928869921414,0.0428388964216823,0.0700223248011323,0.265401118753108,0.207312587775109,0.281631426257499,0.127738279097535,0.365994532022809,0.0409551180932766,0.632460023839879,0.2131206017118,0.045394869284388,0.228273608962328,0.134340745651598,0.642997782105952,0.130404876351421,0.614066892915765,0.507705761634981,0.195965194751262,0.0841353916580818,0.307930507123514,0.248578728813883,0.237505695314834,0.0573992431575042,0.64819532022135,0.208403851896632,0.181102829435238,0.0557624344726851
0.473112829971468,0.103984805085278,0.48963824380667,0.287840842850043,0.290011148795928,0.364636847361421,0.95730758040131,0.0807144680966903,0.399066788462321,0.855638996713086,0.325126029711495,0.843804149065242,0.531631960648685,0.329458439137928,0.407771515546438,0.308261882098999,0.740660501757738,0.579945405200497,0.605385026592881,0.141937935013017,0.219902843717375,0.542318361022687,0.0414871134880908,0.14776273975247,0.165993397991864,0.442430493059342,0.0676415565770769,0.479626510036997,0.597540459977791,0.815252894754695,0.576508103991627,0.0955196528865852,0.234695926028843,0.336285548198396,0.119262893503209,0.534861181898829,0.327286809214006,0.185334596108836,0.3402310601864,0.287453839261578,0.179988774128019,0.70849043045594,0.302877060805649,0.0807277137703994,0.403712967867787,0.145945443475082,0.645332514783296,0.16750006789352,0.567915887814074,0.49358986089975,0.262002679185696,0.263420373048004,0.33269570546714,0.474733981662188,0.523748123045639,0.386388434606975,0.636171862197667,0.429593715499861,0.143785936490396,0.152344949183574
0.567906288784936,0.191763866158191,0.529172875352597,0.320113033607034,0.310367625804623,0.684570156770232,0.886159577960457,0.200414403708776,0.293349516671683,0.921710411138903,0.456650941983193,0.807909992860103,0.450111741074214,0.309765880421952,0.328591926604327,0.40546686005625,0.900073964949515,0.763293203395404,0.562201080634833,0.149287938900721,0.24219558440773,0.566404768937447,0.0551339720866053,0.149668440032634,0.245802536032998,0.391628282269392,0.0434075519594251,0.306622607890508,0.776101339830762,0.745981780172754,0.478914308307742,0.0812752820721912,0.288126714402293,0.268936451675329,0.143775652402039,0.267162527572564,0.421343858408905,0.195875926184268,0.543978066190519,0.325005365866443,0.161514343918377,0.630830717490816,0.283436198223778,0.0923704606040255,0.334537716466764,0.234078230685917,0.657773338678235,0.149268213154197,0.665153517376562,0.542983392277497,0.133947314283777,0.142794062497673,0.409251956617667,0.419866465394881,0.443319460656188,0.384860781991186,0.608121650500346,0.511017256408728,0.213728222567994,0.0846865606212076
0.331448172253373,0.114347168246758,0.467665484412274,0.110795232927272,0.315999955020168,0.466550000822432,0.937009958900872,0.143154257991141,0.226485356750381,0.954617014674868,0.504178063026658,0.689531555253194,0.297715113473009,0.325272139556656,0.279123928613172,0.513794611937557,0.863120130263588,0.718178143339219,0.859080958986952,0.056868492519774,0.061450904964745,0.518787864241421,0.0211793259914737,0.0803961540607431,0.432517760690439,0.451905251893943,0.0308696248085789,0.286565687603095,0.553761978481164,0.877064627389799,0.429201432995758,0.121811832929135,0.268310320804305,0.162327178511945,0.0529853726360706,0.14976195833446,0.330903329189667,0.0670693446902082,0.436353264996887,0.451454868152909,0.156112062802399,0.596977189064651,0.116474898860871,0.0710441370800407,0.33057251248736,0.138316724932641,0.695615133201509,0.175698235702328,0.532761571916037,0.636289572676939,0.228773953684464,0.205909408573758,0.365552939173083,0.479483417189076,0.349508349692114,0.278288234110316,0.568258780122109,0.243514533042887,0.174780240438306,0.0818711025089596
0.266330086473751,0.0575492141637219,0.457908957037072,0.0507412667018111,0.294636526508024,0.381885574869063,0.977563242773325,0.184074097597777,0.685180048150963,0.985715018037677,0.39449984893233,0.874738394473125,0.344531747550569,0.213862643067337,0.364734574922931,0.422329515959521,0.765141928017444,0.956159360625069,0.825189890053049,0.0923083868505863,0.0643298698791518,0.30191837743427,0.0119940636634501,0.220493267369664,0.504494269740337,0.513996792387378,0.0132657643382774,0.427355850056056,0.446311180771009,0.973365879526453,0.575140010552636,0.152470869872726,0.256164783434952,0.225015255190573,0.0222366922523217,0.258697679812528,0.22155662363603,0.068415491427705,0.287675790300524,0.465607274105719,0.138018450399504,0.58462663113671,0.072152481109865,0.213827581997627,0.305109147820881,0.18499476512564,0.896270256257605,0.199719146652901,0.648436651695983,0.715525658144453,0.307193204657354,0.20776723505304,0.29736084086525,0.728684950584829,0.537041606690136,0.32681047576284,0.537700439594165,0.262444028605205,0.193544286181974,0.159613290574061
0.156874574406984,0.0814343565663173,0.837609362681987,0.40494186156146,0.291835576231552,0.262828957257927,0.87038029110858,0.10571465673258,0.229610581733826,0.721353675231989,0.258839400473345,0.805540909460225,0.498138238759557,0.317208538208217,0.820615990640409,0.252794509462512,0.0988669351761619,0.676902574071944,0.721888505638751,0.101547098524207,0.139008554018015,0.340713255782865,0.11319693067645,0.0646147921842405,0.185967558984404,0.0917537466366613,0.0403942670184553,0.300445073270997,0.117299429545736,0.525339017737134,0.156573515602177,0.191152508366436,0.299279804430884,0.294421164020708,0.0822369326996764,0.197242305605796,0.108266243153798,0.0413956816085062,0.39439258649199,0.0,0.149487497938864,0.601041019457746,0.10634018254508,0.164145875179741,0.482554722174686,0.0134831485737559,0.636843937954192,0.0395301221028365,0.388553301483839,0.126190331426587,0.347459368056738,0.13347018616262,0.372440523376239,0.0,0.127921987802807,0.173799047093098,0.0401799217305969,0.526371881213557,0.182256310572861,0.0795199063752888
0.356514453771594,0.0825538044157407,0.578262619225888,0.130234502638366,0.308002033720841,0.432879467616945,0.928561782394763,0.0722050497710428,0.512597398074461,0.985944377410762,0.505054646946421,0.932925025603609,0.391375437614883,0.359835592430983,0.369575600466836,0.282520860638843,0.789751130469132,0.809433171210572,0.96158962620447,0.0830096541728277,0.155012938148493,0.29413385762174,0.0351176043941331,0.139615504657494,0.441974309024557,0.649243552639692,0.0377865171692043,0.387240259241637,0.227020420569005,0.904878547343187,0.612883905362458,0.275631088229877,0.175326886493185,0.305669821100837,0.149401712788352,0.252479707230127,0.0769593099516604,0.121406591159296,0.341265981025739,0.68491483952544,0.145979241230695,0.905701001455008,0.119286310800392,0.179489320558379,0.387327572891537,0.135358496078389,0.754584723628504,0.131015395909218,0.597489846020529,0.688912714436283,0.241801618580453,0.169552024514021,0.287443920561412,0.728412506308888,0.431225345229285,0.270549381548653,0.507584537624991,0.275967641099136,0.140915522751078,0.146239646562001
0.0630134379970419,0.0502141067324492,0.441704732082131,0.0161744526208019,0.295680401447006,0.131008130933188,0.978035809531953,0.0747589155494553,0.213280281979727,0.999851490659159,0.582160461011347,0.888216651343519,0.298293636269916,0.256921418532285,0.448860110425414,0.463819905133367,0.729228526466923,0.79893543003559,0.660699165068882,0.0315661167455518,0.0470914239179203,0.296755221830471,0.0009537973266049,0.12924806132871,0.409781001009286,0.238236382445348,0.0101256930891456,0.323769167275355,0.0201569754255977,0.975478264072244,0.58494505696034,0.145161880884485,0.208108514770202,0.216447777975187,0.0360199839190584,0.373088382210638,0.0502804698350161,0.131016348260665,0.26782760924167,0.477871380471607,0.0848829756187705,0.660993974235283,0.0332176025618895,0.157082899239297,0.309014677806551,0.0442472058757358,0.789903315332257,0.2310375538016,0.538116328291769,0.578070984507348,0.262378731905155,0.124389175031406,0.292535468577309,0.610414689957089,0.322768999876073,0.231376303102832,0.668768088585098,0.050800940427895,0.192662449647078,0.257397931585297
0.538339639900055,0.1180969538227,0.634248343713258,0.146821562245218,0.31147357242819,0.550204475218635,0.964999490101597,0.211092804296807,0.21958541478118,0.987762085162003,0.415437529219785,0.927225906976493,0.525068423658386,0.216923099543145,0.338779609240581,0.401418066885445,0.785400734696832,0.594537472630199,0.0707836177323073,0.116509639152891,0.202999981988619,0.631031295669919,0.0204698054155006,0.12982043771138,0.163529723349267,0.120060226155678,0.0143063901352638,0.496465527526869,0.308092836605128,0.92100525242062,0.599685646530861,0.485952182977557,0.152989789390012,0.289423758106675,0.223249811803498,0.299370057109486,0.360984511558861,0.273175522932331,0.339742664905625,0.285811785561268,0.208691670953576,0.72099749867906,0.183741843682938,0.107379974164278,0.288517264737481,0.681575228051538,0.921769746665007,0.132514222953528,0.603319475114968,0.499419848617285,0.0913402157078998,0.322066067322084,0.374262130866145,0.797626806285477,0.267132286604279,0.335867952863344,0.621007174764524,0.206710767043631,0.0156431145718791,0.0507083425322727
0.18802324575281,0.068819592764297,0.444352843499785,0.0778031390620831,0.273452951462502,0.324353118506325,0.936614811567575,0.153083783235931,0.12239094703506,0.95932663693274,0.488129232879383,0.716438534434064,0.202237889109412,0.230435338511465,0.177024587000147,0.449753037996992,0.232268044443866,0.506015394536444,0.90197308560077,0.0525748547560758,0.118246564852714,0.346964359917768,0.0095193895754124,0.0854726723821378,0.223660577640917,0.617471297673589,0.012242725363741,0.281796884057758,0.150263678378141,0.870421426909368,0.098746426951251,0.168250688385118,0.229740992693828,0.28885017051349,0.0509717484501409,0.216438934124772,0.384117890110796,0.0947898597563061,0.313667204645177,0.0582945162547746,0.107538945381813,0.544569354429486,0.0970528247973123,0.19819902189134,0.279648850330081,0.11064030160953,0.848680038407822,0.137291833865323,0.462978273589566,0.411679909596272,0.385535842856673,0.153025569758122,0.355517710966932,0.45409621237678,0.178510050505668,0.242138724932177,0.619729926892128,0.368376192088583,0.0108051711519803,0.0234310605655277
0.390309270880124,0.731513272020438,0.791467524956815,0.0991874504124193,0.36067990527935,0.597078125804625,0.95581729382168,0.082886619415413,0.250822055466251,0.387868571999365,0.146116562906649,0.823470804020138,0.455802792978788,0.343021660314523,0.225704493593887,0.291207401193614,0.65199638692783,0.66995817714582,0.704815109885848,0.0832129937945761,0.110683666983272,1.0,0.0049863445239515,0.11089610781287,0.356897859169528,0.0714815185566725,0.0233495421084628,0.791699338456769,0.384532979425331,0.745762839478451,0.624312423534245,0.0871893246209253,0.26045778205152,0.425285518507181,0.114222652271781,0.223911555760303,0.425693521112478,0.114375012926731,0.34392884293982,0.411591692543471,0.161093537788046,0.754021128739877,0.114897959688136,0.0456536381907497,0.575816900647914,0.119658160310165,0.872907413188067,0.315765704344298,0.518805500508209,0.622167650663564,0.132171908313135,0.13580899011936,0.330399965996815,0.856256401601313,0.381360541524516,0.425946911477385,0.63955138981357,1.0,0.113253191325343,0.0534044450555767
0.334353712802745,0.0641883287040134,0.36493927785029,0.147291682090833,0.294269873630167,0.366473343206496,0.951541489111858,0.108678534371085,0.37967729951583,0.977617781378334,0.378121339530401,0.840170617734222,0.367163947376771,0.268093578340673,0.422854978288656,0.459885985443555,0.878650350983469,0.683675864455358,0.925864600324302,0.059423830535667,0.132978129574619,0.465117499922292,0.028901598414864,0.103207664351227,0.370473287517236,0.430307812497789,0.0314963465087762,0.268970480640494,0.267572540029415,0.901170155123798,0.560678434658517,0.419723907358186,0.235497545303423,0.14128272301287,0.115843541223979,0.39926293918191,0.110892703639128,0.132520672141498,0.208134972611253,0.529976717248951,0.109949719690979,0.641740309580883,0.129819649760041,0.176953812852014,0.377641271737283,0.221293775743367,0.68118532352463,0.203848245125577,0.601213135396915,0.677756733436409,0.130511340575632,0.159574636959427,0.359561034748686,0.595292562103029,0.418681285278834,0.313639427341974,0.671840943084338,0.465301133820924,0.239615464704002,0.109492996525237
0.124037102811944,0.117520854762024,0.912167984087149,0.441738142306448,0.298034570927582,0.379000182348184,0.972679200374127,0.298126181898488,0.235958958723526,0.973304819078753,0.658949765350113,0.840285425099356,0.38573320536694,0.610306126176707,0.202094026663516,0.267768320566937,0.957983068890983,0.92989908281663,0.271791797173767,0.200329094850519,0.110798401574494,0.731184304631225,0.043677623936671,0.173156169408229,0.215853244142365,0.216087775770275,0.0268782159403101,0.526575053325768,0.0710841689950918,0.908324128776313,0.580274424868585,0.0248135919130458,0.384656754784883,0.262774450168492,0.0273292494847178,0.265806469374818,0.46610973320105,0.517581435800184,0.416631672172688,0.235768868012168,0.169532667909599,0.859884486964646,0.0897766238905179,0.371073414502708,0.411684837435148,0.115718406053405,0.540590000406343,0.151961560418047,0.476095376579164,0.759905990233336,0.352158165753294,0.386929908917149,0.131039869932673,0.795888430121713,0.696025767937256,0.250954407763398,0.607897114741588,0.283792595914463,0.0710619193131524,0.0240483310373281
0.231714716970983,0.372900721869174,0.389157925193503,0.320528422979117,0.298833034904081,0.144135135194881,0.920089381424372,0.148007162834393,0.247346178973541,0.97056210544385,0.446676445288023,0.946112862373559,0.659243438663853,0.511835039473218,0.19530804718739,0.330059981331065,0.983565725044035,0.657831223746302,0.658582667260646,0.111565774885639,0.0815991131230058,0.0758618887623548,0.0898797900672313,0.191036231794623,0.403108924742845,0.361069454448528,0.0325209380868431,0.151975135646792,0.850318196411862,0.823269581785983,0.43483638337181,0.369225205616406,0.36167556739422,0.5318724642053,0.0113752025848492,0.182582998190425,0.153403514967194,0.211462711374122,0.296830524056446,0.442281065066521,0.203977727358119,0.625943702219293,0.0940648823318487,0.102967592778844,0.481686555188153,0.0068347403526492,0.756309689832089,0.153911583284958,0.440121550378929,0.773162473935988,0.755822289965218,0.400695732015238,0.21911433217046,0.540573524041995,0.322337662353195,0.208796974354742,0.685688099756897,0.403670691859128,0.125400067971893,0.17543426738314
0.253572618268065,0.413729657023687,0.215005596481665,0.220690675799511,0.298096668591166,0.112959855517272,0.89041336158032,0.0789857325818957,0.209584146011485,0.976676950684625,0.466440537747121,0.795091071730392,0.243434762900196,0.303918299016482,0.165576303969883,0.31484161078298,0.817459384363072,0.506909559413748,0.660565615595446,0.109361571995528,0.0519122339155792,0.328877172542346,0.0105081062642776,0.113721710944358,0.368465342164769,0.188428714833119,0.0248450003334768,0.153309838983401,0.680389277397433,0.860922124197947,0.425844088283408,0.154863207513335,0.20177341782616,0.163981510428372,0.0603758529046304,0.147520626268678,0.243281423818561,0.139756795791057,0.234854002475085,0.362868588052732,0.114518263536898,0.666227507208594,0.139169412974217,0.0870070332257114,0.320875644989801,0.0090128478694743,0.671648803948555,0.1599100017302,0.40103952099248,0.546927714186539,0.224070835024014,0.292122204602332,0.230677438195148,0.68672444349893,0.363064881481907,0.297763242560031,0.613150723638829,0.153121213869363,0.110710337751689,0.0790392063833008
