1.2165788833147173,0.48459509204643525,1.2310033469087331,-0.5562930937014827,0.4355249923629439,0.33097189847142555,0.16317822046567798,0.6788282659163982,0.9750042013856308,1.1287347491647197,0.8925739716203285,0.43347870600390737,0.9444865760106742,0.8152416434774905,1.2137196594528226,1.126230236739545,0.7445534883256905,0.27173117880151315,0.38442028506022846,0.42604027461315946,0.532850268063221,0.8135733414075321,1.0257238891056,0.6306977832342138,0.6519801520940184,0.7027803773418453,0.3599418349715054,0.14153270093932235,-0.28757913428279314,0.22806263781905278,0.7973042250407235,0.19397708377931794,0.41084843036967406,0.7469155677714652,0.7576327228278659
-0.8726838953207334,0.11307187603989383,0.1277599770496684,-1.0489415160988291,-0.9414208492966772,0.023418604712970192,-0.6850859675100458,-1.7577751593092656,-1.3804526497040106,-0.8343443004392745,-1.3163933050575118,-0.9628250070329754,-0.7570700163289233,-0.05511697425480233,-0.9401984141990962,-0.2631315999314112,-0.08513338017622873,-0.07814890618839898,-0.6444187919479243,-1.7556810549773543,-0.5266814401058323,-0.21185988019216118,-0.7515815585701979,0.19009834962891914,-0.21973571533017927,-0.32946390580890056,-0.031042354254684157,-0.3650766663670941,-1.7328220103234595,-0.6880127412452478,0.2104836515418052,-0.7394557804345017,-0.39314215744302494,-0.7480490996147214,0.7233246580562609
1.6407462287090078,0.35778529197828873,0.872528154753957,0.45723181010708175,1.1029920784896026,1.0478448407631227,1.1957840124581915,0.9522649088098175,2.249832320489017,0.26344286740969736,-0.08316608419813243,0.5697803380999502,-0.02401577568204305,0.006867661049068885,0.245034248385831,0.276667432557973,0.252006230390346,0.9794671571048473,0.4578008324336008,0.611177666995936,1.1375998222718162,0.29638686522194235,0.5358637446892096,0.8391371227883604,-0.3268661421663285,-0.5613255296334482,0.7909531559365368,0.8502359700442497,1.6222498817987672,0.6546847547908939,0.9706013570358774,0.44769648100611475,0.6783655598751871,1.3473283449400737,-0.5647084344462863
0.22758963562795925,0.23344027797457384,-0.5045146157259126,1.4899885851523293,0.20345039372748436,0.5531310014564289,0.14129106876004122,0.9232199410225592,0.3661631202467011,-0.12089564638518657,0.7290999852035049,-0.23258337168166066,0.040883812331674485,-0.6192246533009447,-0.3037606481858236,0.4708847794893626,-0.627803874696798,-0.4137829096035319,0.2974536146365642,-0.0017537924235231928,1.237084808840766,1.1286792178493836,-0.2518753323077186,0.4307434966856721,0.49668231152641207,-0.2070104449768826,-0.6864879189899771,0.024597909034469397,-0.08625636420763387,-0.24829667911876516,0.16020755820246851,-0.4667630290997403,-0.6977107468681819,-0.09730632173787317,0.011223370529968246
0.11374357756227171,1.1509370208311447,-0.2145272583017711,0.3644977548452427,0.506436050166719,0.298285435003994,0.31392300294858694,1.5111745580115459,0.12853790608592186,1.752123660067245,0.7268320929760005,0.5303092093794496,0.6977068516832531,1.699183778638072,-0.0885780940527442,-0.17858876483907105,-0.022968953931296165,0.34286152618960636,-0.5642474897033184,0.2812192752823071,1.0878400575679477,0.28743464014958453,0.03574316958021992,-0.15690553685788255,0.5712968853624688,-0.32118740258370476,0.9844808095587486,0.9974270075456768,0.12854187253031538,-0.0361719746717781,0.4543790282410056,0.45600102551672156,-0.524707838608318,-0.4151253734811401,-0.8429353930961174
-0.12838500007068537,-0.05214386045848152,-1.1108778865587108,-0.7116160398976288,-1.203129373266775,-1.0215266419820446,-0.33615067676924565,-1.0146272189224799,-0.831024875353817,-1.5233153518266915,-0.6413768750528788,-0.778249781637079,-1.1377477481872937,-0.8807514251134039,-0.7048240158334795,-1.2068365741724627,-1.5376447331955037,0.10748347547897064,-1.1034324409958447,-0.8224165326513118,-0.2516740052976082,1.0284677696863103,-1.3332912307969222,-0.4572799785454504,-1.0034286387109614,-0.8829957466736481,-0.9343387203609981,-1.0945890758978256,-0.5070624415181135,-1.1756946090341827,0.08530342117381368,-0.30815864236866636,-0.07018841837383535,-0.45872524863629727,-0.3522386066504979
-0.18913551665404987,-0.9674831183898396,-0.6149102848347422,-0.9138233444287762,-0.9747868197716073,-1.6270458571729463,0.05800408785760447,-0.9911555621602246,-0.09892386975589251,-0.17526332715588777,-1.3778718331734576,-1.3003187395511775,0.5069833565071292,0.08921869469140498,-0.8107307127492538,-0.6707159465091159,-1.1149366626682085,-0.579127383764267,-1.145387039001944,-1.7902133632070596,-1.4178717660632905,-0.725513450173638,-1.2765816236037832,-0.7158323178654726,-1.1869830157803394,-1.0047775556362895,-0.14765005665100722,-0.40802131817748083,-0.4912489712824564,0.0010387210252606471,-0.1477960654084479,0.3876215352403301,-0.5113355359821254,-0.44044843192694005,-0.8191912727402964
0.5855096413137901,1.2821046866998762,1.4488728406904818,1.2776314180324397,-0.10157617430080468,1.3345759084723254,-0.12932808498447657,1.2353643470170477,0.5982369540092558,1.1286714068819945,0.10591141907284174,1.3519092548037541,0.027490984045646094,0.4188713406254764,0.24664426160029684,-0.1393805411374628,0.7765790651596103,1.6234022408006221,2.044347974136273,0.7495128479753,1.24882407255511,0.795595446576924,0.9175782914256772,0.4851828041782832,0.7414562208550832,0.8998665771450574,0.3286646270995097,0.5654816798143064,0.5609247548738177,0.9888389755227514,0.027715412592989708,0.5196616984952759,1.4857546836089925,1.0957300003582755,1.171877499060884
0.8122159200890171,0.960218521391665,1.2999972379108775,1.577606598754571,-0.18028169746752987,0.13528264861703543,1.4446532773528826,0.6478610070714721,0.4462688226657447,0.15032425641726488,0.49462724224807,0.06514079673876849,1.8055254934643292,0.7418807700617784,0.7167163046034557,1.0318002228577026,1.2104878659986607,1.193301760159461,1.2477063349300548,0.38551217903674795,0.5415500325429183,1.0640639553337932,0.40444216322176074,0.6537038137282901,0.8432996403561892,1.0237197659970312,-0.2709459896474252,0.9616016547052729,0.4732777854466991,0.9293661722896795,0.9491973445842443,1.3493903333586803,1.2064787728932456,1.1869857553704548,1.2191231341996507
0.9456894924079731,0.8158122830670732,1.2352876961485821,1.163519309705617,0.6409866406047834,0.9954150065460923,0.7723829932592616,0.35933923072584584,1.4273595879829584,0.8050043711801114,1.7964897218695501,-0.04642069664923543,0.48158897067640744,0.7694182143975009,1.3143821242992715,0.9374965715748793,0.8845516584557518,0.156725785605068,0.13242466436153322,0.8621872845771285,0.008430438112169703,0.4136092524679912,0.9185953585844995,0.1650949936035147,1.4465957393246853,1.243095396960788,-0.1678155076314748,0.1380432081698068,-0.5527488078749132,0.18434163558342237,0.9439257366930297,0.3384853316616732,0.7601505708906277,-0.24746723507556534,0.8962756019074842
0.5224453860358251,0.805804580690106,0.7524419038628886,0.16170457354296375,0.21897759310402232,1.2769005366436712,0.9894273054024065,1.3113302057325873,0.9444583350460425,0.848900067319675,-0.09086971631325858,0.631142090070096,0.7462861968962186,1.7296523951883522,1.0891698915341532,1.5057924761285508,1.0280841343127403,0.3647060684074019,0.7694574710511946,0.8190467775642927,0.22090565013600805,0.48735443931619493,0.5652531972029847,1.4590670460244617,-0.396452504551707,1.2340364351998647,0.149496874057984,-0.08181076387400665,1.1801108793917938,0.9415863514746795,1.187990849597425,0.9457837765718901,1.5596744499513449,0.7930618425375494,0.41904928655495227
0.9714631886606713,1.4214543037216352,0.40919149192935644,0.4715345427234153,0.6410397516749597,-0.2592880972407079,0.8589704308603322,-0.15675866701963903,0.8086588737610929,1.2100496279826918,0.5336973626982069,1.6048833735441164,0.029727907388846675,1.3487291368679815,1.0832601036882747,-0.12025473888155758,2.0847124308856424,0.6884850391301585,0.272153351898453,-0.002608642959832319,0.5804744211915118,0.6158446914176756,0.7194594583114029,0.5073590516299227,0.9605304132013289,0.43731230851021985,-0.3495875670825601,0.5295480819359798,-0.5935990123140773,0.7525226323031837,0.07108138326551233,0.6271129802570019,1.186789439844946,0.039325576431306686,1.0279161038725904
0.5833052166569235,1.676317140581446,0.6163028479603083,0.37723234123576,1.1391389841715576,0.5751084373301403,0.36920646958705455,0.5473857596039783,0.7598259512032827,1.4484948155374937,-0.19490827970966385,0.7778657679258912,1.0724301544251122,0.8498230835479632,1.4006241602015814,0.7005892203945246,0.6370395602724037,1.0165224553888133,0.7605522704519437,0.5057305852919406,0.9485554548145387,0.35328398100433306,0.36254811803190734,0.39226011885909584,1.320452338226986,-0.9793809531510137,0.8156939089191466,0.6213647368609115,-0.25029541524649834,0.73050070642549,0.798607494322596,0.8402524184778017,-0.7961620824398306,1.196894629992526,0.12841962227411108
1.0454950050184264,-0.34575967218470094,1.7315289642513698,0.5119785417631265,-0.377079638572563,0.6954442406183519,0.6131749737107587,0.5346901270712425,1.0495755070687043,0.9052352845448159,0.6572067986223971,0.7093594576967774,0.40740745027037684,1.32196532863212,-0.3313796012659035,0.451446031737072,0.38697645994905444,0.7334301557396223,-0.12328886600948136,-0.601786645575265,0.3194779989102081,0.3523461909464979,0.9268856037916827,-0.48300633567861195,0.6993879164450466,1.2754361660488798,-0.12759959450211372,-0.6147239760581138,-0.20332070998726398,-0.023411946947765182,0.2209430616236832,-0.38709559051596465,0.6558872939950606,-0.70911396441682,-1.0513642518408697
0.22043774290594476,-1.5227683177900266,-0.5379799520644324,1.074823977114475,-0.5355241909560658,-1.1325105622082505,-0.6403579387757923,-0.673286579893107,-0.6002869271611093,-0.3785279967732241,-1.2544275640990805,0.08766090590364217,-0.6507109809844038,-0.42284725307126486,-1.109046155963023,-0.1562114312200239,-0.9280396656011463,-0.6565274841176711,-1.253349127234263,-1.2725022942589306,-0.4129912195813237,-0.9578632392026246,-1.137959549604678,-1.0037852564222205,-0.3001759602051976,-0.9281195249870982,-0.6330601756586851,-0.5242477168539846,-1.4450912036309322,-1.1740064681968239,-0.2199614174583403,-0.7041747909617022,0.24695655081565387,0.25777260946208647,0.19094769363309483
1.7098858936562988,0.7581750756770618,1.1233201175113345,0.5052783456910901,2.0217047154082755,1.7848201283599678,0.7958714439104547,0.9795987999084699,1.4617780169771861,0.7038349975080134,0.4438235576202723,1.2033203139541222,0.7991979801399256,0.8445960208746954,0.32855590395083173,-0.12107418890791144,0.8473864863049265,1.1728387026292415,0.597991988438248,1.4191497142116094,0.33852527231357665,0.15219590012969553,0.6345215404435051,0.6149608420662575,1.0289021238113936,0.24364581280985065,1.3019416099451244,1.5876873110149272,0.5705678008883909,1.2004925269496483,0.03248296309419996,1.0830435733900596,1.053390153362375,0.945418564160246,0.4895064301813845
-0.7750584211087174,0.36602814350953955,0.3577553017439669,0.1644270151728257,0.6965618205390566,0.4069155685693416,0.18414723484167222,0.0462372427335791,0.19622345786275686,1.0922624047562524,0.17775617579672748,0.22681228750681737,0.23123786747779695,0.6037166609168056,0.6363431521772462,-1.1407080749924576,0.8652817512684685,1.0449739698292029,-0.22645519597786645,-0.21609946674441427,0.01593979697197581,-0.16627106489110655,0.2940493360411614,-0.821087955695501,-0.43692277093168336,0.8613275841227727,-0.40282713441488405,0.6524612727399607,0.17783557099449007,-0.9350482879275847,0.256713721728329,-0.15023187669336763,-0.3494455012034806,-0.029369260326787133,0.055555067028926375
1.1537959109873097,1.3888461633226545,1.0029471109485932,0.10966178959592476,0.558697030148318,2.2645274697762687,1.1521767568424226,1.9709493353616223,1.479846258394376,0.8983057856929411,0.9228391279106833,0.748035418512258,-0.10892395082515915,0.7621224222861773,1.351028851755913,0.4379418878631849,0.9352917808962808,1.1461532048287402,0.25605514332003115,0.47528352226034387,0.18152768978276945,0.2684653242679519,0.024334052215039925,0.20603289905288924,1.3536455985427018,0.17338871029669678,0.6811241010680205,0.3527944529253224,1.1795727828910314,1.2312184651592972,0.9927664894763035,0.6985000793504792,0.4142221806621947,-0.0822374280303182,1.46905241517763
-0.7127539781139907,-0.05363462867050617,0.09386771868362437,-0.761656835942214,-0.010496150818119054,-0.19002013519069794,0.2523227108084872,-0.8825594187966959,-1.323543905977525,-0.9624043655752894,-0.6304452086480451,-0.7270067581722264,-0.9699870713079879,-1.7408430057607882,-0.5597299580206485,0.18676973982330936,-0.5673878421331122,-0.4907359813376802,-0.5005734355631575,-0.5755131461166672,-0.2912608893737176,-0.5383729835060987,-0.8673865906791274,-1.0801880404130824,-0.7741393237042458,-0.4565358461599597,-0.7322741904190898,-0.3745922504318179,-0.26684169377557404,-0.021853549874974065,0.2532971223373686,-0.2966564011459249,-0.9352941873983858,-0.39818299107278077,-0.1466053558413241
-0.48564253339403346,1.0923890983646225,0.43406585339569503,0.5174663699974684,0.9726494348444719,-0.06281352515495842,0.5010200283416849,0.12027328812346538,0.043930280812233144,-0.28969397840829636,0.8893913681774259,-0.17111415779531153,0.32637250560681996,-1.0008004047813552,0.4869186694084734,0.38350873345893566,-0.13304462060581818,-0.33394343052857256,-0.05863165068401949,0.8482506653591149,-1.2145358186894564,0.022155540685693587,-0.8596855347568373,-0.44784533053408276,-0.5947409533436082,-0.7166980270770691,-0.538253381550224,-1.1292560340577384,-0.07532475436901309,-1.5132567588371462,-0.37103263602337594,-0.8273107544554633,-1.2709734495988847,-0.6040740714032813,-1.501733256966888
0.45209875555432916,-0.31338161559239563,0.5935129392993774,-0.13538871410786185,0.06438919506668431,0.39923258388779603,-0.17227199302144805,0.14622334984028196,-0.6209415363022339,0.41184001729197106,0.9390466641095481,1.4127402961974547,0.022224455492188534,0.33080535935320626,-0.9933884318901645,0.6087703186332004,0.20635257660758335,-0.4624389199352269,0.3599587466537019,-0.42338270340370043,-0.5619300607449922,-0.13119069038762457,-0.9355541335950454,0.0729262498157569,-0.9987957997676984,-1.0275662930897844,-0.9878657112280265,-0.1824204426607821,-0.8983026531928504,-1.2901828954214305,-0.943754892405446,-0.6800640135284212,-1.2759972445273506,-1.2811063112198007,0.33239045343614315
0.3697172980930566,0.63819855516215,0.615260654159772,0.5868004301038848,1.1061931289584646,1.267074777377983,0.6369540108857628,0.16806654165969936,1.4193493312192351,0.7297342043167255,1.637296500448709,-0.3564675103319005,0.8576799677397507,1.7124019629901692,0.5690595077657353,0.6250151736064686,0.8770711271605454,0.4409597724396629,0.5548593969499025,0.5320274073364746,0.3767730678081623,1.2939764027129352,0.8986757101897883,0.7815712457935536,1.0482032615888406,0.4989493082401096,0.23079258236122513,0.3029166774535217,0.5910313349248663,0.04603146267103797,0.31060099011349224,0.2873744818633843,1.5920300639971507,-0.8732075459016516,0.4074781139137149
0.2621316757791944,0.5839919172687109,-0.26116445300067226,0.4294470072548486,0.6400510007983665,1.0979433257371678,0.7699679949648769,1.1837672418936533,1.456696769851498,1.3064897968271176,1.007390516709403,0.772256778041073,0.269584352891311,1.1230708217417233,1.585565266595579,0.9088149050989958,1.6879448555784375,-0.042428172148400334,0.13381367058649818,1.1285357083063075,0.8226285400979745,1.3364392158985594,0.6604008736782009,0.22226941847773668,0.537121137041261,-0.13521476062002402,0.053599154989158126,1.0904508287198054,1.0265335216073668,0.7571394592605274,-0.2998072620734048,0.3662310150426574,-0.08274799524738141,1.1019665509591894,0.20542690783523077
-0.8757913246284886,-0.37055971962621465,-0.7559922960453802,0.2578553676123042,-0.8969078632431955,-1.2717408664724412,-1.6881159647611532,-0.6632794367900479,-0.9615769542666308,-1.4241117911088974,-0.1402587492873183,-0.4224905480001337,-0.7873770626393276,-0.10408115418673347,-0.4637034393858952,-1.2108304504770069,-1.319123543189997,-0.3863129686375063,-0.5886126104070328,-0.6891625970725364,-1.1803427742422188,-0.43208604059605465,-1.088797447419464,-0.7331869127055444,0.07381957712958176,-0.9440177122903656,-1.3607273383940335,-1.0580351879325884,0.010732652718028812,-0.3110776968199602,-0.45253905142649836,-0.5902070130411384,-0.03872595104796031,-0.6501833681582975,-0.015803855223325808
0.4343727155935216,0.3508900469111264,0.4801354371469091,0.6097751107471248,0.7711048410070619,0.9107311996975154,-1.0542514190626633,0.3824804060824914,0.5863442286167637,1.529935769219232,0.23213428882905862,0.8477237475006372,1.5074935119660093,0.09661453107842877,0.9426791884170156,0.3366259683065265,0.4769984102207588,0.3188022649054843,0.3449667087683259,2.0618910283854226,1.1127113710571819,1.2304170585057599,0.9141334374598188,-0.1468712644590764,0.8413967433054357,1.1675920320955164,0.19119475451811963,1.0868921633413637,0.9423079192996012,1.501657339264324,0.3518399921500206,-0.003372688338761698,0.3489378943963711,1.2314854206471184,-0.41691496580445
-0.2341878577155161,0.84441737901446,0.5775845081723369,0.801342780576948,1.268175644591846,0.5167186290825321,-0.1465716888137515,1.808546463555846,0.2835150735753953,0.24788618890901803,1.3239955998814228,0.5740808779299219,0.7282834310806852,0.9944938580822242,1.2874831270398124,0.5710315386829008,1.4892912843225257,-0.3475422424852612,1.0907889814528073,0.28117117542334746,1.3766190933253446,0.7505703670279281,0.3316840280368699,0.9876776762527189,1.090511931747408,0.9520742862711622,0.10304637172114517,0.36222026794975803,0.5881033958118442,0.5550074905324588,0.9356042361260039,-0.46201781345420245,0.6969154763593957,0.3687092468469868,0.07803766642455529
0.060998455809711916,0.29078800605439975,-1.4376656550892974,-0.023854832688448957,-0.14802120874180763,0.5186494945775271,-0.18876427835559037,0.06764844958918827,0.9071120281508438,0.5935779754016051,0.5077254613058886,-0.23330035296295196,0.24815652180379513,-0.18024561127218408,-0.20112220077488885,0.06224582735368109,-0.4802584699649358,0.5260293547619914,-0.3386967232897713,0.013035618048802766,0.3948827703909351,0.1469687341862173,-1.1083364350251483,-0.21543818487927502,-0.045441196573953235,-0.05660738709781693,-1.089668234081175,-0.8906880799275052,-0.09263585456218582,-0.9970651885791688,-0.7907629207697041,0.12389507656280696,-0.7094106278875527,-1.0686528256195504,-1.1620663920451015
-0.16655780444511997,-1.0520318064255312,-0.5595830495762834,-0.31740131999453836,0.1200724957977336,-0.23835269667512776,-0.9686917658734848,-0.058676526801479945,-0.8303694161114064,-1.3275109988777385,-0.8208926595479472,-0.03702852114190369,-0.6906480981382501,-0.7799833441072735,0.02363436626622506,-1.5150799232450043,-1.4423130182210002,-1.603226976347853,-0.6004719954006809,-0.6907899175003049,0.01427431083212305,-0.6143222855305466,-0.9131265855921408,-0.6812961489696518,-0.5907987868334291,-1.449481231049376,0.7809331123098434,-0.2718260829465774,-0.3814126066144883,-0.1308612733707748,-0.03339487178881906,-0.40593685313656946,-0.5970264729449056,0.07409440049766627,0.02421878072110245
-0.34835528821054174,0.7167430041859462,0.10450909933612197,0.2735114555368744,0.5556794738017143,-0.17768431909311286,-0.07778111879648997,0.12202911017025225,-0.6910632292993418,-0.3460017388970585,-0.3532255572518239,-0.9354149220771883,0.6617912686556378,-1.2384198312879011,-1.2195315990747198,0.05310272192063692,-0.27860486450975286,-1.1770252369285665,-0.38667072118055185,0.019970225128801755,-0.7500035087137038,0.5464250440606616,-1.630260098612422,-0.4336304836875437,-0.2066143324428884,-0.35053050669063224,-0.9016678272982296,-0.9449492235528246,-0.5748445180349278,-0.3831893054044405,-0.4809624119255205,-0.25031971956601917,-1.2649953256709507,-0.8517760638620346,-1.1874146991291947
0.6069436119569293,1.3073301854558061,0.8528711149220294,2.1009084155639908,0.892222942568772,0.8228492424318263,0.8430226863716669,0.4674013385259059,0.7532109111059865,1.3412987634708897,0.8291209270840109,0.36959557350894523,0.297436046858773,0.5279978502191435,0.7826232926902547,1.3345551530119177,0.05907096068215767,0.5604445429377635,0.7830503726938083,-0.2159179293825414,0.2736842935381457,0.3396038577445623,0.2701515071163216,0.7522019022527263,0.5636379533928835,0.3534841735413249,0.8318758048139929,1.4657661885839253,1.4097680727434379,-0.38574856917367917,0.8492675903243998,0.45642115776718245,0.607329620515322,0.31455840729403245,0.5560822895601326
0.8757036980360094,0.5102438608741918,0.35069538064682454,0.5731309926793635,0.9126493912022963,1.0925014729840903,1.216605715321632,0.5392106734224175,0.9240515009461517,1.258656045891716,1.3549330405921887,0.7369090113849198,0.6495124946282845,0.8486609129702612,0.1708378390361116,0.6409571297560326,1.101608480601941,1.0413312466039921,0.5757615607943244,0.8097940549757594,0.2781582648760051,1.0312942017251678,0.6292259759733342,0.5182814038938337,0.46305584009708894,0.5996802913919139,0.39395566907169605,0.933300347762082,0.39249804036447145,1.3721193648711796,1.2933367501475206,0.09966105787184931,0.564604083797284,0.18837161339720937,0.3339641930222258
1.8012137338223986,0.6459340309907537,0.9789921730981292,1.0681394809932447,0.29520507273229313,0.3654555649373558,0.18692004094749926,0.34332031800698526,-0.6428858373638078,1.0496959503118808,1.7992325136481595,0.8402358079689444,0.05184392742778687,0.4317106046020912,0.516253152972316,0.22896949666709887,1.1594066005629544,1.1254877040698086,0.13316946606743896,1.0634754766559302,1.4538897668099815,1.6308272302274354,2.100742705584552,0.20526080502030392,2.0560279713413836,0.4540240305874489,0.32166176384741824,0.767765017199723,0.2991091473260556,0.7751593871807521,-0.09930709546182082,0.4260565017673845,1.1725430662634837,0.4851692783497288,0.5680858679864729
-0.0952881668790583,0.1998730124719032,-1.2635274237227907,-0.19175456157083187,-0.6635719840969818,-0.48880778920420637,-0.08168412200120734,-1.2449795112892623,-1.1869341180592123,-1.677374467709937,-1.009451450797099,-0.09089694952534644,-0.8335617174074474,-1.4563067240995595,-1.0378108283727252,-1.5433333514631022,-1.362106512060195,-0.6008942857325803,-1.3737327517937228,-0.21771932845621622,-0.7926540182229329,-0.693262472126669,-0.8502344896564362,-0.29576966613684375,-0.2580725521754028,-0.446073418429207,-0.2918381569037791,-0.6378064269577459,-0.21531525717125855,-0.6073821532469683,-0.38698455100092055,-0.47298198506850236,-0.5100151744841533,-0.5701868415240808,0.06520841238481898
0.7315052111530289,0.2287488299679976,0.8288317829576342,-0.01508179545215671,0.8369756855599334,0.5855451630817946,1.5409077092458567,1.4919841158286862,1.1748020187999249,0.6140978595844605,1.7648257906502713,-0.010192200469229418,0.058199042316259275,0.7112072461075328,1.8727106299453742,0.6365924318387429,0.6376926597607351,-0.0005974961737630347,1.183860155611458,1.1775230815968531,1.085021035721304,0.3649377911889743,0.31478330985506786,0.009696004539417435,0.685854009024249,0.09092356020259218,0.02918623891303107,0.3923834713054624,0.3455617267804537,0.30664805244651144,0.7939537968269607,0.5849567038742413,0.38567393382708504,0.6052063882210478,0.0015244540642154192
0.852639311954839,0.8750209859709703,0.04735572488067463,1.2953257111742866,0.3548029063604157,0.8381582017451757,1.372137096919194,1.2491440638128086,0.7992959115792011,0.5961552484740326,1.2458915473079082,1.1036729273549908,0.4507958470760256,0.35565197255122,-0.29048601536318464,0.8147778061155804,0.6879664088561768,1.2884533692034124,0.8904229097164522,1.3680495515185211,0.34180132106326355,1.2486232930964647,0.40367850448924314,1.0450551606380387,-0.08546143812156459,0.7486948745249373,-0.3744494791852796,0.47066008678992305,0.8103168113115186,0.3151530412419411,0.03551268402884633,0.9684920374470685,0.47802055415918215,0.26891460054997096,0.5182359351936697
2.1183345709727943,1.3764711644394252,1.380165988653335,1.0152519934852877,0.878762395262487,-0.4050378420232499,0.45044105341999274,0.5460184783546366,-0.15531681472898318,0.19869685480735,-0.21828264244119233,0.7471635206019946,1.1693613425224987,1.3064860553642297,0.953083806524435,0.25606371467450223,-0.23671729789460372,-0.1580766678186094,0.07640407434901964,0.2565051054143388,0.6106091860255556,0.17246601854917132,0.8376246408757014,0.5401203783421662,0.649190614014295,1.2012525011774455,0.02777862443749035,0.8135811189069846,0.5831532001345251,0.4088941763726414,1.00335965883981,0.9849398800776054,0.056506551088429835,0.4226196321363448,0.6378938159085641
0.6634966259887078,1.0922304056925525,0.9394751635145526,1.713759454167112,0.030380191009019675,0.7317853072682595,0.33567997089546325,1.088359412675396,-0.026456727727988905,0.9505611050275101,0.4571113773459541,0.3992445053901738,0.03672925532774696,0.5205608229515621,1.2879418406302774,0.725167543509047,1.0431554903026132,1.552678592865279,0.8427731553875567,0.4215351684010059,0.9241095426127438,0.40740005445550953,0.415925352392986,-0.10368927006758977,1.1070465036859782,0.4381259370171234,0.7089436144456064,0.08624786545748064,0.808113629230298,0.194666697789947,0.4898771375559179,0.9843458184186646,0.9251316051989085,0.5026848878068365,-0.38677754173682766
2.198471334542619,1.559821200472172,1.0320507230304172,0.276952593407579,0.5786442374145412,0.3446870764417005,1.2283812092723774,0.7068887622834059,0.16189802142545479,0.2961352492688971,1.0688627743954269,1.2843305641336928,1.2237524567325428,0.8127359365390845,0.2819059735116614,-1.2391367180354367,0.5030441562587752,0.3258755732852757,0.3686291208636455,0.2969983291396063,-0.422064590113467,0.49043522326278866,0.49819405608378337,0.4933440785137607,0.5953295348733798,0.3937548064961306,-0.14373185651033057,-0.004671290269546911,0.04572890682611002,0.023435293919853693,0.43815795210609076,0.23043615091430447,0.9169597467063663,0.951386683029547,-0.14193688444750718
-1.1183277742296847,1.4181359726122866,0.5286909850658877,0.3967368730736023,0.5962971214792301,0.5696817787346551,1.096066131704255,0.006587795392761109,0.24326884439898255,0.948984027013775,1.0836076082267787,1.087096260918687,0.3664602176314411,0.2639659714189452,0.4923741585908548,0.8576982614161492,1.472053966001651,-0.3033609110032336,0.6005309844970856,0.03459573391957427,-0.13563790365539596,1.1630264502850638,0.94044898129124,0.8809738877155336,1.1044306780092787,0.391267776458775,0.40157573337091124,1.6970941381220874,0.4668542872427746,0.9432033733845346,0.5639222688884875,-0.3786964622401059,-0.4925625528179902,0.22420781409535434,1.025338600451526
1.194145828318002,1.2567583216606701,0.3053560650912573,1.6054150790502626,0.3130731088807213,0.8994155014769426,0.7847550816976905,0.6993687747985806,1.4514252864425865,0.42484948983208654,0.09733296516416068,0.7763231815538906,0.5600649899548271,2.4417902555933884,1.083945313704802,0.5330915976644746,0.20125949677183275,-0.2197865234022508,0.19828582010755236,0.758405840311742,1.4041477608187336,1.240392698806615,0.7826841098647604,0.4946732968906603,0.7783239363498593,0.37180822609955505,1.4770764894196131,0.5096337391232604,0.5469708852491983,-0.5322738956528451,0.46301407514544807,0.9636748717815722,-0.004109339436628612,0.13833975681890032,0.8936434834833639
-0.036262562246728414,1.2157922191065635,0.4046413654997169,0.45927037395746295,0.07350111570272644,0.8054204215439005,1.8263892322388733,0.9663859365878049,0.12183731963510319,1.0993230915770262,0.3499289301433498,1.1715241314372333,0.8629248760716015,-1.0373508787237709,-0.09382140856453391,0.8538128060468185,0.43029278042717317,-0.1850880211465994,-0.01815668504393808,-0.6830686544216872,0.1968798470979135,1.3170758078450782,0.5845525944340211,1.2473831880781427,0.5632395779816767,0.6054686557116647,1.0483221931316367,0.2193787633596114,-0.09344718755401853,0.48591432767755055,0.6659692426811683,-0.3313805469530454,-0.482496514248625,-0.082419790697349,0.23398775771136135
0.45563528566494316,-0.7048586015914853,0.913636114706291,-0.41198069029536616,-0.2728134684825348,-0.63995590966944,1.1129072956799961,-0.1619491739388223,-0.7541202277400982,0.058934204661163836,-0.03143196092238193,-0.5512491580254331,-0.07672376928960956,-0.9474190899571322,-0.816938784705767,-1.609118893214184,-1.2972135320178055,0.23977257464716517,0.13039908512975895,-0.6810606730453719,0.09659374367970786,-0.833023649280782,-0.8899343444623584,-0.7522868863843165,-0.8523392982151726,-0.9038006192733458,-0.22779091040062904,-0.7246606555691484,-0.44067622136165413,-0.27537628609180975,-0.5881062322393354,-1.255484327916833,-1.4319932916196025,-0.6635002568965647,-0.8030348854797849
0.8436957144600609,0.7916927199243603,2.0906659846426985,0.13236570616843668,-0.1994533759366489,0.9591917189017631,0.6017199493574612,0.9443396198208495,1.0740707284367839,1.4194570975045155,0.0185226828281555,0.4879664895220994,0.9743589865384725,1.1383305938956785,1.8424163506290072,1.2156138708307203,0.7009209834222375,0.27513980541081096,0.4287504366167594,0.404583542953623,1.0181002492782292,0.8080468504055707,0.006311908620481255,0.4383063951966861,1.0826915348694925,0.8069584023288725,0.9022167995440606,0.7956896847894319,1.4033551816769916,0.693658848769674,0.367720099471481,0.0875552822323214,0.6545566781874999,-0.7066520833222355,0.40514347370017556
0.7267596646359193,1.3029252595619307,0.26996084525429775,0.9278622427306373,0.5064137098640364,0.9405737918106666,0.7575450967526205,0.8327735112973628,0.5071668010626105,0.5223727748670256,0.9157718500338381,1.2381831913287031,0.4608386899991667,0.31871502376561034,1.0524216583207329,0.7215099387449421,1.144564348358352,0.26745907519656775,-0.17882409973544655,0.434432913519009,0.3073071303888409,0.6401539275725056,0.34971408690637595,1.0267656054101273,0.499842626932524,0.7063644742287936,0.6967117707581474,0.701706375966894,0.5780752591450751,0.8309376620626457,0.16290393149392624,1.2451417661260433,0.4114832573983763,-0.1420746448840341,0.591324653112418
0.541189697517194,0.6706511974145569,1.6270573777646657,-0.00886840626330565,1.6272923860048991,0.9949857018809702,0.8050009019358063,0.08332047334851111,0.839550571624408,0.1697694876213881,1.1415993297096807,-0.0012493738304129587,0.40300742776137816,0.1565833600055101,-0.08554307330051747,0.7522801030830808,0.6221935180594811,0.9312950521578245,-0.5912994814011154,0.802135006793525,1.4937909435395584,-0.014089599751277604,1.129660205122343,0.020594051454017853,-0.5641638356939669,-0.06108723716807883,0.5853848330967628,-0.3883411074772675,-0.30000285630382195,0.26635528551313986,-0.05942081751048769,0.20091325064642945,-0.0027972026994424193,0.08796485286299738,-0.39791226865924023
0.1354961813882759,0.4285557331103675,1.0623698502412915,0.8012589241861723,1.2669890689225303,0.8836302763144834,0.6137043608326879,1.8604541168493531,0.7351774329382598,1.3589052347677189,0.5715309897477858,1.121125178142464,1.223986186673934,0.8573447813398556,-0.43154988586348664,0.7468881157018432,1.3445453052453638,0.9840980983960068,0.9338148005908922,-0.16019351254658343,0.33025589968381946,0.885226943188375,0.8733283324350167,1.263590519808354,0.571484380570735,0.8340392681787502,0.6260816125033223,0.11075746151002197,-0.537755851174812,0.7911421629225273,0.6477051026132357,0.2363452817490172,-0.2798345791752884,0.8285696812696757,0.3643279375187555
-0.05448010805364112,0.5465664630189524,-1.5066305077879267,-0.8338169918407312,-0.6341902211320568,0.1552863502131997,-1.4298607164856378,0.3200443272569621,-0.6126839465545223,-0.757659818719963,-0.8339018615246642,-0.9742446378047691,-0.24920974353613534,-1.3205046533133862,-0.6222643652632749,-0.9914933325712785,-1.1805801854516629,0.4976838469775109,-0.5772707212639784,-0.46740370872729525,-0.18820548247343383,-1.4467347967582054,0.16509794870852645,-1.9366721746562432,-1.0340357010831684,-0.8431164309747429,-0.28337102737235015,-0.4224024589267893,-0.5698241309749794,-0.4444419378239269,-0.8771118738434056,-1.0842763076274402,0.08184990634347478,0.12122211360490695,0.6236105480339056
-0.727926017645318,-0.03905019703646562,-0.5777684318104401,0.11122090510719185,-0.01852102613702933,-0.46652203724789726,-0.7814242852153886,-0.1674200962792095,-0.3571596357093848,-1.051879688896125,-1.3987713166549263,-0.9003795720556528,-0.01556121549660816,-0.2130006969056476,-1.351135190920492,-1.3832812076677512,-0.1621715363548708,-1.3631216932433516,-0.5321484268197043,-1.0820720887260291,0.05142858945307627,-1.1212722236678712,-0.1393672407495753,-0.589764258378523,-0.5235550689467647,-1.5987548850609934,-1.6756893864604625,-0.6420445621311901,-0.36296372891747697,-1.0010421793789266,-0.9324470673202927,-0.05492379547228715,2.1335404009947823e-05,-0.2945014728571492,0.22146422104841373
0.21289885213992676,0.621752281005168,1.6228179574512516,0.8316398989590146,0.8586760162674135,1.945976595125828,0.09026014372717339,1.184520868276929,1.6141223571988332,0.6149757866657938,1.2019509864475477,0.27531568984522853,0.4166121593144148,0.9455820040758823,1.1449749120401096,1.2982301414769095,1.5141295748351227,0.6866344026045504,1.3077012405625628,0.5297825327076017,1.141529090815483,0.7832925265387464,0.8909756475825327,0.8680110667529214,-0.15843474675512392,0.06906629541145637,0.6691652114464366,-0.23941071005978387,1.0057453659724396,1.01141530000156,0.7243167748457251,-0.015134203579859395,1.2198214185169012,1.5323052439244855,0.5708263883395185
-0.07764978001209577,-0.2845884747889049,-0.1707304731286748,-0.5437959658027472,-0.5467845343980018,-0.11926793661144292,0.5611528740658249,-1.3479218027842097,-0.732518139539151,-1.2998897304690749,0.0611404693728308,-1.049982106374704,-1.4948685200636098,-0.46715077684788003,0.07718410128635389,-0.4676035654374093,-0.6971145225536552,-0.5907332794764399,-0.079375757227931,-1.211136116064942,-0.8130174248509214,-0.9624048983536985,-1.2949806594983446,-0.8463812151171065,-0.09579194807268387,-0.33029952018892994,-0.2520774598035029,-0.458523786170874,-0.22475486926148852,-0.8387384366841177,-0.5428553050457362,-0.23965799190101528,-0.14264797538361024,-0.0655370152022492,-0.23780428055281277
-0.521629169802879,1.1934278393352222,0.017478568838125097,-0.27744284951323805,-0.6461066635792971,-0.7977361503320637,-0.6770595037458732,-0.5014717637899986,-1.6208296693692081,-1.4943542855403757,-1.0533131743846897,-0.6525434033254703,-0.8929046967466384,-0.04718366322242462,-1.5361698495830862,-1.175075234519476,-0.03946759069906336,-0.7297440785268636,-0.34437479724012915,0.2515869905768645,-1.1039960817586763,-0.7857169929949477,-0.8472614563179252,-1.6594900876503431,-0.8048508979418927,-0.17306950069495997,-0.3039379389514827,-0.2222200073035281,-0.6741712509455325,-0.7664918835128857,0.2465274738671887,-0.5843186835641885,-0.1343648854279483,-0.14396360232441646,0.5622218685839353
-0.10782448793940869,0.5426753373647044,1.2477070403842867,1.425577553695947,1.389376451043141,0.38504853456768173,0.2130780648363768,1.0346229924458215,1.099679223093746,0.9774895525153156,-0.23489604409875697,0.3328831460089476,0.7451339619551014,0.9967078933672788,1.1293452567860578,0.8098886464148068,0.8947071846344942,0.7627904110626936,1.0537050500855103,0.8573677801776316,0.7233522650449926,0.5453637280439652,0.7087824065628112,0.8985528191615401,0.7776554525928128,0.8215404340144699,1.2892554222132682,0.7368107911340941,0.265640554135983,1.0174407098545735,-0.12236767042762886,0.004726112429458085,0.6976755814426785,0.7718982579585961,-0.12523763713546598
0.6085912595066251,0.49667782343882405,0.5555409931186166,1.2692777221255787,1.1487724907475398,0.7834422122151045,0.5169502630940949,0.11148084984580353,1.4922216866857578,1.073461700057526,0.4188010409835545,1.1261251872631266,0.7248665468107778,0.6095440436208938,0.9632973396296156,0.36701276031742425,0.557437021610321,0.7810882139819145,0.46116976653366215,1.0354775595659382,1.6250166868604792,0.3023990613090841,-0.16442595411045147,-0.34461295399622816,0.568683687396291,0.29954492977875163,0.7218247420712155,0.6705276657738508,-0.21146860893448627,-0.33180459788321404,0.7086981185798776,0.6131472201590802,0.31684294989936823,-0.3148718685008456,0.7329836059990269
1.4359497727119717,0.9387109596581145,0.37514220927688263,0.8197549167746814,0.11246271850707101,1.3219836590613545,0.8308533939163282,-0.0977727709207421,0.6317920370729421,1.0090555050321823,0.6056117825323635,0.628377577730594,0.1477772535744547,1.0363692895928933,0.42145697547524574,-0.3404608032287296,0.5436865960301791,1.210932539667318,0.5174306396762952,1.5699274469939364,0.9049674092956075,0.8489272087528386,0.6039375610827663,0.6221140258597573,0.5122059405840301,0.4799925288005798,0.8833280725712498,0.13631321486551762,0.052192900010431975,0.014039791419800163,1.5835587722454072,0.8106042536343916,0.6819980499227163,-0.015057411081409011,0.8089591249539458
0.7417143267733356,0.9068042101145285,0.31056899662763693,0.8776132626978941,0.5836029898706718,0.41019772362686435,1.1569843945551832,0.01745178069087261,1.0645173494518587,1.1196478166915649,0.33231375524450435,0.3561612078844472,0.6484655164648895,0.8941169012831754,0.6692640795777017,0.9545431153697264,1.6108051076340755,0.4664992973072846,-0.1466946223754414,1.1138967459475027,1.5321407229851136,0.8759323091382176,0.1242623563647367,0.5943109481243022,0.08465601603796602,0.9525549718233168,-0.057750709811541845,0.4541644363467004,0.08797090122560858,0.6390496594249699,0.3775606598379512,0.6338138544242335,0.5409272265658267,0.020370410203251532,0.8107265063810425
0.7756171740784424,0.30545523561570315,1.9193424326623112,1.035693917347668,0.7188894822742607,1.50060556549287,1.7108390313448623,0.7136309737989313,0.9558279605121642,0.28340334091359637,0.6985392176361189,0.666794161570746,0.8523918739089176,0.9194790353705704,1.0256057998988444,0.8565832134237663,0.12394396805079377,0.2511241290115991,0.4376915532444324,0.5598146584705617,1.215870580257406,0.098078634186199,0.48942916995622077,1.1327618788489275,0.4939790208954761,0.861335049763255,0.5481234700737236,0.7326204584231618,0.47590354246779154,0.909170053221666,-0.2117967052963876,0.36377679860482914,0.678038287429798,0.7805475480684032,1.2437642859934455
0.22214621254154243,0.6984168530896164,1.2888812726263619,0.950054251926592,1.36956519217263,0.9638802624987279,0.14076825681710747,-0.4741178183304935,0.8565335981345785,0.6704415167394842,0.28366272332918363,-0.08398818637500804,0.392606750361736,0.6558530536196772,1.0786304873380095,0.8320774260577768,1.5333489049517406,0.2025556538594444,1.1514248090049857,0.7245843259965401,1.0378179970806412,0.4612906959798837,1.2039768809868656,0.803869508914524,0.30419526568490735,0.625115210385249,0.4981165620691259,0.8488180050796972,0.0002514396853074974,0.5609614657996417,0.7583851247314957,0.5619444563956183,1.2032225712771418,0.9007113111008329,0.4935475762461582
0.16493431008299891,0.155057974243314,0.15948288325804233,-1.0042272234292449,-0.2910441179229186,-0.9308482637722432,0.4028833514411956,-0.31340926908426986,-0.4253031622391271,0.07537109569655848,-0.20483745185246113,-1.0217029034250946,-0.5324798069449856,-0.7023565961548924,-1.4427460915341679,-0.949148682549755,-0.7270081509162568,-0.721518293934099,-1.4314309405700527,-0.13812220584611534,-0.7859235093609304,-0.734209867646348,-0.567908374008486,-1.1745803375689303,-0.5617005139870418,-0.9797397805023471,-1.2477827342990013,-0.5130047358695504,-0.05108017417765254,-0.42865186198755933,-0.32071034749648686,-1.0306639682438634,-1.5543702117218112,0.007178186749703275,0.3098507116350623
0.4384859176471271,-0.5533507716768017,-1.0132322369924964,-1.0168579363993326,-1.3713686982831246,-0.6258160460651483,0.19117977215883186,-0.7187175015194618,-0.5294504471635303,-0.021861005700929637,-0.9369196358314107,0.26165260664504275,0.222779080578014,-0.8517999456124081,-1.083738588094808,-0.4507834765226341,-0.973275932454043,-1.3735813493981053,-0.14617676187921824,-0.16581278741932715,-0.6793380709259845,-1.3674922009630206,-1.3258111314611825,-0.6285789411991289,-0.8995880133164242,-0.7841470604560967,-0.0632511323276016,-0.1651719332862543,0.20265457962302363,-0.9337548771986938,-0.5596961464254775,0.04383073734470272,-0.057366734318109486,0.5405592486306252,0.04163171340741087
1.7240545520527761,1.0697286404102238,1.329962878353745,0.6357213605968771,0.802663364915908,1.2484755040616957,1.596420311948086,1.1509241596112503,0.7405433313274736,1.4660722646792377,-0.3238537351198162,0.055208187697244004,1.1007954689322852,0.7601529741786276,1.048448401046897,0.7699656464897577,1.0147881286673124,0.31315627138554625,0.9961384060161143,1.1981422185359683,1.3007587369869653,1.6863252749370052,0.7901859157927639,0.7932126731654919,-0.11766847394314173,0.3654215242726305,0.5213534545343691,1.129388605898978,0.2846392523277472,0.9738073267319052,0.55992063992514,0.4568487452417207,0.6541989336492721,0.3181217379388856,0.28276935057019875
-0.795803191560895,-0.1167519051616306,-0.282150991899733,-0.3493887202714807,0.06815556125677508,0.1406872467197246,-0.12015986996738384,0.21472308614193125,-0.040851724484133156,-0.5205556652228802,-0.6474279934345885,-0.3009745278520679,-0.21014357073035084,0.16414904397404906,0.025106875238906867,-0.8747470691847372,-0.6862411299716549,-0.32853392572929274,-0.15631633970191228,-0.24447026301745706,-0.7668108963308843,-1.3799977321908878,-1.2676973813012,-0.6442254534573876,-0.6187657108412171,-1.345542144210448,-0.7772051585307695,-0.4841163040613584,-1.3725304323321283,-0.23856794782826796,-0.9709647043466147,-0.14154210867438832,-1.0222865700255332,-1.2512033157423068,-0.9464752279881774
0.00901569979550225,-0.18701475488342625,-0.15016762961192637,0.07558434924115423,-0.22587065493644481,-0.22168492665153375,-1.0908703218898457,-0.08713550107756962,-0.37323433624514973,0.43211891992137635,-0.8857824342043774,-1.361533310485248,-0.18799287871628034,-0.36150960038519986,-1.0746961574967138,-1.3688850434331985,0.13346037543412093,0.04301236711521317,-1.934043608084463,-0.9430665119981037,0.09722404747673874,-0.991017684865563,-1.0135353101917306,-0.9219218744317789,-1.3503269874374695,-1.6485903296072777,-0.27321630860803103,-1.7211969356710877,-0.6732813775241784,-0.3477768023516504,-1.5078122795172813,-1.2324828662602496,-0.1489707529417882,-0.47144471418669737,-1.0260495865067611
0.2682070324428716,0.2178100595402243,-0.3013887211202207,-0.9340967014263808,-0.7362267662119979,-0.4289333648824305,-0.7059566214561395,-0.17840759646591453,-1.4454989373923357,-1.4567912523861533,-0.6444364241739947,-1.001885328618207,-1.086792430519583,-1.6702726358593654,-0.7851985336861108,-0.8257800537181734,-0.4727739702187436,-0.7608506743039509,-0.8530981277609567,-0.18553616266269857,-1.4133275245320398,-0.4678652146751436,-1.5466215882501637,-1.1013745254091092,-1.255981062375565,-0.22262932665933355,-0.6069378266553002,-0.5385132142940215,-1.0397832544905083,-0.5882900134765096,-0.7698330137366773,-0.14393260295824564,-0.7769514724903621,0.4392662399393522,-1.006426864356671
-0.7361773854659945,0.45314245279612125,-0.6534844416090915,-1.1414559196917553,-0.4199666332072658,-0.8098228579673967,-1.0295943346915482,-1.1958215909826988,0.703574905475304,-0.8354354379451021,-1.6976556600816495,-0.009258242211987566,-0.4677326706154273,-1.1694774917820607,-1.2615310004282725,-0.4626661016386753,-0.9229726249393413,-1.7582926500869878,0.10682389366162581,-0.9910317121658456,-0.009308004566551786,-0.09684234511607415,-1.2115527780938966,-0.1655986532271314,-0.9753737709957488,-1.5469508877872635,-0.7865317928686744,-0.33294284110939365,-0.7177850846239516,-0.5919674359726156,0.1836826603821849,-0.28241312024030774,-0.7030550604670316,0.12538421917047757,-0.06979885606750119
-0.4608024007310214,1.0138961964343778,0.9947935084174657,0.8075393987795356,1.241370049508701,0.45680650997870714,0.9581811210620093,0.0028259993721974075,0.9856744089941992,1.753934597685015,0.27470741678635413,0.3864243724567934,0.40497063565231456,0.8180979089528628,0.21417343905795538,0.9483855746192769,1.1527352540999587,0.9875312886090337,-0.17331234984276744,1.198518787011479,1.1591671421481888,1.0946288137858078,0.8545578183694832,0.766351786844469,1.1601124572069805,1.5928839686435703,0.14137425985525048,1.1432915276581863,0.5470312653688354,0.5108007908431886,-0.20753384678418918,0.4030380980414041,0.031119470098436186,0.2817727093123339,-0.05180521727254339
0.5755458063434968,0.5966645610369518,0.8472566137788151,-0.009896097156559813,0.07276068510125178,0.9739604375072215,0.39121216811650933,1.3235705800708395,0.8947640783023068,1.0807858250182705,1.4774817532305722,0.6114700325473946,0.4727350043899527,1.188950088851472,1.0004483574496574,0.6440967303631363,1.425044264843347,0.6142355269621763,0.7272821817541596,0.7115462798493053,0.22318648757211335,0.718340822355851,1.3665167827408164,0.8787412874299906,0.6594494713432479,0.5502435842590082,0.783328005740851,0.9791121440053929,0.8947592298174383,0.4097048859464994,0.7231222954618872,0.785402673373241,0.026154455319154724,0.5978151946571539,-0.5833639685346494
-0.0916506143271214,-0.055286274905586075,-0.06214200473484455,-0.681540013574333,-0.37497899696408277,0.13985018591045784,0.09522561726323397,-0.6624725351966205,-0.6109520819728876,-0.15420391548581736,-1.4852729875462982,-0.9176509930532669,-0.10548289540233424,-0.2986440054297837,-0.6103395672602494,-1.5523187023831009,-0.824468577715195,-1.0902614389894034,-0.6212766372321017,-1.1787098234553073,-1.2699555702950687,-1.7684924629407526,-0.10014566336413866,-0.882078841130234,-0.5710796042126409,-0.6147196526223833,-1.107949676337853,-1.16129404772163,-0.9890743236244006,-0.8000274849247615,-0.2047972385752191,-0.7335189421456594,0.5918394109727554,0.2879445752833897,0.2355431352882303
0.6422365982757232,1.4440320831958462,0.5617104950257059,0.6379237771259414,0.7204275881401582,0.9673088116016308,0.9149072792256758,0.33807467763518745,0.2874830908923943,0.8514642774073303,0.8658869950560909,0.2876060783120172,-0.33400735984980684,0.3305618560079735,0.7199813073259091,1.284328617839014,-0.2445148368156666,0.11350432629203913,0.10393629194027998,0.9479523253387537,0.22359574063179516,-0.24193233484893695,0.4614335405287678,-0.05014457253654203,-0.4901526035922907,-0.35465766960275635,0.9283038264704344,0.22285174451322934,0.05404650092569306,-0.1553612985394786,0.08512354517962521,0.048719747404306096,0.02437244102505269,-0.0944252617739126,0.252637493398305
0.8115521730003655,0.310750321772334,0.49266770910898083,-0.19203051275575045,1.8089283169951096,1.2243805981183016,0.3748959790869403,0.6453832602573238,0.46369098019156657,1.5486783556021253,0.06219701088466023,0.8235634678600705,0.7057144358156666,1.1665181114066223,0.693686961622467,-0.14134255305393084,0.6037563640441557,0.23427657291047904,0.7506851362545492,1.4180234726923393,-0.1792291870947902,0.2794367599127036,0.3917902171498222,0.46544158203529706,1.0139805901964043,0.5443550160611492,0.825795854397898,0.2913423078949122,0.7051019870815306,0.9645361322963464,0.1945817235382858,0.936111862702359,0.5559383334464282,1.036430044306433,0.39657802457804475
0.9906223275810495,0.7794166237093884,0.7507730235391255,0.9269440481019506,1.0639234935863653,0.1682208461799557,1.5067480310604977,-0.1435258353190254,0.4397231624253354,0.7302702145326164,0.9783135775630988,1.5544117023213702,-0.1691673870144631,0.4992517318572099,-0.31772516841481824,0.7535728722289106,0.8651570736153914,1.515755552967768,0.771212743422996,1.222947519153366,0.9824019757908784,0.46192402911007135,-0.03634367935444893,0.793758278887808,-0.10213325042889976,1.2787307611766652,0.5368634405192634,1.2018175355165086,0.35003259730636205,0.7100627100579849,0.6654059270741743,0.5229107437936397,0.3134221923843479,0.7099279333005668,0.034206342874927353
0.1952823355204707,1.4211331862120673,1.162463149005465,0.8304246382902256,1.628090950245804,0.6591205427795358,1.4512828366460484,0.8740927274187847,0.26975384225658827,1.7014248458004917,1.2674910163321673,0.7058149229458988,1.123563986865065,0.5512470790531118,1.1602660930145854,-0.457777397368193,0.2194146145180792,1.209987554025623,0.5860675938668092,0.8047061018765471,0.0170906039636316,1.603481625463707,1.263401515900409,0.5559145205542378,0.4415698297121191,1.1459294055516895,1.6091297166221392,1.0811089576664772,1.6760411480708628,0.11446165232653,0.15103808315743467,-0.04903775622757278,0.7506322739073836,0.6015016989674916,0.4213124128805388
-0.2812264711316664,-0.8786780517365502,-0.1775024347158488,0.5941582283751001,-0.7198497263736464,-0.7601185265360586,-0.8922037723728939,-0.8925933028305504,-2.05326167417386,-0.5071417949251775,-1.1576480680925179,-1.5612446811106548,-0.3966731483044383,-1.3272531687931348,-0.9643059830270805,-0.06618130412350065,-1.5041213602068706,-1.5616028581633181,-0.6521429938595393,-0.19929279905268293,-1.5442647316737466,-0.5322149556803432,-0.42054823587164336,-1.7117738272548655,-0.25040182711029807,-0.17529765446420298,-0.7301254964856154,0.09441158915147096,0.0818110265366398,-0.38688430265146256,-0.6138230572445884,-0.8220740566768322,-0.300187659507651,0.05924851718890381,-0.3307250700649444
-1.4316679718687289,0.2488991451013583,-0.3408034567056274,-0.6738288358279662,-0.10092322026445599,0.1901925613812523,-2.012614991626341,-0.43075436062230443,-1.3939365027428412,-0.4601042344535633,-0.6709083787279213,-0.43824985849447967,-1.0228919304180404,-1.722864332181743,-1.0201555517135357,-0.5959786821478992,-0.2918172968570023,-1.3812193911006996,-0.27326587520419965,-1.0979726258811278,-0.5758689320105017,-0.991006800531748,-0.6199626919964385,-0.23625476812356805,-1.263159534708176,-0.9535535427587084,-0.4817514161865598,0.669030238517643,-0.9180116167091968,0.5816236774883945,0.6141112897554639,-0.3843156857361492,-0.43048216792450544,-0.5716635419955315,-0.20273790471095832
-0.6467699549456167,-0.030894310157984592,0.7062732181000584,-0.3969407568352996,-0.2606431220327704,-1.0391989668091512,-0.04922607822302588,-0.15074366660711902,-0.2967815075164303,-0.4814410954311308,-0.5623788099636258,-0.20643552938515514,-0.5114354264756129,-0.37728717376403387,-0.4629882385038669,-0.04229692238327176,-0.29674094122049693,-0.5676119066130825,0.06889578659469153,-0.5038207328415724,-0.08239063552000148,-0.44951510178331056,-1.6891887326441757,-0.12812482895742994,-0.7222903798820554,-0.8221798429436445,-0.6588157902306169,-0.9722200635257836,-0.6834026733840838,-1.0870045819020215,-0.14506300069951716,-0.827142721773239,-0.9468522684987999,-1.2003534821598543,-0.5830188384929968
0.893553550062546,0.9939320463874066,0.2852532108068505,-0.0031117654166807895,1.1083154102271933,1.5353242330802122,0.2767544154566107,1.581026326736723,0.9240847466629738,0.773873297639652,0.5733612447472357,0.07406642873818259,1.2538426150603903,0.36529561533326366,0.3557882376160143,1.233725040217264,-0.21217644197048724,-0.04144122345194179,0.701828241222228,0.8475771689346021,0.9328507590058108,0.5286488809145291,1.9333215283624154,0.5423108503589856,0.5285246820924211,0.23263389043490423,0.6798478997982109,0.9117094457841877,1.191928841639292,-0.16900481536262002,0.43773382922897963,0.7687846082036738,0.8232807163799116,0.5169742529675764,0.7684999593825824
0.3929233717011983,0.21711873956600913,0.06872793695480361,0.8914497222054839,1.0817554648637815,1.118486141531679,0.7309406793478699,0.20780745712369186,0.44109181828289185,1.3535790693960297,0.529821310720084,0.8380342537914189,0.22215311531064685,0.9213903187815826,0.5168492946452755,1.2611182421616687,1.1160941344687827,0.47250470859469174,0.6475633493024372,0.42537683441186175,-0.019233163251155982,0.2508269128390472,0.7672453579019808,0.8188868788566936,0.7181917099401016,0.4802606978625251,1.084427794398168,0.6359997820412691,0.9417667284205354,-0.3112502492437703,-1.4004686274023412,0.6873268167181417,-0.18263087777810083,0.4074740727087787,0.3462394541042287
0.46078283197005454,-0.18545952571512367,-0.3529855542287379,-0.06552101017271239,-0.34525362105658075,-0.8009652333543421,-0.0759212417551155,-1.2027612495274773,-0.5189883035708864,-1.4834443849211896,-0.6329000511572134,-0.6596183008282899,0.06495935778661854,-1.5687312229930566,-1.095415044012108,-0.38806128643071874,-0.6318548329959601,-0.7051512151956855,-1.264863940119978,-1.0694456551035818,-0.13457336869613667,-0.7618144209758957,-0.5233681577802527,-0.7397877497969448,-1.2411952536887907,-0.14669538134779436,-0.32261651759135496,0.6210568266860614,-0.9942074504510554,-0.027156804909824694,-1.0438723451006222,-0.25698682654881483,0.20684738970702693,-1.2616985007114292,-0.2711028766654277
-0.4522202350950276,-0.2512511653396458,-0.31043955727205275,-0.8981068694263032,-0.18667421821924468,-0.8917235037352047,-0.6897973752349169,-0.3044991503316627,-1.0015225993098382,-0.9943351996436027,-0.4390379550686454,-1.1849797100172643,-0.9656641349727481,-0.5083731872507204,0.23207476463278587,-0.4967002473364173,-0.5631935796996081,-0.5299029490280722,-1.323391225674233,-0.7162381117179132,-0.7719771169759658,-0.5752675539125536,-0.652793979614554,-0.49234374670014897,-0.8053860935135091,-0.5842961356993963,-1.1881469928860993,-0.69171523099899,0.209000013462539,-0.279039095695937,-0.39856088077366003,0.6124015277418198,-0.9618233939750949,-0.7803587203862956,0.6877190660935126
-0.309937001213247,-0.5067493203318237,-1.035517230175896,-0.26016845429204327,-0.257272479712369,-1.1193739172775738,-0.6817969996576095,-0.8156441015998732,-0.5526233241282821,-1.2692846089633558,-0.10889825265863229,-0.2982012309159525,-0.9548559025371208,-0.8944536320913523,-0.8631825312240097,-1.1885567762210423,-1.0212281703121318,-0.9304389247017415,0.019638096712855657,-0.3007273268926488,-0.28976651913945317,-0.5510970175967365,-1.2697115103181067,-0.7029391376973949,-0.1644082662572181,-1.2427329090689367,-0.25595610642097094,0.6295430206338499,0.04449156236908308,0.26857130227092874,-0.27893098686104123,0.14830586399714124,-0.6403325120015732,0.17230096350742755,0.15855742748575785
-0.18796188221888246,0.2725459076723223,-0.7053074865517686,-0.5775453457263803,-0.481771393796952,-1.086932222404826,-0.49819323498227147,-1.5073513920602637,-0.157134630123563,-0.686340804570051,-0.9953184318670926,-1.1732999278623155,-0.8905576379803065,-0.44211442088596,-0.5211019667164214,-1.1521714733570212,-1.222533297508431,-0.4668543877046133,-1.1479697909482232,-0.7440815940181154,-0.6952165515456264,-0.5800287582355624,-0.2819127907615535,-1.3136750538423667,-1.605232158694152,-0.8973242349994686,0.3265314940584899,0.4793254580461561,0.4291718071571609,-0.5349339493904097,-1.279157903074536,-1.507179661211274,-0.5884249855992609,-0.32466775773786577,0.48167606098335564
1.2339027297712228,0.9134222790444637,0.3539567690888441,0.31708905486666056,0.9225836025096312,1.1415287915618215,0.985871857774351,0.26900670515254643,1.1074630316908263,0.9903602334657724,0.23680238992503555,0.37416495330055305,1.1042263443788738,0.6358450284791197,1.5402652263030432,0.988326523306075,0.4859996872707415,0.7152548816866752,0.7425870592951279,0.33673979781132113,0.2341893359325356,1.0302430745174052,1.0907733425626185,0.958147864518382,1.401576805305683,0.3602406068360421,1.4550298745732406,0.153768270483724,0.0837970326883154,-0.30434212421713613,0.3378338414934215,0.29357163438437484,0.7927205892099691,0.6356453948755322,-0.09919871089303689
-0.5292805884506226,-0.5711888127307696,-1.3239061911090206,-0.9744899509962339,-0.9149092297831448,0.14468577305034758,-0.5159338489037191,-0.3168018086095904,-1.4299296459122735,-0.112552246346038,-0.08432094840316451,-1.7552856052870678,-1.1259264851286368,-0.5383614897644116,-0.4727772293161106,-1.1386498649614016,-0.9522631927214404,-1.0939942713870083,-0.7315870651676486,-0.17544721532691077,-1.1426149513783672,-0.23564957521472463,-1.1018840420259333,-1.1060071916571474,-0.24035518689230156,-0.15263240538148432,-0.14852774147627595,-1.1896602961066036,-0.7193922496618081,-0.026948969508404252,-0.36732944180017424,-0.8725065334840858,-0.05224693526183449,-0.5830345721589208,0.7286257846514821
1.5724207312091294,1.101768452726437,1.4793825069443018,0.8298745090507962,1.1782385061614213,1.5318634497929957,0.9126805675487152,0.658712099198732,-0.07018176179377456,0.7358379870543198,1.1838471853012802,1.2391421522344956,1.0121608899572956,0.4824492485709453,-0.2427192089889808,0.49015433627141913,0.5771428458384004,0.5638931982871345,1.020173541465231,1.693773159939596,0.7522480359418954,0.5711822330344246,0.5385257875395243,0.7184495131957598,0.22977087796958268,0.6912265042148705,0.8433006597035753,0.7090718615480445,0.8189107813749524,0.7925111215317566,-0.32521684271639184,0.8638678819968033,0.19424452625141708,-0.03421965743667221,-0.05493793931096658
0.27336056657042695,-0.10406226511011225,-0.883151310818075,0.14762068199920075,-0.8600850354376587,-0.1187180504164248,-0.11700765945202057,0.15980403176471647,0.56220970583411,-1.05536573327033,-0.4422367786089232,-0.5955532937575998,-0.28015228270082015,-0.42693872407489064,-0.746752768599451,-0.8244616602365804,-1.1934634175000478,-0.17011203698492294,-0.4607131379316336,-0.2550708984722845,-0.8900700481529678,-1.0814041403238446,-1.3073867264930183,-0.601083418746765,-1.3097751128175072,0.12812907699001952,-1.4533112545221256,-0.662898422940999,-0.0134897499716633,-0.4915216690985707,-0.6943622738208125,-1.2545904884436616,-1.446444941421435,-0.3528655198414244,0.03566688732015566
-0.3965171612289354,-0.14905026722301062,-1.7971421381240438,-0.4009462809503839,-1.1043731421600467,-0.4099538812626637,-1.1298238053014769,-1.075627533546131,-0.8174257025343017,-1.2358242226546317,-0.9726392032828883,-1.3528010059864122,-1.6898533490200764,-0.277265750057487,-1.4429958024971659,-0.8887429435217824,-0.4230679204477215,-1.1027757921224586,-1.1993790385134773,-0.6609174367241564,-0.19812696144418895,-1.320717456642166,-0.7861219218612089,-1.548440882892369,-0.8462529979050032,-0.596498252116255,-1.001545030735136,-0.7602575089101489,-1.1905301447795078,-0.39990395981931814,0.1397467623594532,-0.8842320452705854,-0.5927417881007468,0.025642180563905187,0.4374087201167443
0.05340509389553438,0.7153273708406788,0.9404445657191774,0.7464506386746816,-0.44287627446463007,1.0435483067963442,1.5495994021968809,0.8446365605406255,0.2665761906476517,0.5208411267329253,1.657092126847921,1.2213067088809602,1.0799916662902551,0.9313050878192533,0.4151230193893283,0.6374762949459024,0.6903539135261181,0.9951448399143636,1.4653548101097207,1.2601040228287401,-0.019208742876671403,0.7915456120631799,1.0365183666255193,0.9656872948142203,0.32930087645007244,2.0881818327260238,-0.02064778962788405,0.06263460642777541,0.70693735500335,1.6340388443394156,0.14263407305474457,0.4125186199756055,1.0683987855904902,0.50476884662144,0.3299860473513837
0.9848825004556581,0.8231507104504008,1.1859327034046636,1.299288928735746,0.7889418482682043,0.7622636540191134,0.70350873086725,0.8202025951821328,0.5815652695411031,0.5312085576701434,1.1065822635240958,1.2423397309009752,-0.2941897973272903,0.43923047988238034,0.06387119119036244,0.2261344613860875,0.555722249222325,0.6615091384785601,0.24257485089729583,-0.6866205117383983,-0.24145629942697827,0.6599807799372788,-1.1881273119496074,0.7458882633249311,0.3826560284089572,0.74981702480033,-0.038001744181355386,-0.9999555783229542,0.2153477939526706,0.6069121313857151,0.4014100268769364,-0.42274396734095865,-0.07833143534728701,-0.41826594130275097,-0.5913949078491556
1.2776942855899256,0.20095358391607232,0.3519709392686086,0.24546601725291295,0.05039599732439015,0.86621044806326,1.3706827508925468,0.693867306833241,0.02925531701270012,1.1973770197860807,1.6149864700376104,0.44320427637738363,0.5207012237392314,1.0109291110937624,1.5566284493773401,0.47784481241117366,0.06309039086627355,1.0360669850183448,1.1104293995474186,0.7040006796497895,0.4114168051926236,1.1767374931086787,0.9321546963155529,0.2720393712901562,0.6684651237966179,-0.04472654117048036,0.9608397197566354,0.4731120450693725,0.3722843981801932,0.5592000742812719,0.5808853480719539,0.9928978335818819,0.8252972147452546,0.4354952846689054,0.8791220494760291
0.6208278670389201,-0.8741398609287823,0.5078974926849282,-0.9666236258648233,-0.4101334518304218,-1.2090453994272279,-0.604312159110212,-0.45480293658414583,-0.7579570629049449,-0.35272076580796513,-0.6853647551715822,-1.0173204859035092,-1.0566747820718825,-0.38078738996431843,-1.1218424709886854,-0.3417010144753222,-0.18815756477864842,-1.629660672037502,-0.22033289499019104,0.2561748681644823,-0.6310919922068008,-0.4365177314515205,-0.1925453436679101,-0.8199347429982164,-0.5585123842949733,-1.2707003591968473,-0.5049151955923776,-0.2827055941752624,-0.22833524916254816,0.09426909628872526,-0.7755014511498861,-0.6019634887221019,0.6663477681711223,-0.3007951295450407,-0.06861974588845977
0.023084740471551797,-0.403615214650197,0.7695976866205334,-0.3552489315572438,-0.7039237318917101,-0.413998868326906,-1.2371101231513144,-0.6086282415743969,-0.812696986325479,-0.06431325485639694,-0.7527069703573347,-0.013483678446066849,0.20221487085335943,-0.14418544139790052,-0.6781737916611792,-0.5334533175783562,-1.3977304599800537,-0.7309325144487976,-1.1205344627648148,-0.3667918067952037,0.551504214707026,-0.5030755879897248,-1.7637992676557377,-0.9611573070742812,-0.7286330378661626,-0.7525237448631237,-1.164896526779782,-0.6770826112287822,-1.4181675220382501,-1.2635209100730087,-0.45930030926484644,-1.2781802804026268,-0.4864545443914545,-1.4226224616282463,0.16500620882855044
0.4128650387979727,0.6878864536469314,0.9641857851046178,0.5148038577385585,0.8672227395095657,1.0806816644020212,1.2702378429033014,1.1820544029423523,0.6962239853934463,0.7040888628932657,1.9466898720326409,1.241269972575327,0.29906652893798374,0.8030928779348411,0.5781200060957182,0.6700947683122319,0.11456770251133208,0.514396064689165,1.6166732495732254,0.9904731048699276,-0.5550972690543812,1.2879098738616288,1.2129514554961514,0.47661447758869435,1.0025495300353897,0.20142761943324267,0.3827666334044967,1.3535020100957271,0.4542747944377076,-0.35922851412000656,0.5290798870161616,0.5061386063419233,1.1289362337693736,0.5208681351531868,0.2864968188963851
0.18961060337788904,-0.3250626859363717,-0.8109264084109328,0.09348219278125958,-0.4326715322177005,-0.5706637535204068,-0.5227050111765685,-1.1832203712916387,-0.9444387854268362,-0.7078681869366422,-0.8322038274275506,-0.11989893030645693,-0.6645651968072109,-0.3587923149539655,-0.790273778797277,-0.2712582578447291,-0.600749582908037,-0.7885934981702049,-0.7934376331202202,-1.2512557942033489,-0.5036360127396096,-0.7561621913671212,-0.9620439859430917,-0.1289627000026694,-1.2747605090113088,-0.8248485421015097,-0.06037333546783641,-0.3740001215374065,-0.5103462244521615,-0.3129414939349917,-0.2983932765577009,-1.0939913835283144,-0.4560368474985361,0.5826298845936887,-0.49829870693320755
-0.9197326655111127,-0.8824182667746236,0.1405415604743307,0.46630793337149423,-0.33285484539285976,-0.01889816071280348,-0.7345833656043871,-1.3167232786271823,-0.37452608802837556,-0.42501482621800196,-0.6990377029750888,-0.8773008507673103,-0.29216283388016373,-1.279110792985904,-1.1818617455305307,-1.3034557530980047,-0.7570269798767004,-1.3392502469190664,-1.1289171788983303,-1.126914262171466,-0.887398038974744,-1.4797470473009202,-0.6674455098338559,-0.05854176007636647,-0.5819068099055272,0.15705997801536764,0.0927663830808595,-0.14289406837360585,-0.44907383930734,-0.4271930713873452,-0.006200475900491609,-0.5314954151373699,-1.2226662805582873,0.020371084388294214,-0.7341709545121093
-0.8139880833329063,-0.38534582818903285,-0.48347750640480913,-1.1900543906473644,-0.44675663240953,-0.0890569064296014,-1.1758299920152868,-0.011644520158960558,-1.4606973099026397,0.3490025843324428,-0.9405021951569528,-0.6833046233013089,-1.7192849094135476,-0.817312309506821,-0.6807303672261058,-0.842483551767538,-1.0810539997208009,-1.2685860001283444,-0.22153277887205292,-0.7586329135588921,0.013282315450621196,-0.9993010014963932,-0.9284453525385978,-0.2743964631106238,-1.4611399770656903,-1.2203322744617542,-0.025490224181021315,-1.1177285566091304,-1.3959422682770566,0.4958203285264805,-1.0850091860192244,-0.24360041122126885,-0.24686330846241977,-1.6309451009722273,-0.30229515112852823
0.8492755383543222,0.8737184181461783,0.5394254809284569,1.2942461832648817,-0.3094114235452492,0.4058321739294169,0.8204186061106566,0.8042497228321608,1.2303594659127528,1.1306254954319317,0.36549789045686265,1.1342172624887559,0.10256580310069269,0.8996635954080145,1.3134796471234764,0.9890922480566082,0.407349336116726,0.1609005668212648,-0.46565757542667485,0.4253194745801051,-0.31654212312434804,-0.18483638696977256,-0.4132870013004776,-0.07802147884439642,0.10805632584319538,0.22853627461817155,-0.23897046844785683,0.5653889868860899,-0.10393615579556138,-0.42427564726621514,0.05219525774194407,0.8903781911749671,0.04586831018894856,-0.33327562059959265,-0.9454923538138217
0.37490112709267215,-0.0194030899986134,0.6690807936547799,1.403192585805321,0.5427961541471499,0.5376613330441329,1.2257934387436271,1.3205804641835237,0.7378436836603884,1.119762176940013,0.2336583225811515,1.4553126054133878,1.8343315040666162,1.0137066916464277,-0.2964742351865858,0.4586467540748946,1.0357279422000367,0.5096161832989602,1.3469946401013178,0.9950135866501086,0.3372456846384508,0.6956805329982819,0.22122008372202567,0.5649646905356818,0.3666211379275063,1.2185081249583622,1.6759005199531731,-0.11136533685707561,-0.3714683287323143,0.45305110593179615,-0.19847635100751104,0.5685386046345603,0.9042200059856073,1.2607708726987192,0.597985253974172
0.3356642322697223,-0.5911356199731606,0.3759694717333611,0.36243358298205675,0.6093646106877115,-0.10198616084833062,-0.0035272372182599543,-0.5637957779776589,-1.0096726891218397,-0.45784632990449825,-0.7285731457923459,0.18499200995277953,-0.28242664617445984,-0.33241527608278176,-0.5952821185240259,-1.7588795607758105,0.5723936986193056,-0.7206074588480045,-0.4648416884157562,-1.023590747725685,0.15304770248260302,-0.297143684582708,-0.8170595263128202,-0.634000938056229,0.36828906725815835,-0.5390236141188305,-0.6238875858318123,-1.032861204488476,-1.537205547669148,-0.6962043400275182,-0.47817233627523814,-0.11425059602434295,-1.8097592699449856,-1.2678139202141434,-1.0136282588918741
-0.33465789352431485,-0.45797464795113835,-0.49675941047170924,-0.279968558204577,-0.9811489698656547,-0.10505601574327833,-0.39493298603265503,-0.8078023176473799,0.11984209860679007,0.06854852993284954,-0.2684243023183066,-2.2653915069986508,0.016204423188274975,-0.3888650150361997,0.20823286277126662,-0.1806702038510214,-0.010342122445971214,-0.3559763157742475,-0.11244948931795229,0.22302538930935278,-0.648816503618662,-1.5221750961379965,-0.8647784558600604,-0.487220785716987,-0.6122087038781293,-1.236881577465006,-1.3897665224550926,-0.9023429263149478,-0.0825469826337073,0.35172661990141973,0.07018344480672906,0.19305353317171442,-0.3218136914063342,-1.0966721715161676,-0.39624692998597644
-0.07279244460202713,-0.24130104491552706,-0.014819486138056621,0.12931165434953432,0.28622662408350363,-0.32768866185869727,-1.1881368251108444,-0.5244233687283735,-0.3067774889033238,0.23837639074664502,-0.6999037716694512,-0.2011138320357902,-0.3519831758635851,-0.5128228429800058,-0.10521298756884512,-0.934431164307443,-0.9228312147297822,-0.6699932397352918,-1.0103884812782482,-0.4599488518425533,-1.091468132098277,-0.6398343021040623,-0.8183155775717826,-0.6730792282287419,-1.0197491980849096,-0.9657466047566691,-0.7514853299768803,-0.6986912294665933,-0.7990180612741344,0.06161462952606678,-1.2775675894373442,-0.8024505624390706,-1.5423748581960754,-0.5518498349665242,-1.2750300012557245
0.5629109215740101,0.5008595526699413,0.8111588738868537,0.37715902543047436,0.3377874694185323,1.3343255233729079,0.7387366349614464,0.295111890846355,0.4285631146997558,1.3541902749666606,0.39068626398492606,0.13964332914725974,0.11708859992622378,0.15965666351730712,0.11096954669961862,-0.25820372954549786,-0.20763590411882465,-0.08787023447335907,0.5944235819295172,0.07943101198656635,0.13748564631409144,0.8467749574646444,0.8295894740370673,0.011112215915063672,-0.19339072225501797,-0.34048617280144994,0.4076707341132437,-0.07160648307264567,-0.19308097196197352,-0.43724671820223193,-0.44578408038546835,0.06863087014968133,-0.7794311060222414,0.3455865399811803,-0.448683997661929
0.7251820278741038,0.13123076047837623,0.7926961854382327,0.6333183626438258,0.7704794595456802,1.5288577513229034,0.8787802495466787,0.38897609288297186,0.4264692620214993,1.074970342871951,1.4214822385168366,0.907284448826206,1.1043347293754753,1.0579676577204178,1.455223782163575,-0.23703320108922965,1.0629247510176403,1.2122257038339235,0.04153350990848215,0.2581008624289681,0.2650920607072722,0.3151530294239638,0.42727816857380774,0.7775585362693733,1.076755083727467,1.1717857037261112,0.19898296095378448,0.18187733040930903,1.2480507343806733,0.8990092845668112,0.6021639193413281,0.7821011405765852,0.5148500581569235,0.775992265589114,0.3292546263636611
0.19099222855377782,-0.748047826682434,-0.3860590662380852,-0.4299038139921127,-0.3274759866417022,-0.6518853570654043,-0.5030289352000885,-1.0401915402818662,-0.05428244920186559,-0.41428432977575635,-1.268603654465407,-0.8748006015088277,-0.3287264119002178,-0.8062840827345948,-0.9189503773001892,-0.6413069044351908,-0.463439222318916,-1.3822190567077581,-0.4152509881224586,-1.1141016381735414,-0.7438359640401103,-0.7706964763223842,-1.0317622522982914,-1.292372083682452,-0.9327217745995218,0.01646269704434189,-1.480327479207221,0.04642802700518789,-0.9267776891168226,-0.7733808401861556,-1.325554535759066,-1.1559833733014542,-1.0070151721565928,-1.2607380597391735,-0.8218657117527535
-0.5364254151410995,0.5399327690309399,-1.0189021604683048,-0.43267132911525563,-0.40557927352518774,-1.1072870111860444,-0.26824545915597614,-0.8470496920241543,-1.9268067231292012,-0.3797346818007514,-1.293342421966393,-1.2800005947843043,-0.4293170817245136,-0.9598250174813916,-0.33608538080945155,-0.19431945203513123,-1.1219776913557629,-0.3986724928869217,-1.1645264893371494,0.34252147750822115,-1.1035723750733726,-0.22301610361892965,-0.28915299291170177,-0.5241496743542384,-0.9849240767722498,-0.6892993403559973,-1.651026766329879,-0.419551572806408,-0.3116090951115901,-0.37169355597937914,-1.8747534477284002,-0.9684783329302591,-0.6554513962488866,-0.07980147606866264,-0.02396718672313153
-0.41802936522330353,-0.06783503388494855,-0.9490362552795242,-0.1788990846425511,-0.29213136205615464,-0.38334937044117035,-0.7026794224252233,0.26748572683229066,-0.4340140530927283,-1.1938274194798133,-0.6107192420472188,-0.3798714331776454,-1.0673224226328675,-0.2416081528066173,-0.6039546032271963,-1.9706416685504642,-0.6496774725256508,-0.9983183180707946,-0.5182061813698404,-0.30192906093196,-0.6595128492368559,0.09656629287341612,-0.8004014481342373,-0.3697846738817677,-0.2471812092452345,-0.662273578831659,-0.18484555586871215,-0.8290980855786174,-0.697700970136392,-1.0946876106782213,-0.2673958038970981,-0.17303427245818162,0.3082256744650593,0.1699390595147561,-0.31103441786834035
-0.9220073129048524,-0.1690326009269399,0.11946151857924675,-0.10642410058757756,0.012736347952543636,-0.6780715024592469,-0.8449686909702181,-1.0163368616992396,-0.7085601306444653,-0.7489548858374436,-0.631533165645653,-0.8207618502325085,-0.8400819880340983,-1.1745913027582386,-0.3241619493094563,-0.761143468595935,-0.886735428337255,-1.1690183674890393,-1.4527526438362517,-0.12005438478319508,-0.4797745187418614,-1.5480187453839154,-0.3294768554976609,-0.22095300029215076,-0.5874644349134435,0.18545485349058677,-0.4658728887961616,-1.2401733559721282,-0.30383226010162234,-0.3159946146537003,-0.6897487864711991,-0.04888069194664113,-1.1152385379199863,0.269652471058209,-0.6076974913473501
0.30752693744148385,0.7428073533949149,1.0153656185812328,0.8794408657858205,0.42419017608772436,0.5399586565460139,0.2234100529628278,0.6739657341409387,1.3196398245502383,0.7752732810931288,1.2018427203998514,1.4940261073137768,0.4659690975796071,0.6598121695243828,1.8312880060160621,1.4599335912637592,-0.10688698154080023,0.9139318399125949,0.7111753591461166,1.1141615098615574,0.31799405127882124,0.2597439415923194,0.33010133639476597,0.37029285664268624,1.0515798415482893,0.04052663826740299,0.30658754155801593,-0.29027736548992034,1.0936987260787485,1.2111523665730592,0.39719478297493677,0.3964581203924902,0.7563629002240926,1.2509409277544346,0.7015933483984902
-0.29218120990339497,-0.802186087490906,-0.5997300501571136,-0.05478850044070842,-0.46794473163864225,-0.09114487668015094,-0.5127191304066646,-0.8120577247300118,-0.9171485031258513,0.4081496843665557,0.02849402401442297,0.40787332967848794,-0.22705167530374976,-0.7497688138491195,0.09119081401382811,-0.6205445666120366,-0.5248171047628476,-0.6854550177259373,-2.1637673383734057,0.08841250877757345,-0.4893700069363342,-0.5880748755423745,-0.7991172243136847,-0.6988283004240292,-1.0885179684765138,-0.48791278133962,-1.4530391361749717,-0.7066942663119765,-0.5161303682930041,-0.8904011156419267,-0.5967652338311897,-1.2660158610798389,-1.2384737325855653,-0.6195320137870207,-0.3781319057567918
0.2172792368894716,1.535050734874798,0.13623846858319444,1.470530545920346,1.3881012746935837,1.242154576986476,0.44304792290318357,0.9575311245443245,0.1434436505194745,1.2328582674319413,0.7351432022519903,0.5616653311573383,0.14810593376995607,-0.485654263262443,0.2264211469669365,1.29416098308024,0.527898567127974,0.6356932533246179,1.0386725421204952,1.6037693934903086,1.3529857624941681,0.19338062570456155,-0.3031485916771325,1.8360642592919545,1.7784135639735088,0.7253540230564843,-0.01734963125323541,1.08584209670777,0.5361479713662567,0.5191467553041837,1.0079609199593946,0.7126201762357509,-0.0631555064248287,0.35132895652431984,0.8278644389472047
1.297763345837057,0.7589917456597137,1.1366245781921498,1.0862373112927115,1.0488135948225512,1.3489799825721627,1.342170078570292,0.7227263865184317,1.1030687480336678,0.5858572893351699,0.3105993948623359,0.6315785605986877,0.7218392812282992,-0.0776916985369307,1.1758578551931747,-0.6459008260274123,2.086723751108537,1.471297248780301,0.5803910008901121,0.7056481347140627,0.8419693718149905,0.3849679336181845,0.7644462678350389,0.5842571408910721,0.5967813995282991,0.7218577565821623,-0.038869407639321785,0.6240136918276245,0.6718636876813004,0.6400621275354461,0.45281612068875277,1.1143616907837877,0.35292567164186844,0.6273628774769018,1.1459367415793045
0.7603119299898439,0.906951373282429,0.7506868364019664,1.4161637307709052,0.6666574781807658,1.4346805907860611,0.7381372793280264,0.35657582323186543,1.1218158025818439,0.6250708330372389,1.082386042569706,-0.5983767540111861,0.7625809880455637,0.523296146673325,0.21406223221917542,0.461141384353887,0.44246370921905026,0.696364784456851,0.02723213233379096,0.859071844562033,1.373590827624243,0.8200123760865686,1.0726309986560751,1.2035383570488003,1.2621625142358706,1.5661965712524957,0.36829349239971026,0.24498683718024217,0.9818726385349291,0.9297704266861888,0.9485691482146746,1.4900740299242277,0.535436903481891,0.7267782038883992,0.007093848874794084
1.867660561987979,0.6314472789440979,0.644771190479,0.6241038884849843,0.4730718296517445,0.4282847777181335,0.5280790852067961,0.1034077209304014,0.3894702571631642,1.7518863056388763,1.139963164840809,1.22927752681454,1.348582750806548,1.6701660782332606,-0.14001970023710752,0.12282032763051642,0.3274534509180334,0.4854927836373427,0.5606106676836444,0.47744617802915573,0.8001378915873759,0.6971958229852634,0.3067192964524459,-0.4315172587518823,0.14748340545443306,0.3565078981855554,0.49435477313381565,0.03939510010553193,0.3447365811243517,0.010143622614695813,0.4978218226326635,0.008887138617794,0.10529962089741163,-0.1406421414292628,0.4205376268316396
0.1293701363816312,1.0689713178681752,1.5760203753649278,1.482369384970295,1.162732685378747,1.504214779784869,0.8166233628910696,1.1003571698727264,0.44174143413219324,0.9235374779929229,1.4369027150053868,0.4716137327072354,0.32925664236594737,0.8018432655639136,0.6323604736228147,1.0623357458089968,0.5026855183918548,1.5795774896834986,0.066057313995741,1.3278023475420433,0.30805882086729736,-0.2184432396793562,0.7870742722160045,0.5289531367349609,0.08911307419226677,-0.209561221015789,0.613714097901947,1.092147275572709,0.8826165609157839,0.6039906412771218,0.8001552850156975,0.5318257366101732,-0.1851101724325417,-0.19674706854641488,0.3957037101241921
0.7196733568169629,1.2252110788020358,1.1775312664467885,1.1000453418685803,0.6553784024353231,0.10267721708688848,0.9959667951845708,1.048890341586958,-0.4121365139440596,0.36023565662373547,0.4266084043231767,0.8255005390123991,0.35829814071524363,0.734031511639745,0.6404241053083182,0.6581871495049227,0.371118134515003,0.40086515484880275,0.17076183308592252,0.8909686747190921,0.976034749317033,0.29423915254998606,1.428456742050093,0.4989564060208782,1.4090105700420625,0.31006363792604136,-0.39539439676204235,0.805327742216976,0.7144123669320555,0.5928342145112805,0.23961525918483534,0.5281466900561922,0.27412222014788024,0.36252514089943144,0.918104102499069
-0.028162521131493867,0.5731861821159501,-0.02136584761890642,-0.854938167993787,-0.7203880128131217,-0.27790864673997195,-0.3929061051458772,-0.9365571934375071,-1.435608482627271,0.9342211058413356,-0.8054468160866137,-0.9189825683060646,-0.7166008912180618,-0.9076085709276813,-0.7336070022324598,-0.155928856659581,-0.8617877010378259,-1.3766589605283177,-0.8676179858800138,-1.0062373717628226,-0.04514440418433929,-0.15050029173014634,-0.65728550563709,-1.3215615128183336,-1.262598627783881,-0.6060389635930159,-0.4060712251969627,-0.7190730016605607,-0.7265015527293999,-0.7348428820993884,-0.3997973422040947,-1.527041286421886,-0.8320692192094103,-0.539156365386861,0.4351149579313364
-0.7398242902021785,-0.2952237312713237,-0.3226436921625762,0.16494166534083188,0.10178628900597497,-0.6008782212575838,-0.8494015774771169,-0.9798027369961854,-0.801143508570558,-0.9266761650148339,-0.45805827523609494,-0.5459582129721525,-0.47736752759820483,-0.15660242055408258,0.13646310461488675,-0.7370708030140122,-0.24978157549678737,-0.9711338327815446,-0.19429259684920042,-0.24328190246994497,-0.2528858878362693,-0.6890249035031697,-1.0452270878479337,-1.3794578043414436,-0.6696710998244578,0.15290567673929878,-0.7291551605396397,-0.13919829926750588,-0.06444106036631725,-0.5802863759736514,0.2700720566776382,-1.7899904826256055,-0.8927810441936428,-0.6834470908424156,-0.5784941509783187
-0.16478599364476618,-0.24043890065997595,-0.2389197815405703,-0.18597584042330584,-1.0045546990489247,-1.181214770263785,-0.4134993658784639,-0.9630022224065597,-1.465849420021653,-0.22398734558229316,-0.03732102666406212,0.022467323134575,-0.6797642624333525,-0.4732782282857155,-0.11003734440424628,-1.1201103947295077,-0.244174619167568,-0.6576056237928327,-0.3299402624694129,-0.6809899706198995,-0.10896551793376408,-0.6242979428281632,-1.4530375355861982,0.043769730748655644,-1.1234178665499641,0.012928510736664456,-0.6193541505777641,0.05624390060132012,0.08096754680759971,-0.2233717783523794,-0.13383270326855629,-0.12434580178907068,-1.2883182829650943,-0.16646583321408462,-0.7266687275805712
0.5178354165673433,-0.17341443487822616,-0.22959907347257558,1.129257203584277,0.8246098976434337,0.25018659744413774,0.30638338802418186,0.05124733680292878,0.4209119023099541,-0.24162496778050904,0.553459892768141,-0.10990755826458147,-0.2332831157566455,-0.05244020180296574,-0.3986490103992252,0.0217443302286478,-0.45044297041116965,0.013789603949807744,0.34937161596493554,-0.6558055084851165,-0.39820519788529957,-0.13819279658365935,-0.6218055611705895,-0.20572585197088467,-0.19310146347840673,0.03909198996896068,-0.8360158400663152,-1.0335580815340806,-0.7437036672148686,-1.100061173011396,-0.3586657904137984,-1.2449184782763834,0.48099720643118626,-0.05730182591575361,-0.7169698288134919
1.233697246498988,-0.01868119260674239,2.060565820259194,0.502371527888861,0.7352710520242337,-0.13496334145226008,1.0330748790220061,0.2331336064173194,0.8329570980777979,0.5052675334527977,0.23326362555495295,0.36414468756937235,0.8728723741408512,0.11235330961765289,0.3712857399730259,1.0693985759060256,2.0305552188025326,0.959152091658644,0.25226454188762515,0.5173778693960206,0.7062779380976381,0.5048356522948018,1.1196657774100371,0.764993871249015,1.0978439505987172,0.47390532969302834,1.2806446013983037,0.5209860376200275,0.10454487980356597,1.6642975073785995,-0.3517573750737284,0.17606344014663788,0.2162380231674466,1.7678530605935885,1.4007174166897873
0.42314617756912715,1.2211067545981669,0.5295160143861943,0.7486818889118986,-0.04617130754749932,-0.013680815960511628,0.793767823312312,0.12372710735699288,1.8346725369620345,-0.25335680614105793,0.37204794368807265,0.7746758720844561,0.5774118882001984,0.20102606772010567,0.26672765573718044,0.24243484652416747,0.5859544339553446,1.6963222266408535,0.7498640112553737,1.292385199125938,0.9439716079354197,1.2364793266037655,-0.731845457255222,0.5040281191677879,1.2974854697191391,0.3452593134671762,1.4991310739724815,1.3461739066446812,0.3555744563088306,0.32405555733431063,0.05392857722959565,0.23063568686720282,-0.08654258300181372,0.7281055142818096,-0.2307352720566852
1.1018665080951109,1.1137590879987778,-0.03172304803254633,1.5723881371532755,1.0523244061815245,1.1678523128643927,0.4105986258801728,1.097495244192433,1.3453259421558161,0.7281005504127281,1.7730968226443053,0.7883577559071497,1.3303712573243278,0.8996031996813927,1.0384523419132483,-0.09790424854359925,0.9148421504730576,0.3528701312535086,0.287696210087425,1.5729865466651654,0.5835983109901745,0.17789721212490717,0.48857087998713333,0.006032015280945768,1.3608599922419171,0.2832868527585855,0.88254445850951,1.282282186865963,0.34006347376519713,0.841648532993882,0.045688470954615035,1.7683175873559436,0.9979420163909549,0.41739670468490375,0.11087110917204962
0.6450677730924851,0.5168998541598446,1.6471855875860213,0.040787123095613276,0.7028410299106252,0.6072282580131039,0.5377480895517485,0.5213289893883177,0.49594454554512946,0.968045831997338,0.8127609263566922,0.6937374464098468,-1.0574080060832143,0.5841173410936777,-0.41960127217206145,0.7047802761970363,1.0917128281399218,-0.1363296035869495,0.16774771153161488,-0.029628196903495385,0.8587823787395119,0.2592448874732324,1.046250589351025,0.3590517889576249,0.24326612340459622,0.12583237533673713,0.47027889888779323,-0.8380959654341734,0.04283845095967655,-0.06543765249743798,0.30175853769910904,-0.18524902853395936,-0.6410791901599454,-0.14817246945293952,-0.7231819401886413
-1.2955485755314566,-0.021896561444180396,-0.14638428128073894,-0.2504711154927619,0.12196179649680539,-0.9046426820120882,-1.3272162782680228,-0.6829010739873624,-0.8543620471906228,-1.1308073462380683,-0.7747965566591088,-1.061915694817047,-1.6912707648491283,-1.0068326216690469,-1.3631590394371305,-0.6835784639123292,-1.1275308403149413,-0.23948800379391122,0.015136944993224488,-0.4343457945519141,-1.532606963799425,0.0165381753405881,0.07681221933439308,-0.672798329754735,0.011810584103857824,-0.8894381634086317,-1.5073556772823977,-0.91190381130833,0.37823367239659517,-1.1839832273158015,-0.3883397211163743,-0.31858816371524756,-0.5378930268084612,-0.4473917425817432,-0.1325120724265224
-0.2244914096332013,-0.7038040500816514,0.0653490526463583,0.4452850656255452,0.2945052892884654,-0.593496463370436,-0.8618710799773855,-0.4250784501601953,0.4552630674985163,-0.050228530840286334,-0.06401751218028168,-0.012457170342743795,-0.2866438444220081,-0.47446883573491067,-0.2393261989071569,-0.8770936180401625,-1.3424694955911844,-0.3025443608760161,-0.0714461758567857,-1.2730709670478688,-0.3239112387072608,0.08739645071746549,-0.7693522940569648,-1.1895433029879678,-0.7283691637900122,-1.0714694415936061,-1.1078550189536063,-0.5831364489114786,-1.598781841093504,-1.5130310099765887,-0.7725536898797307,-0.7815029344189294,-0.5837830586176151,0.19972211994147693,-0.665149715029407
-1.095510187568813,-0.4828526128285447,-0.5885696443873567,-0.33441670444510124,-0.8413008546424199,-0.5304540613725797,-0.7783492346862282,-0.8136358797330974,-0.6404307343561525,-0.6893980166945289,-0.3542849603893915,-0.816434638779672,-0.9482107977322142,-0.8766479988157798,-1.152303514505698,-0.9793580465011265,0.2160658953420016,-1.2516431212123704,-0.926124255580363,-0.9677808126927123,-0.8806796789299647,-0.9016794785381292,-0.5714279552419895,-1.5372811361046024,-0.13106675979790594,-0.297309194564194,-1.1956685028891705,-1.6663002284737338,-0.9749528336964834,-0.5597764962236262,0.902045587263266,-0.06403162789821698,-1.1852007294152842,-0.5704586951136577,-0.19524285768111538
0.9268417771490485,0.14234530939344192,0.7313840405708842,0.43865926518383536,0.2436404776727552,0.9228011254914352,1.1768698133729698,1.2068263234366834,1.0693223928617215,0.5287199833449354,1.1294104737518775,0.9208526575028249,0.8269492985740972,0.44725223520116614,0.4972535118140503,0.7747053533360637,1.9492525148581268,0.8709789219278367,0.4053011118511259,0.28474023194745474,0.4446001286932475,1.7681948513871886,0.46850837106858967,1.1096923970470451,0.45595363540810396,0.7617194954816573,1.0137671285420367,0.3182774048558384,0.269583987296177,1.405072164085154,1.0530279458547285,0.9407689621444657,0.9233900956441009,0.7434876682208394,1.506175881204064
-0.31096331829913554,-0.09682661858646718,-1.1613715319250806,-0.8964969307851697,-1.1299119143936203,0.06490505489794907,-1.8879292828927703,-0.8490411969597016,-2.177465198667979,-1.1253034355939788,-0.9803464547811441,-0.06367757481773262,-0.5749541535599841,-1.20281503793665,-0.26198959621928875,-0.7904863724529119,-0.7807300318409878,-1.396639494750433,-1.281802945592278,-1.1865851310306295,-0.7338632362306702,-0.6971169606085943,0.06099832590953336,-0.48966600143978817,-2.0034353428999623,-0.48227960044944745,-1.2992408879413695,-1.0147470543033013,-0.8925014964889477,-0.7701124272662159,-1.0756750581022732,-0.23391910865920984,-0.986807047370035,-0.04729713903826224,0.9498488989861911
-0.9975969987047458,-0.527712954356538,-1.6976437488843092,-0.6344842339746158,-0.20814383816035814,-0.21180712118149192,-0.5729773417403471,-0.20325447320385231,0.5924153706337283,0.14649285586576577,-0.9961324446200293,-1.481665114948124,-0.9763438314576145,-1.2597356590808408,-0.5692976821528855,-1.3899992694325396,-0.835924677489785,-0.37629671359628175,-0.8371440250492969,-1.2471933924317655,-0.16968684401491907,-1.6755502964758453,-0.874945533791221,-0.7030235970993727,-0.6416981668640926,-0.523352566346252,-0.26901279995285654,-0.5494653115202086,-0.6704459016976232,-0.6422379378399128,-0.6938582631012988,0.058111551778078974,-0.6046701445628127,0.19775461184093648,-0.15913709841468826
-0.5935448726657787,-0.07625419431485958,-0.7996420299896332,-0.1649245671254428,-0.42313935388020774,-0.870289081406086,-0.3473417992151158,-0.37459132273902085,-0.10185209443268872,-0.22658598164838595,-0.48923496955206947,-1.3199085973191362,0.4510253709163158,-1.488052381808072,-0.3203398689440472,-0.5837605912746414,-1.3865846474351713,-0.8574542103036863,-0.8261725317630284,-0.12124512315260538,-1.1137493229478708,-0.8670323273111087,-1.8790828083631208,0.18518781115308325,-1.1848866175739436,-0.4501451622657052,-0.6249366247185351,-0.5807620753892031,-0.08148576819034514,0.3971879646417523,-0.2623535271111257,-0.008121101570090716,-0.11696013646103492,0.28313476930212744,-0.40009482928778733
0.4462300091485101,0.009737736080807968,-0.1756588193139344,0.13395501362450246,-1.539530621737713,-0.2780577611887957,-1.266982099034582,-0.6515140348161708,-0.8364656935712749,-0.37879118180455995,-0.6207783354347332,-0.08355453490886044,-1.0742167036370196,-0.4316870814555248,-0.7138598476357857,-1.617047634753567,-1.2588216904561302,-0.8702427576255212,-0.23064986369484441,-0.5421749522793099,-1.3408442847481221,-0.8062179381225115,0.29785521854402586,-0.6265819179882763,-0.8133152836001059,-0.36773077400718246,-0.1925361700666181,-0.7598457657375627,-0.2351293734400643,-0.6028880138454695,-0.028436561167402397,-0.2508135313997118,-0.04042199129810925,-0.6052227157469379,-0.5792798315810535
0.13983118309198345,-0.42515599287967376,-0.2933976965783935,-0.6372143010328091,-0.08013902746927831,-0.8760317268749543,-0.6794598268328368,-0.25488977923177425,-0.09412804775553463,-0.9715391333663757,0.24497001106273053,-0.5994922748679465,-1.2947322540750816,-0.6017182519771828,-0.9864710633269307,-0.5823682561262021,-0.820941585024783,-0.7581668957693646,-1.2425927769337815,-0.27900586569968716,-1.335157556383281,-1.2904422718014292,-0.5273678312787461,0.11922853818027945,-0.8259490445961117,-0.26311443303330984,-0.037562621425830445,-0.12441937335049857,-0.6420209052126236,-0.9839666241071022,-1.491874144917799,-0.4670803601165503,0.307637779456532,-0.7877139350441528,0.18146828421475897
1.4675563339020488,0.12059124648740993,0.7527962491486767,1.2809375345268397,0.43398320651784117,0.947781125525534,1.0616010251510828,0.3560437509652543,0.7458903574977658,0.6991528348104618,0.49626666710397827,1.9171628644760683,0.3784251803753527,1.2555639430860068,0.5492910670442435,0.19444379083114582,0.7807224029429105,1.0449043740758919,1.1711501505091082,1.4820675097597107,2.1631065799888987,0.8048052294904541,0.3365906071288768,0.8826942931393482,0.5108112829405363,1.094110289767958,-0.030687656645185468,1.7883961009610192,1.0181638617603181,-0.2663646920405933,0.20621704724934392,0.9534733248560711,1.1179239771683713,-0.12241888955067493,0.853800899833006
1.4352646120735715,0.6274023210445753,0.4807507370663967,0.4081853105832499,1.1175522204525248,0.906534828714033,0.7513203708523459,1.4338799570535454,0.9845998942024549,0.3580759311547744,0.43168117845227727,1.1073220880777537,1.280844783425389,1.0289389121800498,1.694135949420855,1.5552654681394962,0.9498331987907574,0.3010673521413904,0.055901607110385054,0.5072440819248187,1.0670901582294274,1.5928716672686245,0.8768602112469707,1.240618526857521,0.521264015049881,0.9425117874556179,1.0295729062762615,-0.3855683081654637,0.38342041318430664,1.0504875089964238,0.6979656662251125,-0.05282472127636484,-0.6853092387810342,0.33080955141430357,0.461495128169592
0.35803852508582734,0.8712622080626506,1.0520725281758623,1.132822419352222,-0.38243970349224765,0.13586075323789815,0.637619902474191,1.0723922504746055,1.026746224069801,1.0133397238534048,0.5804266220356588,0.6025087197957005,0.3958137228872202,1.1371958601049892,0.28544718161502536,1.1627800828685717,0.8332419004341991,0.6978354426545648,0.38254016308803557,0.023164023850112958,0.3666570568323261,0.5145446933002124,-0.516375461749055,0.5575795520745706,1.106096442156785,0.9147361775587792,0.3697915536669217,0.6276969789684143,0.31205752966156197,0.6500176835253371,1.3307854102788457,1.0296822041115397,0.7901491019290201,0.2672574678734477,0.8722571710889508
1.1785280009097086,1.1446898779966967,0.6987708213135869,1.139186170769121,-0.3410663422995025,0.8449179196583071,1.220273937335874,0.3698740473786062,0.36395994904663936,-0.15581932646667085,1.5670833904254717,0.40624844993989756,0.8804999960291464,1.0550573167937525,1.501725550055541,0.6608129982809691,0.45960038447616675,0.8068915061674183,1.3529355012474125,0.6158486887317842,0.21304889422931073,-0.0908307765450257,0.05748800173895807,1.088452878445235,0.4836055199903763,0.32736676988148766,0.2599108799457042,0.6467517598608913,0.47041226748976983,0.4390712449978626,1.2353934623121996,1.3144409437299185,-0.27525888737185433,0.6774962896367855,0.1088569253058354
0.6758744430694532,0.9543589321120006,0.6925191960939553,0.9127087743029223,1.1320048619898722,0.9402917024121182,0.46651307456774704,0.4717058814707119,0.06227656898576561,0.35044460115470766,1.7531697739693888,0.3703236514030587,0.16328895087618067,0.9130627269744519,0.6905091958388845,0.639965266849174,1.433838264571421,0.9949210196613243,0.44589889712453107,0.48869699563628616,0.43919017806850635,1.116917938402784,0.5140628793150019,-0.2403196214851726,0.61975791877661,-0.13738577572212152,1.7100097924151263,0.12139487283718492,0.5092074316936964,0.7047386842080576,0.4164024180672149,0.40041760206600535,0.7406655921630825,1.276807903463446,0.8810425155251802
1.5392569392867714,0.27641018550190244,0.9575604711870956,0.8751018600182453,0.9710654048122809,1.4811192874597445,0.6795366517555319,0.5835540016788301,1.0491196160041154,-0.1116966138678569,0.6537095684590355,0.6992265938079544,0.299799048944628,1.2816283017303536,0.21457141681317238,0.6698253610918886,0.8758938940268602,1.3970834626202007,0.7056171455358422,1.1690117514962814,1.0407811336599126,0.7412769056972267,0.123379989904843,-0.0610333007102718,0.6971704588533754,0.35977878789053624,1.0775250373783214,0.9771570888100891,0.4978343171540369,-0.003219145113145694,0.8160992732104667,0.03645807973152648,0.15051998761721141,0.02399205495772949,0.4280374636465548
-0.7624696062627843,-0.7477239367040514,-0.5977564446486681,-0.6172902396299229,-0.8548992420103301,-0.9512086466100895,-0.7260513788420861,-0.5640404181535595,-0.8387601655200899,-0.13032597618238306,-0.4808281227048177,-1.5515360501441027,-0.511404240463786,-0.48347228497937544,-1.0123389401472973,-1.5470012933693686,-0.7954800814890459,-0.799158066605559,-1.3476192069073059,-1.499646089187835,-0.8008706460344848,-0.8525984201243428,-0.9196806885136862,-0.723898952781986,-1.2010406829740679,-0.8310109008183497,-0.30757019455042933,-0.7067466321731776,-1.3224029965220587,-0.6747894043718508,-0.9231795938355518,-0.20209196215448827,-0.12198720313434269,-1.055018255206201,0.21086984574647072
-0.22363302480085606,0.4489462384634257,-1.2002090587599077,0.29457672869882967,-0.49179785001376725,-0.32763197153010315,0.22630018692229292,-0.3675055515805537,-0.48042775260638715,-0.5885138949518747,-0.9766110474123993,-0.7703576839699511,-1.131024506232087,-0.8085277259849077,-1.96293680461275,-0.5848827159340163,-0.8603820880864267,-0.9634056091978191,-0.6769170466706368,-1.4908184425405875,0.2075411255028763,-0.7874435548427315,-0.7839702223385842,-1.1648916904751665,-0.6376793048392776,0.07987935075134756,-0.05627460514158611,-0.1045427164272551,-0.21321728479214697,-0.6177145292913699,-1.1131819456004726,-0.43617949631867114,-0.399341637091394,0.29876627717243476,-0.013941418314713655
0.4732382947140602,0.21328646783216038,-0.6641628723801221,-1.3815811857994835,0.1632852024946404,0.10756587475524648,-1.2947650023335084,0.10673382433041012,-0.4895533120414086,-0.6293167387902074,0.07251964720845272,-0.08377053509944721,-0.44760264717311077,-0.5496357433661754,-0.48677431082002226,-0.9994312166590535,-0.8270641860607745,-1.2464623181617083,-0.9533159765101678,-0.9573534203923337,-1.0747465576185973,-0.6676865727747001,-0.873038431202778,-0.4310762252327184,-1.460812802710791,-0.6702779914389425,-0.5084568897688553,-0.6870762119159735,-0.5726131105303984,-1.2310662708749938,-0.20986180974737553,-0.011857119101818414,-0.03463725772267193,0.2937325870579057,-0.06787183665337278
1.0393405903254687,0.8777651087770796,1.142654514355662,0.008864015923044644,0.348729274984908,1.5864531306585037,-0.44028668439654384,0.7162167200432019,1.3682666970988175,0.7307744171441845,0.5696300572947759,0.8310362768583311,0.5834182670968673,0.7685235424305348,0.40400105722474966,1.2920990952516487,1.4409477418982064,0.6536625208263303,0.017650652630647246,0.4390133692754785,0.5984891049698668,0.9323175660642595,0.16413008245623173,0.2716759704208273,0.8992558270731859,1.100581640861622,0.30709746895233336,-0.062379697214697494,2.232198915016504,0.9672894354018458,0.4272296175233141,0.9799484405645218,0.46752363422543286,0.9472783686153998,0.5769845735046426
0.8456359490837867,0.7429288054332591,0.07518848782787002,1.7665262836856757,0.32475279884004177,0.11299151398666096,0.6835012852733752,0.3055697782006205,0.7562728220146478,1.121286674195951,1.2697870432847362,1.1736907992615218,0.6071623297052504,0.7778947098828581,0.9496311009335597,-0.14113182669724955,1.0146076314253059,-0.008291961909774215,1.7310686624295135,0.49867741211132843,0.5980458464240532,0.2946945779937278,0.3531516781137259,1.7933039143135225,1.114102602455431,-0.14347399773207614,1.3700009418802903,1.200849967331516,0.4495335832284176,0.7289857878724078,0.5532594586962929,1.5317227550225678,0.1316068545865987,0.5867052289531701,0.28321530912012927
0.9052123250142308,0.4970853012559567,-0.6543010368017195,-0.1614228171584733,0.7775540710257187,0.47672924901271374,1.0880668491618122,1.0165291466810817,-0.035148850753203065,1.3480211180286374,0.0688295962601177,-0.4646984049620388,-0.34017955079631973,-1.1916592636900964,0.7004339086882206,0.6547841500023381,-0.6895153951611301,-0.33441434165056333,-0.2108278814345139,-0.7763211911520866,-1.2104684848732947,-0.4740369549898261,-0.5644165984095095,-0.6320917528786048,-0.35944286250379437,0.21222093108480478,-0.6845671768697223,-0.47694896205816184,-0.22647971056052874,-0.33911353998147165,-0.9481266546614678,-0.6158542666311598,-0.4117410926106312,-1.2694414254580177,-0.09148820821539494
0.3828769833693416,-0.7468479299091737,-0.3390800584539899,-0.1628774591540334,-0.8023094926404765,-0.33131981401607835,-0.5300313937363127,-1.3818452744027407,-0.4510312393483885,-1.259730695988552,-0.2652705540841873,-1.091718659281699,-0.8539108400012853,-0.10010481954887929,-0.5467806328207792,-1.3391394595050632,-1.3069717465941557,-1.0949551351762996,-0.5894740469623754,-0.5948865735914831,-1.1786450251391996,-1.3196645669061113,-0.5702563033095722,-0.7731236183037863,0.4289554476599605,-0.5952987661037532,0.33289370399253426,-1.1169533910497031,-1.2730232304066365,-0.9984858317728322,0.20646452864461157,0.5423906844614133,-0.6724956318008724,-0.4559139575429645,-0.7531270946508737
1.291005493060795,0.5843339352084613,0.13355461304910177,0.4119793275797414,0.6212866632929234,1.2900046963263816,0.7687972274341622,0.6932315754730494,0.15779750491346967,1.1701460448298548,0.44615951600843184,0.716311508980013,1.5000698955390228,1.0074804615767174,-0.06843544837277271,-0.14699323290244937,0.6971600563057531,0.11398737444473905,1.0351687367927678,0.7220664869146657,0.7731758195332804,0.32617653679147895,1.5388285216849236,2.0775539937471326,0.5046253962654248,0.8076468490493435,0.6666031630698318,0.4743853980402658,0.17410458050616345,0.03315332311725039,-0.007067134355932092,0.7480528155736744,0.26991470998082623,-0.7754465010049584,0.7197170849156926
0.7808693587679221,1.4730562402492264,0.9854403531049196,0.05814203583395705,-0.31931856139107706,0.43326710997298956,0.47737751630473246,1.2578852854559572,0.7776937511499966,1.3442489989643214,0.10971906516880747,1.248957630640905,1.1204729338135504,-0.256018259663533,1.4070004961152005,0.7844911311569631,0.9253375332996289,0.2879096256679302,1.348518869437255,0.1080087898127412,1.1065294442083218,1.089851865566991,0.1810529799554596,1.6479439294531897,0.7596819982525418,0.9580735299773551,-0.14566590613020247,1.663093831265083,-0.022138655739983082,1.0880805332404542,0.06334563944098237,0.23593840137526034,0.9241289710253675,1.0274762809028855,-0.13835414994051953
1.345236084528497,1.3222099871152504,0.32990245013696873,1.5968026307846608,0.06709094484989442,0.48061701075315055,1.0294325386975531,0.3595225426045706,0.9140387601344538,0.8979427893167145,0.6785984580587644,1.1825257077459608,0.645797960769271,0.8688693304589681,1.3189275142287658,1.133104990286707,1.1223239267724803,0.14576788077375147,0.9732916507269298,0.26168555894742374,0.04977594513233574,0.6436949544701713,0.2159891007157757,1.0515659891618914,1.0511854879914442,-0.32018589337387793,0.20374322174923037,-0.12566450619819902,0.35882517607611647,0.8032251517919011,0.4395874493176358,0.2505531824655339,1.1798402124892136,-0.6387286622328375,1.1157239213756438
-0.07786810363407742,-0.6717508262501906,-0.35274563465274633,0.1340859016402488,0.5054714550587392,-0.14494207668541492,0.3197206363077457,-0.9625732911865681,-0.3296707713080206,-0.04039973356239768,-1.1830386464012088,-0.9989081777372593,0.09568425774691236,-1.2737937041656366,-1.465536472413057,-0.03541171289803502,-0.2011318487043947,-0.5792436188725523,-0.8096514659636221,-0.9932987338603582,-0.6161194359032394,0.05384365460184326,-0.5917649427814514,0.40128604821477754,-1.0986234888840234,-0.6234409715494273,-0.7607620436895609,-1.0743323635786997,-0.5629586271306105,-0.22977861467984514,-0.12598527210610655,0.7495659790869245,-0.049172169962775486,0.3494374591766223,-0.1355895163951358
1.6390278002262977,1.998944382342688,1.0644217200473898,0.30114932626331503,0.5211172475853293,0.9339704537445392,1.0181802442768817,1.13551825214806,1.012228057909804,0.7808972080430362,0.4540363724190605,0.9668945690827957,1.687472035838419,1.2630630987659426,1.0130435503029136,1.2525453471851624,0.5437832669149498,0.46622510884048135,0.33700281079327793,0.6382916430474571,0.47948048666680865,1.283685497938725,0.4304749852004763,0.25489627162944445,1.615206347559098,0.40543960930117123,0.6946587201628509,0.8298902421325062,0.021793254912154225,1.1933792016090234,0.8792910186124439,1.3246248087394925,0.19014098047359373,0.5632628203033867,0.5169658521136292
0.18853400850917323,-0.7200821757862663,0.013251270520741494,-0.8046301813088135,0.038886065560215594,-1.25295329193479,-1.162050539433841,0.1262898491371932,-0.6020519149967071,-0.8669566071361796,0.21942295996037559,-0.29357253757128365,-0.060982027914409376,-0.6178941457021152,0.7693346997188606,-0.9062674962110502,0.23700978477192003,-0.6947258482381342,-1.5175704261877714,-0.47253062449579886,-0.5774906991876291,-1.2786473130962444,-1.2293388317457616,-0.7928910321595909,-0.6150045929293991,-2.031534098932956,-0.27292923771350397,-1.0469774694547387,-1.4627908457776444,-0.32053327300450984,-0.7940081197759303,-0.1622657765715867,-0.5365842156477054,-0.7386478257742404,-0.7937717055573956
1.041356380278069,0.5929541101439882,0.37259286018616516,1.1024333953164276,0.7232758382516987,0.8097871261764613,1.3346211447288625,0.7293673810880034,0.7896461800656787,0.47757999418960084,0.98750556001105,0.9412393947907249,1.2103659229933696,0.46353437754862714,0.5167830906897216,1.1338305848465213,0.8554217830468077,0.26724861878579426,1.3641723968435193,-0.1482903297679493,1.0826258116532248,0.04694210961355716,1.6110309522843342,-0.11604273371090901,1.2200430840801564,0.5903100448362211,0.43459320661830336,0.6969271579946811,0.9060899839514682,0.12343706569205426,0.15283763582254395,0.8702352353555446,-0.32391952774215604,0.22158537746926404,2.0176314516962517
-0.4274167209604781,0.5811265943821905,-0.3351423031822758,0.16312434680163101,0.18689687525986362,0.3758496379159435,-0.33638403569493547,0.7114578102946205,-0.6233009696919058,-0.2559173635202791,-0.2933613844685947,-1.0183697062101988,-0.6399632531708616,-0.45401635992249634,-0.7865401687958506,0.6164514167971146,-1.0545498267077895,-0.07433059411796383,-0.26208532215700503,-0.7208860646219888,-1.1674765068413342,-1.1371140661725143,-1.0272128427866591,-1.6734128515902262,-1.2916112134530353,-1.5374407151750769,-0.12655246238654705,-0.49049728635314066,-0.40393005414582617,-0.4966505729595014,-0.6987153183996205,-0.040008498898145284,-1.0609416750034517,-0.6845557466166948,-0.34387731915525604
-1.1980285323104567,-0.773844756780457,-1.0193264523951073,-1.4915208072430945,-0.5309599901834974,-0.9710377975815155,0.7009935832520604,-0.732272155302295,-0.033735319404687436,-1.4942090001996462,-0.9999167729176458,-0.7076641836975973,-1.227345097474548,-0.9973446186745389,-0.9039469092069711,-0.9163564924402379,0.1280458253230592,-0.6061905981486819,-0.5470408071700568,-0.5042090938853319,-0.4507806841392087,-0.7775033160363644,-0.8714211915919126,-0.5987855556495666,-0.07125052160717182,-0.050481500167100846,-0.6944319477018087,-0.14783974466347743,-0.5837090921456167,-0.42150799079244283,-0.6248620528592203,-0.4264826798384704,0.3892591299502847,-0.17942036899356756,-0.10099538526846481
-1.056526358866693,-0.5400797560032917,-0.5565725195004386,-0.8985883302112518,-0.5186697086243184,-0.7867178819739528,-0.5716612792606043,-0.587134680673873,-1.1584890762489897,-0.9090103790946286,-0.6961848385347942,-0.16396340613639193,-0.6449085367728424,-1.1172118662308805,-0.5954690764632755,0.05437194494308961,-0.34116022490010467,-0.5215404756466269,-0.4240010008995476,-0.0540594603435518,-0.21928047579893495,-0.45267963354010277,-0.17672689605744696,-1.2230191335407357,-1.4007851222340486,-0.5350512690633776,-0.5398923550323339,-0.803716618754162,-0.07349042571192804,-1.369875058735683,-0.6554864901110234,-0.5781378828241611,-1.099556797374285,0.5217345609714664,-0.8482372738762853
-0.6270874978915568,0.06853207671564004,-0.11289239591370848,-1.0381039357319226,-0.1882578098457819,-0.4272344975310147,0.5548585741733383,-0.445915977549188,-0.7512328078719335,-1.1379104664127453,-1.1069936633929967,-1.1689976694488338,-0.08771871621475169,-0.7772593187639314,-0.5123478940978368,-0.04227869972734721,-1.9787455322983465,-0.15586685851424953,-0.7590976327490413,-0.556512295237645,-1.1712954836818905,-1.1136220233231908,-0.46662506094599543,0.5101053147570294,-0.14799583965645746,0.01916086632397751,-0.670233344988313,-0.8318637042903472,-0.8768192364152796,-0.6825801278584089,-1.4144915786673842,-0.6981197818311546,-0.5615824828544769,-0.3133100298606062,-0.10276158467097786
0.9812254343128055,0.7922570533271733,0.5081576113880364,-0.1842004876436546,0.5078654547730168,0.3067779832984557,1.0229646007908606,1.2409493833027208,1.251414750824753,1.1558811179789767,0.7053727252938806,0.5053476557127325,0.38642698026455746,-0.0006506622488100522,1.2416184257387433,0.6504063663087996,0.10614513455493912,0.3071119940270242,0.2774086347599928,0.7224471969397395,1.224217360556692,0.5055533528148639,-0.45813006335025386,0.5616669621624426,0.5658208080951843,0.5186671093740821,0.3041639082998244,0.7129483701237216,0.6232103719470626,0.5632221597941655,0.767052179128313,0.3305163912251749,0.2864591142323173,1.2037615688580066,0.7769656794742495
0.0805555612336859,0.22759449048010733,-0.1729429773156742,-0.019822247921463698,-1.3191749955112302,-0.470049800862112,-0.7030184377895592,0.1909558598665645,-0.21678913143601758,-1.024882083249624,-0.548474900650608,-0.6722724549901348,-0.5461024065945983,-1.2956655109594926,-0.6149632234660891,-0.9134781743619078,-0.6582885791668137,-1.157496323425522,-1.079327674339008,-0.18711547087451597,-1.2828676519778455,-1.2249370246199558,-0.7368386344602784,-1.0681387730016827,-1.0921668121953076,-0.5610626087811452,-1.3267656383094555,-1.035742709454352,0.5406310308360389,-0.20870573602556042,-0.7613820382170771,-0.1265525712522551,0.0022593336687594112,0.2715762673819335,-0.23221465427298899
1.1903149008987428,-0.3323315471054822,0.14255924534839137,0.7354901850712923,0.8002570846694192,0.16050614749563802,0.7261632353557628,0.2637171925138588,0.4155004034917884,1.0438996991637937,0.9627374515547744,-0.014248522958177468,-0.06903905602063137,0.22863320623543767,0.39484525732651726,0.05267095034175312,0.8747853657544984,0.5004848735616035,0.5016806276401828,-0.36321975884948277,0.8247118495530015,-1.1983534662831496,0.5991136249925426,0.6193305563193168,-0.09415956055229426,0.7281840926590308,0.029734072781951622,0.06196298535221967,0.16993086690152973,1.562873025272072,0.6112660781617281,0.25916737475951807,-0.5781142163792078,-0.08005289417304298,-0.5883237226776631
1.2110554236414064,0.8699532274160817,0.2366183147524673,0.8380411256983571,0.3708110241157607,0.8686114128107317,0.36039256846893053,0.8000495016362802,1.1573641482623307,0.7508787539525138,0.5766914594339303,0.8679635489794122,1.1085696674945171,0.19950716111118494,0.8760196528374158,1.3965322947824867,1.0161437630037335,0.7492347552157554,1.0307641163257162,0.9271831824835173,1.0672839896012558,-0.3324176778788167,-0.10859137279006192,1.1586717044835213,-0.10872182993693813,0.8318965427014455,0.44186966352152957,0.10613420696280196,0.7649646929462988,0.6761540687157743,1.6159028244550186,0.23302720053115705,1.2498070091172306,0.689911381257464,0.16677703384517534
0.8318650734531344,0.6809260905403571,0.38079854456948653,0.4599376309276376,-0.008607311941426887,-0.16063567271103846,0.5937201498109613,0.0632356375177962,0.0959322151956466,0.23631301346603187,0.1892339337260664,-0.6980273732445584,0.6197664253863984,-0.0027056350950479396,-0.2044022268474946,0.07282615806527967,-0.06349057894703816,0.1630591472852407,0.010360182584667865,0.06277844941710364,0.34257948362604407,0.07295412138411578,-0.4841199938441674,-0.9993367104226335,0.3630980726979808,-0.6214005848517477,-0.7695745237041205,-1.4305338703010628,-0.42067841977694087,-0.5417417012609609,-1.3984723605622873,-0.43740580712158983,-0.9346069630458773,0.6398917469417179,-1.007938309659083
0.5824033339011034,0.36233162742146957,1.437817415080401,0.6110909367567291,0.4330626820911651,1.1464808071022294,0.09975475894496622,1.0988609580803474,1.6728290755952122,1.0607086663326113,1.0910847511500872,1.201355546904423,1.61483237143585,1.3580457760616174,0.9655264366213263,1.1897075855917874,0.28634781863282066,1.1085044772558026,0.20811737738439506,0.5174237451163628,-0.8507976525502698,0.8802629572963865,0.3462006884873943,1.211829737344134,0.8390140634464835,1.1931751721926558,0.07609621920140663,1.1234218483406166,1.6430679865542253,0.9577164668234361,0.9559060027529744,0.6302316409965691,0.26741755879996176,0.894296110416061,-0.25575348058450265
0.49318848705189,-0.19863668583298688,0.3188851219287265,0.9745770301498451,0.8881370063757552,0.6418541390976954,0.6816537367551888,-0.3672949920746157,0.36769881031991375,0.1908369956136831,0.17873885785320415,0.7840709546303304,0.02933301173676478,0.13187947894839036,-0.6353162149417784,0.23455860444103888,-0.18945462950214548,0.3663914170521477,-0.17691595066826404,0.3223207783976112,0.16872361048993995,1.0477518313583563,0.4306948892944551,-0.7676442487972204,-0.5104033889646676,0.11933298853148558,-0.4036411249372005,-1.453437081429428,0.6749396301162932,0.3296975778192483,0.19953756086611169,-0.3950597483323985,0.09212641242635446,-0.5040279690232299,-0.0793330256456243
0.3397083870817613,1.5578639648266606,0.013760827518492613,1.4136207487445214,0.8149776729825786,0.5482698044709629,0.8734326874994279,1.1529796885449644,1.4655025856419819,0.9339762614818329,0.32678755038898605,0.7941405003335752,1.668374975429277,1.426937838808377,1.2000733145469937,1.13560539533498,1.079040326668647,1.2997350991370764,0.48258097011531625,0.023391921544673067,0.7249851853898795,0.2707573342238099,0.1406263163529785,0.29611784144793674,1.8865747204106253,0.6991895418797651,0.7988484097181694,-0.006952573741326518,-0.3317366650237531,0.16611099529808604,1.2798292910112041,0.7125705358373622,0.8290494948048399,0.8829829436663374,0.20161328471739265
1.4939827919866837,0.4833159399375623,1.5019953341906915,1.018629912056776,-0.0990028181492476,0.41899855884169074,-0.1025380397844935,1.3679467513529782,0.7697615068935828,-0.3367664700598233,0.9600090338799538,0.49774330725652094,0.01807542958142916,1.592081714536414,0.7993345085331038,0.5910461841171304,0.5296028908723676,-0.03628205269674456,0.05862091318421414,1.3433933468697177,0.45354200012848933,0.6905819780810872,-0.3540285440589668,-0.002788888155850211,0.9488240180811586,0.8199831048987598,1.4945820908998333,1.2757069955764135,0.47478432813015026,0.8121140992141245,0.40242977695529303,1.5728377121184258,1.1042592971088436,0.5985424694941823,0.5974853670547072
1.1546669883244158,0.6878457618703051,1.1421909056755049,-0.7700340104221108,0.5205003343307381,-0.005459542424477548,1.0921880567136661,0.9484046932693478,0.15239161887084618,0.8642177048994091,0.9481470213304153,0.0538391982055476,1.2126072683748976,-0.07896728738024833,-0.21033607060437434,0.290339449772578,-0.3586570413256266,-0.17780230956216345,0.4460855585346522,-0.2865352389723945,-1.1804263657253677,-0.18519845917677188,-0.7520236732060834,-0.0052505537369441635,-0.12270603589115386,0.23316127590506974,-0.07925466662751085,-0.01704831958981079,-0.9244633525018533,-0.2141917552925947,0.3433107522425982,-1.0083677825065613,0.2143581431683912,-0.9799408023032942,-1.149243336138636
0.9359702954702702,0.7737605601606229,1.554520716614786,0.14114855358946654,1.3062488109816017,1.204174451485734,1.1391307873162595,1.344795398775938,0.7358295196605869,-0.15708228799837132,0.7359892631628818,0.2707283296384037,0.3940487521690586,0.13188895913585919,0.5070191462628972,0.43945003828206214,-0.45946963359817516,1.0704686375232861,1.8210562919787099,1.0040535511803204,0.589021456754235,0.6521749297745477,0.4576437600349827,0.7012779216753818,0.6254137111071654,0.2106030096426958,1.4593386860115913,-0.13934828809408517,0.9493055859696848,0.525038503198723,1.5111474059397025,0.7158651024232123,0.34979918049101977,0.3898463248480581,0.5172413218764121
0.22860465250179962,0.4162849769896975,-0.09359283003651386,0.33599038480205873,0.8424729998041384,0.9430908267842188,-0.19973362084664248,0.7176998334337736,1.0638341927058494,0.6959486532269492,0.4552412701312245,0.5602448659265741,0.48959667960947967,0.4347335164980366,0.8326033381072386,1.8916059991415124,0.3574653229127844,0.5612863655514281,0.685046393288653,0.3572577372530293,1.2396013367830623,-0.505894559040564,0.4026071088522328,1.0654139979018837,0.49687060394946525,0.22070774541669735,0.8382728687570575,1.0574004474593763,0.695457536980091,0.17502713695104732,0.7888331579827017,0.3444081526617067,0.9023453900295577,1.2553293664936023,-0.8055004032277349
-0.2773837326398976,-1.2533247706607404,0.7849792250368111,-0.7180788543876444,-0.15631579356341396,-0.5897851666575734,-1.0132014972419252,-1.1089127091720536,0.11222768921271187,-0.23169045776387853,0.23692006377357067,-0.7283864541359051,-0.6293083125477126,-0.9198400590998108,-0.9385125576427062,-1.320345965956475,-0.7575083657324383,-1.1899270383075355,-0.565841627558607,-0.6890313715677623,-0.6132528509699039,0.1015051457461813,-0.7299069807352849,-0.30383008398199124,0.3761022359788825,0.03970794026223112,0.0023521393698192616,-0.6851056997577831,-0.37159523284188445,-1.0975814115250357,-0.1386431615999143,-0.19843002157843284,-0.2697133422464648,0.2879664514582443,-0.7725240507568221
1.6174314255801736,1.2506020835187952,0.7635621647334279,0.7231140400804089,1.0358253665982107,1.5534289181738479,0.8407350859965642,0.858321135945487,0.791188456107719,1.6684168062658031,0.5876940415516128,0.7515716391411452,1.4916961842285879,0.826604212858497,1.3142210055075756,0.28212185682230745,0.626669020551119,1.4625747011022558,0.37272550509449615,0.6252854345473224,0.8188260504670882,0.18497086861616213,0.4612316347306222,0.7125754706547228,0.6672586252247628,1.2713032352604108,1.388623088953802,0.17618639376034473,0.6457740739563065,0.9127614710698717,1.3189052313064287,0.9046779514576664,0.6752086498788097,0.8469711900566221,0.8341723917846614
0.33614285385781584,0.8961191358017878,1.5284596516537605,0.6938004496421033,0.8602430802476356,0.6717450773789473,-0.3669985211518787,0.7966007735732133,0.9330251826212197,0.5211580544746157,0.19481711857776063,0.32602220855985625,1.1420721651658727,1.7393611825755178,1.4369082459375309,0.06558888285851083,1.1566289366407274,0.38877649397749653,0.4197618317218803,0.4699471554465341,1.043516909949064,1.1591748158371746,0.619121158401677,0.6157217592378905,0.8760496297616787,0.915124494603964,1.20600734491694,-0.03795715799379906,0.6001534842745768,0.04162512891190018,0.5352603588751285,0.4323451589587212,0.5063772221312928,0.11382848001004087,-0.24635692198718284
-0.9906290020232891,-0.05836487863010596,-0.25766747174183907,-0.4293670579988545,0.5209932613775853,-0.6183478230731858,0.47215991878085384,0.5289373630518226,-1.3040829207940061,-0.32683684082057424,-0.6158480959953938,-1.9132876185941239,-1.2193477522155085,-0.14730505598746285,0.4391199791244913,-0.1526714945815284,-0.4734217536515352,-0.6747090190037215,0.15101622859265862,0.3601646036089672,-1.0282933196773039,-1.752979686131775,-1.8173229248140053,-0.1196017145371937,-0.8134077709405831,-0.7045815022638964,-1.694815460453762,-1.176322938941483,-0.9446575105289475,-0.6871473570484399,-0.9814951495235816,-1.2890117641133851,-1.1478438434388445,-0.1337289313266009,-0.5950144232655677
1.1060784034777758,0.35028283410998856,-0.6780325881408973,0.5359266805468574,0.3622344817611652,0.967509436455998,2.43279308349248,1.1338886937650017,2.1501092969865274,1.061789597584791,0.45719247423376713,0.9402834775111226,1.6502976568369445,1.6678800942126846,0.4580228914632749,0.8643537331234362,0.014681841529803452,1.1326919942278564,1.4875727125042162,0.7208346814901843,0.3567914078412848,0.8596136032514368,0.8768662097231537,0.6968290456667128,0.7332753203117586,0.5442197996071576,1.1158719556508783,0.9723425523433639,0.09858824080048728,0.07034201527819173,0.433544289893549,0.9138513648516913,0.6037806560280512,0.1921247190039791,0.6280472729794466
0.6345947402388641,1.239962969660719,0.9654083720929386,0.6398397402630338,0.9112791449971442,1.450527331904059,0.50511618837837,0.9876341757794543,0.7468990470617854,0.9908965918461166,0.4448531222222596,0.8214931550303688,1.313889998306491,0.2845953054290115,0.08098902382227358,0.09203410303030457,0.14398401626528157,1.0180193258284738,0.007965520043536123,0.5519872820604108,0.9996280866767029,0.8878776578869523,0.47535720406032816,0.7517189956194557,0.6974904230125664,0.5190067470677499,0.5124771322103853,1.7219425471392809,0.9947952663382122,1.8159627756135603,0.31224993194657935,0.5029495043550279,-0.1363109335556798,0.10891652302052052,1.4482445489477822
0.5389828550791218,1.7593603896208831,0.17719802421946973,0.27074431695246726,0.6249041484622029,0.7611283413023693,1.2514748728766236,1.0116908935490068,0.5739715886227694,0.7107468466560136,0.6126041331277746,0.30899857078781595,0.3159968887972798,1.2670407417687701,-0.16839088847875527,1.546441233996314,0.55781816856426,0.33410337868606144,1.0807750083249035,1.4435432465057347,1.2492996558233276,0.9304741522926009,1.2115684389024888,-0.20199165883003034,0.38300248739970805,0.17554219482942074,1.230213857145263,0.41248982029885706,1.0128430927635894,0.8435657881018079,0.1295780303249895,0.25195369781095944,1.1766607944900067,0.12595859972310003,0.559721779714271
0.3107954063490757,0.5299156218776739,0.647632338601282,0.2621212290543187,0.1552168412735827,0.7595339597186801,0.17408453532859508,0.17030853900815268,0.08445337875438585,0.4925587756656289,0.9801195203103952,1.237545958879587,0.09662763199253083,1.5093753006777013,-0.09413402244041813,0.9233944562930585,-0.0063840826530568995,-0.10867168222767926,-0.07374000568922606,0.24382580579844354,0.5310525763779167,0.5466649637896068,-0.2899066086060859,-0.34265495627170317,-0.33627831359508703,0.03605178284256334,-0.04379495283631247,-0.4443405973463993,0.13496832023104366,1.1008699735342036,-0.3133086067973498,-0.3081541361987077,0.15811881208357398,-0.43125595278118656,0.15272056510462148
0.4407286466104799,1.715779543337304,0.9712666408555621,0.4874673594507499,0.5011739092392764,0.5361034257879408,1.4763060597759954,0.15193018115523216,0.44815838206503106,0.49657447145235384,0.7642916096416558,0.6307705921272839,0.014364441402859196,0.5531874542543314,0.6959162338923303,0.42371296773389505,1.0727030258892085,1.180061896258965,0.6717020131115724,0.8162057478575407,-0.39004456365328655,0.4689967415317396,1.170547539920527,0.44453883815226386,0.27528691994780174,1.7699716878573084,1.527433086635578,0.8380162860018789,1.1595951201125856,-0.5373303921215499,0.16695577809247675,0.3104538662125259,0.41176189964917076,0.2687279135783254,-0.7777251711416417
0.99301230935428,1.0715468036889568,1.5998285503544056,0.40332420160162397,0.3604381800839624,-0.5469889408402762,0.6431478083561157,1.2368615754869596,0.47624528619842366,1.849127159186891,0.6438381751253629,0.8398215805949587,0.0784268168072938,0.896708968639705,-0.24396832194153317,1.0846108627803592,1.091529369483082,1.4000033940503966,0.20091100359242453,0.7812160135808858,0.972391714714601,0.9006889467778105,0.23548705647414492,-0.5397338150361675,0.8173979065860227,0.5548773856868834,0.3345591950569554,0.9862015116185334,0.5676800452953452,-0.0839602095264107,-0.4049946461412808,-0.019048829767481013,1.7262580964660372,0.8750883110316932,0.5915941456040374
0.7091695364070977,0.6760232695749355,1.3824771462389625,0.55218096303739,1.0839799643160597,0.6187893269961612,1.76000954256909,1.1574499387450257,1.4049076246365961,0.48519986257094744,1.3012036493038357,0.6100367257533356,0.8149957690645152,1.5706226313617944,0.2243040471066049,0.8393857509264869,0.9483179106247395,0.9803598722825465,0.48550311642953614,1.7440670048362168,0.04301749235121877,1.40899082192889,1.27566949683739,1.606701524543745,-0.15019579121012794,0.19671148089698787,1.3638660211184956,-0.33429074755435406,-0.2130896361476451,0.3314834235017431,0.6567283927179638,1.341545339623489,0.4371189916174648,0.2095803500330371,0.6529829434647451
-0.0981192275905135,-0.16483789110179128,-0.5249081716037468,-1.461559644448624,-0.9883104090292663,0.13800880577360553,-0.5181247378940954,-0.8091472451368686,-0.12152762315068022,-1.274717804037508,-0.8475460467717147,-0.687233919127736,-0.9939568748180273,-0.7358628648213674,-0.8888184217960843,-1.4990740236107283,-0.708774520255086,-1.4594796366208707,-0.7039885260923473,-0.08696856898281247,-0.8976054714457922,-1.321801389084425,-0.7745419124549796,-1.098179139447971,-0.3523979947481734,-0.6875949681467195,0.28064891597468355,0.04973320584113594,-0.5629570128664841,-0.08063873152351958,-0.5847185666635443,-0.3186816678027695,-0.4621230029997115,0.15759703726166865,0.5478574988101652
1.1993241035955717,1.2606880401913312,1.2603958731772795,1.0731067951564606,0.22587667936877953,1.6434890618502083,1.6921366400007711,0.6693658832991897,0.5967802596866925,1.0836105763727544,1.0475420106118771,0.6653524040741715,0.1349655293042885,0.9059493914269537,1.0214098445725872,1.1006724592931854,0.90396166754248,0.5848001077011868,1.207896382729408,0.7338592032151353,0.4580219278389886,0.589221436589795,-0.20484782219592024,0.5651362176526332,0.9881360180811165,0.8010187359114581,1.3782265780282685,0.47274137275294825,0.8337963958992198,0.972007405010375,1.732160002550534,0.6178155483579219,0.007658359650632107,0.9376643007429477,1.43015165260076
-0.4941918243510247,0.035082967116281005,0.17844895998638582,0.024516184495527504,-0.4667231532393112,-0.9213636159666987,-0.6522989808891883,-0.41858595864452486,-0.2265006352918031,-0.5426869638535142,-0.9248259631854994,-0.4784232936398703,-0.3432255892993025,-0.5964392480649265,-1.2130650133543641,-0.8901055170763856,-0.3256030729883805,-1.486812645236674,-1.833385099836288,-0.019995055985856824,-0.5013862452968252,-0.4326948228388785,-1.2494564926660174,-0.31342955367543635,-0.5120281522797261,-1.4057643833094913,0.1379089972793256,-0.45241993018816873,-0.6844587436654173,-0.6274381385026738,-1.3957113147983098,-0.038991810569671936,-0.1504773012016927,-0.32267100882973315,0.4706059641812123
-1.0248469787356367,-0.6838440403707344,-0.8609191950082672,-0.6234140773753257,-0.49576740184748863,-0.35711997495444814,-0.785145933434954,-1.086564053160787,0.1623915775475545,0.4961606080412505,-0.6632286439741982,-1.1345033052251883,-0.03554105764956561,-1.5096228294363994,-0.9623581184376155,-1.1474610253909416,-1.3792812364198583,-0.9353158573253217,-1.218882128227691,-0.7677092489835399,-0.743505288971533,-1.0467256858599212,-0.8963046841494242,-0.7976180693605606,-0.24472946550419467,-0.6878152949173855,-0.16188183946455442,-0.23885510022020534,-0.20065141217541188,0.2554797196629216,-0.9477958019550765,-0.5722516635389104,0.6002434953252294,-0.35428919295781947,-1.5761984844975485
-0.4344016408116566,-0.317988037105302,-1.7444716263436797,0.1829512324544249,-0.8863586464089012,-0.407845179266368,-0.7246499795544264,-1.2920618951853609,-1.2158659646553776,-1.1772009060668074,-0.19203602532339192,-0.8298822157648306,-1.034200881446586,-1.2535487325672823,-0.1968963453221385,-0.0673018634559972,-0.20714151184127372,-0.5490850712873536,-0.6418810677053526,-1.3820053900458178,-0.8800034361632937,-1.07798992577215,-1.6238040603448443,-0.15367187582602249,-0.9975674692600458,-0.015629640667639166,-0.13335950947759706,-0.25340260368082373,-0.17997472474419096,-0.7461002065469188,0.5408247135632109,-0.31409739490882904,-0.1304400622652034,-0.5501691094465053,-0.634219269933104
1.0386480044047117,0.9084764875180461,0.4042029716081263,0.07826547460140365,0.16055821531013992,1.3910701606875118,0.483304319326523,0.6168514121179569,1.5072993466743143,0.21632946917185947,0.4086381801615963,0.38194202417033435,1.5690125976811102,1.7497905463432721,1.1214731881859,1.1294542473509066,0.4391377799390105,1.694021925334283,0.8447434901555998,1.127490086657046,0.6377209656358718,0.54553183394885,1.4996578238396294,0.9261189696110561,1.369605488678973,0.7587913107143652,0.19371122332613006,0.3125573633215564,0.6416224356048671,0.2623872088358256,0.007000794092984708,1.1461413186926142,0.2573169136708878,0.5827962979609669,0.6453547695593339
0.5059234373397157,1.525119472703023,0.24030827395710852,0.9282914657794912,0.9185786121622053,0.7658760007098843,0.1414749200155675,1.2217144608876058,1.1538845524620815,0.43962048561945866,1.1258791966228057,0.9537792816010688,0.11967228441753641,0.3261343387663865,1.314832297929604,0.8924699778448119,0.447163808460063,0.29111973629582055,0.45319846391855845,0.47869518949332385,0.2675019187067231,-0.19133392857899567,1.2381433372419635,1.1415739660476243,0.0072900322403524065,0.6992828726236768,0.1667753901802922,0.47344521814753265,0.4177565244357334,0.36172020899855273,1.5622050404449732,0.3252699604610064,0.12562003654918152,0.1324092093167828,1.0191764528174092
-0.026051165846467383,0.4184082813308933,1.522290574615182,0.9194719279879291,0.8914807614919701,1.859076532213809,0.9131052031258082,0.4322126042760826,0.641090688856609,0.20968859539978246,1.400104113027973,1.0536062972190385,1.3221854320835351,1.3595907603267505,0.5385861850210483,0.265385459269342,0.7034587257113531,0.2839771464878724,0.7933738006807812,1.2669833948495208,0.6064136119967654,0.754545672566525,0.6212138859298875,1.0576209159607517,0.31002656099963716,-0.4670959059797065,0.8533289212253659,1.0981460404147971,0.8133269367518297,0.255522069123482,-0.006774550686204472,0.7926815686892623,0.6004914255499807,0.45080361023614185,1.4085196461134268
-0.8063175163283798,0.5020607083768058,-0.42002311519275426,-1.4018018259249865,-0.6191037416356706,-0.09237869856040509,-0.7941867232848807,-1.3852754562025376,-0.7628691632357526,-1.1382456747988867,-0.4889647793712296,-0.36941321368094887,-1.301403327044766,-1.1391463038299916,-0.41665022353173287,-1.2288246388672701,-1.3405925291086116,-1.3846493067625643,-0.6107767821616482,-0.6194576212991351,-1.099116887997286,-0.7335171260348147,0.05251818622507587,-1.1692236638678162,-1.625523800569133,-0.3860628065251075,-0.6294332918083974,-0.8867741354050838,-0.16037664194832885,-0.018830693175669988,-1.4922393720221678,-0.6619590650510978,0.877352210773872,0.06607151523590973,0.16941517960395108
1.3864471393157394,0.8082541521485165,1.197221234605225,1.156509855907707,1.0650405073502929,0.631997316833256,0.8759606878346882,0.4921249028024847,0.7885363695780309,0.19315930386543312,0.37682359738364846,0.6251694174882161,0.2881256413830525,0.5005901606794769,0.6637285871070565,0.9388930576059754,1.2039439322918306,0.48846549619308754,1.378447671610581,1.170240493744923,0.9425303509933198,0.7563726922609649,0.8276971149758414,1.2497827050750936,1.255707588023419,1.2986005890336645,0.638557907476177,0.8817124122601069,1.2619130676835875,0.2637792993992926,0.40152307154767813,0.5534511343058408,0.9795513180723472,0.9712859994246181,0.3818559190175639
-1.087222196427569,-0.26236583003894326,-0.8950731362922748,-1.2289846898096606,-1.1614381948429584,-0.4089362329373454,0.06885947358400812,-0.6284389274652183,-0.5749215700146852,-0.11821201841407125,-1.507099434456988,-0.49602491091461887,-0.7790630153301233,-0.5032155468561332,-1.0367134102871098,-1.2083711449310317,-0.7292590090518113,0.029291920802793858,-0.356341036369977,-1.027882866147913,-1.427579890798405,-1.5770934659478244,-0.052998279927248704,-1.1597347294766192,-0.8124092025613764,0.04700496865349557,-1.381183437597099,0.21437066273999628,-0.6132369875720338,-1.0127349231294343,-0.5117758256565782,-0.6969585010860925,-0.0609960053716975,-0.5496971596070745,-1.1244577450041453
0.8506635884302342,1.1481850570300323,-0.4105085789752956,0.8530230096415222,0.27305724166278766,1.3744545884140278,0.7163535740431286,0.8017797290897889,0.029593280167881653,1.2858201944214924,1.0857996531570293,1.0447993796209325,0.35346693101367943,0.36627887358300015,0.8574913027077671,0.39051268014976104,0.9467617627040453,-0.36009861950121946,0.46712308477297254,1.5993116871454218,0.9102263490192313,0.7629449598781518,1.660749961877249,-0.5117196796588153,0.23626220074972842,0.4305406389681485,1.0470701080403704,1.0420570113749186,0.15713645988124875,1.0746144779287639,0.3590741147459763,1.151252615623685,0.013430600021615002,0.4520441245322264,0.25220431692825124
0.5846049471170192,-0.2541654097807713,-0.06339118333124771,0.16200747323458364,0.13234827147481462,0.25484757406105557,-0.13069473386621427,-0.4921089667227216,-0.5034820600786909,-0.3601914127162531,-0.29120361254020677,-0.5309714701597092,-0.4874254151985276,-1.2934000398277528,-0.23680200500380177,-0.5134544214864377,-0.1343027831374799,-0.6639625744846352,-1.5595140179922913,-0.8931780920231907,-0.8348369414744193,-0.38153475325983005,-1.803365965435102,-0.7599524521426273,-0.5330408926567369,-1.1269464001340155,-0.7621759590669817,-1.1132467371221724,-1.1617035701887517,-0.9952764737961338,-1.1375451263002074,-0.4285395089945475,-1.123036285555272,-1.189345577824181,0.16655760035244915
1.2803700059120178,-0.13103694078094674,0.41649500963314817,0.9187103198504611,0.9573972925896603,0.047756869273511526,1.3692139730627197,1.1989178945466867,1.0230800333149528,1.4557689952711272,0.9982805893055837,0.9906158780766046,1.5388179930092116,1.3037085864159197,0.32493784602904885,1.0543594746097444,0.39718134888608503,0.9724349573572806,0.9492021164861761,0.00920129820418314,0.6295606293658312,0.8121766394028567,0.4499915985444922,0.8136121009372825,1.0468666466443166,0.6158306927264652,0.7301942298918052,1.295940869038788,0.8267381059851748,0.6760494616947258,0.0816918085861495,0.880945808493526,0.6948269237786131,1.1555696409160108,0.5207272462681871
-0.10813325006699781,-0.05034069486547754,1.1667195364392817,0.512382035140029,1.013903634529162,0.8501196243931363,0.7065113928045984,0.7381250421617621,0.34943446477216994,0.7695159054652314,0.47988887662292534,0.5801971783878285,0.59815383474351,0.6397521611027056,1.2067783037383575,0.67286647067144,1.2411664496604253,1.4892851575453825,1.1383676885043437,0.9681692219664317,0.8538995397631091,1.1122274821376905,0.7128170633396904,1.148542052720502,0.9509706607886244,0.4512069944516491,1.0658199315890784,0.6499688327495846,0.5370738105664038,0.33753773665799536,0.6437409223441162,1.0436641105055935,0.9742219518791626,0.6903968227947851,0.7971097949790491
0.302930926523565,-0.4604409477723574,-0.9936250693931774,0.16654833859973706,-0.7943915404914593,-0.917295798532078,-1.509758084549671,-0.362244659001192,-1.4913382096137782,-1.0847888916989024,-0.44075358265768155,-0.39515249551056864,-1.0991201972798295,-0.8533209397683694,-1.2312687192882783,-1.073600893623382,-0.6664058311181604,-1.0461270802626659,-0.9089036087285429,-1.5063898218666507,-0.19061579040469623,-0.4810265275133989,-0.3145953199338887,-0.03698092310027412,-1.0622589338367665,-0.7927978358993045,-1.5216498936487086,1.0384498630535854,-0.5612094182844709,0.08092068444739109,-1.007180934249851,0.16253410243615118,0.6473895335002775,-0.25577131717717644,-0.6740773878394244
0.8396127879841753,0.6586386530060002,0.4198344300014079,0.33453940137687715,0.7766166502553498,0.9308668461781957,0.5328718415771174,0.7192712814178852,0.5350226115389864,0.580775811283982,0.40804621177186207,0.4932679304076077,1.8086069033981333,0.5900370534158083,0.7308668871285013,0.6006319972931723,0.22305573270613455,0.9737845593531599,0.15305618748979763,0.7975769300942788,0.07396299182788715,-0.2682553147348246,0.3647840031859547,-0.4001594905671222,0.38986114559499113,-0.5053503440103394,-0.09822116597730182,-0.6851177145738726,1.4122499779007864,-0.8573942104416127,-0.05604400568157195,0.4802539115680659,0.3964809812149023,0.2738232541737795,-0.34037586986520746
1.475544473168501,1.2564152849497447,0.9050289633896532,0.9177692128524018,0.6435584351662271,0.33817728922543905,1.4085067143909171,1.4424096817566396,0.3400746467798227,0.700512167341971,0.7004239847906601,0.7499974865805259,0.7921257963918814,1.2265295268751553,0.37208292124144265,0.31458838951745677,1.3476251524368636,0.48903531094149244,0.07937768618773577,0.4583699833822411,0.5254570673993485,1.457029491475538,1.1305498002299394,1.2300174380580238,1.0539045793171753,1.1042490606495001,0.27385342824751635,0.5049277520840583,0.09518215786078738,0.4703933015889723,0.9027839938742005,0.6127244452052251,1.1854923585627914,-0.05700797204830299,0.7474071499656514
1.2926768666225987,0.6388195713733595,1.0478072911024696,0.9954850411690603,-0.007794428519182661,1.3528890801448736,-0.11369765031116408,1.034320641596413,-0.20455656784744514,0.8321311929071247,1.4392261421855608,0.37779231244834793,0.331408853562847,0.7394399036705204,0.2435201799317083,1.2907595465005344,0.45056026908401225,0.16670519859696303,0.02849530875512668,-0.19642457946350722,-0.07281100251763328,0.03639424800789762,-0.06173363768143181,-0.17691294958462084,1.1714616482629063,-0.42331855420942593,0.1345991430822122,0.32700763856893417,0.3152204709912879,-0.05971796852469155,-0.1813021618034289,0.1343755200228123,0.011548851910490002,-0.2813272242965458,-0.962700961616685
0.5660381388333763,0.2264446576949245,0.46529937952625167,0.8140904532475854,0.9748878309722215,1.6832296777881615,0.5212280371996518,1.1736185025934491,0.9351092295137016,1.4254035852349616,1.0602499528179377,0.26208472480752276,-0.10154465754752506,0.9087296458858176,0.48146607653461915,0.24760501229848814,0.09552642909883724,0.8008454306757193,1.4647492126329513,0.49659878157915527,0.98561859055901,0.6284149525038593,0.023445649489874265,1.0236628014971112,0.09657173613009651,0.6419405401386253,0.44713428403502276,1.0507675470436464,0.061064318137218465,0.7710722707584688,0.14083279473247956,0.2898801966347091,-1.2878481646874071,1.5597492098742611,0.7725664410296474
1.2797540285116649,1.1785867966536052,0.15379544733368655,1.1289756850154054,0.9836827377972011,1.09621566633754,1.036235970058085,1.0126869788799064,2.132562452069581,0.7393119149391073,1.24030428343479,0.5308305333186794,1.1552991490419267,1.222758741168293,0.9279046140524885,1.5723853564620367,0.2871772631851671,0.4767472110480304,0.8170854059880137,1.1413383811742872,0.7801981956688155,1.3224276458679385,0.33729175855841104,0.08596788499762542,0.7979819264120345,0.5925370867849948,0.8893263517167853,0.5905276843275484,0.4201299190608333,0.5381685309956272,0.5751559458034224,0.3929421528749365,0.42818592592092986,0.31190325557185167,0.9256205345512347
0.8970105022528997,1.9280959756330365,0.8792314301986459,0.5220500988247748,2.1308574464054457,0.999816490999126,1.2849936200979672,1.0823571765571196,1.0936347319436577,1.0452317755913039,0.22109331063209192,0.9500899622313869,0.09754770517297107,0.6659173778457981,0.38288284720317084,0.9164969781981487,0.8963784050344934,0.9609306272647349,0.8545436493508125,0.39752228353897673,0.559981690345509,1.139746208239898,1.2020650326887707,0.08286558042862802,-0.12154605811254104,0.267682533239487,1.1404982825538008,1.2116708448523177,0.127783874171976,0.7292919937256581,1.4779471649768738,0.7530885414192685,1.2405035916991907,1.0130632091068559,0.04218862150257613
0.7050092882514609,0.8170969786945773,0.8509458485700849,1.2556433107083913,0.9998621401116177,-0.6750971697470993,0.1335110901051958,-0.3073847725321477,0.8698118376224504,0.8976485746489473,0.9137480723254839,0.2868613045933726,1.0970503596580852,1.1112300442863297,0.1181170418822356,0.0047427845493506204,0.7292494382519071,1.6162488186888213,1.5607667340755902,0.9826371346562024,0.3254850992313107,1.122969457356948,0.44192456163704996,0.2725036114049974,-0.42806565766721494,0.6823183240156695,0.3029608169689879,0.6524440195250526,-0.5595390337459689,0.6605506531493326,-0.654829083578984,1.0894029294333776,0.790697566150186,0.37436753835301284,0.7786479046575712
-0.43244736999761385,0.04341295630976042,0.3552201004047981,-1.6385428501426358,-0.363893149877007,-0.19995079474371738,-0.3344039311614309,0.4455664040308966,-0.890583249860758,-0.6836071920426736,-1.3739343637316226,0.2977576794010816,-0.6201721969857013,-0.7539775535600535,-0.5967209883864979,-0.2858926517159906,-0.4615562881499617,0.659899278590366,-0.463347284529511,-0.9465777119543937,-1.0155503486771844,-0.949365882185034,-1.5191476554933234,-0.7606101068713017,-0.3981444474489312,-1.1028842578048734,-1.203179992117461,-0.04175590940013307,-1.510158681889139,-1.824975736969126,-1.3586501018903934,-1.540565023524862,-0.5624473150852922,-0.918242824525004,-0.8272502555792376
1.3764670884873866,0.4540523089672652,1.1864238604322352,1.5531402335907072,0.5676885099670832,1.161514729920115,0.6690222703870687,1.2483547493762683,-0.003615376493353195,-0.04535137264760636,0.5765017355663543,0.32186303392079557,0.5016238023831479,0.6433355048284952,1.1056983414029404,0.5339315959908193,0.3173846260538327,0.5446009935026921,0.32632272307296,0.23393220340081894,-0.11602497176713567,0.7142871857231948,0.383783840743044,1.1393964993592385,-0.07978028788568814,0.3600854473179036,1.5243481018670497,0.13442407121187566,0.4718731883244998,-0.032284674555195236,-0.11348225798366052,1.319088294342941,0.6152716954012173,0.5805393431841183,-0.3508701429415796
0.7960357062733149,1.1832448487950082,0.5819553928831288,0.8952990981452635,0.3935595868542029,1.4012674184167269,0.3730576062920009,0.6238159628252107,0.6246490110674109,0.6004290560781826,1.1333834777415932,0.607996556082359,1.456940622368627,0.3438612529869811,0.8303803104561679,0.3498688906174868,0.9398016726311094,0.7123828183937565,0.6333643406270296,1.295172437683938,0.3633124994937972,0.9728057064216555,0.28365673770417454,0.7125997298220895,0.04613009403205948,0.2998686516884728,0.5768229687512428,1.5115534134223392,0.6405417496024488,1.4029714747908422,0.670893144252289,0.35189068056163225,1.2994302103829907,0.7322087351020162,0.17592717767517468
-0.10250059742917911,-0.12578314927785927,-0.7425018462686436,-0.33395323524897175,0.07360350213706054,-0.3279681810953089,-1.0085677065922545,1.1540568399221507,-0.19554375479722558,-0.31718050526672165,-0.9649630321109217,-0.32703256524985347,-0.5791340177020484,-1.4790348158994033,-1.105607367238349,-0.20654755709418016,0.33677083509219674,-0.4804601256666554,-0.13877358958471464,-0.7918326516614581,-0.7781450602555123,-0.2074968921668967,0.06315945141133028,-0.1299938638842839,-1.3230600382457993,-0.8296819026508785,-0.6607276217372577,-0.9295674643010144,-0.6029883318707585,-0.38077814289600154,-0.28079425408913194,0.07258641114804776,-0.9202808995000005,-1.4199071567198742,-0.5382894360600912
0.6089880463546872,-0.6239457321639564,-0.09249157909621453,-0.13614369125322784,-0.43378139080379563,-0.5686643763382684,-1.0733738097430916,-1.788717221793629,-1.2365372506696821,-0.9048115624088835,-0.18616063620385748,-0.8076771528904425,-1.032780982629787,-1.2317369972488819,-0.4665685418304616,-0.12022391650248809,-0.2677956002608842,-0.49222889098520245,-1.5246024618321785,-0.9498736024797529,0.2165582416370727,-0.17508457814131928,-1.4797996149698518,-0.709988847008341,-0.468103279733389,-0.9946798258984026,-1.7288347205620274,-0.4823495694893173,-0.8802958894360025,-0.830364135052407,-0.5654405420475006,-0.40249806771275953,-0.2859473018723986,-0.6676258921241864,-0.27874140436166245
-0.0787116852013775,0.9552392722326926,-0.6292585521111638,0.6527337937722959,1.2551128358123902,0.26333295850454497,1.1481463284802589,1.36417204101632,-0.8718207589539109,0.7017232981271956,-0.6657511207940129,0.7072212156652079,0.7563927516074271,-0.48817319690335403,1.7081107565247473,0.8807697890910992,0.30480356532435837,1.4530473956314007,-0.1869112473448895,0.0863494376730175,-0.4592443268136004,1.5800707258823223,0.8343098797775725,0.9859580246661502,0.79441837510302,0.9180111054141353,0.6569333484856701,0.739689501114521,0.6439415324840372,0.27134141407284973,0.5374191157994954,0.6822300894299405,0.5850265088587093,-0.22518612981135178,-0.17520535968767315
1.3414207169581958,0.6462227166069525,1.0912418280773852,0.2514188791279075,0.05894682065064849,0.37120499587610173,0.6786486912658521,0.45373553531366767,1.4290959788476403,0.8671664006837976,1.696604902301054,0.9685295154863895,-0.4462970518618149,1.2811195992813424,-0.009084235750162928,0.8530287188794563,0.3419732525334536,1.7917131991142348,1.4306943266913366,0.330024633581297,0.626804600960793,0.8018471624372642,1.099843729822376,0.6708330859044089,0.13147030845334873,0.27234790524181657,0.6156535933492797,1.221457319143146,0.8040587446405838,0.18892985354998104,0.8849178872617249,0.35194038336002176,0.9749559516760645,1.7772051332296095,0.31787478914475675
0.08092378291553855,-0.6949330098457706,-0.33402724167008263,-0.06616269875521025,-0.5082077579944254,0.24144666826074296,-0.5655731627660628,-0.17483180345864782,-0.27034985899164776,0.0001112264851457212,0.03439573643675253,-0.11036934075152138,-1.550030226372868,0.06230096446486333,0.19317446486615808,-0.8450727080918874,-0.5169145335715991,-1.1094586682535688,-1.664504482097474,-1.0833126301410463,-1.004941499647016,-0.9304117716525372,-1.2476862381813982,-1.1472547940257143,-0.7953816613675938,-1.1813159490483267,-0.5277277977003915,-0.4588981568485302,0.3932767695036884,-0.22822658266874418,-0.660647600902495,-1.080480813296553,-0.6086866713005837,-0.5745925943420392,-0.9740632775701481
0.05894822913872483,-1.0845068095278645,-0.5581149853968295,-0.20608735783084586,-0.6732944882721487,-0.6755039385747612,-0.6805521374785356,-1.0656868059272129,-0.0936614315505635,-1.2186783238144414,-0.5757923162102683,-0.5492891725735679,-1.2475790737751962,-0.7496921490817952,-1.2497875424575529,-0.10388126218981797,-1.3689049296827205,-1.122252287980419,-1.3989085928184988,-1.452885844491643,0.03851377263338174,-0.46467248714265064,-0.6409012930022174,-1.0104820670821661,-0.195846590540524,-1.0257118140690191,-0.17741306269255164,-0.9680172303003513,-0.8086706115636187,-0.059302072451104415,0.043813309995761995,-0.036923643436973075,-0.8062429627029528,-0.4489943755246001,-0.09018726894536702
0.2774255685572522,1.3723730954002509,-0.5302601613890052,0.26418472651848796,0.3806570668306076,-0.805574541055925,-0.10166132539391226,0.8882820731285233,0.5691217688818531,1.3180808098527395,1.280881926052884,0.7008048300254269,0.6162057994897759,0.46718545830154606,-0.9193226010267652,-0.315659562033914,0.4048018959041314,0.6348028070811617,0.4434729787720386,-0.17618282823482573,0.7097696320958593,0.9529529592145141,0.6510806992135281,0.6469743522791664,-0.15757186589091893,0.6296960453857186,0.13416216892295346,0.2865248979495006,0.18288239461177613,-0.09115798335366106,-0.49095211344092504,-0.13246655737396412,0.371668835662801,-0.37258570956924386,0.26491195554960334
1.168535335308836,0.6502510410387382,1.4932792063692033,0.6197054983937527,1.5502931902802293,1.0100667929124445,0.781998267424802,0.34240499478704695,0.7379991022272627,0.6755249931678566,0.14298740039467195,0.6575177270918473,0.3580767670495477,1.0460946805414562,1.398831813348916,0.12430404712616638,1.5854691455488372,0.6560821646895767,0.22338467050701177,1.0798123445362677,0.4672561958938249,0.6386797895969084,0.46599757193553126,0.2478881638094526,1.005916274344734,0.4879765233947494,-0.10043140455194755,0.8797588918687668,-0.012651361139315864,-0.0009927694801403764,1.157034600895488,-0.052737146806004276,-0.6284704793811011,0.8251306665460545,0.34535625987596635
-0.4417450298067721,-0.5427079988620269,-0.32008009811871085,-0.8603762084410832,0.20855502280678206,-1.3102419770148248,-0.38922174854383385,-0.32682568364504827,-1.0604377777543565,-1.221526710491943,-0.22628487283013277,-1.251543498723112,-1.076600093545996,-0.3425897950422936,-0.7776008393156896,-1.697974333532343,0.07401611108214312,-1.0603091202544201,-0.988174733593917,-0.6461443548946845,-0.44455547430572856,0.24449232154680178,-1.5410820805553376,-0.26921748094573245,-0.2781476490388697,-0.682183049822351,-0.18059586244949188,-0.06462458317925973,-1.177398153119285,0.4364399874303502,-1.1674814886511924,-0.9033182510047402,-0.4122997416366035,0.7368393139303425,-0.32276495442131703
0.41627489966910647,1.114096140265663,0.21271782585772553,-0.2624284037580119,0.08126878596218168,0.9376538068191036,0.24943156142723813,1.1405344792025631,0.5049411774512703,-0.22600225270284827,0.0821279135667015,-0.40997319682846595,-0.3575761331654161,2.176245414467491,0.4062366595804857,0.28795214998374297,-0.49335183340850164,0.5643198356809291,0.29107614740566584,0.6446659795978558,0.5836396049615107,-1.1084027971501311,-0.9587966283148397,-0.9397800401160353,-0.9427712154704952,-0.3408127160479961,-0.8164225430717681,0.47412880896241605,0.36242496860782225,-0.6194158002773659,0.33674821563734814,0.0800244854319232,-0.9108642822837874,-1.7098734287154098,-0.8322419060940136
0.47768893446076355,0.9029725521215686,0.8434932979967895,0.82898766343872,1.0573621296634959,0.18674232860011897,0.9956113654364127,0.5664976084473707,0.8821203172266269,1.2561096725311618,0.15993570640960986,0.6256786121158961,0.7007112400836585,0.49596431026674476,1.195606323551293,0.37756770587355093,0.45161508164420666,0.36539811540610934,1.2569230686956696,0.45471289822606775,0.920506130463127,1.6674006782276924,0.6307274838662781,1.2122874697584813,1.479594800190346,1.1447230048620498,0.6094938335488052,0.9252827092601071,-0.05354948219511091,0.185615737782513,0.2583939075908705,1.6657388628862426,0.12345969195501039,0.09996154843439198,-0.024672515507960124
0.9819719304776786,0.7582024116700457,1.2140927990995505,0.9891843172417416,-0.05475460509651031,0.2127584063247735,1.2791176138620939,0.4739881945690865,1.1477758596143777,0.4566723248736296,0.02444048896621387,0.33265125189010053,-0.024438222785427788,0.15144352281088402,0.5086812611956028,0.6374227398136338,-0.4406315172724847,0.31810594895277683,0.005330204923092052,-0.05415774885640312,0.30740880042764995,-0.06349499150741028,0.8731548964911953,0.7462056256094612,0.7129551800577062,-0.15572611370983191,-0.4199665682005363,0.07176209838255597,-0.07500770994371203,-0.3348260118451381,-0.6488180992132548,-0.11215721023097672,-0.323746698204847,0.19232571160622075,0.15079135000626995
0.5763147199530827,-0.6274676137850661,-0.03352134586437472,-0.6480448128279293,-0.4742680365330323,0.18557163777167063,-0.22951291617217878,-1.2685358219538188,-0.966849409243463,-0.0815488156323545,-0.6639329586009632,-1.3305331815226864,-1.1827443456575732,-0.43449751491658084,-0.2977663154763866,-0.7904748489767034,0.43814343927343713,-0.3832275591366177,-0.9085366234571586,-1.1818895051075393,-1.2445360251272857,-0.5683491638587469,-0.9554365283091928,0.15467829158300694,0.08350340539502143,-0.29706732063667907,-1.163730796336051,-0.8678710282737356,0.1414220022447676,-0.7199763654076159,0.1729705048776406,-0.09835814886797314,-0.2555469624179617,-0.5770473491309063,-0.21575856130699955
0.05831554169962294,-0.050920174938744456,-0.6463818499199572,-0.5192533744282771,-0.78522117886737,-0.677290623292871,-1.0952865758729284,-0.45264403864617264,-0.14305152284678935,-1.1179660027635272,-0.09423715721453962,-0.6993523734757838,-0.6527286349678061,-1.635959036075926,-1.6986026108680687,-0.7273443183279497,-0.4046473988786102,-1.1309939626869132,0.04825086165083625,-0.40656849393070943,-1.2112644986617576,-0.7206354905721781,0.5274165610092166,-1.3034755868085581,-0.38551752660635547,-0.7749728707469639,-0.22078456439834704,0.10187523116165775,-0.6795353049814665,0.12101287034352204,0.7225013350538589,-0.30252274171323623,0.11103843892253729,-0.5208513277648231,-0.15900698502901756
-0.4212550155918352,0.013010160642370983,0.16642290025038847,-0.5388440120482789,0.2373090083903615,0.19289698392068888,-0.18823233529244499,-0.9058994514442044,-0.986526305707619,-1.1158501651980532,-0.26028894479613046,-1.3619972254594368,-0.4348492961152091,-1.3267989501842232,-0.38319839616421497,-0.7907927083525104,-0.13269418026470048,-0.22457645170380158,-0.0692633826396526,-0.04362712191331075,-0.6852784558136661,-1.3154563573112341,-1.2373095333511785,-1.7256178500666741,-1.191485412777955,-0.5791887655329682,-0.8540598002701842,-0.6218293942024589,-0.24005905089508234,-0.590475894542944,-0.9490147622884137,-0.36227694416706974,-0.7306511482109779,-0.3610241911527172,0.502751842666878
-0.46817012128580127,0.5000209744869457,0.27990292584091064,-0.7736692417790708,-1.085064297683988,-0.5984038178202223,-0.034995325183950876,-0.8929816386976843,-0.22656674820659806,-0.1054394932849898,-1.1218848050965138,-1.0941386658590482,-0.41693710710720927,-0.7103205014513815,-1.1380022193570412,-0.9754927237775843,-0.8347732375583236,-1.5777309533421673,-0.4039745353993608,-1.0133825755274628,-2.148951984706814,-0.747995308253658,-1.0818336352992433,0.16221751074263302,-0.9423750065238923,-1.1624222761745981,-0.32026637487659515,-0.8619852760013247,-0.8761448612518989,-0.183692574097862,-0.9083340160269047,-1.06429693948508,0.5815930962226132,0.06411842613713672,-0.30074128204180633
-0.3346560740886819,-0.13252562312884886,0.050753657178636113,-0.8620042331470552,-0.34642915149325904,-0.8254788249652447,-0.7061498291387074,-0.567539751850888,-0.6839511838640037,-0.341876038701748,-0.49132870035741394,-1.5101977264008435,-1.4521797267034338,-0.9711026186518132,0.11934117513571074,-1.2251984159685918,-0.9036248160009904,-1.063476754342698,-1.0638182806847483,-0.6849166091053394,-0.05670523470993927,-0.5080756241586372,-1.1128134865660355,0.6944211699928982,-0.6103658855833453,-0.9022110725763494,0.1318154774811916,-0.7662969009694424,0.3450400668679386,-0.8737646609933982,0.32691483237856306,-0.23513627824450645,0.36412021152666146,0.7252519116875864,-0.7349402848052506
1.4378859103791612,0.09526778733595098,0.2752869769353008,0.39577410409288716,1.047338077062844,0.8095112406093881,0.7063631845701408,0.8594233244670543,1.0777740119415198,1.1115288118857432,1.3192190108276902,1.6763428448344007,0.7492971708773521,0.49255431498660707,1.0524596400774087,0.1656344771414766,0.38996321530957034,1.2200481550785365,0.6488311755674168,0.09683872525315662,-0.054418097661238174,0.7039064673095591,1.2390849625255758,1.2205300185074959,0.6993580095902008,1.635581934389907,0.565484308567444,0.534945018062095,-0.6935781404969381,0.35195584227688115,0.9867390158610773,1.3274134712289536,0.11463463224900161,0.744826088711831,1.0207274907781754
0.43784592129246136,-0.7435833904502336,0.48652189692758807,0.7075052647377724,-0.1838252439278905,0.12518062447902145,-0.3637489581647122,-1.109868424615743,0.649475920214021,0.0945279485929675,0.8554272596866537,0.44529695819556253,-0.20046449867375551,-0.10488704109759142,0.18001309994866635,0.34084486385827806,-0.020426360383463987,0.3323243751851318,-0.4069660218280385,-0.794716438473873,-0.365322096018279,-0.2662657077332787,-1.0046445810495295,-1.1062471744575282,-0.24710774556756296,-0.7057173238634031,-0.6159412698548603,-0.7420167942692549,0.1703854784486093,0.014695576959654066,-1.2595917374571308,-0.9304394347284012,-0.26050886871036133,-0.40429763815100783,-0.7439866947785418
0.2311998975178824,0.45844971647188054,0.5404953707862701,0.935975999548656,1.6473833363225323,0.44956318474789425,0.27691360287393874,0.7320124465419022,1.2979987075518127,0.05396326653471517,1.4989526684575987,0.6803097573928462,0.39281835594140374,-0.04699584732901452,1.098951962195128,0.6521762876530193,0.8146680227426295,0.2699518113764596,0.551347345850757,0.4576443312548072,0.6401868823322451,0.3447719644247502,-0.09895378630203999,2.020507002390206,-0.03778436552497488,0.7218567283131125,-0.26811942267434574,-0.39429488854818706,0.6390530602986956,0.6628211107416406,1.191480993808022,0.7452062233069545,0.4548465897097484,0.03889980203280463,1.2467940087333058
0.8966674677196238,-0.22510790056083074,0.38185876124577955,0.39881606847057427,0.11705937527850435,0.6381831328196125,0.6298656320737585,0.07996250077188029,-0.0044609085786363745,0.8458814468276591,0.5230092075152809,0.05281605719666618,-0.8379641373810578,0.10870334210713087,0.24596613702241418,-1.5198576587187802,-0.05582695159545695,-0.4288181908574781,-0.36905879355557847,-0.74983514146269,-0.4070121144395349,0.3271376349892953,-0.627076133087644,0.044900647012374895,-0.8739665032440818,-0.12316080185017186,-0.5321928892128837,-0.38615804702420287,-0.5863383443842528,-0.2953723870172417,-1.924707451404426,-1.3739554849169626,-0.4769707536908355,-1.7270349336507467,-0.9885478914372536
-0.3600878897560388,-0.7995278709933753,-0.7816957689749611,-0.34822548741275305,-0.02485493658619553,-1.0513514274875297,-0.8991883049760805,-1.0135166722468627,-1.8913017732763069,-0.6388035926942796,-0.2675131070009648,-0.24779151805681365,-1.208651311391082,-1.412093300532238,-0.7841686822893593,-0.384765656434557,-0.722088237039422,-0.6506514229275564,-0.21588062477259162,-1.143604760673219,-0.8670789161442799,0.08124293178166908,-0.8094535674013029,-1.315862068391991,-0.9843305441890556,-1.0826905199959138,-0.3956514170069678,-0.9797350937919225,-0.35089963419516057,-0.8064758747803898,-1.4497896312812355,-0.1823502168943926,-0.20717406405111088,0.03324796519123466,-0.505130249127252
0.4102277623203118,1.0004531687894263,1.5583889408249054,0.8030628387422696,1.007812306997486,0.6322094599291046,0.01811596571471641,1.2700203945329027,1.2363363368378644,1.1327917625026638,0.6811628738489154,1.0648534883199512,1.206859255792006,1.5631781385304189,1.2399546278085354,0.7696724977906062,0.07518865365319027,0.7981868307180121,0.8391840609009227,1.055449842091328,1.3674293646830615,0.6319728715842658,1.7186302889481264,-0.22338638027838598,0.8535886943745947,0.23186702874982895,-0.33571650830672606,0.5033416416112211,-0.13844653483791647,0.4949233678410806,0.5781161224540584,1.1047035074670764,-0.22404061829932487,0.9679225068881929,0.5463281997564285
1.3144245768047973,0.5838441520330895,0.13275686117769225,0.18872917088117258,0.14961603214035546,1.0319103786022858,1.5283922377589085,0.5038299216282636,1.0966968664236751,0.015683720847256888,0.8622962176087742,1.1006067466192442,0.03591596945965636,0.6511570615621379,1.1036501457275971,-0.7291234383409518,1.3970418122162473,0.8971973698276656,1.0692591868349401,0.49457531483479394,-0.17087780576132883,0.9465796057711313,0.6268415313333147,0.672314857458063,1.1877212507432588,1.012159161773142,1.5785132000824817,0.6811559441975499,0.2445335954770032,0.4814288934031259,0.7685631846761329,1.0533610622955902,-0.20376502663671547,0.5179687316548912,1.302058803135716
-0.453021904738974,0.08004812524762533,-0.1893563040200717,-0.006086284227059258,-0.9343826852760664,-0.974827571892916,-0.6015232608212514,-1.413997079203496,-0.8154822006434964,-0.5832211590952003,0.1574458235596753,-0.5547540270798438,-0.46065388773416155,-0.20400635274716383,-1.27730025053273,-0.8819438309032835,0.41319283470733237,-0.8348648520566914,-0.2285807142496047,-0.2921675424713135,-1.4961507300016095,-0.580820185595965,-0.6376742697498765,-0.5172141914884878,-1.0267087359594382,-1.1720603503413722,-0.8122377098680288,-0.5806590905396346,0.10607546317437516,0.4702121443527385,0.31019856102946736,0.09443249500556844,-0.7835760359743502,-0.4300790301579335,-0.06367361333812487
-0.25962975770392516,0.29582802476628967,0.31807613530177414,0.17674680568579332,0.3722863322405455,-0.6409243365320672,0.23015722975755123,-0.6308072341429041,-0.7991006637207585,-0.10696950322686827,0.19193693052209188,-0.2133789030474862,-0.48662511379502915,-0.37969619649094644,-0.5022661881975008,-1.1669860139988497,-1.2565480623804817,-0.7034557679249052,-0.6503868108467464,-0.708288808185986,-0.3968211730902543,-0.8607247640587994,-0.48673960222597634,-0.8528355942803186,0.121800980464843,-0.7558455941300323,0.3708713417874332,-0.6237226870018178,-0.9037556888726642,-1.2407905368603125,-1.503643417095549,-1.2660698071607923,-1.195363501719578,-0.540480564094129,-0.9804894185974113
0.8202144699167336,0.4133830442184248,1.1920282700095541,1.1175068745055643,1.6395982854253088,0.9761670439124968,1.0502701101915954,1.4863555908697808,0.4682978692814352,0.0332756435035505,0.8721826225843214,0.05500870384347889,1.9869476935607855,1.4808479420915366,1.8276797421356044,0.7689853736053514,1.004602078216175,0.4906199659058195,1.1523577657696449,0.09316334840664764,-0.5810631597160405,0.28419281786837214,-0.05960004376708716,1.3952204978216705,1.5517564856839403,-0.07033731136471244,1.2637522952982951,1.0799213215111856,-0.19474852798687636,0.3805035513916799,0.27064963734457015,0.9194305021127016,-0.084637726369863,0.46426361123556553,0.15432072264172264
0.29326035302673403,-0.10117081734165043,-0.3097897707955673,-0.1980465134129799,0.8777404463818109,-0.39707854773522483,-0.7567597314304412,0.008732275495176633,-0.40039502211079403,-1.0806445357532954,0.6997483170238346,-0.633625119028815,-0.6859618526619767,-0.45485543358765135,0.2945787373732788,-1.4438832291906505,-0.4972450651977542,0.379593252708636,-0.6259508883615741,-1.331621987021593,-1.0440704063955373,-0.6495451410982342,-0.10282723535847338,-0.9502101328251251,-0.3765526018371741,-1.5138868710167002,-1.5213491487729327,-1.0411288268897247,-0.07790274264192532,-0.7566292289735906,-0.6372935322833926,-0.6313088671759504,-0.20095635584421778,-1.0430009205691444,-0.37326417882320145
0.384558668072435,1.7913560675090334,0.39868360241107004,0.35628418244979526,1.0703546657179381,0.8328975178581202,0.953357429782026,0.8999625827020329,0.23693311789106397,1.5840842144548086,1.2189066959646793,1.4458004140842389,0.49581291254287846,0.9613605684096509,0.84437580660216,1.3017631983745406,1.3094393472801855,0.816883083361199,-0.048080202945356976,1.5907658979760206,0.9684771518664184,0.3753296069170844,0.8714077631749182,-0.09928964448435906,1.171594291879304,-0.10447864729773348,0.5074772455191341,0.7264560545635753,1.1095596703636086,0.628909655074676,0.8782129352131052,0.531349348574326,0.5136589736105035,0.5564385492394553,0.4027590141903442
-0.04328512154071773,0.4155579927003393,0.9212665751152641,0.6729183322447463,0.7176152178829602,0.6313264674226006,0.3581320302856499,0.5397559544677268,0.628713345100486,0.7799763201859915,0.968824765254981,0.6760502930078113,0.24515072925188086,0.05405777609267359,2.0444101791724267,0.17285437014150518,0.4700027807331846,0.9788578331391091,0.8913256677591093,0.9613678007129625,0.4691249002552612,0.7988271629324291,0.6988085261620025,0.5001914459712591,0.7666226290294521,1.1588099982171962,0.6067943798200113,0.5964552529390119,1.124220331810554,1.0563174967668956,1.3526997188885717,-0.33268231444068685,0.9823115406673386,0.8144899467663964,0.054461775739898854
0.9257939589994224,1.3252806134276527,0.3842996933167148,1.0187600485005093,1.231196596839422,0.25749352087621424,0.7187883804289847,0.9367898732770794,0.384063464523306,0.3378281503682938,0.7046132920887376,1.1671452969025269,1.0818453576941454,0.3223924314588941,1.0717755180426576,0.3197919971905325,-0.07576961763134116,0.5367858963585259,1.2723800487691368,1.0289152305028628,0.6896975313347518,0.4711953858171267,0.47325562598335513,0.7106495826723007,0.10969901522086767,0.4570735522411944,0.510109760857791,-0.07130839946494838,0.17091568892377434,0.7808907126006797,0.5654874183773271,0.39105190720241023,0.07403823031366213,1.3021248368599152,0.07829836727687234
0.18238616496503104,-0.23670934553458348,-0.024027272506202114,0.13740664537324535,-0.8254092646421881,-0.19193685175227423,0.35910720220137504,0.5977664376631955,-0.39363967402688127,-0.3521869667116047,0.6896666637233679,0.11007649456410801,-0.8056694103089108,-0.8442648349847617,-0.0922049163375066,-1.1095291309540178,-0.0913746142385975,-0.49689284631267355,-0.43145484671786205,-0.8423218991098798,-1.0497843820384158,-0.021989990542469418,-0.8915978334551418,-0.9860097489040256,-0.8299470344932947,-0.6996913911342839,-1.3149025273351298,-1.0821642296507057,-1.1059331405315853,-0.36842639642705105,-1.2251804140666467,-1.6482325938417408,-1.7391076285906601,-1.473080641638076,-0.03663763164326195
0.8081032997420259,1.0503442829522547,1.0671230181200795,0.8255707931852658,0.7581291106482594,1.3152665170510285,0.8629291838078788,1.4858544245875809,1.0925441899397166,0.46850661317455283,0.5235685810851566,0.4025930352235412,1.3687523680734484,0.5505733195792888,0.34645517708499823,0.8976509058371968,0.6807317281791244,0.8676419381697235,1.6558023149231906,1.157470357396606,0.7039887121723021,-0.0246635644903489,0.4181554454372529,1.0117801810145541,0.05839723831287402,1.7016123730070198,0.6251027728554497,0.6286530263655429,0.25681721789357287,0.8240061952453482,-0.018269404854286075,1.6278790973498305,1.1884276014086494,1.0058481466638296,-0.1979265282783732
0.15929639656303773,0.6117683975093162,0.2543857808534999,-0.5924527779138284,-0.46532784769257274,-0.4145967986785255,-0.5379760395328514,0.4814049087723476,-1.2891392568109437,-0.04506800049064086,-1.062151538041624,-0.938011389961025,-1.50189380911566,-0.8093003251211329,0.1848861785384659,-0.47159844469876366,-1.2344187634075725,-0.15546899099852152,-0.07466309694705542,-0.6619317568503104,0.2825025991610842,-0.3422043436643223,-0.4269029395321103,-1.1822315642002397,-0.4761792577427195,-0.6878068186910089,-0.5395754626398921,-1.1420212921179154,-0.732867661399063,-1.1994972988379542,-1.8557651800497181,-0.2711963806735221,-1.5067548379823417,-0.6842973419090093,-0.5509056683427977
0.9632815079315274,0.6581802027495283,0.9344848921994017,1.0329623688816867,1.163002166849906,1.6597239718340897,0.9070283024006615,0.8183301074647248,0.3287647346197363,0.9953779118647353,1.105827144590409,0.6701738463098673,1.0322846091901092,0.6068406992773943,1.0811879015292765,1.1940630422886584,1.1786292147306188,0.7792798449527919,0.1909112871677432,0.39497842811126577,0.988062096963713,1.9039542804827692,0.49777630827552977,0.8841759689359725,0.36589147940408057,0.14414370271729265,0.27973655974899414,-0.4370071585905354,1.2668573458264372,-0.5394278095998178,0.42881738320651364,-0.043631144875925565,0.08756184140154166,1.2019612539346407,0.5978214696322275
-0.5655787284082526,-0.6553212012628119,-0.3647126343140081,-0.735070499904398,-0.3744145008846811,-0.01500956348882343,-0.2731439719819922,-0.20737951200073906,-0.13765269158430782,-0.5682454077936825,-0.8141924929367614,-1.1422396571563525,-0.9688572049885732,-1.048087042610614,-0.4291352927747459,-0.6260112224206926,-0.45113452983746344,-1.3754721689145128,-0.0709213465201689,-0.9875266668112483,-1.3071021938450964,-0.955668706509838,0.5308349904412647,-0.8760520186544891,-0.8122007317993709,-0.7096529347001307,-0.6485429015733307,-0.9224996248981603,-0.41481021902271764,0.09935418858910017,-0.23095570434276802,-0.8912427598353465,-0.45357885729140957,-0.5013946427140006,-0.1421669054272232
0.7218155971153208,-0.0672161995081273,-0.0862443532605651,0.7974241838127738,0.297822025797585,0.0984119113777373,0.7428086853623401,-0.038078881685799426,-1.321896258388077,0.04330530862012116,-1.2120040791367235,-0.23138296194426725,-1.3538989127459211,-0.7682008147416597,-0.7523719120360765,-0.9890701195470293,-0.8096639885036241,-0.14776196800790153,-1.0472916848111749,-0.4413845576145827,-1.217696799718861,-0.8477361941726941,-0.6063095600146792,-1.2788064189263746,-1.4457387170087348,-0.5502633822038115,-0.23794976430508596,-0.839260992290936,-1.0255735568569084,-0.7132288548862818,-0.7544591706840119,-0.6488973946070881,-2.01968289729444,-1.272442719883199,-1.1400217857857444
0.7774998637680794,0.7798306571467374,0.988803554928286,0.7823453588082827,-0.014927216928144249,1.339899600122489,1.2324123914353664,-0.05346132815597393,0.7203325977924626,0.23380060620978022,0.5777006977107487,1.0109367805443887,1.5246388081498996,0.8098587565834008,0.5556857754680478,0.21170961047497508,0.4455315798602526,1.0066758993714826,0.2762836943231756,-0.17300667005082204,-0.5687784418972017,0.46825487854232123,0.30572996188172785,-0.17077939914721718,0.6350480959403354,-0.11915944815849626,-0.006039196653272759,0.02241506703952644,-0.17530989786962245,0.08751810224132989,0.5148066970867264,-0.6626391746561524,0.12254809615839403,-0.06576847210956857,-0.10487976098211657
0.6368143055473481,0.009496071240019721,-0.58613647204185,-0.5175747812571049,-0.9458060243455243,-0.1312785233812545,-0.32852385285305125,-0.9050990947142118,-1.2016993008868897,-1.3702763566848797,-0.2416149780131105,-0.6959265572369744,-0.6657758550043371,-1.1977185892033453,-1.5267230077374048,-0.3180957123619744,-0.7784939426959986,-0.34168641083562684,-0.9797626518984904,-0.8924454025762963,-0.4004447844974489,-0.3698857842736694,-0.3122651945095124,-0.8297942119600533,-0.3423788772384744,-0.059050861646933295,-0.6266187156983702,-0.78850577388456,0.18495704103260008,-0.7656661322857186,-0.07336211352488309,-0.3648712656452843,-1.2021887130668354,0.33866609107610435,-1.5475634543183077
0.25364572651959133,0.16179429216971317,-0.011091465782506207,-0.16605493653277853,-1.4233406630044518,-0.4085553612257332,0.658462233250139,-0.27653386129865315,-0.48227760673667475,-0.3645744725250028,-0.2386134162633942,-0.12797552389075895,-0.6114672072602721,-0.32231330834485816,0.26784575414953893,-0.10088516621479504,0.5349121180204655,-0.9924280073640359,0.14777952501960934,-1.1092918173311506,-0.5580889065449792,-0.3867481413575798,-1.0236177891306406,-0.7365600718799569,-0.33464794932746944,-1.1513379066492095,0.03520176579841838,-1.4920267949109243,0.17292861778563573,-0.29040348133067917,-0.8270619182305915,-0.9716827705810795,-1.009074478533095,-0.8057883944287247,-0.7416546638417307
0.2946956540795769,0.598869248005365,-0.33622510730107036,-0.9068308314842515,-0.8023654347941971,-0.6636721291657679,-1.1267202595307833,-1.2373568866370297,0.367951708848846,-0.5583527248799068,-1.1514385467553843,-0.3478113365358983,-1.3624411855741354,-1.3342503002076935,-1.1964926566173242,0.027854140714726028,-0.9259534940838009,-2.0161572343156804,-0.18176312205291179,-0.9272271631390459,-1.6817978757469678,-0.8944015680806365,-0.45054605755003785,-0.4801690021422207,0.2495549935185013,-1.039984525670258,-0.550872649725117,-0.881546231286744,-1.2575132077193942,0.004320420642912437,-0.1564655775083615,-0.1938208855359273,-0.06801080819523309,-0.5683673690073957,-0.6714841832037204
1.3155213693913308,1.4590236536376757,0.23993198519931114,0.4054230669609863,1.352560977041633,0.4971803944707354,0.029214736194405067,1.0526039287629065,0.508519997161797,1.6723001350692672,0.9202278700143565,0.8464550817715136,0.5753564112902121,1.548516463015551,0.9249688054297248,0.5335121261956837,0.3322734280626526,0.6836211546000326,0.22207194439886607,1.2153736752716482,-0.21368759199076814,0.60979111344612,0.9732034665855379,0.8273168397967312,0.28527627163594765,0.9612565781951177,0.1748747973447216,0.5930365015123954,0.9160606003627395,0.8070937066040456,0.22321199269709602,1.1441800610812833,0.5730992348254109,0.8851976295348825,1.2618384779531553
-0.09356929379222567,0.29545433542233024,0.6754502083039886,0.01726210008659046,1.3515942903772125,1.2214559373945082,0.5025346130439002,1.4261127445447477,1.5067754314966963,0.720819425770035,0.546801504236121,1.8961264523219201,1.1205592681401682,0.8812611225364919,1.4274645488046207,0.8887272027752974,0.4765049884057818,0.7604375621259183,1.2302225066361365,-0.2951578287424307,0.5464680653017384,1.3710768269034581,0.4122024934948119,1.4293114099576076,1.3512896678236885,0.5983626670973674,0.33362483909317503,0.46054939268598316,1.922447060373279,1.512849540324111,0.6234269843101992,0.24135602698889697,0.5882724668732755,0.6356133873736891,-0.12439139418814549
0.09661039594179241,0.668427360908179,-0.9418452594336063,0.3218937569716833,0.5471180149891449,-0.4689074022227143,0.6108307568069805,-0.6281530403069786,-0.10809135646911386,-0.5264139126518743,-0.5694980291587002,-0.7660351811145139,-0.1477393852502914,-0.11037038067597543,-0.6026907470197352,-1.2839946727672897,-0.43365290659082917,-0.4530356484828308,-0.798672734424612,0.21966064622055115,-1.516836612365538,-1.8616282611034136,-1.1336466430272398,-0.42532994357137,-1.3178008192703103,-1.2866879167562932,-0.32397929588632807,-0.5684545211483751,-0.6083866487643564,-0.40035208899771113,-0.9947956067031443,-0.9598407019918095,-0.3506707108568706,-1.410333964690817,-1.7887666562665907
-0.5495595560516411,0.0799788423459189,-0.3081352181346726,-0.055370835428041554,-1.5376495696876828,-0.4143783326983797,-0.2847269545612064,-1.3232848968886826,-0.24958310206439516,-0.7654189361059304,0.80079637088779,-1.8447311561631223,-0.08871093933333729,-0.9833233245352037,-1.6035473133052234,-1.0628800715002866,-0.660773840525881,-0.2765704060819153,0.07418605542537937,-0.06308993670569585,-1.2397848831600122,-0.17097747796587326,-0.5154055272920526,-1.0094950958731994,-0.7556077928026487,-0.9685219241076546,-0.5556865388893751,-0.8965905331445934,-1.0004137972345024,-0.19888370161867894,-0.07373508795230299,-0.4294586104311596,0.4024197471434308,-0.35584623591074227,-0.3200239121073929
0.8623819314386927,0.1983742251012196,0.744503643142606,-0.17756874602027384,1.1043300915162386,1.4041759303759456,0.5979594156198293,0.7187406814180228,0.7004256019291273,0.8678600875275795,0.7530507995369106,1.150383914666028,1.3764979238235635,0.34606318480597376,0.5910273290976661,1.1885716097361592,0.018480757335859854,-0.2650029590406434,0.8240533394255082,0.9491081599674223,0.32933334104455275,0.3902226005524279,0.2880405331711213,0.22279451006968543,0.9906656684460822,0.04087798134302367,0.48513306082100105,0.15156074600337416,-0.13750467357804597,1.0107264042308743,0.3008188873200607,0.63965284300948,-0.22428599081786116,0.1427301971870688,0.8753319149640343
2.093635727922655,-0.18838829264650248,0.6983252569147018,1.0036191330608557,0.4874696823542716,1.2177642956390202,0.35656489132140223,0.8632295150641944,0.5210932650456035,1.3871202913924532,0.4339533415023219,0.5903885403074229,1.2328228758466682,0.2390794665056334,0.7800666038666006,-0.17350528656951414,0.18534855205083867,0.9114233198275433,0.2155466082081527,0.4286484885202804,0.9370266360453177,0.38995505703919037,1.0795577306497497,0.7640885234849348,0.8617593141060337,1.251610024211109,0.7778060228447082,1.3736524749954724,1.0457709558914736,0.3139111019402606,1.2073055359174658,0.6773658132505744,0.3324120947523921,0.652892771725748,1.053451386811663
-0.9302592032459899,-0.36363598374713313,-0.36600243196504767,0.5008117549859986,-1.0487520832832133,-0.5523956372081602,-1.1413699104234238,-0.8942136121900419,0.16137411769700138,-1.2778275994310293,-0.441350767881294,-0.5596594422075588,-0.785353836349817,-0.526525964676298,-1.374981647056846,0.0287587541839881,0.16290928636714652,-0.7717513919847804,0.4247569766660686,-0.9735504468328273,-0.5568778758796249,-0.020115292211674962,-0.9405502359639442,-1.3729681148484245,-1.4555110288733353,0.41681268756603673,-0.838745035176992,-0.6246299737067824,-1.04279879978631,0.03572637415452923,-0.778880291694414,-0.5812916242160147,-0.13164569511647511,-0.757653906285972,-0.25792777430173647
0.7576945560857973,0.22135239726074582,0.023104227388809517,0.01603412913499158,-0.334848518026527,0.8094474302019325,-0.6423356875555813,-0.17752142810084093,-0.27111990422791216,0.13135368324650848,0.13558711881942137,-0.4733950484790265,-0.35169387912477645,-0.37050573258472586,-1.7065504750164444,-1.3985053671700403,-0.9377698352690094,-0.9448421663766122,-1.2899564397134644,-0.33916371168303816,-0.7338127694064747,-0.860333679670048,-1.3963068304320978,-0.802814642739489,-2.103220878552696,-0.877680612896176,-0.7678981295715274,-0.6787709903865007,-1.5789679853181964,-0.6786581803847378,-1.3029147649989734,-1.1765835811088807,-0.39659465422625073,0.26916628737965476,-0.6917273536659776
0.5277994902105437,1.3236442679935285,1.414121332738591,0.1283135205788739,1.5619117013579662,0.975359188746201,0.931566201724858,1.2896180007541314,0.49864102179264397,1.2544870070105287,0.583747858151197,0.028850098595511797,0.2611002175446234,1.0366097125036786,0.27295740548748537,1.5427999468686113,1.3239570080851975,1.387077264898624,0.7732846528149748,0.8298657630796559,0.09362750789921015,1.1774398826914005,0.8580534215601134,0.9399099423880328,1.4880736638702232,0.328145732868088,0.5548237165990163,0.7675642905318842,0.12242211164320843,0.4818379062190691,0.8072064036403147,0.38272216711268614,1.1842466539471999,-0.24176235684319025,1.0586735947332024
-0.0023247318297116015,-0.6698720959652222,-0.8981193517430732,-1.5241578961107751,-0.9270899206830172,-0.04853840935862719,-0.6397020700217325,-0.06639574538741944,-0.9905474326499436,-0.3561064077997525,-1.0936212809574217,-1.2389006248196741,-0.8268317317560508,-1.118727531932165,-1.566382530603808,-0.8905598500762874,-0.7462957529789696,-0.1611244351164033,-0.31839325007417835,-0.16406488144145148,-0.3969151236110108,-0.5697534446239443,-1.3255204590884357,-0.607257486441068,-0.3512556073985009,0.11511838029992538,-0.2310884389916963,0.08843012530517769,-1.0024157063084023,-0.6016520785841125,-0.17342500525148616,0.24481623498592703,-0.3540202277440152,-0.26685392223776244,0.17493351345686559
0.13913063593973607,1.4905939902473189,0.23114526403242552,-0.30574022757658714,0.6404738225268138,1.4656266425177416,0.8896798048909882,0.9511825883593055,0.5746728317589285,0.4553240501956992,-0.2641859816860832,-0.6454114882286395,0.5577228442098517,1.090494501182209,0.5802852603270126,0.6934199581551304,1.1463229171744342,0.4911733784278549,0.2373105225491585,-0.13921274720202953,1.2521727723471545,0.475004834414036,-0.2897149588918072,-0.43340914641668726,0.7485728965511429,-0.42699186416884377,0.9881999280102354,-1.3474842648568575,0.7114640720944099,0.21303297494752663,-0.0016536643513369378,-0.17912744311782264,0.8236529512184044,0.2016816222878126,-0.6333634802021954
1.0461200617144326,0.40992437341448307,1.0353982081511433,1.0973659658932626,0.5551078940781627,-0.0757917807768862,0.4924970846911261,0.5266911142714208,-0.06224724480974175,0.715036195296272,0.6481746302616522,0.706802990670547,0.5990482235731418,0.7991414215695873,0.318554393976464,0.4825127483146004,0.15559400223189826,0.03454034489635077,0.9677628880840061,-0.7518346951402451,0.6794464854382436,-0.09853949288563446,-0.19293318975370227,0.28296342951663467,-0.6227637730888148,-0.31628255193778254,-0.36328697399737114,-0.0799519954040492,-0.4019023708809225,0.7701449121861788,0.8375573823692029,-1.1023949869709726,0.15044937930425778,0.27748391262599825,0.08973092544108288
-0.6619742157835612,-0.5075055832661977,-0.810052395016922,-0.6941486030689635,-1.1344849288096883,-0.6295211476774007,-1.3630600625349303,-0.747953462697409,-1.3049027418875498,-0.606251306957332,-1.0745817603866563,-0.6108229477774859,-0.23247775898832168,0.0084791917801873,-2.058973750595447,-1.216499546654682,-0.951056499750621,-0.5651398316736955,-1.611973340717973,-1.265082684457975,-0.69191527147921,-0.6936157033355981,-0.5222388026424429,-0.46035572196464725,-0.4803552795059769,-0.5167729360695463,-0.5463628231944192,-0.19938004713535173,-1.6060780939078954,0.33372347797555235,-1.4903413875222835,-0.8752410188375996,-0.39478630314962765,0.11067550288173542,-1.6662700849444319
0.7859378380290828,1.1959172592565206,1.2961382125736534,0.4488140047403763,0.6451021154963974,0.4849292376956442,0.5935938998885165,0.27039240959165634,0.33750313605932436,0.9945932109292508,0.8379432796564956,1.0121186922459176,0.866985551948509,1.105268096625863,1.1847985745623117,-0.1330964246592653,0.30216045615819476,0.6046697031371221,0.6995566002325984,0.3658896675231594,1.1464952705155018,1.6695223117579547,0.7612176718324377,0.6984276458410082,1.0686458856959478,-0.301792652759875,0.6321289617568806,1.0937467424945588,0.2685628157720059,-0.03764297309349374,0.4678286933569409,0.5150900861981413,0.07542580812491467,1.561780562090782,0.2579397841125587
-0.5202399143791221,-0.03958546103299153,0.4117634000268759,-0.08269110109782546,0.10251598998375605,-0.6243840268421088,0.5075871009132091,-0.002128995123584332,0.1952180970394891,-0.19044725408247445,-0.003557831713006332,-0.8939119260741049,-0.7427323340260825,0.138467188236315,0.20939132641084102,-1.177543365790691,-0.510369955976118,-0.8795147284307914,-1.038830963413829,-0.5715351496921282,-0.1643905137325069,-0.5271551693345325,-0.9279854181379218,-0.5231116206495148,-0.9698665873438405,-0.5901453071279547,-0.10125711374753876,-1.8383083121976638,-0.3982909543085396,-1.5605940095157096,-0.16803527479447145,-1.0888614698991441,-1.3643960359408251,-0.3902559607558436,-0.5353217014961122
-0.17199987422632865,-0.7761366499954001,-0.09023687708781158,-0.7791974333922146,-0.15472489575353598,-0.7091824745504863,-1.472182769697227,-1.1390943058238088,-0.8958192516813097,-0.025564975978744964,-0.2843001646505985,0.05581758444631635,0.0535494848442164,-1.0536196785676242,-0.8892148859646164,-1.0050424618830598,-1.1352687638451522,-1.7160510955326662,-0.7941699476491296,-1.4168192779134223,-0.7741798135749287,0.3218255806825606,-0.9657205540178437,-0.5848065825946717,-0.19632830315926664,-0.4734549484023392,-0.4279906158864551,-0.7129628088415733,-0.6023557481563991,-0.9184485266039792,0.03492214236258223,-1.2064059386924015,0.20413826436654575,-0.927480135035807,0.31266699749370236
-0.5098262323438045,-1.001392146253467,-0.14626574508825602,-0.01963281995166183,-0.7485417385278685,-0.21182146252065898,-1.7542014542170705,-1.3081843304566405,-0.03440743210330299,-0.821494124951992,-1.6659786431396348,-1.1055462119357515,-1.234968359433253,-0.8692251420086291,-0.9803469479890254,-0.7099366352487102,-0.8342464870009013,-0.11543411334592768,-0.5745217887808738,-0.5452006754610741,-0.1745153108605042,-0.9304441993137226,-1.341986727531732,-0.07870842309258075,-0.581731622009852,-0.5439249904358284,-0.8908976706227213,-0.8401892585493219,-0.06305559124036092,0.053884633558740236,0.003811340791207707,0.06082069233738385,0.0031088638053241024,-0.15986957762410758,-0.25632648170511385
1.3072279744830748,0.5000312800903874,0.8557029175266414,0.25154798522594113,0.3057907998402983,0.49832000740134563,0.19448405136060137,0.9745632295966391,-0.12003717516714352,0.5811276105218246,0.5745227515315652,-0.42111814843638684,0.23907476472761577,0.5620696730361672,0.6225824045600139,0.27946659032904075,0.692908246595022,0.27213182408930553,0.3054645287404966,0.39587659011627996,0.7045663052281959,-0.12612805637057012,-0.06132503719129062,-0.18227355838067633,-0.04405782498428014,0.8048461130752013,0.34764550892403595,-0.5347977388959227,-0.3000570095949158,0.1559691815047456,-0.5142047663461593,-0.4540682460043194,0.550767860008464,-0.45853562114938246,0.2955717322602237
0.2947441255277553,-0.752188847771409,-0.880896345906645,-0.6220826307301317,-1.0738162748129125,-0.5116097976087544,-0.7144851628090886,-0.46759617764018946,0.01785983077874298,-0.3009169974678743,-0.49025209220903276,-1.7391373281987137,-0.5515801321195251,0.07506955408010785,-2.30023271424196,-0.454711228229978,-0.8791927485728461,-1.2202012423759094,-0.3862317966847316,0.0808164692457981,-0.3694785083888881,-0.9216557997296948,-1.1827829180565677,-0.6098797685139334,-0.2130678498731141,-0.8071271075021564,-0.7194242056830015,0.8792385329216661,0.05290921235408014,0.13662107368675114,-1.1182433151115276,-0.6892544500320839,-0.24406508509743585,-0.7261997216057605,0.6315620099000234
0.37223868405760885,-0.6522304708789538,0.45604423567566815,-0.4861426358495203,0.7651924442184243,-0.4997836715976074,-0.3235628317181844,0.05206553500143907,-0.04179522243376299,-0.45429345478508715,-0.8054421396371289,-0.49904677171819506,-1.1813602091087703,-0.7101774168401088,-1.3496252223341991,-1.6898433197579412,-0.7743000791248924,-0.16416479552860086,-0.32389376784267876,-0.8149926289206713,0.11640097627998347,-1.0205905195222185,-1.6699643367515007,-1.7732442325091862,-1.2402479663617667,-0.2052882227541783,-0.8916340515912962,-0.30128227106888217,0.3367249311662058,-0.988491746798968,-0.14885049618417664,-0.06617857405749256,-0.711774899061107,0.45147451995935584,-0.3124901673193621
-0.5247939596942186,0.6703488070220596,-0.17453169644471517,-0.0213713126468002,0.14794405128481924,-0.897363736589734,0.013251341644444192,-0.8988332430821753,-0.9529235920068162,-0.845659474007102,-1.0459043973876883,-0.3450349053861732,-0.6396627955981848,-1.0318564835807233,-0.4577189395077907,-0.9369937184109637,-0.9635486463769523,-0.7709617984136652,-0.5550659108075998,-0.5791126563691573,-0.9387184639341801,-0.31250422037923054,-0.8222450813923174,-1.0096858297130649,-1.3836633204475839,-0.12201135388578205,-0.5680376717605994,-0.42632541274227576,0.03648469722397513,-0.677146381308973,-1.0752999863191859,-0.3007697592777444,-0.12742512878440765,-0.3570554757433721,0.5682321494934608
-1.1864935225265159,0.5672535174522056,0.3534099063567432,0.13698716325328872,-1.8082317447727931,0.45331566195960393,-0.7494741776064904,-0.5368304982744994,-0.41392901979435015,-0.16931855299407145,-0.09628582948112352,-0.01096536907584289,-0.08910037064204318,-0.40830950743513705,-0.36251831770234544,-1.1493874238422759,-1.0107513933175352,-0.2163127163507616,-0.27171048536705766,-0.35205528914764267,-0.9920803607434747,-0.2977403400047816,-1.3488514194185832,-0.24186230568595823,-0.920313901176335,0.04588274567706052,-1.5602110100081479,0.08197354041201099,-0.9776492681602873,-0.9808061767363473,-0.6847797205739037,-1.1188881213630621,-0.7917248477887365,-1.1067037069356447,-1.0679384985569111
0.3000327364844483,-0.4435575491494438,-0.42626403632811083,-0.7777938504701454,-0.39224631001891486,0.4671722851864307,-0.6592239423400319,-0.6488011416764268,-0.23167171415854793,-0.5584257872198223,0.6980773660974262,-0.5386496285736194,-0.3294179525726154,-0.06288871714203897,-0.10819071429971555,-0.4873667751524631,-0.7158017332510246,0.34797144000145075,-0.7401953663885316,-0.9348000495840935,-1.05779647406222,-1.6163880073300074,-0.3574213170598227,-1.954576409167508,-0.7927399210058503,-0.8986327746289481,0.32049263214031853,-1.715554096904063,-1.2474687470707349,-0.8591147780713,-0.8809637988012865,-1.0451209603677363,-0.7960543018386669,-1.367671938735088,-0.5388102935698481
