1.1650121920610297,1.0096683732488132,1.4141770651489332,1.8452001034405447,1.2133251683986948,1.2738739382404551,2.048815545493714,1.7623686812115036,1.2942259547767152,1.7138042228221066,1.3142030822008124,1.3040713493449048,1.5660180454735646,0.671036764840887,0.7020063761369172,1.1115470762072353,0.8651262533751176,1.3195919233853541,0.7447662652389639,0.44827329029260987
1.103144354835195,1.1002486545953218,0.5879983476643903,0.3872943035096292,1.00857788146865,1.0300734784550618,0.2529537975703792,0.4716711616087778,0.0019961711945021554,-0.6107463995713012,-0.41107013180989416,-0.13214218577002435,-0.9383489934650163,-0.4561947164534449,-2.2661697080262693,-1.0011698614089901,-1.3799598984277803,-1.5907076659526223,-1.461069023562926,-2.289274479094118
0.9120262981625246,1.3294731276184553,1.3601441511569936,1.1557665039340226,1.3718345780376024,1.5384047429194918,2.0532560855270567,1.2732165921104095,1.1948933508674093,0.935959939480774,0.05916154186178324,0.6659252452717291,0.541423391230632,1.3365004444639648,0.10342810657252788,0.12774473262117975,-0.18010103928272642,-0.8048036662823237,-0.04680181166228786,-0.3630074518675685
1.7945873737999092,1.1339762748067033,2.0583476821421414,0.9159369865057578,1.6710917002241144,2.252966650517668,0.9025671949905695,0.9768663751365653,1.1317337406133603,0.7643480441407612,0.2064046555549468,0.7039559853738269,0.09240982176377943,0.5406405717239229,-0.18739720120854447,0.6270995576947508,-0.47951764833512395,-0.46615705771678106,-0.1785240505204282,-1.1561263915158602
0.09098397384165177,0.6175309734366164,-0.45402307132936404,0.3563665801754451,0.478882421470839,0.7785796536914864,0.060133799212410244,0.11358224490547042,0.9348332252085355,0.926246958221861,0.9858269240321303,1.098854230745181,0.7590810348591248,1.1906968070353892,1.2773511602309093,0.9320823503642004,2.0169772854741406,1.507978306942472,0.8844439734830074,1.6606800724043713
-0.3898726680909286,0.409507713220626,0.6524084540980887,-0.04575989057816077,0.7602797554691983,0.6309628757551617,0.883738147561439,1.4004820832007598,0.6279013525606283,0.5059586231855907,0.5298240120435703,0.6339508329602154,1.0002502397248796,1.2342561180976452,1.2707984906434444,1.548696217189157,1.2758682377674007,1.8998587694406837,1.2551026390688844,2.486126295586687
1.728441534088693,1.1548682341580858,1.0688729585432566,1.6696663777199443,1.3469637485736659,1.6623845978305132,1.4880767748722628,1.174253901914925,0.7531557073509418,0.359799415912895,0.6480640471545914,1.019090313180805,0.602968804906303,-0.14709191201494504,0.24964486282544968,0.16125274757926947,-0.5197593058810823,-0.2758424088562997,-0.4806474500898961,-1.1209687840745275
1.6212895391220037,1.7220450672718925,1.9304504550378123,1.8981982324366313,0.8852811155211697,1.0016543842276273,1.5047958319263088,1.4088998473425576,1.2978922691007229,2.5068309020491295,1.0550262322586668,1.1307570515236556,0.8989320126515024,0.6117600999921694,0.05426479462883865,0.31071348388504166,-0.47534641721565785,-0.43205989393051436,-0.6980763565999375,-0.6310310091877491
0.9258634266694035,-0.6522322053130541,0.4634742986449325,-0.36257331171333734,0.18615655745569618,0.9014307437675089,0.5806260912018282,0.21066697896745845,0.4399351152577891,1.079292188502457,0.593483131206925,1.0468583827791806,1.0493196594520466,0.837155189128661,2.0176998066415672,1.471390526501952,0.46061044635319504,1.393026864485528,1.0962507864567117,1.739031962869329
-0.3170082953730803,0.04877929513688557,0.39096513408730993,0.628815114430572,-0.10518925905084092,0.332050010644183,0.3649359590992606,0.38043319710969614,1.4322382950742152,0.9694457733129688,0.38127620215976155,1.3274197257683011,1.8799534022955746,1.5107814323914466,0.5523741845298314,1.024129288428247,1.777431940690887,1.0353773523302445,1.5384931436225582,1.707912250322574
-0.3707721886312332,0.07086372929892515,-1.107536713532502,-0.12724201977119254,0.27390204321420547,-0.03326276780537746,1.207878605136297,0.06970833895492778,0.5500388042829829,0.8597493198430232,1.462139099520226,0.3859300864746149,1.4963564243525052,1.1018885525788227,0.7675187104922565,1.4026643072800558,1.350291359245626,1.078358387714239,1.3888862063600744,1.2439331902061355
0.0454069381004992,0.3595261415320637,0.823376948953268,-0.21261316276821624,1.2281426536339763,-0.3149846148284384,0.4942000455494097,0.8770917727330114,0.8384533460557895,0.558373281000349,0.8023808837508695,0.7630745730828574,0.7953450207128365,1.4376361669793978,1.302928365297456,0.9406590794704858,1.6305074311895382,1.4413649469284007,1.686110219899651,1.6499101657202844
0.9659258917467384,1.2719871298576138,1.1285189657102908,0.6629996829934456,0.4951522302636414,0.5803974419697872,-0.29747589039641686,-0.492727507298654,-0.43003592732552587,-0.4380773584139903,-0.4312653477740579,-0.1572143255765912,-0.5809547285402279,-1.1460275907644182,-1.225878149551447,-1.7309426090142033,-1.422183980120005,-1.5865681813343302,-1.368685910041891,-1.8251392906746902
1.6859132006791593,2.11082682192563,1.4537258983849584,1.6373621004622467,1.7124064593884512,1.2162962114393419,1.3884187177670115,1.208422427290392,1.1309436339978365,0.6565343922450542,0.8364740976849769,0.8757301119495957,1.097788750372238,0.734911929903933,1.0416454754895996,-0.29981322946748507,0.1827119232876422,-0.26399564893917016,0.3719902358187729,-0.9870999790843388
-0.6377710635177469,-0.14507613745786396,0.1910677023824003,0.30130527426842024,0.19490311517977213,0.7149904779195618,0.12786591181060525,0.5848130961306636,0.774174851646536,1.0132286225520861,1.1702757351293356,0.5104181102112431,0.4174452551962723,1.6088660569303914,1.2930477757032734,0.9184283029521261,1.8911282712252473,1.3647149922949005,1.8326842459895976,1.425066021514883
2.302473764935485,2.199867593701881,1.3976442983760722,1.8653057920044125,1.6944992425380652,1.924237023206616,0.9128123408108031,1.4778060509770499,1.515242989318139,0.26224251121799513,0.3533666229150898,-0.1391620756526244,0.4095685734763983,0.638220501788235,0.7813153133233882,0.036763707855644825,0.4852298868278877,-0.8893730345204675,-1.185283913210358,-0.6859997445009257
1.6318007745584133,1.4846533574869616,0.6702531177517508,1.4410293958175548,0.9145610625020649,1.644653419725692,1.445421023481584,0.8274335524467319,0.8863264276436263,0.5420528970316603,0.8015983890721311,1.0585877236519112,0.12304088872000385,0.552822205676988,-0.03173055486399945,-0.31002333721720293,-0.20902847538245223,-0.7514293802022605,-0.7253906596071689,-1.1429318219778175
1.4270075583903836,1.1155150804844285,0.8546514296646724,1.5580628659695595,1.133808564590285,0.8078829163546067,1.0401525713458342,0.7707662655319159,1.7667298486073297,1.318394208567021,0.823480971454753,1.2685084510074265,0.5482786303132687,0.006689918938544703,0.7896221233928399,0.22268981316159822,-0.5811147931312117,-0.4134679224679541,-0.854178238822199,-1.2169005573280127
1.8486456139953469,2.261497912912651,0.937802928240045,1.7018651062988985,1.1760918350552754,1.181934246687798,1.0618241553472971,0.8577891591057476,1.1112818457562346,0.6333582592228257,0.9348527582933355,0.6564355516717612,0.4217520885076575,-0.011821865346788973,-0.05033603974235623,0.3092822860180372,0.03415054364912323,-0.7283545491539313,-0.46419801529660576,-0.36322581559356254
0.8104124825341416,1.715075333676573,1.2321804541893628,1.704916879059934,1.1310452000869995,0.6548315599278688,0.6477647498895798,1.2226194456422268,1.1957621952668966,0.6040116557454773,1.0821070114923494,0.011922770543831951,0.49089938779529474,-0.1332028804351324,-0.0803619506358868,0.02608526421430036,-0.51038167751421,-0.491154668926441,-0.10141381378251985,-0.8945374127515376
1.812451439808747,1.0458485148615515,1.7091516289338147,2.0533048598858303,0.44769106265309044,1.0580262980054858,1.5296105759150609,1.122167312560477,1.2403315439268274,0.7241442311009126,0.8613059429705598,0.6142599012945842,0.9844441319181443,0.4529719367903354,0.31541355731505777,-0.15762499076125222,-0.3612588210296265,-0.5103557263623593,-0.3461500805169774,-0.8321744572703833
1.4107239927318762,2.004672564719024,1.3789822186394787,0.735367540274761,1.1640531213765486,0.3243473178181121,-0.5334919678686288,-0.33297652191499355,-0.8909750072348939,-0.49330389134577485,-0.548261022337439,-0.07678188744629888,-0.7932476283153707,-1.169692390302593,-0.8865094339169757,-2.2143849867622336,-1.3205329024796224,-1.1627586482114882,-2.0892078324890635,-1.0367452959709893
1.1017250938543022,0.8988589281569666,1.4082143963511702,2.1442653039990933,1.3797330203114273,1.466816955540262,1.2333860594746597,1.1154570417644234,1.8141500357683942,1.154346675024174,1.5281966542135543,1.2993002720669609,1.6608250671457077,1.5698137048187855,1.80698948684529,1.1324555283617255,1.1623087273915387,0.8023875040343216,0.9302585914170038,1.1641149680446674
0.3027954466581408,-0.27419225794740504,0.5368125905373912,0.8247681802845037,0.5403032650609499,1.216568830003789,0.2453984039222138,0.1439030088146141,0.014568499400064994,1.4058708135242597,1.1473760464354028,0.9380410785822086,1.1430783740184494,0.6475997092516372,2.1384229627581677,1.2695113903648385,1.314425398858195,1.608751788137234,1.5533690650587522,1.487612238662492
-0.1343138797160513,0.7622824818394024,0.08513368194968512,-0.31874414448471905,0.27663207813709195,0.3567610770814943,-0.5238405736129856,0.620046943532056,0.6336827868783053,1.085935634853954,1.6252122218719178,1.4109009587654937,0.923535447268589,0.6551849646743197,2.189466092211381,1.2415102911805427,1.2762391977814165,1.3087951037337555,1.440199276671209,1.3403144641812623
1.2487097922305959,1.278987680228442,1.4841286496813022,1.2593075031691643,1.1512105496331404,1.419356491270435,1.1967908380745027,1.8049826624107494,0.0314852712210989,1.4023410465562256,1.3251041049804515,-0.15282529751184393,0.38025626962208187,0.2026272530715336,-0.3826321854021516,-0.3040008793486154,-0.6104466695869606,0.36357572613493827,-0.12965958020931162,-0.15515862694461469
1.583482875590605,0.7228915367739571,0.8207242307548921,1.0615267776330648,0.1947164289541924,0.772776839095688,0.1856276869392588,-0.0796703205678708,0.14172574845684519,-0.1749931731348354,-0.7000148403408917,-0.2836248910107128,-1.3564439088609945,-0.8356779360013419,-0.981031163203018,-1.4537494388846757,-1.2843255168262018,-1.9715501563203963,-1.1281625264943664,-1.5682077678309567
1.2690853867750744,1.9173349470593546,1.2154924815505979,0.9132928930772463,0.8136971932944447,1.6191883807319323,0.7866099840443316,1.90530313977142,0.2591014314248149,1.644320853103256,0.9110770148624472,0.637845550703259,0.29936367253064156,0.5108580452106786,0.16531861151503754,0.4484465484943435,-0.12052527193581322,-0.2772117466497598,-0.6493758223538384,-0.6865589144307052
0.22997683832387839,0.5531433070230065,0.9051742188303846,1.246424580961668,1.5140501264756785,1.0772311957587413,1.4918371250815887,1.153241616609011,1.2374085879539167,0.9341157666484319,1.1302768608814355,0.9496894085264741,1.0788838356562178,1.857805581347142,1.012213953609353,2.3894149138385807,1.4675858618612427,1.267827439825194,0.764632783374963,1.293318722590323
1.8534881173730895,1.2913133654376492,1.5356782685440948,1.291767296140653,1.26255037173108,1.2531155508062206,1.38763523369633,1.011886018312283,1.594175644807712,0.6078953848994393,0.7519213703168562,0.500638372141746,1.0961224609957145,0.42982551007448005,0.5931103082724308,-0.5870983535270541,-0.059396225052925536,0.018519867014864022,-0.47101734175812643,-0.23758851491613764
1.458389111121717,1.7676590535912402,1.0481411491427821,1.6296413100962903,1.5029297459892286,1.5737649057969358,1.414449182605972,2.185505522942032,0.8367772008777774,0.7533395237865138,0.5774138174114941,0.454339947787314,0.26237645633161427,0.8268102119128709,0.7485741916809189,-0.22117272181205577,-0.49915856064232056,-0.14876622867994918,-0.7248201551806848,-0.4106079378400737
2.3055870203227595,0.9621647360927205,0.8347565602595127,1.2834413039695263,0.9563241483614952,1.2262603973211461,0.5153291203328983,-0.0734588338628557,0.09360369345237221,0.09078293450391173,-0.22743550153431397,-0.5444471999134929,-0.4973487019853741,-0.6143339426007782,-0.6654080699753605,-1.0704469081232224,-1.4816259578497906,-1.4124192511929459,-1.0151697475737842,-1.8210211816486555
0.14746932354916048,-0.06266165320729909,0.20046815166905405,0.793893781805443,0.4513689309794309,0.48442512424302187,0.010971627171675324,0.9402663165500692,0.9842502714182066,1.6727549782507707,0.7625184899125794,1.0479350780119663,1.1308443969748234,1.7287766400763775,1.122003957956656,1.3294315278828832,1.5138260849028535,1.3930887878403002,1.1823919265438556,1.4756946261101624
1.907627294926599,1.0871251369601747,1.550417827426452,1.1966290856470008,1.9143675142739431,0.7675096382801665,1.0752129861342095,1.3542702170034824,1.7180828062720401,0.9394382013580457,0.6045902173041205,1.4289936232276519,-0.06187425291227622,-0.5283187831781826,0.3563782725063098,-0.19369589405330973,-0.5747094582529144,-0.05398987231476948,-0.40641065195981657,-0.8894121172369696
0.7826922905049531,1.5234951765729066,1.290612808450266,0.8261066076301443,1.422222350930037,0.05954356049627163,-0.3284522221673828,-0.2065052255005297,-0.16089264536675063,-0.2553627180001746,-0.6521227971557917,-0.6065346537506933,-1.4246343474972134,-0.5045463371497435,-1.251132137747399,-0.8830125305238284,-1.2776885871719672,-1.2884034381047615,-1.2698664220842453,-1.3151634892468351
1.5519031539203285,1.7061732573138213,1.1091408051473897,1.1493784561773024,0.6476732747960798,1.0636243532065217,0.011200925378804849,0.7906341756162945,-0.15872141908228887,-0.9250085385764706,-0.504386608048944,-1.0197774753463644,-0.587761158225546,-1.343101770500004,-1.3967450396762833,-2.085747155537292,-1.5957012534226795,-2.440656456417858,-2.131334463571416,-1.190081050796042
0.3143200634603329,0.2648568964376311,-0.19782023475655816,0.2634284943057315,0.37348828813524226,0.0025046293035453915,1.1562734042705034,0.9927098063694495,0.6376709294299109,0.8182074245263989,0.9689829070728007,0.14358099957667436,0.9322199704822824,0.8250016289718684,0.7594741669534706,1.1053828004203656,1.9897420917560469,1.5747822830845608,1.1324937764509482,1.6270917414933028
0.5597421746344009,0.4645273448887527,0.2128223704631967,0.02373832568029388,0.6542186292169057,0.6232446591492622,0.912991371574736,0.8958336108119687,1.1458776850895105,0.5933590043043594,1.41258741014751,1.0393147888233505,1.8611952725406273,0.8221202009351607,1.8545076921775365,1.2969872309598065,1.0101002795704586,1.1248908049560282,1.2328264490863388,1.567725007511606
1.1754607260707364,0.8354940921418555,1.145359813004263,2.09289630432208,1.9980037863283138,1.5420581888897402,1.4323318105580376,1.5034073202376446,1.7274228982428628,1.0876631793083587,1.3966195443564593,0.8229296212219716,1.6289223858892627,1.6952272385851026,1.1986989242223807,1.9660567932196376,0.7799524363079506,0.6081430382633166,1.1977566228714371,1.4320340918715884
0.6735710765831475,-0.08887983342393084,0.6204425558676453,0.26710964896224054,0.30587838379514176,0.8193144799752313,0.8158432349290109,0.011208027345481097,1.3166727388521346,1.3594896305875672,0.6354047032899679,1.1185963603213542,1.2287029980036168,1.2020648345005507,0.9400001093732688,0.9491735703995268,1.2604458526196598,1.7875367462815028,1.5784054342018399,1.249812896116397
1.6034935342326488,0.03509519700881847,1.490038617415643,0.1698914416306576,0.5385911759497177,0.03970950917627508,-0.23611474408584943,0.5345887174033759,-0.3297387193493081,-0.21409694503696505,-0.5743966055649333,-0.5565404814671635,-0.8932898213969336,-1.5952490684544753,-0.8197649386115153,-1.5274334964236047,-2.0374114851869494,-1.6423507901526402,-0.8974694179234025,-1.154158216408364
1.3387137412195467,1.3580281749972274,1.3685759372807484,2.307376605047007,1.5891230435966275,1.5488010590701042,1.7108951066555818,1.2989011305882794,0.9882563362500225,0.8871983661532495,0.7980295242157743,0.6616419008474793,0.8083831247090134,0.37198195379277,0.4734285233712086,-0.025160836355698175,-0.13476225527419283,-1.136612725047354,-0.1373998675873035,-0.5251852745830811
0.47841230903326126,2.4141082857608955,0.9414009710622631,0.8185179128399134,1.8453770355078623,2.3526853627293853,1.852490852447052,1.428949114998618,1.3297749312444183,1.307104529299364,1.130241463896106,0.7890073650391662,0.5590117488349718,0.3261663483100412,-0.12121334306169362,-0.10514423505897488,-0.8433990570787833,-0.3766683019524108,-0.8993673803286631,-1.1052163918285867
1.5501322554440817,2.0545321712624385,1.864556600168627,0.8484771701733992,1.0404976080758712,1.7530928753889627,0.905786767627521,1.1135322069788642,1.3118940341881244,0.5784005238417866,0.8688202304397838,0.1429205974841341,0.2767842496737358,0.479116373126865,-0.45682500092769085,0.18331569087189437,-0.17407145097130158,-0.11633646946765164,-0.41436528384243154,-0.11812449295274041
0.050089801059162914,-0.07708834472645602,0.23788922370804058,0.49983224837707874,0.3944733319017513,0.4820871814621153,0.2741174084409408,0.37660452311880155,0.16501449024189896,1.5072837862033623,0.3880844897372656,0.6831128678280278,0.7437280172628422,1.4557650789487644,1.0421422995946257,1.716919746644241,1.0012712313186904,1.4300428034672776,1.026826551060164,2.256118280060195
1.0031352273708851,1.6216595408154098,1.750740710140541,1.6421970506032695,1.362233799152923,1.324856120300306,1.3163063138344886,1.1445846663262786,1.4774248412962676,1.8499475064237814,0.6036733139782664,0.12860960361978468,0.4820184879137195,1.3830873345315775,-0.14109733470291547,0.6627725178653617,0.5048639942299472,-0.5587677479177087,-0.27633770579418593,-0.012422015690862875
1.143162953578316,1.093080101219904,0.7978599716873441,0.45987426086475075,0.4238565344845677,-0.001998639678169989,0.29539123350620317,-0.2377312899714885,-0.04914387410825241,-0.9750567562107024,-0.42327628112747684,-0.41394522771284215,-1.721512834849618,-0.9324295508400184,-0.7272040694010545,-1.8137872706355618,-0.7457497709879675,-1.303497122019857,-1.7797780764804905,-1.5165545443168433
1.518144814982,1.2049144018258133,1.2460347342453493,0.49750751591015097,0.7513118821254018,-0.07790833173525946,0.23726742166303263,-0.2913050541339478,-0.43687021586045816,0.1417387723549236,-0.11910432577555208,-0.5037015639935413,-1.3609436836900672,-1.2086155586569682,-0.7330325863986981,-1.2732440977031176,-0.4870469097303711,-1.3137775900085262,-1.4209536875811142,-1.6178934989347615
1.5315909568956032,1.4367433221723815,1.7804734284431376,1.859358338340504,1.1219530785008263,0.8442912187705652,0.5642995758015261,1.4065819977426914,0.6505265521087543,0.10458206860624764,0.9821014697937855,1.6737306024245322,0.5149029426382641,0.686599909250507,0.2131042359040029,-0.03243006558872232,0.20141426179447836,-0.45344226890997136,-0.3969740118395349,-0.5351015424638728
-0.2672361814572195,0.4914908115382543,0.11898631981696359,-0.01978502703461449,0.589533241199631,0.1064633122641474,0.5661865465112943,0.6381172914814995,1.1604148252944078,0.9973323820805677,0.875619000395722,1.2873814666265055,1.5871739430974467,1.3209194507117328,1.1642632188487891,0.6930884246346837,0.8446220157860889,1.19635525683589,1.1171604915003537,1.323270107756661
0.5251421951927006,0.4703381635094901,-0.021073715535901736,-0.04981046335510694,-0.46324176347190027,-1.5099996257618666,-1.305958880732093,-1.171947353066198,-1.7507442858164008,-1.1435983289648346,-0.8488197435319247,-1.0098178459352245,-1.5765300171175904,-0.8464950628932791,-1.2941222817895564,-1.3609226330512385,-1.3092516313118914,-0.9925740806686354,-0.8098878489202344,-0.35095675834819373
-0.006123939669198223,0.3263904715640805,0.23680236986078834,-0.1067145395900988,0.8535579044372661,0.4024386757697743,0.5439922677596702,0.26845770650990247,0.5487436984851723,0.45353200331782617,0.8164513599244104,1.6449583390033282,0.4823304663179787,0.4523707690202913,1.7485903019088802,1.134093446714001,1.0030383855522713,1.7344070135361875,1.1187191564693213,2.128462514369614
1.510132481593164,1.6035151801847696,0.8845512454496475,0.5300930862062949,0.26564387490255714,-0.2989651687236681,1.1042406981786417,-0.37102534383670516,-0.2311596882588603,-0.46342381768481966,-0.4326656948896194,-0.4210619273406934,-0.5798291824771376,-1.3152831542066228,-1.2851203519049361,-1.2168988829637597,-1.5142551761964678,-0.8281664953582779,-1.3013833535218264,-1.200295798833834
1.4227922013891807,1.0080119622088526,1.4136206548532915,1.1364692299389503,1.204139482782117,1.6122157619619202,1.9667435267834072,1.3612540789068666,0.61351996976423,1.1435793730752972,1.3053226226396604,0.432617633723663,0.4637244405850543,0.35707887736152905,-0.13358683274791916,0.26643796922527835,-0.21459559084374172,-0.16951947367169973,-0.8589278085891361,-0.8387639850716424
1.767127138113799,1.348597995887892,2.1880154982610636,1.3168229373768292,1.5262227530047605,1.7498207329429123,0.7314354318696321,0.4990619421853636,0.4816106687502658,1.4707719471581138,0.6059267696244212,1.6998105097187168,0.29163226779126594,0.42502412074866497,0.7972164735121272,0.809562950951384,0.6583850992539301,0.14601404100274618,-0.09430592714371111,-0.4267698852618049
0.3113444304666551,-0.1258004148077682,-0.13830933087379585,0.2811632537981426,0.3068554547614982,0.28455928524965224,0.8334690625463292,1.0238869735673852,0.7614193534785154,1.3984651213506911,0.42895413824037765,0.8828111632345035,0.7443619952493992,0.3511806813417637,1.1270498965743572,1.169123914221434,1.8760473783130904,1.5707698123996678,0.9512906426323848,2.139695655484515
1.7832275281834522,1.407351326648295,0.9399386977268689,0.4820012584525057,0.5346848420825494,0.923076914908407,1.0355923685763564,0.6875554137608437,-0.33819800753906115,-0.8005454710448558,-0.49927387524877814,-1.4547325585815527,-0.794751492147123,-1.1410932132985148,-1.4046862671376683,-1.9678120900657978,-1.2093386830951622,-1.6841850616310396,-1.965740068461242,-2.6431517985664206
0.49147626321360316,0.9673617004346955,0.6716294815068827,-0.42724962352009643,-0.7299163535406605,-0.5323032967903085,-1.329578898879908,-0.9935955708497654,-0.9604342773260817,-0.8927965314095934,-1.5011817070613849,-1.5787920866849374,-1.8423459034481318,-1.773537659249204,-1.444180821431012,-1.0791420418775515,-0.6984567154022158,-1.192857786345522,-0.057541693919934134,-0.5275726877154163
1.4696276772433159,1.1988465850654695,0.5275338536585248,1.83029557016709,1.7310864215409796,1.264253377346391,1.3255780119327936,1.4097611540593138,0.4668548518236867,0.754117234848723,1.1443758998301308,0.17481502618371614,0.6347544801208731,-0.19142912237951187,0.3669444854583874,-0.0071307972312586775,-0.8122690577628329,0.12856329054835774,-0.7977675681875157,-0.9878816397480306
0.5827099041262348,0.7179160015382839,-0.39920293190362405,-0.21973918094639905,-0.31750492926371915,-0.44257075631506043,-0.8596481010937012,-1.2611234664108806,-1.5979024769394456,-1.3491122677447667,-1.8899756812636466,-2.6658627800119943,-1.3165289470824402,-1.081211581198782,-2.2987622388871367,-1.6299805264879976,-0.8162288614934364,-0.04858801818870462,-0.6462996384335797,-0.7103244237900426
1.3401222141884168,0.599201053933902,1.398223911096883,0.5985193189262998,1.4328866629979888,0.9195966933125921,0.10282908793901233,0.5826645471460132,-0.11551603461359018,-0.011589027680363462,-0.3617352470954698,-1.0858994743527615,-1.1814385107480205,-0.6700678517465828,-1.3521817992329879,-1.4913902484558783,-1.79682775746279,-1.3016650995288905,-0.6727633664798689,-1.9212600789554701
1.4878623776517936,2.0626194788907704,1.4653734012694155,1.6576261301225639,1.0113914514452542,1.5481072390767359,1.2239240190410254,1.5976774652496193,1.5668276152042042,2.001563762594686,1.0585232972668301,0.8068493220842825,0.5950850278851558,0.20993708234557484,0.31576602986965335,-0.11103476836787703,-0.09883194089278337,0.18970656300867306,-0.9065479635801525,-0.20782924049065998
1.8216600769092572,1.1272848344644173,0.1817903776633637,0.6226481583041246,1.2023653711354143,0.4784302421071798,-0.11796304671545155,-0.13165196603931886,0.19358977177726974,-0.13400507044869964,-0.6512012136811375,-0.8940865770822872,-1.0807218374385645,-1.4510162525784485,-0.5721213906025947,-1.4588590508436154,-0.9279153173928503,-0.8625783049972945,-1.0984489749179427,-1.6668950383409804
0.1614920361346438,0.08499562916727871,-0.17251052179692425,0.41225674945116464,-0.09668661269245143,0.9409222603651879,0.3690671646442858,0.7222287524883166,0.8393717475802334,0.7038910994469556,1.1203073044838896,0.7703134842973809,1.379609842473419,0.5594034560722884,1.2106740027300016,1.9933945171980614,0.870534951174008,1.0473471503678162,1.566528512227633,1.4698913417266786
1.618426634692114,1.6934061087836643,1.7511185451924094,1.9205573484051595,1.600276325475411,1.2802813383462595,1.5678112055239373,1.96333824093576,1.0388196960252745,0.5759265839189842,1.269502295696189,0.6283783298699767,-0.35173651115139315,0.6901722703300188,-0.033758781896592205,-0.02908751723392956,-0.03342419917302311,-0.2611325793228842,-0.2201502106126803,-0.8379752131702155
0.2052423192704331,-0.009144799309921708,0.48449441485012823,0.5286600303677448,0.0007538229536314667,0.9002433514505752,0.34052870551802383,0.964988009451639,0.8729715243223126,1.5427265596466355,0.7962433909450388,0.8205482284991117,1.0233230811354281,0.9765234150372778,1.480098931688257,0.5712986742001123,0.8491945133576961,0.8913239699460797,1.7410884091534973,2.0823039779836097
-0.0417796874149886,0.027145182447640928,0.2169910877403996,0.7472643578057996,0.003988050095239948,0.5611980980744764,0.9449931354766148,0.8422025581151189,0.8018892456012738,1.2078715259554431,-0.19566313330591534,1.2314250747587538,0.7694606502395517,0.365542169428405,1.3646032107214292,1.7672863356399304,1.2156880751651613,1.6995949574589324,2.005876675559525,1.9240244103844584
-0.06004476023487593,0.22521883271531987,-0.5947623539246661,0.059611264590253316,-0.456055628222147,-1.3028335990062903,-1.0539083540245366,-1.415174893013785,-1.1391965845122856,-0.8473896425540587,-2.2111890643277015,-1.4513121549551842,-1.5552059869721635,-1.174249487053074,-1.2683106133753255,-1.5268759772995504,-1.191512140162163,-1.1899965487947797,-0.2242142660643035,-0.4105985878296119
0.760476274301203,0.07040954619779687,-0.09439248426905808,-0.32297272028260743,-0.34632656673090845,-0.16780387222163362,0.6617647439682364,0.8452548994311545,0.09358031814892298,1.1654684145590328,0.6924053632204039,1.0189921517406104,1.6759791747926909,1.4565310545172006,1.0527099117491039,0.8613460274086324,0.4099413204845159,1.0307838108807887,1.2765132768329892,1.003186818090366
0.9138237440196146,1.0957148469007945,1.0651592571854247,0.9759871285479507,1.3744483870747202,1.544304980847891,0.980970788313619,2.019767741448848,1.4425804562369913,1.5043200545656599,1.7828559286284202,1.5836497032784083,1.850487790412449,1.5511985287847359,1.1469985592859553,1.481063497986065,0.8127682185806224,1.2373168726578538,1.0946838991896641,0.9299480279177107
-0.0514150045755723,-0.6580657464754105,-0.03051974060125756,0.31965099721896933,0.43887186057042976,0.054780448610179056,1.0611972199095232,0.29529495085338064,1.113839479172471,0.9783308336772605,0.6271388599562584,1.6703993039901954,0.5536361907879292,1.4654569976149885,1.5603550981286283,0.9495748339440895,1.8276536010419695,1.2184265327381758,1.4764428240760097,1.5021873644593278
1.4244510983944711,1.8220545659885117,1.8146254459885867,0.7772646223273978,1.9580849598552672,0.7117876049794066,1.7118002067795077,1.6540675217087073,0.6554866224922244,0.8014125906054069,0.3843881605870256,0.5905623833359218,0.3941175935799249,0.6630678123775862,0.7044959909328204,0.5653993200037173,-0.39108354203194995,-0.42102120073232197,-1.1773062143566762,-0.9861286915407537
1.680754703212294,1.8207453746801414,0.5367927885148327,0.6287912494807398,0.6730052497273997,0.5996419305545753,-0.042083561766145694,0.239882420237604,-0.33219397765291797,-0.358479406080563,-0.33711467481177987,-0.7447879044320369,-1.0985729340316632,-1.1258961003493797,-1.2536168500725056,-1.4779352751119308,-1.51829715078989,-0.8316458575643882,-1.2734055550006314,-1.6124390404654252
1.7569563567869846,1.364203460822195,1.966479812802358,1.6245342885019078,1.3934280051023147,1.5558711705177874,0.6704312642154451,0.7526784794137519,0.6143031920186817,1.0229155436927235,1.5196760277754366,1.5690508539284689,0.7725517478305243,0.551541389447633,-0.5400506011761187,-0.20994372420587396,-0.48132983216392466,-0.5856714905349573,-0.5711884649022119,-0.8526168960211291
-0.7917199241503151,0.3938379741706587,-0.24012698780079558,0.3782117824069833,1.204562371671459,0.09809666834599295,-0.457200925534889,0.5273632013871365,1.166440452961205,1.5907920706168241,0.3938099461128129,1.1589546362409995,0.8449667407784999,1.0554159864493335,2.2178595097182505,0.6166347862166861,1.3721633456140674,1.5055224072839302,1.7952799023398058,1.4372518903391975
1.6013948107843312,1.3410718297558826,1.6048807342657445,1.339400501423706,1.6849776186464265,1.228940265776223,1.4496218826037195,1.1916803415036827,1.542293294887171,0.9451808163518464,0.11745704069864726,1.1812993957370126,0.15503838690917382,0.08969706401032224,-0.05789202513241998,0.5569010329560617,-1.0204860169921075,0.9177669622294871,-0.08150821384187534,-0.5744850992906143
1.4562169947361758,1.6119528866676616,1.705678929119437,1.7347636460026932,1.6585906491053857,1.4126166726957758,1.2198463569199145,1.1428761535162693,1.0139098824372315,1.4192463445340666,1.0640927168937446,-0.49962465841429626,0.7796916178661257,0.42909807735736016,0.1728889899066179,-0.1482815855478196,0.2834287565937763,0.04167813361463235,-0.8130820045977398,-0.5009597500924641
0.9061513561567967,0.6226649793452766,0.7798454474308155,1.210734342095001,1.0648175706614054,0.6928116350656499,0.5717961609417117,0.27672931729795147,-0.3992508769137324,-0.1799294798596751,-0.23546456392218668,-0.44564028043098225,-0.4484532292311785,-0.7987306398986218,-1.0776923833737382,-0.9018707678325086,-1.4253872294226728,-1.8238545862573623,-1.5630001197546324,-1.7922079711763406
1.2081032849929376,1.4399237884383917,1.1802619893677169,1.353492799767054,0.6789029959224919,1.4621018831428518,1.2992639151877345,0.8765500145503977,1.3555714619512658,1.3407663608378642,0.18364608223381018,0.3714408840249302,0.20967436733930211,-0.02475764097369565,0.5121624292576763,-0.07040465982138666,-0.2720222679248734,-1.1388773969972124,-0.2497637253846055,-1.1594840228836671
0.023973052106531334,0.205624646906922,0.7332336608305875,-0.24101512288512145,-0.8328755585568606,0.5393903228820403,1.2751185561679845,1.1373434313149557,0.8099203650716268,0.6107986146757676,1.2084788225487038,0.5708564670646032,1.221634031233009,1.2999833918376384,1.5842061339109887,2.3216869331391785,1.4276338678877447,1.1148596882947575,1.3507356474872692,0.6904282669951921
1.200289342547067,1.3340182814793573,1.2875945985938646,1.537619360436159,1.107380889751126,1.825196667123465,1.2988645510101238,1.1996653385222236,0.9607153079731366,1.0278145793308324,1.1567093338484538,0.32967870916705583,0.2540847116241187,0.22971318795918433,-0.3579758769043091,-0.32057734820086436,-0.3567046808184926,0.01242322105058008,-0.39890640586752596,-0.5863447003952603
0.00021118354263891719,0.3351565712952912,-0.38857170395828966,-0.6359593444923719,0.15471456397483618,-0.022434465385101132,0.3516580045047186,0.5826527626121923,0.544757235352571,1.388440102716885,1.0163276897347078,1.080464690790722,1.279973781107882,0.6422620810586801,1.5757668858795444,1.1875172029605636,1.538859727912723,0.8897022453616947,0.7394618659576411,1.725214492160851
1.4453778604123175,0.8136916235178446,0.6826671047569238,1.3159508669078053,0.2078027953640394,1.1446466483291182,-0.07849044765663477,0.3256147726953213,-0.2741056291241454,-0.11142352529631414,-0.7732739748589368,-0.8124739747853298,-0.9076509076627473,-1.4829271610916366,-0.9219419282223211,-1.5352162897477137,-1.5062186918590563,-1.86884447560968,-2.522706797695251,-1.5706580182938286
2.4432207636278567,1.8115729718838085,1.4895258058739436,1.3715210799393631,1.4453352198288247,1.5956320462637605,0.8264565989193069,1.649114144845223,1.3780257207548015,1.2530125960704146,1.0020603235052907,0.6843774585290119,0.7864758016409492,0.5879292529664013,0.038756208108567364,-0.22231491347102564,-0.1254738132958344,0.2822756093635641,-0.9995737677298564,-1.2507907712432542
0.0659043364946067,0.11502895246605241,0.25830688824329034,0.3800943159259235,0.28564840191754753,1.0617958804213954,-0.0854475078269632,0.3103660802270825,0.6847546949021575,0.15017756446691977,0.8152880221209512,1.624863013237598,1.039445518808906,1.1900756904584613,0.6560562648424048,0.9712783543589565,1.120588928886663,1.1913590998752632,1.8736228903655743,1.6211350532408892
-0.4445831827748128,0.19327578309644713,0.38825892189384115,0.7385726521710301,1.007145578398819,0.05981282824941486,0.2305710790795077,0.13873374657333437,0.632448655318984,0.9939964387071203,1.2805635905294204,0.9298945374893816,0.9031519141885836,1.158498525070484,0.8260650102594276,2.0536384062526567,0.6276030701690144,1.3923413701360468,2.1704078600559225,1.4007785667748385
1.4021589809820925,1.354753087600428,1.4250732850627383,2.0258168014932822,0.5516040981722035,1.9901578807122067,0.7291988640627868,1.0967245352839081,0.9201754264588391,1.2011596136955287,0.18742028722790083,0.861399861884193,1.3270551565689623,-0.19406600236727406,0.25625495952913513,-0.2576670754309089,0.0041385510765852285,-0.32967334026821,-0.76052570108602,-0.4686317509938486
1.5205323762287841,1.7314964489135927,2.2878061915738956,0.8509807669382496,2.0832338926914558,1.4185267752029616,0.9392681057135935,0.671260016682078,1.0162250382674904,1.3343983505570245,0.7756503798303862,1.280992767550355,-0.06313896876640224,0.3463680203314284,-0.32058488528027074,0.1525785487377219,0.18853862463829107,-0.5056371687069321,-1.5456164801191499,-0.5842014062236803
1.652870015676094,1.659449158709278,1.991542834496563,1.0482559397630506,1.708435304884186,1.8537874051848664,0.5873466914402381,1.331246197345265,0.8902012621752352,0.9331292365465825,0.9657406213967344,0.481639369805995,0.24704807558957664,0.36486456646506005,-0.2545258830601441,-0.4272042558663395,0.10553298178197229,-0.7968500652979733,-0.23740593710461133,-0.4787441478006977
-0.6903226915162387,-0.1763519892106169,0.6666139837140761,-0.10995317569334923,0.18916759884771453,0.650674862281321,0.8682702872766812,0.5411493357213826,0.48705252108511976,1.3764010336079897,1.5811896494128113,1.351818167259109,1.0652181805165308,0.7744890395146172,0.8279444082888108,1.4268285596810504,1.4380267693717115,1.8790845757563286,1.6211454093785227,0.7968265082469121
0.42077904708916747,-0.30455037920212,0.035381713714186386,0.3825931192632012,1.1731962996850553,1.7098179273827068,0.7976033072181161,0.5684862426510258,0.9398588583539965,1.1625152592781212,0.757362733670903,1.6783594893113196,1.123119227167082,1.2968925638075455,1.4264918717332216,1.3864575618205297,1.606243681204083,1.0715438639589876,1.1376446707856547,0.9579969357621614
0.2795313680810139,0.2630630494794011,0.38577776169224676,0.07209909969549128,-0.4864078641770282,0.9047115896820406,0.3633791011602814,0.29665458452193266,1.003448163727374,0.6506480329609348,1.3096043375124284,1.2070773267770698,1.3045186527707122,0.551413043690774,1.644899765065997,1.3223231300682898,1.1229566253177568,1.3758005255146573,0.6504712792047389,1.5615197535431078
0.8830654467004824,0.633444130923435,0.42158866277964513,1.3108523031378676,0.4318621950338551,1.1010685509933325,0.06743726098159364,-0.6126851805852106,-0.5892680148040151,0.1416261502735241,-0.6179876451879267,-0.9666717309526525,-0.8600112874799206,-0.8813390843120293,-0.7713121400293872,-0.7505311712019092,-1.5586861840386832,-2.0015238001990907,-1.6631593986264372,-1.3901347106206066
0.9093104794890665,0.7916518793028315,1.1680474898867557,0.846316012513717,0.6966863506756051,0.18417933314670487,0.18959756052020582,-0.29943525525535364,0.21342112562536322,0.06140123616024967,-1.2941035189084973,-1.119161156433376,-1.5226302798570672,-1.3420617525418066,-1.2516468543065158,-1.9097889510384918,-1.783522650973174,-1.8726876745988743,-1.4148664024175492,-1.4665091784392608
1.189479573647789,1.5684596055803581,1.2785579239327953,1.3680153674922488,2.105729698823421,1.9129688209098155,0.7789492302718057,1.535278434129344,1.4164318163749408,0.5064329902861935,1.154181085483344,1.291703562816437,0.06831338475645582,-0.015797528935855287,0.5874370792223779,0.11572392001799395,0.05437417869518024,-0.20109676467431212,-0.34765256909703846,-1.1943695162667114
1.7137411326218903,1.6423482422319582,0.9387760396395906,0.8483861732163526,0.07112455148868146,0.6932793694338667,0.5105808228881704,0.045381595652243714,0.30708310512364956,-0.48632939012122756,-0.32978600365581956,-1.1552225478332583,-0.9334394381707309,-1.1517938819401816,-1.1281484975739948,-1.477741634692423,-1.467367763991716,-1.1406858571896725,-1.6724790290724139,-2.136877753549233
2.1780081566648586,2.0503128882007937,0.980324879725454,1.752560533720748,1.235158954483469,1.4821792863261003,1.4164713766482424,1.1096223468511452,0.7783669283437451,0.6895218848607371,0.46019326178890285,0.343801912159238,0.49045999123447925,0.06489960382554949,0.45319331877002483,0.6020242578221057,-0.39823762794864626,-0.24157065102036002,-0.3040568933471225,-0.47497975657456837
1.325196157139746,1.4715852126047375,1.2234319183390645,0.37071198421097834,1.0312299782666798,0.8424938019334295,-0.02355659546891986,0.08543313663100893,0.13067335829987628,-0.436424025560996,-0.12643715490685498,0.19819218549133233,-1.2384129908750285,-1.6344700200405573,-1.0967442281484212,-1.041305861108622,-1.5071252752609565,-0.8898004604378612,-2.0332156540664266,-1.2170794640411167
1.235830266679133,2.1854824192075175,2.294236099034949,1.170014776509331,1.216526008340574,1.7206195549855972,1.143929465127039,1.1852209798047788,1.102028562795268,0.19786904330817823,0.8211349295437049,0.4006396858257463,0.32008217829431257,0.9286564008573759,-0.3222302652267257,0.33240787038692565,-0.2778015035333525,-0.4492365186328446,-0.18778217904761152,-0.527760147114722
1.5230592488611234,1.561786109473993,0.8980089839934725,0.6208822593387974,0.24950734188785129,0.15741325503515058,1.461395616326003,0.5681298347466828,-0.68308798530776,-0.8816816804266794,-0.36288194932586315,-0.5284508934052253,-0.7044650436940899,-1.1840344962005265,-1.2684533703915315,-1.1987790534953366,-1.3804215232057166,-2.358824874865289,-1.5896931864072044,-1.8348094869578864
1.3648986175367157,2.368615846302213,1.1775250034565234,0.7403650786729383,1.0522881533018715,0.6806526219104178,0.4497956423832493,0.31299823973823654,0.6799591871072652,-0.8050538718596177,-0.3661755432886779,-1.1179092643490274,-0.7018135192841364,-1.449526783373485,-1.3852183918324052,-1.4479668288542422,-1.0244520379851652,-1.1037229481893096,-1.9960602847556808,-1.4722732688538216
1.6270167840254355,1.6533949349917703,1.4759816965606833,1.9661049645901212,1.8749365562283598,1.1265134851951915,0.7710828472033379,1.1221932120194111,0.7718577688192452,0.9403284759410988,1.3216452818550555,0.4936101334166999,0.5002019547295914,0.37441269339320826,0.5197448453670908,-0.8916299379061073,-0.4088964493067476,-0.25281897432272177,-0.023899354897551572,-0.8605416439447602
0.7275535125659407,1.7456158351110533,1.2430850022374498,1.0008107479865256,1.1866107068187166,1.3029742571313365,1.0568838592275598,0.3211590441380463,1.4506996733331567,1.4756883222987298,1.0872788245172023,0.22145652728148923,0.43673469367521417,0.34859507337806694,0.419890248309741,0.2744619911749671,-0.4598858509120274,-0.30453422866908664,-0.3210187756221996,-0.08145173608357148
1.2481291467864257,1.3805967686674947,1.1886323010804005,1.8001718189587361,1.470891636671828,1.0230935569506991,1.978478407340834,1.7345560985659512,1.304798100699303,1.3049830184280236,1.6182003773821019,1.6756371688800413,1.5481500430996336,1.5608723320811602,2.0719564589726827,1.7650793487975787,1.3465129380148968,1.570417222654238,0.6949663340364325,1.1723655908054502
0.7237225398932441,0.007455513566695632,-0.15008334895250688,0.02167748132529912,-0.06092391116548579,0.15194574172948094,0.4067108441276314,0.07953808246772409,0.7323039325416176,1.1683639584432455,0.5225273118350116,1.5679885164030982,1.235407758901559,1.5100275624206108,0.896988349370582,1.5596330084013938,0.8338939208581126,1.6745441389123603,1.4297011082814794,1.619359116944753
1.5664711601485892,1.053694045464903,0.8987532227279651,1.1585252348572157,0.8175907641446176,0.614039849899844,0.4694648821259233,-0.5439708468308743,0.16005723317024131,-0.10771098012381045,-0.9623016254438586,-0.8449890018260926,-0.9397414928720882,-1.1358508925397404,-1.0847276797629575,-0.7573841504266062,-0.9820720346539173,-1.9959924031388376,-1.2489453380547073,-0.9626735854395971
1.6328980032583713,1.9341234267989855,2.3021381360480078,1.8861612300654627,1.5360723009606978,1.794819789827578,1.3567368582816013,1.2129466842916563,0.9513075002928107,1.5911036493200843,0.4992985616045993,1.2894778853226625,0.7172769567503698,-0.20851887045092637,0.3274322096815455,-0.8328848073729149,0.08398687533178523,0.016760141961085606,-0.7408733197291175,-0.6143615865600452
2.0764770234734256,0.972213563556074,0.6069693024441614,1.4584423141269371,1.4686024287232886,0.4890557357658716,0.6863430603658554,0.6068483686643206,-0.43965193183990514,-0.5468208318763987,-0.06327856875136573,-0.07335110087300822,-0.6988662337512938,-1.433977920179869,-0.4234472217105949,-1.5423192222838655,-1.5488338381916296,-1.3341695919704264,-0.8761091658912172,-1.1526565226328715
1.4607602501180752,1.3598276573080912,1.047938204724188,1.0890327589493,-0.3282564785667508,0.3689344833988133,0.37828662016922515,-0.3901476309958347,0.011871088300072496,-0.4344869861237,0.14656190531293645,-0.11814892227046925,-1.1103408054683008,-1.1423872634057255,-1.2478506926337285,-1.5105946536229287,-1.3367687321117983,-1.7744175533213111,-1.9500194681521374,-1.2451624236936536
1.7299864286714146,1.1760049528606018,1.8553721300727415,1.2240463199565377,1.5376149579191987,1.7049220052386589,1.2853366991613597,1.3852818318341278,0.8853013370232751,0.887151672416002,0.7443262556292637,0.37789945683532034,0.44662164200790855,-0.2682437200756485,-0.016089006371865,-0.10682440166013359,-0.26868823239878126,-0.4339314295828225,-0.5286366174123477,-0.4720040577078526
1.8279814246356993,1.237825165985292,1.0159496156120438,1.059859646725429,1.2414676942260354,1.2360158730670727,0.9907832985638618,0.6849388012777162,0.9094248635886285,1.0383089538328294,1.0646818143156258,0.4535615742080874,0.35213217839684774,-0.019475724069074107,0.16779682433506632,-0.3322456579885911,0.06303479389585098,-1.0516790480081553,-0.647782806449281,-0.5433377292655814
1.551708401511692,2.574944722316798,1.6371499675948644,1.0750555728858662,1.398163163868377,0.6662858668070956,1.2665418253241405,0.8701630441773704,1.4580293048023685,0.7459221959490269,0.7799636616633012,0.42230765888965455,1.212871847995554,0.2227064930226855,0.9133953098766576,0.3327865005350414,0.02661035953352539,-0.18983919230750293,-0.34641201818179546,-1.4348496966805222
1.1832606923130085,1.5125754337345774,1.0109734638771595,0.3037010144204675,0.6626057722799827,1.169219673528929,0.7805145324164006,0.045456398705555415,0.23792147199868316,-0.49930130587647215,-1.2371770087439473,-1.1171432076082337,-0.2988630704177565,-1.191649411510769,-1.3156252581403787,-1.4498661416690317,-0.6531240898938461,-0.8207211596214496,-0.6102612407978733,-1.5578649974137815
0.6207320207326957,-0.34819595800151876,0.5978995661350446,-0.7115229413927617,-0.4023213038908967,-1.1587340102734558,-1.1657714539000696,-1.449217303197432,-1.510016492950285,-1.599218902222908,-1.6804275944394345,-1.1639890219020281,-1.9330979859705155,-1.3545689468277133,-0.8664056037481778,-1.4313667904093812,-1.3510581221945563,-0.9637960561454845,-0.1827270381594588,-0.34148019491704573
0.07103403752654769,0.2166940326632606,0.9123555787657861,1.4190627952987553,0.20798458119793528,1.167636650559475,1.206631276683789,2.010729900833719,1.3280069844655507,1.6499757992840922,1.5560730153607827,0.6381366588501273,1.7765160234998458,1.5225074648865213,1.5952809650119661,2.9069571704781554,0.43661352570945167,1.883771650251688,0.9929968876873061,1.1281263325879303
1.4599696968621934,1.3280367233653814,1.269296786472198,1.6084809058518739,0.8294793840353345,1.6770160672023826,1.1323039630887433,0.751357731361531,0.9118680513799783,1.46859799253227,0.6125359931749106,0.8199122427352641,0.22494879696803205,0.654372339439298,0.4545755880010585,0.7465693290062994,-0.2364419096003153,-0.06987052933134819,-0.4647039216527183,-0.1454319521970724
1.0072810949298188,1.4725143704117611,0.9526534188201289,0.8401016822984984,0.7202685462903197,0.5884736255974037,0.2352662289537296,0.1561432757201785,0.48858898420032226,0.04148137651683598,-0.20796653701450107,-0.9295726227659603,-1.2797149091123656,-0.699931955483946,-0.8678529493784537,-0.7408625928586868,-1.6563709761107406,-1.5629241879104139,-2.1535669991873005,-1.6512353556781103
1.8768027992144694,1.3111331050333197,1.753421875848031,1.4004761692235457,1.5659716739926304,0.9177078442674095,1.3328655048964053,0.006931078617384623,1.0171147313135098,0.3135490083011847,1.3090678346001263,0.9874937365572205,0.7039997000406538,0.9596060903336021,-0.19919411584495805,0.706071074853958,0.20666029430352484,-0.43195456612208927,-0.04968287859511844,-1.1062980699069318
1.5837826275161584,2.006672656767306,1.7902267988796225,1.5921668767526795,0.7743938882126877,0.992765882081891,1.249698151604555,1.2407344166883345,0.6397917047087343,1.9304089760186094,1.4332276500828292,0.9173781236084093,0.5461460517677194,0.26632001150938933,-0.20039489152391737,0.03811800309527977,-0.06311531534352881,-0.8340366814271606,-0.3702603705703371,-0.7258842844721777
0.7150515718317338,1.153577252412798,1.3317877443990438,2.2317524745587463,1.6589701125175094,0.8425917725537201,1.4931962408098998,0.5844638714023278,1.524949616133133,0.7772884450600894,0.7892155524857315,1.2068494544682922,0.0024658798205213772,-0.20764367457534633,-0.05306723805342506,0.4224773360954614,-0.7739547615913662,-1.4701946904787389,-0.6843944808318956,-0.44308434497791
1.4464312307520681,0.8797095488831275,0.9905310070622552,1.6975484545796338,0.5590898384098608,1.2121204109469237,1.4932999752607805,1.635082278064354,1.2780930318743429,1.5105566100700574,0.5042392179606014,1.2270638858394682,1.650636621868938,1.0434312490021345,1.4155671977779694,1.5152110882247034,1.133239021165781,1.2620784987458729,0.7228828693336034,0.9305502589483079
1.538900517809,1.2373014296482223,0.7959198294412274,0.9554635148582147,0.9694114687656178,-0.3323990444042586,0.7453874721848719,-0.06424389302046069,0.02753773447154062,0.1262002717288398,-1.1042978529054461,-1.0311332133274307,-1.0394380561713177,-1.3955535872288187,-0.524297036055648,-1.6726397006897966,-1.6369974375177956,-1.3893491131250844,-1.9786331446075625,-1.6525191979562666
1.6051558994827602,1.3645870949715944,1.4598752142077223,1.2649445666433217,0.8305607390316994,1.5054216847293718,2.0007549537017413,1.2107461192910494,1.1819788414773236,1.2428274078339847,0.3189378293627202,1.3575366587032582,0.5982628258233422,1.0039463591054938,-0.11284070572461885,0.7343505647108647,0.1438458662132841,-0.11611641689356744,-0.4103211557270369,-0.763192112172058
1.101389456434696,0.9296454783989204,1.2270154034316003,0.722565201243103,0.6278086722456769,0.7834387277166013,-0.4819845888004044,0.5975789323930358,-0.11358602909281497,-0.5172957555541235,-0.5913220357018393,-0.7623850703482046,-1.616499099199006,-0.48407688779775293,-1.201741413482124,-1.1527300109801295,-1.0341588174934315,-1.8795697087903953,-1.3083845745630356,-1.6013033496132785
1.052212694687015,1.3568739233291298,0.8468962131792048,0.5879368054766396,0.2218224852177768,-0.21315405567395507,0.12578836357873463,0.13347939842002088,-0.1813077068305074,-0.5190852689081948,-0.9339267982919721,-0.5040583356824246,-1.4508713457996696,-0.7716410132416571,-1.6191584739610614,-1.6309049581002937,-2.0014928019693197,-1.6716655845205297,-1.1076483507859354,-1.2879956778761783
1.3688842647052766,1.3446901909345177,1.1194482795871432,1.3773232784672547,0.30264100021545176,0.2167794116433201,-0.02730593190581687,0.4023347271970122,0.21750119653347397,-0.1722083700018481,-0.08223090725728854,-1.2185731593069644,-0.25712893320058106,-0.4727567300941442,-0.9240228674920727,-0.6172112996506556,-2.0774280087941586,-1.6808839802713358,-1.7918947184499079,-1.2056551837508236
0.8747577541324527,1.477510304995843,1.578746794865487,1.1438581131754972,0.7970679619755711,0.09242813066643296,-0.05698254024763311,0.5701055645706348,0.16908136273758148,-0.36830630548026905,-0.7227921923196159,-1.557679961600963,-1.3523595452948112,-0.31748454392315795,-1.7304538947913581,-1.2541389346706473,-1.0118011364449695,-1.9730737929671922,-1.4238891442646935,-1.119080698249499
0.9713262596194366,2.2123353159839945,0.48766194635737803,1.6594795728308862,1.2378658233294435,1.6762967829547974,1.593653279970456,1.1621323107063415,1.5736142661344321,0.7536196248284059,1.7408691595543548,1.6096266371692178,1.724697204304392,1.8595961927388662,1.5390214452260147,1.395697855822935,0.9178313668443702,0.9090046848876242,1.5826697435183807,1.587728933109118
1.1995698754484894,1.1929133441621584,0.6686865872692951,1.3348796912488754,0.9497342819876821,1.2640644416122324,-0.06957138466938284,-0.08094515715531878,-0.05007986981432261,-0.09410268263894317,-0.6418954290323127,-1.0965412485378923,-0.5714555662516072,-0.7935980337608146,-1.5847813066158614,-0.7877537427168813,-0.9466992420444074,-1.417386126867158,-1.4659341892267124,-1.2726238048073981
1.133493366880187,1.5097438483902317,0.6362765399240293,1.8272596698238444,0.8117515737272624,1.978152331565276,1.1667336874562646,1.1187186742052033,0.8407796321445016,0.8505227562184103,1.3940825660406144,-0.3185926671626159,1.0281174616894964,0.48641299191053344,-0.30243616665790934,-0.42299916153196043,0.5043408794826522,-0.7155352032116034,-0.9652711417066799,-0.20885484799638626
1.1017476813709022,0.6898038631027276,1.2417516400705038,0.8256870874212237,1.7473150776570712,1.7920771069693808,1.6299328988195347,1.6000592140491467,2.186490959097646,1.496654736343011,1.026820509157477,1.6701528159059302,2.3036519566619966,1.0304450654296653,1.247388402464536,1.5030405031442053,1.2486967619065914,0.8009715581963186,1.5567190379396367,1.9412110596336305
1.5566271785922532,1.1361039408301985,0.8776457477463114,1.5798678041111425,1.8778998000305092,1.5668514987918292,1.2978201886753034,0.9676768062619515,0.6550077414910679,1.2996388363171938,1.1921786765356341,0.058238880775122626,1.1532668985264949,0.5808320878274507,0.7402103505432943,-0.5297253037063113,-0.7125459935668047,-0.39692017514142963,-0.3028171667102184,0.054763664228507314
1.0168416337003923,0.8227935178803146,0.7796729586205453,0.9344984103777545,1.15274047965181,2.1580880552043036,1.0884298546847633,1.2744855094848866,1.2520657491808354,1.0181643802735802,0.7956926436910025,0.19841329001171804,1.0977023265659063,1.0740822569250044,-0.4926909851640975,-0.4024856406668171,-0.2781404683514315,-0.7231475691985874,-0.30154471608595,-0.9550895459049233
1.4913858310613908,1.4024163881403076,1.108725029888118,0.8262388726461751,0.8579577083109889,-0.5253209670611415,0.5545856422275652,0.12072916391675499,-0.23164819753585766,0.4660463805585718,-0.8256019815294806,-0.9085872079824244,-0.12739725693914206,-1.41487670071899,-1.438317779564987,-1.3887410325314196,-1.0784849328712292,-1.3879837228249496,-2.014823473038032,-1.7071143385046368
1.2352328216978057,1.4668428386353807,1.6675674212196332,1.643959713977859,0.7259441610846453,1.802360795218019,1.3998092634414943,1.7571982860152366,1.2695525254945725,1.4062674888815456,1.0132881525614508,1.2150210979325151,0.7262315616613328,0.31203750089268856,1.0893463806637298,0.3627406445996916,0.0632814370011362,-0.8478542178498453,-1.0192539844537112,-0.5466944720855368
2.1564637461070366,2.2566467346338435,1.5599074490663114,1.886089669296808,1.5064635742775758,0.8420942246433042,1.1340523774573819,1.2561566536864568,0.910054107080926,0.8782769948132264,0.7901102049777539,0.6441793963052311,0.5382347034532147,-0.07303842708879021,-0.10643396716619763,-0.506707910592253,0.22490988847385107,-1.1795912279706406,-0.042494800141525735,-0.10924090603714065
1.3573023601896417,0.4564764215936794,1.3527057329807852,1.4510037471071424,1.0321095747324407,1.1706970426703793,1.9108598045881853,1.4693563318983704,0.7220475488270639,0.32669863794906806,0.6958631009374916,0.5911480837112407,0.715810982199548,0.13707691444278658,0.3849723226297214,0.7811874117118264,0.159984077577076,-0.35656785416681985,-0.577191125889614,-0.8064499186142267
1.950430959963548,1.2468058783440776,1.5153190413676945,1.4971565723751044,1.2356351855793934,0.827798181040036,1.4279715264899122,1.1789838782355206,1.2919693823529317,0.752298183211574,1.314998547506619,0.325821282966678,1.2021474208613785,-0.3478510044614545,0.3542805183077333,0.19729806869838415,-0.48443915857698205,-0.1675748760901058,0.007876530435767415,-1.550508200683904
1.1674244538528624,0.06766576558525605,0.768835728499373,1.8876547068377127,1.0742737049312074,0.8979767352565384,1.3379553276968847,2.2825573248157607,0.7493428102682855,1.0762562407319831,2.098542832597648,2.2334441881881006,1.4278606471310373,0.9407277816933493,2.230310909865794,1.9742390446033031,1.5418374966137802,0.8689320507722766,1.0883641591122337,0.9490507384087945
1.6105151168289213,2.0781318319771334,1.8489967742226627,1.0457269808287668,1.9869474427118212,1.5020372561989386,1.5736080433864115,1.7900018106891151,0.6472410947728833,0.9514080743046557,0.6140882074377139,0.049387025305233534,0.6560152982961893,1.3558262201036195,-0.5556586053173243,-0.00578644873205338,0.09000084262928032,-0.2881011705720384,-0.5491821584745923,-1.1834672103206079
1.5712892921587558,1.1950256659182283,0.6212612757762801,1.9545142998281624,1.8197031906408232,1.3974487909341085,1.390411600325126,1.6331126720638989,1.1816090572895368,1.3273453276917666,0.7076771476318598,1.2013242908809945,0.645645597627295,0.4288243769121998,-0.3276519429998359,0.12190813740841824,-0.4989982983984096,-0.5926455418459085,-0.8300811887947446,-1.0902746377019683
-0.5491437805924256,0.23526583186452588,-0.6023198772547971,0.30128699758667127,1.1340361104698604,0.08669341807296782,0.22118486536701015,0.9473768027683247,0.108935992877918,0.554351076974571,1.1242062389264809,0.7065606078706295,0.9367029286061326,1.3954696122970016,1.3287406043260614,1.3245502760929082,1.1350185693082224,1.466469584685339,1.3114723003241642,1.5811808729211534
-0.1987728100471913,0.021646281971828732,-0.20701289452567853,0.26850999276002907,0.050528958319931705,0.020231924915765087,0.6583785427057983,0.726860800482245,1.0392060929412055,0.635002861098547,1.048850922628482,1.1805939758558561,1.2090004466231592,0.7675338550501309,1.2198675638199123,1.363479035996612,1.2735388677794148,0.483854075229323,1.4251612219534588,2.2830710447097364
1.3341588874798973,1.2065004175824703,1.6465693816522609,1.601628695809299,1.913442928870572,0.8736371378301212,1.5913338260728418,1.4395542914782595,1.0350145798020853,1.1012132329559168,1.2384530206207427,1.0254569474627961,0.06012358242472993,0.679266874172044,0.1544970504719698,0.03627543489394056,-0.1369375349999514,-0.3974296467538146,-0.02724793862547009,-0.697267848881963
1.0303561436294228,1.3403193143367074,1.5687078444918918,1.9683633253414903,1.6775867366835397,1.036570288694859,2.2928576917144015,1.309295591368866,1.6020294897779097,0.9050525323563492,1.0400137258635795,1.0123181972587778,1.004609191955924,0.7741509216211402,0.529251292514168,-0.11890889678990871,-0.3949147481830537,-0.20428944710483174,-0.13067970853186833,-0.752868945252921
1.8764072005835022,2.179000300691814,0.8420183347932948,0.7621272254807955,1.1875349404822537,1.6098794334632223,1.4975311612458837,1.6312940489712142,0.6119941832321805,0.0392807605996901,1.169875706102258,0.34525228626532206,-0.29006383850123385,0.40922909785360284,0.49764276777244787,-0.04169705716077616,-0.34935568587362476,-0.40107734409287343,-0.6521640424286093,-1.202999509718345
1.6070075192894846,1.493294455145158,1.1720242088636494,1.8059893778937524,1.526653471948708,1.3838297009671394,0.9086353141315449,1.7247886397515777,1.3577542927115478,0.7445699708403201,1.2273999694541748,0.47750246009733305,0.2045299102498066,0.04732235247773536,-0.5280549287502596,0.19574274785501705,-0.8986742827359692,-0.8287099837408158,-1.3341661410997094,-0.6982085420586354
-0.06012818410874883,-0.03600461355090044,-0.22806085537310347,-0.1863804646121326,0.5606772491900993,0.24562973229716725,0.681457412178101,0.2876654156894919,0.7984816960702094,1.328764303855012,1.120096104050893,0.7953094196597985,1.1339705116328922,1.0015292583589026,1.163274244789328,1.087578496715346,1.2049333986620814,1.403282479807427,0.9636218925312866,0.9917070981548481
0.7393970284408266,0.5344038034593648,0.5436192603786099,0.9295619558635492,0.32645254631421694,0.6930232527191712,0.2956433457035375,-0.7171436829232534,0.11933199486412441,-0.028379039492567426,-0.953173443947201,-0.5792801951984154,-1.2666178727847153,-1.0429840280797131,-1.7240710291723578,-2.0471734441729104,-1.5679056015682362,-1.5205963042762094,-1.6568452116229686,-1.9678591365427849
1.134854425120856,1.2822301462931422,1.0125751252177868,0.9387773653815829,0.41552147232927733,0.9562646329131966,-0.1887114884193995,0.26528212128665557,0.3300981983594331,-0.16033526062969322,-0.6366380648391917,-0.9586756310216036,-0.5095835174025333,-1.6512421488837166,-1.6063213705422288,-1.488953969355768,-0.9197172227182495,-1.3191976713499165,-1.884991637581225,-1.6183699954077224
-0.24572925763851777,-0.1892417251697689,0.5805260459178387,-0.26618421494287875,1.018441646065219,0.7971423810544115,0.9912587518051222,0.4565890853290776,0.6660803113301327,0.23419236311870173,0.6757648210670585,1.157736886003651,1.5495161482030797,0.6549326014500071,1.0139197961173305,1.1573032294817385,0.7123518001392438,1.554984835281117,1.0713692396670234,1.31990248848003
1.1140343012085598,0.858776842972979,1.0277143430745797,0.7795331217146886,0.5348243995995043,0.1961928183545955,0.40956771451569496,0.7317049098488821,-0.08670334568890055,0.04574878823520023,-1.1117171440746447,-0.6842522366389042,-1.3629659054094623,-1.6728221497918079,-1.514020229373986,-0.8531711293936506,-1.0347723942551905,-1.3739028369445152,-2.1108535581330994,-1.5727591738089357
0.12068000356069422,0.16488836355508435,-0.5485472108971713,-0.07361410244542532,0.3492981981119829,0.6803668687874384,-0.3235370448763356,0.5769152999472376,0.7832761069133574,1.1472978843350718,1.1627728175887544,1.193303474469913,0.7111147208097475,0.3345944733216647,1.0029010680868764,1.6184756476581716,1.8280492920260105,1.6026647794968711,1.5327017014847606,1.5499144883052256
1.255727096278378,1.4457071393031509,2.1648577680982344,1.0996542093059196,2.0822603789879466,1.247973138396853,1.8289545686808761,0.6406594631786587,1.3262348750441635,0.6710302514081921,0.2605631512117249,0.7639444124157941,0.9211200226926088,0.013227024032451629,-0.41923389169838365,-0.029612110046247298,-0.20119046291150153,-0.1180046002127112,-0.1240931089225008,-0.6875467374512758
1.62983584247314,1.9898201269849138,1.258440243079272,0.520555664634895,1.271460564694218,1.742173893000639,1.5138336862227968,1.3746599661019046,0.9798758738285118,0.4541260112993263,1.032787756631187,0.342818071437566,1.3909700006064039,0.5794064828116565,-0.051886828536603424,-0.2374283032677164,-0.2033940140460644,-0.43313322004321075,-0.05719742725631438,-0.5892141970446596
1.0021613544098997,1.9306885193231618,1.0502556698748906,1.1733128235294563,0.44027694953306684,0.632823718124542,0.40620184265979087,-0.6856017143864932,0.6634518053597046,0.16355928663976754,-0.7145065004716548,-1.1882647085387543,-0.7849939322996149,-1.0473730990132888,-1.0760040869650798,-1.2532999046814437,-1.2122823300006784,-0.8921824460095524,-1.2705320521256684,-1.9141091128177374
0.5450251410849808,0.7509196971189601,1.4497929162999612,-0.1668845765333158,0.4720821090315796,-0.3669889762950328,0.7761737461153266,0.4224847708724718,1.4954349168917578,0.4976071009211538,0.20995656870687496,0.7717694506653828,0.2408958150036662,1.3982351099739119,0.33408895240890857,1.229205950048011,0.43954275307375923,1.1903260167631002,2.0183166346858803,1.5423177855251575
1.1327771529967168,1.4852498611489653,1.5044367065854802,1.6657295499600324,0.8896055173916756,1.6138113097326088,0.21702507240173463,0.9514316460321499,0.8965636575976859,1.2190690362157364,0.8357223690521476,0.11430557390890128,0.12333405692741528,0.43067560328881294,0.14874555573915435,-0.22452384816656398,-0.3585498472054208,-0.05886525237079521,-0.711007966615982,-0.6990171625539074
0.8679746352322172,-0.4747991830299241,-0.5517668701347365,0.5959489026819662,0.10347207925382823,0.3385554938835142,0.24245153231119732,0.537844833832176,1.365471843800313,1.1283044723758344,1.2305191886485705,0.39378412462933243,0.5706294288693735,-0.03783613562318311,0.8363698424783352,1.6005041921290108,1.4774460873155864,1.2298398333969074,1.3520452588768457,1.122504411920677
1.560078147943404,1.804082568516845,0.8508752428035123,1.5965364867576095,1.809322811085873,1.2107442846083285,1.5790619698910784,2.3292472447666954,1.0501360773835469,1.1230611257893703,0.5314471945168433,0.7490312604922361,0.7014399572471429,0.42914053557790544,-0.22750563539856583,0.08967050421791503,0.4186620440864257,-0.1578781454286999,-0.11913606183955966,-0.7585854529473293
1.7781346907521745,1.6094383920112092,1.1168656658928087,1.60408581354222,1.039670197327882,1.1236322902397595,1.3745130479597945,1.3222831763297236,0.6161802085474521,1.3873326142603912,1.0554725393015891,0.39463942120706236,-0.09770261132544877,0.2932417678372777,0.0019950069405128,0.052381978508943876,-0.3114629958628557,-1.1403151955325148,-0.6592697127887593,-0.7860283093696032
1.21979094076616,0.7856942238728672,1.8265715192576826,0.47133194061663175,1.831453517409079,1.2778011326688856,1.76096436822818,1.4873153831738333,1.9378379235608838,1.3418354195665962,1.0601219892546725,2.058564965681433,1.4238408784942944,1.5249722521536906,1.8858742747600483,0.9236799910658504,1.5084550605645901,0.9579350877620882,1.0551081531896995,1.042106356980442
-0.24305853814938905,0.03974948540809333,0.5720868682842893,0.36555437732277374,0.49799996513191513,0.02764274944233741,0.202612447722551,1.3612548974797054,0.4319761850564778,1.469936389751505,0.7884053043414331,0.9611901214037923,1.459236987582493,1.6065522969464503,1.1157971467998018,1.062525696166132,1.2482993016073527,1.4536281498706043,1.717486847111969,1.3997505725485
1.5423685691825724,1.829856138169225,1.1830561821727155,0.9904380955438088,0.0760032224749434,-0.5647145877048928,0.43710813789458014,0.032328309939619215,-0.3485713087904483,-0.2552864160547135,-0.5797898656920231,-0.29624471210285264,-0.8895742305174446,-1.3808214928071143,-0.8222051708066558,-1.4167832931375606,-1.204164052254126,-1.6620690082433953,-1.7577040883761015,-1.4605796211794826
1.4833060524001644,1.689662070871332,1.3897716564438045,0.7421334981145112,1.2632393092686507,1.6943117870512028,1.1798312933456023,1.1048321059718549,1.4864237969406786,0.6809490148836717,0.20954874068424,0.6122783476412181,0.3236617267547266,-0.03529492843145143,0.11022111012550055,0.20372805458644835,-0.16993175602775537,-0.21454002216001572,0.2214321419378732,-0.8009322095653038
1.5756374844637762,1.0616478940048268,1.1030141174793295,1.0887799237688003,1.4805629896935821,1.1262582897204736,1.4964072926330527,0.06153480181591764,0.749132448527184,0.5153167214228207,0.724133756632403,0.4613116920553605,0.836468819212528,-0.39253110919417283,0.1985690830172777,0.23046036497241695,0.5764426432241528,-0.5300388396719009,-0.3741474957272892,-1.3853257819672242
0.5213921132574808,1.8356410070372788,1.4950058403084734,1.9480824875420393,0.8869877071161066,1.5847452560051773,2.0463088612603864,1.3712677103205804,1.2025057968147232,0.9691607381169808,0.198317445131035,1.2187599697355553,0.27298825133219506,0.552996902023057,-0.4448412301435246,-0.4646580701153774,0.4078186282882651,-0.476253366817648,0.07737925294872172,-0.6950729285656853
0.7414154857995473,1.854558296617287,1.2612730306654583,1.7561529370294875,1.446433209720039,0.7595371090165284,1.3644996311910724,2.081874723838794,1.2890677779840876,0.9427312045850555,1.2568073887641589,0.7607981815326602,0.6011449993593392,-0.08544646939379086,0.2739117028008162,0.4213031622545127,-0.5006411922406391,0.23246587726426837,-0.5406133471263465,-1.0188884695576945
1.8772274257507882,1.3830135624292912,1.8010359127621447,1.3599739587192554,1.4124184052920448,1.5742084819273932,1.4151405480788473,0.40517275479697856,0.643375698540547,1.337502299703567,0.773815392420781,0.46703827434284717,-0.026098298848768353,-0.08069092904048919,-0.6283469634998021,-0.033386491792878406,-0.4055913636330478,-0.723967607628637,-0.5311803075354773,-0.5181924126011829
0.8372791728839779,-0.5100794961016403,0.6527226398153358,0.6717536611685522,0.06329220802078939,0.5471448868149748,0.3718607838285969,0.7160403223066765,1.3297090043235968,1.0496955819811118,1.0890731331871564,0.7881512189645338,0.4374682575207871,1.0144080439548246,1.642765432857003,0.6069557749388884,0.8486317337455599,1.3689522330713841,0.9671034584251619,1.0810492501047544
1.4702251408353657,1.4548253504002222,1.9853431163347883,1.0460057606342648,1.1313411670453668,1.7913055570226684,1.0605677509693012,1.5635986979103107,1.7716475877817877,0.8050202950105874,1.099214958611522,0.2150538829154725,0.8192246264813451,0.430973193864557,0.369587805349063,-0.2511030331264233,-0.8306496976274982,-0.13603162533470892,-1.3292921984600778,-0.7907208618392921
1.8546473415506783,1.5744903510738133,2.276567015683627,1.8867210726553796,1.1747895073737755,1.3877097521342519,1.2798334440250705,0.5705147616392231,0.7157136279845624,0.7414339429952967,0.012181826839025245,0.6955281827520731,0.4177025693930051,-0.3179539610547795,0.34205763859590965,0.2934748935641185,-0.07540253985467352,-0.46695972131809893,-0.2673540767675541,-0.3916925207516017
1.489736144791309,1.6032841913455678,0.6788192243020064,1.0052150010862897,0.6334977811577048,0.8263303085806982,0.23566815318163373,-0.08371915291206436,0.0737051685998445,-0.0022308308527582144,-0.8229664519519804,-0.7717870808973625,-1.3473948312776969,-2.081276585776223,-1.1380878138248798,-1.0863687206572268,-1.3099520020883586,-2.2509294128680217,-1.6381131062077168,-2.3815860172741936
1.0503626682955316,-0.17596077108043673,0.5092872394716933,0.13393673658807057,-0.8492676704103732,-1.1729269797274162,-0.7900766366500559,-1.4520419456507803,-1.2258725318166748,-1.576700857286084,-2.173583442255657,-2.389509794263935,-1.4004791693476686,-1.6674086161655102,-1.574825191436054,-0.9477427089665085,-0.5945136552425376,-0.9806040946181078,-0.7908566042676874,-0.2190660340528352
0.42355230297670643,1.1542353156163658,1.3758560386375178,1.5080802442443864,0.5322854372870431,1.0629866130965513,1.0658251181613707,1.4953495713140252,1.6743135410578895,2.0954643683661134,1.3015839671785678,1.291334251449322,1.9291019443986497,1.5549796381161283,1.8990341136173199,1.4519532891075588,0.8074120540235787,0.6606416484361219,0.48737099582387655,1.2780155047301158
1.7702527792081142,1.914257101815401,1.3677744701960977,1.3309123841558919,0.45156101944949667,0.02501114032918994,0.621789579169534,0.2373303033477284,-0.09968048908819449,-0.19774990547605542,-0.42635418102997735,-0.23383006841498755,-0.40602434389425335,-0.8643640378429085,-0.8799505173652001,-1.1243058421891692,-1.5992466185368963,-1.168478855801019,-2.0555713617208315,-1.0726902923354078
1.099731900793813,1.6042454471689462,1.229092384360378,1.6958029688813143,1.1556188220075816,0.9452946944507084,-0.273389573979808,0.37580214310533716,-0.16390095950331576,-0.5730912191445512,-0.48842223780024835,-0.36927219851181875,-0.723685941419351,-1.4334416993158712,-0.9212881009533234,-1.5849658799894653,-1.3281054781373345,-1.5924447527571288,-1.585319834871377,-1.1877497232375571
0.5862702586929667,-0.13535255842598948,0.004743912002642997,0.0691899908387115,-0.564336063430471,-0.2425678208799068,-0.5216185660918458,-0.7467463889142201,-1.4507290975891567,-1.8155068000759114,-1.7065551186145216,-1.418826210347463,-1.272838183332565,-2.311414079537439,-1.3568345453151012,-1.1628525544747488,-1.1749082684217362,-0.3550766704670325,-0.4859050918033945,0.10495351593397007
1.3917903868425974,1.872722253727369,2.1512565155787096,2.0013547913317344,0.9994922253325129,1.2753139691767241,1.1607158428629263,1.3990872810082051,1.3664146165841171,0.6301812361769463,0.853805433548175,-0.13144013741103866,1.0941093095749772,0.14625390319917275,0.20271806842277565,-0.1167340899074896,0.29219469860473696,-1.4723350277934624,-0.5105750743986597,-0.7061081679413573
1.1133594949366379,1.8650028635151017,0.6756005537244931,1.174495424036162,0.826068667993404,0.992185168040939,0.0148822122915106,-0.2229295571975355,0.2957697241664079,-0.1825699743972072,-1.1736033126839631,-0.9630788181417202,-0.7694655162818113,-0.7469464901604117,-1.4899639276675534,-2.495633259085856,-1.2054894514282355,-1.9592330017438653,-2.3047088534260913,-2.627177283247417
1.291918874935633,1.1164210738792737,1.0648390976237554,1.7915979060624392,1.5619163914972582,2.014048738108894,0.8600362304239588,1.4415745399687547,0.8353303591714902,1.405027272645534,1.4001238178191264,1.7410087056782357,1.4874586893039103,1.6857117180159724,1.673349562397688,2.1984335588568813,1.1441400393944374,0.817483910080693,1.2064093415740118,0.6922827599709092
2.0709589023573045,1.3844440411465058,1.2709994106181055,1.2881511231622231,1.7237158320926627,1.3136856069010823,1.042114996990692,1.8695262340270864,0.7494052583136037,0.9799647354004383,1.087592488625492,0.02399675128458656,0.7094355078165914,-0.0708394707223296,0.5094856048185779,-0.3779346090798558,0.11089128133891524,0.10500077528337437,-0.15935632721517412,-0.5632540056470372
1.081028194548472,0.9196491509597086,1.763737826585111,1.7078688210784931,1.6672942727466709,1.3253206216528541,1.8615556233995452,1.009738069143747,1.473980889461186,0.9502411477914237,0.5833297221096648,0.9135429183785204,0.6811857547278188,0.4939927031766206,0.2128838613074564,-0.0080314369989976,0.7891324657475464,0.13637020684395834,-0.21480017947409125,-0.6190610016609228
1.881037475221358,1.7049291672811795,1.5077118588773157,1.3552516815163043,1.403981927638931,0.10861410584245412,1.3830220607619015,1.00799503493353,1.7289411938914574,0.9734759341119426,0.35108466016741513,0.6565787338001688,0.09888287322921968,0.5405665657548367,0.29675143822077105,0.3902616481310418,-0.48256904807845524,-0.3237292127432521,-1.0499396556389502,-0.38318275217239234
-0.5079994389575504,0.3622099239421324,0.45774806562092607,0.43619386556488204,-0.022842104948447295,0.5656697808197931,0.08169160966988742,0.5406595881007068,1.1378218393439068,1.1261338597568833,0.8917029609099529,0.5703523165772539,1.2893260083601987,1.1055478232501978,0.23199593161926746,1.5308748481013548,1.260974347468361,1.7994256377709856,0.922857164826945,0.12737710367243915
1.5898081383207643,1.6143567273973878,0.8209613067251207,1.0852775932760277,2.5384359601919666,1.254540154532155,1.5911653155933314,0.9431215360303205,0.255752035037041,0.8976350070688787,0.7204282038669578,0.5165794999840674,0.4714749730516644,0.4569109081281048,0.12032571198345425,-0.4984766714912108,0.02825758522414648,-1.1170811533634801,-1.3240739203819762,-0.368108467061651
0.20280810885414274,0.07171572569403077,-0.3692091794069017,-0.000651339507106663,0.269830604696868,-0.17250708244908308,0.25930262035434987,0.9026970254098529,1.296978744677463,0.6396791878651663,1.188225125620219,0.19465091871140372,1.2948714199359659,0.7762159622799953,1.283060417594625,1.1187219502788637,1.7988330849297718,0.9686708792417896,1.6120078913887994,1.286255643632226
-0.06332219120386551,0.021132314459961304,-0.14929901930251813,0.2768734503998548,0.349870014922741,0.5623466043432541,0.588716141840788,0.9609627099840755,1.095460045380724,0.3872037601974661,1.233138784130088,0.4857403761024489,1.2662332787456152,1.3456908420521354,0.3955954142464352,1.2550146161865114,1.0832690356721115,1.014939035403607,1.9013063046436691,1.1365869726958717
1.1556238233354703,1.5280092327266361,1.771465856287068,1.4200179772186194,1.902897080971707,1.5891746649793126,0.4274971971502727,0.9915986815748707,0.8671363548376243,1.1574826871590096,-0.2232567945682451,1.696134678938505,0.7297417452119054,0.41075432103692666,0.6529995790526354,0.9445874168127847,0.1820823264347322,0.04219278735413723,-0.4516549276825432,-0.7203909662890575
1.2878564173807299,1.167286460038782,1.2224243178879026,0.9364550258854769,1.4060002824299969,0.7029173693031217,1.375148334700329,1.1888532237607372,1.150647313932979,0.7568856777792439,2.0574141760536016,1.2205771555235412,0.01951430722033226,0.4443508344406095,-0.06282996468995256,-0.39866609499523087,-0.7022451598502031,-0.16444577493080925,-0.7764830314961257,-0.2766502553321965
1.3638394166687122,1.614539847801867,0.8141469434790147,1.4261344051541387,1.5599682049449495,1.1778574509785416,1.1084216363336075,2.0992030558607295,1.5730140594435176,1.751167305672416,1.1707397545946263,1.0026494641641301,1.2414532270503067,1.3867403077480074,0.9662855064151907,1.3325241644434713,0.594856626281487,0.7458740213592957,1.3763403947581985,1.2547109789378843
1.3214238888279437,1.0906255330938177,1.086268537157297,1.3273701132461446,1.6941562593621229,1.7480826767314062,1.1001690308500571,0.7419884965837604,1.1990106497248372,0.6363243175369011,0.6193689724369189,1.206641231626231,0.8481774786805286,0.41439332437043086,-0.3283951079601123,0.09168442267599831,0.2588465849143815,-0.4875859175407251,0.03651469852639,-0.14668254913499534
0.6654931328573894,0.21677112233618634,0.42392690241753195,0.8481879520949593,0.5538868785990598,0.26535686186447727,0.3754969489524986,0.7371868716486766,0.2098320301832889,0.7501495227829096,1.3242486311858812,0.0837734064802782,1.6448837642083274,1.5467450156522515,0.9762163245792463,1.4351792487234714,1.2719265717787687,1.8104412859532302,1.7540386294720434,0.8380303396776357
1.713079560368361,1.4154801152672998,1.5303629859749415,1.185408651234744,2.1356036903523403,1.792809128154707,1.0028732594536578,0.669541224213581,0.9376041421871645,1.1395393642237632,0.922752365559889,1.1777839253587135,0.8332991961265623,0.739031209771013,0.31111465272915184,-0.5485936963966614,-0.24449574385938966,0.08670344472895541,-0.5245401088781545,-0.4625445174927795
1.3506752688842372,1.0858065173078608,1.4478923321492574,1.6002963888357318,1.1740737749194288,1.282499902251009,0.9229964282484517,1.6510834340033125,0.9740908915430901,1.546840523837714,1.4381691681977633,0.6441124095627184,0.1139518142352815,-0.4831555516234847,-0.4084423367257397,-0.5424081342717293,0.3851715195839728,-0.29100261634373237,-0.3480891278315009,-1.5519490685163286
0.02329565354695301,0.6132929723453127,0.12183544064076923,-0.30329323235982664,-0.2630945859558993,-0.06549387676599194,-1.0186417086194115,-1.0865644097143239,-1.1898276211874357,-0.42672596685371944,-2.3008625822370137,-1.2240333806986279,-1.5370737682491329,-1.216076827159588,-1.6165382862682909,-1.2456742569474029,-0.7793263341093174,0.37357787434415246,-0.3314026457429142,-0.7583494865105922
-0.023163099950763495,-0.19937284856619014,0.11460043011561875,-0.3572448681152011,1.2857639029927914,-0.027954294388396084,0.14212757002477122,0.4656612083846208,1.2412868889027275,0.8132566886336482,0.39117546548159465,1.4620102912493267,1.3234911742047137,1.3131693110575688,1.4464158673797731,2.1755676778077278,2.144705439030683,1.0437590013764388,2.0105193694885277,1.5513259048543997
1.1727385117810103,1.5932769630561046,0.8964347045195908,0.32935106782127,0.9810282627270399,0.40562680148084573,0.29431619241562335,0.7132893250117724,-0.15088246176475437,-0.23702502848176124,-1.0271977705325899,-0.8352245932967961,-0.6802081597375952,-1.7042016723155444,-1.1379336291440876,-1.289614434101157,-1.3982637434880731,-1.0562411663029778,-1.3639979282377184,-0.9030181539111833
1.080738788745076,1.552101083611938,1.5310166723236804,1.0489756141206383,1.8188668635405447,2.3066537225348034,1.2919792952493125,1.4053939022871806,1.1256805849044347,0.6803044378243706,0.09836591686059337,0.39422140221326984,-0.03945204512647116,1.0328444306934974,0.1343286149156812,-0.13124193593113354,0.18944519851449326,-0.786032892376866,-0.8106765526701171,-0.6365517572428298
1.8896821915520825,1.6984052747921141,1.5965600147740544,1.5079245057170767,1.5964432049147161,1.4574455622453784,0.8867928151320705,1.2218171556309345,0.6623977310112028,0.9981713229475704,0.6344108513861033,1.6922834445645605,0.5013735537535366,-0.21049222703478537,0.12670040821420706,0.21486929394289,0.5031292470603804,-0.5731134112099983,-1.1369021270777522,-0.33704586036988565
0.9259351126228298,1.3232690801216047,1.3941817635633038,1.448824030302627,1.7120146455337404,1.1033306872791213,1.1892900241761406,1.1976773257979185,1.151712377585819,1.00486917567041,1.0010723380704318,1.0140665993081108,0.6743849535146085,0.5326378088735375,-0.45251677421361425,0.02721687535400693,0.025586687800014385,-0.0457559734063307,-0.7808712471618138,-0.9273963748977362
-0.22964027011343935,0.30923943168018253,0.6025226444648105,0.11952899384588278,0.7381142292222892,0.5152424286464,0.5051997726986686,0.5572111982119934,1.0247011448026393,0.9376842156434146,1.7959599549528347,0.6193850897474611,1.2383316043025117,0.8861149242463826,0.8124073761159794,1.2134760627607586,1.3256084727790522,2.485714560601794,1.287307046090786,0.9459871371569661
1.4040183369710653,0.3446562302423014,0.9937496242250953,0.8721870660599617,1.0014077056890551,0.8770263667978715,0.08032999863942569,0.010012396599994873,-0.4491065710688199,-0.8039235196523289,-0.4316704622610059,-1.2567910317950517,-1.089869338049781,-1.4801217627387424,-0.9983983918742676,-0.6093588234524844,-1.9354139188443813,-2.2123121189253023,-1.5477280883171538,-1.4879677948706578
1.5656383176856095,1.319203050630861,1.4169742382375288,1.6236815758389112,1.8525212197619418,0.5947648920663633,1.15120594943026,1.2889089845540993,0.7246827527340094,1.6582061584941608,0.572506075889905,0.6600137206485028,0.7397401459911377,0.11468968394909237,-0.55825672663679,-0.16433601507887857,0.24555989097018716,-0.4720905019485663,-0.8425046580518876,-0.2935117811411895
-0.13230995840922108,-0.10939045373644173,0.24875265836045085,0.5908131206100384,1.327614716464488,0.7967449480435316,1.0188500701189809,0.4393784105440388,0.3157093565739859,0.8323856287762358,0.9284977499976181,0.5288698504005518,0.9609731115289161,1.25752236885864,1.304279528918669,1.4195380589284565,1.3870533730712151,1.1156416748697346,1.1554051217045296,0.918478069753289
2.008724065647349,1.179892391108566,0.9405911149488608,0.494260120560914,1.857830713442082,0.05824625413757445,0.11021867596008339,0.23659273696639233,0.09742694747315961,0.030474324357022242,0.1674150290944456,-0.5448937501721272,-1.3464308978077026,-1.18483022882776,-1.0951387173848175,-0.50264044655675,-1.9739009170927677,-0.9900741236761841,-1.4258075863585602,-1.1591146991619687
1.2540161633189382,0.8375391932103182,1.3308814490273344,1.127549363984146,1.0723903388068594,0.4822556128752785,0.04182903687457301,-0.5532567955575686,0.18509106843121106,-0.18314270475165695,-0.9419414271588434,-0.9627862816750618,-1.1107221026016119,-1.6752459515720144,-1.545344625032425,-1.7834630058816212,-1.5797703304782236,-1.7665837250981002,-2.1485753025238266,-0.6852108210259684
1.9791908873943826,1.1861234881166045,1.6061985164291455,1.6436634475511882,1.912783204613397,1.049342389529645,1.7356244386358153,0.9842233452949,0.5575282329108584,1.2553929295130397,1.342973397630371,1.7116943848636899,0.03744120121813599,0.6307714735021657,0.016451994967563666,0.3204692798973473,-0.7544121518931294,-0.8424403615139365,-0.8142808667348896,-0.6321950466750443
0.7098940242411944,1.3285958312826551,1.565859497211822,1.475819177375477,1.9545015741523764,1.5338593728022647,0.9303717351546905,2.000745394965676,1.239953214908297,1.860947605261949,2.1290638459478397,1.6730384550651674,0.8707696115812911,1.0690639961000896,1.9210712958961846,1.268813013646498,1.3020881154857533,1.4974227568126883,1.3865050402795778,1.1247146957809109
1.2113467014851247,1.0494448669679057,1.373691867383339,1.087204765569015,0.5806475522638548,0.9204223922239889,0.23014420015059925,-0.2704068672817892,-0.44624651838588936,-0.7441948322531577,-0.6645923806547346,-0.2538671010219348,-1.2460566502332393,-1.006661874371806,-1.4809474046413367,-1.4340544796676546,-2.01879521051715,-1.55932001742889,-1.5752554860991117,-1.2781317356394828
1.5674869602848385,1.0183744067437808,1.9309092553851186,1.5607986277114683,1.5157062695750008,1.373111458839621,1.091678746153957,1.2905064028771644,1.2821085689497367,0.26698002924901887,0.6111656930429616,0.5745520072899801,0.6197995495319326,0.8285280018407004,-0.1283238333537361,-0.19205894303940207,-0.3712299756592491,-0.6579434872763275,-0.6428055355132011,-0.3554597769470897
-0.4215341981457383,0.2657996297848065,-0.4917906695122072,0.057977838185641034,0.24313358368427518,1.1357943741461884,0.4449931616625678,-0.23873249924118645,-0.07349896378272358,0.821064923467259,1.131138126209743,1.1104572899972918,1.0981189658109174,1.5626991671732546,0.9442856826165842,1.5757871399854775,0.617861527005671,0.9564660054025305,0.6381488143913403,1.2881205086829226
1.276309563066774,1.2201528421514567,1.0552856784216558,0.4947556208172063,0.6074712147456843,-0.11140120041556678,0.8270494362554129,-0.051192426707232286,-0.338212686442028,0.28287763364838175,-1.0525269874329515,-1.1975916579691996,-1.3625067077684618,-1.1092007314588401,-1.0456190145353326,-1.0340606759119462,-0.3859805987250613,-2.3708777074465806,-1.25427909852736,-1.7170991422826536
-0.4751060959670108,-0.06425542929689958,0.4027161819496804,0.3189504792648887,0.03431331185974207,0.46835976745432967,-0.05770004253381422,1.1018718484984995,0.6439429911632759,1.254873066630717,0.6750171090553625,0.7508445515837575,0.7254162088353826,1.448264900848218,0.8763497079800464,1.4756610905408183,1.117686521948522,0.528059818621109,1.1328397452494805,0.9264153432057001
0.013561089472935004,-0.3814892225461509,0.5593602627809737,0.24608269262131255,0.303890905867974,0.7282073600955954,0.9404768571939881,0.6337253894313203,0.4175764791420602,0.09786524248373474,0.6112098810797076,0.7133900482872061,1.07391390468744,0.959736575715777,1.4352953597320082,0.9726296090664717,1.2478510142750612,1.7920401158565127,1.4976954579460535,1.3740436122754136
-0.014635989737172467,0.35853387095659334,0.6250436109033057,-0.01672538908613541,-0.4120007219189282,0.4573525932700655,0.6723290955510992,0.7415319652131975,0.5953872999581589,0.8573539287941604,1.4918077072346787,1.1129686145313944,0.8817435534892875,0.8977162013325896,1.0921812278403447,1.8725189023070037,1.197347197205759,1.3105274007694738,1.1680399439895457,1.8376519719276254
2.2621094968805604,1.677976476497154,1.5303391192818718,1.4913905448923641,0.48262614718970787,1.6748447459076035,1.3524482914411822,1.3747222872419642,0.8072883169448218,0.8119555541964042,0.6622600533801306,1.0851799890806315,0.36582737261298404,1.1842677283137693,0.35271746009099186,-0.5031472683105579,-0.2176348487014118,-0.5980025000970771,-1.3816839253963058,-0.023992288896762304
0.20410537464361705,-0.006155515239319065,0.30849358108870717,-0.4902266343620258,-0.83157093670843,-0.9644664938981418,-0.48277178954290656,-1.109094981026771,-1.3385667988227228,-1.4275720204437372,-0.9442959427387946,-1.7969912772554477,-0.9649495523694658,-1.3585869980646585,-1.41775701746054,-0.2257280454303101,-1.4861463618149542,-1.0130605099001866,-1.147589617169343,-0.038138459083920995
2.1538501684433617,2.1657003692864545,1.9868094590261034,1.3976292245042838,1.2902524717080677,0.7083164911960503,2.113131139115562,1.390976698237061,0.8950904326305106,1.496961061382028,0.4375642212773995,0.8391796091404855,0.4482796535378875,0.6066744554219705,0.1549430768105283,-0.573245360756755,-0.13598578233261396,0.08221320551563388,-0.5156174998098901,-0.3537346163066437
-0.4182117942696213,0.08416955441570433,-0.060833959540303933,0.5813053728044073,0.3875259286762679,0.7418799755152075,0.9899982540267895,0.9184123201877363,0.8353039726792342,0.40816818552402445,0.8845153396270192,0.7470387861400576,0.8934653408088306,0.9479816678708874,0.7681519409985391,0.43488748192115145,1.0034102616851313,1.3957969193474205,0.8216945541930708,1.404331523539489
2.238281964707076,1.9069538788254945,2.1546465614159134,1.6331285623957608,1.9033527918985846,1.0871985080065614,1.041045618234051,0.10772938452268477,1.5663313841952233,1.5818678977151954,0.605399129842492,0.574950112892522,0.21578646177783678,0.5042650200608468,0.6303455106062732,-0.6899829938646816,-0.002440919143728154,-0.448001159922169,-0.45857318068162034,-0.48018306427256174
1.402893619473562,1.4562965153622867,1.4116798907458459,1.8648038923379828,1.6038528467550048,1.4650178152886206,0.7904010366059318,1.0519535696924123,1.4513408587139736,0.98081693503681,1.0904826158170553,1.3831355155824694,0.9327737349377481,0.3884669345497471,-0.02402317559331396,-1.0142940427346245,-0.2335703003897701,-0.4677374495612505,-0.3477844597101458,-0.7253427557321532
1.1666600261985933,0.4627526730579604,0.654545205606775,1.0564373694621205,1.3699306049640483,0.4485673135284833,0.41288227563216207,0.4512492652330903,-0.46701581330465136,-0.20597288041507453,-0.8518244165461233,-0.40142703696000737,-0.8634573586403427,-0.9626714531864714,-1.531311105357807,-1.0471179193147657,-0.5808935572306424,-1.8742694039375576,-1.6336769372361364,-1.4016039235865243
1.792737079781017,1.2739127426088113,0.36401784171060547,2.02035320928828,1.7405513105376633,0.6796053879990103,1.0557542083310225,1.8306584387886045,1.6709917619614503,1.3411943148588188,0.7562250543974548,0.7097257629764199,0.46496098520377077,0.8024995127773851,-0.1699644701130672,-0.31519406626594715,0.23789350333377723,-0.3550770334391355,0.047456004713227196,-0.9323855477344964
-0.02191134413553004,-0.27429132221393615,0.1919152950645539,-0.3089057380369961,0.17987593538948446,-0.10865104099068479,0.8324833768401464,0.9284006260430417,0.033951506768038375,1.3410073871288157,1.8845958344617213,0.978677501640927,0.7746452194006632,2.227527564572206,0.6325347715904326,1.2258655043223867,1.3425163900690074,1.8565041867587229,1.5048609624147822,1.198605070635459
0.9143403018181284,1.0377835171623946,0.627761392888744,0.8849070810557707,0.4578890805667759,-0.11003765028916757,0.7838161615524742,-0.12881100691964764,-0.6499129608146765,-0.420002151524268,-0.5282797476261962,-1.4459435025880256,-0.7913595109707305,-1.5009152062551532,-0.5338601427140564,-1.1203466583283856,-1.5747387217667754,-1.7691718338932152,-1.5397604172025765,-1.249130616620445
1.4301570267476948,0.7774810425693195,1.038699204151969,0.2795074102050594,-0.024052568984789024,0.6342760301836354,0.12820794967019963,0.15117016550045576,-0.1498162296278915,-0.7432585171947703,-0.5737300947989943,-1.2405973343623542,-0.3676296346204754,-1.624440316723033,-1.296585774777804,-1.746839498377979,-1.1866102563787306,-1.6036772742788763,-1.705240022025611,-1.1529662952331392
1.4899468316537112,1.7043890350989859,1.1046995831607156,0.9147506340516675,1.4792320475200595,1.249245857995784,1.5493555940244226,1.171422085912654,1.1739033302721558,0.3163852938107432,1.5820448038271024,0.6108340014386031,0.796366095389901,0.016766931381999584,0.30357645337191325,-0.5140121097221634,0.014610803903239322,-0.47972208498884394,-0.4922547358940691,-0.38459105289023915
0.11809303001624126,-0.0006195982986018367,0.024762829403235015,1.0100724496426534,0.8458032890452052,0.5205491639402546,-0.36677069081394376,0.49736120083815305,1.80726762472381,0.7151884222727033,1.3269168127152429,1.537051907727431,1.1186764898329113,0.7610666754237269,0.1859972381982815,1.4914882010183292,0.9447650798868187,1.3889053193328338,0.8610372365283212,1.2919636127627585
1.3083016719337321,1.281949677678568,0.5846034623258358,1.3445413326464384,0.44480963861818207,-0.18221031715456537,0.23814847821712723,0.08400812606255215,-0.0784224655558476,0.19215446374478024,-0.6502079087076035,-0.7952046621039206,-1.365292330314273,-0.7538307776238886,-1.14454804075913,-1.4979419540767447,-2.1766486031092342,-0.89333984774424,-1.9888453199595497,-1.7307581170016433
1.4381518544037122,0.6958890738141741,0.43312842596554424,0.016197920061631566,0.9719663336732247,0.269502969136204,1.4526658831918449,-0.3274840238003813,-0.5112386481961201,-0.578855685843412,-0.45837451195786405,-0.9354381478705366,-0.6790856922200309,-1.4734875347745091,-1.770908353775804,-2.0492167589227224,-2.3042083928979276,-1.6783323335562979,-1.6181654591344157,-1.7468217242470343
1.9755369138575551,1.988943340567853,1.3633087627899008,0.759108966345885,1.209666819481985,1.1368558426268518,1.0359277401316216,0.924297905418376,0.8304880362883809,0.811121659428137,0.5724535884551771,0.7598597989016528,0.6614787936161658,-0.01305443540314577,0.6887986228877903,-0.3848991250485108,-0.813336576926764,-0.18502122268849014,-0.830894191234032,-0.535264076639323
0.004859090416324374,1.621956470310514,1.4240190131248172,0.6357975412121339,0.7154756687495148,2.0364350826591386,1.1221784578915739,1.1217208500572904,0.5755948714909829,1.3564689231470992,1.408482313391496,1.7765604894808016,0.9096017655733607,0.8282341458077623,1.572358563052721,1.7391541163944504,0.6417977610617338,1.6264986248671411,1.122992632042177,1.4499169064565849
1.9790880597653464,1.5622510737896769,1.754879464907745,1.509472937152558,0.7353980246476075,1.032492734835541,1.567737460087398,1.2700477939216117,1.5642691567005726,1.1270481310021094,0.43998927170033597,0.3581051403631623,0.5584982634635163,-0.5744140269301921,0.849749246734171,0.18382449023875766,0.32459750741891985,-0.9695740275581785,-0.006104873326193805,0.22881889946882128
0.9498232528317633,1.8062919746861055,1.4976739356426187,0.8589038723233725,1.633502451444754,1.7102256821286157,1.058331103975306,1.6697520750797632,0.42516783186262463,0.36783584720738316,0.8813089862169008,0.6866849066403247,0.23070191188457928,0.6750413738586045,0.39273021817135667,0.35038142406134115,-0.21547090554153614,-0.09630034404317447,-0.682191058680294,0.15774681109236044
0.8954377088226236,1.8238149214720702,1.8270805046335634,1.022942357361184,1.3197289799404262,0.2599181875577191,-0.03708758028747955,0.08662790194353726,0.03131817652260796,-0.5102931702264996,-0.34052109786586615,-0.6248010195270464,-1.3233412879374578,-0.8745349717983588,-0.8728603693817629,-1.2613431361229233,-0.9537194844183718,-1.9580662431650557,-1.310593165324386,-1.9623591958124709
-0.44563254329323504,-0.15769846177147084,-0.18785385093457094,0.0633147092660683,0.2892691794869941,0.8007122995131162,0.426450468081362,0.0075146074313438005,1.1820837375598405,0.4726170354825707,0.8621416130519282,1.1388895497226752,1.1109350908516344,1.535467147179578,1.3517234282685404,0.8732990856959042,2.1420923506129026,1.3961785239130502,1.3020292817154644,1.7836287981730679
1.5779549733547191,1.6574225339003297,2.494103557207976,1.3666288403206515,1.3092445050970478,1.423415804998662,1.7273880992752604,0.6007718549015143,0.30565083798770165,0.7308921975391818,0.1731008443576849,0.5065982564411605,0.7183311857059375,-0.00509594595105517,-0.39035813822756005,0.03486066037387394,0.17880106244543903,-1.015321826641156,-0.1758379781459024,-0.3368581834469477
1.3479605717191878,1.5523661796659618,2.0359072197725023,1.0935513414297127,1.3508151503191723,1.200953347720917,1.4179211571930816,2.068544131804865,0.9440099155784285,1.1523603365214905,2.050442533927622,1.8983778535338436,1.3239804781203197,1.7781096631522941,1.5284598461389436,1.9365719315040195,1.3000625390395961,1.6041458358962775,2.1647806596444967,1.252434432845713
0.6194557180096147,0.22276050290317673,0.6774882007691863,0.3360963889946176,0.3368846446911632,0.33263545735905764,0.43075768701261685,0.02264426761556837,0.8317585044047119,0.7913195248429691,1.18377407352493,0.9976843455218346,0.9660094428628845,0.7493181161679356,1.1889834656401415,1.5131178099012124,0.8133318845826936,1.3534346400500525,1.4541825529758605,1.1108327155035336
1.2430320730194901,1.5899755962310846,1.0438615504506523,1.6166468977224273,1.0782071132403261,1.801925877406963,2.233912823198165,0.8590827462969461,1.3055563395281737,0.675041543834433,1.2430516975005157,0.17042743181732978,0.7095660106253064,0.0020080127141091086,0.09757865684562939,-0.40528431437118806,0.16272385695767239,-0.6721245930103457,-0.28314523373556505,-0.8014198762472113
0.45669327651431246,0.3175634247268492,-0.29760407297580477,-0.16026427546923294,0.1231022963458161,-1.0310509135534038,-0.46150066589505334,-0.515073277382438,-1.5933283842911754,-1.9655916629995374,-1.3403357164006977,-1.7162855957209002,-0.7437115810803063,-1.4288625014333272,-1.6744690278844727,-1.6849520490087073,-0.6279285822591836,-1.1000597957070588,-0.6370856017195715,-0.03680214925339642
1.1011107092009789,1.1561407137647846,1.0239049733377936,1.1391067577483343,0.9198652867151009,0.39953197452480127,0.3072174708011199,-0.07845360215742739,-0.7337032015923295,-0.24965815476999964,0.20124833031996747,-1.1008444686328371,-1.2332304616621168,-1.430343287436544,-0.9284349549011224,-1.1505366814805036,-1.4781938026896315,-1.8383123504218613,-1.4608226175211572,-2.1200957641880827
1.5355452217256875,1.8463410111597724,0.9967503031142303,0.8636701008908046,2.06812401938195,1.1320805443918425,1.7531608634203737,1.1417864008985412,1.0270912678017727,1.141103385585899,0.4730704852828236,0.7295296528496742,0.3647355413245843,-0.17699377789216236,0.3153653223755365,-0.09819732706343172,-0.2290262627785122,-0.821396828600174,0.13262920963682556,-0.31309499038783173
0.9822020544024919,0.24555030412575066,-0.02770809476952522,0.5075386988828156,-0.2807290812524639,-0.8509355831709272,-1.5006319700527722,-0.9567630435116544,-0.9351368796468129,-1.636230430768774,-1.3446389744141907,-1.6427519045801628,-1.5647658284251085,-2.4379143406581925,-1.4423018261568552,-0.8383405236408009,-1.3164515881221388,-0.8505756587872576,-0.956997404180511,-0.27494657678127965
2.0447393116628074,1.8070272513909025,1.4340949538315975,1.5999942370781985,1.1961945855555638,1.4326458760198169,1.3281164229540996,1.5908934252502152,1.4787444435538837,1.1633292586694988,0.681731004962959,0.9732597132074665,0.48054392077300273,-0.08156214801540301,0.0190573757206014,0.04093658920146456,0.19786998206526907,-0.41074372009737203,-0.9876104219641386,-0.6410839916235505
0.045382416022620956,0.1690089232847464,0.5569188288768991,0.6900823327984829,0.13724495481880294,0.21939312176098497,0.13883459918145374,0.9212911582513714,1.3055846422968627,0.6814203177650172,0.7890575580037824,1.5469879697059814,1.2333140647765244,1.2722896100914098,0.6837555685219461,1.489314145286515,0.8990129448123346,0.8648370642037737,1.222256741657382,1.1637415395713633
-0.08863987775401576,-0.48171878208632246,0.5724967450821961,0.7335875545690951,-0.40400768588485614,0.8572336272471824,0.2307026316349925,0.9845551049322954,0.6986780018952101,0.818963314560986,0.8115907241252922,1.4451266286397852,0.5352557184805099,1.3409314636649912,1.600654236867257,1.5043589497909118,2.200547046745605,1.1068664334878773,1.7438873014014793,1.3556223748142713
0.924458088416851,1.1290455696282746,0.9730685253079543,0.799744727140679,0.6962713351435509,0.517846883272087,0.10883977455958066,0.5793438960404741,-0.6104504905057582,-0.64108654111721,0.5563570756761627,-1.162553354352104,-1.465520447704939,-0.7882614807785602,-2.049119607899921,-1.4240404271480551,-0.5564487556924534,-2.0890790946276354,-2.290559128472612,-2.09391939403684
1.8375184223214847,1.947641944718924,1.2921944389762978,1.7499623732230978,1.9924509937088022,2.091722965965607,1.2002476125709056,0.2827967799096792,0.763521625614429,0.7950166278131378,0.7230945093500436,0.6013870350479281,0.964889146426489,0.8609749701448828,0.11170303091506355,0.44651974610846223,-0.02315178474819332,-0.31153006208948214,-0.14131327462431054,-0.6348798456471119
0.823124470839105,-0.48069059499417854,-0.01709813714168007,0.2319054779809433,0.5507103799546659,0.9730346998217979,0.5451546566691804,0.07287303033669812,1.0630621575437782,1.1094365953853724,0.10888632014201716,0.9587532934780709,0.395034191218402,0.8319348891701628,0.798998600126317,1.5415287968715419,1.3173995506851115,0.8042087382753459,1.712991757547004,0.8245362993794737
1.098372047044914,0.7393698260006647,1.0088308168964482,1.4376964600926883,1.5155662779118408,1.9023163504425116,1.384228939422176,1.5779751347356765,1.3069207801889662,1.56957615843684,1.675364578529202,1.4510393117912572,0.7477329432101524,1.5689372212363644,1.5377981000843133,1.064392697364444,0.7565038870798815,1.7842446505488305,1.3045540998052092,0.9215623584580427
-0.7598681123435526,0.043368479530112844,-0.364366088293517,0.643204515618633,0.688587870312869,0.10663961445077891,0.24849600260348303,0.457258069939858,-0.17506075893075934,0.9418403583048173,0.7764919653577274,1.3483449799735345,0.5917272363055002,0.8501461488710151,0.5575120676957908,0.8161066921770461,0.7978746825889504,1.7168346101163352,1.0816606328635099,1.4477289028486848
1.3258692334379685,0.9899451503194736,1.4299097884990444,1.716318744368108,0.9532451056866651,1.700429516486228,0.9588933564517663,1.0101918965485377,1.304146443782323,0.7003638428994456,0.8416999717157462,0.5506544639361789,0.5690785099357488,-0.6010920427395487,-0.5515002335982563,0.25351259810647003,0.24865623085899102,-0.7015271326471193,-0.6015422783367499,-0.5458929637813575
1.2436135715200183,0.2539031850489476,0.8006855511173052,1.1029564089373847,1.588242597182449,2.3669009145087254,1.3259281285668703,0.8926038047087446,1.6429229400312153,2.0251785212040048,1.5427758077175977,1.1277038327112905,1.8524307134391587,1.7017671101033802,0.9815411714638806,1.4890323349173613,1.6691649285724361,1.666649007370802,1.081396305323666,0.8699629923549991
1.7857235788058161,0.6904480440684946,1.2059640536352036,0.3177663021961258,1.1097180614148117,0.38435926078226806,0.7891911404615005,0.26682310499417894,-0.6319463308493235,0.21715259510164603,0.06486973255783213,-0.39444221531672574,-1.2286537238355237,-1.2044577605220108,-1.1601007794280678,-1.611415022891653,-0.737840096737767,-1.4133741370758603,-2.57911255302007,-1.358504588151273
1.3389116362557651,1.4677606342772196,1.3497822114534217,1.7994959782653452,1.8842239741253586,1.4900056650971378,1.163057250187581,1.1868505850540059,1.0997130412093552,0.644766289841306,1.0582414874098938,0.8605477249956024,1.1335078031648909,0.8533435115852401,-0.09389747455107522,0.3352451454913207,-0.5465976846384177,-0.058959610858170974,-0.7105766169723392,-1.0730819542925119
1.590192732061652,0.4279044054629424,0.7968397280056103,1.4056806581129568,1.4693255693579432,1.2290568921304008,0.6670072055558053,0.8762287301222718,1.2483569254732614,1.1984510140385858,0.8201807809430234,1.1392643078662115,0.6762901166379152,0.0522213378865653,0.06817167112032993,-0.5540206671954071,-0.2094719275571958,0.10750779645402458,-0.22981490358390894,-0.10297693457462931
1.357020497463093,2.0361711745303017,1.4199082671885135,2.0653114446506278,1.4276061637271567,1.6596769497153872,1.8888266707667871,1.1260144155451917,1.1792287895959734,1.4812836758697618,0.7734687624093745,0.14817388244895147,1.3745341290881854,0.16329781373499547,0.24387491285999402,0.4695284634681856,-0.4096138928931098,-0.7404796165233629,-0.4024360187583628,-1.381011224107234
1.3630121642355222,1.595746722450761,1.3892491990376359,0.8592970343483712,2.0740200451856112,1.4181996617733466,1.8712425721475414,1.099370966905496,0.7398684019019982,1.0734106738893048,0.740355177450112,0.20542621225487268,1.1052450107692198,0.10229551031225176,-0.5557340614332503,0.5383922172706678,-0.3679355377256784,-0.5804620082807606,-1.2100859722802857,0.032595929696518144
-0.013310009650017385,0.28184085404905773,0.372173924703911,-0.07572434768434891,-0.5128932541928249,-1.4004793425352846,-1.2541146575115047,-1.039192195560543,-1.5817360166747565,-1.3022260369638095,-1.188422712943347,-1.1123214322941104,-1.9816246118705807,-0.5641270956416783,-1.0465975268487488,-1.2267739060716483,-0.6280759326648593,0.07457690272660533,-1.2301051619264907,-0.5092283042949303
1.8114377016344643,1.2456315387228243,1.8429293116471561,0.3936598694701994,1.1483530494152305,1.0071592772572502,0.7973793200941401,1.1174035317460935,1.2461731818509818,1.2468023051869632,0.923020730861563,0.4102534094939971,0.6649378823842882,0.40091787741019047,0.5547949596593834,0.3179004768603414,-0.15402576583237754,-0.6962336536990136,-0.7651109998011285,-0.8836964087974915
-0.1261065335665023,0.20189404275954648,0.4750399785463504,0.26206555955637234,0.3813792189316586,0.5231730269805641,0.348551958310707,0.27160798708199846,0.023881440037492485,0.5293933456978377,1.0748879652008945,0.6791103717305638,0.9359681085201453,1.2843678431359145,1.3683979694805044,0.7860097767083318,1.6694912235976944,1.7693851743199511,0.9090254294766429,1.0685238810943778
1.954610868241167,1.4389898482224786,0.6093187787869612,0.9168048097295957,1.3366010126350136,0.9115673400798356,1.1334122167882683,1.2163439524511055,1.6767750361921954,0.8495567392961252,1.2556867478105034,1.2480348602661242,1.0910551749950517,0.4651054368240775,-0.6049431666506129,0.19145574184928088,0.2531436237247873,-0.3697592934086777,0.19390261056180358,-0.319847240355295
0.7939332532080846,1.3404951764440143,0.8700346515435946,0.8796925036202731,1.0358230010248195,1.0079088380210255,0.9169344842628208,1.4106730471558386,0.8893975701441693,0.8939324758382488,1.1843631377817738,0.3700017855388454,0.4115129477723325,0.4975075939070164,-0.5962546277631117,-0.9468364078924982,-0.02776939988153998,-0.1405267390077514,0.32175711647266825,-0.6005427145955542
0.4807726678158173,0.0981892487764739,0.21211584146582962,0.17627598345755885,0.6487094948260408,0.29737097833539705,0.9454866344428703,0.18890523385277824,0.2864900970704989,1.0824237909791883,0.8502120980605746,0.7787183804851394,1.3871140164807052,0.854890762536554,1.0800416691912889,1.7775140976032113,1.886324419340498,1.9474044226858878,1.2481150615905023,1.8903397909446276
1.098593463875219,1.1349701068357745,0.557047616717957,2.145824692382082,1.0907569230735747,1.3261713682948524,0.9346519882715312,1.4814515663097303,0.9416197302913677,0.4438115496140611,1.003335053655824,0.10303878552732448,0.18236901712802484,-0.4915520463805822,-0.3892107523940659,0.07853746357592589,-0.952030746641799,-0.9297907410831971,-0.5048785039214193,-0.8812234233794992
2.274989249366414,2.2312898751343493,1.15006097266724,1.699532458984063,1.7360618854557868,1.137792856983915,0.7005651104435633,1.198466087254451,1.0227349246526594,0.7914325069989931,1.003596775247194,0.3762389526491764,0.05653228822256412,0.3948367876097829,0.3347605295125272,-0.4635321818722865,0.2050199129958034,-1.045524906344942,-0.7351763209545534,-0.7669840794213217
-0.33033310929521903,0.8332322399633442,0.9623141215808699,0.38521335622723846,0.37032326854081155,0.8781144282771862,0.992833484454573,0.31936819771541475,0.5154345457070957,0.27851411505526835,1.0492557592274026,1.226926100329147,0.491120668346012,0.9157157662445241,0.621220603878897,0.8583029934772124,1.4910743051067579,1.0250523119064452,1.2406349899511475,0.7471339377719132
1.5529706788725561,1.4800219287867393,1.2056462577544367,1.4010716925496804,1.508466814905384,1.0508371406299388,0.7082767074421331,1.9256152400524003,0.8385641126941947,0.9270342645124852,1.2310059219895253,2.0881528704796097,0.01953672729867506,0.5311344849604542,-0.10264842163266563,-0.2083903261429496,-0.4543011398033451,-0.7875944383547449,-0.5204474821821606,-1.2535817397615725
1.3450495574612846,1.086975268130637,1.324075639069232,1.0495127160988453,1.1601049446033298,1.4825542830870586,0.9515101663284272,1.3121986157850056,1.1381703035993143,1.1405526811513151,0.6556348630755406,2.0260938865650076,1.1946176355856433,1.9016992847694263,1.8194904376998473,0.8220622052970269,0.8348942072397487,2.218094174089518,1.808346272218306,1.0005873654954849
1.3065823080337224,1.8836392144455771,2.0172249066725554,1.8607994788573374,0.7186721160842316,1.8100424852579702,0.5633742757340165,1.5626323966266131,0.9447593839498817,1.2467516313607832,0.2936906888235735,1.1449978485338745,-0.06865859118773421,0.0838216351285791,-0.21886535862263723,-0.6945881454412649,-0.12840530436524172,0.38510319590027375,0.5628311514597075,-0.6249183501077791
1.9248471050096994,1.5905691118960137,1.6967832356749866,1.3398179511717747,1.514379632873047,1.5917758820362478,1.0673978334923122,1.1723877470204789,1.0685011469793084,1.2962996327194507,0.4002571593303276,0.6559139120083552,1.2821334948753005,0.8168276605042253,0.720044112040459,0.016898531758948416,-0.03781730592621982,0.06356201544665935,0.12017127434407626,-1.444421830095433
0.7686375271533726,1.6982898858219078,0.9197765949592802,0.5970886374386666,0.18190315771272902,0.2655707864090889,-0.2791898671670172,0.906695711544959,-0.1516326596167809,-0.3758787144343384,-0.3203977039461271,-0.3624187446497843,-0.5456633151991799,-0.6526034012160187,-1.4706098867067139,-1.449077585141824,-1.1071660635461387,-1.682060350422123,-1.499815986988017,-1.3347414074838353
1.7922486279068408,0.7866588717765183,1.7831282177232795,1.38318778848198,1.7193319470497586,1.6875570771356079,1.9419477494905077,1.7447669260261551,1.6305018596224223,1.543206433453736,0.9432216219077783,0.6894048302661518,0.8664581405255551,0.6440359800430592,0.05674599778967282,0.16905515921104197,-0.18025491811446684,-0.6789056146185333,0.012253359082243898,-0.6417009679302424
2.297657898062231,0.8475343486446657,1.274518448630355,1.4897329462990188,1.8913013017555718,1.5365721492345505,1.4229708267151455,0.7524799499560151,0.6290966356865153,1.0947401699032027,0.28102763045405654,0.46377969533568447,0.7176982388885644,-0.04172610944086019,0.8225148774296995,0.4967003333828908,-0.7947843307359492,-0.7102809485073057,-1.4182418352662762,-0.9768172099615315
1.78472998561165,1.332173279814656,1.6815488552140885,0.8677436843099725,1.7555389645367683,1.1547407090223365,1.303649597956007,1.166235666420453,0.5832537862213902,0.5045045730913279,1.2137878155827704,0.8361276584520941,0.9373509238755922,0.48106689367085753,0.2375687464086635,-0.683278451778972,-0.274363010105097,-0.3482861793960084,0.2773119418407336,-0.3889980121028072
2.0925990676665016,1.7367463390824902,1.2127086669879097,1.5235270980826108,1.5308383212096994,1.0011221722854038,1.1450267744056764,1.1210786695068051,1.734121127604351,0.13344209563084952,1.3089973962678172,0.3018127014676628,-0.031500367653624295,0.8231804514852359,0.47313172017872934,0.5089332766402107,0.15406444761760163,0.48660554946045,-0.28044140269050194,-0.7263716153915416
1.6153451459112274,1.9951189080629843,1.1854798276636547,1.2159219786101179,1.3127648568648431,0.5349512806875435,1.3540130884098636,0.4489339853972637,1.1130969197513514,1.311854208241341,0.6359194437238656,1.3473771435261643,-0.06686905251317377,0.8277078721225832,0.4504273150477452,-0.6792875036365408,0.918101388215584,-0.3628305654360973,-0.8549245463305488,-1.226615542855885
1.3901673839188207,1.446768507768615,1.5382881691835673,1.3575589491330862,1.6896389867500436,1.2217324671283778,0.5247960781466564,1.1436408687178174,0.14488213322899246,1.1072465581437967,0.43494993586834574,0.7418749374177361,1.042961299864063,-0.02829587863734989,0.6048749958898241,-0.16623003098672653,0.5350615894256051,-0.48339349651379615,-0.8401281316709727,-0.3888852847841628
1.303858703133236,1.1611514510729954,1.306094017486185,1.4588347987494696,1.973220915201948,0.6031493020098455,1.308013988623013,1.4533469048392913,1.1692526245750223,1.4896843735606544,0.7969318960779903,0.6027102185770381,0.7542631260595587,0.39092912545039005,0.02420899717278846,0.21358341152228663,-0.427227648687287,-0.5818033120422416,-0.7151285461745416,-0.12255300087571519
0.1897680525884049,1.6559707906297758,1.5109386834477905,0.804329227927422,1.560239574358407,1.5670851969262891,1.5346374175858049,0.14265424175969432,1.6384289593200791,0.6706436239133045,1.1012971266826703,0.9729603077243303,0.1666524730065042,0.6153875804104703,0.026175196120033578,-0.8214250760475283,0.30088043881048254,-0.6473504364410068,-0.8457283225635178,-0.825007012156967
1.5870692851136456,1.474823092395758,1.7164567276505698,0.9408816650112067,1.1393943145317122,1.330385571265063,2.057936642106327,1.1578604516121709,1.5259621000429564,0.981160373300968,0.6332065730063725,0.5778410258056397,0.4499634224426689,0.5926618950541456,0.7302169995155987,0.15099813476226318,0.3086147400960731,-0.723248346286385,-0.6697831409939083,-0.953501678625345
0.12577783634994097,-0.04890948234812027,0.48087939730880525,-0.08988764789045317,0.3921416930999822,0.7405936693854649,-0.2712070264526012,1.4904174130712624,0.6127958450098261,-0.002562876541882697,0.9488673433244941,0.9736523341356511,0.998333171661524,1.4942717733416544,1.4591001594822592,1.3369733939842856,1.450729734594897,1.2767017588025222,2.0711617120600865,0.8063802216077328
1.7374982196882378,0.2646638327783688,0.9488804297177151,2.112849404825117,0.678750131326998,0.03927040674823279,0.2587988606877953,0.0499376870041547,-0.0783982626833049,-0.08779330486540349,-0.9712728413603554,-0.0723375902616945,-0.8259728640719886,-0.7913345602183258,-1.4695314262926285,-0.8153780083608662,-1.5175996892482748,-1.3600837203688623,-1.8710157650519705,-1.8930195638146117
1.7534567175638434,1.3202885246416445,1.1557007227659506,1.219404074811858,1.7159300913909747,1.125169255712232,1.2517197524019792,1.2093965670925129,0.32493364017418414,0.3772877436378336,0.9611811836804249,0.38171905099033704,0.9400212717663887,0.7379264411700679,0.4680399590271518,0.7350345106127738,-0.19945206249790232,-0.07777968087297521,-0.7376913281067086,0.31716730020521133
2.088267510947719,1.1792644190679655,1.1851668292288786,1.4094959928878197,0.6247117505853278,0.22492783870685074,0.6313537466052658,0.10163370088543616,-0.06946045896644734,-0.6864070349564375,-1.2426972333586184,-0.6528998484047717,-0.5620337612233557,-1.172374878409464,-0.6436998585668247,-1.6114973933252974,-1.836660507709417,-1.4979968486447275,-1.5308103643176432,-1.186259420719672
0.984828920347717,1.721749939986808,1.8172991222701032,0.8501193423545608,1.183451720584698,0.06497863877662857,0.7118464626752792,0.4891685658757532,0.2027166732514,-0.358923733277369,-1.7373279505100723,-1.0040476698172638,-1.1743849848948766,-1.4733541540032382,-1.169374464571545,-1.4975162413675736,-1.7446235296290578,-1.894624785065403,-1.7839785283712184,-1.0456472285137897
1.2137645731316926,1.29175577415129,1.3145509117584029,1.612274817146438,1.6188486581154193,0.15892178449641148,1.707435810573888,1.7779326806751756,0.671798579633636,0.5768190078933069,0.6465686728700912,0.374129187668774,0.6069020568328639,-0.4274065150736956,-0.26679855072971903,0.6228046757576978,-0.5375043183398363,0.16003886000665912,-0.36179565923224133,-1.3874877507775816
1.732306273069173,1.4506643358474576,1.3150431352678054,1.5746602488914718,1.626202256930723,1.6598211289835243,1.7700828640620458,1.3666398320890165,0.541619559063759,0.7762801227267644,2.0038893620888487,0.9663272196041071,1.4650462275788203,0.9093772323495244,0.2770933211072763,0.12768862360018174,-0.1808483473513674,-1.0324542975731106,-0.49671203648100637,-0.1795108439253993
1.2383185970542088,1.6625124563493228,1.8378663761249805,1.1128052358976799,1.2558277169665404,0.9696198040028128,0.9699154823670819,0.6883433535164494,0.7316938100270931,1.5335205781063765,0.4604792163452829,0.7271144830756919,0.316183805785839,0.8227499742846258,0.7048374111264235,0.3527537885433135,-0.04376251015952705,-0.4297562659708702,-0.980680819144796,0.11363088750660078
1.174305387881669,1.7631897955377354,1.9210561868170604,1.2545652128605385,1.8515538736303911,1.6824696815292186,1.9899672591955508,1.0156468804069896,0.5775275876664178,0.7635424036094364,0.9102114449951326,0.6998158862854386,0.3599561487444012,-0.41247538412104706,0.3685656909366195,0.7960635873206148,0.01948416384857235,-0.0936782436131054,-0.27495281500625535,-0.5049619969893182
0.37266638674723795,0.2528233441979115,0.06389935463381666,-0.035882527240978235,0.2753398416591995,0.5915023035608288,0.42848089911445364,0.7675003633917531,0.9017166524419434,1.1407248614366594,1.3987477714293717,0.9914779143379338,0.5079802974314569,0.9597536894433117,1.1777471978740766,0.48351541510391116,1.8261332890572308,1.3753963035819434,1.513506506196181,1.9442692139613458
1.2261174629257516,1.7273480290782108,1.4532843085269271,1.4030426648163024,1.1274719075822546,2.0430256856682876,1.1485817090126165,1.4831711657359548,0.3418702395895292,1.4377337176631555,1.2475544903642233,0.7155044395703372,0.42655432079905164,0.5112036017152768,1.0958887568370925,-0.6981688838736594,0.14659462362902198,-0.7019793720960719,-0.5118982959881886,-0.7629327125737434
2.184140117202999,2.6146148038885837,1.5336972164342773,1.791959067941545,0.7240985935410105,1.9778781307159117,1.6092731269324874,1.009812088997181,1.5867455146939076,0.8639478751291042,0.6434599547755773,0.8666647656224125,0.09198950732209393,0.7598535052298294,-0.2420234322857605,-0.41289612024153977,-0.5300922467639628,-0.03353243622806196,-0.7506410820761792,-1.2029789786891456
1.235902595008371,1.4849143084524041,1.0248409643019474,1.0160049680089327,2.28086739634384,1.0325582386681216,1.1695647775336422,1.0564906666579597,0.9233304714701271,1.2142770017748816,1.2059272081702197,0.5541490228387791,0.022739992617281768,0.8609796906094116,0.14223605600630385,0.6992545216306022,-1.0644506904266944,-0.25917116272118274,0.2635115960821871,-0.8050863191175415
2.1684521121085987,1.5464690423775804,1.7985969471361387,1.5166079376625774,1.169415510217414,0.48001802639011115,1.380963999857366,0.8931428251367175,0.7717390321121822,0.7661434033955961,1.5246145906307973,1.6384658123530051,0.6042144822655817,0.1652967099051591,-0.2905180744955074,0.1945418603061624,0.5469459086254286,-0.4362686060445735,-1.455529353769586,-0.39576079621606863
1.8723344795627102,0.8633930005702597,1.5678236312328826,1.6571678180771097,1.4071059419004308,1.060476032559535,1.7051566144682673,1.042033568590201,0.4977987294983309,0.14594851151936838,1.3310098359811238,0.9231963860398632,0.552520726105889,0.17509374472952888,-0.031226873196273958,-0.4231688636889098,-0.33879858922458306,-1.1853673372825806,-0.7983563988557019,-0.7881556714827157
0.24395201887616758,0.07870328637429967,0.5069394680453507,0.8221670788078952,0.7981973413011103,0.6540544439319851,0.5596591552359567,0.24944968677375723,1.022034219513503,1.4793520418171981,1.022472199753947,1.72717860631684,0.42086224026608765,0.6361299742591713,1.502202774010742,1.323539001636048,1.796180351644961,1.312256482287061,1.013775203352734,1.3126213320688225
0.8651010066131967,1.046294987485785,1.8862075569349055,1.8257923774105143,1.5815505766264368,0.6883533918094885,1.1554202948376895,0.7133855115136538,1.56248649609341,0.7322494523622003,0.3923709436687801,0.6884492614999858,0.26126952452037666,0.9447011635513329,-0.11355186652869947,-0.5525655080021178,-1.0273817377036354,-0.3496470521998769,-0.7287029830114666,-1.235342507546969
1.9538651794850044,1.7646293156962956,1.4859428061928095,2.022407909291017,1.7013632760634514,1.0476420395863035,0.8830936594465384,1.5305780847592185,1.2504199771652442,1.0336374129755055,0.4880709068338369,0.9197098222537176,0.21513175400064166,0.310408937632379,0.7591501510397689,-0.2572078986363236,-0.7954120342297735,-0.758351327982555,-0.10621140679324675,-0.5618882099901944
1.4266236435071888,1.294093734599971,1.6913739207889775,1.1370354712265809,1.5586150901610445,1.0842825726684937,0.9397179709328232,0.9483904930476693,0.941710215984719,0.9462063714137596,0.9208523460258456,-0.7988153211199618,0.19427108415551542,0.19457560852743447,0.782397307928309,-0.42487524766511814,-0.10109768416066407,0.26067967265982417,-1.0291183494472054,-0.5061905745965172
1.1572658614088822,1.295877759808905,1.1759856241863758,1.1839344882563159,2.525113721866603,1.7145667490223429,1.7394768697573284,1.4001828617122725,0.4493704792175205,1.1237214939165638,1.2558418737843386,0.3351710058357713,0.903461974118672,0.6329380834114817,0.9211885104104449,-0.1599874093177128,-0.6052607243109198,-0.4819836949835291,0.0702974597971533,-1.3951430172790635
0.13897624468412362,1.1007322052899324,0.9780659327989937,1.2390793181476085,1.6851112267823751,1.1465009825725865,0.6679280869185091,2.2731874124303175,1.0831243941751856,1.0731653565828818,1.941058164814836,1.3365676023564004,1.4438771960332266,1.6294649123281335,1.8254067503861287,1.2030778106309157,1.8782395038746067,0.33957305085332234,1.4118907902286792,0.6773837476196636
2.027083121625887,1.554549048256817,1.228067824963941,1.7418138488313233,1.7936242015869068,1.6335420493371318,0.8869032291896206,1.0097786175288401,1.0902440597297298,0.9492344447272167,1.126568218156739,-0.12942969755122746,0.6510621290756228,0.23521105769519424,-0.15502775406860414,-0.2898689154201052,-0.25203139720781453,-1.7777664930183184,-0.784446765784916,-1.0141065948007955
1.69128787871174,1.1755205837203906,1.4111844376995055,2.093588062687191,1.8340894706301756,1.7376929601710576,1.0988327528785042,1.420598378693535,0.9983140743968661,0.8873010215164657,0.9905441654800197,0.43773336008304303,1.1145325490315028,0.2871515436306753,0.4277167189888429,0.589365987390654,0.24644517842944097,-0.9009000923107207,-0.3259725794643424,-0.32349290715801937
1.8349198038469898,1.0524133230787465,1.234415862960772,1.8745007059193188,1.1316447144309478,1.2569059775279507,1.9291320488436328,1.1842657668237582,0.8011635394447665,0.6146913630420787,0.9597577598154751,0.14327159206053253,0.4183969216956541,0.4844958134658589,0.7000324207040439,0.274145027835733,-0.4518423785935006,0.1340352757909774,-0.6237369524872871,-1.1580618737620418
1.4093580512765014,2.07299893718288,1.5633259777936717,1.4816861573545848,2.0912335205851478,0.8042424613719055,0.7845420794217359,0.5570468785909412,1.2409324691703258,1.0323355566332906,1.4437645748933103,0.773920826306124,0.35566844346250026,0.35192154862109304,0.22745545986936014,-0.6615787136435322,0.9179163263333281,-0.12938404399374623,-0.41992761425926045,-0.41771507123084606
1.7619389872173323,1.4415098625236262,1.2447335032714213,1.7164576861513519,1.5906331989165872,1.0528283605579132,1.8663959695897505,1.3207262815068674,1.383800939485356,1.5225066608592086,0.8354255564473337,0.803311598245062,0.8413422026566679,0.061259165949829275,0.20199315762337738,0.057345230348194366,-0.5486397520739869,0.5897222642350404,-1.0668483148652572,-1.1830222264171413
1.3237294845482337,1.903819613450321,1.540423526057793,2.519421076882578,1.513711409579893,1.400661152425571,1.3412548928189314,0.9482619898336997,1.0687385496272663,1.4168535166318992,0.8722582952325089,0.35914690349802736,0.1472974590627673,0.1711228428035128,0.20991786624932904,0.48456040987823956,-0.7024117879472038,-0.4652629623900133,-0.44620692969426456,-1.3972629719940524
1.1447352817961278,1.2257758408301243,1.178841808227502,1.5534332296313291,1.3721250189032872,1.1546699591532619,1.4699667756638988,1.8926153540361739,1.7475758012750047,0.1966295969623063,1.0574989015154557,0.6053214794258805,0.5793934444003639,0.19189038605283076,0.2274079444398578,0.06768875411654224,-0.3977970343401983,-0.6958794703645832,-0.6834092105160898,-0.5700769591595719
1.717773131656396,1.8390708476606574,1.2995539485409364,1.590215238543765,1.8213498994853257,1.8430223582513277,1.275248583390236,1.1150127770018292,1.1683228881128607,0.5058553166282785,0.7492262235671966,0.974365354840668,0.7741101590317019,0.24309655772429456,0.2674597729198436,-0.3227343404285403,0.11518052788938088,-0.36846102568910005,-0.6143115181467513,-0.8084701993796327
1.2696565032133678,0.9953611872880652,1.2937895516678268,0.7076635339354252,1.320753190921923,1.073661668419285,-0.07485954973928916,0.0981397102236802,-0.4029208873590294,-0.4833575230046959,0.2453426130446592,-0.8703853792027317,-0.7799281629900642,-0.865523661175736,-1.6185234153836676,-1.6719690529227615,-1.8971876742862965,-1.825493019325386,-2.6377853779039997,-1.2764139529363097
2.116491586475739,1.2336405408754596,0.4640247935305586,0.6086663999819183,0.5000168145009718,0.08054355614138237,0.6258309015605754,0.3943620202021017,-0.6048389563516154,-0.06266607995024809,0.05509669141764639,0.013666469735411857,0.22206623141334947,-1.4428492385563263,-0.0885834958322902,-1.4716134185625949,-1.6517649078752545,-1.340275775815137,-1.730597867814332,-1.3346292569951506
0.9501437198877697,1.402230215899225,2.0114628515123734,1.4538528950502079,1.4929871773999592,1.566887842080601,1.767046376769909,0.5412955821019008,1.3256828153132778,0.8584826500905356,0.8933251861061353,1.1005108633563663,0.039656646689483654,-0.05385417710738566,-0.5937994914005457,-0.21253778101777585,0.36595660635089755,-0.38556732662389864,-1.0399808957302104,-0.858052162772297
0.689338984325163,1.6129426040467945,0.9196597389381987,1.6546188266456654,1.600975150369719,1.0002231325928665,1.7471685344885959,1.5256153481001435,1.482202529493729,0.969281387254799,0.2604604012159172,1.067679704335871,0.4091827475999049,-0.20470845780721741,0.7211882388747073,0.8468888038887386,-0.18271558299231028,0.5263160106068059,-0.46740504602375627,-0.8159630266088187
1.1066040019983983,1.2960797872639334,1.4680868822312796,2.2323889298242685,1.5316173851598576,1.0404756442342264,1.38703404676571,1.0625503679961217,1.2217764903917205,1.197965380601487,1.310362286870975,0.6668161971834056,1.1729155182941549,0.7144126644843267,-0.10260332543989825,0.8910680619871204,-0.03541852609258994,-0.671382252823405,0.15723428302387266,0.16733036913709975
-0.013210105487824225,-0.10678623242659337,0.12002023951366225,0.5684057277696033,0.8860719657836752,0.6940454373259918,0.5956033669523509,1.240969598260952,0.6009220097411676,1.2198208242753494,0.7704046645532682,1.132684130150748,0.9856658975743406,1.0754544551098635,1.009167563926553,1.7557645300470253,0.9774970657728239,1.0223522375582736,2.2093627987021107,1.789197654812572
0.5241291155054757,1.2716277610404374,0.7724342227428798,1.096401134256568,0.18094299621039012,1.3219885691160995,0.8420049973783201,1.2273475696962495,0.44182469102529387,0.9989030470560568,0.6607035167332689,1.2773119815268543,1.0818740519524712,0.6653418406739634,0.04972698022049185,0.8012779537918521,-0.7874304425365574,-0.8987559030599759,-0.5374441774239219,0.23783457862616952
1.3972390322346553,1.424433159440886,0.9204658153229778,1.8550492457308216,1.8176193644357477,1.6924144807536403,1.0470934559038998,0.9207027596284717,0.5746242944163156,0.9992873064916143,0.3945070962699992,0.20556419335170045,0.347855020489951,0.1555411293961637,-0.03481891904380516,0.19370363442383928,-0.13459721054051738,-0.4525948634389579,-0.4307257661437033,-1.060391481384131
1.3369254995371822,1.2347532423987022,0.42931359352380927,1.2640544548900423,0.33099407042017237,0.5237013867093067,0.747522542416621,0.4405287055375159,-0.1289248833970173,-0.49769809888207883,-0.17662361058303278,-0.4774788212329641,-1.1713645858386876,-1.4000096375797235,-2.047213739068771,-1.2683181264856447,-1.4478578237304083,-1.0166281759092584,-1.3541512967849803,-0.9605552355846849
0.5197416796505238,1.226139118139346,1.3050001924867116,0.726720586003657,0.9733825466178327,0.5844498118246227,1.2834521907638958,1.5308918553172004,1.5345830020280353,1.1316520906189373,0.44131149150197224,-0.09629526795656795,-0.18541617250637943,-0.15638943143194922,-0.175171386729293,-0.056773603508899914,-0.5718820186514164,-0.20174209376720623,-0.5968403385880852,-0.6595623802458679
1.4224267519250184,0.5928814000371391,1.3225834812256034,1.2303988694869052,1.173592005900151,1.7216312493665114,1.7687360811135604,1.0767984711549687,1.4091514756075265,1.6092648784213468,1.3903674601167635,1.724371783688127,1.5817099440112612,2.1693733588464115,0.7798618547702153,1.2874876920046654,0.9068576969040106,1.4355359725228622,0.46110713942923054,1.1517198549166812
-0.2520193725393365,-0.1989908747247605,-0.38962905892114785,0.09648265828212099,0.8087295158878398,0.4557750315687706,0.8059862507134328,1.3076216189256908,0.8315588328908067,0.5839332601036504,1.0725306699668957,0.7425564884206739,0.8293218501716535,0.48983820832339386,1.5306251673451938,1.0634218873149717,1.3435067793425828,0.9040603671351011,1.5353444242502559,1.093282133696806
0.9096430421758068,1.4161045062129376,1.4714053748016678,1.2271761318705585,0.5997341052053418,2.564652949044384,2.115474007400012,1.7444647195056595,1.1807341965143077,1.451343340706935,1.2822019874151906,1.9959056264115629,1.5742342931878845,1.122683319360073,1.2036714694922175,1.7849373449315862,1.9102978402370785,1.805225615741743,1.4107887214690393,0.9121448233056719
0.18156906485104196,1.6165952662478875,1.4964984542300614,1.532670250151212,1.4579078015172888,0.8462795354140136,1.521745147783319,1.4562719925904142,1.3648087074021675,1.3443691072165955,1.0682906859500492,0.5125190308358516,0.4889965680877853,0.3876535463712009,0.22345227212762428,0.4064128580764267,0.09125116980836728,0.4936049245934705,0.37865665448557284,-0.6319208318967082
-1.5346622193837478,0.5894068581745519,-0.027180313099694736,-0.03808053196987932,0.21555119377572285,0.28719328625471974,0.7998220076058,0.01799057848869068,0.2949683006451358,0.9447165106075532,1.134807396059103,1.2168916049207956,0.7162764119172016,0.7064890684644918,0.9574682373962692,1.3137720184886374,1.8648584287252579,0.49947026426945673,1.2726738695807203,0.8649872525407579
0.633916979031915,1.5612949033987755,1.248382167066537,1.0455503595208024,1.051977888403368,0.2956899083202782,0.10870283966910144,0.9445502491409978,-0.24128666052838124,-0.05864565250761489,-0.5530757576279337,-1.4866602243877782,-1.741870179341543,-1.3136458667550093,-0.7958311657223758,-1.014614200504678,-1.0491478600334354,-1.8659231973408013,-0.8514243381282014,-1.8802042333283149
0.7588713318627062,1.7523196920228374,1.079425577398624,1.201453017578644,0.4206575482797619,1.2893547824110219,1.751724074476734,1.028305758734922,1.181727575353571,1.8138646124811868,0.908907269918576,1.913483653789775,1.25637558077791,1.280921574507525,0.9424221470918928,1.4876805920747778,2.2542074955206393,1.5064918861314975,0.7622617906712339,1.4674430050233171
1.3515027766089904,2.0475252492956226,1.8199005186334467,0.29942078543397677,1.0347170095219953,1.7545384893278324,1.359444633900852,0.7938830878945338,0.8384373883807787,0.20324365775148856,0.7913207129708415,1.5608066858577219,0.8393046635471517,1.2273703999452195,0.533331328400969,0.41811753302881144,0.6234151436973805,-0.18642714749762027,-0.5788218660710482,-0.25071765829347326
2.0597106898314443,1.3057453996397153,1.2086023248316897,1.5322198245950223,1.768948409476671,1.696020819658301,0.7291146849678053,1.9680278938030027,0.8354072228195636,0.8597123070318091,0.46560828398627196,1.755862329826251,0.6141595753694084,0.010813567197224205,0.5259419124699553,0.314780107411748,-0.24130714083258267,-0.001089766121157465,-0.8340477218006419,-0.860947974921979
0.6740879331562651,0.9681508230367737,2.220282280035976,2.133248862711596,1.462664322163591,2.0419569790696115,1.234751930399523,1.1060213459505106,1.1144774539645264,0.9157696676578146,0.7405914985573276,1.133890038311237,0.5773855688367027,0.636196305243372,0.5929247025959092,0.1624001139496281,-0.5543248617639245,-0.8784788068201262,-0.444418683545374,-0.7322831868722519
1.0012831024245852,1.0585524780178526,2.1885311139752828,0.7038976586207994,0.5110080103595792,1.5004794544279714,1.2665613974554792,1.5818219374423206,1.7155689180642966,2.0104220834592796,0.8966798311722219,1.2676760916301424,1.6407376403994565,1.7445343009788967,2.2693533292574846,1.7187436763491712,1.2475432631543764,0.8377186891701801,0.8822599543598407,0.7761136416438841
1.7402680463881945,1.600530234958931,0.96777012943083,1.302316823986497,1.7873678840845746,1.5174493421833,1.526239571447953,1.3565541510005792,1.7424454884218474,1.0601555313169888,0.6722609088331206,0.31022877899799167,0.6171750905381062,-0.6250780064401837,0.10665689175189211,-0.07521014828080284,-0.7120046728475414,-0.7086387866969093,-0.18006792540899963,-0.5714959653122932
1.571720635386389,1.9637276097501681,1.7473572913763027,1.4089676362896204,1.9772938810744667,0.4308422510770713,2.1196110496116187,0.5210018290213798,0.8410360646693853,0.9493712917092132,0.7680777596901354,1.0790952114620378,0.09419665981012759,0.4555103264630755,-0.050912346802924696,0.1251821874227014,-0.19212523531977968,-0.30015819016131967,-0.7239008704540344,-0.8678062449807111
0.11490900561097078,0.4721600740260629,-0.05034151118401206,-0.0649939810666405,0.6203133700402044,0.4528489477574866,0.8871133371580238,0.27944600479072185,0.014281028792404005,0.5942514561980529,0.5790887401877732,0.9287595869142707,0.7763528377823654,1.3942021087055676,1.0448620659424304,1.2780127170843079,1.3337213043926155,1.3964271755426318,1.3513137281820775,1.602298905114965
0.9765519964429878,1.734279415922402,0.9359173839193875,0.3411572979824248,0.7587968953076798,0.14710527404773865,0.5478916600060628,0.9541002328689192,-0.45728707544769154,-0.21974956443965746,-1.2578306094951108,-0.5657947205798731,-1.2783040977409115,-1.3319860261528402,-1.6587862623263026,-1.0370703727371855,-1.0118569827337438,-1.461750639902872,-1.8435440163114147,-0.858437698812216
-0.3001640511018625,-0.7701390482473304,0.3723258264779544,-0.15939683269408328,0.7703728211711396,0.31339542631119477,0.7963993797813215,1.202365028760044,0.24251305311348764,0.5810782365716244,0.8553613548309543,1.5752954745601282,0.767737836314343,0.8599938497913849,1.3513784011337602,0.9869314272905191,1.3316778341752846,0.6978301701905062,2.2466973493867055,0.858974936827078
1.3498610502418906,0.9529139083826959,1.223690397567871,1.4730137962088081,1.4606630117045274,2.147298742135834,1.3312925920792724,1.6749228445879316,0.9178422979477774,0.8410679514811472,0.29506697309202057,0.3795995903007872,0.7281238637997226,0.3542276716275035,0.5575479404438703,0.07962737502575486,-0.3071978240557258,0.5219862942802727,-0.5414923649535149,-0.19858027706015652
1.3176909123648193,1.7815710484780254,1.8684362214283763,1.5600741998529024,0.4945556936253652,1.3840853845361216,1.790965744146835,1.4143778001887661,1.2702087446700023,0.2768355322042332,0.5384879997113763,0.8410738479119916,0.6814846179689782,0.8370703115230114,0.12242579042653914,0.16945543035726046,-0.1596666346281116,-0.7321095458351337,-1.406247469906195,-0.4913767880902475
1.1411413836905206,0.8696588658552096,2.06492240754036,1.0333972470432815,0.9288737703754281,0.9426881792941976,-0.2867821319249061,0.7711747661007808,-1.1462411102225818,-0.6602050617446595,-0.7392410432848199,-0.5146674663682097,-0.8365312713644406,-1.1487780750584047,-1.223070604241461,-1.721140072568107,-2.0136716835167183,-1.180500076831851,-1.2202908891626527,-0.8604491631909376
1.162167756256607,1.774857340844968,1.383747266421809,1.952867405700063,1.8451339733752627,1.4612681598834592,1.1629696623764503,1.5877583384209786,1.35063500388093,0.691962144952768,0.29555055858962753,0.5611176351786974,1.1234968333935051,0.8097984629630655,-0.26455849538325543,-0.4599771706722337,0.34365720847116543,-0.7915868131376425,-0.30021280801149286,-0.9102091510768077
2.217192684360407,0.6147753789213404,1.3491044839236457,1.5313714650651373,0.553624381911552,0.8314297817686711,-0.11104995268184914,-0.2044349557749725,0.011328327594502224,-0.03327182848501531,-0.10725376905076134,-0.11950537758061475,-0.9509972012431085,-0.6046074767100122,-1.355193603770031,-0.9690943385237725,-1.3317832065821762,-1.2928335629335055,-1.3283701845683118,-2.136128917172886
1.028525851438381,1.5387478326516077,0.8223183259112341,1.8091618529025726,1.784971249219263,1.5076526213447925,0.8503281199396759,1.75544104252508,1.9067574504656468,1.0245690367656304,1.0308841793618944,0.7572262573698335,0.7294789828537409,0.3033800968192918,0.16654679654745555,0.36941283588668095,0.7720333333579472,-0.8973609449952064,-0.5454559312294829,-1.135964859035111
2.1149845544131236,1.2626360689966394,0.9199496402533839,1.7319522111620995,2.1340733086012507,1.6422235476179816,1.3807008759556119,1.3670418360880716,1.6578094597085258,0.6160585977815809,0.7819311863468746,0.4954547360476025,0.05018518433753727,0.21985349570312923,0.6234609308779564,0.23376665504482497,0.09150786864265109,-0.27874220657318355,-0.29460142437686065,-0.9840168018815203
1.1710100956024192,1.2513139400483195,1.1415386808195578,0.9938520951106468,0.6282334397044194,0.3366081065746006,1.544866359420232,0.4329729116249276,0.02260075155649746,-0.44598189701180896,-0.7361159047908102,-0.7996770498471943,-0.8068870403863624,-1.8342263964042798,-1.846027504540245,-1.5846838187346626,-1.3319229510116215,-1.5668139846270157,-0.9065248437373331,-2.0872056280520686
0.6657883430151883,1.6730107901137277,1.207549379778715,1.589925193997798,2.1274852955958146,1.0900069538593984,1.3774046841739447,1.3464240291779914,0.7001785073573857,1.3726214838853332,1.8519950342780636,1.706599067497904,1.716866404602355,1.2861452704482064,1.1295346147398737,1.8441643566630725,1.0713318429658192,1.3115258058645303,1.1733097677184636,1.597881577329574
1.683378993042255,0.6564087969940003,0.5555110705567856,1.0973408803695512,0.657832493559304,0.3055087534452271,0.6880089998003012,0.14524175528753247,-0.12167528406877393,-0.040767041427231476,-0.7056719719906855,-0.11994921816739035,-1.239237627114239,-0.8192805522422121,-0.6447385309264334,-1.8808490588679196,-1.5521127960640286,-1.0142217686120518,-1.0348755150847169,-1.5628451534090568
0.20861378776311384,0.6408353906991027,0.48054543672037664,-0.7102764602905456,-0.9705969889825005,-0.6297103264268782,-0.6784804698330344,-1.2339399648695737,-0.995148860687018,-1.6676244636982693,-2.306997516098898,-1.6668830155471894,-1.4658600101402668,-1.5531215015918427,-1.817030570134195,-1.9523478349555496,-1.2695260876426748,-0.5125238974134867,-0.1521381457382699,0.05596210635699328
0.9684502359138898,0.7130297158087031,1.2291861832587598,1.1198169577810677,0.8436353945911695,-0.3180478426683727,-0.0649959877508739,0.05838248633757674,0.052229039027619356,-0.04577555268825667,-0.49792696510044365,-0.6150432897411175,-0.890072394476594,-0.8078044290916542,-1.093125405794007,-1.3036357991401646,-1.5221262453780011,-1.4385881557492826,-1.303936782641417,-1.3872567576945365
1.6305051623207918,2.0348200012650732,1.6032955268663365,1.2170780034334072,1.789791577101674,0.8303050651261094,0.8662163727471299,1.3377243728657016,1.2984318616929353,0.4677178163856428,0.6735430355866998,0.4340972625635524,0.32266077810158267,0.7286427099790285,0.462974677903878,-0.0005230762537482428,-0.38460110224660027,-0.8771923193225671,0.0641430380444834,-0.42693510482831076
1.1955069533534342,1.7855710557745554,1.4691405095378514,1.361833609677733,1.6104334740198472,1.0801851002285865,1.1612791172388008,1.2519698926574923,0.8920927174242184,1.2333723898942504,1.574296629452704,0.3748115424085588,-0.1487188112673964,-0.44949246752065447,0.12018523588698399,-0.25814004036273835,-0.083072130973797,-0.28429338242407054,-1.1452176761139345,-1.3897341967348407
0.6155964441806772,1.3492283084564414,1.8896898439958427,1.3219056329826913,2.1315428567534145,1.5483715796130832,1.4342849899549912,1.1520261606106306,1.0645587114725876,0.8603688517394392,0.7057622711483893,0.8888776602782754,0.14299881533799513,-0.07915393201985371,-0.2689055278651742,0.8253876147585965,0.04592082926760291,-0.21553557056245293,-0.9269368055856687,-0.41444374467234674
1.4315460564013587,1.583398833177299,1.106581831422279,1.5407849545897008,1.2668154474214128,1.0705399373816014,1.5924242593657443,0.588302343565673,1.317783700303964,1.2395327592084393,0.4748125577609036,0.34839941099842897,0.4281210347476605,0.4640180836547384,0.11923049575928668,0.18055077976448647,0.5389755296143306,-0.5404191588943964,-1.1900029257496643,-0.33341123173001685
1.1758080556048696,0.41556840698724756,-0.42797367445373247,-0.2939680661796681,-0.9364409230806012,-0.462670801635139,-1.470740884283965,-1.2343638455088317,-1.6686015191975203,-1.3328399469093317,-1.6076567473245067,-1.4266177453140456,-1.4822126467589611,-1.8374491287229042,-1.1028384392587922,-1.2455945053412687,-1.4593021690418757,0.02478441640893292,-0.46404505481689295,-0.480427468658111
2.0442564056634196,2.234457500479242,1.4390901888421475,1.615636406196575,1.0411477355028298,1.3179072998864718,1.2191567035388968,1.2773162804263356,1.224977386033108,1.189669685318465,0.9217270905013836,0.19223374479975008,0.1419444649577874,0.132640551684381,0.06747625571568532,0.4274355118765803,-0.6313919261417943,-0.48029847050279084,-0.12272713818267617,-0.7837316547409231
1.3552761047179978,2.045369089829739,1.4577415999854324,1.8072463412993767,1.3462082686863264,2.043449703884686,1.0274478733086474,0.9577280544788002,1.701680067024665,0.7877597494291397,1.467099750447157,1.033267027289341,0.455471424629888,-0.3741137893370133,0.1726451707762426,0.047777817101104625,0.30067076192112013,0.29804641926153397,-0.7779258091257952,-0.34330795934700503
0.3061608624053398,0.5240389526878233,0.3884461873493449,-0.49448603962218457,0.3127603307603657,0.0035674750137962286,0.4738717743964135,1.0337665845927386,0.8481169333117655,1.2666894354875597,1.0223313521791955,0.4409445710788297,0.022752120861427416,1.1573188328428239,1.0745515843709708,0.8270446218219947,0.5904165811556867,1.0245478531886731,1.2831687784181565,1.6644097584333954
1.3814896889723802,1.2927784658536485,1.1918521789335312,0.13551375487605433,0.5629570342032317,-0.10619816025063766,0.7930702251863074,0.04591819445079702,-0.2199946186964006,0.006020435084042708,-0.3866984550333098,-1.1988106181080949,-0.9523807228319832,-1.2161189680696012,-1.916084821832793,-1.6060413564539615,-1.488194854529635,-1.5170850983630122,-2.09066590364805,-1.0335806800347709
1.4373333714261147,1.512752487388824,1.6574866131036363,1.1614469100612017,1.6188912519570846,1.2299545417864033,0.9401475087839681,1.4327644643198336,1.6885427380990268,1.2556700551815736,1.195861054037572,0.46827855282649633,-0.12171658441316124,0.9472586083097867,1.0021784482468807,0.6242485051956076,-0.30053070699252893,-0.7991861867260486,-0.9302040165961227,-1.3372736919878978
1.435223147618672,2.1400024399575805,1.4405649050188043,1.59760657176198,1.9865876484256897,1.2151462754607165,2.1129943077306828,2.0002232299766556,1.0394286591061108,0.7347246001795558,1.1055652465375252,0.5375208184438727,0.05470922042728682,0.8636990608790422,0.6669514473958089,0.06933043719315908,-0.6713622328919002,-0.8291429517214652,-0.46103922210063497,-0.8637290787442911
0.8298893579998933,1.4737593557412882,1.4483733768776792,1.78724523307638,0.910737228937126,1.2302520935454426,1.7207230974748025,1.6346261259554968,2.0949678621857446,1.6649948877493486,2.2388138009680185,1.7063703714622638,1.894100115882615,1.3069428839902233,1.397688393895726,1.7008398494394144,1.915449969746109,1.4855877700715459,1.0747071866736007,1.5641287826380634
0.9656778440711845,0.9941068476713824,1.2546592375619587,1.0795256119761978,1.1353716190509628,0.6856143587040816,1.3179487363596016,1.2634075310908495,1.2756233134110642,1.663529430423737,1.7630229404420013,1.5832410526299385,1.8673992130269408,1.6665736330361522,1.2739510332198734,1.1513195736178725,1.3953875962156257,1.423399834308005,1.6671136182600477,1.4896639888027647
1.0782248473704432,1.133709733209944,1.2989394592339096,1.2929760643654864,1.0591553399928875,0.462026333894194,-0.2198512147688939,-0.3293165480462684,-0.033604833096785774,-0.21580826595951316,-0.9951001233870137,-0.7295289680007034,-0.6715288350323225,-1.542542841781905,-0.7762727856686056,-1.4809433225830098,-0.9117334806923885,-1.6844857040766352,-1.9084235273307986,-1.677501709190449
-0.038059249230928065,-0.060718090984947196,0.1025696538658817,0.4160990966329996,0.30645755585290985,0.43940554739975957,-0.1287764761173954,0.79844409654337,0.6903752798851093,1.451570281121735,0.5098037169921965,0.2369568155465851,1.278318321062538,1.236406135496188,0.7567489626989785,0.6059233355731108,1.885626173289954,1.8840892948204697,0.3659826688816151,1.214769417248239
1.9604908718868708,0.9840872221497019,0.8342874436561405,0.7526732220901502,0.2352087630037068,-0.19433283066448503,0.7027767704964123,-0.6669167600471022,-0.04374965798104914,0.0019332993738084836,-1.1361188935737232,-1.1170641733944406,-0.43874690246439974,-0.8688954906882314,-1.4651859491419263,-0.8490312618146112,-0.932164436341328,-1.3634836485599922,-1.8578374253265921,-1.6596263946424792
1.5927292925648464,1.4222933250656036,1.8728128290616421,0.8647677795789357,0.8386434510775107,1.4491328447866494,1.102163959520083,0.9525660210985776,0.38465050690854485,0.9735566437065135,0.8055679847810936,0.9379223882321122,0.5448937605026102,0.2981619681736515,0.6511727472011117,-0.5178611256916852,0.0483393561384014,-1.0057913171526505,-0.8392756894686192,-1.1488435179916037
1.7909516091634576,1.4715671632864413,1.4918286599305108,1.03398421653089,1.3164714643308506,1.0713982788700318,1.4521637309845312,0.8069490128450285,1.6237909406603341,0.29550612593760306,0.5040620949987753,1.3474109994378545,0.3432758080694076,-0.17474786629191458,0.26800111750004435,-0.18303110119808216,-0.5005644336479513,-0.7756807755539977,0.6034185047820813,-0.7644014250159328
0.19609958672338568,1.6624579973195008,1.3995300119528844,0.9294015884694196,0.9337388828135724,1.6369178394834198,1.3183630882949755,0.6850036621722995,2.1969116949925636,1.323184020501338,2.0977988539187677,2.0017372339592936,1.0688293190540252,1.8496248084492652,1.131396489196658,0.5897818531820476,1.10041943510003,1.3529479910577562,0.9228812362489133,0.8903754344566861
1.752240467944756,1.2171098373768854,0.6932130127528207,1.146589082608828,0.7626377792926686,-0.5210644535580845,0.45309901171109224,0.22698948553840878,-0.13460978699220752,0.003981734698578709,-0.8245858077438606,-0.6127568968280517,-1.5508023262879769,-0.9192160254195146,-0.4370477881744128,-1.7278734041460961,-1.718699578518159,-1.755110902922896,-1.4457740438564888,-1.9194614223952482
0.16849895147639207,0.43340984991131126,0.4027091078766408,-0.42485313349270565,0.772996369834912,0.8407974706820343,0.8869786325021648,0.7909017896015109,0.8141323246438296,1.2204088481791453,1.6550351789351616,0.5790587616004508,1.46234108180843,1.0633084889680067,1.1082529500999967,0.603210641421932,1.1567517172100799,0.9195391553903907,1.1754236005616887,0.9587840754395796
1.2986112400574878,1.3352871139152376,1.5359319251432217,0.8307774667061377,0.8581416036058768,1.5215501084858871,0.9798064782148053,1.6331973830696465,1.1819810833843225,1.2084431658698038,1.3909469561497578,0.5526464707287869,0.28753662508771105,0.6998846337093756,0.3841779180568513,-0.0678063282407856,0.39036685538174776,-0.42223017517048306,-0.4908214824459835,-0.6552916046085748
0.5695815382164667,0.6601817310401487,0.1773011428045028,0.33824088905434735,0.8192937616652429,-0.13447030112430758,0.42568378649283317,1.1759930723538838,1.116136815635683,0.9551585999885485,0.2832968217615315,0.9403108537299258,0.795124764990548,1.2302108892978731,0.8363834969934847,0.8075335595849045,0.4447213699427812,1.8071670125684376,1.201057167786844,1.4609169424318533
1.2524211644130296,0.907633643788138,0.5202264220372745,1.1530617224740367,1.5563968378183726,2.0896954595880395,0.9379472343544926,1.2847662884181106,1.3262542845405454,2.0391023411603215,1.4855935591423441,1.1274326270241013,1.6927112500158787,1.2744934546876276,0.9022185997989486,0.9793527649931641,1.9638754832779348,1.3475766790070296,1.1510799176284656,0.9132372765019081
0.7748910443205163,1.3972841228676225,1.1083650705903714,1.5085092302452945,2.010019677312137,0.6810143025007651,0.9786926308828834,0.9823082854642752,0.9392207564130193,1.2617885714293384,0.7572522609568448,0.842851885739594,0.2670220897615108,0.4431733376370252,0.4914915448360629,-0.28579402420710065,0.14632691652197682,-0.3163833437434834,-0.085746841275395,-0.7443486249730675
1.1188243929213761,1.0487316010458752,1.1166167450924245,1.3395603321676106,1.5217095059779906,0.8677027562505254,1.9905838628179087,0.7115295733304207,1.2080908652551376,1.4590725770817605,1.6645125469601765,2.120832261869559,0.7259165415571079,1.233271211348122,0.5412401140224241,1.3491108774677236,1.3789321353088995,1.8302112872157457,1.15622979980483,1.4308048226036785
1.5283488825889346,1.0004129664587813,0.4669480385499859,0.9757778724586218,0.08672674565282501,1.0056602960945904,0.2169330053877832,0.5483289670565348,-0.3347440124775113,-0.24515818316885463,-0.4718888310793842,-0.7653744595607817,-1.0970823831796725,-0.9250697713908392,-1.5887369717836548,-1.813704994742703,-0.9176479683923178,-1.1802375302094348,-1.471416690736231,-0.8281899602362484
1.3710683874927523,2.026812544720191,1.5674595917380303,1.066777111592114,2.175564939412346,1.7730687388433104,1.250373312639019,1.4942539707912537,0.9303918209791411,1.2973979198110577,-0.1297613981321839,0.2686102619735784,0.9090352049690065,0.25134138418228247,0.26338941044047365,-0.5315884691584392,0.5729304668802122,0.13887940625255984,-0.584205024818428,-0.8256590076876086
0.41184174456787725,0.8876620517912163,0.5704743248196685,1.1512341037211642,0.0059887721467024035,0.13809577278104607,0.07933763634230345,0.8184691499989727,0.7962980188835244,0.7466726395397923,1.2093332351430992,1.4532063890322564,0.4208259597757844,0.8590065170105416,1.488179608560661,1.0307274440313146,0.9513850504729763,1.7258601096379147,0.8451653444744749,1.2774267058343973
1.09778414117846,0.8354461281532396,1.468363912313926,1.008437370798387,1.870434315666397,1.3172302020218185,1.685638473972899,1.7538043707434667,1.230999708053067,0.6753855859253654,1.6438724611913313,1.5192785896229555,1.691563547877202,1.345737873750871,1.219802429621844,2.139851292296304,0.6813170769045759,1.48747318169294,0.8781351521740919,0.8788833237305578
1.1679729169437247,0.8531385355923458,1.2590220213612975,1.4220343915218803,0.8715730170096352,0.5289302655115707,-0.11281835343718588,0.2769881087817485,0.719881613867168,-0.5049763472472883,-0.7060218057540061,-0.9717924647488109,-1.1197842716188038,-2.1801720002480014,-1.0562575120480864,-1.668151733700925,-2.058883973239769,-1.1698287458732555,-1.9305804481939013,-1.6297145348072641
1.8813910064487431,0.6108259260510434,0.41749304342769666,0.9734994289668328,1.143362498115118,-0.14215922006605253,0.4448337409373836,0.30265781843664497,-0.9663224323014797,-0.03329796256636325,-0.20498602207638794,-0.872071041658822,-0.4230800329018324,-0.6274699490491092,-1.1770244961034895,-1.5105090192890531,-1.8039098827562317,-1.4861301295127516,-1.2698697662954552,-1.6239176576700176
0.41581364786849895,1.6819978030914768,1.1066216260047592,0.713927154471164,1.026430907880286,1.097432905619835,-0.8390067815926439,0.24396346242079675,-0.7133179231486905,-0.15305429500967488,-0.504457493063428,-0.49306620178019206,-1.123717623618898,-1.8313482235067082,-1.3984189428930387,-1.1671918091031663,-1.0086217942529596,-1.939837245955285,-1.0869491634279198,-1.7533958291123697
0.6143578602664141,1.3241370805132662,1.136325011247351,0.8912578970482059,0.5968367324221132,0.3704742995177508,0.48251793968278156,0.05873136181651879,-0.01666949020241862,-0.26670537074743217,-0.106257459174955,-0.47655917340639037,-0.8468738405609595,-0.47468336651817544,-1.0501642547677468,-0.807945787642912,-1.1720016823683936,-2.2078723573388923,-0.975839428849395,-1.4401764167166933
1.2740321416129998,1.2870515842566796,0.8925390724839746,0.9565884972974756,0.4468171259737336,0.9972863705204806,0.23632260075409264,-0.0827755346370053,-0.5126285651122611,-0.24518818206979479,-0.48078553396322293,-0.5919869668854094,-1.3349193328230873,-1.7225246583036766,-0.9680351453877475,-0.7360741184084766,-1.8253201746790073,-0.8353282123415956,-1.3842089106825746,-1.497072075074093
0.8073070522382253,0.5111668859472884,1.550193056278496,0.9257456163022935,0.995063847992989,1.7642992449749093,0.6639370406220668,0.8459556652830733,1.4747620117474634,1.6140939769896616,1.693464018513367,1.3696438534145066,2.4813810043038265,1.3451918391976725,1.2996590483010415,1.0176674203780733,1.3198214281173155,1.4398774831659544,1.5894071172608324,0.4174810650506394
0.8679283955142562,1.2436555380409449,1.3899246637464704,1.2386076239991504,1.52395610610087,1.0439431638498073,2.0402925922181003,1.852446030742112,0.9440445943246271,1.0667389861410186,1.0808014592830348,1.761551239131619,0.9553420302801641,1.303939129020774,1.57385526770884,1.3099957140850504,1.3738137077939694,0.7675719058077413,1.3459176448063461,0.767910013836328
1.3483267252235138,1.5928239478869932,1.5384612463800407,1.4862694192289074,1.1360981339133038,1.2569646357139996,1.2996551613776592,0.6533513737108401,0.9068600080529523,1.1208102574003793,0.3156953864432629,1.1391634560891117,1.0251766122941586,-0.14685663091418405,0.7234203457050327,-0.05030683979711901,0.001189492262192865,-0.5359928720858095,-0.13471300657759133,-0.5013430574028113
1.152513292343649,1.0316504567384834,0.9131089836840124,1.5518541221957727,1.6653374274159005,1.637170671705453,1.2515892871998937,0.7405868847119284,0.8190432753687906,1.4266777613720112,0.6328186021413673,0.7338978477240063,0.08707111382426636,0.4858368176534642,-0.0027013321866542483,0.4258108811980402,0.1432067510820963,-0.5356148298644707,-0.5545965484073614,-0.8842271609585297
0.727040771355307,0.8315352734419621,1.1098192683551296,0.9958807524337303,0.7429867139480262,0.36688424544327836,0.6549844884909068,0.09567476427634307,0.13864329241382742,-1.0622085506102588,-2.1245884746605967,-0.63384160122118,-1.4939248393096314,-1.1670328598642699,-1.3391104828002136,-0.6949706221928648,-1.2547801045456062,-1.404761115046806,-1.1629768723236573,-1.3468478785181455
0.7832557336611633,1.493564465819111,0.7112015987533464,1.3652870358907596,0.6879586006335047,1.4491062640265255,1.4943262759999292,2.125976774316205,0.8560261517739842,1.2564253350461958,1.8286431299554549,1.6244901533319307,1.5413551573821522,1.0538945815205905,1.1556461699055587,1.834478491192927,1.2496550240073159,1.344036868805034,1.0619005639368568,0.5399605647268204
1.3398507012865353,1.2662670475302857,2.077356384855532,0.8297556090171165,1.6360156867682214,0.842911134605327,1.4800690463599886,1.845997425175606,0.6531616627121012,1.4148072156910776,1.2742862657087493,1.209580331454959,1.6233181977508928,1.8846231452730444,1.3386620230504682,1.4186566589276324,1.3159822027325863,1.1946143928898103,0.6722388403626058,1.4565726115158837
1.720336396887789,1.6867871619206034,1.7095505912367934,1.0474013019958504,1.4825875581759693,1.3648778048591157,1.4274155411919474,1.2499886879680224,1.243753065545149,0.8411514278275601,0.850113594930117,0.1853993690286191,0.38936839605305584,0.9075370187405076,0.30789582833627926,-0.0012426192654960031,0.5922329791011096,-0.8816664425549425,-0.947713159646784,0.021303899568230977
1.3131984243928845,1.0774790307449313,0.5508506072285443,1.0448554596999022,0.9013515003219554,0.04977972269277414,0.22564761198234143,-0.06394833036125833,-0.04026738025704307,-0.800398594617509,-0.05484939220799678,-0.3810272997173703,-1.0692888013141622,-1.168619663434396,-1.2728405265014178,-1.6412542843616809,-1.5921504930170631,-1.5792128728361186,-0.8526259858942756,-1.1155995899215863
1.340188413791186,1.2129443389190433,0.7081708463361622,1.219391719046383,1.6951819021333812,0.8642228692732121,1.6717517020400632,2.3844384796554463,1.9067423675465887,2.0623918596125157,1.5869056595026616,1.8775360302790034,1.1820918511055367,1.7546943876404968,1.6537287627664357,1.4524265575186897,1.7966616693962865,0.9783790552082892,1.0331528888579835,1.051379587370045
0.8829696615375506,1.2652850227809478,0.34296017208526275,1.2845587669131813,0.7022224991373569,0.27922030546522736,-0.05199159871553588,-0.02357360939570692,0.1326456454844139,-0.13360290623422713,-0.8378435529246441,-1.0857726814074657,-0.6612590952931767,-1.3709911406250592,-1.19430775675857,-1.2804290061493688,-1.2899538730323534,-1.1277965536935264,-2.0029585089240562,-2.258710643357956
0.275503312742517,0.9790724248996723,0.8159954357226862,0.48805973334076735,-0.5662240765002242,-1.4326590320142496,-1.8674403638653276,-1.3599275953973162,-1.346095840739702,-0.8633196605409329,-1.1139978926524254,-1.406360555017503,-1.847090777121964,-1.8270973409312161,-1.251938189841827,-0.947267853068132,-0.9071380609972817,-1.2854253899160462,-0.39435006998690847,-0.24875886045782425
0.8665474874972396,0.8607838571407465,1.3059307270914282,0.7719739390835412,1.3192264731655534,0.6880291774525632,0.08710537092680509,0.06617576229559505,-0.11730488176946424,-0.6440546230259354,-0.9206636532843104,-0.4668008548326123,-0.5859092590041974,-0.8405395909578639,-0.6121444286608506,-1.5466401575637203,-0.7450704192945967,-1.8314731731879361,-1.902847559524524,-2.1982304661134613
0.7880084053258097,0.8634851589855057,1.3654765620105165,1.333544537525515,0.8297971698803743,1.2104382256498005,1.2685456108556832,0.745001890765583,1.089637018345348,1.188454753142085,2.073020167254176,1.5669435371559486,1.7341006384261508,0.8368946638443214,1.869659302347727,1.8569029131132617,0.4709207146510366,0.9117663007809054,1.3062821246536525,1.2709501522419995
1.2067767027878016,1.3755314715031377,1.2582775333496443,1.520844630401118,1.9152202752887713,1.0683675373371946,1.6991099241502106,0.8907166380389189,0.7528223095795501,1.2931761531245263,1.1954445791844466,1.0170947701564776,-0.008987656033035085,0.16482320824102986,0.5095679292863055,0.023742531913292595,-0.5956934698796148,-0.15400527558433413,-0.7898538410648842,0.05402927441460659
0.6179365849673035,0.33631284226587216,0.7333729044030365,0.3084295768118759,0.6811043015214759,1.0569386231013924,0.6531135562813681,0.5396900215334675,0.04420781569093002,0.774199678639989,1.2149990577187042,1.3385283179734426,1.232836949777885,0.8812756901860919,0.3693935433324006,1.0197368783728535,1.1489295325946574,1.1932735517017512,1.6083879151552367,2.192329193356775
1.5341031383899746,1.5931308269938205,1.8514607904457194,2.189351326209411,0.8904783323437895,1.3557948577684567,1.188247607025158,1.376885341362059,1.1781407029517512,0.8247198086925928,0.6503091525370577,0.2299504533777968,0.9124759402168252,0.534885272109662,0.5474797716030319,-0.11703265890247072,-0.42895051887840124,-0.768658477886202,-0.3603639039720323,-1.079697954753572
0.7394652275866201,-0.42838316071373106,0.2984342701801278,0.909254919648038,0.6145652074769932,0.5361199899772741,0.16752062477888474,0.08905721471209938,1.0340766425288108,1.409911985238565,0.7100897877025111,0.5046503438998502,0.047823151270913744,0.7054893907059727,1.1146594339118208,1.8574722139094413,1.5399209579094253,1.4404793004604581,1.2009175078436145,1.164792342048457
1.8570730889764966,1.2548076615642045,0.18949206049839273,0.5963610939830004,0.34028113980231983,0.26907186335574673,0.5069221103165469,0.027280049734268348,-0.1734044016260163,0.17269076680084333,-0.8342128099279351,-0.0016770020014721387,-1.1925416143694703,-1.0463729001340187,-1.3307531045514782,-1.2805632097586952,-1.2369419276937972,-1.2975706297307243,-1.799020266425359,-1.9434127842327893
2.296082766335595,0.9809185094206275,1.3102173127355963,0.22272042893261879,0.5717224645490998,0.43669771343375546,0.47088387417364574,-1.0187236539448075,-0.07620199359321925,-0.8125950798764086,-0.4258900895352902,-1.1618884910916774,-1.2662116561912682,-1.1915032229363547,-1.6392034542316496,-1.5201446418532216,-1.892129033140375,-2.2043729064457662,-1.090590513205383,-2.012666390383332
0.8948541758133431,1.3661305263148011,0.9091240089022389,0.9059218009791195,1.3974817537549977,1.8147022501109884,0.9494043132561698,1.3953356567433646,0.789017871163765,1.339499803914845,1.5132520331410275,1.1485133940709813,1.2864364033170583,0.8730581553810262,1.4228049536947278,1.7587397874568842,0.8314011536007015,0.9448242837262915,1.308994394029121,1.4980310585558212
0.8808986700991178,1.430217361758219,1.6104822866955115,1.435854855371131,0.44563203595317136,1.577220403917185,1.9065162654791026,1.2500501674454754,0.6794307732605984,0.7604874072415276,1.534635255043637,1.0405158117956395,0.7733419546079532,0.4937686328836006,-0.0840823523914121,-0.07310267657457269,-0.19738542567203543,-0.11750272480873311,0.09963662023846531,-0.21644541022502695
0.7270603076548947,1.2641102328212683,1.3252376753339603,1.1133210851997517,0.4318740471560028,1.6532211533340773,-0.2290759787299348,-0.3630173762144519,-0.04922020631992098,0.49402272425629007,-0.8901063142949281,-0.853688158615209,-0.49310110861475853,-1.0891970407341407,-1.3521132082024896,-1.1036777024043918,-1.3057715296312116,-1.0589292115115585,-0.9811857785509815,-1.3714456892516163
1.8212844825853198,1.0950845705084646,0.20597016765763954,1.0379220097444968,1.193428802126307,0.857466189232101,0.016681252807298597,0.1049624326370268,-0.355792746336521,-0.6804050834050002,-0.1734729455413193,-1.2263697368624769,-1.2815451500536807,-1.5236624321680017,-1.81437067570999,-1.2713651464220381,-0.9501775063302584,-1.5450554282643814,-2.1000724544027936,-1.15826909735695
1.6406072324705252,0.8064771640586492,0.9636799432215688,1.4422524129106924,1.9557360174020497,1.159595062730037,0.8841505068914755,1.7079622320593026,1.8016429384076158,1.4992327855618115,1.276316855462817,1.8881147431698262,1.6804475386663367,1.128974655942609,1.411611401664399,0.7957790750937657,1.544614884084055,1.0889995625941022,0.9336915624935535,1.0000449767657529
0.9824496105886357,1.4229461183435115,1.3915378624387449,1.1734244493602135,1.6124537781756272,1.5278236224967727,1.2464905647763427,1.4055075262557457,1.4227265536134477,1.6988847426574014,1.3527611134371404,1.3341995762043541,2.2567360606207343,1.812243055402848,1.0877332433720748,1.5648384854805037,1.317598727770958,1.350513460451282,1.1629124252734901,1.489051829020821
1.6164227328432688,1.4728957774388838,1.9141061885609085,1.5699914280578189,1.4849402944356294,1.5023934411881221,1.2613381156962982,1.2070762641758617,0.8571953590735547,0.6652714179376893,0.427241873388424,0.1197374807325855,0.16544436270039875,0.28149678568307995,0.2216195254632317,-0.10139282957132145,-1.1084977274515722,0.2925020918704261,-0.06933888831214335,-0.48547672445542667
2.057810318994618,0.7835665982673645,1.7855823855172037,0.4796913224416783,0.7790627226275132,-0.02195746302694912,0.2876354844202595,0.2247246016513236,-0.20453437127837337,-0.06714752009319636,-0.5160225942183567,-0.9563227037074158,-1.1507439049419714,-0.7576866697327687,-1.4797684783131584,-0.9637696749651048,-0.9256940085902764,-2.1385902707047273,-1.044602779256713,-0.6700778338758814
1.3956155544540823,1.4141459193787778,1.445334467014465,0.7555840270702886,0.7564796419261185,-0.03810234482251107,0.3372118576146932,0.2695028007097847,0.06380697034603625,0.07347139170978084,-0.8655492452674713,-0.9603995150258107,-0.16581563942449362,-1.1421835282845314,-1.1382581514654402,-1.356734879849168,-1.7434510562450578,-0.8216930414095525,-1.7088538989453692,-1.945161122736533
-0.18029611092110065,-0.7060085289665683,-0.07154476349814567,-0.10473840237840726,0.6219007561423994,0.19648480915661337,0.9100356577951825,1.2011584873669094,1.038526733476816,0.7212977733845559,0.9420755825760169,0.35028097088876686,0.9775791744820254,0.7536199409442546,1.4378527233711564,2.246923873272537,1.4705961354057617,0.5219890789958903,1.2164732951983177,1.4470549991006214
0.034942970104105485,-0.1976513785198561,0.2870869195499012,-0.21448729800523159,-0.003034185302557224,0.7241695616220469,0.14864879121171265,0.8570495323360838,0.17827108909935319,1.513383442445281,0.5759218149321578,0.870808318225013,1.1633362279266837,0.87165534717055,1.2174845553399587,1.4479656073827978,1.6549127740176321,1.6350441129669397,1.2922411868429973,1.3394059193333985
0.939643423210013,0.47462949902336204,-0.17975924003295843,0.32250830226874416,0.2408720482601926,0.41171681141131844,0.06311602048040782,0.47699559638479966,1.4506789082393419,1.0390836092787878,-0.11083477936680441,1.4469643439455695,1.4669427326541857,0.9540812064484212,1.447027588424723,0.8740632332478672,1.082565194509695,1.9178636828456983,1.2522733564161834,0.650165964168843
1.4528533058701556,1.4662958995588562,1.9765773855170854,1.4824119804929743,1.267715938127889,1.794806858286159,1.3470978180432889,0.9033763943513872,1.5538722187949507,1.0432030115939606,0.8278404146531749,0.7476941520160775,0.08906395868758255,0.14014208899851527,0.1818055332180902,-0.07073968232213701,0.34275502172600913,-0.25037011014370947,-0.1619693684137351,-0.6600225231119384
1.9006899884811395,1.6567423593538604,1.5025981519230873,1.4713641760390608,1.054573412187621,1.5795506882482007,1.2826998312282933,1.0025886829051922,1.5344579029031324,0.4656518954293203,0.6576716698084263,1.0876182949632294,0.6435404836223226,0.33206002840874727,0.2807739097450355,0.07889146410727127,-0.7728813499149977,-0.4770372053736954,0.1426777243372035,-0.9275103188531453
1.3508541893409567,1.2810829514009239,1.4624238684404465,1.243428279092951,1.6310454635672302,1.455709765109783,1.608200771085652,0.7830090005020898,0.9557370014251426,0.875449253142387,1.0089287920168377,0.3592423165686021,0.883592828957559,0.8257698356768937,-0.21517644656925666,-0.18922336226969155,-0.37898893471746603,0.7156220306364887,-0.6758909795514507,0.007269511920175664
0.7881612519306671,0.7786518587951033,0.7558905245275213,0.5275012285632885,0.5764080588475711,0.20406618593813336,-0.04597879089131668,0.5336468010412991,0.34685921018071453,0.027020101620874926,-0.3460287917795285,-0.7102595860445912,-1.1228308540873992,-1.4633151806810842,-1.0730733850172964,-1.7993830201777987,-1.8123470973932063,-1.009939423284351,-0.7375137174882921,-1.3369288579871688
1.1303098777799174,1.2327590439916052,0.27371890827253353,0.8409225265541741,0.7749604235982472,0.45311262538693486,0.056525415381563304,-0.30836780495915783,0.30955240899037284,-0.34037564373007134,0.06067257659344927,-0.9579497542743812,-1.0979364551699224,-0.7558144809405821,-1.867461651191797,-1.815316207220249,-0.9757847371817834,-1.9398782974555528,-2.225393740298146,-0.7468360380245246
1.953697091459953,1.231712889523354,1.1549329257870986,1.0023087719479278,1.5095146881521087,0.635291503706027,1.4836433634667157,1.159708229177453,1.5457290745067265,0.6969713816012446,0.7453427138143972,1.1254121287687635,1.0705855659654824,0.07914265316912217,0.25308498551984093,0.124893386761354,-0.016754969152169757,-0.4423627149607597,0.008622421781157907,-1.4196620583908963
1.3097225010622566,1.6769035498337777,1.680119882547439,2.0177810238685754,1.915639019984521,1.262567750070787,1.8187302224550868,0.9177687694666921,1.4642281476950387,1.6899472971556382,1.3126476707233876,0.7188389488610653,0.3846197985453725,-0.2602329190338643,0.3045883476506585,-0.43896109550063295,-0.48347019684620385,-0.8136307715291795,-0.6880878705309581,-0.6749684307370711
1.5876204274489725,1.2575286025590136,1.9249434403257748,1.3933953084266837,1.1212598893977985,1.467301307091051,2.084202858460371,1.337449693591721,0.9467309436288609,0.35475376333975916,0.7389050995925717,0.7705020454866621,0.36229895075199336,-0.31495025582654973,-0.15985366331639667,0.5889411800428378,0.4073840700915553,-0.6919881189163501,-0.2348282225885273,-1.1352097788503477
1.856540562771292,1.2726065844185432,1.4103889367134153,0.17973961426888185,0.9546223932809259,0.48450784155293125,0.6225294745188499,0.43620512169110803,-0.11634436303465173,-0.5930303533676173,-0.24374990114146194,-0.7714186121184631,-1.2731325592320928,-1.4501130713621218,-1.8091374329153243,-1.534047326984305,-0.9737019072932975,-1.3999728058841014,-1.7096804165463433,-1.1723045379817292
1.1451839462933349,1.5358713664577102,1.4253778086774953,1.7883296618580111,0.8054575143362058,1.036705301867814,0.6434834614050313,1.099546778253966,1.576444196031276,0.7635594219258299,0.6223964527031396,1.0252205651250705,0.9447511306363413,0.3157751725623342,0.4542584341049338,-0.4236560206634438,0.38497340216953646,0.5221500663403098,-0.2954446209928061,-1.4975133134793985
0.7430344258974229,1.3101042223850157,0.986508451042111,1.7448675825773736,1.5422494240623752,1.084938520713809,1.4300363435992585,1.097861501294704,1.4089817577857193,1.2749429092147002,1.9694748794190127,2.336768073505406,0.8967578035528502,0.6670623482201052,1.293904540401576,0.7290958083721515,1.288743342977254,1.4934674358696154,1.7056326543541784,1.093752594312839
-0.07726208993983161,-0.6966800949055886,0.19944428216944643,0.3110279409823081,0.6305120294565678,0.1824552643689259,0.38089304346929914,0.05056398801750717,-0.19046052379184975,0.36405425260987334,0.257499458192573,1.0949598651146353,0.8238373008237783,0.8825004761410721,0.766356952441352,-0.07520325543022599,1.8739917805152582,0.9183369294670416,1.195997344424104,0.8161017628351152
1.6835861873495646,1.2318838200757785,0.6999862231604543,0.708885108604288,1.3548395213609186,0.4583896942742213,0.20906443115615037,-0.3062945920037381,-0.9004906990134728,-0.4167139671609892,-0.4254343290834126,-0.3075230266253442,-1.8234171916208979,-1.532090709588259,-1.4505681026129515,-1.3313232025883603,-1.472792202334418,-1.519780200041183,-1.334534910749149,-1.8555641575654047
1.8518311718761682,1.671112233404391,1.3692970521164698,2.1170406083782365,2.058915276932713,1.7499425422711998,0.09135901681572767,1.8349635040648642,1.4097766035670776,1.7683017608724154,1.3216558646748153,1.30786786645033,0.8687932473263731,0.8906808789280551,0.9780219887787529,0.09374769103901709,-0.795108549031881,-0.46031681124056767,-0.34795269771492143,-0.6338256311936551
-0.22712313687364216,0.2996913230834059,0.30500538234929997,0.3000732500118788,0.7471426315013062,0.20151402627953002,0.3248395037062365,0.6370045609014897,0.4699979969242965,1.0106580053504264,0.6003528621473266,1.0507966300444445,0.9910218159758186,1.18376571408167,0.9762256128862212,1.0821875997640167,1.309071188215058,1.3992749410422822,1.3592846062076045,2.080203571556073
0.8985192824767972,1.1488307272797633,0.40108072842000775,1.014609544608852,0.23746893796024493,0.37625336467610215,0.1329321160699824,0.18261445309243673,-0.36377460584262356,-0.5908207768068443,0.01871421162109954,-0.6335300961666015,-1.1484389186299429,-1.1823856475035397,-0.5601296854820734,-1.4239968144595183,-1.690489374984004,-1.7451031858168322,-1.7174239265729578,-1.73204600222445
1.4183202172819733,0.9629400734683771,1.4922835824707557,1.3453490345464463,1.4163166231614195,1.9654679595384326,1.3698609433589408,0.8855217933193524,0.8073452303596765,1.2037907801527483,1.3461473443787695,0.789298003751836,0.7928164050761293,0.5950986888045322,0.7479982578279853,-0.7727102734026784,0.10067124432118224,0.056161966326914725,-1.0394204199225254,-1.0180479385448447
1.137861495531429,1.2062151781736454,1.304543137393491,1.5737185368446467,1.782618723170954,1.809311183301091,0.9636525005757322,0.8655042674964809,1.618201930584793,1.2244358799546986,0.8598159647289983,0.8658654656734027,0.5054097945136451,0.561037472688896,0.04594581388268057,0.11464776946342714,-0.7704347515484277,-0.6124461691646832,-0.7747354081844335,-0.8135366782250438
0.13187692332195838,0.04504361143756505,-0.5986398292715135,-0.02493093032762761,-0.5220369369605061,-1.401896042330725,-1.2641566874232606,-0.979671759752685,-1.4840751672342738,-1.6623464050185552,-1.4909571472726342,-1.3598835725428646,-2.0656938515611714,-1.2227341251461081,-1.6737065773133517,-1.233259431903942,-1.0780586221721193,-1.0824126533692937,-1.0640810199560287,-0.5333978665352942
2.128306718612768,0.9530612445391464,2.174155165409652,1.3727889431920572,1.450497429539462,0.9421000756397855,0.9902739583718525,1.0022216069624663,0.6735952062271389,0.8821711228388922,0.6638636712586914,1.4168432524257093,0.05094163298203691,0.3922798061692851,0.2795110052457068,-0.42100242377300023,0.10851466678050631,-0.4966632563871621,-1.500886798101523,-0.39984082010045213
0.8480376963323655,0.7554022668052092,1.3056931704237609,0.7269123601745175,1.0506764127315706,0.9716439051728603,0.023786462073593584,0.3875630008339804,-0.44484255938170425,0.5405478691236194,-0.8328111758257457,-0.33692183597241043,-0.5865025674684056,-0.9556170499354739,-1.4864889309570448,-1.3904898599356432,-2.2762139709008697,-1.381336710413375,-1.3579272017657726,-1.4408471456292125
0.2888521264656674,0.9914766786886744,1.1979935646282365,1.5933409848982887,1.5520844249612,1.3086948834052048,1.5528799396844275,0.7928885168565141,1.3359671968559024,1.1556351477231972,0.9776919211165641,0.6037146230171536,1.2496288371867261,0.5484818748658016,-0.2069618528164467,0.10644798598212843,0.13477701942905834,-0.5725758908042347,-0.06822203869585652,-0.5109671826558739
0.3578227149071721,1.2943810361960193,0.8681206755017155,1.080648878958592,1.0612534886116962,0.5656422858834599,0.947858739780391,-0.0012247513734301857,0.1072688903969986,-0.030721468274312436,-0.5945667615703528,-0.43584708916529924,-1.1618877726859032,-1.2510795463875346,-1.7432671425248965,-1.2333672166110607,-1.2846780553813113,-0.9993994623345833,-1.1813173324347734,-1.6081651359127342
0.8235421750396001,1.3476524062688384,1.4748336062326584,1.167850942663475,1.1173585624538855,0.4028216545474356,0.09511025893225455,-0.22450253844075146,-0.1650168254699897,-0.38413481611677913,-0.47295732259761336,-0.7990757951706151,-0.9774696697117442,-1.392729799967905,-0.8416240609697752,-1.2993236382615951,-1.4845562994371617,-1.770076427065957,-2.0305385783335614,-0.9710612362340233
1.5166695332260338,0.5249451082328618,1.3357892575506645,1.2347694212351412,0.7333180014313424,1.1268218253274362,0.36844570305166596,-0.4964714087277079,0.003409361594776894,-0.25473957704415967,-0.7969471135245216,-0.517933277605442,-1.5910846842973805,-0.6858254478019316,-1.5695203478325526,-1.7239093132058927,-1.4603086346460397,-1.2979155545488208,-1.432203708739755,-1.7913105795627122
1.275738878505935,1.044514317773614,1.4073579971157535,1.906685897427034,1.4346436876464557,1.7205501020974578,1.8809422601333217,0.9681780593628873,1.0172438933561578,1.834215450212239,1.404407392773378,0.007568985126474859,0.672190633678584,0.35142759640572835,0.5109537368284819,-0.2908657113062874,-0.502059680216898,-0.6077607373519547,-0.7327023559476692,-0.33765099821867245
-0.47248046925955206,-0.1543716882600824,-0.5266347337054496,0.6853601661274727,0.8833413435439258,0.33502113263504774,0.43573433763835384,0.8230536510523399,1.3158494019130789,0.9708973879541535,0.6066130069037339,0.3127459181518145,0.5850404184251261,1.1270831082959738,0.8979911616311191,1.2958099999710508,1.0494978745217443,0.8951865660599923,0.8901527197828385,2.0230004327001314
1.8337696946561475,2.189938437455782,1.7132103180697427,1.3046808481767345,1.9656852316999815,1.3635571996489693,1.387118433158986,1.1862557153474664,-0.086888493135302,1.6076323107051822,1.0230716063645013,0.80846001979882,0.4926208823459971,0.4165747276243026,-0.05853908185352219,0.2537575366106432,-0.689055669160282,-0.26290507824629206,-0.2793015492398543,-0.7432483184714394
0.1483471169884099,-0.30185988517005496,-0.19736048586325863,0.3771998851730807,0.6463491656198903,-0.28409575722012204,0.7637223376079496,0.42448428998864607,0.6489341640388114,0.27164591950257166,0.5449828878190965,1.346725077158515,1.0442362730826065,0.9446839674871645,1.113526829859023,1.413507647440468,1.446865279481573,1.2884343384190367,1.7981490167227343,1.7862436837135058
1.6435234066348485,1.519575969888627,1.7601583958155171,1.6023843803431435,1.8606688914263851,1.7366089508889995,0.8914801644757534,0.7690001986809915,0.8113733768166733,1.3561937818140093,0.1961464292729016,0.8344337510946133,0.6623485436914059,0.8162628229443273,0.2525079687505319,-0.5301579605458255,-0.5499583156598782,-0.8101306599936406,-0.7191085240015522,-0.736941291911849
1.0119979844942675,2.0859960529855144,0.967117408986725,2.0151187811676623,1.9104140752797423,1.7361054200692907,1.0212750820441445,1.3403658186484346,0.5809247411580567,1.3301011198007404,0.7970761153668924,0.5128027096167418,0.02783336859171376,-0.6397988479817565,-0.2350438503293255,0.45224507393289737,-0.3273497027905507,-0.40506399408052973,-0.24170919415291497,0.058486886304227936
2.0081764569609457,1.1087972551981236,0.720201729192739,2.4205231152627116,2.3439455073677875,1.4521658387653895,0.7905864268101161,1.5886760805352498,1.0486797201732596,0.9205458565445966,1.1844535652234516,0.8102806942007353,0.04300534284824331,0.22130682543706065,0.44483366394951546,0.2112266846497421,-0.0614097016572388,0.03603673055583473,-0.648617732595202,-0.5923127548546494
-1.3502316400710401,-0.0851862058134804,0.4945313859253848,0.1263552499156664,0.18843834708462479,0.04926932427063491,0.9562604406553012,0.8611501995554092,1.0562224380910104,0.11696750414543067,0.8214497665875261,0.8482305438463882,0.9188622408511001,0.8513843106838053,1.0216804621994309,1.5576808306574081,0.5055269396771062,2.0293630457899385,1.5545018223746516,1.3811258706867544
1.6575477085224815,0.5937783471934748,0.764651975206396,0.817346780185676,1.2297917006838417,0.4689788345761095,0.4617797146765712,-0.16557359592248294,0.052078588762444894,0.31819733946053136,-0.15741769734361405,-0.7799392074675638,-0.6538222389148478,-0.8510453969361627,-1.0156365977114612,-0.8851495188149161,-0.9729876441880623,-1.5219681645162288,-1.2410217095860192,-1.6474848817176786
1.1089456364564594,1.3899337544430042,1.4667186970718684,0.8120450159514734,1.7804818864706944,0.2698542311527172,2.384708500837373,1.8041371204962016,0.9874697049093784,0.9695088500127501,0.9478587774163132,0.4408666402558391,0.5943789662889959,0.29360360838918576,0.1426634055925905,0.07971022107999022,-0.6916274507422269,-0.32150456158105156,-0.4385518388213052,-0.6122408163999125
1.2084817477988492,1.6296553556485975,0.8890713153141813,0.9567073158711736,1.202486566081189,0.45582701101860773,0.3675431531895333,0.03170414792600927,0.3522896786008882,-0.4557883223637695,-0.042286543097977414,-0.788791970215238,-1.2678024672002424,-0.8103029105493988,-1.3401387998926337,-1.0817305035194145,-2.506540479692543,-1.4690226210082964,-1.681615453680119,-1.9195503878662723
1.2568781942467706,1.2682499990075382,1.478035639827469,0.9297468271086878,1.5628583748078917,1.9232703142759915,1.4111531238219754,1.5269809106692775,1.529698176423822,1.4603341106609116,1.574725505109922,0.47684999614104384,0.2299377131897748,0.6645898587997441,0.4636789803479368,0.3173959155340105,0.5894966502994717,-0.33278448771511315,-0.3334683136098221,-1.0559359655356682
1.3825376152261326,1.188630401558935,0.7413984191955016,-0.004442557653130508,0.28642007035949124,0.2678820057017025,0.18292607147942497,-0.3816089812722467,-0.3389808254231196,-0.8050934531234859,-0.6059561146325929,-1.1765933437014582,-1.2635804403692215,-1.605525831174703,-1.279671944618285,-1.6765099711400389,-1.052065019052877,-1.3087646190891156,-1.525714081450584,-1.8132411121912764
1.6303827171092116,1.7740116124640537,1.5543053226483536,2.1181581538094423,1.6202037899339325,1.7422272872208902,1.3522078912572362,1.4736512482804647,0.7731607015106337,0.7823789605021233,0.9664154493743518,0.8133705880743686,0.7203760364315204,0.7913607563813418,-0.38961597624118793,-0.3826552233563837,-0.07438727497092783,-0.6270779039558951,0.8471763590474488,-0.45749281727422375
1.4468422554106275,1.291543547491055,1.3051650444904837,1.488733676148741,1.4811416357525093,1.1941047423162712,1.1895208264348842,1.7410992970715125,1.6456751796387175,1.0665518977611916,0.2901661370867048,0.8919320581070334,1.1390442838986319,0.8991160402548017,0.47414283360884374,0.5760949778020634,-0.14486262240902037,-0.08609126330102884,-0.7762411639983682,-0.5468744824799933
1.6697136242697843,1.486845603773456,0.9253402605555531,0.9083198175332928,1.3550814511101346,1.3125230856472467,1.639174796445551,1.506307156487573,1.3339264008818836,0.8536252205563686,0.27440915993734405,0.8413592502778255,0.7273990325590888,-0.6042089855212243,-0.15336278214808818,-0.26929595526982364,-0.11887625095125456,-0.6586766243407884,-0.5191847649981522,-0.7479946410834751
0.43882243661876646,-0.028096655713500673,-0.2484682259389363,-0.6765179447978649,-0.33700455316641553,-0.4913719477837707,-1.238471903254727,-0.5060562923707339,-1.3927069676567774,-0.7714955714446922,-1.717970946002045,-2.307953697253925,-1.3302737387805668,-1.343367475585665,-1.339831746547368,-1.4829812359816184,-1.077719456089843,-1.076089989221195,-0.7755569480364432,-0.08247034499235872
1.3685009417853484,1.4184928001936397,0.9377849346164856,0.7289700148199875,0.22217454015551308,0.33956282199945387,-1.046687976033143,-0.16583078407028584,-0.17540790970088715,-0.12722903602118887,-0.6630995250232425,-0.6082873954584122,-1.795934042377134,-1.1047869196618272,-1.8900727835557327,-1.8132522694228128,-1.4896449448685933,-0.9605991306168532,-1.3492906287891033,-1.4869545143989142
1.4703624391958494,1.2122796994428118,1.279636592418628,1.647627829810989,0.8822046553262084,1.614006020306885,1.1433788981953037,1.5336082969255003,1.4763105774711371,0.2965047007849446,0.5940377226905127,0.33431972027516643,-0.20775987877503588,-0.06180971101391408,1.156874830591113,0.2509297541727108,0.6006988560416726,-0.005693075227176547,-0.8006682018716863,-0.8164891436118954
1.7135490670788132,1.6727337381138134,1.266293151484368,0.8726801433909874,2.751453337659502,1.3203245312565541,1.1684861677697969,1.2487192525397948,0.9947817588538922,1.0148298688694344,1.3414489424279676,0.6267114035768464,0.052247131523116774,0.2865460816784058,-0.005388220078987427,0.5766853705864753,0.3022312944943992,-0.2943224510621913,-1.0154252793959988,-1.1541375703182566
1.3008633546071324,1.3090414329893612,0.8806832095363797,0.6737091194590038,0.4464478592395118,0.4782198829291542,-0.6713470946267133,-0.37027264905591584,-0.39347857700349165,0.13030278025151681,-0.8811538307848314,-0.6751695556239294,-0.8334014774486372,-0.5628855765147425,-0.7132407036047114,-1.3529320506770461,-1.604972622198826,-1.7366379668965513,-1.5941986231634393,-1.667860254983201
0.2214509637432928,0.2627977987177269,0.4256906989531334,0.7862265213369908,1.1200769523315404,0.5157158623435851,0.9946995921219044,0.5011008166054949,1.2000593923949827,1.2320567517989245,1.2889961718709761,0.9979028834230003,0.7637476578941658,0.5399839530247972,1.1441072879029972,1.8310279344744207,1.1467295204706087,1.6324957727617788,1.6985459325716394,1.2845841405799703
1.8213519849811188,0.011047947468647124,0.5414322257715316,0.4995240345985136,0.3556815433640146,0.6220826475010909,0.39777296742407353,0.22785423132197127,0.09577435882844323,-0.7327403253875111,-1.0428988007361872,-0.5888289395532669,-1.1761114072796113,-1.7102421969262356,-0.8297339525737788,-0.7718901005581605,-0.7919143698435851,-1.396301637176387,-1.2474004957879659,-0.9462996239089967
0.7097602148471629,1.509245167338924,1.2652601435659396,1.601472821814371,1.3814237266384033,1.8860314049193283,1.5065399243073723,0.861803165763373,2.0627863620765847,1.117767908998876,2.000793443423363,1.4542660981968787,1.9396375309262335,1.8902563086507123,1.5640306988682788,1.5398762149544767,1.4393101483859134,0.38836308783481344,1.1553079830067292,0.5667691003979686
1.5466494524809555,1.0405542381713127,1.0232491812772715,2.118651212324231,1.864127817953682,1.3751273662160146,1.3726891851424543,1.1042190566804704,1.319823744970113,0.695316559167719,1.224166133128583,0.5752960590457716,0.3493925089217298,0.35988880686378727,-0.056086239485267336,0.13859873548632792,-0.3811613671259891,-0.14992301010697634,-0.017528321903705457,-0.9515093396655476
1.4259444120646219,1.6822635419387675,1.3228870157751387,1.6624056359533361,1.6585084069647023,1.810089110711398,1.05638570660888,0.8262753708854842,0.9688422387528062,0.5786373699684006,1.0524693096003988,0.21183027538085142,1.4505378745552968,0.8695747440993504,0.1854028003251026,0.3540835928869251,-0.8209370771249458,0.6720168813253125,-0.7400167823484919,-0.711979630502022
0.2239532159811618,1.259489015613645,0.7125639870778127,1.2766504655037463,1.089276745118214,0.93643114704799,1.0953858185857106,1.5457100031845485,0.9694193200031661,1.19725553697829,1.7648795118315885,2.531355200722733,1.6602686646683529,1.0694442058330913,1.2451278411132058,1.3490976903646557,1.1304887212546042,1.5551162570420178,1.1949652886531381,1.3763357247906747
-0.12577751611905175,0.6248739596121479,0.12237598878250869,-0.10596291089267323,1.2458574561883582,-0.26414059380388444,0.259418593441672,0.3909537494070231,1.7293791081844019,1.5301966425871911,1.4832010413506587,0.828011481995858,2.001562125027231,1.2451361297073762,1.5510275190326859,1.2897010700172302,1.2508808524869373,1.2177336690072051,1.277109374996402,1.641455288422071
1.1254471953885226,1.2612450090276492,2.1164332460951787,1.2253003359605317,1.4769180483998694,1.075301342248978,1.6358913370824557,0.9878949548390975,1.052835638516538,0.2923854525701106,0.18132273349942396,0.6796000727800184,-0.012731554824883418,1.1932382552036511,-0.644236752359923,-0.31294432377790693,-0.15953598449360892,-0.48338562635282467,-0.9455891201338638,-1.0469518007403855
1.2078197373326254,1.3162055724773867,0.49061988783508714,1.8559156034086706,1.512430236054118,1.667407929598075,1.1136643386736487,1.7043464369395875,1.9325730890395223,1.45733684578585,2.3003391430251416,1.5079891047381826,1.9255474570281408,1.5535523856074682,1.6261821222848774,0.6679291808497156,1.4186801967950324,0.8999029498443383,0.7694165731363732,1.7108360446131181
1.3926664957577508,1.0964105243344002,1.3535773065241516,0.9564973200539046,2.0099026499825143,1.0985121025270703,1.5105016986203126,1.745828152661804,0.891812122092412,1.1785472786963553,0.4146356060196279,1.6548386230968894,0.8918833611008703,0.2741610239655278,-0.12876099987060863,-0.0384728254481158,-0.3022098203412368,0.4438453703652919,-0.9941448263542569,-0.6098600956261968
1.4708393683292063,1.450767136586651,1.4537832957923646,1.4302490875744769,1.7855752892368462,1.6203781787906504,1.4663463695919594,-0.010210277880433605,1.2117911442435694,0.30348256171920784,1.0851980932357301,1.2663297424796218,0.146835662218801,0.24649131053276746,-0.059369789536221906,0.5012985059904551,-0.12820517729179987,0.3539993009920226,-0.33842925628934106,-0.5668005926879505
1.3220967630144456,1.5017090849637835,0.33545785796866423,0.8999145353501015,0.6555489750197846,0.7777449978898392,0.206677203852898,-0.34523577121309995,-0.13971796885667184,-0.7858347092765887,-1.325733259048254,-0.45650781976221483,-0.6923939487431674,-0.8952158011816175,-0.697100297612047,-1.5959436192806498,-1.9872243828315508,-1.4991166364894928,-1.6367734540594912,-1.8311651999617884
1.446234933587572,1.253089198242765,0.762827844424969,1.300206735305166,0.9817987960224632,1.4694436288380455,1.0363678217465828,1.6480380566340946,1.7334196214854503,1.2374908549920034,0.20625955518807182,1.2786091950030318,1.1476194874037273,0.3587198039930265,0.7095429566191898,-0.2135442595309365,-0.912714705340465,-0.6414462266831483,0.18778940894960638,-1.2602126343868676
-0.21846644168720789,-0.4711113328228832,0.4781689963448563,0.7776082790622135,-0.07236347197094295,0.7946190979469225,1.227220368918919,0.6408664094363326,0.39885572506507794,0.8566605583392888,0.6654161966134992,0.7135829029638301,1.2043645503991383,0.4563035381590298,0.582550601914546,1.2255392697243246,1.2617440654512655,1.4558669693937314,2.111055527757422,1.439864243381168
1.5340829101072289,0.784299071014996,1.3377074026734164,0.6552206070976265,0.7121358855434077,0.44403801699906825,0.6949475401681251,-0.45373261929803166,-1.0559536926705673,-0.4380715765644212,-0.36821587125121,-0.686449062033412,-0.43113688285547114,-0.90710310910718,-1.4438109991343153,-2.260098924814952,-1.5097036194011362,-1.059921124863156,-1.6545924472439728,-1.4829188077826554
1.6467186967053737,1.0916143070246724,1.7465243164232285,2.131526127623353,1.3672235219466438,0.9251586314607558,1.2721413142340554,0.31363182353412644,1.2266345001689503,1.1466480568466724,1.496924545519625,0.5989328784247658,0.6807254425128094,0.006688358515489823,0.037801644274945395,-0.6029483789771445,-0.24413217991392333,-0.45945611264193675,-0.3842510310327377,-0.913219417075334
1.5115127353727271,1.3643792344815326,1.3646302024478958,1.5088223420078823,1.4525580396308102,1.681254015814332,1.250524511390911,1.0634313273284728,1.0195502165434134,0.6798726590508438,0.6827055905547312,1.4889942806807084,0.15225980297587455,0.23974106591812644,0.02537702717710072,-0.09174284921002505,-0.2987120549519871,-0.22563641074611093,-1.1880009780250138,-0.24891207592947634
1.7312077148395693,1.000582622299345,0.589599048586741,1.0858485531661097,1.3392822781331573,2.4089011596699867,1.5160845110325543,0.4803496073050909,0.8160109926179262,0.9444533312780475,0.9281434497006387,0.15063125132724675,0.46333521606339684,0.06414794442563393,-0.26113093255594977,0.11096405436731632,0.14333453797649975,-0.0009159404498630952,-0.27417639701474567,-0.8627284781983833
1.7639944995680927,1.621353031966314,1.5508067109485069,1.2320001629419508,1.2375984117673948,1.4063391746434981,2.2747315118370457,1.32388245901423,0.8473977936781893,0.6327825277994636,0.6299633829189187,1.5474481744710422,0.35762864887583656,0.7139518133139642,0.03000119429643433,0.11159961219958621,0.15048177820285985,-0.5660935911584805,-0.7603755991294039,-0.00023278716014618617
1.872011752941009,1.8140001842008902,1.812140475016867,1.6605076069470963,2.2434591879740324,1.3943477209445392,1.5296866719232125,0.623020295540069,0.7618889199418074,0.48541070585322466,1.3362954613878597,-0.34448526535688395,0.3564072981531323,-0.8462790415943993,-0.15214266570777918,-0.18925378420501182,0.3877321061169886,-0.17868127554592794,-0.8371875467998826,-0.23739517704954777
1.4853074967945934,1.5127580002074998,1.0161613546589048,1.0806719260614146,1.1063099427257965,1.3953689094553523,1.3299360158351148,1.8210225323872922,1.2458952617534376,-0.11728797168160243,0.931726823130076,0.09652425298440281,0.13094293740960689,0.02633581077931829,-0.08496283691994383,-0.5429339611283865,-0.08482353001971402,-0.9016533652708946,-0.3612638945683573,0.2310077658823737
0.9464309714090647,1.38392713498891,0.4878470127627135,1.356303294434617,1.6934357237565998,1.6650400927365834,1.3297272171564836,1.5590908368812644,2.11029500895542,1.6506601807622805,0.6176616562175452,0.09608920086472061,0.3548707406246999,-0.0275895067770891,0.3609115116308299,-0.46535162008406444,-0.19534530443676593,-0.002126829419986598,-0.5442092865951669,-1.0423061940413967
1.948100218016967,0.7461388788230678,1.3661119354167162,1.4600134022701363,1.4427123260638586,1.4489828226249089,1.542957652966642,1.1892224913595337,0.9446498817208315,0.8027025679233626,0.582063707166058,0.9915481251821621,0.25871991546361556,0.689912043073148,0.1879721253889253,-0.20137612705471708,0.08114655489702477,-0.628314021123758,-0.24865732117701095,-0.5786902164655642
1.0562841743365428,1.3859661713946725,1.249168227542257,1.3287847954658807,1.0700263574746889,0.6840870753172458,-0.16927853428099254,1.0496927977215909,-0.7041047232532757,0.02700677198367224,-0.38311484725874034,-1.2170137613488579,-0.9737389533724351,-1.1135533332769034,-0.696038580066162,-1.615255223271164,-1.5195567282927904,-2.40553256777478,-0.8038682169276959,-1.9224342104617895
1.6089389406783603,1.4571681248358532,1.4580295710543656,1.8006222055710204,2.10485384682546,1.4773818681704731,1.5608129320950552,1.3349420816684903,1.4988857641505544,0.78057175399271,1.2568262497479654,1.1207307417103696,0.9503461107273854,0.08714445253525976,0.11303743879010054,0.10291259119990873,-0.7145531493322314,0.30063563199989507,-0.5088415508691665,-0.5502095099003895
1.2473728190918092,0.9669802329777897,1.255618003577793,1.5643590866761055,1.7057203878054836,1.4415010164347646,1.437471331539625,1.0685749171051233,1.2903726210764752,1.5588714523416038,1.1085858049569945,1.000347550752592,0.6349378669768738,-0.25005842836999065,-0.23749411976752044,0.1890761159532721,-0.17059195218466341,-0.16139529664537963,0.1666384296693334,-0.37336626525054467
1.981729077279819,1.5356038125128908,1.1743436867739256,1.4535309479369338,1.114448137216351,2.0001023829026554,1.6149381556570328,1.411590465628986,1.5862504754695452,0.15771573997795063,1.0619252085184638,0.15227248172966668,0.514429027867957,0.2265205624829644,0.4450671373237561,0.09840071127211691,0.3718305380440863,-0.5780913156075562,-0.2202851816149825,-0.5988913781827454
0.8240584869540692,1.1302846733153857,1.4372787443588342,1.9215943915793614,1.621838085726852,0.9097840706413907,1.242655233823981,2.0105080464948863,1.136362528514647,0.8348080757582826,1.023365884283888,0.9818880272842039,0.3348639682621978,0.552233509218425,0.048816693816653184,0.2948568364195101,-0.09833906821211559,-0.14454532041335394,-0.8076043559352979,-0.9922952185714219
1.8563735168464484,1.4659727041704014,1.6112438546074461,1.3541192407880625,1.7958395723094638,1.1336604081818134,1.2445412290824918,1.5177825920589267,1.56106027424401,0.7562345893765675,1.6105436207637531,0.8018274729288625,0.10016000253072632,0.4988244189058374,0.02717280669159372,0.18075319056100558,-0.18335883046476428,-0.30762297515845294,-0.8685682881027545,-0.26775617265573415
0.8323631031128981,0.7310062870988507,1.1774764769257962,1.5069146520130854,0.5425303136852077,0.767966396108319,0.7110939169479309,0.3961317773695958,-0.2671415544940241,-0.7891171846068812,-1.4386474002818017,-0.8524930121413694,-0.4527836303961658,-1.531718572683821,-0.9381877273828652,-1.7099918751798286,-1.3723496951683136,-1.187988080104268,-1.761571508912498,-1.4260530409749954
0.00021574505155145678,0.21585879472313763,0.14714966706771648,-0.27520606331924374,0.5803378514733637,1.2347403290883436,0.7185991150062617,0.4713950504121545,0.15482972851959842,0.44422630062460045,1.0668456465226033,1.3895221576661405,1.1354373933793116,1.4177502440533811,1.443193468522334,1.4204366741291146,1.0072780429117356,1.388014543367818,1.0216142508112116,1.4050302101340801
1.0986719432833012,1.736487616672029,0.6312088601616033,1.4285912132738567,1.899481154937467,1.671067827355646,1.750308596420774,1.690472750297465,2.0013495050608627,1.0617889381427736,0.9451994929376987,1.4878295945869051,0.604768295418467,1.9286071843752106,1.880259587340307,1.163121865869814,1.1219504628446832,1.164954000286976,1.1287841556232963,1.0640643385044408
1.7014674377340115,1.4286807155212076,1.874507279158819,1.6550565224727916,1.1935634843549519,1.9108294673153154,0.7554789305938501,1.1665191426490835,1.4786401550084909,0.676509063822383,0.9504922866882605,0.8938666342510351,0.17312176006172575,0.3222125116322362,0.11777096040129283,-0.2135693450451824,0.7544536094196808,-0.6425749926127011,-0.10195881984114274,-0.8209010716947349
1.0435201194285777,1.5388569539866264,1.7568673115227018,1.8448812416489417,2.0612549069660338,2.5548829161677165,1.3989874065450838,0.9381485974475188,1.2730229252962602,0.8592531256246442,1.1970564799222918,0.1576650769051272,1.4646651242143964,0.6936228373800553,-0.49322911463348895,-0.27648576523825413,0.16021608624494643,0.13320517123407105,-1.0128259883610813,-0.37857032476909863
0.699238645917921,1.4619969105361805,1.942048694608984,1.256071119581478,0.8335799430488007,1.4352703187447002,1.0568941783886536,1.4552088134040082,0.7377426216910796,0.6566835499260006,0.018269099630902397,0.7445086798720091,0.4529693319435819,-0.12415026882617819,0.2578919779918137,0.4179539159453904,-0.25244350876820904,-0.2300656713057213,-0.3946064376342304,-1.1455125958138623
0.8226343282830384,-0.09366606032526838,0.45141670323923533,0.5901991476541433,0.31909125292516893,0.7085685150044162,0.6532417722901986,0.0747089872482185,0.5931475184617412,0.5624327279869619,0.7009317673553288,0.43867367581173555,1.4816644101889334,1.7385923900163531,1.5513233613108004,1.7260346072336046,1.1328135462129754,1.0639424045833423,1.0495305536393822,1.6556845981337285
1.5689998162403502,1.4668425720852285,2.015289375445839,1.6386539531488074,1.1008858076957722,1.1044208685393984,1.571579044744503,1.6200786080395129,1.3125452874806915,1.7244938049360734,1.4806728942739675,0.8529451293917211,0.18189904346162045,-0.1727914052228569,0.02541979447909093,0.30841117425419756,0.5644425003241461,-0.1703536374701909,-0.03644181977580141,-0.7619036594173991
1.7272822450737104,1.8270739885154679,0.7053922474266902,1.3113018906720662,1.816229016415154,1.4865717344483025,0.8201757057824717,0.2313365166867315,0.9455608964575012,0.9371040286296892,0.4731008480500617,0.7337647702626137,0.7198860061473793,0.6194784677603433,-0.761995077487952,-0.5185882434355134,-0.2880653907425233,-0.10846319881952543,-0.30823733204828185,-0.47503268579160784
1.3248074181951175,1.3666778818006144,1.2058982503990052,1.7839550628650094,1.0681533476081748,1.7167989582695045,1.3819230202979034,1.1853676755956126,0.8291890346677171,0.42352156132159025,0.5676089254301816,0.5445280480014614,-0.4302784173782792,0.27226153733598446,0.5501154396953791,0.23401295786128376,-0.3646986816972321,-0.31855793186841974,-0.726396765237096,-0.6042763716079997
2.094217724480303,1.8851307777745492,1.7055476800448026,1.279523446669183,1.7363242198819417,0.7020336196444552,1.1978403322464886,1.436870034907254,1.3880416801974043,1.2336921018735372,0.9446023036652778,0.5982408038178627,0.7325216951848168,-0.02994081676466992,-0.15749841283232308,0.03181966627185344,-0.09693727431713013,-1.0675785226603693,-0.3218723850884887,-0.35468931377452084
1.4472604999961722,2.447517770038196,1.224055915241627,1.3322425462679224,1.2783221002531224,1.3463093556772694,1.1672917998563284,0.6406612491357253,0.8732538760837136,0.9266900274776104,1.3180988608061988,1.5574281048005811,1.0515208663944833,0.04105198760080758,-0.09795135176548936,-0.05660563531600564,0.5476072241408054,-0.4035020721072682,-1.0349339336832684,-0.8642515197234922
0.9128664173396803,0.5582091219347037,0.5420133834247114,1.2115335521045636,0.5553177619882459,0.24456910305844837,-0.004629043071064209,0.10427634653204085,-0.2384402763307851,-0.4619513552169525,-0.01589880288896406,-0.13215029961175861,-1.5680272469846344,-0.9510150863218643,-1.5290165058389285,-1.4292313087035171,-1.291067371672371,-1.5561926925386427,-1.4055893819260736,-1.225058830840994
1.5960053151988183,1.2389967350575495,1.245550114979572,0.900795292975456,1.0947807436957189,2.161611744953088,0.981980295404747,0.726033942000146,1.219844339316213,0.9215924020704969,0.7484327332417097,1.240149182016252,0.7369819774775676,0.13920642678845993,0.010582125448264895,-0.1939088098745393,0.1836795172314738,-0.4605915030157658,-1.2211923384499563,-0.6831085364360159
0.3515161304053649,1.9386663344192478,0.7688344843697638,1.1712422547342425,1.410267612168484,1.2520654567484353,1.3011182587042804,1.6241257040146908,2.0925020926692075,1.8037838381146398,2.0909757107552145,1.071715607535607,1.5961781901492955,1.498447283527318,1.5324100258128244,1.8869548761578536,1.1819430415920655,1.0316916437256096,1.321568214414914,0.30191367980038764
-0.09474081964887132,0.040994796009463985,-0.17917322402764305,0.7053366413051543,-0.04996682316584411,0.41150128563504385,0.6721769736928304,1.1831455147296284,0.721834025009435,1.1819145265798707,1.1658679428046306,1.0096579694140477,0.5952855601811391,0.5239629838092482,1.2027243314791114,1.0007441680137021,1.6383719176887546,1.616787745817188,1.287120974589247,0.9349734593743317
0.20429421984290938,-0.312505906730415,-0.11441534667721895,-0.1092532585235384,0.3195288949954882,0.933927438608787,0.5528977354742315,0.46447741316810265,0.11581062694367872,1.0283029228205238,0.5734679415223287,1.0072819946096294,0.889403477123865,1.4330662160107628,1.097227614100016,1.1942523757655268,1.4649663399984219,2.1612212114830314,1.7163441445074887,1.3626161864113957
0.001279196246115358,-0.11526991240612856,-0.19102805891275107,0.06141272193599462,0.06606971828669256,0.7271978584989165,0.12643614041604856,1.1750491146911988,1.0268751524093083,0.815653780675654,0.885757228479807,0.7373624231005694,1.1391246880296269,1.5330323134544235,0.8788595860091113,0.6044660820072553,1.5519547829589355,1.448191528275277,0.9128858517875951,1.1047020805851921
0.9511723403532546,0.8846993376471491,0.9010592356503265,0.7591580314295986,0.4232500904835866,0.18431193922676148,0.19024410863476016,0.13733461639579264,-0.26917685337048936,0.1107683116072693,-0.3523932882449451,-1.3836951550998904,-0.7145274716554944,-0.8398345857448143,-1.392165653640048,-1.928009898080342,-1.4115520219585944,-1.4741881863591726,-1.9464318287904048,-2.0747345997577353
1.4340521666882489,1.0179922893014977,0.9918707734195453,1.5108890462207132,0.4038699268193405,0.5115626101050154,0.849695641151734,0.17846339263852817,-0.7852993329677539,-0.15054289303639665,-1.0208295171266375,-0.184633800863226,-1.2531656198202268,0.10575162431921847,-0.6313212710593001,-1.648575891010271,-1.4067732037224046,-1.1696470131128895,-1.1843091444864438,-1.3173124092632822
1.9790382097691344,1.448543678070851,1.3505428903372882,1.337931816452826,1.779698155492857,1.522856816314735,1.4152951913189473,1.521479166680547,0.2714522314367618,1.089765835337301,0.9140975835308862,1.3440540279716982,-0.09410388565124539,0.9740782524205533,0.21053614405484322,0.20272160795175276,0.5041511836431216,-0.11302794403228161,-0.3437836216832717,-0.5668641906213507
1.2847833409849396,1.4863356069204416,1.211024851318602,1.4588506518524773,0.5019765838819675,1.5484002272206958,1.2500868235293947,1.0689039723109683,1.179776428154361,0.3923127366010646,1.5983780266299128,0.635423810856376,0.45899353406534554,-0.03495488458331869,0.1899510454646814,0.5619097517970469,0.24815015237218452,0.004442649221711614,-0.28537135680138737,-0.8071976759673221
0.8981093281680096,1.4173157479779448,1.4028813719542306,1.8961951874911667,1.5601050396879343,2.021709011355096,1.7777771410581147,1.0207872231760358,0.3738215159303564,1.5199683993638333,1.3704241172736977,0.13004615909052542,1.1210273151852217,0.5040504677068574,0.24464669173523812,0.6530390973866657,0.37165773789161693,-0.07680007043642928,-0.31464411114350294,-0.4172229487301346
-0.16002297355301037,0.07263329183071679,-0.17195663934269004,0.1492971264669559,0.22827575230389638,0.21172835713189647,0.6096126846230283,0.51217254985895,0.926950487102566,0.15852484361108043,0.8402878662508598,1.012895603017389,0.906839227555769,1.0288382482472953,0.5260237666194939,1.3604137594425443,1.5297098740430661,1.5158600562592637,1.77645619614094,1.4786704712638403
0.19147247226037484,0.15711016710638614,0.4639905103321247,-0.34837881769032547,0.017496916580265198,1.1006103677937988,-0.4292602452748391,0.5856937182090434,1.1949665828050038,0.7701488227118807,0.7236253553135007,1.012043617672511,0.8898428514895426,1.1101351252737635,0.886769756303385,1.6612926855570371,1.8399734494425024,1.2650890097331078,0.8063696040875695,1.1885213608254812
1.2212185859321252,1.376727796022132,0.6273270479985305,0.5581120256850371,0.8878380076544935,0.8631409998425558,0.03312022813423912,-0.4630288191284302,1.1709890416906024,-0.03937680289376594,-0.6624298787200724,-0.39974430214407597,-0.9738012297068045,-0.7351894231389728,-1.1545143872798826,-1.2934221038920504,-1.4602114730153644,-2.050057259151511,-0.7225353744198709,-1.8708604813608585
-0.5440094305242379,0.009529918621098254,-0.19561850290907565,0.261827920538415,0.6500348431961771,0.8639716651922515,0.8808063722123157,0.5195120682249088,0.7458933300264108,0.9706047092875828,0.1825148143169506,1.1885088269943345,0.44817120845698855,1.9139339677335836,0.9983161370547587,1.143872846696911,0.9627846413210958,1.066457125835481,2.2706028000213627,1.7742065044001585
0.858493616923555,2.099416416998691,1.9745268678242742,1.3641924267073549,1.5590276395159413,1.3708067684252467,2.087813686821618,0.8848693913808379,1.1502774384885945,0.794480173390119,0.25345386613425813,1.5531860974734109,0.04470467561325642,0.43925527446496054,-0.5159077500671573,-0.15250242000950257,0.0025711971727539196,-0.667226043035456,-0.26921019717403405,-0.7713971016975112
1.7588470549327562,1.7192166105969382,0.795834432974797,0.8964700968990802,0.7569492430998637,0.7353171852006122,0.28751064470021903,0.146342386189105,-0.2400208287425993,-0.3066025509404441,-0.03645229659920668,-0.4889235158716703,-0.6435163220436881,-0.792824049124816,-1.2797951775427856,-1.2024000457272674,-1.8488481970573467,-0.9635816632394922,-2.6109575071144153,-1.529106270187931
2.1160793906002358,1.0915282811992704,1.4060762424149391,1.5149204292677012,1.0522076418471606,0.6747435876852117,1.2146386835320802,1.0749536951939753,0.9365086981827937,1.0548247308276266,1.3984778913917968,0.5552937075747255,0.5855085067427664,0.6419518089678244,0.4020296630900764,-0.23864361409140197,-0.12766548215501472,-0.11831652316688948,-0.9552714724726072,-0.15836506062367495
2.1341572677141545,1.2963885615048096,1.7106805276942918,0.8948528495247804,1.3601387868559913,1.4933341826891098,1.429611812264168,1.265244884272324,1.2896821913978127,0.5135301233740563,0.9056190701572641,0.7220338688435269,0.6100003809322457,0.3801416863975229,-0.3289126170803822,-0.5199941051558548,-1.0519236057544497,-0.010318647296391759,-0.1728679335742166,-0.32636054845343
1.600890579967271,0.6444835696373544,1.0865457610535951,1.544843578659915,1.4905560638207245,1.2876851149328679,1.4463486062061435,1.2080461500517723,1.1401813807988486,0.7101121726544344,1.219474422430036,0.5042221519792622,-0.014928325954029154,0.04280399434235871,0.040986015940184806,0.4047269110352734,-0.1831235307745463,-0.41179173882077047,-1.0033963073733472,-0.3495876290104476
1.217393733373336,1.4577201131480644,2.0893031885204474,1.680182744042392,0.7850472436179364,0.6689803056526875,1.2730575449951465,0.7182892210277521,1.3512918936315028,0.9826435317732325,0.8928239355909451,0.3938335227944747,1.2138847693689037,1.488241090674034,0.06893860298229099,0.14834149505373515,-0.127249394174904,-0.4412071966109385,-0.8367591245614148,-1.0977678599344691
0.8405751437631013,1.336608255480507,0.8226625459853475,-0.1655401869143147,0.8615108407502995,0.47227295404107034,0.8204270467629712,0.21950696128837185,-0.7341276773486705,-1.2445691540212438,-0.8434173277484347,-0.9973997806338731,-0.546754897420969,-1.0856005516948768,-0.7647962671509678,-1.8598640854401334,-1.0286729719708696,-1.182709064393907,-2.3050669787496054,-0.9651997767494521
1.5155579916892314,1.654549058272001,1.1512715127963324,1.9867762167914593,0.9620079310084582,1.7096212075432549,1.6270247154063133,0.8137184957087851,1.8852226343473335,1.0583496978742486,1.0882270720898095,0.06568247731711363,1.3644233084576474,-0.13861917662018575,0.590327065591349,-0.3907828914849434,-0.41381185253970215,-0.02183083368033195,-0.0929098519982332,-1.172294364587919
1.9143634626054877,1.9157234547778763,1.1220485942297445,2.1161364490591144,0.853605811404791,1.1268753670826301,1.4903827746796403,0.8619589530966314,1.1974008288500402,1.0621687373085589,0.7518403200123116,1.0094910108876398,0.4259869901911657,0.4438200269953725,0.6389612434801379,0.32340027969807095,0.14819058492505438,-0.7970042921212229,-0.2940139072677674,-1.01518018133008
1.583729992722699,0.9158853572937344,1.5415645092445904,0.9060918470531721,1.5796824911827747,0.5253247503862685,0.5581469913266102,1.5308049535536734,0.8731378125003907,0.5705950763343445,1.3350082764116191,0.8075812823827819,0.866167385467735,0.284706770541518,1.252223970044978,-0.23467974853618329,0.5315818883433262,-0.361878867274476,-1.1657350954333945,-0.4706411666430347
1.4207190745553764,0.7539835195651567,0.6616446264129157,0.8558978959079007,0.8234666786101632,-0.5006878461250277,0.703006427212034,-0.1275411870740229,-0.6753572325838221,0.023728122851520927,-0.5650755657806422,-0.26089050164351035,-0.7488376726291335,-1.0826579799582658,-1.2793636443824339,-1.1368457589366245,-1.580191229246781,-1.812133761264875,-1.2538096851152694,-1.5520420498315328
0.979753590084139,1.5007260281791301,1.1095510068143597,1.2420017310940508,1.0671267137076563,1.5398246946128678,1.5570615843627926,1.8157048422665634,1.2503641743479457,1.3136534175516466,1.816425118983985,1.591248452118153,1.106745886370073,1.9589704897978066,0.71259328178203,1.6501759892091252,0.7641738871096084,1.9482083969414554,0.490136004685199,1.474095031575826
1.4455208509781927,1.3510902287891011,1.571388620354806,1.7294375472857955,1.0745886617716585,1.0504693101262474,1.5586236710879993,0.5204482855178341,0.8581815573014696,2.1820130874510175,0.4394648421456875,1.135651912155317,0.28295099976869653,0.5548216573887077,0.4421147687234639,0.4587084897609138,-0.24631786212573936,0.4582214042674304,-0.7396655633023682,-0.5700924995024541
1.5449616443163556,2.0820033895762537,1.2529248954750065,1.5193452737694881,1.7351723938336554,0.8483007074512248,2.5374172834998645,1.2148117720887084,1.1486689748085408,1.4684895184572095,1.1926521611854894,0.6917620032099996,0.5693830824934382,-0.25045581290934144,-0.04221381865501361,0.21400988215131886,0.011340804216525585,0.15113384876712394,-0.5521313607576259,-1.2186952703146248
1.7175062222835822,1.7489479837336552,1.3898301664092934,0.8003234847989009,1.1013219732616022,1.8591416582300182,0.327818771978703,-0.45443667444608193,-0.37717225864541226,-0.10250809760763102,-1.197550098372485,-0.6795955823915842,-0.7718839176946826,-0.4680034828539865,-0.6941937239686512,-0.9840969464583711,-2.279850329928861,-1.102683474547105,-1.2155679797530283,-1.3918691624224224
0.7860857445244961,1.1870216930497746,1.030500849954075,0.6706740358198339,1.4351828021380884,1.0576555516165644,2.3489039571504096,1.1358766912025102,1.609374456924688,0.338098695909951,0.6146341935794519,0.7152899458651417,0.1540697278111532,0.18232332554795244,0.09319212998756139,-0.08643739849022303,0.5758310978135095,-0.18604193706190675,-0.3121267122917748,-0.44791875520424995
1.539864600908156,1.1413574517109026,0.9022337886752632,0.9325033769492085,1.1462891320763597,0.9380727424012861,0.1855984559271483,0.3773954803192127,-0.22049210404041863,-0.3391502779551537,-0.7450377266349386,-0.8200148679189054,-0.3874865500011636,-1.045083719843353,-1.1641586629694443,-1.908817974862263,-1.5384762887761407,-1.5676306872641665,-1.829430728354489,-1.4855807485723356
1.3065016788916286,1.5297295988220316,1.5458311616952753,1.0943756684936123,1.2768681497107304,1.40773411329801,1.772501497505535,1.3060731360959703,0.8270991226113327,1.1253402094847818,1.509689583710104,1.0432133844870233,0.7363419194284695,0.6414396696627789,0.7563541090564292,0.43737651329479876,0.06048782104643405,0.09012443660152314,-0.9365913759739204,-1.2646867658783907
1.357653510230843,1.201984529121064,0.8129683158614985,1.1961180210729814,-0.06157788206952386,0.2736685646036111,0.08777562825146679,-0.5842627115878157,0.4552341640831702,-0.8963790051945808,-0.790964396936334,-0.3841649092343585,-0.665600440449543,-1.525322057372946,-0.9452759826861168,-1.2140170716957908,-0.4815645008784619,-1.3095285593389532,-1.5542700626045396,-1.83684769610153
0.9971167031910824,0.8442046070735855,1.5789718628315703,0.8729649191484857,0.9096664021008625,1.0932765070190875,-0.6616278106804733,0.5818075083321181,-0.12049947411121784,-0.17867914907307364,-0.8869896627125602,-1.0494065717358194,-0.7284802218958405,-0.1282130586464596,-0.8169463412644109,-0.8237216945916634,-1.4915792338276168,-1.7111864156005263,-1.8100953148087242,-1.6895564031324362
1.2249296348013212,0.6759761278124992,0.6999357869827076,0.5189875705688767,0.7007773465170213,0.914564607455007,0.1425620263642795,-0.8307554034614916,-0.21833037288811954,-0.41517605776812966,-0.6455964663874685,-0.9983412789466928,-0.8370429455306987,-1.0555957327194467,-1.2282037920410303,-1.1648743185818933,-1.5867118549821904,-1.6657389936465363,-0.9457240183429669,-1.2705047493675865
-0.42061902333606443,-0.29642788869317416,0.16833771960889582,-0.026243113311858413,0.02091785086635012,0.5078808934638803,-0.0471122591978389,0.23857999617372572,1.5476948321312338,0.9912431125161902,0.5870044429858152,1.1275609782528695,1.258023114285173,1.495561096207083,1.1092597591287447,1.6084219986839032,0.4552888710633688,0.8959218863874556,1.4265139330586492,1.529912042073956
1.1134616799152335,1.6014992532298624,1.2476938582927972,1.365893773931804,1.8462583829700105,1.7403593989491164,0.89995759409754,0.7804848821696329,0.9274038363569772,0.9550397853180708,0.5635106325515034,1.0927877725712831,0.6562872439376435,0.5136376434196218,-0.3262430390930118,0.4740420826412467,-1.2942838602969056,-0.003710270494763246,-0.13020624239998763,-0.8367411398534628
0.809971223987581,1.146284582140272,1.4339746982257973,0.7931148529246304,1.4112489801701102,1.8945450486270876,1.6465932046014435,1.4784964482172311,1.737910711830254,1.6777787878287937,1.8010106029897228,0.6807906063798298,0.8478506833818448,1.8382805224973011,0.7898618386775541,1.4970775421913065,1.1294388390959704,0.7954172921088458,1.2478357983064379,1.0936081723133548
2.138951110811862,0.9245877634464931,1.606576385294471,1.0067461188956233,0.4191587998938856,0.8072760500336308,0.5080532479840932,0.08459532039518781,-0.03614009624830211,-0.591493310147464,-0.8859432241150624,-0.44357994282737884,-1.0135943475463454,-1.1140853780786844,-1.1063430280126605,-1.2238155252455563,-1.9865093141126748,-0.9566038911843315,-1.4493004734168555,-1.5753082183826208
1.650512997050589,1.592348134170544,1.8040550335635823,1.6918708804830467,1.7234873543025129,1.9171819624846829,1.6522315446312337,1.1391909788462489,0.6427127321475707,1.6328574789890469,0.7315806786425548,0.487287830107207,-0.17735941985155435,0.48659284159469474,0.23992713406648494,-0.5989201788120576,0.015093285452641242,-0.5366092195150864,0.5721950654471815,-0.8915251417786254
1.3040972621035731,1.1478207670228517,2.0083805661844902,1.327567093836769,1.1463832011978075,1.6595664041618934,0.7466405508775708,1.453429685477253,1.8044330812186469,1.1923814389212763,1.0818293544853699,1.0245548822144097,1.2012145187244287,0.8351611834774919,0.35624038139418635,0.36868235594213533,-0.5205903015866734,-0.026815014935581916,-0.9061533259417951,-0.8105896323949289
1.4985400731968794,1.5658916543494033,0.7428841106220178,1.3276524993943042,1.1638082201299222,1.1131605239878601,1.5386131761683464,0.8591825363755496,0.8500008545273394,0.1309106075034343,0.709020755830932,0.24139577636596798,0.5490124787300789,-0.029239619227135694,0.22218939070466337,-0.050748508609202526,0.5026003778162993,-0.13844525905323335,-1.2397860864932173,-1.1697362025833615
-0.35627843410491095,0.1169259212299606,0.9156875171600762,0.8215842709675731,0.7384346950212131,0.784125313029517,0.8346941198062598,1.105266823943129,0.5434050846730143,0.26541866261858416,0.9132311841886043,0.6332423122353141,0.6090826213396474,0.809683897535815,2.1542477407249114,1.2722727712050852,1.415430615560633,0.8295000157760554,0.6234641888470149,1.070437571703317
2.0534528290661895,1.6314414431552073,1.7366679943454584,1.7721038273034948,1.199809110784695,1.9319706337830236,1.045658685353972,1.7658784106826952,1.26879405703244,0.2501202440887119,0.5274662333411859,-0.03744461769742591,0.9826441603719049,0.3413094311488898,-0.7109644834949352,0.1574245483755981,-0.38108203635595705,-0.93085479324784,0.16725539731918282,-0.6208663185036467
1.1774414890479858,1.014742332866442,0.4252205496036927,0.3439573933082537,1.197534266461004,0.298024319112445,0.29058492657725815,-0.7474741880284619,-0.6698950531427539,-0.10877348977935025,-0.4045436699677263,-0.04600673286668577,-0.3868360451685452,-1.1743365677729767,-1.029090240505063,-1.4565722403203092,-0.5928547982675894,-1.0114988473453153,-1.4298992978340264,-1.4140889993032204
1.2039527663892882,0.9021623542963682,1.1257354315545876,1.1763172652403429,1.644986926845009,1.837669865421144,0.7094990730927382,1.3441698966608964,0.6211939202699412,1.217372469392841,0.5775777955799006,0.25599918824210427,0.8371971133932513,0.11643455729181224,0.05398691194389757,-0.8808698393348159,0.21240421316876046,-0.00896904276686794,-0.5017477997557706,-1.274813041484582
1.9619222663165956,1.2312259021802823,1.3158885777274663,2.4014950341664827,1.1548942850603143,1.6736683851642766,1.5236186298758918,1.359454344129708,1.204673411600108,1.1162937305429206,0.935446264357616,0.6557634519409915,1.1218445568985183,-0.17386062484986115,0.5889557340911276,0.33606271516275543,0.1131433171311314,0.10945931982154061,-0.5409706955756532,-1.4113702952730287
1.449257531096896,1.101253569674777,1.204486273824476,0.9797095420897053,1.2454109193264724,1.1381349226002968,0.3477537930720038,1.4834742314905898,1.9800019377802567,1.2082331831857562,0.7455004453677088,0.6546322371809297,0.3489369600489509,0.3872202330166335,0.16556925485568344,-0.3292935764715831,0.5069390241785037,-0.9321941455184193,-0.2165983201905976,-0.7042597158692909
2.2385073210089885,1.6340770964238873,1.3532677428944022,1.3775945322488712,1.4523115405119107,0.9196681221951161,0.99203391499568,0.4894078793009309,0.7226824352286663,1.0033008984514207,0.9467400476952084,-0.11520108254714512,0.4624466260365412,0.5765675797987031,0.11520761513448277,-0.2463896626233854,-0.3310807894199146,-0.5536377932253995,-0.7586231611115191,-0.5942512548443388
2.401249886076871,1.2002512899625255,1.3699729047031308,1.4559982358725776,1.1614070889606887,1.8160787216030472,0.35042757572026917,0.9909617988262036,1.4191986891062887,0.8481005824317873,0.49833444444128333,0.8528334972269216,0.8798686014130822,0.43545777755587356,-0.14011565144017646,0.18960712334843208,-0.32703605151054504,-0.03925769847697974,0.08937261647434025,-1.7060113672176913
1.9031545427988228,1.215155332736853,1.0881446980584921,0.8730243441922461,1.3963771975915598,0.3400242258519231,0.26995480675488426,0.655632264156366,-0.08385390537940608,0.10212504628895752,-0.9201403967744431,-0.8294738210078176,-0.3302449624449443,-1.3525880650844655,-1.2787912822982543,-1.2272567708024882,-1.8104405329202435,-1.636628773215034,-1.4527186614468708,-1.4755742195889765
1.8069548583081652,1.7910951231937502,0.6880983884664371,0.9102843608088933,0.9532668758808769,1.0941164533464116,0.5691539651293646,0.18662336308890082,0.12395877396850077,-0.08319096399474746,-0.9267140909270071,-0.6702372953539045,-0.34035418014555907,-1.1649948862566493,-1.1664930093713937,-1.4269374429694883,-2.3403225239657988,-1.4628686548724035,-1.3770565619159778,-1.6992442696061218
0.8329592704194198,0.822269661348189,1.3362073837210273,1.6547868623606596,1.2365408888731437,-0.05016093490548812,0.623608770422794,-0.19500694787174794,-0.3755650638280624,-0.537488736917765,-0.2732015940710875,-0.36365546177679675,-0.9632310063329506,-1.114480475182257,-1.0325661690960541,-1.1027330473493828,-0.9442884430196371,-1.9848535159699545,-1.4897623982555148,-1.9214566636102322
1.2744371383479498,1.0840421301885443,1.0118325557057206,0.5458797978976848,0.08865163522799901,-0.3501975436592285,0.22928578449657663,-0.10214243988120741,-0.41303330474608235,0.17632088740341295,-0.8994036487313841,-0.1806231795008908,-0.27448108011333283,-1.8624123654947997,-1.1813190827907836,-1.4898094594934759,-2.5795003036099553,-2.048961226993641,-1.1877988913337372,-0.6865672121692552
0.8635534823135571,0.3879140507719888,-0.0014071569647002525,0.4286540449736579,0.37026415138710794,-0.9545500710299926,-1.7302193473287077,-1.9535873160860324,-0.738113991816037,-1.4023932372730712,-1.3878233122859163,-2.2135829837968366,-1.792428433860894,-1.560977843193573,-1.2704539113247728,-1.3855250601695261,-1.4788210452160526,-1.1854130031143932,-0.1712878071248497,-0.3212093994569889
1.723037317764911,1.138181732373667,0.3157005636074517,1.2674356888688716,1.0897206409338076,1.5163893076449082,2.6130712105155816,1.4814518740249762,2.1862572583316995,1.1932461839230204,0.5747155329523138,0.8156972266997693,1.2295867470453046,1.0830286379983458,-0.04976245473225477,0.10839927396745433,-0.7379230832690872,-0.007465001357938927,0.11741094215406167,-0.6478608832958717
-0.2669536217440513,0.23872625223467026,0.35595383504039346,0.3149705695023715,0.44641535350585076,0.39632456479281397,0.9532960548542054,0.9362558682052318,0.3328153401041168,0.40321684766514876,0.7838800170831548,1.2550097965884623,1.0903138890468471,0.8405351641219256,1.264729609601769,1.0854987097658386,1.6228620651058905,1.4516685126045759,1.2348540973832094,1.4906661377694241
2.004193818792371,1.2698792261060479,1.6582927504265659,1.4484932754362718,1.607142336248846,1.1149584235553842,1.3429158983065952,1.6465147799443944,0.7170704020798608,0.43397626445720816,0.31008780218661414,0.20826578337134033,0.7554606224112871,-0.21114027487633608,0.06121435458756458,0.25444151701201795,0.000447292818808398,-0.49155604321950486,-0.4275614447662537,-0.6209225330472509
1.3505494270688103,1.1318697625943068,1.1420447831270528,1.8878309681960341,0.7050828915331504,2.023727879171698,1.161584034801952,0.8943820244208098,1.3877769108572116,1.559824939446088,1.2737230046229828,0.8772716151953722,0.9520767031429558,-0.3353954313876963,-0.028359724110282425,-0.3573422283222031,0.323639161085441,-0.49072365880406554,-0.16576831475547388,-0.449437887946823
-0.3449227744654724,-0.14010941226686863,0.7064972988210174,-0.02768002271124198,0.4248763478496612,0.1528339904499843,0.42933320879729875,0.6233001125511921,0.4129099948427799,0.4232743073350339,1.0001391186047566,0.6223799834299202,0.7068279012110521,0.7221740706901996,1.1289589523789094,1.595303571334684,1.8732789355411446,1.0280779041802455,2.2210896896965515,0.996176684668121
1.9115940043138382,1.2090526751184218,1.1488606498196974,1.1787749489089148,1.4153697828443585,1.6087732686071206,1.5667289402047737,0.8257914608385186,0.6960094795737963,0.5990828284418219,0.7821282670271954,0.592468553775066,0.1372611224263034,0.45904507709514786,1.0854000158191042,-0.1947603890463258,-0.3396210598820425,-0.11346782310476333,-0.7274574541630141,-0.3961948722550052
0.10190413191682812,0.8965329848525544,1.5570303266118213,1.0666135276056237,1.0120818477312448,2.2786042914325,2.1447612953690793,1.642424754543203,1.937579953742715,0.6064060382044897,1.1845495830743147,1.302380101503747,1.3748410973003724,1.2403712543144212,0.3719629925355916,1.4908719353870483,1.4877203528211298,1.8346525069832373,0.792652189537463,0.6651295077147656
1.4171747236587227,1.2710630195400228,1.802808103253888,1.458709596360897,0.9086708415968864,0.6042034845551878,0.8471964189895786,2.160590384884389,1.380983904151413,1.0411832425772456,0.754005657107078,0.5775736194724417,0.9842097005978594,0.15496530270847755,0.41114065675869393,-0.13224538442890288,0.609846321333396,-0.040417048203189365,-0.005708211594845858,-0.8975445748175737
1.7180684950002796,1.0494812751029725,1.0745462668399413,1.5197960213896808,0.26645752980840287,0.5688765595488928,0.4569599496100035,0.2782597547722921,-0.3229720360619377,0.4818071425939812,-1.0736011281493638,-0.16380265690342433,-0.4379923355843802,-0.3216966629375734,-1.8535625058734997,-1.6774634583149637,-0.8180015020583925,-2.2219203876183986,-2.1403568945932925,-1.6895700279383576
1.5549721104315974,2.134621286184109,1.4231235917955583,1.2333817523968544,1.560904837782577,1.5646229935114369,1.4752776539109533,1.132190983797136,0.3098387490110439,0.5986919101447079,1.394778462088385,0.7513583706420559,0.38832245961139866,0.7984710188194402,-0.2716741604626025,-0.08301345779746833,-0.1111129693310142,-0.5138834525523626,-0.4636258083076566,-0.7388582375109842
0.9184373758683403,1.5703224094762211,0.9658892411625545,1.542923461661359,1.98600319236405,1.2643751212832546,0.8301884730544503,1.1525903416956818,0.7590847513468912,1.2035419068398288,0.7674745289722584,1.3604360961172453,0.9825271455251567,0.2899713976772891,0.4666161196742132,-0.15016876797740342,-0.1526335773345618,-0.48190612977463576,-0.19734855352841257,-0.09058535425844694
1.292205389236802,1.4254699039063103,0.7988423447777087,1.4037806819512546,1.7117234706538738,1.5126976090493685,1.9070473942353194,1.0981955013713924,1.2867984597996303,1.2828343763095496,1.763812831296363,0.7344369918984721,0.09965643570861193,0.690375100811963,0.9266634348723597,-0.12189368840291387,0.17021628404193723,0.15415877085705726,-0.09710471988023467,-0.613557255952847
0.6869370275712781,1.0324622745118528,1.3385418314597084,1.5992771705140263,1.4405645374876448,1.2155655344038967,1.639282281750665,1.7994288166474681,1.6338597317164882,1.162305359572391,1.4270077454389214,1.8694915613379943,0.9160260133493614,0.5990776537475425,1.9952066491997387,1.5410281899123763,1.5129507025169295,0.7631662008964222,1.4029871208340636,1.1232942458540722
0.8444435638433314,2.0674446224341416,1.5607032872151931,1.3182438251909627,1.285152964309919,0.5706956380207258,1.5361163648953902,1.3081283498759642,1.0142411416450658,1.4771323887679098,0.27312642038306156,0.43782180490436984,0.177328005350067,0.23968560756122897,0.2073605025878661,0.1791312052122767,-0.305005712642676,-0.6882747452964684,0.17047184243988167,0.30087541177314936
0.9446246897108774,0.546209048408494,1.5034286706540418,1.5333924290111733,1.0367591068515427,1.6505236039022722,1.5670934938110677,0.9431499314058968,1.140444143322153,1.9520927833435526,1.6233366333826174,1.264642072448757,1.1258427803780942,1.2301913434578378,1.2141816971910484,0.9980768748519238,0.5735530565555661,1.6498983049075588,1.4962293644920257,0.5038925901039828
1.980549410988969,1.7275559437392851,1.9469956177560572,1.9618709830424184,1.2706645503329932,0.9988832593901207,1.2780964805196264,0.8542810386622587,1.1578559447419137,1.4185770581211166,0.759414169561733,0.7365288314145115,0.47979306076487477,0.6722946284449294,-0.08674046523033913,-0.8714527089695049,0.022131212349523255,0.05780131728868665,-0.3253812395648818,-0.9198728631294837
1.0241697557082627,1.6955302694367274,1.553821538941571,1.4263603605593382,2.1653341999015225,0.9980643625211437,2.008796533493831,1.21609902892593,0.3576450038299539,0.8940572440595845,1.2104684586211762,0.5305087823294277,-0.07258010924113656,0.2853977867513822,-0.16249645707170546,0.2038515561229198,0.14314359502641555,-0.7598406143337535,-0.786252559514556,-0.3611236788995031
1.1346368836631067,1.0648680023934007,1.0257535050491997,1.6174928568059184,1.560011950510992,1.1031659880420597,1.3008158834941386,1.8142384206397262,0.7022491318110151,0.18504126218306105,1.0087002582695481,0.6323703298907806,0.23332127252818086,0.6120356944118134,0.5160625503524929,-0.8761854122643024,-0.4272554951332244,0.5896740412442312,-0.27056897114901973,-0.3933392096234183
1.9473323064352817,1.5045587868044892,1.8159036218043496,1.7639022291575512,1.6519654614051098,1.2479796119467146,1.3676052939893484,0.9680408412549627,1.0969989164049017,0.49834194894753386,0.5104204314722189,0.5636059786814441,0.1398491346821909,0.1491966911717796,0.1148021017827705,0.16803073355348572,0.21348658934053466,-0.5228461997857541,0.03011090943915351,-0.2883362334920808
1.4964515827508877,1.2359718969794964,1.1581806740142182,1.3405974134084504,1.17299941641468,1.02155615838019,0.298288578953314,0.2922448684514133,0.39476036382426904,-0.6021849116958085,-0.6829951155005812,-0.7409421471510207,-0.5641790826292731,-0.7159833184915982,-1.3106173108695456,-1.9333746449109637,-1.316305148004662,-1.8384311806976354,-2.0937478160332157,-1.9997955375472478
0.1305524031382242,0.639088816096768,0.20452802898962458,0.3670652986209093,0.8480872793226397,-0.1519314586528594,0.7629846522037517,0.6371289764116524,0.9524795824946033,0.6140595255670601,0.5584548677231868,1.016478508660633,1.690767452824306,1.442159369987573,0.9570450628394003,0.6814341031822355,0.5978405675371237,1.8448849193179495,0.9789324571097359,1.2678532637528648
1.4524155787328072,0.16592973772134711,1.5961632784407112,1.3563517594727332,1.0429689573128176,1.5030721691122861,1.7678607559168718,1.0129783679380968,0.7139473984816157,1.0317484107627255,0.29242736132285563,0.41237824723720024,1.0062921719144224,0.37607529139476525,-0.5714142930934897,-0.7116708632240257,-0.10138205434191885,0.0076237791325642346,-1.150979520918756,-0.48389562194367475
2.0103119979785777,2.2528748519080546,1.629719061711652,1.67939844944366,0.5830750916527485,2.216685419392072,1.0685856398043962,0.8299970036076574,0.989790740802454,1.5704076714614135,1.7098884469988191,0.7266942672417537,0.9165649762956836,0.36848521894405173,-0.23474569672229673,0.5978232640030511,-0.41506732354318476,0.2768798581142422,0.015485594439337391,-0.41816615935939494
0.7315899025017413,0.9876122849979405,0.11887287730940244,-0.041004610604049085,-0.3707786311311194,1.3637234071526647,0.37904127999626314,1.0957796329798768,0.42955445195798314,1.4227593452934006,0.6055827471676143,0.4835872934994534,0.947688351109021,0.8850850477863329,1.3986420850959218,1.197264946697738,1.5217484388370066,1.2020365493436393,1.0949224239565447,1.16463440979241
2.296150114195101,1.5877996296153731,0.7037250739864837,1.2685938062410378,1.4750952756943565,2.114944272693828,1.7102612113988047,0.834698332384908,2.059215496007284,0.9532741598666498,1.3252019524113776,0.2145273964914549,-0.44193393084613775,-0.21216899667749417,-1.1197608979933054,0.8519615265888981,-0.08040316384606268,-0.7071900586137234,-0.3228813254762477,-0.5880470504702118
1.7265479532282868,1.9815438171791062,1.3812614965576955,1.1247416891822755,1.7674589484527732,1.6977175113474627,1.3390760482913828,2.0744071424499833,0.9167443454336429,0.6057951171331335,0.9939065989840405,0.4065556526860166,0.7155379169121797,0.018000297134074084,0.02027557931222268,0.7634619637034009,-0.32845127409970065,-0.6568730688414294,-0.03565942198569588,-1.0841974450569558
1.200997302923863,1.7283557049281968,1.8725945273170184,1.9648679680551,1.1374601298158122,1.6151878693881243,1.112338445225173,0.9611232135734211,1.573158307495218,0.7459165474434064,0.9379518663897919,0.7387625831436715,0.08902955671882035,0.7376407416123785,0.4044848499565584,-0.7873904490604337,-0.055247886905691795,-0.6465218249011593,-0.06510081490324499,-1.2419405996545816
1.3355838075308726,1.642541077119985,1.5189660754244516,1.7818607143082588,0.8289800683002904,2.037550134940628,1.5088395885581534,1.7472727521780325,1.4415692622716005,0.9610942600052235,0.3129907436169356,0.4511095229519355,1.1531566403992524,0.9053787121324031,-0.06746749955649911,-1.1201959187931367,-0.25129222512267657,-0.4524136064861574,-0.6038399822844495,-0.4523649842097176
1.8286596267113557,1.8938510755644085,1.6755136138218483,0.7563691308536158,1.2998689696266879,2.2984203136133523,1.4484684189638362,1.35051329435522,1.235667570487847,1.1318901547896367,-0.12657484445296951,0.5807210686869885,0.5021741745363456,0.8638017591712153,0.19944165033389527,-0.6514787589530417,0.005819331068071809,-0.6588623105316089,-0.9906451939008631,-0.9974442836289106
0.7194839170996639,0.7619655576708251,0.20029777375876945,0.008398168561220859,-0.29981342026074786,-0.6792821284761307,-0.6514524692194881,-2.08182251760532,-1.2224310481580245,-1.8015398348122171,-0.9959590474517479,-1.5561847087008953,-1.4787736334383752,-2.0448142673347816,-0.9468569090652605,-0.9751569964944988,-0.8411114129593142,-1.1967953469409132,-0.9640730594789949,-0.3296834655200267
1.9005867436089758,1.2886187700981304,1.4802505461629991,1.67940197068789,1.654452255914454,1.731565443182945,1.3832316357807115,1.0360859008657415,0.9519936964348036,0.9760072318702857,0.9265070184111532,0.6176621363120414,0.5250126756404403,-0.25569794475899194,0.44731460626684816,0.0795707112435067,0.23453183401580624,-0.33726824827167684,-1.1992899688770104,-0.8071591406649481
1.3982026257353235,1.7948925788980383,0.6691205399623434,1.4931492184022441,1.6418189490213286,1.1121892460810685,1.3286329289695837,0.9525708633177361,0.8000440212901474,0.802370365734714,0.5423932309945956,0.949978120225949,0.22335055652007024,-0.009960403349320746,0.8875439592207903,0.3914218004173489,-0.9108216756643093,-0.6432397671755243,-0.4069457487792117,-0.5342786380496807
0.6986169036785536,1.6379384423897776,1.360622104939452,1.058537605958033,1.2262589487958189,0.6684934640550999,0.46119019790325166,0.6933297111808651,0.29782959346653204,-0.6893014812938638,-0.3023503025444936,-1.0130639583398449,-0.7223567574409245,-0.8914067759711216,-1.7716585913727658,-1.3786691076834936,-1.3086759162908879,-1.6456208021639378,-1.371889357220823,-1.1718878024533335
1.465937369290388,1.5875710474079026,2.0505995891900914,1.6659560449127606,1.5166785785737957,0.993552648337132,1.5671921295983844,1.3354454467344494,1.6053689680588672,0.9844897231085654,0.10016342792780153,-0.003517552079888908,0.8116036127581148,0.12312616039058882,0.3550795929291758,0.052818853488677195,-0.23295219847819737,-0.3758769654698002,-0.8500867394863869,-0.6700917405021465
0.732529157738777,0.9160714856670051,1.0256420320249917,1.1453108529178468,1.6758559008908636,1.31561238933825,1.826611353926797,2.070536770080933,1.823993569573156,1.7105676194151254,1.6303030431192054,1.8365067343930357,1.5049774322856468,1.8301768010868855,1.6376158312580043,1.1925259035914693,1.6285990535500094,1.230484992738272,1.0655230924025219,0.8227151066671317
1.4226560346044759,0.6070266467417083,1.4820752773589647,1.8050642673478685,1.4220458049546005,1.2631285783180894,1.5098089714876581,1.4449954057574952,0.42791096957623065,1.0012674906987562,1.8010640776730973,0.14252429719220638,0.48316377412099476,1.1279020482905315,0.6220425551024471,-0.19823287662268985,-0.08376217955158755,-0.3381771232284402,-0.8031596591969631,-0.6934815079395111
-0.11198645312261153,0.139773446954345,-0.11038304978128635,-0.2281342433353411,0.3584169944145213,1.1518977922520746,0.5877952540687617,0.5091273785665626,1.0276909209771758,0.7441252438904351,1.6328429538774236,0.9587099432283593,1.3112897487537865,0.7959535752136787,1.361357872246102,1.327860308352249,1.2480650311525547,1.117742034109869,1.105753306103117,1.5109996945427004
1.0005111325461638,1.3701280445354576,0.9245380791578048,2.6063442153837624,0.7747650388574804,1.3807098963522382,1.7561034347748503,1.6179398304124841,1.4324100434475586,0.8388469504986507,1.3671056065162008,1.041887231772289,0.602251154318412,0.44743590256048704,0.05880343343882785,-0.35673501464548063,0.3286440587908575,0.1875507462061019,-0.8575745938802646,-0.7252947310007549
0.2736419963738964,0.1485071856485439,0.7135625500792452,-0.17405328012836435,0.5750246440507655,-0.033470615767164924,0.5925846712331,0.9378982591617724,0.6402555722320887,1.0279037305633691,0.5017368499606061,0.29479895566783754,1.2539027724856424,1.7953994218012808,0.76170419484348,1.7067005896174658,1.2880368445428023,0.7841685299005264,0.9083632518232019,1.4043725382950996
1.3163896798130488,0.9725660660213032,0.8196142452775395,1.1379896804520677,1.5138724660364535,1.3742240991524213,1.0982865420428136,1.2841403446942672,1.507883882523379,1.1233889099609,0.7781465594255677,1.0477595981156915,0.13339118636770336,0.26123578364770955,0.09993731824482963,-0.4876555076894034,-0.33416599631437216,-1.167316323592632,0.2609402815968853,-1.0387461803168034
1.388451863805232,1.469949201584191,1.5115509977820376,1.5319364341697006,0.47020355787259427,1.382646764141727,0.40695149539809394,1.496272696214072,0.8698231322568589,0.10292361569790076,0.5009881570272495,0.4485006597775544,0.9936111542762233,0.4298586961699482,0.318150470225209,0.4796144493759752,-0.20467404657042487,-0.035657266821549516,-0.2303864918954993,-1.178368462370043
0.5891934310519318,-0.4734468403046327,0.5559168822862663,-0.3243161779997297,0.615424019032139,1.2106164562406314,0.4697226209435585,0.5392226329979224,0.9702325986885161,0.6756945065435693,1.6129412653909083,1.037151846729869,0.903023120202231,0.8816811170127146,0.7869427828422286,0.9667209228717516,1.1303981235527993,1.1233895091783248,1.0976952627092254,2.2375951210918155
0.7329737130721081,-0.14493150914772873,-0.6820926160287578,-0.11990644101858579,-0.7004119285561046,-1.111938497600557,-1.4372558050178224,-1.0499221317426897,-0.6637833089546118,-1.547038759245733,-1.2250119520392748,-1.538229126701188,-2.0069057043868646,-1.148860980229093,-1.7914660822813495,-1.2174375923665968,-1.2004987318976377,-0.5143552322471072,-1.0778775184920175,-0.2627752841776049
0.6304075679170562,0.8605320087857731,-0.2989784411073848,2.072827589524498,1.5272092914185218,1.0605897266448616,0.9672681439575599,1.257135288398604,1.7687675230784767,0.7399462351537506,1.442936391608062,2.198619999758077,1.0156546024600293,1.4685028782094682,2.2732974352452335,1.5893227397799334,1.3206282297030691,1.3965475723108458,0.9476297614435674,1.5330472849481027
-0.1597320091600848,-0.6889987717707456,0.03244898091894308,-0.10418077518815799,0.26245169889249786,0.36221688134831,1.033883363485606,0.9198819808049352,0.831362793991935,0.8062749243955485,0.46208658035058187,0.08780485188011966,1.0763549280476346,1.4156518096004513,1.1167886176136013,1.0038811884600674,1.4564683471019229,1.2851122583280181,2.0352630491536514,1.8911499657781532
0.3838032228093318,0.3977675174076067,-0.3270967432854557,0.5477105175835633,0.5254596868300997,0.7084203963370277,0.751957878288864,0.8228699252784071,1.8064031867816144,0.776978820947819,1.2601647362255117,0.7718790228407895,1.3473475570455902,1.47352328426397,1.305892601765576,1.8855216945253475,0.9169570664720708,1.123556761910468,1.4459174067734628,1.7503813703445283
1.5499464035006636,2.0120348713288254,1.2325540093811738,1.0204460158272484,1.559600197318608,1.3459122897481979,1.5159272131861328,1.1924245506310724,0.955865278328921,0.9357632770977514,0.8382095858986739,0.5545382755120838,0.4360784887248501,0.18976626467508612,0.5230385404327396,0.08473419749005447,0.7364846574668775,-0.2730506307231261,-0.7242739255997608,0.4044894850029477
1.6436251460684246,1.8937811714817254,1.7340711510486981,1.7258818233417696,1.650610483244996,0.9359505742832501,1.4457933440674096,0.6734409454375784,1.02212806001329,0.675491323161926,0.9696581023208894,0.8101812943867098,0.709789663560296,0.46612222856948504,-0.06235764422958265,-0.0972756000529371,0.20194213310116493,0.0898102196832492,-0.9626441769189158,-1.2761517179473367
1.1874188417008056,1.915814289537499,1.9831835698409153,1.1067926594622015,1.5592726041985414,2.1105569334497116,1.4649063159389784,1.7719867810709116,1.491363822611543,0.6016588232960765,0.7506774585825686,0.6904325867681551,0.5589846624627574,0.7177351808452788,0.34384639739514034,-1.1673545818235112,-0.6913524406377195,-1.212284817224928,-0.43378484120616245,-0.5675856051551738
1.5914645784269776,1.1141599496387522,1.7668875598156972,1.763182410210082,0.9342892358219431,0.7903691196141275,1.2987290505520697,1.9200983764230177,1.7717702914577607,1.191100049966462,0.5346713593493693,1.03126785924685,0.3363616013306048,0.044200784800325965,-0.6772142401638208,0.048078675026795914,-0.4181632710555791,-0.29876029942310905,-1.4236740159631207,-0.5958499959088033
0.2544943313721297,0.23361923313009508,1.248123907917962,0.46408739212403327,0.18883113210383717,0.2413078099709835,0.39781050259691936,0.04103012028724573,0.7420022819584109,1.1208403314121536,0.6402843436444853,0.6373229244327461,1.637468982008215,0.5272020655225217,0.3329948203205163,0.7566621401157945,0.6544943941665193,1.4729355642195896,1.2166835721842375,1.3101838109413035
-0.6452067254307877,0.12246511821207663,-0.03851206014369435,0.6690245324563922,-0.20402913305210668,0.24901708296141079,1.2800769718271425,0.2659210833000411,0.6314432981233269,0.3211154957984392,0.3462587787813872,1.5791993401814621,1.09950672054538,1.151266863466037,0.481595676864948,1.3613194728180686,1.7336362594137682,1.7782359629091689,1.6282986642065311,0.9462643979126778
1.603423961859887,1.764765240915242,0.7794525237321409,1.0281655750299563,1.791611791401383,1.727202710862448,0.6793485115942879,1.521394050685343,1.129994554239751,1.2781418876301014,0.5728614986078233,0.9346041940437768,0.8548628170484712,0.2106696252875655,0.1874735109542913,-0.25228285611412665,0.49443924807372275,-0.3854412269648172,-0.8727406675391689,-0.9501110304921783
0.553190465690703,0.5597935304780826,-0.527204942372474,0.49465288029139187,-0.36556141177370177,-0.533230610032553,-0.9691005407339658,-1.1066087438371015,-1.326179643850919,-0.9764514333489323,-1.4642915114507518,-1.1905024992170672,-1.6646918780865363,-1.3645293063083337,-1.6751574023661695,-0.7394769515842079,-1.397389462183162,-1.0015779837779146,-0.7806012864856409,-0.5607038023678961
1.767172902759865,1.3710681508299414,2.0547997699841307,1.149287377170603,1.504099850681089,1.0664700044686364,1.4671708380554316,1.197005576186966,1.0298483766989124,1.4411282923886504,0.5649332795593585,0.9111368584986159,0.2097473421843044,0.39627767953399967,-0.2978576388044013,-0.2578810628349614,-0.1990735496297751,0.3885272156947204,-0.46360938928438644,-0.001913338595595615
1.5663039116590576,1.3428975589346233,2.1129725668079793,1.6514844604520378,1.1792602251509208,1.5650129839537954,1.1817438250798007,0.4077717885091555,1.4662624582845507,1.4037119280440125,1.56184683997831,0.845388272329521,0.41784193762120836,0.6851993704212846,0.5203006386125395,0.6624382689423035,-0.18406738062720593,-0.40356404026154863,-0.7901487053717071,-0.4487958302521975
-0.6193046672923341,0.405108820868671,0.4241042712414429,0.5165411177458723,0.4302193983722058,1.0790418039929963,0.9037114697343884,0.398934013588901,0.4903849790827177,0.45558356356273183,1.1061431170040146,0.5602193784504081,1.464447780923862,1.626984651509205,0.8085156633312565,1.143603503737606,1.2773158735612034,1.672038402765624,2.004702722608018,0.7238616718034084
-0.12727228701067314,-0.011732806500493617,-0.3712977194594921,0.08846902904089876,0.5460368815117141,0.35437894384473945,-0.06293438387932249,1.7913979693431465,0.8325277450434485,0.8521307409712566,0.4464592386669611,1.0645574117349008,0.9654054098739235,0.34238596308482505,0.7320199949056704,1.5357933246443256,2.0482745410164145,1.4653113005949747,1.802198683681414,1.3357565055175555
1.4435561307104492,1.934122867772385,2.162340873439489,1.997116089008919,1.0098036325500785,1.3500008440675781,1.409791598833363,1.0995142815746624,1.247016211944542,1.2939690304548197,1.227793928763456,1.3508788563400254,0.3855548653642875,-0.19440966646587549,0.323666330090758,0.7606502081616556,-0.3570066753822527,-0.06259366040902303,-0.225632620479239,-0.5872038460044345
1.4809444834001761,1.1283595744360417,0.5845651287994705,1.0319371289570587,1.2802272030593265,1.8157534751627593,1.2575305001022945,0.9957751794104146,0.7354790177969317,1.228460637191033,1.3700128945536418,1.1019050841983997,0.7597911871576091,-0.2390414990833259,0.03970279534746829,0.786047487243605,0.28256386536546085,-0.9523337385284009,-0.5261671467480046,-0.5185412918778628
1.1733112097722023,0.5740496481610593,1.5367595757742742,1.1615741085744944,1.1228121670701325,1.2349122562213732,1.2453113591809202,1.1997523493393993,0.7382772350095033,0.87765449393361,0.12370067982029775,0.8009464215986473,-0.6251788580822417,0.23540756729640236,0.5480469539557582,-0.4166104792221959,0.12035575006233096,0.12496063361384607,-1.8270909184672515,-0.7243258263725751
-1.1503093710513101,0.04739049349526674,0.1861017381025963,-0.7105045576018121,1.144864648603416,0.5802568280344124,0.21530471073082885,1.2279166611385883,0.007811310704849639,0.31578467552125966,-0.03415242557417986,1.6806930255621242,1.1640294720793227,1.3615560441103858,1.2805226644788272,1.4473300220325813,1.3018985665746337,1.4268136756607335,1.4040067468532471,1.154621906723128
1.570388061867226,1.187857633659061,2.354314371553376,2.0525165825947242,1.139620606023303,1.3258413329452317,1.3966209529025317,1.5487510956023183,1.103533959508309,0.555780346034894,0.5396465723013787,0.6747380769006994,1.011114098760098,0.5223387436842678,-0.12899347816102946,0.26647490677165075,-0.32101026695189305,0.018830750840225674,0.506873229863146,-0.807311213319698
1.2869685947470848,0.7668167609021952,1.1101961430321372,1.2478130756261752,1.229513054270277,2.352734196530137,1.2944931894194045,1.6901354050642872,0.709980961421323,1.669578830735565,1.956391996266696,1.2793243137413872,0.46514428043098577,1.420888155173076,1.3988470492963416,1.6260921082013462,2.0746199156742606,1.041871530107122,0.7654606459833362,0.5464276502781493
1.55740604179533,1.6894729602519996,1.2789678000226676,1.788150509912986,1.6225024934316765,1.3940770760516326,0.9378158367451946,1.0106397407837848,0.11997107550528574,1.0600531314664543,0.837206543480374,0.7519223918872107,0.7190589134800455,0.5055321940427394,0.13621922022656277,0.02659301295283573,-0.7279428980790968,-0.5708207095102812,-0.4837425159949115,-0.9581220953072225
1.8222349133317088,1.2342784243425866,1.583752122267028,1.5233036743488046,1.7348599001481702,1.7371008698049972,1.5763947694300207,0.3609829864244205,1.5695324537835544,1.57666159546508,0.633820314252812,0.7711895605205559,0.1609986352019086,-0.4281478032230103,-0.11511361373197765,-0.20892982009770938,-0.3081566239413553,-0.720898087236906,-0.7973010041951917,-0.6681831935936412
1.1700838017386335,1.71514098974461,1.7698942183266773,2.428832510088466,1.886620835553391,1.4740256235250422,1.0506760063757734,1.3208844076472734,1.2225115785448462,0.7604130701849765,1.1401625866825509,0.11729158957866581,0.41957137303921715,0.573546983196813,0.06533883344813808,-0.07557596568397375,-0.22133067587754127,-0.671572947509609,-0.03437056483861278,-1.0709957337114042
1.6054383259466445,1.6631904160375481,1.1177811972841147,1.5059191133749674,1.0724959936061254,1.9332013902160545,0.8432685502523596,0.9418266292848883,0.6021831912360716,0.42265881504022007,1.4631561443343173,0.8936406650164408,0.573448677534439,0.08857281413108153,0.5434172169036843,-0.32256318005924645,0.1512393863314121,-0.6863369618767654,-0.7617340182185648,-0.3604677104951097
1.6403449876356178,1.4135014188195532,0.6106626909640837,0.687086206852766,0.7463270489903759,0.1478650822626958,0.8301429502542301,-0.8905207751282505,-0.4541540449722127,-0.5565250988771842,-1.693205839921967,-1.3058484644508885,-0.6739027728042083,-1.0699387241578617,-0.5890172575732103,-0.7118402848051519,-1.2415601742814701,-1.3458094261659903,-1.4714008907455667,-2.5562797204055574
