0.0632189267851146,0.0403301478558955,0.94468739854672,0.184400662858855,0.0414878181643231,0.60051619027314,0.882283713012895,0.70567562664278,0.775842222969158,0.654218623609249,0.87403974108196,0.0735089804018449,0.0168601527107399,0.75622863424692,0.854072989785642,0.0421991457029777,0.0236437728526592,0.0360195822782824,0.816627335415794,0.0256170676756329,0.638496863362691,0.878673568312587,0.0191004321781763,0.0336650719176047,0.0940775061154107,0.12068804733876,0.0302917898908466,0.947378972958899,0.985012184730751,0.0289453500535213,0.069600176659133,0.02115154099326,0.0175319019172998,0.930657659620342,0.0283266590526947,0.834022816675783,0.736096425351253,0.898549738544315,0.921532186553429,0.0998421747399099,0.661645402055539,0.0420745869524047,0.156394011561699,0.0154721582205064,0.611166046088404,0.0413597691200368,0.0322363264320419,0.921782837629921,0.969907139723939,0.506652079007731,0.136841002587817,0.942375807810537,0.161184835910628,0.726763804456386,0.0180053574451718,0.0421702588693266,0.0689419063694933,0.773507916002806,0.5750293613323,0.0874838001308028,0.90154572945587,0.729345273890439,0.768068762390839,0.768644413290031,0.872960992544612,0.0141054449257351,0.914784583914203,0.521052619781751,0.482788389756933,0.0207914803289112,0.818598058628621
0.068748265572219,0.0279677893661414,0.496324921824777,0.181500041735063,0.0471291545396076,0.591683843260513,0.79536341291216,0.813590410356192,0.693610265819339,0.610827495474376,0.718995670090059,0.0581703736291111,0.0237712303683263,0.94091254453357,0.891539085704405,0.0356439590994332,0.0251326123331769,0.0377172751493567,0.683177706260802,0.0283266739677283,0.329218624063272,0.755857425100148,0.0233066266809498,0.0324358092737981,0.113335499083441,0.0589129002891922,0.0287478524930865,0.951407677390849,0.97749802463947,0.0356586527783464,0.054526368430045,0.0247147401526941,0.0259366491612527,0.941292280714134,0.0324385813037774,0.837116049841433,0.232212813876452,0.914446193870543,0.894156215859222,0.0460084477643928,0.727482294965413,0.0520319220587271,0.297854944480403,0.018681325954055,0.422057612331159,0.0406459589128044,0.0385838244307974,0.903398317287492,0.964698796214521,0.693628118209193,0.13666158290772,0.944252442368966,0.132534590925753,0.935106558505922,0.0197924770547713,0.0472602430119775,0.111135353492147,0.575558483600099,0.430121919845356,0.080149319792852,0.87631933103778,0.841444979440084,0.758330788959952,0.439449949532815,0.75852568924581,0.0169024229024395,0.881697808961615,0.17699806793743,0.403365839754149,0.0226848363283177,0.599331015146608
0.0655574463388519,0.0221107369815355,0.459162263337982,0.535278981466089,0.0462150336818289,0.660875403268327,0.87178080052651,0.854293314465657,0.773063283659827,0.726973885216788,0.872347095937925,0.0439996034757183,0.0205193334967439,0.952987127083816,0.908368708883851,0.044380088215805,0.0302576240331723,0.0487862579544535,0.932839730175092,0.0301547350117042,0.427832774007691,0.313618414586435,0.0177786023910577,0.0304518705409891,0.146952008582764,0.0916560919842845,0.0286434761378125,0.933736777628201,0.983244051536178,0.0352574293740269,0.0939127288023152,0.0218257321509744,0.026685393756109,0.93840566407398,0.0241395992305818,0.853463252567247,0.599266483735889,0.88354653152761,0.880733877827632,0.0470640629201064,0.817698679266443,0.0334395151488573,0.177033990974036,0.0146953145094419,0.284318152319645,0.0360526069456997,0.0391218666493149,0.899597729976465,0.974604788180168,0.70639451271102,0.136939342667309,0.927557761845314,0.193942486242876,0.840533880528044,0.0209965915810203,0.0772918193994673,0.0710520230479928,0.711067848076712,0.516828210800369,0.0904078804223759,0.927156961102052,0.880297568062707,0.795494024580803,0.25334879856586,0.795024674490622,0.0146586071270695,0.892461826099357,0.165064124020757,0.228309525284117,0.0221563086822924,0.559001349741796
0.042686210670233,0.689544298883188,0.863153187058397,0.383891294556199,0.040245613857441,0.546303680206814,0.899166995271384,0.575049143793282,0.722302719579464,0.704231242638402,0.83029461336744,0.0705706412153185,0.0147425800433398,0.761059781572505,0.892391719038507,0.0315520427025787,0.0230599586587097,0.0454317965839059,0.923442242934696,0.0306337155977653,0.390512890797383,0.941065430397988,0.0144078567866224,0.0266578492551634,0.114333535403477,0.122547549611674,0.0279768390410595,0.900426212737128,0.982182848692581,0.0278779578793331,0.0529804842294887,0.020309317672708,0.0190833867453545,0.949901088213086,0.0196184960574794,0.794528428964957,0.640653325309033,0.910724188287656,0.918867269530312,0.0445277741106963,0.593710892899649,0.0511106607291861,0.217781831408862,0.0170847175066057,0.337214264816701,0.0530053222808135,0.0306188711002567,0.923838297559819,0.979736399038932,0.661398423200608,0.135180896306807,0.944024929921505,0.0827501319877895,0.860185403265906,0.0203965734533793,0.037817363134909,0.071095499277228,0.737613969794155,0.382591299621967,0.0777430615776823,0.85437394561806,0.739465252567061,0.31728600864254,0.871228214734853,0.83588483393301,0.0159291371256547,0.932993383450819,0.239922216096866,0.335944939909893,0.0203033948924841,0.795972246819988
0.0524502735082267,0.0421681780611298,0.859989318531201,0.264627212209314,0.0314746282002541,0.488715098923516,0.747714976539417,0.678978528951479,0.532964112362299,0.448498047690985,0.691964215203757,0.0899642361606767,0.0182573550836629,0.841153658617068,0.862669340823484,0.0310013553303508,0.0263446558930092,0.0573127757136496,0.777075958611479,0.0251712938372477,0.442907285529196,0.39724164739322,0.0177316101247989,0.0281885828808326,0.0522191662513332,0.128097287950088,0.0249319304316538,0.921511040552566,0.977404282048552,0.0280541723161002,0.0480154583297248,0.0199368927193447,0.0207462674730582,0.873305670140016,0.0239228575830413,0.726120887118736,0.514706498046884,0.837738642351545,0.787572426879805,0.049333477081533,0.76593466237126,0.0529749086108699,0.408555103537958,0.0139466193153747,0.569955317878361,0.0337866420341793,0.0276650316677218,0.956997056368042,0.970158241965473,0.765972231495324,0.237198858611829,0.949186414666242,0.0714221547326573,0.846702111011817,0.0200068313993966,0.0312897990232145,0.0549515133436198,0.496649669098427,0.230577028303434,0.124537239488318,0.795423137608611,0.878006649221228,0.446263282542183,0.456302479845475,0.643371438877213,0.0177439015604244,0.824556954372455,0.36048219416627,0.421765622294869,0.0228909322629018,0.719819640985995
0.047398346122735,0.0288808026263335,0.233216138245012,0.393170173457157,0.0309280143133604,0.610892579856926,0.858467866561192,0.761241486929632,0.656631823158557,0.625350185038298,0.731368668940036,0.0967780747894247,0.0174380561960749,0.85302066912236,0.925769948355275,0.0346419453581125,0.0287828721313221,0.0543189881794527,0.760211490248155,0.0274931425229247,0.359704388200418,0.0915289495139016,0.017300692637883,0.0225333630904485,0.09527300716441,0.123942790455382,0.0305108675227365,0.924731363850135,0.98392784515461,0.0268146946046677,0.0513157195157795,0.0175181641953767,0.0177681941957613,0.917263709557959,0.0258947413999887,0.859536071207889,0.404724819008579,0.908673499191293,0.890746511473306,0.0498888027569926,0.812524145521254,0.0459535444481549,0.369106184814008,0.0165725275068183,0.591294289409999,0.043163891399807,0.041359728481445,0.929029386446457,0.975149592908348,0.803917438637025,0.160695495257131,0.955699262826044,0.0914956441251547,0.872751421579301,0.0183308573995481,0.030140669610285,0.0570130470248582,0.556312299320268,0.367153475547411,0.103286466904705,0.8923763650258,0.906531456834602,0.740498232832835,0.309302004429145,0.750225864886415,0.01710394858014,0.85647533160516,0.207921781310384,0.345369239069798,0.0209039194171618,0.587876252645474
0.0471153363588298,0.268408962451174,0.725259235115656,0.366072324367809,0.0342306837240726,0.588558269547403,0.915359011366695,0.714727485444557,0.74395377140465,0.555971046130992,0.768881507449095,0.0785592128202591,0.0222722123016872,0.556051549290066,0.946949597201562,0.0387314877349434,0.0261861945265036,0.0379812494990333,0.854749035207413,0.0312584893268845,0.605879354414376,0.0644912980831489,0.0193669593648816,0.0347473630968693,0.0923307233080637,0.0331228593381161,0.0219055955971344,0.932020693341549,0.984289694514266,0.0320865972268996,0.0504180063779288,0.0195141016317077,0.0179255921603261,0.925276180366975,0.0217418754975274,0.872436069794207,0.329842087839774,0.938032555169,0.937483837010804,0.0543769605161326,0.755551593783412,0.0515071649637877,0.263540746220398,0.0125649774192704,0.276258136741632,0.0547703107173405,0.029186422597816,0.918636797645507,0.968012649236591,0.753483389895981,0.0900571022670825,0.939296098877111,0.0774086072649777,0.881573319303447,0.0206615266911433,0.0372442531519553,0.0570703558502012,0.663118739462336,0.38870525795287,0.0773717922879984,0.939453856067076,0.845567651728616,0.755553974580257,0.522581085873889,0.813234518770512,0.0156242927032796,0.910726854824821,0.222715513075139,0.22419561510199,0.0181533019498381,0.527072093660363
0.0495318733121124,0.0300284382591787,0.953155774111954,0.230511546274912,0.0344671933977734,0.589896936642325,0.401565278104695,0.6617828040085,0.439404026498875,0.336525307536435,0.366373984799215,0.0773119356634535,0.0192526938147963,0.687707990363746,0.765440369179295,0.0439650255072264,0.0288783330977262,0.0842207393777366,0.395325342518898,0.0358345506885315,0.349211231766198,0.229357031350367,0.0170865128584131,0.0329631535180725,0.0859866327448912,0.115400065809027,0.0231076695445131,0.925145026077576,0.985940691293666,0.03445773347651,0.0581710955094642,0.0191256903835147,0.0214192676868299,0.920233853228257,0.029382372380199,0.724343447465039,0.287512800774059,0.86243161102594,0.721966849840828,0.053438481180306,0.747925808255621,0.0448699065609327,0.497466873809184,0.0141817128540671,0.709347247190834,0.0375508105939651,0.0282216454743717,0.925563248720883,0.972836709425399,0.739856038763917,0.232851261658041,0.957023940280096,0.102470752820238,0.917770086086478,0.0195662977453814,0.0303848684996034,0.0596272649088166,0.168561746969384,0.0845256904241793,0.100299914121487,0.51725883395402,0.862286193460073,0.720497731814071,0.771522780179058,0.17120567106648,0.0153147502956516,0.664965960046574,0.280540016003353,0.820272054627178,0.0226799992207898,0.778476681141575
0.0423057417356137,0.0276557588133563,0.920249393204567,0.281836610502587,0.0391332256902082,0.673983872794688,0.764710129440547,0.731153751840808,0.634362654151255,0.291506288374024,0.720050247688673,0.0908121874425258,0.0179634781803213,0.530447470512765,0.893114866390837,0.0388615829233778,0.0245332962029563,0.0666422583634499,0.748387954826023,0.0326343735718137,0.350795980716884,0.260029846691134,0.0170078433776014,0.0304741395075578,0.0920775003741593,0.115802007073317,0.0248310041963374,0.912379063937324,0.98190888754038,0.0321256177373765,0.06553944191229,0.0201045552720928,0.023090882651004,0.898030542029124,0.0254227860759726,0.832705837679357,0.377296341026261,0.865270845696062,0.86331513759557,0.0566479177529696,0.723300699786215,0.0346371255213047,0.354312087220387,0.0125933356295964,0.52903437489452,0.0360774176650815,0.0363596086727931,0.935049179857847,0.975112437026433,0.772396958845456,0.215655329020607,0.935665403372896,0.12560670293343,0.822117246619579,0.0219416949718671,0.0365282411474312,0.0670460078369525,0.550392511275083,0.333633713806548,0.117056568614413,0.851467249911067,0.800386780252002,0.70526370266597,0.431055034451366,0.776347615673289,0.0179696319381182,0.902399086372314,0.284320712244532,0.332378929942451,0.0231389808012257,0.608834501422942
0.0458345545691885,0.0238095513875535,0.782443312496451,0.34443453872353,0.0287742201293985,0.542396833427912,0.797447922226038,0.71470685890952,0.661042283820859,0.597806752696554,0.588393877770342,0.0765435997451746,0.0169492540895176,0.877685306562108,0.888988982374721,0.0378718700567138,0.0249402035540656,0.0351251599873003,0.631657242375005,0.0313814099308492,0.46124900055928,0.508379563492284,0.0197446453278611,0.0304571586294219,0.0782702071520598,0.0918401968669324,0.0256824806124693,0.929098388897575,0.984821210619771,0.0328376926461241,0.0360019508462217,0.0185505497241299,0.0182983641286821,0.932188456898378,0.0235991986467344,0.816665383958768,0.607252942453205,0.938696143318937,0.793866515840787,0.0481975859608136,0.763232824454627,0.0731815658760947,0.341959201135691,0.0148606311622331,0.634604146644628,0.0347140308753504,0.0305515936000202,0.95035619384236,0.968395727280418,0.743941456204449,0.194213859710854,0.948577074191252,0.093801011619758,0.920427043664736,0.0199298050314003,0.034101266375103,0.0578546195218679,0.444172450469072,0.275546851208893,0.0824671168096264,0.877480585056004,0.798954404803836,0.821139896494055,0.548776113724766,0.575322123752348,0.0183939250444458,0.763057891040315,0.202541018188245,0.495572136226862,0.0222008745558646,0.667233734341803
0.0467056547691372,0.033354084840711,0.548297287222854,0.273410737100562,0.0300600811139719,0.552341010363023,0.768547138307644,0.664613529570668,0.66657500697464,0.464963429404565,0.747519712132343,0.0844688882482304,0.0168897057586378,0.750014703973376,0.911839029551855,0.037008787462658,0.0205989709948657,0.0352650492016976,0.813462174964303,0.0328640880965108,0.541202105479369,0.279660133598838,0.0204313556105258,0.0259166899105015,0.0826787308492811,0.0932117492448809,0.029586194812212,0.921589580947119,0.97688643677347,0.0280920690589787,0.0453935948431937,0.0206658306188164,0.0208600101971724,0.944747038616634,0.0302503931851737,0.837191875156065,0.423463502810647,0.914895114523649,0.820352901244001,0.0487825860750917,0.669880661574528,0.0550252923567473,0.265155249291564,0.0186963916814065,0.637595788876552,0.0400293358980435,0.0205027452655101,0.932043389380498,0.969249878866303,0.732541614842971,0.158677253991881,0.938352192954537,0.0728475398654778,0.919438310997307,0.0203311812966067,0.0304181052670889,0.0590605517774684,0.635409754663146,0.409827153615792,0.138004726217322,0.916772330788599,0.751272881223262,0.714343446646107,0.90012981896132,0.772742132221916,0.0156704746996117,0.878316156553733,0.319903493213556,0.571329671700996,0.020492154862411,0.787877102420391
0.0524167220488749,0.0749881239264301,0.89738377845295,0.213924042297462,0.0372107371088629,0.707504636811641,0.886632146726409,0.726097358992735,0.569544625568235,0.368789171731442,0.745459122646144,0.0891665617333976,0.0177936288049462,0.826288850283258,0.914634332196111,0.0400654838008943,0.0233297575062359,0.188972684484238,0.943265731049277,0.0359795174649134,0.392554803768332,0.84028731190711,0.0171368101780159,0.0294021219085572,0.0841702807895297,0.242285536051637,0.0334262986808083,0.907506756815707,0.987759166914919,0.0282573758384187,0.0412861201823261,0.0235469282849077,0.0241256490995366,0.889848067589034,0.0249638320731946,0.662200562646032,0.717970271618331,0.810048668773476,0.918581094291074,0.0542177132779014,0.90008690792128,0.0273785167158677,0.502662105485059,0.0256071454527997,0.478051800362331,0.0453070675337975,0.0343699175720069,0.93164873388894,0.9692549341123,0.643727286062889,0.513256881909864,0.957476276293404,0.134224331237814,0.903850266236385,0.0158548208411612,0.0383008223189812,0.0856804476479476,0.577390326959453,0.302337911447644,0.125428800987194,0.80549925895084,0.885112743317837,0.379383756749096,0.73566240906206,0.776448002502058,0.0167079127770096,0.923224996106415,0.714865121977517,0.939646965314738,0.0220651057843998,0.546089086937599
0.0400264816629917,0.447839029617853,0.190045767624835,0.397886867963835,0.0347542015027029,0.648176040761745,0.846791657879795,0.792020560875157,0.60764627786649,0.628772075312677,0.874211107863677,0.0874795311813545,0.0171233345463626,0.812132109032934,0.909950605251188,0.0316519166472455,0.0224497568467641,0.0435916307301533,0.957458398310857,0.0237228368861148,0.619024735446458,0.690544056826544,0.0152261626264698,0.0254035961681902,0.0655230698825248,0.15891074013443,0.0217538265610924,0.946012800616747,0.979469458631344,0.0223713099582508,0.0443203442989577,0.0201051173526536,0.0199855387649349,0.928518218353626,0.0249151647573275,0.790894376598462,0.573088834065709,0.921239533966713,0.906726199037894,0.0480368056570429,0.651524182219682,0.0393821509873446,0.399507527449615,0.0129808155105852,0.344526707566607,0.0466998886726239,0.0264578203137728,0.928167524639157,0.973434538411489,0.783770055919916,0.1381248961341,0.949573940646126,0.0890280488192048,0.882020823360042,0.0181708430799904,0.025409802223551,0.0724091854227509,0.643117595347161,0.633625719070193,0.0954842927743395,0.877132318945904,0.934927994711534,0.719688700379792,0.558835611800903,0.873458654243289,0.0155312157646096,0.938827124992737,0.383578481052117,0.215842640985323,0.0200592634686183,0.602386587374548
0.0437736119334917,0.035733417120928,0.951113595678343,0.577571893299008,0.0321711471946717,0.434679285148621,0.892701342928989,0.744743253528045,0.705679058596591,0.659932292419498,0.824111728690038,0.0902952579972751,0.0157573774056672,0.87693881822548,0.921832628446135,0.0442963431570844,0.026616770050807,0.0522894806840673,0.859232016501087,0.0263606175756608,0.588671208392432,0.726506555337907,0.0212530055392854,0.0306816229396107,0.0960046930341818,0.0732789888197976,0.0292490454467007,0.915921660769879,0.982941448977091,0.0321413152919725,0.0690547481457263,0.0189611594717872,0.0182139910102385,0.942503457218798,0.0241905841188117,0.820706711675733,0.81116676801837,0.903356950349169,0.657965799738239,0.049999493725366,0.864008174939708,0.0440827950976746,0.285115925128427,0.0149502424615177,0.550006676785045,0.0299244386329095,0.0233269255355829,0.932294691855768,0.972737506263776,0.824508534634031,0.0827468350691298,0.947402597664028,0.124422347936642,0.917711074495776,0.0284255594871349,0.0303529675016252,0.0524517621881667,0.7053723185103,0.721046522417927,0.0858189860603635,0.915012301786795,0.910570017325855,0.776907375551463,0.795728437019512,0.87313121558106,0.0166031853936717,0.900252783544154,0.262092489249671,0.338851647131101,0.0190176687410883,0.79144657497075
0.0445317764736561,0.0400932063352285,0.53078365958102,0.199326132934599,0.037440955553238,0.642990693927359,0.373456551605394,0.71237406526869,0.586982851360766,0.34581380697117,0.717881267936405,0.100775372095799,0.0257982929317117,0.743337005577641,0.85640634496465,0.0396808297024047,0.0306018362709326,0.0983646824110919,0.833388617004176,0.0421187371004616,0.36751772166612,0.343130792362821,0.0247607311067837,0.0365056201020205,0.110272105490373,0.137573251738227,0.0271571039578856,0.885434397072339,0.973421433282548,0.0301378999928749,0.0576893590945965,0.0210983781432127,0.0254031117631506,0.9160569034317,0.0324887815161929,0.768814541429957,0.788680822014551,0.809973790935379,0.864068152566615,0.059192981371768,0.682517142709501,0.0561288170912813,0.494893426540357,0.0218483552953448,0.321335462136619,0.0467500643223099,0.0304601739158607,0.874067662445709,0.967996380529611,0.702818737984404,0.213391834282574,0.95124766998874,0.124805794785914,0.896738390736597,0.0215639879271991,0.0337037058290567,0.105527023530471,0.599975682761979,0.432744478492745,0.11159786200546,0.780492932509948,0.845168921808932,0.542417898362295,0.448718294665555,0.806382197793129,0.0181490403056862,0.8850779656417,0.370198102436699,0.539662443133823,0.0212159090585397,0.574482692361626
0.0457672025641132,0.0456185159560015,0.585573296194269,0.155336676300117,0.0384534942264816,0.387594526856955,0.818221515938692,0.728069970474955,0.556478296138434,0.302396942546262,0.739561852522733,0.0638367188631859,0.0240575979314773,0.796730720215239,0.893026784631563,0.0517278441259325,0.0274447072770022,0.252721119150138,0.831722345070097,0.0434553530022864,0.631376139659564,0.894428056072323,0.0196346985422114,0.0254770724251139,0.0861890910708587,0.105600894440148,0.0262556450510687,0.933307453070525,0.97967938111607,0.0280492100739095,0.0417732578405298,0.0207700708436798,0.026097845850235,0.911129568592343,0.0324701715604218,0.804314009607516,0.767249550584737,0.860238509341244,0.886334216341722,0.0587183363325395,0.859031227944846,0.111960785892038,0.609029645405758,0.0126081934856619,0.515113993790019,0.0326404946843756,0.0329495214289,0.943666814338012,0.972984630716917,0.775219087054172,0.156482627666296,0.934943578910679,0.0844381583981286,0.907467614640082,0.021878378799278,0.0348408475780332,0.109906160581915,0.601978551464237,0.351759654461565,0.090785487703252,0.850894477953934,0.89665527178633,0.429738851901693,0.673125454020449,0.760717610418647,0.0140566169479395,0.901049117917737,0.274617462086314,0.694402729537913,0.0232589235838417,0.784486853051032
0.0532785204828096,0.0264548506339899,0.487179651999401,0.260237618789659,0.0461774708146598,0.543353981318671,0.766051827912843,0.597888689899614,0.552335571739004,0.435375010249833,0.621826744847395,0.0814345563755482,0.0210114608428739,0.716310865034585,0.844247443990265,0.0440558836777293,0.0343726220071107,0.147838969803854,0.620588635645516,0.0484893839313094,0.451084358392711,0.372157789053563,0.0252124398543504,0.0358009703486074,0.103698710400701,0.162768153445455,0.0291594454538531,0.8916932579506,0.970946263583459,0.0338865277043013,0.0458179305448844,0.0197636628370246,0.0276139648519541,0.89427831704237,0.0274727070793682,0.725156159362954,0.35546549859073,0.816836785733958,0.78313363464703,0.0558455361375791,0.783719159909,0.0449206812032291,0.459229419074698,0.0187502081895948,0.627623703302299,0.042389558534294,0.0381674481038344,0.890422903915155,0.965237248115343,0.677925299156185,0.256597268599328,0.930680769751755,0.096413294763698,0.830892641208499,0.0763974922243965,0.0413434646808449,0.0596716667712287,0.379582010304163,0.264796973822845,0.134989765577805,0.781180025872665,0.812942133866812,0.639541770316312,0.676657408332192,0.537535227645564,0.0210651579901927,0.848863077254844,0.331826271079288,0.610432508633417,0.0236679269262861,0.74172011029426
0.0493981813810678,0.0323762512055547,0.851116505534135,0.366728230707323,0.0374228422708341,0.559921793031213,0.709067870248685,0.642267258607628,0.499242245159703,0.402288650807183,0.473497239417876,0.0913361514557101,0.0195355361913478,0.670064123504112,0.808942261084621,0.0429560013510832,0.0371632408492528,0.0827817309697158,0.560718081950508,0.0379802647136974,0.421368551827994,0.294096784173916,0.0228896292123097,0.0394516847439133,0.0978641294809192,0.181450720476134,0.0292216174493026,0.910717081961071,0.972276658930739,0.0371945299254725,0.055488883804163,0.019931736268901,0.0288285321817642,0.89276076902083,0.0257564621114842,0.763760485801905,0.368225506594539,0.752542068821418,0.683918691140326,0.0641494545925193,0.749251435201124,0.0852501424640905,0.509282482555956,0.0166868468699632,0.618520607278602,0.0348787530719906,0.0364631336236729,0.901322781205308,0.9710971793531,0.718455565695754,0.30104579778059,0.942459100207466,0.0999981842299588,0.88266077142376,0.0213046533138837,0.0425794150055143,0.0581141067721245,0.258558197519073,0.216246459168634,0.117420273196974,0.798576999836342,0.855246723441933,0.724206081708237,0.834577132073763,0.293876086078935,0.0179975188513161,0.728951608780221,0.324568866060936,0.728522256337798,0.0252274831370465,0.77694735102569
0.040188051641511,0.0367298999266312,0.448372845629959,0.365474609287734,0.0308672243483583,0.645904690754032,0.785361455105011,0.740617475048879,0.636792558523407,0.519420849472091,0.711855721338566,0.0800700561143595,0.0179962342126584,0.810514957564114,0.899003020039229,0.0346444580494693,0.0275033852309213,0.0544972734173444,0.794032598574689,0.0243758385230764,0.37538750876743,0.631255310019669,0.0161663795154972,0.0329137331394962,0.0760265371778995,0.132716589204811,0.0215841183812514,0.946221553457872,0.98193279966318,0.0258851841018123,0.0485450913051429,0.0256957137377373,0.0220148546300891,0.923938782703124,0.0268597035785001,0.800052291311342,0.5665533430386,0.845337834457662,0.874532483023536,0.0462456740305934,0.816426364934539,0.047203766733224,0.534884519755814,0.0176676761734978,0.544499412058587,0.0334540690390383,0.0347959526634041,0.926946674638998,0.96824443564724,0.76623358213056,0.206131090431129,0.951085613527314,0.0987337824344404,0.827060392135169,0.0218255157066585,0.0481430603156483,0.0514452339921085,0.559741747995532,0.346475003428451,0.0885929038482661,0.767611266273384,0.850578136093953,0.743332104011332,0.554328833841637,0.818633619402679,0.012419081419025,0.887710044290248,0.242543284177968,0.394117644944454,0.0226243703063524,0.629964138342578
0.0547469817877065,0.411270342043464,0.522149323671699,0.394365781078554,0.0352659947700302,0.683118362016768,0.750888786595526,0.789466050707013,0.692214969466644,0.653091116021852,0.796934230421906,0.0990223574159693,0.0156545447863565,0.921133728075141,0.925043011631888,0.0430303726098229,0.0321388232246377,0.0451231405756983,0.896762732631823,0.032657638688236,0.420718094682427,0.290011521280575,0.0202185995449103,0.0323246617522851,0.0849302580906428,0.153497464465079,0.0313669116223053,0.935321204485265,0.969546090449233,0.0279142077932958,0.0623467072968401,0.0203089687794498,0.0274986577131633,0.941430246016672,0.0249312583840123,0.874593262307989,0.588885440142289,0.930979865500517,0.922815495343044,0.0574281124685158,0.778142107016897,0.0573373136248214,0.351820901133538,0.0133620063982693,0.406503240522541,0.0436932283153884,0.0354112059240272,0.94932030620589,0.973123560248259,0.757504858744696,0.116374115573451,0.954585637840816,0.0747617948714929,0.905732589899064,0.305616077544828,0.0320041651184728,0.067626255736352,0.675488641903697,0.452639259317091,0.0661544420652419,0.918992821790771,0.916976367465341,0.826010185900262,0.323547205217423,0.826096505854632,0.0174154765040082,0.878450188301567,0.187588590881136,0.313372960551513,0.0200458609247274,0.558683687153743
0.04020607997476,0.047319900912126,0.792240445354817,0.129997783559033,0.0332077370048212,0.54802792955847,0.420432225533691,0.650760499483941,0.623220172993301,0.472526360284038,0.654132743452408,0.0844893760452249,0.0166725382511321,0.739212997319563,0.849500255143163,0.0342734914506765,0.0243537470180716,0.0611076697207032,0.716909338229911,0.0256039981953266,0.32533396762396,0.313931207726878,0.0193033561447734,0.0262780211803588,0.0846627778765982,0.0940848505260794,0.0249471206782118,0.903663466011499,0.970961205202156,0.0306494138460282,0.0484359932818173,0.023356382544366,0.0242671770186078,0.928355773776953,0.0235112628702529,0.769815229983704,0.284863226368819,0.873650383029537,0.832710462527502,0.0555861367888403,0.78025347542108,0.0451910630449472,0.398812697266303,0.0133783270194602,0.484789748386493,0.0252410809668595,0.021682024430373,0.904651458169792,0.957227736387814,0.757541477682545,0.181603914483424,0.952593030658054,0.108996581080431,0.869560866040405,0.0145076404121703,0.033041823364872,0.0551983286206394,0.428914634936339,0.126802244883812,0.100699694259794,0.851776620910417,0.828361339601177,0.691642372275698,0.618574712066617,0.654905206938516,0.0147281362724773,0.894911914261478,0.282417077241345,0.407824181282724,0.0266765503170284,0.649546317570319
0.0536135659815064,0.308353727796003,0.707734130150313,0.214467002228744,0.033559445569562,0.49839321038714,0.910470152790931,0.674724786639275,0.75631365634081,0.356205554421731,0.871992320271938,0.085111524350466,0.0197466229170299,0.6453604590882,0.918202443356984,0.0490565574890234,0.0395402459692938,0.0810189831414444,0.949699117212045,0.0467410089426517,0.246382477420978,0.818688297183119,0.0211578181295457,0.0585009376864723,0.113312974452998,0.134923499529005,0.0273199698109439,0.943304934094689,0.983902139930745,0.0321719936610137,0.0693432557550416,0.0236484034995466,0.0286369956864085,0.93408160537012,0.0275039567007649,0.770642113643992,0.556420908645994,0.932830416837666,0.856542049953503,0.0713930237009677,0.58196504824787,0.0642910061336971,0.204282810610404,0.0216521531055439,0.864079274763297,0.0502547258307352,0.0399914973654548,0.747943333999858,0.962108711371907,0.683519129380949,0.127397587171708,0.945222415243182,0.0886271419164105,0.934084694058581,0.0209821368740832,0.0482332666626983,0.0638288200383019,0.731542640418685,0.54310221318869,0.105217345988594,0.919099139771559,0.574295596781195,0.570608989303733,0.85608463728722,0.912988133895878,0.0161668542336419,0.918258471774172,0.253427097410929,0.609988955681637,0.0217179347953189,0.812608297505719
0.0443234039777976,0.0341976249627365,0.832503656571365,0.189038724449922,0.0332010286431216,0.661755850972591,0.672923856766791,0.684815746694042,0.576250615824965,0.459299366769455,0.767186518991753,0.0627006716402469,0.0180077016176498,0.786719648740415,0.899123400674082,0.0421162924803672,0.27364378262196,0.0903949136656901,0.845529359190165,0.037048104268435,0.308530197916215,0.354153237146103,0.0171997532712213,0.0253398387254782,0.0803627165862121,0.134250993087293,0.0296167149579023,0.928700012922322,0.977111655067638,0.0273995856274707,0.0539520680275162,0.0176107988999751,0.0204227685378932,0.890088883537327,0.0246416519632894,0.762176047427102,0.401617374796359,0.844741584887814,0.846367220890033,0.0488053183512247,0.754853666496148,0.0467157594680734,0.346125105502455,0.0136818066592242,0.497195693369302,0.0297714110350769,0.0290092635855274,0.805414213736264,0.966715015469752,0.679031955690151,0.21974518577623,0.935682345291504,0.103119694267104,0.93533740463059,0.019860160654488,0.0269025592246642,0.0610026438328056,0.48915970742438,0.281664246397753,0.135674622909147,0.861863541928381,0.865691478520917,0.558722364847332,0.424853694521057,0.726303519092392,0.0161369219696085,0.875023251955293,0.302815667999023,0.343569566329216,0.0256585945395858,0.657845859779771
0.060818613050304,0.0568938297219606,0.812951673533847,0.758479584017599,0.031880036843016,0.5469923932542,0.882540611492695,0.774113559093174,0.708267738199986,0.590881067060359,0.873706576805217,0.0919117045776116,0.0175770437577394,0.939382219002524,0.90894715883528,0.0438169865445801,0.0223511226481587,0.0607185662422422,0.961243571874473,0.0360811109524465,0.6509071321516,0.869382532486562,0.0222376842427554,0.0413358349950476,0.0690793711103331,0.135917640965271,0.0279876652178688,0.938346586526698,0.97635172481812,0.0287401507880631,0.0480946502156081,0.0229741491182913,0.0180656145456488,0.924343624727319,0.0259014965323522,0.896421106286495,0.816586244069768,0.901253427976047,0.928585817656744,0.0663943100324644,0.748942867463802,0.0592213683550931,0.304571080428814,0.0141690511202534,0.738419795271067,0.042331908272174,0.0330298522707927,0.923798408732693,0.965184995308065,0.654879494868091,0.226569205107708,0.925344164022246,0.0789640057117315,0.909124372817724,0.0217632742090927,0.0378621049641418,0.0748898970646176,0.633158652407471,0.711632336982136,0.0873451836893828,0.895080841281919,0.867198945852255,0.765512344386225,0.812407741185924,0.862116701384436,0.23954952414851,0.897704805282032,0.68428887429188,0.460772750083625,0.0216200497951441,0.847160896839346
0.0528032670505387,0.0227185638379652,0.139409318126997,0.0994026599236486,0.0353853842639864,0.625235103682645,0.891490566332814,0.609790592180966,0.71973853466012,0.702125220858215,0.80100423310433,0.105262927922362,0.0195068806739683,0.254534662479369,0.737859076042518,0.0438372897389503,0.0271728321110502,0.0490243234672284,0.905436821336413,0.025457914030026,0.151277045541484,0.110631280987704,0.0190814194662035,0.0290712192464172,0.0703753163950036,0.0477803691442397,0.0255208159624169,0.906722315184145,0.977199844907339,0.0263135251181697,0.0517716818198659,0.0174894005308449,0.0176167271836184,0.926728090652265,0.0226063713531382,0.805462588406321,0.243847594301423,0.858468651122731,0.891985132644382,0.0484644374882936,0.547424995829316,0.0513920179897338,0.172486763783861,0.0166160463358416,0.235541603740897,0.0538112597927167,0.0287406280960175,0.831357718920037,0.948738961582182,0.691207013919726,0.127337222211912,0.818804120215904,0.0788707129433294,0.583247564359501,0.0171614704295991,0.0303591840632998,0.0616613483134785,0.661703290593227,0.546269601093185,0.0802381217735092,0.906731049121779,0.407730328079278,0.69147068898655,0.39055969836751,0.709827284298145,0.0172484492845336,0.896576123391985,0.22698639356897,0.172864267594979,0.0225494074194863,0.798207859837247
0.0452498463175876,0.0316860462225574,0.280499660404045,0.337067685054829,0.0333034745605621,0.507525230088265,0.887663783815593,0.746286671148351,0.732915378031314,0.710693328638419,0.78834718981676,0.0905484184557536,0.0188158788803383,0.928129144093698,0.931191907007283,0.0406877945320141,0.0275331761923147,0.0308192357420485,0.854243734890477,0.0316417548533843,0.3542199441531,0.19326009933745,0.0185062786550316,0.0282413578165646,0.0810239517021748,0.0921963456403742,0.0269914869738425,0.917851839664634,0.976602462917437,0.0357560014251272,0.0465377621002295,0.0212530694451948,0.0209720438777678,0.921018288638202,0.0274635551886746,0.892802857622146,0.327021611115569,0.922209879217141,0.695222434308977,0.0639863250459359,0.800665252469845,0.0474099677735981,0.247669684934585,0.0148331427952052,0.273685399611237,0.0374899155037462,0.0282806588597976,0.928978013876161,0.973427352188298,0.799568180941469,0.0914199575882356,0.946945723997411,0.0887428303820481,0.827418473259915,0.0207264946365463,0.0287496477414421,0.0521888654035623,0.66851120606203,0.352539460238229,0.0626645007312318,0.900273030638025,0.872523694983769,0.822204315165669,0.19811406782729,0.841968127680872,0.0180979833648326,0.926783870499081,0.198562687218013,0.247658302109491,0.0170130786318617,0.514787307464386
0.0512315147925414,0.0323046898920581,0.912028603517542,0.326878705918434,0.0403939718866011,0.7022249067676,0.838711175538855,0.691791168596554,0.653279242579323,0.515667924937014,0.79007060716429,0.10097263843665,0.0193303293713382,0.78087791484762,0.901813396989425,0.0383991372307466,0.0250827439222016,0.0457749105706912,0.805791674021256,0.0352766792728654,0.552500090944762,0.138138437101243,0.0215315943474803,0.0306509833594966,0.0583843140310656,0.162865706535542,0.030736017818856,0.942080005853343,0.985196459848314,0.0253180231655134,0.0465586514777696,0.0235869453549672,0.0190773685954093,0.912864365758666,0.0236051674176235,0.833071832642803,0.475384643802646,0.93372808972923,0.924577039299984,0.0501043673486324,0.797721607307688,0.06401277546595,0.312246986763869,0.0164603949390489,0.421555689101939,0.0465669935264866,0.0280216929962205,0.934709715963044,0.96494543661432,0.740690223711901,0.158136906089107,0.9532928619267,0.0874654538288876,0.92091584817204,0.0296361534753012,0.0283780523975782,0.0858103373035164,0.608374741626751,0.352087797531968,0.106898584024482,0.928152247383977,0.857884771509676,0.7486250338635,0.525201894868231,0.800560559469808,0.0178112382196028,0.885449258845278,0.249125664161523,0.324196959763945,0.0194082293935669,0.56820862254557
0.0553928261895564,0.158722338304664,0.745137326026114,0.2455907950699,0.0359871253170202,0.6012534710981,0.791135890135113,0.663789892611626,0.557812666466962,0.4120025168947,0.623719612737238,0.105942668051089,0.0211855049818888,0.792718202662086,0.833011868898577,0.0462809461176012,0.0258903824656108,0.0810711715026701,0.685991130269208,0.0332265160298091,0.489514333406822,0.686072944479603,0.0191207831580817,0.0239077523059864,0.0949178276922275,0.143841482934162,0.0305726300397005,0.940864938361032,0.976978495094867,0.030451975286921,0.064225549400296,0.0215102458576532,0.0214355690978936,0.922037813686958,0.0253636915138238,0.741857260088866,0.687213684557565,0.867361421843239,0.788976219116613,0.0583740819922372,0.715657677512254,0.0668354774543613,0.383949296873448,0.0157619628836832,0.553829055564208,0.043081875930614,0.0315811019710092,0.909744798161959,0.97067086339294,0.739117653884032,0.279245253334102,0.945293004786315,0.0917739348253154,0.911726935607618,0.0220096093460783,0.0315316710906778,0.0787314246711765,0.483741249147278,0.305870111676484,0.125767573826581,0.889346421197465,0.58031929975619,0.551949698554572,0.813522720685617,0.566506043680596,0.0146511569647414,0.810208563285069,0.286950128664254,0.685231924922582,0.0187853639459633,0.754474963253047
0.0620526625771907,0.0821976489605827,0.2618144944643,0.342044761882535,0.0331129916947235,0.463854800400582,0.860033107898894,0.716066334267533,0.65953126188111,0.566465562778828,0.649357270371467,0.0735607290837934,0.0157975434473017,0.761138095673381,0.914197965816456,0.0407111459628374,0.0313042201121864,0.0369675844250637,0.666265137953202,0.0315005630521643,0.389006191645459,0.180928341297621,0.0171041978368988,0.0345895949154502,0.073442790785882,0.113790890191235,0.0240953379163562,0.933781837967563,0.948954109559416,0.0282138230455631,0.0605113800010401,0.0196026729361263,0.0215666188860121,0.941678355296428,0.0246817947910492,0.841093473127397,0.250977041840691,0.922824236960531,0.880931613092222,0.0443922837038392,0.625111941647643,0.044405755148659,0.309187689427009,0.0124807102283665,0.507115184127435,0.0470535711680506,0.0274927733899554,0.896532266122712,0.963339156843923,0.727022213030936,0.156171840212858,0.932717959504779,0.108545960169221,0.902754515290708,0.0218237302148516,0.0379158388325156,0.0668245125760565,0.555329637905884,0.136747604167666,0.0765728396749566,0.908694279754785,0.884682358871199,0.768359562397401,0.379862731972099,0.699577675456238,0.0129048723154097,0.884473722662742,0.213040543115749,0.409234991284008,0.0178122070256627,0.544947488554349
0.0479821576896354,0.139702927140175,0.940094736174197,0.660501952274762,0.0356584366035133,0.718768536342053,0.863788325132837,0.742943540033182,0.66759870220311,0.547339629048729,0.835721113842399,0.08066484021317,0.0173472379509839,0.912332226069364,0.900271040045763,0.0374932917972975,0.0204921686563595,0.0507197916768704,0.897552647768054,0.0269564090551285,0.718267679869486,0.972042669298481,0.018458731398157,0.024862717143145,0.0858375732682584,0.253146618823186,0.0257064692236482,0.932719986491186,0.980721362511373,0.0270928533163518,0.0439765147000482,0.0199630646585452,0.0193064674677061,0.917001755389188,0.0224225044792114,0.796013723529491,0.631101456017528,0.880961086570586,0.924785522614585,0.0693876113602894,0.761927453270135,0.0658060184186813,0.244634483765656,0.0164795971749317,0.56012053177833,0.0244588952971473,0.0275153493420966,0.902517034611359,0.967597521582777,0.8160836854886,0.172256832575088,0.952813464922719,0.0767043644782262,0.66130991505421,0.0192242022968655,0.0319745891367656,0.0607914243746017,0.658238789743798,0.660304817723731,0.0891999542025804,0.885948524233873,0.894470927513442,0.654329225007001,0.573308718654289,0.879251397628375,0.0357120026865039,0.923785322295837,0.440746047168269,0.42236178508448,0.0163688808578544,0.81118640009816
0.0520961265359587,0.0422328822167213,0.591227687531369,0.195198721977308,0.0370112049367495,0.542176060067342,0.695793687068435,0.649278464697733,0.537985483426028,0.372851824886486,0.679451942396805,0.102571355168371,0.0219897099431612,0.539236348902875,0.761427599398803,0.032145247022308,0.031844818217568,0.161424475402405,0.705014375351267,0.0278721839401356,0.430163435247189,0.579501889010092,0.0216359997832313,0.0385049295221657,0.0689442244043935,0.204919937306931,0.027246294787441,0.895644874149519,0.974450457378227,0.0299095525706169,0.0438995261922699,0.0216247400487191,0.0247630444042552,0.841983832435446,0.027887958812894,0.750299686107558,0.575266871685654,0.747370316902083,0.817276872278968,0.0488201229798472,0.789164704326116,0.0584856177844327,0.434700607159441,0.0180180567314312,0.555840760058002,0.0365633593446243,0.0324855191658444,0.920415571302161,0.964611691796412,0.665979496674029,0.28777947918099,0.942202819167869,0.102354432855158,0.855131990470892,0.0200588901790813,0.0332138595915178,0.0533614856314676,0.466642014611706,0.347015017320217,0.119187385056167,0.759594587031531,0.742109691941544,0.599266222758725,0.644271275360132,0.53885949958569,0.0182054874399751,0.869834339119448,0.384855691409317,0.438855649114076,0.0271508350695542,0.589368721877495
0.0499568619163165,0.0313900216616748,0.767283884872746,0.272946596610858,0.0448434004067805,0.605436434365185,0.848498952910199,0.715747325555956,0.600983308261733,0.535222293782376,0.655833860292221,0.0926737262547361,0.0202877103322615,0.854081162262075,0.904624347643413,0.040729765707303,0.0347531674377635,0.0757674159779939,0.681656804121693,0.0427760430799283,0.394317618215555,0.418111782431976,0.0217448051714293,0.0311883149588366,0.109430626821682,0.134029436045653,0.0285877235691432,0.904194353036109,0.979859266681013,0.0309748329700633,0.0599792226546649,0.0194867603146014,0.0285444065230669,0.926714684394104,0.0311006640474775,0.833528240762497,0.575313543615812,0.901306668379965,0.821589441276085,0.0504898575081268,0.712527545324183,0.0636880595512899,0.389524940839327,0.0191512589899301,0.475051392559916,0.0554026269770148,0.0284022474865122,0.911516920957885,0.969486028874908,0.774485736155894,0.243004827788846,0.950694688300254,0.108643847941745,0.925118675425605,0.0196020817879132,0.0358935222679713,0.0513835256545636,0.560137856921803,0.398147255215511,0.124094416915183,0.868854456200631,0.828068510388633,0.739324258212933,0.432301703700207,0.744934520326071,0.0193806389801895,0.866505385959584,0.236976493327155,0.41830167614422,0.0291747052428967,0.602277165161377
0.0461240477335523,0.0420493537220648,0.808024171283837,0.417952347018443,0.035319019768814,0.705260170008196,0.688350462941219,0.723184906292592,0.57166112793753,0.441779564456898,0.63293901695288,0.0902620294155588,0.0166140382222207,0.817696605119608,0.877969370540766,0.0402756017417995,0.0270600477251071,0.0678861986679077,0.695315882327862,0.036230032915619,0.355232601604868,0.365019557454132,0.0204107823637363,0.0370455023423531,0.0757859521611318,0.132261739445203,0.0261156718029812,0.927476268062889,0.982096102681314,0.0270231280135667,0.0599501398993155,0.0244551388535425,0.0192422185572017,0.921008565530476,0.0233705599677575,0.800950795607269,0.661085578356138,0.849960282204623,0.802898492899465,0.0567261316443776,0.842506982432996,0.0538892901380594,0.385348652049762,0.0165200058432342,0.586917437953703,0.0411538886857435,0.033179651535637,0.920547808382701,0.969522314070035,0.743557109769019,0.240038769131313,0.944919877648627,0.0788686906313183,0.873770653130409,0.020281416510115,0.0316460630853214,0.0707454010741726,0.481483219731402,0.305258899127793,0.110038118887045,0.78551237671192,0.898359713647514,0.679638103966484,0.601733440038833,0.647819638336998,0.0179696971719458,0.85309308973883,0.277904953699641,0.507047470712287,0.019060327189109,0.644826141122687
0.0632714076599445,0.0290497479295155,0.450928786260774,0.342621111961707,0.0343511479325288,0.64077468061445,0.75634632090204,0.672475890242004,0.612994037158346,0.648355097222126,0.614948400497292,0.0889207239688945,0.0212042558535109,0.811100643464302,0.864487647031023,0.035546356674936,0.0301588567532227,0.076247343866492,0.591027122022558,0.03096450242945,0.388642192575054,0.209424757373262,0.0181237433178434,0.028659565795027,0.0761356581300934,0.123476495756496,0.0286607011280899,0.922510108131596,0.983037933760077,0.0284396210064691,0.0590860902096372,0.018550527750284,0.0199578732273404,0.935031802614597,0.0273213902527984,0.792499782243629,0.447681132604004,0.907496034660329,0.867420620783076,0.0656219687758045,0.799582764107866,0.0425357278051859,0.486480369340598,0.014633555455395,0.488029454146764,0.0427538531098935,0.0310946895131464,0.934717164775184,0.968371863466956,0.724319576047168,0.209789237873705,0.930935779260832,0.078541602594794,0.869708467745779,0.0234369897265499,0.0313168452573269,0.0658371446478955,0.493581525891285,0.406490159847431,0.0908002178553812,0.869568290668001,0.863800997998635,0.67426966791957,0.500632655992828,0.576765429313252,0.022135212611559,0.837205532767262,0.251482508395746,0.414425105246896,0.0249810862209814,0.613891721212028
0.0469898169024241,0.0371530849613499,0.877564828309229,0.432853445519053,0.0293980857882512,0.610308739375521,0.716917546853571,0.682806190580307,0.588644379608576,0.425504737170153,0.697768204767921,0.0669361810173067,0.0155186638148931,0.788535985281764,0.869800602933334,0.039110137755932,0.0263807609738756,0.0713351642085564,0.734682985402177,0.0322132200695224,0.475290344805098,0.393505221480019,0.019312252628865,0.0497528076573033,0.0686033656966848,0.162768970037278,0.0257850171272599,0.938573564397836,0.980205517186301,0.0313453352199511,0.0430454701480056,0.0189517772169086,0.0217987944575431,0.912039450140583,0.0232840688707956,0.77979983492991,0.574306756569999,0.853695050692132,0.83907294316592,0.0493124476601105,0.771640203668336,0.0439649727260722,0.40701568326511,0.0163767274157365,0.662675819664525,0.0352736892071261,0.022991648225404,0.933629025922331,0.969103516597166,0.738974499674287,0.241985352342897,0.957070855757001,0.0691673211671336,0.933063203419448,0.0186638282133843,0.0348205129962944,0.0491886458261815,0.493807963177114,0.322859715281789,0.113912057187261,0.84335787782021,0.837781719586401,0.683888525441427,0.704011578088991,0.59213973179184,0.0135926047895453,0.849994152241883,0.415545357743339,0.533052637027279,0.0203730317385081,0.671652452110326
0.0494203316845864,0.0334278313436421,0.908397067277906,0.27188658198814,0.0299597272480297,0.62822950954883,0.483991812095113,0.660645942386773,0.535047969707712,0.40760438963191,0.444564824109567,0.0918844716959384,0.0181138661480103,0.759553940495268,0.857221985367708,0.0341121998840492,0.0250402190958754,0.056412041113395,0.434216337416204,0.0326185430860694,0.324297114550053,0.234730118950894,0.0173485922869927,0.0245411783877375,0.0700471690215376,0.129194534695762,0.0285870809043239,0.923591208970649,0.979103143965261,0.0252796126850854,0.0471417787871407,0.0161841975416372,0.0190476306450989,0.942646295639279,0.0218318426912101,0.724423994673957,0.323095366306427,0.855858031937556,0.805691232180702,0.0501915877106963,0.826788419281819,0.0496465255448633,0.56008935680833,0.0158913644819362,0.81826860698389,0.0341776212846341,0.0284724440600161,0.939373415693966,0.96149526393255,0.728301411379984,0.244758178024943,0.949825973954818,0.0842895533645271,0.90727790231346,0.0217067481702784,0.0365901261089338,0.0526427643782494,0.19897583958147,0.15359571016224,0.102385007173638,0.844467605514318,0.84406494116028,0.694487526173825,0.74261229224943,0.263791335147636,0.0150425362327976,0.822872180842509,0.252424046636674,0.774845278571244,0.0248051665940797,0.76361001368406
0.051237811060316,0.157411654104262,0.591273833192974,0.297213928441666,0.0411326064838155,0.504628746770825,0.72696725325308,0.704956810114836,0.615486186130556,0.445257805325517,0.824178366692793,0.0907529607589043,0.0220822382295149,0.729565551988528,0.846496142268788,0.0477190754522852,0.036244297411983,0.0666911211100592,0.846668498233177,0.0355150791978657,0.332717478227861,0.452639820666268,0.01975248388609,0.0388608172807968,0.101447346269634,0.201273083347015,0.0325859552055122,0.905892921987915,0.971681022109218,0.0297263316259786,0.0696866867687157,0.0175458297988397,0.0275590840999366,0.913129941490743,0.0384013064002823,0.824010509475645,0.619954051609633,0.78652011725221,0.819422378283551,0.062247579082061,0.713000121416513,0.0606189236862303,0.360159661306461,0.0198133215513688,0.438461230499767,0.0554216452101632,0.0392581325119496,0.890266683051374,0.962186841341055,0.69060050788544,0.208296279814442,0.938057389788124,0.104746181506517,0.923205413884629,0.123399616471732,0.0412982746330853,0.0774745045322254,0.651023669383837,0.465557032217968,0.109333595617289,0.856215005861643,0.735286800008686,0.592457200668832,0.534189422791284,0.770799637019611,0.019768538584061,0.888837267665708,0.272937720838667,0.435910308102177,0.0191695864875252,0.759986602215524
0.0498490460846329,0.0340666322359826,0.903713073532405,0.7100637559553,0.0316657446727155,0.588461434740219,0.773234383682114,0.757522384197802,0.608065652106533,0.427746752083168,0.741487479759776,0.0932654906445551,0.0340836978573781,0.885751912932192,0.905962414635085,0.0389027463636027,0.0340321715166419,0.0470697190423718,0.760221159816295,0.0274338906367958,0.33213852307325,0.70224828299837,0.018790841511195,0.0335582324636094,0.0902869348916256,0.133325567344797,0.0275391297868065,0.915410483627094,0.983443885165867,0.0359573445933228,0.0595406831584496,0.0168813156153879,0.0285191338597743,0.924372769184023,0.0233366384129081,0.803943075850605,0.446139335891839,0.874788437571186,0.700508973857374,0.0543915014781379,0.711839216381797,0.0786360124584579,0.360891643809535,0.0141995230525257,0.387659995355615,0.043115629748723,0.0256791131063166,0.906657536023236,0.971849024347754,0.789530989983013,0.207596977810315,0.937769832929436,0.0871950378346567,0.887856100421543,0.023546716154071,0.0331051146460384,0.112169048868041,0.538034646819377,0.186630995297812,0.0821666744908579,0.775404294145892,0.670209879899265,0.677248478197084,0.320029730610128,0.7429295388313,0.0199338882357166,0.849912090004583,0.231285374475697,0.319372922295733,0.0228603160058242,0.547261319377316
0.041793403376283,0.0800487669358602,0.842970551403469,0.34213793893976,0.0349442360814715,0.599364321309649,0.757604280146422,0.705401784084913,0.593102896415983,0.457042478863704,0.671304082707492,0.089726836375614,0.0158178260632329,0.815304354546774,0.885720933465683,0.042416807562975,0.0275026426595812,0.0701252722105173,0.665684933306446,0.0347809627976931,0.440989711587865,0.371442564462493,0.0187362394104893,0.0309454660774292,0.0799383683771298,0.162730558171577,0.0228965535133556,0.913070778347803,0.985033077293998,0.0408606257102883,0.0465511286343745,0.0209243448817896,0.0206070552358913,0.948579755281358,0.0248298075934134,0.784179177526265,0.397289894332624,0.88847355155312,0.867115021234711,0.0563311786751376,0.79003137114059,0.0610543643184167,0.407195379470946,0.0133832336563437,0.661135296017789,0.0302008674813695,0.0333979373150095,0.926278409347522,0.96727888291863,0.747351160334964,0.247776243530807,0.954018143508377,0.0843899487139212,0.8691421982864,0.0219015954533017,0.0334759254948893,0.0610160323593479,0.511734300881119,0.357564248260202,0.111477718711129,0.909276526221745,0.886522289614062,0.696299843390945,0.502035755021952,0.621494825835616,0.0146683851651817,0.869735050541009,0.293095736873549,0.522563232596351,0.0196836943887831,0.644367598155467
0.0711133167038879,0.0535593184864014,0.902111977308785,0.23459452556188,0.0497953983142276,0.630992759271366,0.726143336371414,0.720405843874478,0.548414661899097,0.36522341397655,0.751846513074003,0.0959414404028828,0.0236352376255698,0.756256274250122,0.892564484970528,0.0572985250337968,0.0400486564711255,0.0976580711098873,0.762360857292826,0.0411480643716491,0.422595152884403,0.385938489421582,0.0221619914195819,0.0434655457741315,0.0960179573313526,0.125908943355452,0.0333495322973857,0.895963790691595,0.980031875399815,0.0350256709643552,0.061866771328163,0.0262663349435495,0.0344524064428421,0.914016208923352,0.029140432949854,0.739845137985687,0.675667533056875,0.806601676080338,0.860466661669679,0.0662591961952887,0.723498006257315,0.0767649563840611,0.386382930555179,0.0193907526956928,0.687506737705648,0.0536834915821508,0.0403688232992258,0.926790236389524,0.960335912500987,0.695305995623963,0.231646858977262,0.923111149045561,0.0938982303306646,0.910380239476576,0.0274104331922085,0.0332555049132664,0.0898614050019619,0.556655063503119,0.34317278993235,0.111377799445636,0.823258437891455,0.591185553442509,0.616782969685742,0.862739875517749,0.657626912803221,0.0220034351379153,0.88276667593658,0.362405416768204,0.525990674566663,0.0213994194222306,0.762743023272291
0.0520072774458058,0.0328403274396311,0.665125393397711,0.160225080961363,0.0352429390102204,0.452477983757676,0.570007702564417,0.687340853199147,0.582413588882956,0.426437767302994,0.576795364918301,0.0901379362896332,0.0188727683194035,0.59850403098602,0.870936820068986,0.0385732763695222,0.0267522859901737,0.0934754326834488,0.609563516487613,0.0358423336477541,0.304697966263969,0.200643014811056,0.0205142778203859,0.0205118488462939,0.0749540821332868,0.173240630502589,0.0249828380751466,0.9410059738944,0.97254478716865,0.0313364363815985,0.0537194230661752,0.0204806243725684,0.0216267767993322,0.926935886091638,0.0256456356440692,0.754164994041112,0.252282135577237,0.822946848125263,0.896203190546115,0.0587804564834491,0.784882227253358,0.0422405434353381,0.404995008326053,0.0160386383188242,0.62760263718384,0.0495721782581533,0.0333096728264353,0.918420874328649,0.956375073496055,0.732616065182967,0.276142848153256,0.940283319288704,0.0813195794518178,0.858058953895479,0.044348179572182,0.032225632860721,0.0622997525642443,0.438224664609591,0.22865603413848,0.124597285209493,0.766074790113157,0.806202548256577,0.666207414365746,0.554930370910979,0.619867083049774,0.0176244282085337,0.874381575982571,0.268123326419154,0.518602422311218,0.0229496867614987,0.770307697396253
0.0492873994172957,0.0247299747988049,0.835557584375069,0.108506699739111,0.0300922512803463,0.345306053921153,0.891397533088841,0.748064373613839,0.664472301824375,0.661444419949651,0.872456740179379,0.0974186760390044,0.019883240551066,0.822518022759193,0.827739428827597,0.0306517262887247,0.0269375214607433,0.0334966841799287,0.910215432417138,0.0259694596649375,0.416546440885782,0.297109850711512,0.0182256048177161,0.0251940768201044,0.0739162549695681,0.115593784641655,0.0295064786566191,0.92260259071358,0.982748920067149,0.0344991380554164,0.0621791365565582,0.0190548622989102,0.0166247825504994,0.941407060566631,0.0237947967655159,0.880963277409186,0.612522676406956,0.845261489463207,0.764563245712077,0.0476447319808454,0.692997720174805,0.0612008166821346,0.343235269017768,0.0150770725648668,0.291368236500154,0.0364142461473036,0.0278494172891696,0.906801800285937,0.971140285052278,0.794556548980479,0.1156327062182,0.952590455649837,0.0839081637693711,0.899287875591874,0.0223746513454925,0.0322436937263494,0.118281237850664,0.57015203876001,0.5267723428822,0.07499542431018,0.892479129702207,0.853543186483226,0.663662250413703,0.64423624880993,0.786834700710728,0.0148836244040736,0.931878327660026,0.1753448431461,0.43779485469785,0.0245323352431169,0.816846954845357
0.0644886405255526,0.0304925198473763,0.42192290266448,0.20117193669457,0.0443983800242813,0.476835301806018,0.671331034372563,0.634212852809689,0.550852749051307,0.482263295518735,0.653628228641442,0.0826842716565506,0.0245230422121947,0.587390088456959,0.836625276285613,0.0375747204027757,0.0222788259583173,0.0672798695001347,0.863852522414681,0.0382286896387947,0.298672053272472,0.407201153165239,0.0163116745238656,0.0238361473932716,0.0822271066765467,0.121291587350615,0.0257167358886231,0.925091862292559,0.983920607681565,0.0242962327898378,0.0409163969798838,0.0209284685700559,0.0224500929567797,0.935834415210134,0.0265276968183629,0.700645757100429,0.559076411427599,0.811151857869951,0.835352499262137,0.0573289373404965,0.653345674232543,0.066377279731578,0.416020997952316,0.0150909108116351,0.436123037016851,0.0427167146017487,0.026532855567226,0.837135475071366,0.958779701806392,0.698196943213943,0.29565535770191,0.930071752756494,0.12969674045868,0.874870957426115,0.019663332692654,0.0252908654831679,0.0985336386835801,0.58755538477508,0.247315089875638,0.100729052734924,0.636859420958358,0.5716621395435,0.541803456142317,0.526221345889428,0.710142577884427,0.0154289056768074,0.867769614549714,0.303207102451762,0.581594544097507,0.0240421661634058,0.395870397326499
0.0483415518358644,0.106338992286618,0.749284566447072,0.271237351669968,0.0308711404145028,0.585057638576713,0.662565365706837,0.684033751668154,0.525255209052378,0.389519906350458,0.657249488226487,0.125474894825835,0.017089292409133,0.795217735460301,0.869876487913856,0.0342589958859956,0.0193005405848563,0.0684344532680106,0.652424614023564,0.0435262629322542,0.387952872447709,0.420351618862828,0.0160147142349886,0.038614244032877,0.0716270514136001,0.186509607676314,0.0271725316663739,0.912451189633345,0.973635910219341,0.0267403431346558,0.0567171830913158,0.0204926474776021,0.0182936867912667,0.931650223640583,0.0256493922420084,0.742851831154579,0.394381914187024,0.774581522649191,0.833786112264841,0.0517559398456957,0.757971746542306,0.0595693324708503,0.414821116878537,0.0142006008026213,0.694076686285044,0.0355413501490473,0.0296198406813383,0.839940321276414,0.966585497376835,0.697905132019138,0.266076370376557,0.950961866206381,0.089144069811036,0.925930689871628,0.0371290167242826,0.0237522510092151,0.0570366293317671,0.394849463138707,0.147506342637447,0.103464515934563,0.816131561175613,0.815138728729987,0.62597055097798,0.526386662143083,0.637572158208105,0.017500597197746,0.824240450853063,0.31252636343555,0.478149558596526,0.0177389616633529,0.58402157051152
0.0410777761519304,0.0593748784011705,0.50775510927205,0.160668948644709,0.0307206696359434,0.387883120219166,0.631472070789826,0.665069828557257,0.586043388024072,0.272108331568375,0.74178093607461,0.0910378017284495,0.0182301416228664,0.478167048006936,0.810447469275651,0.0408977906205951,0.0225442760764384,0.0868532479914556,0.894281195666121,0.0373552971233549,0.408915001984111,0.878652843248716,0.0190069161742013,0.0222828451888252,0.0893625054437732,0.179476680493758,0.0277954560609622,0.921842477206232,0.984140494773471,0.0292874142673219,0.0545834296847144,0.0197914515566516,0.0196708333085656,0.930862869388537,0.0259619361674418,0.722791283193329,0.421406917240855,0.689127629115486,0.874178962990855,0.0473891680118239,0.753843951723166,0.0658971606981187,0.388879433247889,0.0122545832391662,0.698495866201766,0.0430576310071142,0.0256057342055803,0.821958141937387,0.97256201760973,0.656174026116077,0.330873311721023,0.93853756565239,0.0822170603194599,0.693256116766415,0.0186308269739758,0.027767345265183,0.0590285178392339,0.525570511685926,0.213195291399706,0.102298752751302,0.82359969334654,0.488626320794409,0.610302712537053,0.646358217266205,0.665125120824841,0.0170945161686286,0.882039860217615,0.332783723980699,0.515026359308125,0.0198655399004684,0.709199176157211
0.041854732156006,0.0434880494761537,0.557197605189656,0.161040729355851,0.0401991689028433,0.38032423893276,0.817270402003208,0.735103768328582,0.650563023230554,0.549573921721088,0.775335965333121,0.0719837109208629,0.0145582620174038,0.475673966349752,0.90768742296889,0.035956088048427,0.0228323575641401,0.0386320463488419,0.857442222030332,0.031721357914889,0.363092465234148,0.361366425369053,0.0163485676205399,0.0285030317024993,0.0821008965784105,0.103634822260045,0.0228624835965542,0.94087260544696,0.98712753141833,0.0310002860072051,0.034942705886855,0.0177383401787254,0.0225714795464281,0.928483574900742,0.0267712517755581,0.782005157614753,0.454690346313496,0.850606930751196,0.904322373141192,0.0564312928250528,0.560313237062309,0.0791725644636971,0.28395135691127,0.0145491038745584,0.425192797786045,0.0337993960003286,0.039741909224763,0.671505040290183,0.961997250867904,0.601442374771742,0.19164528486062,0.945651027448729,0.0976594438823762,0.631727233381119,0.017987843761028,0.0399817277083455,0.0574712974581687,0.627486813182314,0.383343562612834,0.0991434581865172,0.922278077224589,0.872927227098706,0.755680727233351,0.514020681935138,0.809117220890284,0.0160581069971973,0.884839188986069,0.240479121852807,0.586324159534641,0.0176214625838247,0.820301801423321
0.041869228787121,0.0432306386229239,0.843351104393205,0.403402671971956,0.0295237189254601,0.599465861544582,0.666205713608197,0.730360932542429,0.58322097048532,0.535529611105438,0.644858886635776,0.0921756241101056,0.0169736232399263,0.762315460611131,0.835480716654959,0.0408411920248389,0.0248962878143719,0.0372766862456796,0.698324694141059,0.0299438755460619,0.324781239942721,0.302658302493071,0.0185211286433035,0.0225136391054419,0.077603152084467,0.10152959845202,0.0323821705556525,0.921047026727466,0.981507339895522,0.0263136444190545,0.0536483696535117,0.0202091769419243,0.0194390605160804,0.905913555560559,0.0271256639805725,0.823495838517244,0.426056431016216,0.858787489467184,0.868557195367021,0.0552580850328971,0.76815841712303,0.0510444489175677,0.326132456187262,0.0143950157294361,0.541660371136814,0.0318795831583093,0.0330268547811936,0.852591307473948,0.970069553940216,0.797082947279712,0.179869128239872,0.948870178238292,0.076816260732849,0.933058500302066,0.0214981341450865,0.0307588137229736,0.0627182562480072,0.542070855155454,0.262754442442603,0.0855524030503927,0.836043333215285,0.853261910906099,0.682647625919543,0.458399815778569,0.710090226982595,0.0154627526998401,0.867338384309603,0.244021501291657,0.347794408092526,0.021330446158303,0.548845075091246
0.0597109710998932,0.031795911657295,0.826431301832949,0.309626372090953,0.0347709458611099,0.573400703009469,0.748470780496865,0.699926206210212,0.559216971783487,0.475517185113853,0.645834001592622,0.0748179842222612,0.0184400445685793,0.788463244031373,0.83645759632619,0.0397089340874821,0.0350488543919802,0.0867536939907156,0.741410384924365,0.0359430094517344,0.342561426387688,0.313025305538862,0.0183007025309105,0.0341164860003322,0.0877910066363591,0.161006146896514,0.0239787214242981,0.901867190303002,0.985031602365241,0.0300445582401798,0.0563103812230859,0.018625786096699,0.0216227270565619,0.926108873427692,0.0209671931479982,0.785432353441655,0.596323491691941,0.842048928959352,0.802194603891812,0.0482366313258083,0.762334007061709,0.0460324102570636,0.436650967539327,0.0153777720239929,0.492618617434294,0.0312931907291493,0.0285530314749196,0.926863357343924,0.964775535119206,0.707284866621434,0.226220737267879,0.954640590359384,0.10370153694138,0.899170105448243,0.0193399547372942,0.0385834353428884,0.0550367180121075,0.534451404165909,0.239017065443455,0.103522051735039,0.831521020756585,0.824900950107765,0.691851980365876,0.462755487780278,0.662301618735411,0.0163579026285091,0.877878355704725,0.297166276975967,0.420775620291976,0.018015850259749,0.611336619122865
0.0529975723925885,0.0283043632496556,0.35033526595403,0.424326010661713,0.0304783666132679,0.632775890679571,0.58169835841049,0.646717345694176,0.678864268080245,0.687168428881746,0.853063103893052,0.083078311858734,0.0292075083673737,0.681937699121511,0.914874551046834,0.0391948249365382,0.0323492298872769,0.0392887521594749,0.961874334465604,0.0324839144879201,0.24732318608645,0.183468558357739,0.0199565765308422,0.0268864886010793,0.0756425236507226,0.0808145618766197,0.0343630445833975,0.908244843150493,0.978189433360904,0.0343685086000688,0.0469388529412731,0.0188248811962418,0.0247591397317455,0.939181747584998,0.0287604739431701,0.858450085389639,0.678591327067963,0.849010045438087,0.693048827092027,0.055162222786574,0.801197123035969,0.0400300795919559,0.50663284914506,0.0183745476109835,0.260533241131343,0.0515893262467336,0.0319224847528299,0.914316913327427,0.971719021268004,0.811914784011845,0.0920028280978388,0.952063119738033,0.0965632246491162,0.758312527157989,0.358332211133152,0.0296458975667291,0.102295299751814,0.607854840386699,0.246443509910887,0.0880884893840115,0.869282318417061,0.92547152315055,0.621546339360914,0.261081846133828,0.741795023246416,0.0187890033579775,0.912000507159946,0.19767675483021,0.195601591424035,0.0171846901158957,0.683624334296645
0.0632658768251804,0.0368290397759284,0.613586786709457,0.530856644014968,0.0341234910424848,0.755231445031075,0.742676864914453,0.734278573183564,0.586011183309689,0.534966261876767,0.692653323180501,0.0945352264478236,0.0200847953789729,0.893491659179928,0.899661360461361,0.0380379248273686,0.0256075598807746,0.0587220376594733,0.735667306796128,0.0302612477375602,0.294296231981589,0.614189239417126,0.0196489644674404,0.0405442196281139,0.0795758880987492,0.0967948023338752,0.031431927050107,0.922912228842096,0.983901533359782,0.0268997384736967,0.0556061119678715,0.0175135549080372,0.0216968377286152,0.934192350248861,0.0304432522936791,0.843423781241358,0.716874641863221,0.8911062598476,0.809386951821705,0.0501596704564513,0.860725022662475,0.0571431273107326,0.320187863639083,0.0141154160599341,0.501066319244376,0.0413537134295943,0.0265251316138494,0.930642395202875,0.971030872418096,0.75341742097987,0.153765908416208,0.946899717047092,0.0796744489781653,0.930508084943629,0.0800790206040494,0.0298689732275131,0.0665438506541945,0.544855129730703,0.414121731017906,0.0895749481513402,0.883689480292534,0.859121057033116,0.763790720320034,0.803806654673402,0.792722213357581,0.0181235370563587,0.851232322379561,0.32172409252152,0.480552180550993,0.0216046872039732,0.637814734084063
0.0559055159577987,0.06437155164363,0.897623979856347,0.272353078340611,0.0378227051645949,0.698434563131549,0.684330253903123,0.735545968134504,0.536202772173659,0.4010189131886,0.670409158951098,0.0896862894395724,0.0209046364426587,0.771032360306827,0.858623725940613,0.0488694980325476,0.0289281535176706,0.0839625280337731,0.677104464096412,0.0313563527353857,0.371930995279722,0.464461573770316,0.0217976308449181,0.0576993749748007,0.0826479153639152,0.143670883365377,0.0283818106540776,0.919795433936362,0.979489631667235,0.0290716818610375,0.0594992553894683,0.0219385834158197,0.0206123809810487,0.944154526677116,0.021239259259495,0.761069531197773,0.722695216026948,0.807420842274806,0.861551612315039,0.058640232094686,0.838266056853928,0.0632614167721256,0.494948591832215,0.0162709761133339,0.650100489738643,0.0455928554777492,0.0247934638893079,0.917916112832163,0.958937312630654,0.813866884254932,0.157157714570252,0.941354986725074,0.0795646657686922,0.91703943133696,0.020528016114102,0.0293608429530514,0.0514968407767077,0.484386621972042,0.373332485414447,0.109548458457246,0.86588797820562,0.894177214735296,0.703128043572893,0.53457585655836,0.61148820065929,0.0179817863226687,0.881194529271994,0.281646581919235,0.479996155018293,0.0239401945773615,0.627412298889472
0.0426540983096469,0.0359429831421635,0.530013597086195,0.384606780901717,0.0308709603642261,0.487663070551758,0.860783932662556,0.689073491202334,0.677427923670858,0.400580467758029,0.883651478208508,0.0856559032740418,0.0179797542838688,0.80389421664637,0.913090289448616,0.0340036439192626,0.0256531447108469,0.0424472708622928,0.945116745889854,0.0218708785159866,0.402409822893874,0.433543757013766,0.0156877259838124,0.0234125955195598,0.0674661246409565,0.156149327317148,0.0260046011953681,0.92100164144597,0.985243023082387,0.0250946349635482,0.0558555321977853,0.0179568640906469,0.0166920314416122,0.928348964529905,0.0283797087081341,0.823061683262226,0.305699688508537,0.806179830432716,0.872734639809297,0.045875484797775,0.759221066528279,0.0576045006622877,0.275703748168734,0.0152695973939063,0.380764638574227,0.0466652235043777,0.0242141467792122,0.884224841523172,0.970046476027399,0.715642412763231,0.153188229675864,0.943741740480915,0.0806595018056213,0.908268505458294,0.0500694319771972,0.0239063232082812,0.0587665278760382,0.671760939760539,0.327479281757044,0.0882017976616634,0.876142350450378,0.880867391213056,0.747728201516945,0.235785583573098,0.7785184732461,0.0137165838084881,0.925514404722623,0.238032676081446,0.2116108344416,0.0193190627907563,0.540033666259577
0.0665810913523325,0.0313678357076262,0.863722879127015,0.131746325463454,0.0378366407356314,0.615133939386522,0.53369057408367,0.671604595553451,0.479336869926458,0.292064653003544,0.561526672235253,0.0868758246758526,0.0199871058035229,0.640201236503758,0.865037511944486,0.0393528138457908,0.0275693516034354,0.0897652956841071,0.649515802708819,0.0316129518679267,0.412033714311053,0.348183447956927,0.0198164140724463,0.0311278454962527,0.083608279555066,0.136422455674895,0.0312815917232833,0.920832777603293,0.971990179248299,0.0335472176405016,0.0812488129332165,0.0199548240828041,0.0294185402123195,0.884140660302929,0.0265243862966598,0.795939171123339,0.521146918809853,0.862052027693177,0.753394430903518,0.0658566117108074,0.753719611853579,0.0773389979131245,0.430302067507771,0.0151674319625471,0.688567395538327,0.0453614443525632,0.0310616096108462,0.907600114914156,0.974221937639092,0.75895015930156,0.294629147748102,0.953294165033684,0.0864089834564244,0.919699575695757,0.0249782522720486,0.0272725615792502,0.0625989255347131,0.421551740329327,0.293725075322371,0.12366168042493,0.783343350957632,0.727937454116709,0.616398569033307,0.799241991340728,0.469998291983944,0.0195904119724271,0.836955430881504,0.316069052605457,0.678737089543548,0.0247374294901393,0.782186080239
0.0505195219565503,0.0368836508599354,0.384668803441316,0.221252460476293,0.0392303913075979,0.599220012283395,0.815504675816501,0.636019869084483,0.615822719824249,0.51926318504882,0.793529178199984,0.0710936031068951,0.0153786361205709,0.405189445301577,0.86047769539694,0.0448168970106052,0.0295849271870963,0.0852759355995516,0.869299434806051,0.0361098094616012,0.351127675233645,0.924180903051839,0.0201167874292054,0.0291810981612575,0.0893863594384748,0.121580283705649,0.0342910502516928,0.930367173733206,0.975997970943858,0.0286763224628368,0.0643912606729067,0.0214365887253064,0.0229039965108267,0.916310541895432,0.0285777954782386,0.837090030028073,0.649463070676021,0.772542927764559,0.707056811508307,0.0628125055542037,0.662124597113997,0.0406279213347763,0.288068899972243,0.0191032122543562,0.4592771168652,0.0366320185418546,0.0386389115163178,0.926465444714577,0.97216652522034,0.721989976079316,0.203139235695055,0.936655173525012,0.0964815394593573,0.819582826006045,0.0220112268961898,0.0320914684044506,0.0649271648151877,0.598213318222036,0.37872734164328,0.132045856825987,0.860163618626281,0.709066810616779,0.572492929064587,0.697467034334241,0.771176308673179,0.0157285790650537,0.866252181905196,0.274419400289587,0.551347377259898,0.0298427365039057,0.795722591396956
0.0425489107479533,0.0375864013773351,0.671413603450753,0.363338761658421,0.0294750986050385,0.478202220550987,0.774932126035717,0.77496286219066,0.624781019268643,0.490754679959802,0.734644849642717,0.0762481511225081,0.0190780962603225,0.702184355339674,0.887288733470974,0.034222516322874,0.0209969127370017,0.0783299519868434,0.805338214290508,0.0290175573205167,0.309003461262012,0.286808465178664,0.0188028475474103,0.0322906201128066,0.0805821747264081,0.114019063607253,0.0244667991152656,0.935552050386788,0.985724666730329,0.0250988598132107,0.0539011171701169,0.0179120187735955,0.0212681481943015,0.930845872145781,0.0205076740731834,0.8111312469981,0.410601237595573,0.831146626246517,0.836748545953706,0.0461023897835654,0.766366991409882,0.0518328718168711,0.349705263261013,0.0163536177094144,0.494811191073591,0.0329686331708424,0.0289078364763149,0.92923561700611,0.96997489073703,0.817158522770975,0.197953559024148,0.94843905536809,0.0857587767043265,0.864235904233457,0.0223191754074063,0.0333177161119676,0.0564202034400058,0.547434637339689,0.293020346581239,0.0985908243393449,0.875397072163161,0.820441081874851,0.699636943905234,0.38627519269224,0.651058971992703,0.0158668246023063,0.872222767355896,0.260984601815689,0.380244340876515,0.0183144123733752,0.63248575237143
0.0530947223028344,0.0320194990598156,0.710608991625707,0.45619143481423,0.0467725836272098,0.627491225591587,0.81770788709595,0.707133174839142,0.611807645579598,0.626321690699725,0.713987083383197,0.0532581972091217,0.0143519189120601,0.896753349867145,0.89566899959553,0.049208420406027,0.0299019642948651,0.0439245923569538,0.747896231048512,0.0252840694220498,0.611935426255176,0.689562186517631,0.0129251496048083,0.0508804001206854,0.12521499463748,0.105244660843188,0.0233797805342643,0.919960763505449,0.988865869493152,0.0338920410303649,0.0748715033513955,0.0200244429505971,0.0312168141195665,0.947165541841119,0.0193636660688389,0.799392969436098,0.673832270951908,0.917299902480956,0.921235641095657,0.0519092244880089,0.851329848350128,0.051850077894246,0.340253649101855,0.0116246363987222,0.572530439407452,0.0456727259829992,0.0354692550774405,0.915715722218091,0.976379685726147,0.757469371584886,0.175718421542032,0.948254826432341,0.118325675427096,0.860673445434743,0.0220580687970251,0.0519370693332464,0.0670059800168901,0.57979003921321,0.436523672267494,0.101722380016093,0.920332972440831,0.880475083933437,0.742180302878872,0.869688560770961,0.766468496223998,0.0125767889221572,0.872581512005646,0.523754164034268,0.77511383720544,0.02282573506838,0.815610830515993
0.0544064126698543,0.764194553652655,0.966958010584428,0.549176936990504,0.0782682285058476,0.774313457778054,0.895322913565638,0.748525949617724,0.598360536726388,0.119195632195676,0.813589185962409,0.0326419335272882,0.0400922726395645,0.769953899247948,0.721782011886993,0.0668428129606044,0.0221356636860963,0.0734877551538235,0.919884020185354,0.0317792232630067,0.44140112304627,0.843147671997156,0.0527239690125241,0.034513274705872,0.205992944843511,0.180658121063532,0.0521022764205705,0.896231885166578,0.969998103230056,0.767223356876461,0.14780075017664,0.0251589428607849,0.0335123134342503,0.923969846435495,0.0467636013156764,0.732760421022903,0.701969068713389,0.874771787625126,0.887318260631689,0.081870883523601,0.904736210277499,0.0714520456997033,0.4713206206896,0.0207967099637538,0.543050909301733,0.0519628749156253,0.0348446884565402,0.865638871540265,0.951574684571392,0.695577460628558,0.397814139981386,0.927237126651823,0.111251690732048,0.911081725197112,0.0206943658632695,0.0609423616650911,0.189176660343015,0.58733689709216,0.46144531521228,0.0764339086515968,0.850098879383885,0.906250757287428,0.603000827990422,0.812924833562827,0.783161800433933,0.0137210913069151,0.813387832799297,0.6876318203226,0.92367742070728,0.0550466856967039,0.644497992994249
0.0359469655043441,0.0573984802725481,0.854001148299507,0.247674750452707,0.0460071425005825,0.788059360307353,0.907811480143589,0.726812829607402,0.69254100979733,0.656368004345075,0.714468215159634,0.0607750005628891,0.018696646573894,0.896716748404137,0.918060065620685,0.0410613293687698,0.0272132288107093,0.0325825866163476,0.589317245860707,0.0254256793610358,0.402050995501099,0.123471427386971,0.0189570436148649,0.0492730780073663,0.117575847170393,0.124406776234094,0.0279721236147364,0.902832940007432,0.986852220579865,0.0471712770374979,0.0575564105051405,0.0284132338735271,0.0252230973989016,0.934404496364034,0.024078491657349,0.859391283390107,0.25998269870084,0.919793039100874,0.815336749596247,0.0800530000028428,0.84080421698371,0.0894705937945267,0.405191097575049,0.0147027530139421,0.487228685569162,0.0336879364682003,0.0317593837417747,0.90115503140621,0.971408936833785,0.764853634317622,0.12522606213904,0.938936166549323,0.100741387082326,0.911724311485939,0.0264660771144381,0.0647792934008451,0.0764840727072556,0.53956690008622,0.333190907622084,0.0825872691229669,0.908042952316713,0.903650708090584,0.803813981325128,0.653720996052036,0.713937724535786,0.0122979076962084,0.852520297653214,0.144425406001206,0.429064128396098,0.0214283626657571,0.758874953200042
0.0490508912280796,0.215992831226088,0.959488152039248,0.223440657624604,0.0546178572281867,0.751561899184519,0.782056071092821,0.735345222859418,0.579128799775303,0.284621864931854,0.816155490728113,0.070375224104214,0.0193585041910803,0.879080513806527,0.902257394330578,0.0468030716968699,0.028166916126507,0.112077657590651,0.930863627916748,0.0366492075050774,0.31808781052791,0.2653500164234,0.0199609952751125,0.0352475463926947,0.126633449345158,0.165400961962004,0.0220516507003003,0.907783400868407,0.985221670193308,0.0384049568330736,0.0799149407126321,0.0173594486119307,0.0270969657236373,0.907837743608452,0.0319403766797647,0.760602108398473,0.727523882971139,0.865221538012036,0.912908909351769,0.0819763629465111,0.788637750278602,0.0499639454155983,0.346036824649352,0.0171860256449507,0.486034179846007,0.0582328642044114,0.0403814659885243,0.948805285310982,0.974654698507851,0.819035604115418,0.322668750707781,0.947823397023423,0.115815771636909,0.813949069143645,0.023608747868628,0.0536717723616496,0.10271246972205,0.630178758641521,0.354021879637713,0.101955671852629,0.83263831159007,0.760318204850785,0.557918432489475,0.54537541809667,0.823469847404571,0.0166112570794301,0.913884892707749,0.384219768729074,0.360694258145448,0.0199436216961892,0.52691561178284
0.0440979891265153,0.0308773598401348,0.875942222852508,0.408014825025033,0.0463164860667082,0.63518055292543,0.891541105631701,0.749141116729587,0.656996635949474,0.479092558868171,0.783423637585751,0.0529805595818076,0.013686399430496,0.9520721044137,0.905372938149583,0.047142423452179,0.029555630565526,0.0751358668208676,0.767368362223035,0.0294528799867512,0.589319553653969,0.803314640748091,0.0126193426072311,0.0450170921610224,0.133362390509801,0.108016476913727,0.0253872430123533,0.926676612857705,0.986560477001706,0.0392659072831271,0.077366514471697,0.0236541815963529,0.0245123267125699,0.952393917153125,0.0247479559825166,0.826415932185448,0.669914548540899,0.893092132645828,0.827720417004806,0.05331359566206,0.736403516962462,0.0470662463592676,0.309773696908893,0.0170434642294381,0.636272990607488,0.0367494541983166,0.0338448240866256,0.887695668278349,0.973512794235664,0.743007145256172,0.121106351259444,0.950141697790482,0.0908670508416643,0.919266877482273,0.0198188107255494,0.0549953718439244,0.0765772041826386,0.552865990060834,0.464091591290037,0.0903378351779206,0.929353479069874,0.768081762765045,0.746277159499737,0.88123326053512,0.6520367672756,0.0128529991006778,0.899021686605064,0.291423712770944,0.727072834598232,0.0207680236306976,0.828101327440197
0.088789961085415,0.0434739448666626,0.733479368957086,0.29399475250187,0.0456195529401815,0.451315606947207,0.769959030586903,0.755466321234636,0.647651607355208,0.501559402956226,0.794487767151376,0.0508221828257569,0.0175260890730691,0.857655770583893,0.878051279558879,0.0485747532718092,0.0349449150499438,0.0509673609614744,0.800459616698971,0.0387038612562107,0.530513130589264,0.343314300367219,0.0209978600642047,0.0390716985346616,0.148100007165322,0.16977747620439,0.0270489676681104,0.954406606059094,0.979393177001102,0.0316797613290898,0.0927823046252936,0.024248471344847,0.0246020694698073,0.930021386043089,0.027475699562773,0.855616019414528,0.40106714597619,0.840638475251974,0.667732935910368,0.0759067811149715,0.675760953592559,0.0673411818854484,0.38482175291319,0.0150964897890729,0.528456258098024,0.0509878714691434,0.0392733373083119,0.929157866253093,0.967953031540477,0.718132046801577,0.205189589078597,0.932447507922353,0.121398847575549,0.855289191804737,0.0295432217554934,0.0721255211923967,0.0687278758371542,0.572212106781121,0.476013953919092,0.0914307310806184,0.880817823067784,0.819486056969454,0.709772873886612,0.579505335891609,0.719159073365561,0.0195199680162757,0.883365861069937,0.251762932036433,0.495138325345076,0.0225436418621321,0.802344053912879
0.081200377689459,0.0931876875666741,0.523177869003403,0.368476155563153,0.03830327934251,0.582728805664628,0.890472519994121,0.787449796408961,0.634867867917869,0.643880814035308,0.754303559733737,0.0837378226461365,0.0202912632170676,0.915116765526706,0.942835007653789,0.0501313784201822,0.0377768102536592,0.0765401192927823,0.823146484554657,0.0335130499589451,0.319551374552511,0.453916794901727,0.0245679987212752,0.038795105281137,0.0857888983355145,0.194684025996606,0.0356960682351872,0.949275474034569,0.973897834993365,0.0339225240017387,0.0648215870182342,0.0295590864502663,0.0231997225903104,0.926546936133134,0.0351486727915957,0.881665138384138,0.48254915155552,0.921775415722119,0.90419712347107,0.0899466687149176,0.813949671881332,0.0475179796688471,0.379401305622737,0.016117429295322,0.389980890257281,0.0497359158478303,0.043243316005394,0.931041961348362,0.96497748751673,0.756424860955411,0.214804615638745,0.921300358382633,0.0660818375278911,0.906371613936687,0.031910328651112,0.044163415124895,0.0838745742798992,0.548633816447814,0.420404697669926,0.10838195677402,0.902067428191833,0.893022480628536,0.691389960694075,0.463105884131123,0.791364889971509,0.0196168589276557,0.839679087478672,0.26711647537778,0.432199278024863,0.0226977495812589,0.549432316991098
0.064014153299817,0.0433006365315045,0.801503572531757,0.551137260548396,0.043307636128665,0.565485783955353,0.819182995774682,0.734054196307585,0.592525782288696,0.525288226568971,0.718933852995198,0.063719462645915,0.0156682551882868,0.794908611566372,0.893597108970991,0.0484170048753539,0.0233018051393881,0.0550548514753689,0.78196379667891,0.0305839396356266,0.279179060307465,0.55221098562891,0.0169339077655558,0.0320179182685494,0.0968454333453333,0.148471984646648,0.0231182555949801,0.918004413986526,0.986540359136878,0.0311445862616558,0.0943500152639755,0.0151308454726127,0.0240903126740399,0.933176253684365,0.025259179993784,0.848476527577664,0.466183924988528,0.875544112100431,0.872873886078167,0.0667537699388678,0.774730681627269,0.0436664917159888,0.445050028095015,0.014614317942931,0.471884145157307,0.0382876734925613,0.0285078469183782,0.941932592999246,0.974508350760563,0.808387140283501,0.19145461091634,0.952826396596176,0.0967684714158524,0.924079132488068,0.0199301544359336,0.0622149946947228,0.0695246294446502,0.567637430537288,0.312234798290246,0.0987630232422653,0.889620933193736,0.904448705086712,0.775285687125497,0.448826970974255,0.689512164216515,0.0152154849459602,0.863298538017223,0.289093528925659,0.359030889583786,0.0199748575759499,0.604573410011874
0.0513884893800431,0.03367277373809,0.654913930378426,0.331511849095635,0.0428393224109539,0.632055966864211,0.881505451607449,0.727909360075485,0.585685491271111,0.643489508223999,0.6237991190803,0.0384394579081474,0.0163978802538505,0.890393449494737,0.904200080176098,0.0429232813135358,0.0298653096855147,0.0797517495326125,0.637864333218523,0.0312044380685164,0.344439594613034,0.286116843458114,0.0199683869237963,0.042660276400156,0.121032620365768,0.122492813381643,0.0241521659586279,0.913159476848721,0.985901881323028,0.0309482567514114,0.0470885784846858,0.0181217934990171,0.0202440202807016,0.903075668030046,0.0221274691966469,0.805451576162371,0.344411716015841,0.935207490870349,0.903664589961287,0.0550824836314119,0.836955920449582,0.0575472272906569,0.445694142119991,0.0148579481845181,0.597561182026886,0.03150556430163,0.0422169480317209,0.92908661261964,0.968308731598035,0.776555394516886,0.215625993306105,0.954851098072198,0.0942502262426681,0.950166432746834,0.0234840504900212,0.0623956231318553,0.0659240416099395,0.483942709586654,0.328386241794485,0.086881047420339,0.908321138879637,0.915116719724175,0.723665659305814,0.543160106620421,0.62976283072947,0.0152574229404078,0.819656680978838,0.248764361658615,0.487006492909389,0.0209346727418274,0.609181692906187
0.0636704811856925,0.0318220446346409,0.920434080074625,0.323329922904281,0.0570373035300652,0.672173139020167,0.66451649207879,0.691752822115936,0.506173132370055,0.484551052272221,0.686519904287787,0.0506857189701945,0.0189087908851125,0.577532778959954,0.816898009222177,0.0522938370690951,0.0319950468850286,0.0719470457984091,0.646550713632626,0.0321147166775306,0.363197244895276,0.439476054148516,0.0155205106123918,0.0407772279182119,0.121599157541838,0.16521353257588,0.0274801759670779,0.920516337703242,0.984500947623006,0.0435462678314982,0.101461140454079,0.0208952720619104,0.0246639415717116,0.920730568865447,0.0247446662045084,0.78732230746874,0.573717323819928,0.81099541332187,0.836209548766298,0.0893976467233116,0.774657059693728,0.0632111598304318,0.40499143456256,0.0154081704908953,0.807589529118971,0.0470605353221861,0.0388898456799672,0.920642188436769,0.96840143908267,0.660350133835892,0.21851251676914,0.946468574740598,0.0868300335517972,0.902874172854064,0.0342733470901675,0.0537368801270444,0.0589645051921671,0.465953694828241,0.291378341548765,0.14839894420611,0.763792072523743,0.747694106251863,0.709296251567823,0.870425157476737,0.435516214052907,0.0125929589228417,0.81753348259726,0.42273229135726,0.611749481396263,0.019359139374882,0.799828650735202
0.0564148789008859,0.0891526648845209,0.819156946031146,0.419128160659057,0.0462185347067963,0.610691603141496,0.765296428625731,0.733624730865997,0.558245957932448,0.485512059864676,0.763669828128608,0.0518499104957202,0.0161953871871557,0.835968950044364,0.890315012826614,0.0410858603854522,0.0308598724315761,0.0684320724153851,0.833538026249103,0.0357193739187796,0.509927207968518,0.850598201193082,0.0142629500680975,0.0378543761503301,0.135769921146118,0.209418357952651,0.0261059430179932,0.917106862510848,0.988482467796394,0.0291292642576579,0.040886649633587,0.0165366803658645,0.0274254292558325,0.910532194523406,0.0234034616763337,0.800582228327038,0.602702971857232,0.810284535128052,0.729360006834804,0.0577412713634674,0.802564541687116,0.0667457248262187,0.42721935601235,0.0176164513718735,0.646367839216551,0.03263089982863,0.0388223172499067,0.917115652103937,0.970987803604268,0.687406820552528,0.274312342272269,0.954952049386442,0.117302901955386,0.917665545829038,0.0208243467166869,0.0532045082164502,0.0611446152347139,0.491211432353374,0.326447233804005,0.102779377876199,0.874737010763155,0.789040988593941,0.542867066737759,0.837213868856541,0.718927774359877,0.0176350405015365,0.875455142702493,0.41966875424148,0.633804984643661,0.0204062152561394,0.802438743596469
0.0490350470712727,0.0462889736963062,0.863846760358171,0.227418480983686,0.0421056724694016,0.524854044835792,0.759960824586273,0.695005701665394,0.581923820036541,0.176429048679899,0.762449929343991,0.0724175836725674,0.0165754025874055,0.790274462194625,0.838299412888367,0.0514867626890634,0.0284333643012619,0.0698231284844174,0.819817827840213,0.030191193615934,0.327013073032549,0.908674320578911,0.0161972677094814,0.0310945123861505,0.126486921960972,0.13801326140871,0.0291642500638676,0.898238149059724,0.986266814201679,0.0404695558871098,0.0717432890119865,0.0198482594197143,0.0250412331503827,0.939037981233567,0.0250977293393992,0.784612769752831,0.613774287404379,0.913878650380363,0.757553434827538,0.0587374535382092,0.625686563707066,0.0449412231858047,0.359557544805734,0.0175161581660939,0.488647333265921,0.0387579432184506,0.0368944937714784,0.924129570123803,0.973500593692919,0.756130822414932,0.203863529431084,0.945236914653784,0.0943251716995125,0.911719202787677,0.0212036399046512,0.0403218484213983,0.0767177156083525,0.541270314381294,0.34950323978635,0.095533203893734,0.861330510816649,0.693966271537418,0.579970807116424,0.775657832977321,0.707424690768269,0.0159211517382155,0.850592045603484,0.364847745332617,0.558619870174711,0.0170675591423103,0.776007190060458
0.061748328214386,0.720959311677986,0.958475480565102,0.302160943250912,0.0619673654485125,0.756342150452746,0.13573598709921,0.670835989396656,0.659140581094374,0.601150561995133,0.83904408064569,0.0450983397189092,0.0175870330132711,0.943987533512935,0.885119696324766,0.0450898442707411,0.0384890563874665,0.0757610754152432,0.863416029712223,0.0298370434711538,0.672815698538268,0.937723450769801,0.0171190315500491,0.040664368627926,0.155841542428651,0.161071821372908,0.0226596578876081,0.911823560573279,0.98661141103226,0.0342215666931754,0.0564652029938002,0.018077671942,0.02505615742083,0.928215113621153,0.0271725182722106,0.714262904639608,0.670807078094925,0.879448037638879,0.92405128541236,0.0626808905738742,0.6914969396475,0.0704709095473905,0.328359534935865,0.0146972148117067,0.474871480197892,0.0531029669221742,0.0363122186456935,0.926502370095057,0.976437474286048,0.562066563682735,0.157159391391357,0.940293941799172,0.130631753302412,0.850072782437464,0.0213120621393696,0.0495052658476012,0.0622853818307936,0.664168111550546,0.481921328415241,0.157947674648771,0.912541740030098,0.716716771172403,0.350848686479372,0.843552222685267,0.725646206584132,0.0161732467101138,0.895608895399612,0.343176684729762,0.366114580607253,0.0197180198436269,0.336334973726467
0.0580106094176417,0.209193065707352,0.471676342862036,0.296691781231532,0.0547740126315014,0.470609996950732,0.770997106630232,0.67573848980431,0.579437804061931,0.435085026051885,0.615731791756492,0.069161870087927,0.0154653733145667,0.896737254320672,0.864955361805957,0.0530826931430378,0.0340184934622378,0.0670067102773297,0.649955582437813,0.025783974629116,0.357880814121128,0.340100810082129,0.0159106263822055,0.0295401902414098,0.138346611166589,0.178100888575048,0.0228439045421907,0.914426327463182,0.988857328146852,0.0308760225257421,0.0706194234654218,0.0183108992289321,0.0271933726483363,0.93109380268153,0.0224385271074889,0.779776476190761,0.335327209104118,0.85477030228005,0.888148076168267,0.0517423461316605,0.818308612410027,0.0634588867241852,0.548980402405701,0.013980972998733,0.556924583199328,0.0420677136593692,0.0375316379290463,0.940595621959112,0.979054638280729,0.724994531210196,0.239986473936717,0.931674383031057,0.0984982417205623,0.882434421234641,0.0220801043620722,0.0519861563927678,0.0755897182184315,0.44801135197066,0.222824707712972,0.111017896362632,0.8653098702496,0.890651021739837,0.724048648967847,0.483301161021379,0.554644590461825,0.0147927764423438,0.909080597628908,0.267561129338445,0.495810006210009,0.0202624019921461,0.601098304407523
0.0552393814645388,0.0317138810083437,0.547984205645785,0.423911911768778,0.0566635878028109,0.549227718933235,0.899890863036466,0.799295315314732,0.718216233766235,0.579245674998518,0.860085100655511,0.055975871460366,0.016048711824819,0.911219380317983,0.935317741436394,0.0418298599408143,0.0357816156046586,0.0421307854284764,0.903094078379739,0.0373768537695555,0.36555421552843,0.180246146862441,0.0144434017346345,0.0367031268722501,0.186203036111281,0.0883786350796121,0.0268885406011564,0.924823380592771,0.988345325138329,0.0335966708687878,0.0744885897631659,0.0243345981203311,0.0277949986555223,0.950115955175878,0.026344570065703,0.892256755784535,0.655879195083335,0.948422016987098,0.905945119375439,0.0557105899622113,0.818407561108108,0.0643593846551847,0.314757465364929,0.0140544678814335,0.402388299536406,0.0505514205861767,0.0450359501864715,0.941132245264166,0.976899446083922,0.820758414583764,0.133232334903527,0.951401938157375,0.139173515178076,0.920383989102902,0.025554240815293,0.0555806050042453,0.0724198167170933,0.71370759585645,0.507344862982045,0.102771298792834,0.939851370948089,0.856576722605799,0.717995702988204,0.495861312098411,0.860600142036794,0.0128661163050862,0.933137514953957,0.227781141959555,0.25969863785966,0.0148810515383237,0.628219348939235
0.0516786645031103,0.044160523163866,0.89717642732502,0.649329381295164,0.0423532943236072,0.695997779756516,0.68124713478536,0.659614937602611,0.513613427885807,0.378217209415495,0.735688675740264,0.0650292231147859,0.0173299039737469,0.823738395349563,0.870395674960784,0.0370287976541908,0.0252950630075143,0.0877604838433464,0.723293525173762,0.0281076001589515,0.392836011319519,0.523080945474877,0.0148245212489688,0.032463581034467,0.136572013672641,0.204118060081535,0.0240642330290766,0.92723606990338,0.989499081156805,0.036197856859027,0.0818639594906451,0.0182040294783156,0.0224436745569213,0.918429592378809,0.0246258923387406,0.788334573403219,0.488089851123993,0.806429213931037,0.829495592525789,0.0635830557278812,0.798318530668454,0.05978915339138,0.44573166465749,0.0128780223292352,0.628635608624874,0.0371861807125921,0.0341832761959897,0.910022622704788,0.97571931340166,0.75309783336385,0.308527207310589,0.952949346395234,0.103985964038753,0.86647468734113,0.023343412695649,0.0466375742567702,0.0640439616467404,0.464300648040835,0.267386275921872,0.101535100368444,0.857980195994484,0.825512589728071,0.641997587069176,0.670988801129729,0.574328188222116,0.0132669121938535,0.849733186536545,0.302725894161148,0.515847988643393,0.0212042454757663,0.567924915387595
0.0484191979090838,0.0535408516770727,0.901985553318048,0.340996364603568,0.0545420288954783,0.57767620186078,0.834268211047525,0.708863493609506,0.590194246062907,0.503047177893625,0.783309199496491,0.0558517644260272,0.0140842105763361,0.886390500728464,0.829979496682777,0.0422616474931747,0.0374965972979149,0.07981533661551,0.817239207005907,0.0326385897032985,0.62667383738995,0.442625843147736,0.025640895800597,0.0355421028110826,0.1325511939883,0.152276324372182,0.0229720519321042,0.916363998722412,0.984438285094817,0.0326725869259706,0.0580549494461623,0.0173540654771434,0.0246578102527293,0.938593623968879,0.0264968220405059,0.822322717223277,0.656228202545216,0.84688909322211,0.670071807174191,0.0625150836685442,0.683150521473414,0.0664640489355224,0.340434352269106,0.0172153917552247,0.80429650416529,0.0408621106446318,0.0385470809795402,0.867965296757501,0.978649445852679,0.798398611198836,0.252154867610615,0.948434281682438,0.113496188431479,0.834083959393303,0.023521012803813,0.0575811176090942,0.0613605377307751,0.53864725348019,0.437486562202829,0.0926091320609981,0.866773394081257,0.815873714514838,0.719363421312381,0.831418194340059,0.79682896392561,0.015138316604258,0.860255595231022,0.395611567169823,0.905180730183386,0.022417435467565,0.812173074861153
0.0497438798255876,0.0386791760612297,0.859878161585396,0.166680057848321,0.0557691066970576,0.465084273148615,0.878732975283294,0.733244152093671,0.617436013638392,0.649047032965513,0.844847049935871,0.0538020717504466,0.0144615857853932,0.901197498679943,0.864235773158976,0.0462768639095182,0.0283529241139165,0.084267968427378,0.932236948879535,0.0322392644145063,0.311395586832635,0.317192246461135,0.0139164623884569,0.03561429249595,0.130991810919616,0.181854940738262,0.0244703784558544,0.916435518269708,0.985996833538269,0.0556161351103023,0.0580390765189492,0.0229874252054206,0.0264483138586751,0.93071949996943,0.0200597292139691,0.818914012344571,0.522006913168124,0.765543010207269,0.855507499255837,0.0654783351996421,0.694736084551854,0.0688180535464122,0.377494367535008,0.0147752787200253,0.487618105965275,0.0454014118763205,0.0362722744516472,0.930786052444829,0.97778384005243,0.762422442979457,0.17877037900359,0.957375432946744,0.147017329779894,0.919850362169173,0.544291456995835,0.06633245753209,0.0656997277673602,0.571699566263526,0.467792962430016,0.0877035965938748,0.862882718668513,0.833140871325138,0.701505105866004,0.409339726377576,0.798427776516478,0.0156052841353253,0.879121088539028,0.255795362677758,0.533414573939298,0.0212063030255799,0.804497464363209
0.0517344321413183,0.918767643464118,0.984188823379041,0.592685735744717,0.0523394161548911,0.504283496725925,0.596375381191348,0.75518694020479,0.791409203093477,0.792754855458072,0.880392242821152,0.0549250575715902,0.0123077165737227,0.979322650278865,0.937813855156525,0.0716939678097616,0.0367414946893111,0.0339490234745276,0.950249739448637,0.0283728850436663,0.791326585121148,0.979984333695697,0.0125465231627721,0.0361545089607086,0.114155655514757,0.0823853037560501,0.0266458761633451,0.908121058296458,0.988284686205194,0.0566630668091198,0.071212436418839,0.0162078654501098,0.0262546669347457,0.955326411025237,0.0210345971216243,0.871361399134804,0.894194427903511,0.931912053303853,0.941919331500106,0.0484608107100078,0.747501811838444,0.067830496337329,0.213025760859948,0.0123074592986905,0.496513592120919,0.0933206763946314,0.0333897462154643,0.930230869635154,0.976472700547248,0.763256819390021,0.128950237194786,0.954702916586592,0.0965304095792572,0.857309857745284,0.0200642465155975,0.0551498809975943,0.0489774985324392,0.804340069883165,0.814969635455103,0.051951500787574,0.921260932695988,0.74865534708461,0.468689010894342,0.92796158497279,0.908638352711196,0.0130708876774158,0.949744295112085,0.335256424927033,0.68175214792235,0.0131237865603934,0.52839188829955
0.0532693353513209,0.18932538269523,0.946768113056935,0.333334074733274,0.0655478389536828,0.582516699205219,0.656115357547531,0.622826819633246,0.513335873234704,0.410035312929912,0.603630721629726,0.033881421827568,0.0126969721568472,0.604201321217809,0.86865030183363,0.0649787173820212,0.0368956929226875,0.100191347319523,0.626502922741987,0.0352028042464753,0.36210510202117,0.593338531887005,0.0123409426249393,0.0373091905380881,0.151370835508838,0.191932128572195,0.0217788266293029,0.913156927703051,0.986383756399192,0.065194124961204,0.0772268783491173,0.0215634340260043,0.0239170263184645,0.919666616106117,0.0198520266447934,0.765907515220134,0.395468504805332,0.773010747504403,0.753667808508275,0.0704277150417158,0.774737016225244,0.0565131815333252,0.584993497282337,0.0157351815112595,0.859141775315666,0.0546875394813454,0.0573670211559724,0.895605091587712,0.975923011890889,0.690453508919498,0.305074938277994,0.949482210491953,0.136483800652297,0.926300797926541,0.0237669948235362,0.0830628435738282,0.0871388029168277,0.353577900618964,0.175793311075001,0.101471657007996,0.779900424580498,0.805213800214853,0.620856659221961,0.831230149004553,0.423323296206446,0.0172953953320376,0.70452745228384,0.31879777222595,0.907585350056627,0.0246561667606936,0.758078307705599
0.0487357613388302,0.0771389488082925,0.882652258999609,0.428234623583858,0.0488333281083664,0.619385336622609,0.800775585597133,0.69514555095106,0.523384147394229,0.486619517775829,0.73285630401433,0.0690090161530728,0.0182501891576881,0.788348630581098,0.851144694335612,0.0435851455277468,0.034691272252827,0.149395359013248,0.909053010959446,0.0284721422739717,0.339171914032943,0.532309809261643,0.0151017680790517,0.0314606689406623,0.126620522574843,0.220053612378045,0.0265043516042938,0.905607314612517,0.985459497430288,0.0344180018589403,0.108394513344534,0.0166818220247038,0.025572246558604,0.912901883154806,0.0250590192018126,0.711845097824694,0.809336122875888,0.716547367744022,0.806098104356318,0.0566989765513062,0.751340869811429,0.0734867914873946,0.456683978936497,0.0131700103466735,0.840634792523296,0.0316136052516916,0.0358721987575158,0.929115986383897,0.973670851201673,0.737044545254909,0.334758755687097,0.942722430884163,0.111014195840311,0.927122709918853,0.0238857584029704,0.0588906676117678,0.0856348498491465,0.472010258719989,0.326161355776203,0.111317251036245,0.824746548874143,0.792450744229385,0.593600820941038,0.808529072018597,0.601464731810645,0.0148436737917243,0.869882272725211,0.425437762252839,0.593411596614194,0.0219827700553714,0.732925068038113
0.148133144297187,0.0609647716747369,0.942395470379124,0.289332270786896,0.0432772115541786,0.680662310345013,0.818850944016944,0.762528833235243,0.543632170356646,0.414073241158461,0.548412305638798,0.0699933845216527,0.0164063064797095,0.798411559942851,0.928676118431883,0.0690597676675642,0.0334503678701234,0.0485424086466007,0.580947289724203,0.0360580599779391,0.387131409272229,0.277332792584037,0.0192327406867069,0.0340052891483739,0.097268943880442,0.0914579280670829,0.0489231401926597,0.942609224516305,0.96730877721014,0.0401002059382217,0.0631865189564504,0.0352404619495625,0.0339961552639633,0.944710416003938,0.0369807857872542,0.913081167498874,0.402578054541676,0.921373912162099,0.794030623716288,0.0908740167698479,0.724930400249867,0.0518038519514869,0.442373747250503,0.0180919216874869,0.702198040919918,0.0569132734325301,0.0404272808565405,0.937902452835713,0.967209555305547,0.722844675824677,0.118045916430298,0.926234155412566,0.0672821496247629,0.900154204045671,0.0350327998730031,0.0431364100835082,0.125005255834381,0.425801832142188,0.281790494250046,0.0711691310100329,0.909721960250814,0.935625613313534,0.851036042287206,0.607462713586077,0.490265369026371,0.0205846613400713,0.799922322077988,0.209024788794458,0.680876541345337,0.0184872960823694,0.714115981435691
0.0577606957108746,0.0503311396164273,0.777259769875219,0.207476116188347,0.063424362705143,0.659265622267118,0.684577707948602,0.720518040921357,0.489635640632378,0.389524980484975,0.655313478562693,0.0514576264464238,0.0158907044680422,0.83839053726522,0.84879118489008,0.0522170526975351,0.0328491925993803,0.0681329137966648,0.741455909427953,0.0316842036522334,0.531471314962417,0.708563892597911,0.0188162128322588,0.0409676546799131,0.13104823313097,0.151429815471876,0.0235509215706271,0.916805861068464,0.983764049460261,0.0372542579431862,0.0746011105401909,0.0181732956973254,0.0325987799522853,0.909096167694903,0.0248933217757609,0.729954036676942,0.417715347388809,0.836463629143779,0.774333133518081,0.0539768283316778,0.683132635294895,0.0447901483775461,0.47249753918155,0.0187147125809704,0.719360111092732,0.043700908312793,0.0479662321856682,0.92832538062042,0.964226821783177,0.731397217241623,0.24784895401398,0.929851335302173,0.112939800375589,0.889298266497953,0.0211885242502566,0.0677253895274773,0.0621018183673591,0.456548013774992,0.339763148743181,0.110427427299282,0.787170349481021,0.760816182723015,0.523967363965038,0.809417634106456,0.596228744477583,0.0194920992177905,0.784062886055539,0.298362768853361,0.762508556522663,0.0199588149233351,0.730401733653229
0.0690066598456971,0.0462228350598232,0.686552235306302,0.194058753886238,0.0402262508141984,0.617656827076526,0.751190622307999,0.689784788655058,0.539651522676369,0.430948501766301,0.572267792364535,0.105118494013108,0.0179838526848939,0.778949695461695,0.889754378221333,0.0464598136621982,0.0307671750544259,0.0568483953164936,0.60665136733856,0.0319815772117492,0.323577599682706,0.473957345943155,0.0203281283779742,0.0375771156502158,0.0941301814296223,0.141894631679386,0.0423561364427623,0.937769492689264,0.976829999709985,0.0289319765077029,0.0573841740078885,0.0256145979571955,0.0277831087705317,0.939387613798645,0.032494776573138,0.777905711642887,0.345844996304622,0.873070147105969,0.797797404996037,0.0718018533631363,0.717716998078147,0.0520467952833901,0.427638696707372,0.0146296196638563,0.625044804458209,0.0527073534144378,0.0402727308372505,0.942838164748651,0.959450943797211,0.71277013371694,0.195385037841051,0.935497089554541,0.0747448110094219,0.871423442973458,0.200533968135843,0.0458944651017984,0.0885389979584859,0.415179749345993,0.277151417187622,0.108550920804004,0.837936007218903,0.827446035856644,0.704139080885572,0.484411892377607,0.551273157449296,0.0195130838060254,0.84321230604689,0.259136556242771,0.61134433284699,0.0241397062208054,0.588030481385613
0.0486392840299546,0.117800777233983,0.756562070899466,0.45016470444003,0.0341717298705428,0.630150525174924,0.833747809038226,0.736885173916686,0.569982897034747,0.544754121359549,0.844694312735371,0.125598384333388,0.0200272141456832,0.918947216098945,0.89925295653046,0.0539447959009943,0.029976827816315,0.14329355148468,0.887263154564256,0.0285083425579086,0.444245829670863,0.894969773424794,0.0288300068030374,0.0321694964880896,0.0910788760489688,0.223574304013784,0.0376617955889268,0.9456895830168,0.977554637417608,0.0417188042656424,0.0601402373348092,0.0249866982149153,0.0209424129125153,0.933833275357189,0.0317549451349214,0.78401039369902,0.550243433021225,0.817132954015727,0.843939271583125,0.0672881019172236,0.645721456012207,0.0406407678583576,0.449490713766439,0.0170126116651326,0.685024087490993,0.037968494437674,0.0331873472801763,0.928837971448769,0.971339844994832,0.621388581972462,0.2642016610086,0.947185275251675,0.0839035982023374,0.923458397035104,0.0230018666648147,0.0382286888500295,0.0862829185193885,0.600223813965978,0.465893436276883,0.121994914260021,0.881896746002966,0.800972496006713,0.676273583343485,0.816791422947667,0.742756501197969,0.0171345299455602,0.865518930369506,0.571372640996366,0.540948307280014,0.0219687648129368,0.815688863732794
0.0507560043229819,0.061107897863809,0.708596266830246,0.528052046561927,0.0382236162584584,0.490780657259643,0.902196621698924,0.671262555292892,0.615730491855174,0.613646924045553,0.785756425427322,0.155638525110254,0.0192011161027558,0.890999374489461,0.934697410453007,0.0358106052597696,0.0273093433750891,0.0569250498793719,0.917819574994433,0.0373737062661596,0.527278196677853,0.456708190705879,0.0292779473667275,0.0344858343348709,0.0802617006237593,0.103230869744638,0.0294179116176362,0.915436127282641,0.973133052603769,0.0390757823491395,0.0487306433060538,0.0260248791094496,0.019815249672607,0.948561219009304,0.0273974076352359,0.870983769280392,0.440775274725387,0.885794594267018,0.893680000728034,0.066521947251283,0.691624105937469,0.0463011275149419,0.324719653494065,0.0227954398325711,0.357786261947791,0.060650184892112,0.0360207918758701,0.889270715082052,0.966811824185149,0.713798537999922,0.145297576562389,0.945100877433072,0.079979242721878,0.904898142749819,0.0853518300774025,0.0405284074543718,0.0847964406300411,0.631772755809176,0.408481547878745,0.0765724130724491,0.906266217857213,0.834688404847446,0.785397776931769,0.594984018478234,0.819740733924658,0.0211434281075169,0.91310470136964,0.211953831953379,0.253607581129211,0.0255632312654515,0.558156620825931
0.0478349098902992,0.0842588337720114,0.926835055246559,0.282157993436089,0.0393682363967714,0.664101236286787,0.853673525963211,0.67623698263445,0.594855184170385,0.588044744952728,0.636822444951088,0.130399828711254,0.0199757525313257,0.604698004787983,0.880153552297204,0.0418498541152854,0.0333996357652154,0.11973984526356,0.762945641519689,0.0331545050951359,0.338221394765047,0.865456857520772,0.0342891864880989,0.0386345966702171,0.0837485576229623,0.19960799447899,0.0344664109643066,0.936671214787776,0.978188531682306,0.0320001541529274,0.0616777551942801,0.0253492302463961,0.0244477651087894,0.910594806960185,0.0322280892197358,0.739258465932941,0.687284944380307,0.889333409741662,0.904799228326603,0.074502377204436,0.751601405048273,0.0473229608699449,0.45976750853212,0.0198643367627954,0.64603293140986,0.0449525422438363,0.0314363249132503,0.92595166842044,0.961234593970298,0.746044216291268,0.330695191181094,0.945258473661066,0.0685897683531108,0.922631251076932,0.0261598692755236,0.0396891479986785,0.0966002189750891,0.525576194806615,0.368182369293281,0.114777932880653,0.891430088000745,0.726739783435314,0.578024107583715,0.7871514091029,0.719365700084841,0.026781343697934,0.864799013712743,0.37413692362073,0.604290073782096,0.0280988956253996,0.733155289345207
0.052950707290677,0.0388409306023934,0.87816798479233,0.291383385306133,0.0437904379867435,0.58048235691916,0.671495423391567,0.716113984224271,0.569124413797081,0.549445363100247,0.611749601915949,0.0453366841176409,0.0144303508126723,0.818123026534337,0.8970210132354,0.0539704728524203,0.0252802155512955,0.0644807747636968,0.599651317554612,0.0332949741327135,0.332529019969276,0.364094309615809,0.0160766998758549,0.0468120942455255,0.133025743906381,0.13503377423837,0.0316622252372405,0.939412777207444,0.982774023335986,0.0425639483237639,0.107578773779555,0.0245221051360678,0.0228738511662536,0.930808496882775,0.0260511932847658,0.770212286871753,0.392934799436381,0.909838518932089,0.77188961819201,0.0809606640888433,0.793482430596946,0.041829009492247,0.4820063750144,0.0129189139565226,0.764529048388359,0.0530621095497422,0.0343667122605723,0.910240064251129,0.972356340972368,0.695723004070184,0.226558425253253,0.944042016965379,0.128911595994771,0.918228981784071,0.0223904250427326,0.0574384896537013,0.137517316337849,0.445953673012684,0.279522417450394,0.0958463688543147,0.870625644266999,0.871618315773537,0.749022227194334,0.683053848347229,0.51233853650818,0.0115472120868954,0.770957683925512,0.267563300710488,0.656367388916206,0.0253994249614535,0.698324498613298
0.108192342299819,0.015859300300466,0.916095391729981,0.359268977681729,0.0339524449082371,0.819626093905956,0.856208591275349,0.855950104219008,0.730535204079488,0.49772244433867,0.875214904756831,0.0730199465262245,0.0192134444310346,0.528569142730111,0.921239381360025,0.0556764221090351,0.0317425641294628,0.0558210021647905,0.946214479467816,0.0404344458153539,0.31262566054265,0.421859353298532,0.0196225087835724,0.0372932638614692,0.0949922796969932,0.0533877123607512,0.0250968859194974,0.926052235155117,0.979163628681254,0.0341593501901143,0.0859695532796857,0.0234990336280435,0.0233500291914874,0.943217400229601,0.0317319756187828,0.854264921237739,0.251056694068695,0.890156551219874,0.913174901584254,0.0747403506886707,0.836488140769825,0.0479868797243896,0.377758657959912,0.0152803097046796,0.358859168086129,0.0524900811650235,0.0419665706850682,0.767204618627952,0.975543544831234,0.781833507390751,0.187576146840697,0.942100340826899,0.0952550045787055,0.946168317459295,0.0232448580304065,0.0576407580693121,0.115945449373417,0.679366462563819,0.618528952750439,0.0707957319056718,0.90595925511124,0.896474029420516,0.718668690404032,0.914572191386497,0.889080944176892,0.0168228121213542,0.925744545362863,0.404878922608355,0.244221497483841,0.0189036432553971,0.790821562955614
0.0929091837770592,0.0285406792424691,0.765841639181459,0.277298197097683,0.0368627883515785,0.568944884267588,0.548004591751943,0.726290430558588,0.640314488299246,0.41153993782123,0.629783034884637,0.0710339024922244,0.0151927025837716,0.865429625536302,0.866991002509067,0.045787424178497,0.0334796228003635,0.0429972496665691,0.670908960101791,0.0316057011050568,0.436607179014326,0.587380510296376,0.0180399372555122,0.0384841366756132,0.0797665853078081,0.125219044363233,0.0285101857537931,0.958942004475358,0.989020781175324,0.035470192044178,0.0694851171067921,0.0165376613612472,0.0237651396886458,0.941319429570182,0.0239786757347382,0.829491013213451,0.403386788989865,0.899019447469305,0.75648652707436,0.0602732968646613,0.795409456272374,0.0534552828324933,0.407928675311273,0.01061599353975,0.775016183544158,0.0412386217803345,0.0342906905380947,0.934435392642224,0.966665850905793,0.723623802771511,0.294047998197404,0.946952461842106,0.101213424032415,0.900536189373241,0.0213412934146278,0.0514457858215302,0.121140832147067,0.472869232144991,0.313992302992811,0.134440011115895,0.748293585766824,0.790973079702331,0.709016657874605,0.79506293826213,0.635957127167851,0.0143906932827786,0.823663558895422,0.362093936078345,0.600421475400901,0.0160361331074674,0.813781885522369
0.0899751624621453,0.0395485734701508,0.909107376162226,0.346485512285001,0.0376590062954385,0.662326100196569,0.790791543142195,0.814994802985448,0.664822271784159,0.353406511706538,0.719021096662581,0.104239262095756,0.022263773918914,0.836365393122919,0.893328614090419,0.0480264126558481,0.0273013860221854,0.0605369774108364,0.70831836163452,0.0286028205965375,0.314577307450847,0.406542898155078,0.0203091758924688,0.0317433595168891,0.0777142891311003,0.119265884732858,0.0325625857262857,0.945613917220026,0.979884876715546,0.0329434294328999,0.0413733211448093,0.0238611683323006,0.0220835372086858,0.931268528850627,0.0291958355798912,0.888857550208843,0.730826906512407,0.788769895196701,0.897969201735627,0.0431164600360706,0.750474743616774,0.035330742908198,0.355900809191816,0.0160530978608961,0.460324733284675,0.0497212505168901,0.0304288412979963,0.750038653259082,0.969991180900161,0.681264508845489,0.135386202201177,0.930257024048029,0.113139721598921,0.922608414262375,0.0249844178846152,0.0457205076894105,0.0898325425198188,0.557153432199267,0.48918649553089,0.0808354122137102,0.852194018958388,0.905288822495667,0.718564221510829,0.841566394974321,0.775168008072595,0.0177531402996732,0.884727092020531,0.224054587457092,0.557708814555297,0.0232299478065222,0.832207553234382
0.0590866791343919,0.269927730125321,0.926472609548096,0.519957624771474,0.0442157798663454,0.645221997074374,0.821840164931951,0.762930486347889,0.773180654489241,0.599873729757174,0.854591785189376,0.049213473105809,0.0199021923375177,0.551080341235734,0.919569861480511,0.0575274842237114,0.0335958716185709,0.0665636266315304,0.947857288794553,0.0368871989351587,0.589173219481933,0.768881337713929,0.0183170485462641,0.0293696014637692,0.109906685220325,0.112086114619884,0.0233333300070392,0.934091950421316,0.983021843416228,0.0470785954374135,0.0529587221132058,0.020253753897439,0.0221403188030015,0.942488116141534,0.025042318278889,0.857117608521248,0.768778294969827,0.890404224470243,0.9137537188033,0.0552794858287764,0.733867325029257,0.0265585994475885,0.289356633552573,0.0148218616534021,0.39593202161114,0.0375952199393555,0.0287326954601716,0.929871409898535,0.978386065900403,0.651271421082423,0.161422274352507,0.953665062221418,0.156038255723224,0.775307148823084,0.0359723042996735,0.0471529942380094,0.0750871274918518,0.75819122628523,0.42904278100096,0.091383814153054,0.908107931060855,0.483938403458865,0.664556043781704,0.885559994333839,0.882842780517849,0.0136156075777721,0.93648261704504,0.272256449875616,0.313725244842631,0.0241033065861461,0.501222115210447
0.161323350503729,0.122359984041425,0.887081688129657,0.169314443103128,0.0580628800646268,0.616267676199606,0.854203889570896,0.75717526234125,0.62749352119573,0.505226931925609,0.779585132719639,0.0249209110288846,0.0202173439441735,0.825478189967198,0.872210456659427,0.104266622468328,0.0620006663928949,0.0989362089275444,0.852747095479942,0.0514590472306184,0.392884110929837,0.904940739421496,0.0184935265419291,0.0619319369510374,0.185139899285619,0.210158475714887,0.0353208107188627,0.946560861220359,0.986078412048947,0.0508879341875429,0.243130522584737,0.0409907811020436,0.0361845561201284,0.943391192148955,0.0338671118357228,0.699498111981951,0.454289704709799,0.832451193981128,0.703894376838765,0.113236076405018,0.72762205266902,0.056489478388946,0.421197528930414,0.0163590347908905,0.709204734586065,0.0663183927650811,0.0950068389115111,0.924417138663274,0.964204018327152,0.694815324204181,0.390425136202178,0.883093358666054,0.111799982035377,0.843541090350268,0.0289199193481546,0.170458327848829,0.182878041177439,0.583941246004263,0.278846313937872,0.11153038351305,0.868023037890077,0.780979801252146,0.600553846957051,0.800267616026621,0.750350019576431,0.0147483351047789,0.846359155443758,0.494956083522041,0.720391821180842,0.0330695061925758,0.718878476352196
0.11984904842914,0.603946826029414,0.885608767524359,0.361090669828163,0.0509153091668069,0.592999876687463,0.913508214358641,0.862871917612063,0.713170698155358,0.664542600253402,0.865443159804327,0.0296334870878119,0.0173730505000367,0.932205394187803,0.936731113533608,0.143877733062186,0.0392390903606796,0.0672856187692695,0.822516278478195,0.034495732153052,0.466538363702534,0.116481594011763,0.0154526074231708,0.0584319282442603,0.0966615908025855,0.135686672427504,0.0405760792158584,0.915523407302533,0.986660695058419,0.167661886579061,0.108747533926879,0.0359691175100518,0.037682238886723,0.938781417679398,0.0270353098699627,0.880699607534216,0.453313937570449,0.882576004910793,0.881918202607518,0.137932945553451,0.76689604988337,0.073764639998735,0.312892921153291,0.0131063956134844,0.420671936232848,0.0501649232600314,0.106852805261231,0.937381724948785,0.96084288868307,0.754110657061089,0.223435292579691,0.894917843934107,0.129858653773333,0.912553471562731,0.0358143100371026,0.138844394611126,0.392456886532147,0.550138990308837,0.426335857415896,0.0622424848249596,0.908473089020313,0.888122653888695,0.837972499133598,0.379742843397831,0.811536052061096,0.0113296478065597,0.857031395449628,0.169020905328033,0.361099094875682,0.0281497787949053,0.582510129162944
0.195992694911954,0.0542636221978987,0.946997605093942,0.280694828429284,0.0586502875756382,0.717335810287764,0.66379646943551,0.75246529624205,0.485185816034899,0.333923923332429,0.636713898371936,0.0274001408613749,0.0177488079936659,0.857865393468424,0.88128799156203,0.112783681536863,0.0433440459888488,0.0726976514507103,0.675562898672122,0.0328127890363469,0.472599347190852,0.674964922756432,0.0140929153031014,0.0603434755476141,0.137335100741812,0.171019700856362,0.0577852016183683,0.939651587281687,0.971980328648571,0.166939791020227,0.0841693929692682,0.0363042542858548,0.0320892579009355,0.931046935344515,0.0370859040862957,0.774818451264595,0.342887152022102,0.896836717513876,0.744777221781152,0.0861938597300552,0.75710244625746,0.0620968320954238,0.415650344107649,0.0150222757063038,0.552910578157774,0.0580247852081122,0.0725160691154509,0.927980740346066,0.958359881202277,0.734824011568525,0.329190451447201,0.848821152721912,0.120400028271572,0.906588046141001,0.0335636758242363,0.11847798675005,0.287258218365971,0.344319459221276,0.246109824147463,0.092656850766763,0.792965818382452,0.759127897629524,0.801768085655618,0.846104353333387,0.354988599568757,0.0130132677100992,0.739099041179257,0.268674480968953,0.84496632870487,0.0288923701307185,0.809908433629376
0.133195292447791,0.0533855439826744,0.628585244052962,0.11798823307626,0.0493368658835238,0.566727149839895,0.73815187194022,0.757914333075096,0.568041238870018,0.472239729354497,0.640596884875995,0.0634125925402098,0.0175986152533969,0.913134071203967,0.893693400884536,0.0947263826932337,0.0346659667108472,0.0325214902657981,0.567975472519653,0.0276675920104519,0.425096783976728,0.387159367092705,0.0151379510754018,0.0322139973296021,0.136383031039496,0.084727805881221,0.0342909902336006,0.912963196442247,0.981933197281679,0.0672559785715861,0.193453345336585,0.0396899411972902,0.0237092183208942,0.92598218302895,0.0287253885209043,0.864637562202078,0.271475566759593,0.912006514569996,0.634844022737254,0.0701990380744271,0.799957434902926,0.048902399242028,0.402409658767263,0.0147698040079873,0.506613837016849,0.0638464913265623,0.058434456028523,0.924375672791989,0.960051833782371,0.570108938263199,0.138359532722614,0.905509691598394,0.0984568978099766,0.894447016409187,0.0334228299404889,0.0771049575678785,0.225340843025347,0.40614085629455,0.393306068597295,0.0592883012249922,0.904492484419748,0.873230102941701,0.795772535281417,0.573070362858501,0.655342480364919,0.0170398735659127,0.757694785738354,0.238320290981573,0.814558930476173,0.0221897937467749,0.846587043574275
0.101029402524308,0.0507782033063134,0.911876067692772,0.133886097372491,0.0454371838579778,0.582221966888975,0.634693943355997,0.686552634767543,0.639077598461619,0.368020551425107,0.448331284181249,0.0526935287206078,0.014323666004195,0.703432718521668,0.856483249398314,0.0640897537562258,0.0279988412404507,0.0490891448672187,0.462011080665491,0.0310157562966845,0.290487219436518,0.174598342541788,0.0187331239123477,0.045207845430941,0.0985080353137278,0.111843538939775,0.0312875669785688,0.948253134746518,0.98252378277873,0.0320397436893124,0.0754117859964222,0.0336916482886291,0.0341238650725061,0.917510792055195,0.0322858497186779,0.816782148926305,0.363501104645584,0.917189178989286,0.797964214181327,0.0797501099369457,0.799706130877146,0.0549611196093098,0.605776808771356,0.0184891269978601,0.758430821610677,0.0546929842305255,0.0580809213228745,0.927165819382134,0.957013422983679,0.650915600647347,0.16637883972275,0.913922965648525,0.126913735509428,0.927784295368793,0.0240925863315179,0.0839861358068839,0.107953779387034,0.302687774440332,0.129963233944148,0.0789667109893618,0.802531728417705,0.890747090757858,0.817225129406626,0.847457214066284,0.326899375505853,0.0141084231968479,0.713638369659179,0.242715986687532,0.837315746471894,0.0245959210294487,0.8513958580786
0.107154797525735,0.0507679108791574,0.905990146051465,0.17055524587368,0.0514715176602538,0.636787300887532,0.558696142494809,0.661398832453679,0.618501868379299,0.353959970395073,0.508945667068881,0.0583245348649911,0.018652360873727,0.754625327380608,0.827561767908334,0.0665983642885822,0.0329380813980224,0.054577928106109,0.466888265027421,0.0386425044260837,0.383192733759182,0.308134584401099,0.022169323172383,0.0281207049081406,0.157225402508884,0.129328775378981,0.0366924132669772,0.949205615060654,0.977969856118172,0.0411690195121516,0.0739472443922188,0.0210599140786668,0.0290259610473646,0.947155146727344,0.0287533772907264,0.77332218236903,0.335443111309201,0.855725369738806,0.812892958571148,0.0578308706053876,0.775022490261016,0.0392282859153595,0.559412605478105,0.016823787745699,0.828710644752807,0.0478808708141319,0.0424571996897713,0.920160262086858,0.959233292336231,0.737438161055592,0.233363060729972,0.907334714262966,0.168892931859816,0.904345887650984,0.0220051167284895,0.0860349536332345,0.0987108089630641,0.313107836802216,0.130829678357186,0.130203279078284,0.724190306312446,0.835928139534975,0.740888836019644,0.681492793874801,0.327341809837543,0.0154800317975565,0.807710082127646,0.246500460978472,0.787743799261896,0.0247132735069176,0.776240025224078
0.171449687001778,0.0522072309226398,0.620953353878108,0.367114927397169,0.0537693694264158,0.683756460613999,0.375451383255789,0.829464143947768,0.676702551088339,0.559936339818058,0.77512928595784,0.0647530075879434,0.0201578966298561,0.857805388568298,0.919106881767464,0.0678230339685299,0.0519392043917099,0.103530059289516,0.885998989432432,0.0334262907529463,0.26061308300059,0.379194079721647,0.0127752544890157,0.0434864236753698,0.124288827718361,0.18858578381612,0.0391697742999822,0.940727325081568,0.985478209406374,0.0486349405353442,0.104036868970824,0.0333652245653065,0.0274784878416826,0.935163761411099,0.0262159018638543,0.716831606913693,0.631981921897489,0.873008576366444,0.890806057647969,0.0780506967365233,0.813864446081814,0.0758266629824505,0.490783910832154,0.0187317683410365,0.381602635801594,0.0781097154698037,0.0446637579942247,0.960337275608455,0.960122695255234,0.680002996950157,0.309738020349468,0.916733255945797,0.145164847318887,0.897910741873006,0.0395122255603895,0.0799083565374485,0.136385706271192,0.571209618817876,0.471051002537514,0.0914529765543361,0.883873144660067,0.839198363376575,0.506810060257603,0.808465723255418,0.816105791774498,0.0154483447607234,0.89064866661479,0.314842215625134,0.457132347175722,0.0212236880241687,0.698893032362888
0.0909440749985003,0.041601280671746,0.680202099672019,0.169289545932274,0.0476842261941803,0.574729231462406,0.785223462114063,0.771204398977425,0.711783811693054,0.278885600444442,0.860006815590922,0.0626745718276034,0.0202734622095229,0.760943511766795,0.905470155952977,0.0716483977173724,0.030705042647471,0.0573187197184,0.842087929490799,0.0256589284367547,0.342885125094921,0.525301612807417,0.0194594684499898,0.0386574432528075,0.122392475016096,0.14876855336456,0.0393227497052957,0.945385423845461,0.979565825026107,0.0323334373547122,0.09014469007373,0.0200354144840352,0.0307488315422042,0.937662505227607,0.029181588640682,0.766271033429865,0.576413579740718,0.868373393787887,0.789145749661297,0.0647323104828559,0.670900212700053,0.0504239893001288,0.265590964123485,0.0142487772574463,0.72192740645705,0.0695180297370963,0.0591091688402975,0.932161713578564,0.94567313160598,0.67901740968881,0.231283659804638,0.906488658427308,0.147960098431962,0.861996643395874,0.0248633794919532,0.0926744184049364,0.0775703577776122,0.63711808546531,0.339904876342475,0.091498888786475,0.906421633034024,0.670550533759885,0.509433755476063,0.8445532656464,0.680299752808715,0.0185956472812175,0.878889772622199,0.401594740812178,0.706998495663525,0.0215480839332294,0.752346004222127
0.0895277668153608,0.398015231890288,0.862674792364639,0.168615633367916,0.0516809596148009,0.768387003155454,0.881859728566565,0.873531842567351,0.752863053651527,0.73028172771132,0.819682873318413,0.0726376802547317,0.0203398229410903,0.9380159808897,0.93559101616653,0.0506587457031033,0.0327962166163461,0.0468975878659685,0.871716542517953,0.0347349602047258,0.292321864546625,0.937054712225654,0.0234822011671792,0.0428183851030796,0.123614314885573,0.0621939110747953,0.0383812161992033,0.92478184995381,0.976698009771472,0.0463756322367762,0.0648014490919866,0.0264957282134078,0.0273862250409381,0.943519293327837,0.0381588865553831,0.882336282519295,0.714722441953698,0.925331238275539,0.895640276863608,0.0650564597610954,0.584525892466408,0.048431829998662,0.218364052287864,0.0158038726736569,0.331859357071428,0.0971185260630227,0.0359093291472791,0.924625590655188,0.953835466297288,0.698190978950364,0.136806187178728,0.912646579253002,0.130438681100168,0.906425366648837,0.0265252623603327,0.0540848310167913,0.0722965059752297,0.685672826894922,0.574654275923936,0.0728301944796551,0.923493386875876,0.692333464254011,0.786977678972699,0.915858256795304,0.8730613792013,0.0210475212548588,0.914099877652823,0.47477402187521,0.527165766581068,0.0246997463534155,0.873450494175556
0.116042360630616,0.0469982186268452,0.896202042959309,0.292390440431381,0.0407407728695455,0.58459829290313,0.527124765871586,0.739254983991977,0.518745246786766,0.333243364156849,0.561960725075517,0.0908818929404469,0.0220719456182406,0.736699611432812,0.762282896317215,0.0472022990443923,0.033570414201564,0.0728954594507742,0.569253748629576,0.0339740837385444,0.416114072879596,0.691439936991982,0.0247695773967884,0.0395811541098358,0.0999352575546945,0.222438481952205,0.0395531981877785,0.952005129525696,0.967258273665885,0.0337416885995422,0.0757711552058564,0.0326969523281328,0.0328040857518501,0.921424635279159,0.0384880221254813,0.747903622570875,0.413182367143356,0.736605191710719,0.764055899494137,0.0740027155994269,0.787650183923118,0.0646519287003802,0.502952486103956,0.0201269454029385,0.801301622026179,0.0578603813656547,0.0411090252012314,0.883462964590842,0.955346446590963,0.701665201064497,0.320950479734011,0.859979665768113,0.13414403965383,0.89018423575672,0.0462769789346027,0.057559599650704,0.0818147497609793,0.328519610240833,0.183789904545885,0.139231951734695,0.853198029422757,0.786572539232656,0.610452654993636,0.793865793390937,0.320879994129869,0.020218657887464,0.688645274196635,0.282973462217867,0.754898701776116,0.0252359390449842,0.750177656089307
0.0589313782124573,0.0336130186653233,0.93487647706627,0.295698830937594,0.0471948344176079,0.64208071539601,0.723610951432891,0.686379616728274,0.514163015322218,0.476071128754372,0.662727480274546,0.0576990264508089,0.014316080549036,0.80304001198319,0.874265028763618,0.0506018141963008,0.0359862095862084,0.0659444968402572,0.698263988512795,0.0313479218571749,0.374855027562416,0.541693051375039,0.0184371237057565,0.0410618811738962,0.148720559977152,0.163206965061809,0.0264146156963333,0.923731280943008,0.983865891334275,0.0305365459392701,0.0811356691249203,0.0187936227309356,0.0292079808378206,0.925417183204659,0.0247399609275396,0.778306828571925,0.529745793666635,0.852517877957332,0.781424513561842,0.0589807533682806,0.808873797661295,0.048403519615476,0.550435180852222,0.0123041570045396,0.582416856179599,0.0445674344404501,0.0378873588010498,0.931368806858166,0.973563790260301,0.674772064095808,0.276033737100192,0.941223392293497,0.111515992328528,0.914836400599326,0.171139627610644,0.0543795223409888,0.0625403190563246,0.415692667108832,0.358276346799697,0.11692454948363,0.825457333303421,0.87060593580228,0.708943986752296,0.578040965856329,0.596460167092762,0.0174827413397571,0.837831551801233,0.271636792999591,0.579866141628436,0.021114075733364,0.698502651356431
0.0779502010477496,0.0336424770026702,0.928056350071981,0.180502800143614,0.042413149976456,0.76225541831866,0.704285088152118,0.791338005984982,0.579366714539816,0.463979867134605,0.719634139198489,0.0837005401398079,0.0218650367062692,0.435266704686619,0.846165626686374,0.0441311745490526,0.0330992695138509,0.0969118239419761,0.802790337789648,0.0286600721220871,0.439701125231266,0.901236170294732,0.0168195297886238,0.0358647887011509,0.105596995241962,0.183234484918046,0.030371132422227,0.935690234397057,0.976794228042749,0.0424839943891326,0.0437944517055433,0.0358933246716305,0.0238457647499549,0.901662049218471,0.027610275441491,0.805458330773978,0.56180504489438,0.821300186374095,0.878181111007902,0.0635789576916091,0.689252319742407,0.0339935295901293,0.398543424588252,0.0161976158569516,0.708578534308148,0.0580319848771867,0.0317539271518409,0.890622066294518,0.968215347705472,0.643920269144931,0.250749162868993,0.924056289836964,0.12525349405476,0.896892141687359,0.0250439118128155,0.0543464364477894,0.0654659128516305,0.514078485314742,0.371727759407998,0.218262728791726,0.840728738185873,0.661847068802639,0.525972083532485,0.91873679327298,0.582219716557285,0.0187414579089611,0.883031886409745,0.444391117455304,0.655976321722989,0.0222600391399754,0.779009636370025
0.0527159557006728,0.0384388589637708,0.860968666260754,0.326482334856838,0.0713145383169028,0.704363043749119,0.24358083689119,0.678834526952029,0.618878394534047,0.240656396725906,0.812633330420462,0.0308914304671019,0.0193749629131829,0.873486045621407,0.896212061043651,0.0720738336106242,0.0243016182448622,0.0565463235367515,0.943910871131738,0.0259578139410976,0.654400118499203,0.96102487652303,0.0171575897366287,0.0430889655514028,0.11568633807519,0.168558342182668,0.0280319278001242,0.921704667697801,0.984380895646021,0.0300565270822652,0.103999906646065,0.0179478769502363,0.0259224311392682,0.840898671384091,0.0281919954704477,0.725865206272676,0.679179824087677,0.9347673698321,0.91293998134673,0.0608570646608865,0.822340316138568,0.0351151258898075,0.696385871334464,0.0195421144610437,0.421136287951032,0.0482592897044531,0.0451121318311829,0.918921265556611,0.968817423970615,0.7352654553239,0.221723147360973,0.938162679912788,0.121639479562892,0.896770415628932,0.025984012941962,0.0324817878420033,0.102399509445102,0.488284919184959,0.195312358079783,0.101636918442247,0.788279724539559,0.725634470268668,0.320129476560893,0.587481496782035,0.627580206465757,0.0131125920567216,0.931985631092671,0.587963580276489,0.43676710733838,0.0198628315623192,0.179735758776881
0.0714263725589567,0.0259371181495248,0.935723823221619,0.354397653066814,0.0370017825136849,0.709976157070501,0.888477593164397,0.761651088614589,0.786695401792352,0.390315446019962,0.865160521932713,0.101984975877436,0.0195489051379352,0.864335964818073,0.919044851148842,0.0489914572684802,0.0279664429580133,0.0400410172923999,0.905958877871805,0.0424942432439101,0.708085640291913,0.95433383491728,0.0248907157700257,0.0394473564445388,0.0718035822159784,0.115804450798571,0.0307322680866534,0.943946236887244,0.981395172761247,0.0355201272768369,0.0548580435437754,0.0283000221452218,0.0239775988322601,0.946674863042694,0.0291387175063994,0.874949447382801,0.618492425428924,0.89583498238907,0.924643884926893,0.0651718578929445,0.752429205606514,0.0445080426878086,0.499234318614632,0.0184763303918068,0.885874107838094,0.0634212816459318,0.0299685560103996,0.892608400391195,0.963293273493352,0.572397759135327,0.101023380952828,0.948645708174284,0.0808912895524602,0.927964778324118,0.0239602540969312,0.0361244860660105,0.0816953071831362,0.682965275955973,0.677354576837516,0.106765708603347,0.897758946945823,0.864737318096229,0.802209531494968,0.868963148268265,0.85023225599827,0.0145558792379959,0.90082859694443,0.538435059996492,0.960090293672663,0.0226269370199387,0.873598799724683
0.0635400775524672,0.0259834577694777,0.910791227504779,0.23124438837844,0.0426958995146548,0.432439656170039,0.878343181911789,0.822772824271158,0.731701503718642,0.62995884253432,0.375319258969924,0.0593708404887125,0.0162563819586763,0.757487470031139,0.8697492101887,0.0433018909832422,0.0305776248102941,0.0306271913169034,0.928018614223259,0.0289906515099879,0.338759655422768,0.265867675161225,0.0174496528072304,0.0296156421908428,0.12750329614246,0.0445925383191789,0.02565027628934,0.933255749403685,0.983000495340369,0.0262606867024116,0.0643756123098549,0.0230536066648933,0.0242657696541962,0.933764162835346,0.0245304983176444,0.868255951765114,0.289749806162871,0.864465355365017,0.448523234462476,0.0515784697449912,0.795219818204394,0.0599504627173763,0.388158795552209,0.0154055781864619,0.290425065101789,0.0374974919209313,0.0400873282789453,0.904135794929644,0.975513648257562,0.72731028835371,0.179838151317185,0.943101513864147,0.121376276860283,0.937888098445642,0.0226305167698362,0.0548538610232297,0.0661412807489182,0.0438968316178636,0.0986982802698047,0.080783423814185,0.833005153376915,0.870730987856822,0.87143881400247,0.728833555301222,0.236836680308891,0.0144651915191198,0.557274266635771,0.157975834640812,0.929255374174856,0.0200026348382442,0.883915295838558
0.0735623630031466,0.0330862727757455,0.918873709203869,0.262761603436431,0.0393273775738646,0.628358217727421,0.6649363948333,0.770991319697745,0.667565446210001,0.535139258228781,0.627520837751125,0.0835982360364277,0.0190321035647965,0.8315508748374,0.894459087164076,0.0579569108031387,0.0635769476622606,0.0492306266161708,0.583279641042016,0.0402401159170658,0.416696755410999,0.258059333842731,0.0203277264272551,0.0482074442080998,0.133864358330761,0.135916416329088,0.0291029834354344,0.919224989256038,0.98178085242253,0.0361794417036621,0.0888939417901672,0.0291108942335362,0.0299940942332107,0.941792062465678,0.0313789846530541,0.750715000188107,0.267113970329881,0.935460201409978,0.696530136960997,0.101566384689406,0.812332754492841,0.062011670523593,0.472031555302081,0.0131717649780034,0.704767768483615,0.0567393856079383,0.0454173504652795,0.943676388936177,0.963874806891392,0.679020189347543,0.225992890307184,0.934075962989879,0.089116301768645,0.887145555693927,0.0277035395043107,0.0568720727464095,0.0949531712231999,0.468258264500047,0.315474890676776,0.147313964500856,0.885177418533989,0.88399798125027,0.813175878789036,0.757046976577557,0.449466986004438,0.0198361475438457,0.790422481875218,0.227143386709078,0.610292448911218,0.0247268279673349,0.79539119298269
0.0596092191478435,0.0340712394454846,0.804515490766687,0.347130274074211,0.0466327311119395,0.614722180549463,0.775150205026836,0.682787835208136,0.649206004785855,0.539940646143746,0.677016552024823,0.0756110941583774,0.0170525768831728,0.729709635924346,0.863931418232215,0.0404616552505973,0.034693368926167,0.070612978711322,0.707108521643208,0.0448120657855592,0.418773280124458,0.54977281992674,0.0200925718708928,0.0498726653256855,0.0966325495214031,0.154261797584566,0.0280799484697683,0.933522098877733,0.977107263063421,0.0286639214210948,0.0598464816281451,0.0188705541580161,0.0265180397633786,0.944274755045521,0.0272278265084021,0.808658336813085,0.399513375990582,0.849725967547537,0.878840261265788,0.058907430546452,0.80273955061661,0.0553901600810656,0.422110744923796,0.0137351471619414,0.56698923262329,0.0391576685038865,0.0354798672919509,0.927835836310525,0.975412568127945,0.774847008778249,0.206393779908269,0.943264892733892,0.0808087169653712,0.906624571722066,0.0207977601413649,0.0420964539309188,0.047301626913383,0.542286727933466,0.257093901630297,0.112495585867104,0.902071067587539,0.850783680861977,0.731536463490848,0.47024099591003,0.665358400267484,0.0201153034722269,0.899680154583732,0.25964193440454,0.50564073454363,0.0256200521792197,0.590677404184261
0.0809371529663977,0.0766525643479311,0.944134111386151,0.272398550665663,0.0513361612037249,0.690652981757027,0.704747531723888,0.775607359330378,0.643376462297366,0.499662567517309,0.700937037159488,0.0708968534396817,0.0160831992194678,0.65740213870759,0.901696691596659,0.0593444490781162,0.0415097372787033,0.0856554884950917,0.65831047574308,0.0447774079193491,0.489519693136273,0.737078699586144,0.0173730813708684,0.0530291149885216,0.139178022367382,0.173460783254252,0.0296877851223538,0.941125019128882,0.980079782328409,0.0329297542590125,0.0709847826773153,0.0212988399945704,0.0300331738749099,0.933329022617107,0.0281981750008435,0.73655403809412,0.535805970982233,0.891160366850213,0.724045895963799,0.072777971844162,0.831054412556722,0.0901238053558267,0.546287167129299,0.0118061574742192,0.801416679670008,0.0594787917397889,0.0405792419829864,0.927776855405632,0.957342926535829,0.725159398443074,0.267583166050517,0.94703260652367,0.101527208149484,0.917919591439867,0.0251722335305119,0.0586710410764952,0.0807919992119299,0.41219361121749,0.395605370463715,0.137502232818945,0.943453912255701,0.893919975699727,0.718543888836337,0.838959549771418,0.580613661032266,0.0166695805992626,0.887927876419089,0.30282099630197,0.862092648670233,0.0247150035450852,0.831066627506853
0.043329374465071,0.112413309309501,0.965058862997104,0.265991262194304,0.0568825125901115,0.581963562803698,0.816767621944349,0.674113760762574,0.619675543583497,0.569866339470635,0.595727749509043,0.0262359072234045,0.0149242116680358,0.887163714208491,0.869371691350235,0.0585055742336375,0.029894445379826,0.112203488835588,0.653018443976242,0.0424973372217082,0.445449687539494,0.427458198793071,0.012922488688932,0.0311789085795287,0.165915140957687,0.13511905248516,0.0248142314628533,0.920730137875428,0.986804914223966,0.0846055780926717,0.103032508989563,0.0191116858116764,0.0190485614758346,0.926606256800676,0.0209595510269479,0.779599232055478,0.462020229101439,0.938513425797589,0.727667803920795,0.0570792758853031,0.771590162621735,0.0620431456066605,0.438593097225589,0.0136681342451376,0.722022074496767,0.0398349854947916,0.0334214852664345,0.930053170384569,0.979392037035153,0.746641612653424,0.220861540298446,0.948612443305306,0.127886944670445,0.87794931112967,0.0215525520830614,0.0633509931130636,0.110913263612484,0.489075800286106,0.296521753800304,0.0884966980598398,0.849793814279895,0.867577053381578,0.788365957619001,0.526141212911206,0.509763318333475,0.0116818116546678,0.805480066173402,0.20484783274934,0.628522414382316,0.024151008916134,0.703263597182312
0.0491527339558323,0.0284514099591167,0.889489895240262,0.357663025771954,0.0664384187631999,0.389055968322994,0.658770784525001,0.680845808913528,0.556287319990665,0.531687959648854,0.556973332998631,0.0348371412020233,0.0198027069654895,0.840547284056828,0.847592138494263,0.0661132580626159,0.0516954978430476,0.0657897529712753,0.642202665273013,0.0340236884032966,0.461977140883601,0.429088642443894,0.0156172500276249,0.0452330531025806,0.238073587665099,0.167523579936761,0.0247871295998539,0.913280677284305,0.981719825746814,0.0760734549454788,0.0669781194505162,0.0171640861139886,0.0308109386691632,0.950867748620198,0.0199615300426887,0.733661160739937,0.257509683464453,0.852303210460208,0.65001891431204,0.0533332115700791,0.797164068877407,0.0508714634332714,0.577838031356393,0.0119017554480647,0.746878469287892,0.0420440307329449,0.0387140569541832,0.921743348848145,0.979489510633753,0.750620993949618,0.243175327442385,0.942080429944044,0.135356309261493,0.833901735712633,0.021465546504699,0.0640893600738101,0.0956201492730129,0.351693113451873,0.182829041974068,0.102711751187236,0.875729261872948,0.881546452758603,0.694412289416202,0.577630904386516,0.427586430702672,0.0113747826881279,0.696206678030546,0.261345505322433,0.70544625300135,0.0225005038346968,0.762864857228817
0.0456925980179951,0.0322329266839092,0.285888397264434,0.439482253238877,0.0641413810511615,0.508812483635978,0.795742620369939,0.740103002628123,0.635158774662176,0.603324209723684,0.838064216107919,0.033223431013367,0.0172074454419443,0.806977820097719,0.870185317906387,0.0525515454495724,0.0356461872319925,0.049541449041693,0.910951868330719,0.0359159199191899,0.335359409211759,0.579248518272296,0.013923983318913,0.0385830188796663,0.231734833855781,0.149192558137987,0.024978100665876,0.91078279737388,0.98910955466616,0.0968970810289435,0.0887668591060766,0.0175236853050999,0.0264012400635944,0.928995778413288,0.0209015661673816,0.809594550518934,0.420750109930741,0.860486826900714,0.884415056064992,0.0608984011194324,0.75143582120277,0.0629615149341489,0.299999399559952,0.0104994683103737,0.460392158421963,0.0397005769737885,0.0448298203825907,0.919625058888547,0.980024304505179,0.793373971915187,0.2107968358156,0.938413870826482,0.132709095109055,0.874116014380531,0.0258029824645929,0.0554512616488137,0.0933562707360205,0.659702699016991,0.229310265013959,0.0996129025973466,0.894147446896241,0.885889027535175,0.70328827734738,0.435160495343921,0.791780555389978,0.0117180242070307,0.866245138040652,0.250269545112475,0.321494329822287,0.0237236342657522,0.568563143601504
0.0567003943059821,0.0755202894298965,0.837524518231385,0.439233313585847,0.0392227650188926,0.702004214234465,0.810864642433684,0.732481834846833,0.592004239844749,0.526092793769723,0.727546948690946,0.10662243853175,0.0164890636482968,0.682760570250225,0.835984614385982,0.0566962366214248,0.0423691915371157,0.0960809080638941,0.780711609325038,0.0400633427028639,0.309168159500296,0.44670983298559,0.0220831733760909,0.0404962567430618,0.0962393068303553,0.204945395766975,0.0237194271032797,0.918409833034927,0.981411607249931,0.0279784180691251,0.0733131497922354,0.0250622873252639,0.0271410305618241,0.92301475645527,0.0284873324996484,0.789435654489114,0.484640498640589,0.817237077028574,0.75489185459187,0.0727511702357881,0.768860158769834,0.0984359518787759,0.416253209854001,0.0153491843917593,0.606063675744892,0.0376564637669766,0.037206214966525,0.941890295103293,0.976806637605061,0.70872475038986,0.276210693744721,0.94050243375374,0.0723366737406429,0.917327822000951,0.356605323209741,0.0498574729759799,0.0637941715035364,0.541438700641091,0.204952494589669,0.12313325698536,0.818542415608652,0.835711133175301,0.633912858697569,0.693365832264586,0.741836475870943,0.0205998563213209,0.882937560948965,0.311668207501629,0.449275832528794,0.0208309869828506,0.569168155217943
0.0602153527078568,0.0314699457339368,0.84189114538862,0.286290248294623,0.0431178158126349,0.723125972103646,0.786207449311582,0.712055321269632,0.583463798283458,0.529082957422947,0.791892595593489,0.081982613722942,0.0133856799759662,0.609283602759261,0.848724738124839,0.0514255138071647,0.0433846953463602,0.0748208119885038,0.876499095984376,0.0326641192189541,0.358322597758822,0.450969977316999,0.0224306396547694,0.0505383529417054,0.104673922856489,0.165824544335562,0.0171454443852625,0.91272392988216,0.984222345930331,0.0343577954961124,0.0601217125584245,0.0171537963393974,0.0294612343341539,0.920136192325818,0.0248101740088874,0.802749672219367,0.379526356306596,0.813907314224992,0.837883295430919,0.056905536623911,0.707752242603756,0.0591736443700076,0.397696678293209,0.0112649940425187,0.485031227816342,0.0475108207868505,0.0440680552427702,0.94024854779031,0.975309024770335,0.780358338707938,0.246490653207512,0.953899568838868,0.116169265145137,0.94001737393583,0.0196418519030925,0.0440891668478303,0.0508027727664503,0.51967419158227,0.34145189997698,0.100420850119928,0.842550332411027,0.755834687867879,0.710336993179618,0.416757348845254,0.708063953071053,0.0180675895739185,0.843010773711105,0.251887136821244,0.428153220569404,0.0209917839878039,0.619577879126089
0.0566424655770086,0.0272778498653398,0.592516702666826,0.523942541949691,0.0403912435400728,0.620753219488367,0.760802877720879,0.736603728477632,0.631815448398464,0.505637101177433,0.726331164645726,0.0773701815445186,0.015765207758562,0.746417934616737,0.872688805849619,0.0524818635555788,0.0443695040635387,0.149726878954996,0.716059440303183,0.0434164080200514,0.31760672915843,0.357965343820184,0.0197950945742455,0.0415897650653766,0.143004868464612,0.232714378107233,0.0281394513116496,0.934816574720578,0.985175134020633,0.0335161769488105,0.0652538956699036,0.0276353285384496,0.0401206868112488,0.948817639305918,0.0293079502229002,0.739003410503423,0.400593833781726,0.813470619693512,0.774261061453605,0.0621040937113273,0.768901048405657,0.0880340153846437,0.428936916883553,0.0152478439972961,0.508027118187468,0.0653926417447486,0.0487665437094148,0.921080020403152,0.96580890150846,0.695549733836763,0.263559969079965,0.932200386335484,0.0856993159292988,0.895227830924464,0.0233076318819715,0.0496613429334507,0.0770943155282294,0.554094870348643,0.304948466207876,0.108493238177331,0.843163205847938,0.836788955776129,0.780977147943454,0.497010531111495,0.653536633945502,0.0171797661676191,0.870413683762319,0.272607532127005,0.451271896186397,0.0248947962020427,0.627021939709311
0.0511949785049752,0.0343795216302013,0.612779707845658,0.164456584602538,0.0476249012774292,0.521926086311067,0.795567630384548,0.633364379477991,0.560253167932307,0.595589013992615,0.679119989538442,0.05281304336162,0.0146821513782395,0.585647734926732,0.889256984875628,0.0444107753872279,0.0282391228985446,0.0720925417022167,0.844438821885943,0.0241340506604995,0.349414881940387,0.549335887980803,0.0122251920907193,0.0253058844081389,0.146996302234013,0.152327928687298,0.0281556738300649,0.937356205100832,0.985971027044709,0.0385000600964807,0.105516826891868,0.0150610718187219,0.0209635476002921,0.935438602681354,0.0233134783489961,0.773135321935164,0.285412253164497,0.842081652183037,0.912195559997905,0.0502860273116526,0.593268919976946,0.0543041452109942,0.354508632372787,0.0121818090609766,0.461994742972526,0.0327249951447443,0.0387421794073822,0.852723112209117,0.969997607760529,0.66606086711479,0.244793155414978,0.936496002867717,0.118320847720152,0.699973396309032,0.0308473247871897,0.0434908567084053,0.0712610640334825,0.570650329948077,0.309970127595474,0.104072974720412,0.815458071461002,0.569505453541291,0.691050962777596,0.526652773589914,0.734854623969788,0.0129331170849538,0.745254224804708,0.285871450402145,0.464077742920471,0.0242353034287559,0.805861264495882
0.0810261051562271,0.0587596882344379,0.957735097672345,0.349800956723416,0.0423288296134302,0.570610069910687,0.587525280994833,0.692903996053474,0.578415565989358,0.266611154298072,0.468431662135322,0.0815219499224343,0.018165297883546,0.701164011169088,0.809333552555835,0.0501891342081268,0.0427545141364518,0.0620595672370828,0.518044938102635,0.0364264462390267,0.47737063625419,0.400290551425388,0.0214648897559941,0.0371654087326561,0.125559382019023,0.127183913666533,0.0267258941076312,0.921578945163392,0.977767494940748,0.0314977533784242,0.0727301378560545,0.0251726224436923,0.0342888634469218,0.939567345526552,0.0347998450114197,0.687720253653302,0.270847571611865,0.865457248734175,0.816769989365757,0.0668905321052744,0.841721370807483,0.0791005455804016,0.559292808275133,0.0208635616344852,0.767632422309072,0.0496259477368002,0.0503805068155113,0.901247882899823,0.957022874948743,0.666360475639892,0.296548351033541,0.936656428937317,0.0897307695129287,0.917976582095552,0.0231603828022076,0.0553421065905525,0.0701001750751549,0.348525706163332,0.177164101652193,0.119448803958476,0.808339904454787,0.86641004764883,0.725865710749223,0.775477593525439,0.339328204211784,0.0209542378561354,0.766302058626303,0.308485985961579,0.801359302795602,0.0216886125946498,0.784665767877864
0.059361360400134,0.0250259833315585,0.697662467389327,0.150281117382553,0.0457046296414822,0.410761118951739,0.8547818791716,0.694794248417613,0.628978570009935,0.529450514306904,0.82536147994367,0.110360105375479,0.0158812197606229,0.902708270652841,0.885304887858196,0.0420730388953429,0.0375296519267683,0.0592203989952803,0.85207658464766,0.0382534106816317,0.621694162321088,0.606739854757995,0.0214837210308104,0.0343246742352327,0.0943608335702923,0.142969015613897,0.0255684152224956,0.914583061664444,0.979797818856787,0.0295911129659056,0.0557882090646486,0.0224364886383102,0.0286645064205545,0.950131002218703,0.022334132499932,0.817344793331924,0.502971882969324,0.891756469143947,0.790680223806618,0.0708294568580809,0.780197457304151,0.0890800321097984,0.398429985916656,0.0174160447339486,0.393146271568105,0.0511508591332794,0.0429823281720631,0.929468617322543,0.975553086652697,0.742417642718925,0.24748629081389,0.947338052496183,0.0869424455144889,0.734550598293529,0.0335184878969777,0.0473651152447086,0.0654721249523285,0.426010995645974,0.520199206860371,0.0985648976133448,0.917271036706299,0.897475781870968,0.679234847183064,0.597888382288221,0.801474322257937,0.0162000407547911,0.895988388743857,0.233443181841178,0.577167317379067,0.0213153229559947,0.761850384052157
0.0592516587535152,0.0448388570504485,0.841628145934661,0.221929923719109,0.0561014381526005,0.557185713804076,0.855790006318745,0.731865377481126,0.676959336669095,0.542488419268019,0.782244318869924,0.0236949425805071,0.0181764244852916,0.804329898537068,0.894020956516345,0.0561823458177391,0.0339682604470284,0.0865227206934403,0.807577213217561,0.031997245059787,0.482895862641221,0.191153468908046,0.0129889692868266,0.0423318577312272,0.203223208820922,0.107289223419168,0.0332811719257841,0.920886613685832,0.98943028515903,0.0903428206928595,0.0831035080499907,0.0187663400541649,0.0337366563488787,0.915507734013969,0.0252335592135417,0.806663300470762,0.670954409723444,0.926211761422848,0.893882226500659,0.0711279004173734,0.838368625455762,0.0721063843631194,0.482466745839077,0.0119415879946229,0.463193691922942,0.0453275553364089,0.0477355131990506,0.913337557070594,0.985150973451387,0.77435029680515,0.206145105464231,0.954506534948579,0.162760964396939,0.928223617793649,0.0196742284187844,0.0589158875234638,0.142390349438361,0.624115956680816,0.330444966578312,0.0938811987813076,0.904524180707519,0.86542066257218,0.703822003078875,0.612935104342979,0.710439112222886,0.0110039002522573,0.844461292690427,0.273170723091608,0.359140295053225,0.0238527046893706,0.701284308738341
0.0536798426200724,0.0251585838298688,0.852121053199073,0.396730752117138,0.0391299272240892,0.675510412507384,0.930266880448629,0.699739515195658,0.698768671999674,0.549590079309518,0.591324207466126,0.0835019149460832,0.0163558390521812,0.801734538787834,0.850919614191668,0.0471181715796189,0.03336461836807,0.0519287506425939,0.720737317873388,0.0346860289943354,0.338993114960331,0.599299307306094,0.0194977554152544,0.0549441863898392,0.107475010637788,0.140163727673741,0.0241611974116184,0.926889774539453,0.979931957967772,0.0278657003255272,0.0897383552604003,0.0316789872044576,0.0269383762470752,0.93849378101797,0.0248010526965228,0.802223260975782,0.494144221023625,0.865710200214019,0.757858712063128,0.0734960253394986,0.750780100851975,0.057420900833125,0.48980445510632,0.0149057333835748,0.735486762541663,0.0489561269520366,0.0344585881255313,0.92567621979466,0.972001474802691,0.667932579011078,0.217234963273689,0.940150161192651,0.100329885537892,0.831866699813966,0.0216877051460014,0.0427223782601891,0.0868404983513451,0.417182164759144,0.258252859555627,0.0981479620053658,0.910299760776403,0.77527786674897,0.719079715064747,0.790176000635267,0.521857010320368,0.0186227631909007,0.793962097735293,0.313251298073512,0.64464217083646,0.0219062171346508,0.867524635165423
0.0558288208769712,0.0229080994812636,0.623244532640689,0.138792539663485,0.0430688905401169,0.665444679479513,0.733407445268106,0.700591240801784,0.552362734574475,0.533722180140998,0.67066508423472,0.102493022691141,0.0189270215868425,0.75797697019761,0.834489432462403,0.0531643844876585,0.0288677860562266,0.0749615116246278,0.734203029395024,0.0365034399016347,0.3768801659724,0.616764438604304,0.021020724338955,0.048825029760732,0.117046716950544,0.150438646009433,0.0256109075554597,0.901182061548637,0.980355058405139,0.0256051297175298,0.0643885778193859,0.02086952631147,0.031899589286522,0.931601138097175,0.0261684211392242,0.74658133912723,0.235201130387639,0.847429070430712,0.811009696782255,0.0565073988367452,0.777404269159111,0.0558992012628238,0.48328192274634,0.0146233901183633,0.573419936519252,0.0382933220372081,0.0352432189117563,0.933719517763075,0.964993336852267,0.68473360984325,0.211436808990556,0.9562229274151,0.0756398377967628,0.90228836654528,0.023046538839916,0.0523816828535452,0.0562267575951942,0.492921686505758,0.360370658263089,0.11009623419987,0.870697591259259,0.698396135009296,0.711011648858494,0.512307114702828,0.606728122257175,0.0165139075047013,0.79323940058222,0.278216265776894,0.482007597174858,0.022988215372762,0.643033240040003
0.0661554925316303,0.0284129278810476,0.918943750416853,0.480616831381831,0.0378628672971801,0.651380490722676,0.919578166949714,0.773020925725253,0.618708538901662,0.640041253235681,0.454869704886235,0.0848353061229861,0.0163163718631837,0.860520624927189,0.859787385905162,0.0553313952222885,0.0310897229833186,0.0459220499456907,0.583382425769847,0.0362923813994983,0.282474879192679,0.413985097112425,0.0218467298898151,0.0445136574808257,0.0844722232743397,0.137978295540892,0.0232948476259714,0.931908857153742,0.978260725944407,0.0316015262872089,0.0829752736010689,0.0215978302980716,0.0351226634950457,0.936939261106439,0.0258405140593495,0.790821219360572,0.374188335335261,0.910110308600541,0.648217741921697,0.0612607741247356,0.800508222412451,0.0478030334792674,0.443358680768443,0.0122630982646307,0.84803590602498,0.0520703515766729,0.0474135728506397,0.925781988541321,0.973755278718772,0.696521458647983,0.19700916175031,0.95337882613352,0.0940674523637099,0.929128531452942,0.0230175177079647,0.0489359874971289,0.0607033191223398,0.24802060830291,0.175611078168413,0.101706727866381,0.915254998847224,0.907388686921473,0.808767845451876,0.809927172398177,0.34196460652788,0.0181713395909798,0.834512563622948,0.202796770446769,0.850677712869487,0.0194177734724775,0.821432401627158
0.0785219468415889,0.248192099300629,0.850444345874761,0.493614662684226,0.038429950878387,0.565673383885464,0.784310466207644,0.755813227648466,0.603368106831928,0.564608010618644,0.734274540074393,0.0878311104129659,0.0199701148050986,0.811339003826032,0.890775473540002,0.0512053703564762,0.035717892215717,0.0565805895760226,0.698357466909826,0.0393105522413217,0.521486469266027,0.804854470285149,0.0171109296998333,0.0429131337420331,0.0975926487362822,0.16071885238046,0.0302327905460441,0.91736832994191,0.981349890717232,0.0359061419506976,0.067375529253754,0.019884477344992,0.0293891399646725,0.938735964681161,0.0307558717028972,0.813646125443497,0.553116489747778,0.825185657402017,0.772387853180612,0.0741751099714929,0.697471949879909,0.0467999824413419,0.499866780042308,0.0160357991224458,0.602314722250497,0.0426074851933747,0.0439924629949791,0.92501747427594,0.96212538743249,0.729977109669589,0.199494705790451,0.942196756994,0.0854320064597351,0.887259288725263,0.0212910337397306,0.0458751925414403,0.0694676685177075,0.486601716603001,0.419081442702739,0.108627338999838,0.860266673443525,0.907135683345282,0.734481840796453,0.830029799536043,0.732381367438619,0.0172924671213612,0.871598826785132,0.374524670218165,0.713712463598853,0.0223051305134694,0.828131036194636
0.0535085460411042,0.338735895248951,0.962079463244067,0.238721470930511,0.0640804133931361,0.841933773779314,0.658684685617336,0.695435333372764,0.594667126843598,0.400522764114885,0.711759215355958,0.0262293154425661,0.0148681363552631,0.942288595672682,0.884371767345627,0.0398947651619635,0.0345818733195116,0.0878282186843912,0.711776284169684,0.0320136904024672,0.47873414178806,0.371435435751321,0.0161007862178226,0.0345169008295292,0.124900865821026,0.122229701410832,0.0329693172295562,0.914145997318355,0.981918544616631,0.0915653435608929,0.0667255231472943,0.0245310294086699,0.0296275556577413,0.906102841210146,0.0254487435696729,0.750755818407927,0.504739298579635,0.893871114550274,0.809464808484963,0.0663905329272143,0.839064768443487,0.0607876125272721,0.43031364062051,0.0153620519580072,0.874445518412006,0.0361167218217903,0.0355558480908872,0.920526102193454,0.980070802164574,0.764381980070925,0.214566087526922,0.940116315273417,0.164810807775099,0.907692765037521,0.0187328352291835,0.0573290478133732,0.107020803336639,0.46795610085943,0.316112358612196,0.139785487482436,0.883253884296521,0.829495068714071,0.639392609072769,0.826762592143769,0.54864455799434,0.0112337069076745,0.758924312620879,0.507232013760462,0.497069179000614,0.0270692003178929,0.664280468982248
0.0599547445304615,0.248475268895101,0.757640059219625,0.135850740786833,0.0471029141662449,0.631825490554378,0.725823299765841,0.690506994180195,0.532635793599774,0.518357238799747,0.704329175752134,0.0921930971438577,0.0184040393191178,0.818250546814704,0.890166939295438,0.0623559361180924,0.0291325333427656,0.071313517586871,0.700137117495766,0.0390680937537356,0.394430050852288,0.787864470158423,0.0234076684441387,0.0339117741136945,0.125131706375802,0.1862653737884,0.0359804604287349,0.934028339361513,0.979604724174591,0.0325715921370628,0.0763193256297398,0.0276078623822652,0.0267381808279853,0.938622326736686,0.0317539496389278,0.779157802117951,0.652399863771638,0.873717936900047,0.828037518210661,0.0768741245800211,0.741311460320695,0.04266189867634,0.400650412672908,0.0138719558182659,0.636840831544165,0.044581375708553,0.0389104864541273,0.915703985792337,0.967139803008311,0.717894189126463,0.230503461176616,0.924413093692891,0.0916628674322408,0.934021265921435,0.0295290859943121,0.0470942278455855,0.0726607607588542,0.486111261828188,0.293162291442017,0.11950720712282,0.863319872841709,0.794546982257125,0.629282935862259,0.842374665018811,0.664205526258562,0.0201034910601779,0.813824036908899,0.411764218568525,0.739462980791794,0.0223144344102083,0.640373793902622
0.0631465389077267,0.0314604248660811,0.694272839655081,0.229904544516792,0.0492815260752891,0.450841241787519,0.724354123618158,0.659626585936302,0.52603686769823,0.333327383627142,0.790147895012767,0.0949771086398017,0.018641718052776,0.584027633441931,0.841639288191409,0.0485550658185426,0.0395320719360318,0.0960403362558946,0.93067997724307,0.0372728287623348,0.358067240858621,0.572309911646179,0.0261425071593786,0.0377956271265061,0.102363703845463,0.196503769175014,0.032553190797108,0.924608501683523,0.98412094834105,0.0327841698628438,0.0936201644614595,0.0263583205677509,0.0274648150029476,0.937463928714124,0.0333585297363818,0.795780083100298,0.625894128493405,0.7355238125776,0.802666358312802,0.0889437772020681,0.688440415866037,0.0461824128878903,0.356977090664957,0.015603427235355,0.595232859559759,0.0628585394226611,0.0372883918715865,0.937990337403308,0.967139676865031,0.612103912585017,0.351681372205484,0.934348733433491,0.0817931830816663,0.834634069501608,0.0370170205501936,0.0450511615056159,0.0768413987157872,0.565487480938314,0.148207340316452,0.118268084117205,0.870808595692773,0.693334186283787,0.674197043300463,0.67082354760005,0.706066884809108,0.0205645931414642,0.856337175074208,0.525340990464137,0.545263622418857,0.0199769629561645,0.760615345134208
0.0643760387313268,0.0443737066050751,0.94198153529811,0.319386265450762,0.0430954514885765,0.591831462520684,0.725889535124361,0.691759758335275,0.503978378640094,0.470954207209661,0.606178530463307,0.0962219017239038,0.0179574058446162,0.79899007512721,0.88190450154663,0.051134404057695,0.0354424955614628,0.0967035015430429,0.641565846833572,0.0358095035148778,0.392294293030053,0.541638344569664,0.0227867166422925,0.0356118730762069,0.0981602397888982,0.206110329674964,0.0340516990191392,0.923734549945425,0.981569452804631,0.0328252913222314,0.0571068114164703,0.0284816578476002,0.0226149967086717,0.914608478610488,0.0295395203002049,0.801014305752926,0.412466898729855,0.839267727682244,0.814398243645879,0.0616643936543681,0.682477206490658,0.038866707719142,0.528678571355771,0.0155919560351361,0.735850491646882,0.0409659318567821,0.0448602755012381,0.93298521312134,0.96418648990125,0.777369847516115,0.333245532223104,0.915978107879713,0.0813843996171188,0.895884038142685,0.027935936318404,0.0340723344406634,0.0666900412632206,0.392739545866994,0.207586651683614,0.107142903105056,0.849181431331852,0.760363332516889,0.622837901086202,0.571878410916735,0.485746177617997,0.0189188165736192,0.841128462966784,0.281037978585572,0.623088628297814,0.0194718187042625,0.673981411041044
0.0539795492136684,0.0731666137476905,0.942727593333764,0.22025209934051,0.0435910490756687,0.786584531490423,0.774375678088554,0.719098354248359,0.482849896245165,0.442974905593867,0.812692193273005,0.0977162731828504,0.0173805681330153,0.912285154140092,0.856780895807015,0.0426977642282968,0.0394089008370224,0.15365114634552,0.923732611919065,0.0358048870976726,0.3793406375085,0.635293885979881,0.0244830814942146,0.0359386013418615,0.129856894026879,0.241753964762552,0.0398963891097464,0.937399054141939,0.983873749695815,0.0363633561595959,0.0652497902449683,0.0273866377593509,0.0237950188186566,0.920850903116808,0.034154061531384,0.775169238089816,0.547054681638917,0.629911543946757,0.817523450571274,0.0780380094902062,0.884035745368747,0.0370589664193079,0.500184740527145,0.014911904795105,0.689283288305662,0.0435431487397869,0.0400889131593297,0.932370016195148,0.959900261563069,0.737153259041945,0.554190644629873,0.936138863577351,0.0798972028150724,0.932618333536489,0.0250851768668531,0.0444289377830197,0.0893835362251571,0.492885726763218,0.464908520482704,0.123288253478126,0.753546047566478,0.87373085605532,0.572304690083182,0.85610332524342,0.693517158859164,0.0290480227013791,0.819089314597732,0.482544918425518,0.948354681866393,0.0218410019634052,0.746765546610574
0.0434332977208737,0.0360496077805351,0.75444049145571,0.455355370299844,0.043189785268722,0.657889944227132,0.854997026014072,0.766663404472639,0.686555172934489,0.56802654976616,0.909374403677959,0.0727187194853758,0.0146199148792565,0.855763924905078,0.935234572985176,0.038520520980555,0.0356164876981273,0.0678717949389891,0.920416975037073,0.0261096134549558,0.292644918440363,0.606967835221867,0.0166976467196404,0.0404997530791446,0.0974220522950203,0.217994572742648,0.0257682568910897,0.937557714264875,0.988285801441459,0.0265334017385242,0.0512465152916228,0.0202980060024776,0.0242653577747416,0.951606608627817,0.0247066040801564,0.820722316189225,0.370807710536243,0.815949730009032,0.884144751111677,0.0670470405085391,0.768804924104512,0.054600400701418,0.320766790344726,0.0137567511061931,0.418001255517339,0.0657487094839837,0.0389898237505755,0.937591486222513,0.97760983888101,0.843653315498108,0.143417602192409,0.960057845823712,0.0822713353962443,0.934293420579586,0.0236051813558204,0.0532414286264108,0.0557044901448301,0.679175074205752,0.212047597276639,0.1057959177355,0.935306257570291,0.928442071983137,0.463288755873536,0.443940621073939,0.868720277623402,0.0152211686991972,0.915216045847087,0.206497082030637,0.290610761228868,0.0191970636268903,0.815237904189738
0.0529480838712596,0.0347844395772554,0.712750834777369,0.139985944734597,0.0415592177249784,0.581033665134318,0.677525984620319,0.801795774909983,0.777722658321403,0.844246256151366,0.879006325810401,0.0916020136061442,0.0213564372038472,0.937370199321408,0.952267757564102,0.0514727242523515,0.0356008049229693,0.0340474428542104,0.928616774266074,0.0343034805949721,0.606520372304584,0.0371183529156541,0.0306795042842886,0.0393789300483254,0.108138602339074,0.077624177920834,0.0215211436509568,0.927913322583563,0.980085294605741,0.032393514738889,0.068401599834341,0.0219847749255237,0.0246984866149259,0.949323512387291,0.0270173872465469,0.915577291882377,0.483765855126015,0.962109516511655,0.937875926728832,0.0637567066912853,0.774519335420152,0.0982032898915997,0.219148059299102,0.0161017794761873,0.278236995420123,0.0409787144028627,0.0376251256308351,0.937213093920847,0.974191270237214,0.824119725816119,0.0831902799997881,0.950719665692123,0.0889642095064339,0.929673684006718,0.265091304405502,0.0379279208142212,0.107873486291671,0.49164220808374,0.570007932703146,0.069922334012711,0.949811880102299,0.836469785890237,0.799245836648309,0.635138677276694,0.938543114553237,0.0176709764194811,0.921509558865716,0.138819833571125,0.471223853684459,0.0232179102774238,0.757862623363297
0.0509814010010141,0.299022803142356,0.958520282855811,0.298547783550074,0.0631929189462808,0.716409283814996,0.769129296271528,0.650684380749885,0.485345507431812,0.307271426437237,0.570620978595245,0.020961194509345,0.0180665985142185,0.806103863115859,0.868251262702535,0.072518035622416,0.0339473455514857,0.272351005048563,0.744820557617264,0.0311021038850404,0.452455968469933,0.725629468963102,0.0166611108665188,0.0385958014385125,0.232957846134416,0.254914204001274,0.028043744394814,0.881558456020816,0.985469766400429,0.111120976395121,0.062097498553476,0.0201682258869763,0.0266288135968174,0.874966698341454,0.0218246520625277,0.493359895339263,0.472026912799454,0.859242270741183,0.71681443110378,0.0542445295019745,0.828280560770189,0.0705544599696148,0.755829684635498,0.0466750571277523,0.754456393897776,0.0430865107684182,0.0352619860069766,0.89584123223595,0.973838447832566,0.736978557051799,0.50484346864796,0.948148162922033,0.207321618774782,0.911715852449472,0.0226404008573118,0.0800748301516744,0.0897877934583368,0.378660053026507,0.112565352734619,0.202340286988285,0.696832546913202,0.805767487604352,0.415748027958274,0.697298483533072,0.350955742868522,0.0113297617489125,0.83659631777087,0.570983423984302,0.846850033202856,0.0316866932378315,0.564430347970446
0.0459478048258067,0.83273798696165,0.961823562236511,0.310966280985965,0.0587546958706203,0.691349528157519,0.94492866574844,0.848510597380728,0.755408158262545,0.855302084411789,0.899057496098074,0.0393059934234292,0.0191724804443787,0.970814026222576,0.8949487908463,0.0539431321636957,0.0294786038959409,0.0383122078542706,0.940936586053259,0.0258549755341327,0.660749471392646,0.391215753551153,0.0146212234132394,0.0479586599971066,0.178796422963345,0.137044578894876,0.024547942983123,0.908946976268503,0.989078331359622,0.0570056193199365,0.0768684832032003,0.0179152364910461,0.0221756019208035,0.933753680549684,0.0209048769638915,0.773616274847563,0.839992384870303,0.920154172623441,0.925815282131601,0.0625336832640482,0.554508111996543,0.0490536553504621,0.180419808008097,0.0144365523790891,0.932954946844206,0.0611625094994527,0.0432173093299813,0.822621301307017,0.975133163039993,0.70107800687595,0.0623347271612716,0.944632421947487,0.136896274175969,0.876561401595483,0.0163246717408855,0.0648062157188765,0.0676069074546752,0.811883100246492,0.570169449847054,0.302823011356606,0.942653596023157,0.642496503627919,0.805044907440259,0.852669679072218,0.884190298394541,0.0095408370578968,0.955078526020963,0.198659943361002,0.48595255622586,0.0252099205814711,0.857223903128706
0.0814012052027636,0.0474715619277972,0.888662309410227,0.360775248397316,0.0841727876592003,0.730714844267191,0.643467113524115,0.756909737824629,0.580867347482165,0.21269144743524,0.816235343780091,0.0234274656690614,0.0369273519630857,0.752835718628293,0.870586403747341,0.0876646280682302,0.0537477694557657,0.0922398408203214,0.944244351439509,0.0410203596744521,0.363491981883003,0.323112295114293,0.012770452408507,0.0434186426727313,0.0,0.241504952248756,0.0297913889063255,0.931780520915927,0.986825188924524,0.0,0.0,0.0333916321937909,0.0495068616323148,0.933198392542501,0.034192747402483,0.690854465595974,0.396987007543143,0.867902183355832,0.877827252052071,0.0747664358826785,0.80931520414223,0.0475061791867867,0.538599379010057,0.0167599176523003,0.798633324278846,0.0540288259243379,0.0490502356264459,0.866712580904625,0.963728142810197,0.716462226963571,0.383781105759208,0.947072160495421,0.166937628342865,0.891958963995004,0.022768401744035,0.0829137183043422,0.152405902149435,0.590981666510212,0.412340785037078,0.1089163760945,0.838876167061477,0.90553542714249,0.639457054761342,0.436160322642777,0.581184794824253,0.0087979907777003,0.856329169553872,0.368377706310297,0.357818310191113,0.0307170530954733,0.698776105187619
0.0520933194189384,0.459651933575183,0.954382542393636,0.495654250687368,0.0571471293087068,0.698119389430918,0.44350724451349,0.62516456791741,0.545699346581773,0.483780533784654,0.720193325170989,0.0572579834307613,0.0145276274238108,0.616826949656229,0.868816390083488,0.057269610380756,0.0355351163434848,0.111479006763864,0.806638412750285,0.035505666594242,0.380915339356028,0.859709729454792,0.0160668132322334,0.0400584665011556,0.120404013655217,0.184670177089159,0.0265104534999599,0.92422097165833,0.986405644110972,0.0358398868690279,0.0535365983458496,0.0169969837160393,0.0261128677772116,0.909389658516575,0.0226669281236087,0.666220749729272,0.615070217592626,0.798006714801335,0.866195238381865,0.0565874042975272,0.668444223923494,0.076192645256433,0.454049098338261,0.0136310566226032,0.552193234030176,0.0619033806129029,0.0402258399139857,0.895881713955776,0.973560466816538,0.688038621930126,0.278927440496338,0.948356161265933,0.117318480410962,0.889140453924905,0.0209043883137088,0.064224274248076,0.0798337749649172,0.541077262499366,0.395147543913125,0.131629317169493,0.833588095258921,0.659744825136845,0.416485836142096,0.821751617651182,0.641804602955453,0.0154466103524959,0.815427216227425,0.349954250099863,0.782095920444617,0.01969045303127,0.71699104771892
0.066036148786701,0.0254528812594099,0.939728410701896,0.250280196987155,0.0387561472233654,0.506105305826272,0.892783955611377,0.60329963946886,0.694596121310747,0.443319052291668,0.672353754837235,0.0684542604633293,0.0193658952071154,0.42750598436922,0.746844501471794,0.0448396743501671,0.0393367074414725,0.0442211191736113,0.799994756116769,0.0319876240209878,0.593225283754637,0.88695276600257,0.0215474922602891,0.0536087789276625,0.0912930136570575,0.103460013092439,0.0285375568492217,0.926583532079877,0.980232982124939,0.0319213822069943,0.0625568196651171,0.0213071312825996,0.0232219605968347,0.941121017240378,0.0339276429425259,0.615543054869275,0.453051204589277,0.936949200922123,0.564400295520808,0.0627586898078781,0.80489273336132,0.0517999750412779,0.276150699673465,0.0156112132095421,0.876754871812389,0.0403077894387007,0.0328238492971207,0.931127914849929,0.968472507269301,0.481063607116346,0.101009156383969,0.928328230830827,0.0537064452942418,0.927425664760181,0.0243755911350537,0.0430939648370723,0.098557421263488,0.591356670796883,0.396902531996075,0.103837958012976,0.923734739857842,0.838619541539104,0.719806457310865,0.59465013240294,0.753786168380832,0.0197537854618852,0.836435473813191,0.485471948747489,0.645592695333507,0.0221456675105616,0.72615158829973
0.046112251382808,0.494094575022126,0.496979735336784,0.466240562878374,0.0531171399081447,0.509914522333905,0.842246058480696,0.764521221456608,0.656912035278343,0.527776471418003,0.822093573456907,0.0675108779728212,0.0158681232811698,0.864888593687977,0.928672768263512,0.0691178918513864,0.0294780633606174,0.0621264978236127,0.911080758431543,0.0338761859138657,0.386280123595046,0.248607757435465,0.016535168005007,0.0334091032336746,0.145676188270325,0.142493901998893,0.0215175925057253,0.918833028015959,0.986358160769874,0.026645470496845,0.0882650383193098,0.017349291573261,0.0237766831438027,0.945134491752676,0.0286878049099193,0.867536336771649,0.412122454909156,0.875421257575546,0.89785745256674,0.0554818051658566,0.816125102767448,0.0563276675740706,0.315617291364041,0.0123044743401028,0.356106275059256,0.0486981748674348,0.0354669578727448,0.917654841514485,0.978761278689445,0.780658380981034,0.199609829644363,0.954040557633774,0.122934274951511,0.785535009629169,0.0235486840603269,0.105253642362862,0.0619609727648483,0.659647614067271,0.389418071554967,0.0775810297519424,0.934342334816784,0.877640676805036,0.683210885073993,0.52803498412499,0.844176830972471,0.0124910955287704,0.908077022028601,0.273453932287752,0.220470013497008,0.0203583726884094,0.50374334110475
0.0502230985064422,0.02357204948495,0.961281889237836,0.121976855473982,0.0429906040498763,0.669847407871389,0.574547014141588,0.758474755160155,0.692875797590442,0.631345595432928,0.789399054437271,0.045668081876045,0.0161747985886295,0.962439088361164,0.857765015646751,0.0438238416402985,0.0351457503759631,0.035648052602717,0.889370392534106,0.0297376472007271,0.169559305968275,0.181261517114684,0.0140799762347823,0.0332400907688238,0.126835546150352,0.0891144637504823,0.0250933898965022,0.929595364249857,0.984923345498824,0.03733190186284,0.0915358534569756,0.0198692480145787,0.0220130966302716,0.949139921834569,0.0204596879660807,0.857787573670695,0.466329770240074,0.899146509727649,0.902161013502314,0.0529424396855702,0.818707939303015,0.0400029600057491,0.268239762705986,0.0129035864606884,0.308234205740758,0.0313039365453982,0.0364381894879852,0.923023291663865,0.978680019294308,0.818117514353376,0.170941146760951,0.950521070653306,0.0955808504782247,0.863030635966021,0.0197779760459425,0.0542364207311172,0.110255222397894,0.538859679069177,0.363678773452933,0.203646947195434,0.8970894250222,0.733632864350806,0.558794784155147,0.206874098086872,0.79795385539957,0.0135900861927007,0.923020759848926,0.253872719354475,0.238689242097507,0.0206821189821704,0.54756719644264
0.0485633960456728,0.049610014549437,0.808585403552324,0.209776504026117,0.064612828557954,0.568363444832478,0.770594900901693,0.785277775711903,0.612905860908851,0.382760607116677,0.825081140141809,0.0398412404878314,0.0140691439319271,0.914333332026411,0.905816125400699,0.0506954520128708,0.0294867335907019,0.0934563592036983,0.900476214885301,0.0361823771763158,0.388799152729279,0.275283660728634,0.0128197179891473,0.0319935305161942,0.157284564053727,0.156653511384096,0.0241499127150368,0.935416718608394,0.987870074639709,0.0440665169674467,0.0739663615982907,0.0151911566004243,0.0256949591400748,0.916857438754195,0.0259207474726998,0.791216443055127,0.62688835417691,0.86175750517181,0.846505463802834,0.0706203906925711,0.827891194441469,0.0524032012182605,0.388200431296215,0.0127678909618436,0.576640089794382,0.0469217779753334,0.0318876939251364,0.954680552649585,0.98133192409081,0.77992675248717,0.259678658846442,0.958305445856479,0.115125946783009,0.918082871166596,0.0228438288904124,0.0541144870956806,0.0993995913565524,0.573025694164105,0.44791763543777,0.0931523873251028,0.867359232703794,0.881056512276253,0.697193328297479,0.833317173564011,0.756537651944633,0.0104245047226461,0.868119954185254,0.582517032594788,0.905194426156411,0.0201561743809494,0.774971447901272
0.048154643573521,0.0297363178163356,0.591998335425716,0.228922088443064,0.0450261430408959,0.36667380304807,0.729288445857614,0.710723209546609,0.61705984241409,0.452386212365944,0.725412367144236,0.0438519660963455,0.0136021934617732,0.695117575042013,0.901852388030972,0.0626628679560105,0.0287158944848958,0.0869859445235733,0.821678555018758,0.0331054069969417,0.382140654356656,0.860039863213114,0.0173287190881027,0.0422839715816249,0.120577842508842,0.16283788504964,0.0238773075845397,0.945428110101736,0.987773691368421,0.0386706465367494,0.0679021687520192,0.0195910212445523,0.0245622338336692,0.910125933217093,0.0235547227363204,0.770034963221301,0.56614172177847,0.857917572398476,0.874629787926736,0.0521141313355053,0.766101921560357,0.0668321922855832,0.440078370318648,0.017243709601393,0.513340306484664,0.0368408885874555,0.0302159399557852,0.872647333430745,0.973128819807297,0.73843309067947,0.202684856752558,0.9524838398385,0.0909638680814843,0.93986723409019,0.0250667939105177,0.0480119539585452,0.0620684824555607,0.589184199904682,0.36208118408602,0.0765872066258717,0.857728066845673,0.553601608948761,0.730947113900842,0.725541898715283,0.723904882260443,0.0123915866049273,0.903572679516235,0.347424016765151,0.712530545097841,0.0180450009028736,0.792965105167822
0.0532934622694613,0.265591370892739,0.807818344087415,0.316049125909857,0.0670413131320681,0.586700023720217,0.710988020929688,0.668378038453823,0.527666740548409,0.498667977703341,0.716041625664414,0.0557206136796536,0.0186039897526451,0.759716371881877,0.846227686672837,0.0567030074988629,0.0367453183334346,0.12938132279139,0.766214634445172,0.0263248886759378,0.422062927039101,0.821315863988464,0.0160187191828675,0.0371237399423442,0.135337800680866,0.214547821254656,0.0278954527163381,0.912083982286898,0.987322147489295,0.0417807023118891,0.09651747905022,0.0161816347703432,0.0282707724351157,0.895501794933492,0.0201237319441609,0.705487958711857,0.603788749522563,0.740607596655585,0.748363036134742,0.0655951786912102,0.714206394879732,0.0541611198554186,0.474970217238945,0.0152487214879276,0.637351065044402,0.0450460884408915,0.0434791580364801,0.908517881583768,0.974489283070798,0.665832962105701,0.353917264840832,0.953268884452023,0.13611534705633,0.918159797330052,0.020639137787987,0.0608151951566065,0.0767325568988558,0.488701113616938,0.293546990472395,0.125590220998354,0.811973811635077,0.784883075204261,0.465073893274642,0.773934455044339,0.579222642751292,0.0147087796688065,0.77188271865425,0.375405186360117,0.696246055056076,0.0207883662243511,0.710760564878928
0.0535130319107712,0.0264669410368679,0.856767466410093,0.299342855588921,0.0641157089581945,0.575818987504846,0.596516482580189,0.642785012718071,0.472016106004343,0.375994272863977,0.505976313206988,0.0363062763859516,0.0188022231944787,0.919756121178896,0.847027509682476,0.0489988569230515,0.03434198058145,0.0606948509756295,0.570709465164256,0.0403543392072469,0.300408339445093,0.249377078784608,0.0139707975690457,0.0383932997529101,0.181357792086377,0.100004702020431,0.0309814827225705,0.921010650704719,0.986178298001646,0.0505410245080817,0.0613535329754557,0.0205291870544527,0.0287646554323196,0.947307083536368,0.0259467260006819,0.771232081977693,0.374477078793452,0.845032113779488,0.826961327454796,0.0708223084497139,0.784319507615752,0.07227817164685,0.475154878280638,0.0127120686132102,0.618527689200427,0.0369588175573707,0.0446313374192231,0.917583706404384,0.97617367246838,0.730936036416602,0.263063512247354,0.920450831527838,0.132319552019231,0.911368101059203,0.0226144689837065,0.0759635225112205,0.081603238141373,0.386209343315175,0.198492060345587,0.0917881570442804,0.743261696633079,0.863478118115697,0.739351661114411,0.757636911917502,0.383044981780731,0.0150580736023361,0.772257100436291,0.337467369680924,0.691382038659207,0.0257920839028951,0.745594886857734
0.0471899127215134,0.0370877763393544,0.967801201517884,0.202155525500486,0.0568895176758058,0.62372367914337,0.785109942698581,0.685093828651811,0.586627674123619,0.579122189695556,0.704716068921998,0.0538060600051242,0.015811937828856,0.862188893798983,0.846953242397011,0.0479404781608754,0.0320375768159635,0.0780825760210202,0.819797146083083,0.034724175748578,0.348552743032437,0.803301758988807,0.0183444207769019,0.0435335938759181,0.127041042168678,0.130296731943736,0.0244395840313896,0.92731452505706,0.9824652646642,0.0344046892508264,0.0919677443028191,0.0242258242381469,0.0277358774556745,0.932745191032027,0.02773813386397,0.820511796351642,0.595516421404663,0.813596257518649,0.899954464079414,0.0661748272632341,0.628068243244143,0.0444497707421627,0.343142743850737,0.0150610977409337,0.571458835975607,0.0350224241717994,0.0442447492403406,0.916675424654245,0.975190051844033,0.682857415274768,0.187555846707445,0.93658931185237,0.131070324557741,0.885768581485666,0.0254307804283841,0.0611582895975582,0.101097529280309,0.563456937341759,0.401275909631909,0.112047924890464,0.867457360343249,0.640425533324316,0.663999621816445,0.781704925035758,0.744512369963246,0.0127087007440209,0.895042765128481,0.298095590340043,0.561210706935492,0.0174727250519754,0.757550602386086
0.0501828829892121,0.672219553004111,0.220013943957559,0.214733182664757,0.0380259260573022,0.713725953134284,0.538440762500138,0.714345568573688,0.660336219166669,0.660879212381235,0.774397041444073,0.0541421703128452,0.0157117901892872,0.699560118102559,0.895897604421708,0.0458004371598104,0.0335918355641583,0.0476342772012737,0.835872024731572,0.0230580142463569,0.283856020737709,0.10982612845545,0.0158664692955947,0.031789051468065,0.116035291996656,0.0743453769040396,0.0281450907711792,0.916356338627323,0.986881454411776,0.0418075983915381,0.0464319365884961,0.0223849342735173,0.0217067185402771,0.956987617266412,0.0232785717608697,0.869422945467874,0.228809687851244,0.905993196912171,0.887201158968599,0.0629315099091706,0.66524978464956,0.0475515886342589,0.222578084762606,0.0171040922164611,0.381991490348756,0.0491756441084483,0.0301428110268467,0.732854982724352,0.964594639856671,0.720048090992341,0.0900312096758273,0.943166890815162,0.103824547396047,0.808326786365125,0.0208253629258669,0.0559617092430306,0.0601686568357662,0.593814833842209,0.370843356547687,0.0843093195600874,0.908451899552938,0.925762666689625,0.686505012780424,0.333764257069364,0.77639782630566,0.0119315715774425,0.848360329732122,0.189012963634574,0.243880292806852,0.0197238370173889,0.484184925088419
0.0493283155490204,0.274966473916519,0.584397519810891,0.208672005899591,0.0568688007924617,0.413900659922725,0.779355679876082,0.650142018693405,0.580808929644381,0.501273765357312,0.531434424269394,0.0566112031025856,0.0122142642951699,0.846546173678084,0.91006685252145,0.0486619000418656,0.0461732039546159,0.0474555927825296,0.54819544895509,0.0301119045703743,0.402453685802949,0.0601273476041945,0.0158732176565698,0.0362888666201107,0.195166818995326,0.0783319053594588,0.0275092631874226,0.916160503131412,0.984233380904139,0.0298526650081005,0.0599246333775993,0.0227405653839098,0.0219034015732895,0.935821630948186,0.0232305690431005,0.792556472474918,0.325108579123892,0.924168917358109,0.787022900031825,0.0663992696913231,0.80531414906492,0.0513698291354326,0.48329506449262,0.0119314069350569,0.643747685160168,0.0465534579203117,0.0367783750588197,0.916476251759713,0.97647464891329,0.772113746168123,0.173925205726233,0.953290777793057,0.120932462822828,0.920961813860798,0.0249688954922124,0.0483895404926121,0.0592477342537297,0.447746851611718,0.336507933331258,0.0978991081577747,0.878924987302824,0.897229215353638,0.766944735902603,0.677455838085188,0.478856255538314,0.0127753266579155,0.76472745714936,0.310698754285167,0.513618912804524,0.0209602727931832,0.71232616477887
0.0397088030513877,0.0617921619275596,0.934168587273995,0.29965727792248,0.0546189649616135,0.474556447174564,0.759948806539382,0.713129828740739,0.545534124237726,0.465372225455438,0.697517515313152,0.0598860269375569,0.0158691992504388,0.755531199003023,0.845304365999696,0.0478107147147397,0.0358163284960656,0.0731281914442442,0.712206323667729,0.0352948490205969,0.402188863991119,0.418242727654321,0.0185475495098993,0.0372498706665582,0.192113042397336,0.156353450158479,0.0246237529523238,0.926174179155417,0.987159771390606,0.0357124780268498,0.0730066165884347,0.0210328316665464,0.0262308227957819,0.931895052437916,0.0249496872372825,0.770197395343836,0.272588457098049,0.834527462063343,0.773289439016065,0.0599139676767759,0.76382056446415,0.0517019762626842,0.392601056713745,0.0177783687272388,0.676017773588963,0.0477001232118082,0.0457759571161429,0.899683510810577,0.97835555642952,0.744816815444164,0.247629084799899,0.943811314611105,0.121341055905004,0.917591160619602,0.0217516976744255,0.0551592069996106,0.0607676914829729,0.443542233207997,0.271596894812275,0.0817853504539201,0.8569542359861,0.833054854769746,0.688792414623384,0.453629335181814,0.59950008495895,0.015034315747973,0.85800242896104,0.29091876361468,0.470422582714849,0.0213430289487909,0.598946087604443
0.0464444169344979,0.0855997116122534,0.67959202797353,0.351736702262756,0.0413538988348555,0.537906209520038,0.835268964165774,0.670267730048246,0.603761526107886,0.393111801916688,0.711863911301653,0.0650629205503262,0.0136655353409061,0.833811528692555,0.827610073473304,0.0456635550583544,0.0282159512803977,0.0468492242421015,0.809665659606724,0.0303670961892746,0.517975910636285,0.142816873282058,0.0179335439388535,0.0396582902356622,0.130524421761241,0.147650612188369,0.0266968901142114,0.929285859143275,0.982537641440412,0.0312227981935534,0.052215757616128,0.0183466414253203,0.0220407592129531,0.940229730267782,0.0220451799578054,0.830915428339429,0.46436784838293,0.871919837531415,0.474132891421073,0.0738127054001263,0.718531539473982,0.0851146747504307,0.330539132905995,0.0128446261277766,0.498564702314144,0.0477310613904699,0.0406302235102466,0.931212953586641,0.976556477465314,0.712464933358169,0.2618916475876,0.958852435260123,0.0934802573919753,0.883161376103589,0.0272174378886639,0.0489296582156172,0.0505891018373924,0.523656673327559,0.32887960075318,0.0891795816699537,0.896740671314394,0.76603092504066,0.747135920108928,0.797700660787899,0.649712888848652,0.0151809096528611,0.768329612988353,0.279070448361652,0.728075053981117,0.0200699678569144,0.833132089281513
0.0504469250619294,0.0389378308562664,0.643906323187481,0.249621886424967,0.0452215112326359,0.481067987213594,0.854799268988292,0.701063248503983,0.613585956353412,0.667779580681892,0.795619501233873,0.0543799473877082,0.0163994833297938,0.832469394730024,0.928583885255563,0.0418935180910223,0.0284097061142973,0.080239229519006,0.800989467119199,0.0280670562824733,0.548392778126665,0.317149015218768,0.0152356822642524,0.0347362897999295,0.120558492293724,0.151237397756535,0.0276822666507473,0.929004920588845,0.986710679561045,0.0479034320314288,0.0940150893764596,0.021040546430202,0.0227659652531739,0.922214198824976,0.0227015589144433,0.833935685916929,0.458856569694159,0.920869047317565,0.771749843391945,0.0606593921007722,0.820145870708679,0.0675111396775598,0.345042797581879,0.0149659078878439,0.707942803884592,0.0357244390597329,0.0352138717543148,0.953766570689604,0.978527698984847,0.739081092602336,0.20358027573071,0.949127047066821,0.108190022877247,0.797846882076834,0.0341439382699859,0.0592064950317686,0.0786713652561793,0.554387853926509,0.391432526497974,0.0954605345691394,0.88562795122446,0.826727939813022,0.731488193338091,0.654051462517734,0.751315275070442,0.0115945356499581,0.891796168806503,0.284063448145977,0.459650461776851,0.0202770120024048,0.677296204188412
0.0561051211969054,0.0897841758556729,0.930496329847858,0.448521101659844,0.0567981895491084,0.56708760978959,0.868062546378591,0.738318623896811,0.642731453625612,0.615347383424539,0.680051626496816,0.0566924714097816,0.0175280552365381,0.869583439352316,0.897576274628104,0.0455782378195451,0.0367377616074399,0.0549526837108489,0.752257189398113,0.0279001562059748,0.370012996841022,0.382004720758006,0.0173338972704357,0.036268488165944,0.117852179716689,0.112930522446139,0.0223160408710875,0.914892915845862,0.990623881468526,0.0290729510519444,0.0491975155559393,0.0182451966273425,0.0261776780838597,0.916169218378717,0.0226016287001432,0.848127328550927,0.494706243892158,0.923394465155239,0.699381253742078,0.0685123211366786,0.749441548189279,0.0468279845864146,0.436120334805956,0.0144467662378459,0.496748600672971,0.034097946470184,0.0403280826467371,0.928551403042791,0.973593218901311,0.797546343734465,0.161057056390905,0.957964640617217,0.100466780270278,0.904251663611938,0.0259364515023163,0.0636133604013454,0.0940066265914246,0.461099757371803,0.324068545982997,0.0853231813339419,0.9152825733304,0.902880852712991,0.776143380295048,0.733020961982288,0.659533187010857,0.0129143397469179,0.895355745103041,0.227484868984039,0.478957216864307,0.0209951888193048,0.705364934458779
0.0520460223476718,0.0256338847907809,0.950063644696815,0.728185470668486,0.0471662628841944,0.639335617608885,0.881863794538951,0.819154114364117,0.691958210272828,0.634917918772625,0.897299960442265,0.0619864887920715,0.0191886705181105,0.942604007775746,0.943754016161464,0.0409319262507175,0.0278267207911707,0.0940450882032113,0.951464638192297,0.0322677132228597,0.689932353829034,0.958540055180792,0.021382945859543,0.0292994282095507,0.146049119115041,0.167977438923028,0.0251919089986416,0.93845332188432,0.98845173507785,0.0290272448065606,0.0610022999799491,0.0138689373392024,0.025299082424114,0.915710734797374,0.0187462400217218,0.848090792226993,0.861486807459355,0.907265345474011,0.927951271506945,0.050212688511759,0.902236189249937,0.0638740293264928,0.700287657801814,0.0148599678714071,0.852961491598965,0.0334778356222321,0.0291378718541006,0.949286967727096,0.980470247210358,0.544141194928891,0.161696319096406,0.954918714875549,0.114051433047276,0.905634094544808,0.02041758451679,0.0548477310926714,0.0940656639042381,0.713826114602607,0.72508406324327,0.0718144467902282,0.918573411804521,0.896450773812287,0.744695844511548,0.765564153953007,0.870803237707136,0.0119956326267434,0.938744318615727,0.299406480044575,0.271236833884163,0.0232333204208227,0.782317368338476
0.0829652686071033,0.0299280632898665,0.813494802414546,0.214337965540242,0.0364932101001798,0.717757677200779,0.760930325569661,0.744961520801385,0.66173399989083,0.603192199894182,0.655905887484992,0.117890717428499,0.0188870797619666,0.843942480166893,0.893746398465645,0.0457016071466438,0.033007213516386,0.050813780522866,0.747872782635523,0.0326958742576702,0.385553855643005,0.457727398527338,0.0217359215520293,0.034464930354643,0.0688794848791037,0.0859236796915694,0.0272660943103585,0.947507408957345,0.981471426825252,0.0343326956969337,0.0486958803595347,0.0247831859429484,0.0208241161171151,0.94754321850042,0.0296844818020298,0.87344812879134,0.529742790835441,0.926423203105012,0.871398716726662,0.0669406037624288,0.708772399542287,0.0540291635861208,0.319829612931414,0.0193225493316829,0.491784947214303,0.0457027297893099,0.0340831467764213,0.927889452558285,0.962346990269111,0.652964088045746,0.188856173342221,0.940325610354167,0.0901606157830983,0.913934217980537,0.0217191065734507,0.0437688827674086,0.0840234217422469,0.482108224718136,0.453682028255965,0.0824646997310041,0.889588921632432,0.721903407492943,0.651335624770889,0.700232869005807,0.701529085955497,0.0182176095382534,0.883161293839112,0.366450210420897,0.433696430940924,0.0235585790073406,0.817130306141207
0.0709332036069499,0.0328860839666733,0.863071443195838,0.296991809765899,0.0495711379632633,0.522756673660149,0.659810651318361,0.611495051859134,0.524777923355878,0.29109225593639,0.512005354736616,0.0645186868104899,0.0166478989300351,0.725027232401811,0.854714421448145,0.0728222258129175,0.0313646563115235,0.0657111902762269,0.583055189228668,0.0354234982498257,0.368562375636836,0.590720213570213,0.0204556837207851,0.038206460268481,0.148970422195617,0.145808315338144,0.0379307270481784,0.941760628348564,0.979926760761076,0.0306373616062362,0.0695758241669139,0.0305080374092282,0.0290835738079677,0.947405263044794,0.0320578758253876,0.832857865935992,0.319104681953436,0.866429969736684,0.877057539827578,0.0745017932474761,0.726563113914301,0.048429639536467,0.408644463644068,0.0179791451164885,0.826727838159993,0.0501651795312651,0.0512681769232417,0.935891920834917,0.9609797559879,0.697572308457273,0.255385878931973,0.950693305689336,0.106105401938923,0.913389445193319,0.0257450525112989,0.0414760783966923,0.0738771428427927,0.39201282588437,0.240196831994554,0.102632892335067,0.758710727857535,0.763433567414205,0.693471739138405,0.821468349269682,0.383035811288624,0.0156761075086101,0.870755758332591,0.274716942730152,0.693281916939295,0.0263822666313135,0.841184522064879
0.0689168945320316,0.0311656705390886,0.919511920134603,0.2509679074453,0.0510912629917673,0.469619479295836,0.695243453442036,0.652719117212474,0.490899578471549,0.402010348814176,0.462635318455457,0.0924286513982954,0.0183431522338236,0.86845316902648,0.878223558736193,0.0461818662071459,0.0326039017041555,0.0450033217207473,0.526222543878222,0.0292678733672663,0.28490207308826,0.33514276167549,0.0284706842973801,0.038452413822876,0.112402580102514,0.102374221175588,0.0363602484871623,0.93903914989675,0.982857411906748,0.0377166544634297,0.0636817645495156,0.0294348472344347,0.0273840730974738,0.921812944950565,0.0331970543778919,0.7727509953999,0.368778170071307,0.902263051534491,0.747762860868403,0.0686022073894545,0.790096986349156,0.0409271765531122,0.521748671796746,0.018365317788669,0.694714705769021,0.0465120820002141,0.0446213268018723,0.932295939981692,0.958192737596746,0.738946481556248,0.224284553139196,0.932122528295786,0.0866662220411337,0.921306812080692,0.0325050525348764,0.0389689662893392,0.0806997644220586,0.358786458404781,0.188553667651502,0.100562758975526,0.818711061805049,0.89138817812378,0.76106551288996,0.591119344637881,0.331200969463733,0.0261222970725024,0.753666770004009,0.206208360714549,0.687685332164631,0.0225829061017275,0.674284162935815
0.0611663169447325,0.0253929291883631,0.707171590843269,0.171557174490333,0.0456655309958058,0.765308466228216,0.908030073187808,0.764725397518902,0.689218575314354,0.67861624122508,0.783197244230435,0.088810717809582,0.0186305630645216,0.934179915712577,0.925123489035963,0.0555685132349033,0.0307643851351012,0.0460438579973037,0.809142781119674,0.0359776008418308,0.546038519045194,0.885664410814557,0.0213963999142406,0.0368956593822444,0.109259148005482,0.0994508865313443,0.0279812754205993,0.939954824961738,0.979252591761268,0.0260931500593194,0.0939495996880646,0.0209959192321227,0.0251717601842105,0.928825503881153,0.0290478128894156,0.834875080310141,0.474938262769327,0.934439819524148,0.92439803691832,0.0606142224245003,0.659857565250428,0.0408697612300351,0.291527165482583,0.015549922712968,0.878194591976349,0.0751355872372808,0.0414451058715071,0.875881003567546,0.965664575259721,0.720226559792735,0.163848355278303,0.949873487452577,0.10934050561133,0.899992242292582,0.0332322806474896,0.0418972386686452,0.0689974021641239,0.659688398659311,0.521391528243992,0.101388237127372,0.885508555815993,0.784597290461584,0.659089950664695,0.847790046147841,0.844980838138874,0.0213579621152895,0.887579527553369,0.246386573331046,0.48160166964654,0.0185682879073357,0.822211698137105
0.0586293782019903,0.0654386182896544,0.854853890861693,0.368456207943723,0.0386697951960334,0.600211469277477,0.570532904578398,0.757265502259576,0.647099886163212,0.561702885187263,0.670030330566049,0.058552301788711,0.0163123610558876,0.890460391633639,0.907879678212795,0.0486723048726095,0.0350261684272674,0.044678758657393,0.744007664456465,0.0391238609962108,0.34694238617264,0.593315207090839,0.0239986088577515,0.0479773097267656,0.123889363223861,0.0970955541760117,0.0349508106489986,0.934649020265369,0.983175509585508,0.0313342950604467,0.0831129693085509,0.0204028334415231,0.0299965298867026,0.944791369098867,0.0289010912736436,0.880601880787733,0.248307618276914,0.939385354029492,0.904383323311123,0.0806704764180734,0.815654024951208,0.0468285292541539,0.324371033565753,0.015811630841049,0.503525681651334,0.048713668386936,0.0528992640319381,0.937778344391012,0.966644951641746,0.729326774037148,0.183814320135745,0.933519567426419,0.0828110135364595,0.900453813140027,0.0310372837722819,0.051928990478043,0.0940253771046511,0.557771562929167,0.353238197547434,0.0903734817171125,0.86312079203412,0.816517192130384,0.796114097330584,0.743290485616947,0.722735200364132,0.0161155436900334,0.888424077514184,0.20057483952479,0.468604246911157,0.0217696400979677,0.649720842501154
0.0858920021991985,0.0239557830376254,0.784737082792066,0.348356409455855,0.0540111612191935,0.843887393504021,0.935664134242378,0.823699220127659,0.676631816653421,0.751914046996779,0.880392244279944,0.0396491179765257,0.0252076786157556,0.936841220935801,0.924509601657252,0.0569079241214598,0.0349784302508899,0.0289511579481232,0.957877876960458,0.0243901450423802,0.132090333574163,0.813075764311593,0.0170795309899043,0.0453069112494677,0.106860473583652,0.0569815202428922,0.0239022509286456,0.927296792189097,0.984297369469818,0.0579025413731924,0.0536607535509844,0.0242390980760907,0.0303783108304941,0.949946095621798,0.0287714714020398,0.89993677056457,0.757212297942122,0.88311564365018,0.878032452887973,0.0965388148974761,0.703650452669612,0.0402646681269467,0.222358081839466,0.0173359351582086,0.169707790470163,0.0847485820275566,0.0351542909886522,0.908753264403947,0.971990740724686,0.664765865543195,0.0741074452660189,0.931115970468703,0.137048788241465,0.767003619970614,0.0249667405042437,0.0772462041925598,0.18894575382936,0.763066290606485,0.563069689723605,0.0820948718790532,0.906074716329181,0.738022615457214,0.789551314729948,0.167754112593393,0.898111598697508,0.0133338438015319,0.909408564925577,0.147933007955258,0.177348378557343,0.0189194830646124,0.631695726429514
0.0703936166444562,0.0285567076636229,0.868945242712307,0.271388440271869,0.0407174132005463,0.613381943532585,0.766956581073493,0.814977955738317,0.718067181733222,0.523708020086751,0.637281343382238,0.0714831185309683,0.0156769366950076,0.776740899729454,0.895185298840077,0.057105470630846,0.0417865597724064,0.0601956815432393,0.901712133478854,0.0392677396830112,0.55632645567009,0.708748795920801,0.0142850146272921,0.0362771611084996,0.0935541632323646,0.0834391085803021,0.0290669663515272,0.955923829375211,0.984928246666856,0.0373552272753047,0.087646632241018,0.0252068224610743,0.0290039719106589,0.94125783611949,0.0324222041730223,0.814453378681639,0.876914920641434,0.843458684138828,0.823932417021882,0.0594717901007984,0.772985464712872,0.0368270611488591,0.266642129690175,0.0255280490062397,0.382471122117726,0.0798028036333237,0.0343348960463776,0.934911079093864,0.970474353458845,0.544888387745274,0.22004493325574,0.946482293657142,0.0976300535112861,0.938012026158797,0.0227592996371574,0.0468745216912203,0.13740689424917,0.632066630178351,0.540373301727346,0.0945577706129485,0.899700767898168,0.55993684622232,0.636310752224524,0.858576594547119,0.799167928835339,0.0181850299780575,0.912689476792749,0.373781837451874,0.500639366429796,0.017302729012851,0.66859305783336
0.095140169786526,0.0291944287069179,0.38181500220972,0.170426677397704,0.0405638530972244,0.719522893799882,0.906519077545654,0.874763847565116,0.825788571817779,0.722814287345418,0.741760423818491,0.105232818655871,0.0205298099119536,0.724116282174651,0.933879997495593,0.0503453471143182,0.0220926381008202,0.0395760840800572,0.927127319905656,0.0313703874912905,0.24557944459524,0.286884433140506,0.0183564934828981,0.028518062275148,0.0713154796142829,0.066611146775062,0.0308027152909567,0.94572041607612,0.981424228066402,0.0330994917553896,0.0572449469011681,0.0258379458700578,0.0219889497108676,0.949795738382791,0.0326504723448517,0.904262830680218,0.352651873979999,0.927267330607604,0.707721343143022,0.0431157573285128,0.790072985178803,0.0317977892924608,0.232104498516649,0.0193958014614369,0.216598037903038,0.0624426912282686,0.0368350756349104,0.943481962912076,0.973120820506336,0.702663127554163,0.0998923892698569,0.934548464316883,0.104341534708267,0.890514957937528,0.405616274558079,0.044364845516615,0.167796230596021,0.687014827499437,0.520169515977516,0.0652397665044507,0.850304450862523,0.678480233544696,0.805597155466676,0.443385074753171,0.836547706999338,0.0173024424022821,0.895067551412066,0.134934577452679,0.649672401795607,0.0221594593123356,0.836615087995062
0.117843493442752,0.0437519922867964,0.513646842718644,0.333617615518212,0.0323582731377639,0.561675353419836,0.935204896093924,0.770187403687892,0.670785921838882,0.550900740399015,0.836665426262526,0.094720756262606,0.0158193535366393,0.894043602496436,0.908120749803694,0.0413675435977567,0.0267001767678645,0.0706264538246735,0.909727866822703,0.0330398991925934,0.441852388446642,0.902106015947422,0.019536696669713,0.0318009803706993,0.0693936864552925,0.206563478864743,0.0275741457748989,0.935265618587879,0.978612629677754,0.0464783896379822,0.0440619113527084,0.0298910303855504,0.0279094650161307,0.953699612717789,0.03025521656378,0.854156712419686,0.727466522138696,0.861537253442434,0.873787497300515,0.0501877777777567,0.569975949296236,0.0422449504193151,0.345691073929646,0.0210858487275527,0.354693275663731,0.0560408225431289,0.0326912536831744,0.937056104548747,0.961107679424224,0.709976853715327,0.268752727580223,0.920678101601126,0.082701887866819,0.905201317358242,0.0316712400904327,0.0420343641894166,0.0835640342064844,0.622722200710263,0.500398339267202,0.0897177236343071,0.867263965961133,0.865995558482527,0.589907379619027,0.419475609770599,0.660203244619176,0.0197239905254103,0.903427964042288,0.324115275703482,0.386264235796149,0.0248023312695383,0.47843413685687
0.0841117283329334,0.0337192642099379,0.947921317784701,0.426817689517603,0.0300786279536489,0.468131889241063,0.897514128491501,0.917993447664527,0.768649825517605,0.486644232598473,0.769178554494634,0.0692405642904449,0.0219413093454819,0.923847150416894,0.908277945924173,0.058015149436268,0.0230079357909158,0.0857386489889579,0.810270387295369,0.0313693770135263,0.604369652697387,0.905910818334259,0.0189565639313258,0.0389470440780649,0.0795445244480212,0.0816039919005286,0.033255747602458,0.940188990135381,0.953021325314589,0.0277385683475948,0.059372620141569,0.0240473283490102,0.0359396280335895,0.928939316183826,0.0278358326854817,0.905655613530981,0.788725710405809,0.939993357269923,0.811552631369898,0.0610929234541901,0.833993641798835,0.0511647297689421,0.218971289473191,0.0179586144823872,0.183048467399344,0.0673023079309492,0.048790122179673,0.933329959711502,0.962424918423065,0.739624092220955,0.154794772991461,0.899050548280132,0.105786439372898,0.90376498182113,0.484344839539419,0.0564313949539176,0.0858159875724895,0.608714406506972,0.677173853319124,0.104018787116167,0.885720056846487,0.851729398146221,0.664612256422269,0.510598161970982,0.83325241470598,0.0157932164958287,0.879788536275702,0.261772242738262,0.251001911275622,0.0217908728741028,0.709467081806796
0.0594145785792974,0.0895451804427818,0.839332498518232,0.338714596111435,0.0335606718192591,0.539871756042,0.671402047918351,0.755063360368409,0.524957963956782,0.433820220918977,0.567249979974203,0.0690205176396293,0.0218248631494045,0.739160671309847,0.828320272077904,0.0452786533167669,0.0300701946332311,0.049599745951213,0.558920603525371,0.0330817534063975,0.307060872038327,0.418102413631419,0.0224208171941122,0.0363145950124653,0.0956294632909292,0.184148493835808,0.0347837745534507,0.932592511464358,0.971761292723087,0.0329656005644923,0.059797378655965,0.0222499182909703,0.0286049532206727,0.928881842831489,0.0287744280155622,0.718409341683352,0.349221012503965,0.862459706887895,0.806635357284839,0.0513473642587409,0.663853901155462,0.0823596996326738,0.387325652730215,0.0213755501033793,0.542368800787913,0.040550476035281,0.0352575219127422,0.922474952046788,0.962134132392746,0.692145117868609,0.226859326015716,0.901182767541135,0.0715780417333161,0.8848716327479,0.0260153555089537,0.0441373960549568,0.0668765042914415,0.330586970288396,0.202158371247377,0.121942457174997,0.832380278659711,0.806216963958656,0.651940555078767,0.585496621735433,0.542673098178674,0.0196632974512806,0.823662917361241,0.271450829485392,0.510984678622338,0.0261297919376684,0.630044814601283
0.0757825908389709,0.129528851469536,0.911279713704754,0.352472156130723,0.0452545668514998,0.629480860900817,0.642790837059806,0.773404222198186,0.520114226546287,0.348132518261748,0.573219387860334,0.0995080010676975,0.020374935889767,0.797925720438974,0.824405638910811,0.0463023319647852,0.0360557539187953,0.0382130340219602,0.508409685901702,0.0315937570729979,0.373177308751533,0.27614688987521,0.0272287130366175,0.0320998584283116,0.0893888342114553,0.132934183095456,0.0448568106970558,0.902090052676771,0.975408353523549,0.0352220777558346,0.0550749907675947,0.0242927277250331,0.0260761753011275,0.925481489946615,0.0317156435778232,0.808533079054498,0.442189862830596,0.82183957676679,0.730313128862728,0.0602028434631233,0.758550498082993,0.0342569316674676,0.445786865728532,0.0192308992634163,0.618200828207679,0.0421038129424705,0.0456194161355588,0.932020184007256,0.956219872213708,0.720191580596595,0.239185174247966,0.906361040484681,0.066288897515341,0.892126674954209,0.0277409148522614,0.0427603647483116,0.0754542833200206,0.288293975101541,0.31269801667739,0.142088617392423,0.788997293755211,0.871798461472522,0.645789849678619,0.637455991963557,0.443922212485988,0.017508900552021,0.74764723559397,0.249388894473867,0.572885066749764,0.0306459402830121,0.688358823704945
0.0525244724761357,0.027857296033354,0.914080675905385,0.179390279960665,0.049068939349,0.649759629813434,0.536381727869212,0.722070976687894,0.580081370327195,0.567079551554016,0.849936879790011,0.0758429988952233,0.0205850467255751,0.739272361841042,0.84585942318228,0.037311343719937,0.0276640320834557,0.0684655072726238,0.797937155447126,0.0299915022155906,0.352874309496042,0.653520166581444,0.0183939533725392,0.0359673308583521,0.134758498614508,0.130944333237245,0.0262500024984624,0.944528374613482,0.986792160135825,0.0320749224671729,0.0665204394184968,0.0209356203519702,0.0228838060342877,0.956476936593091,0.0231584285639148,0.815158810797877,0.537381608768865,0.847902086587464,0.882640983178074,0.059935898826957,0.812077683670183,0.049018699856016,0.290120999370911,0.0187580800982958,0.348119079817573,0.0400066726918527,0.0355026234738826,0.927881534951531,0.974376842238941,0.690444604756155,0.223264482134688,0.949943433314844,0.080657783754104,0.83641125194939,0.021972729762481,0.0527353486821478,0.105377907560128,0.531694859404032,0.465369742642499,0.0990711899725631,0.868439165388052,0.868997553491073,0.57149104756796,0.81411832464657,0.726733490518864,0.0137828989555906,0.898201547106032,0.512217422054939,0.601396562296562,0.0211115427205484,0.666385613922738
0.0480706673785684,0.0324846011768482,0.859674439864777,0.265618854374272,0.0529171484430707,0.596094118550763,0.806089538209164,0.667193592107596,0.536013425110013,0.494354869421579,0.7372888047325,0.0370227256407973,0.0172354114476236,0.918231286668381,0.879009758928469,0.0700982677078686,0.0370480040750603,0.0759831899625408,0.802684730282914,0.0407750479352752,0.314268092795856,0.518433496495058,0.012779873452046,0.0388700898290638,0.190610160674963,0.216923785450091,0.0283626137738907,0.910876398736009,0.985242915939636,0.0433154979333078,0.133207292947126,0.0180984016099992,0.0263111372823795,0.919907857989216,0.0223275034066083,0.797863694276291,0.69080441260326,0.738546872096226,0.750905023972475,0.0672117336130894,0.729015650333031,0.0597598578797788,0.386891311553688,0.0177025218232953,0.737614229052629,0.044882125487278,0.0392057837578167,0.904165533928846,0.975000704789236,0.760111160554686,0.238842151749473,0.946745358475934,0.148775083761277,0.917544186786948,0.0198045492752228,0.109841977157766,0.0863587144669597,0.526554169155351,0.322267613073855,0.081064694500526,0.778687993665144,0.832325628071573,0.587256171037021,0.700023190205033,0.670904394615907,0.0165873869751148,0.831675299288053,0.44400862840328,0.668885796274811,0.021519394746363,0.735127739544052
0.0979680146230157,0.184324037723213,0.860310756349882,0.443214668509124,0.0497043328186541,0.513174196829877,0.783094694575811,0.773139913856184,0.596272792191646,0.483769502983505,0.813142075388181,0.0966348914908762,0.0162514491634645,0.903455632365051,0.883866425767053,0.0612136912747303,0.030038823416152,0.0445749453719763,0.867051755854697,0.0325992565439317,0.351912239150616,0.730389767655912,0.0234034021881672,0.0308405428637283,0.118286934119386,0.15604012631287,0.0408529392273285,0.941096589303746,0.981404115451262,0.0382612546414317,0.0845115814745221,0.0503735704957799,0.0272476162271264,0.941479764951846,0.030318638820147,0.872914188928579,0.354087965235292,0.832651236725185,0.89839190345821,0.087408664230842,0.749181611261859,0.0461048581394052,0.358950379721688,0.0146333675554613,0.564786005977851,0.0641333737284929,0.0475047843714588,0.927855961842571,0.95929519270488,0.754452379132581,0.131066107065539,0.925830893653298,0.0856677235756489,0.924256713128471,0.0334948087192229,0.0522191880202577,0.106396033476493,0.585328207338563,0.414670750495972,0.106940899689938,0.89211927223574,0.774000584708544,0.653950035252093,0.543900018501814,0.814700998330269,0.0190682184505186,0.80709363361115,0.245632444936234,0.396852273940548,0.0229514952479595,0.610297704132835
0.0866082350353665,0.0347871633938273,0.659716408658769,0.191869856854787,0.0460986592803433,0.551602720249537,0.732254703486751,0.748621311548525,0.556262335820037,0.478204454002768,0.742674993275984,0.109403559306753,0.0190784813979679,0.698628694685289,0.843761348387775,0.0586486561072233,0.0310780536877535,0.0555704490583871,0.866924156356974,0.0292872004678814,0.368305572110155,0.944231799400596,0.0304401773437728,0.0328838832235515,0.093126539830158,0.197720810727136,0.0437822552211435,0.933420978408449,0.977532137987663,0.0388392888320264,0.049303368090057,0.031503893719305,0.0235568766212151,0.931041426989191,0.0362494512804645,0.852010495150076,0.611636844212246,0.774580011005741,0.832400197975324,0.058946759580216,0.561482678145134,0.0432762062182616,0.359667401786503,0.0210834011260366,0.584605372680758,0.0474502290893447,0.0374726467732784,0.948899037544693,0.962420522942547,0.726038817354155,0.305699567316813,0.92958175000016,0.0752731278933985,0.904886167896555,0.0274354044366428,0.0372410433428142,0.103980889386312,0.489251506413215,0.385342119451181,0.0999198221508593,0.876313183380549,0.647828874993677,0.632474523471061,0.803837531795824,0.703935807362448,0.0176196454657654,0.834845612771168,0.464289230233615,0.57452985259989,0.0292920135620004,0.811393860253662
0.0800521397575447,0.0274669609196907,0.955546605643801,0.464775667499339,0.0565913191919796,0.581890641223587,0.797885141911732,0.752294162587597,0.641663615328042,0.57135107368264,0.663543010125197,0.0671029103638984,0.0226956886199936,0.836905118213774,0.895254758172632,0.059386034875874,0.0228100354263498,0.0696169335248844,0.672872401107912,0.0342052458107389,0.377761396953773,0.174702741945701,0.0169005512524692,0.0436595103321405,0.120196504079843,0.122656363881105,0.0233983860408149,0.94720325065823,0.98506254653033,0.0481788916264271,0.0559669043829305,0.021551070903298,0.0250865633744785,0.951303778713242,0.0253853615863145,0.847632850702409,0.564320207136276,0.885323584337968,0.800142487489213,0.0677547893868978,0.745687982262066,0.0296536329123586,0.432801738710645,0.0191765567128584,0.834578749857769,0.0479261214073623,0.029962181156376,0.904424849157603,0.980489493938406,0.766553568809162,0.166736155359794,0.946316169439244,0.190288367048951,0.906828947524452,0.0235942908459146,0.0547973793354319,0.0956430587116765,0.507294587524978,0.260570036276047,0.0844474487617496,0.905850904307809,0.88920291854868,0.776016948349367,0.634852650713185,0.584860675346648,0.0137271208344429,0.892030683514389,0.223789402481292,0.547338423451472,0.0270610659030624,0.745899095678196
0.0715307046569478,0.0583926488852572,0.950485241892039,0.298293569373596,0.0498372840866403,0.614719725786361,0.683767145799928,0.671745267673196,0.593821595185114,0.473978293042724,0.550029354989922,0.0338745007521607,0.0182717306738959,0.791389369458137,0.843644581962254,0.0536909025725808,0.0292151659490317,0.0905927782825716,0.678673589356218,0.0313633790137708,0.469009801962125,0.293204055691973,0.0157469780081822,0.0362929858572624,0.106000073763764,0.156524793382286,0.0286233373486275,0.93279453425824,0.983224309821943,0.0525990605510463,0.080885179825053,0.0218715934885726,0.0198446215746389,0.934364040464204,0.0264448953916809,0.711980892313745,0.568623370629756,0.869076198189432,0.794440350938442,0.0667442689063764,0.730607674218133,0.0263388638502369,0.581761341814826,0.0160556151236574,0.730068343384613,0.0394184025499882,0.032556035413294,0.914367117698126,0.975839087529868,0.714945661896803,0.299202985802985,0.949893723719034,0.18055408050225,0.926677937575773,0.0220903180431535,0.0606392029434726,0.0962526015925214,0.422772124398219,0.246661081636002,0.100342255988152,0.832396356821381,0.875817119299354,0.561508623799747,0.764983045818049,0.485678388423285,0.014177881853729,0.790236299826774,0.396884056480511,0.930145085569898,0.0237459214327874,0.793619073879195
0.0833985665567114,0.0254480550269763,0.572047883483505,0.470671373258926,0.0496488552378315,0.583414964688507,0.92224672294089,0.792588668165666,0.729971538021902,0.404752988299592,0.90614633853864,0.032890766495639,0.0158589424062362,0.967841155521923,0.880041767694923,0.0794044653625644,0.0314740373066475,0.0602884295765323,0.956914921614631,0.028624725902255,0.311957396609648,0.280787442237792,0.0143725700764957,0.0389672138164241,0.124948196910777,0.130078028176929,0.0362725490037153,0.942397951900688,0.986760902619661,0.0890603949436365,0.0649771892635185,0.0238801522034023,0.0234609215806631,0.942091840706917,0.0261913009643505,0.908847166334304,0.388069555451359,0.856626293826243,0.884768398365598,0.0611768767618184,0.73743100642594,0.0380158373119222,0.252835547983607,0.0149547067047958,0.357851126211267,0.0418367691543535,0.0459191892594607,0.927973264051176,0.97215011708844,0.70474015366373,0.0904199564608969,0.925019411001762,0.182157540005481,0.894978753178625,0.0231735876303158,0.0806851208254556,0.245839782911782,0.696530187384127,0.186123785506158,0.0628356157432321,0.927864543896936,0.866605438225273,0.769097738924466,0.261297485996961,0.853189332493183,0.0116984502210291,0.880401809262039,0.210542558233464,0.231697266202793,0.0259425216366717,0.481568959304798
0.0930952606125208,0.179781657994794,0.683228912797347,0.144850081921944,0.0463725527159461,0.492085654181107,0.854333010608099,0.729714186349772,0.736145732952527,0.63468322750642,0.819219432396247,0.0836294830505362,0.0191560006776064,0.893134942244378,0.906830577848828,0.0550920480919791,0.0388850156830663,0.0589728244872753,0.89892352631855,0.0307798476340073,0.503526050709976,0.252002431142021,0.0234449762228804,0.0353793917775544,0.0988396190161648,0.140156744474044,0.0363286092255673,0.94194659555732,0.977036111143005,0.0388890245814573,0.0596821461311127,0.0234566951096759,0.0329687327123067,0.927501213012988,0.0278546714400631,0.805966904741707,0.263293074298523,0.890817360950973,0.874033019930762,0.070040816339465,0.722266819996252,0.0483841455148628,0.444577470494965,0.0175196832539393,0.192938674503203,0.0744900252060459,0.0397590272758854,0.918169985375161,0.96820911170664,0.765300866827839,0.137676908539839,0.90399847165519,0.103275355530763,0.902277860637839,0.0285934986257637,0.0444811813640709,0.102565165564023,0.65456306318102,0.211079066969665,0.0762066411224802,0.880538369107975,0.872399534590196,0.713602143569136,0.284463847239844,0.855346792027803,0.0209181532462631,0.883257701284273,0.220854336101281,0.283628250826576,0.0358217526062189,0.534180122900821
0.100070906148541,0.154911578211376,0.577779508576315,0.447103597513756,0.0481576120086318,0.59577371912939,0.831732832809752,0.83232273792799,0.699328373627965,0.563864227518572,0.771371431660992,0.053505801014405,0.0210516849183972,0.901616923746119,0.885861263985912,0.0590332025266523,0.0252085707001463,0.0671667905831476,0.869754421521001,0.0324570803047736,0.430566618056617,0.402908645407532,0.0242053327119915,0.033053516313128,0.173455567744324,0.106884358676064,0.0509643776564608,0.925823006874017,0.977400574317917,0.0390025280869372,0.0616528571656963,0.026160981656218,0.0261593631629319,0.934011464991293,0.0341944049042987,0.821681496208952,0.342430418673287,0.894036799797886,0.658723358033853,0.0666186352725246,0.736964520890019,0.0450466713092605,0.320664445800337,0.0183793673966314,0.498970117254211,0.0614965805531101,0.0431075129847945,0.88258107802748,0.958427337859015,0.724307291505686,0.13127368004915,0.86688574291899,0.165686137707324,0.859350824978032,0.0294888635371818,0.0778612905391409,0.0864176579749717,0.494074044614023,0.378486983158881,0.0866964588897323,0.851331291590441,0.855376492964694,0.793751638878395,0.498881055304561,0.680750932454282,0.0192700603782831,0.83531990800892,0.178504291975624,0.439572913129837,0.0304023568303756,0.596578151288629
0.101904939606617,0.126806795192249,0.927726920159944,0.334506281419564,0.0557393030869025,0.628950285846268,0.846013452951243,0.831754223394424,0.708807108878625,0.515278824218698,0.823008081415828,0.081175158754782,0.0178542294696116,0.823982766415587,0.893814474577148,0.0768532411549561,0.0350763687503051,0.0309907725570936,0.76504478961646,0.0348023974917732,0.452482411635159,0.224871285719202,0.0262755874074356,0.0750059976105636,0.122867299304052,0.0885742995484281,0.0345383489189161,0.931162643688405,0.979268403530532,0.0350428497725015,0.120579848880873,0.0272982261880146,0.0266785096126085,0.934486348436056,0.0318203515377466,0.872001043253538,0.50220090650965,0.90201028793192,0.890118832529484,0.0713111231187001,0.795074479250552,0.0400809756726059,0.274088003434094,0.0146325552884775,0.661191591502899,0.0832431745209813,0.0506018727176529,0.911986589659889,0.95633336700024,0.771244739940822,0.173924501282116,0.891745006030732,0.140042891929581,0.901239154891778,0.320038106482642,0.0768473466072446,0.069842565541816,0.549575247621495,0.537586320663321,0.0762488012003807,0.887739274424597,0.841880912283326,0.709967945256388,0.779004707251741,0.774314826580155,0.0221952598732804,0.876964771572908,0.183577246516246,0.456994214144614,0.0252560921509209,0.841906774453441
0.082004522314666,0.051807112934147,0.913414086258274,0.357053844443685,0.0610560969131689,0.502528855823942,0.838861327413144,0.796543450987915,0.730384085764311,0.571424646193793,0.834939093758638,0.0589545320932869,0.0257395164592949,0.855999849154333,0.885407126999102,0.0612276629830566,0.0300193852288814,0.032164363446056,0.824160532572044,0.0673627655658523,0.403426570165742,0.270422742379503,0.0234173772755878,0.0371726167724983,0.126066157660303,0.114969264388145,0.0370910327407676,0.947286772027936,0.971660203289257,0.0314972351757905,0.0703758462417576,0.0287353067726198,0.0290758523249898,0.91147165371569,0.0274159319788533,0.900343772853906,0.42507554233584,0.906730409938101,0.750804779607497,0.0712278858540345,0.791632792462495,0.0430612255027504,0.333964001951517,0.0138513138929739,0.356837134982634,0.0501525835123109,0.0437615068231228,0.932471096003278,0.958962393923217,0.774319668517785,0.130094375340063,0.913093567023822,0.114461239320869,0.898552878877714,0.0233500190010469,0.0754596800449139,0.121074393248799,0.677363016759451,0.371455850494186,0.128922288932322,0.902237884781819,0.897988026737194,0.820877390044928,0.523838535302792,0.783216387115219,0.0171781120871445,0.834606304230374,0.205513539284914,0.370730536593905,0.0199244132451983,0.638307245063489
0.110899098519574,0.0448190319786936,0.296838074626455,0.561204555671654,0.0297547994825177,0.673154879424707,0.783846359537586,0.772221803033,0.7053862634842,0.517429119759686,0.805860118513398,0.0687420441352334,0.0153760808296414,0.912552647737589,0.849348995898747,0.0474535293236021,0.028343867828993,0.0478640468562611,0.806709288387003,0.0317746994679464,0.58599619169996,0.74729067456554,0.0140185411574154,0.0345556196870275,0.0896378115717279,0.105222361218241,0.0269049266784601,0.936935414579991,0.983057809573084,0.0490744386739148,0.0617294824739037,0.0211876361432702,0.0246339576845114,0.95080353659302,0.027793928453813,0.872453443485441,0.290081587229934,0.884416179052086,0.884917823679233,0.066169094635109,0.799662005964809,0.0411310378853298,0.299175768137682,0.0148507930941474,0.709822115456658,0.0459258189284419,0.0382627729837005,0.9218221010514,0.976792820258386,0.56885713787647,0.173557517550416,0.947692911642748,0.106269346938165,0.919782952831484,0.0225252913523164,0.0477420108869525,0.083449190320394,0.578338904798657,0.48817169094213,0.080347332179088,0.88189084574447,0.883830690056988,0.569292402146016,0.773921902709381,0.776824700220994,0.0178645387084777,0.911033102542379,0.2447526297347,0.400925845015253,0.0178718669209391,0.503371035039702
0.0958330636697988,0.261625649094283,0.770519594756108,0.47617600489412,0.0474128417457928,0.723910460113802,0.754749255191036,0.795294523364607,0.665291977653733,0.516375796226104,0.791334965993212,0.0626147742490314,0.0206758906368237,0.855150545036834,0.880133105571915,0.0555995386726494,0.0325416853196209,0.0632352679630833,0.750926621970529,0.0263002584135382,0.453707802206943,0.58764113774257,0.0169806122826466,0.0342662723321383,0.109446768249053,0.121915133954562,0.0291527308580612,0.945499143068744,0.980057361558956,0.030835583373724,0.106559619066647,0.0222497807053647,0.0300858954417772,0.927996433754744,0.0238489172220511,0.763687272517912,0.522239604929737,0.861792344916795,0.731159422525647,0.0676369214513284,0.766972073634122,0.0583298528638503,0.3952174485857,0.0204446982575161,0.785546162012923,0.0714669349400934,0.040556359992752,0.913079677270232,0.959481702908799,0.716000594072846,0.218992028817754,0.902427076999391,0.172476189904764,0.900255365532209,0.0223710888665007,0.0681319091422901,0.0753766886602754,0.529929501598565,0.415254389477504,0.109971878511368,0.895031268109809,0.846062854127924,0.758681417476448,0.62870653240342,0.650411998179467,0.0174194966825724,0.810296537229134,0.210341204817083,0.392954971521479,0.0234539561883227,0.56869228859475
0.141954060552204,0.0478702607483887,0.457482173498061,0.110964964342617,0.0499329897841554,0.520188546568792,0.61810256384475,0.734077718429871,0.647978838573894,0.485731322855998,0.781276530484441,0.0456883803923281,0.0198989189333738,0.549275933980845,0.841992728174336,0.0682334156113212,0.0329097634979584,0.0544446589262091,0.903280354910292,0.033602693032513,0.291081309651597,0.730733558451196,0.0239659377029758,0.0394245900099621,0.118373295745776,0.0898144549737033,0.0295078674655951,0.91525911497397,0.957791669229658,0.035492250722699,0.0785950733779588,0.0258093182094376,0.0309949681067989,0.915119223584287,0.029616658124291,0.798951730231945,0.305211209771079,0.899740190860571,0.824241635369472,0.0781843680301656,0.743334217298828,0.0606542733857316,0.294000473757297,0.016221225210184,0.483281221105241,0.169177501272196,0.0566655562699274,0.911936580697528,0.938253972859938,0.568121709057137,0.164981481650311,0.899516633995344,0.183675921347437,0.806783450649022,0.027996881233369,0.0847343446555153,0.106285642476751,0.568048570026117,0.121558043290999,0.0828834232790704,0.819570900541666,0.762082907637686,0.671615118062066,0.408552495571137,0.476481208926048,0.0169202560245506,0.793941677280735,0.27602767795795,0.332057751778159,0.0209755697358053,0.630461726316629
0.115304575057005,0.0540279416974581,0.17836052182727,0.412039452683867,0.0445435269136811,0.706488667073224,0.897873899426825,0.836141915152296,0.82281382762205,0.717794065972278,0.911023154916364,0.0603736717995917,0.0213879322975407,0.951179449692726,0.894459986967253,0.0726794343772609,0.0284483295201018,0.0299610960495169,0.925494568699832,0.0590618533781182,0.635104944160758,0.962596460236299,0.0209004880291231,0.0359364557206182,0.122564584529004,0.076055871734692,0.0428735227889172,0.932857994520858,0.978320205309637,0.0411354241916496,0.0595565564488167,0.0354660973434312,0.0228958652525101,0.925287399992215,0.0321758301210866,0.839403198180933,0.729213687954337,0.92405267482678,0.793008069505652,0.0613417593189756,0.640944224123058,0.0407037441760123,0.181972906262899,0.0167632626897159,0.550865913653323,0.0518935988265527,0.0496841539894555,0.90612705703633,0.966055274268903,0.729045493843477,0.129784771815229,0.906361675972255,0.11709246301481,0.892719234711603,0.0359924879922138,0.0855122995841631,0.0917340235236069,0.785802441172291,0.734611956833665,0.051725061750017,0.894539530165814,0.836666698882744,0.792914214955739,0.927642313930413,0.906725805883473,0.018292423751182,0.871830629185651,0.700375801194083,0.710943541163882,0.0200979563864786,0.540537715990965
0.0927391679457344,0.100355423025497,0.639933731729689,0.206940303105649,0.0627455720616104,0.643935201205253,0.778406722771825,0.748247881714719,0.658711266060531,0.553102754971242,0.818966956018859,0.063824912411254,0.0197331671698437,0.770782610411299,0.917651700113005,0.0579263352934469,0.0338482921240518,0.0916929423510568,0.901888847697992,0.033640202123738,0.42996500492497,0.636354741724135,0.0202927161472746,0.0370926156637745,0.0920871748461784,0.235588151718512,0.043072898607686,0.937852915603181,0.984032202577845,0.0315931262302678,0.0637256945089834,0.0248223114606565,0.0309700881195527,0.93656957955132,0.0214313058995958,0.816428124625613,0.437874441546612,0.828470407335382,0.768580248314553,0.0643794141515161,0.759511734251128,0.0421353074140927,0.448621904511603,0.0193483362861274,0.421875040083457,0.072008655701029,0.0719890436703367,0.880942418629541,0.895385284236018,0.711875011961758,0.24382807551998,0.894640911125231,0.160155783922179,0.884540786690147,0.0262860343499001,0.0625120825087961,0.086170986037203,0.570750471014193,0.515936696482466,0.0827534739556347,0.889241741978866,0.827070424306017,0.374775393637105,0.852896971048345,0.747307624223393,0.0185751323680425,0.906709767029851,0.404591262797911,0.551777732927686,0.0226541777620754,0.718762364938079
0.0626688824812558,0.0466895985658753,0.897256738026655,0.294596834260531,0.0518332510664109,0.597284600351517,0.549308353445699,0.676817120258714,0.556010478673456,0.344371736106497,0.565164826379323,0.0386005009724413,0.0187737730427239,0.855343212314501,0.820377863598947,0.0531400950468728,0.031031501157106,0.0528953186873542,0.57002125592556,0.030974349289863,0.379853980877985,0.585668276149136,0.01380624074542,0.0335510153106784,0.12824922206996,0.150460422674955,0.0254676377207707,0.936298420508149,0.986090982552407,0.048427853725218,0.0779496549242,0.0353781797181597,0.0235713209572401,0.897065648263619,0.0268132155473675,0.725572189041278,0.360591840369091,0.774844642742943,0.885159884861888,0.0698736959022182,0.7381105658149,0.0351999767071202,0.490810809484246,0.0136275452095634,0.792384088021682,0.0476872254181415,0.0369919935210533,0.91298714903416,0.972242514905193,0.694550782587292,0.298655035123693,0.942526392968083,0.158202241497885,0.914091462027266,0.0255239122303387,0.0848111008498179,0.111458136154894,0.359182058631577,0.269341424093196,0.091235867878572,0.683678152220933,0.820451515569108,0.620516569271746,0.760752731393442,0.360869393139095,0.0141678083818216,0.816520730239789,0.279870508188396,0.747866190635634,0.0227898621932413,0.737160361622361
0.0596068842683404,0.059956982739115,0.871696508775774,0.367643832599581,0.048532552593993,0.612324017938675,0.670336094791177,0.728708569687544,0.379049454331273,0.316406286808608,0.700420412519737,0.0419474252918159,0.0172100582783369,0.838112983366872,0.754051437769465,0.0570491814942267,0.0263130607413974,0.0857368473854383,0.81363092539535,0.029695589141831,0.389494010798279,0.867296019999201,0.027460083409157,0.04776881618805,0.106601552195163,0.331018567946518,0.0519686612773902,0.927256781898211,0.981669433343542,0.0442376349976327,0.0629987240594762,0.0367300022116827,0.0250814801237209,0.812945518585185,0.0311015487377744,0.606695139099225,0.397739357243424,0.747829436768406,0.804819340159046,0.0769548550710874,0.866268810088729,0.0477655844774771,0.656710719283939,0.0188000764072547,0.749385652955834,0.0417388053975971,0.03956278024659,0.905864342039896,0.937784869169631,0.718588383412307,0.346146351942784,0.88915984591703,0.120244653611093,0.841054850914498,0.0234792471812156,0.0525346287503418,0.141111858285159,0.284693952638112,0.11721376765455,0.122951317239452,0.690289678226962,0.882502326463264,0.473738562065325,0.79130342073609,0.481601464109989,0.0116604809855414,0.704049667014125,0.422204541283708,0.819190112926199,0.0336210454901736,0.580374299709282
0.172156404111266,0.139584590173653,0.958310870121511,0.403080835858865,0.0365866217843579,0.645705432051481,0.828516824426382,0.74001624864748,0.753925718116172,0.547776186292893,0.885768002614449,0.0911520060904429,0.0167253969915255,0.638897576004418,0.907014887001135,0.0584688567827962,0.0327225559827019,0.0457280480077139,0.917343023885111,0.0356900574917533,0.357968053878899,0.809504229037219,0.0186264588437794,0.0379327484167655,0.0738060033294481,0.142337106559804,0.0330712872287082,0.951212480857383,0.978287418448767,0.0407044164620047,0.0724838294967587,0.0270983741947365,0.0328040060196151,0.939378380113173,0.0281392424380256,0.855808440299258,0.535266195917846,0.8133693795264,0.861143348925806,0.0530092597216001,0.847381620924201,0.044815577177024,0.317355098208446,0.0156243907735449,0.396450557595597,0.0737525091710984,0.0439604870201053,0.939334733610982,0.961296455029474,0.716394285978311,0.227453088767694,0.910347427420976,0.103082872008803,0.875991450287263,0.0304210232523908,0.0505968614724012,0.107422579965741,0.497200779798079,0.460124819984294,0.122571903217245,0.872074452112219,0.710588093742334,0.698062504442845,0.641204373351923,0.841070650709675,0.0186850076372018,0.900250177384964,0.345308587448344,0.311640432093909,0.0205246663475875,0.605424698720756
0.133929606555329,0.0411845073042158,0.419377338028122,0.198526145555973,0.0549301272564954,0.715623432580006,0.839551998722,0.78693312383382,0.714815943090966,0.667571745257819,0.761323946372442,0.0480662442305547,0.0172358985467866,0.888879733747059,0.906691865932036,0.0716695056497669,0.0363175938689587,0.0405689060115976,0.797850619948104,0.0272676409113569,0.242185569797515,0.179675820645059,0.0176331999961892,0.0578005404660785,0.098252581169468,0.105768271781271,0.0407240990295648,0.93205146202076,0.977918915242822,0.0526244399345811,0.0786529072285136,0.0321849465659102,0.0250652794461921,0.926313863216681,0.032480987299728,0.827834880899768,0.430713363244651,0.915732333734349,0.806943732060472,0.0755214496915456,0.77413640420025,0.0637007820506631,0.337989689559305,0.0153350149789042,0.503292461778051,0.0622133624714314,0.04476182553761,0.925505465364456,0.958192531617537,0.706111728864901,0.125439557944052,0.909581394884951,0.122481957786471,0.851202061763943,0.0369851360331143,0.0722780205895085,0.135904544953797,0.568920528334355,0.420199519208069,0.0693716165292893,0.883785706223568,0.902521382356068,0.732696582072975,0.405846954265858,0.747054898395718,0.0131416366504582,0.877989213775476,0.227393442596425,0.35220172184939,0.0249120948675822,0.541451786788111
0.149766554838487,0.0456899836240792,0.922598292189414,0.594573418143328,0.0739932695852294,0.723588743256241,0.798573057600438,0.744875335987886,0.662752427650834,0.699143608870655,0.895172993642015,0.0410968664759839,0.0271792614729493,0.958673393072161,0.897373296802207,0.129829772149601,0.039091533368217,0.0774508495039619,0.885742164414278,0.0349905359894328,0.401529031193941,0.490916581865405,0.0121182956737347,0.0593532275909696,0.159738190812211,0.136056428046411,0.0452798712768213,0.932501546247122,0.985382767680394,0.207292820548553,0.342306318765874,0.0471992555811644,0.0320158552407775,0.924616906898652,0.0282296465268359,0.79001443273028,0.642548231814814,0.906975663035294,0.79474397693537,0.113648505769435,0.681973917286773,0.05036924502368,0.384596989511342,0.0131163088158414,0.814306687932547,0.0670516185029504,0.0663650472736543,0.923955121933514,0.942741032275621,0.72474788706641,0.239444636234397,0.917391446448051,0.13887154371031,0.894832378065317,0.19126183568492,0.115024955089279,0.334333667693308,0.543280340729748,0.474620125486885,0.128127834010006,0.87536155447101,0.886025802004291,0.650988167058164,0.719510726723228,0.831037917248803,0.015080374616048,0.890413704970146,0.422760202716257,0.807001678145938,0.0263779576633698,0.683245208679301
0.119386474562214,0.0420619289845427,0.714299584448564,0.26732437375179,0.0655375778094479,0.662942206902224,0.908585594832765,0.723454795664998,0.735009377689485,0.716328823292062,0.850007517323686,0.0344298721429836,0.0201746732335102,0.938751828816737,0.932448655768387,0.108622029451361,0.0368507813104927,0.0633846862422058,0.859474230732951,0.0364105780173102,0.559434360850486,0.493576964288755,0.0158917910059557,0.0426797349422809,0.125381244051833,0.0841831641635254,0.038202234344546,0.928815706281226,0.982655337783263,0.145233866042038,0.160950588211861,0.0354757049183191,0.040980019146945,0.944910570094223,0.0311787818251075,0.905159770696143,0.450210136125247,0.907435355932632,0.913588792424409,0.101897391080128,0.714639655948846,0.0738343572258262,0.261764620299438,0.0141590027794186,0.264140591368863,0.0559849126007624,0.0615976005130714,0.942232676699796,0.962969436753438,0.779293321048749,0.184176082349849,0.914613036887849,0.141967173312054,0.912986496465586,0.0353099452742981,0.108842164384048,0.25618624546653,0.466910290691039,0.606266271527036,0.0996540530033159,0.901640594434382,0.919901140589906,0.798397382576187,0.71121065715155,0.868565103526273,0.0132093943161406,0.902747491630584,0.168276946253508,0.5481748020906,0.0268946765543415,0.557763321321499
0.228491111658801,0.104362069865123,0.902037694453457,0.220925934930335,0.0728594643314331,0.672369456526103,0.728838231677772,0.731908246812442,0.48756247242099,0.222564880452328,0.62362456948813,0.0359330795499893,0.0223554398039294,0.844589528447898,0.853329349984774,0.203513658353508,0.0441617519786572,0.0922979868674292,0.629283232895954,0.039835628300221,0.461547667685109,0.653136587671059,0.018483708427886,0.071098983535716,0.132292441808947,0.178499743882097,0.0484314689207885,0.948689263301861,0.985879998614928,0.171987059590391,0.169106969437208,0.0480404765129865,0.0331235289098321,0.941536283926186,0.0317951349997291,0.702423281864623,0.319430494390507,0.842711062303473,0.823293973582455,0.102847970303467,0.850591442430839,0.0678429022047593,0.560970623681415,0.0149279822204886,0.787256264268856,0.0777381508153601,0.072812592736849,0.919218168362731,0.950408336660496,0.732383806842655,0.30964595336494,0.886621018906037,0.164707823949574,0.907747178413324,0.0321727908692694,0.109066358593881,0.316276513082653,0.398337583846127,0.258761309523004,0.0878628342016112,0.845095887304541,0.84988786994001,0.662541521969194,0.837097732396707,0.457706683743989,0.0120022532969202,0.835588765118349,0.280720605003454,0.640079798690864,0.0389170160746585,0.851615860667793
0.100967486270798,0.122784268306867,0.958826482883862,0.464369516129431,0.0557528705235022,0.669737914218351,0.921008653644609,0.878661262697902,0.769621415321869,0.664864180142851,0.913657980429015,0.0849072988642578,0.0239867901236426,0.597534537947267,0.928743432461569,0.0731922835854076,0.0435015993305494,0.0410479204024589,0.946351967621521,0.0314730502384948,0.601980429642862,0.969285551319822,0.032940493253119,0.0418118289691516,0.0933308405927902,0.0732704626468278,0.0353104115324492,0.94262678925907,0.977661291982232,0.0440774511079438,0.0603048363246519,0.0279765475680363,0.0744599976981632,0.926873387979563,0.0380040930798571,0.896179844081064,0.848918059285951,0.930693471142406,0.911581465893672,0.127990687859695,0.862770616911503,0.0420017941024935,0.186990118046151,0.0190474768252701,0.700463491746167,0.108179171683963,0.0326787775417416,0.928123896484204,0.971100676358676,0.82032217821033,0.0954127757675571,0.929392319624426,0.102386305293339,0.922954905092377,0.0437707867037514,0.0483042112402879,0.200033710777858,0.723373225355793,0.604934285683907,0.0916071864751945,0.91053731119233,0.486827715856424,0.526737268784652,0.908588130502974,0.8820630245309,0.0228525915793764,0.911352665540437,0.265204409729564,0.496423006811919,0.0234343352261019,0.869924848109561
0.0830438508374256,0.0259511780907067,0.833614658706367,0.299409732632835,0.0359453662564293,0.607090365792085,0.921049189193336,0.830649582042627,0.762122428964141,0.643503183537152,0.836619207065287,0.0663534975105184,0.0148618681253758,0.89736849192714,0.948113139767113,0.0539341483787476,0.0311777715790052,0.0665079448764801,0.832488718694715,0.0287814233850734,0.336520295064503,0.567960367567708,0.0123007716556908,0.0404793832210661,0.103425274960904,0.111940496594367,0.0273687926883935,0.957348604917639,0.98420365924582,0.0421806077710403,0.105100215218384,0.0233405979620706,0.0253015028227583,0.951272452296309,0.0327101985622773,0.869467684038232,0.416369579966709,0.944659653268873,0.894507680313124,0.0631884191123091,0.833594851478432,0.0531891654911297,0.281374176184531,0.0138532129303827,0.352205659025516,0.0844751249354363,0.041255934211118,0.9496844156976,0.976576786664443,0.810106904288451,0.163999651721715,0.949702721858936,0.0851284881112579,0.870656416579601,0.0372519533444143,0.0491250689910091,0.0955442296229162,0.696148520567598,0.416064631731262,0.0853344246544051,0.873020244520412,0.896406426289201,0.754913737668777,0.351005967483049,0.876223592872912,0.0149764656829462,0.923500149650653,0.240424774289033,0.279351549283218,0.0205612045896066,0.555407003300718
0.0874562240359314,0.0267935920926485,0.938189744700192,0.420292547163879,0.0461937305625686,0.649884481942576,0.927739627304306,0.901683152911582,0.789158641821123,0.764290383139354,0.864765285315296,0.0622834396706516,0.0167944639288453,0.968194669256264,0.873029400957819,0.0532269370876659,0.0350750939767377,0.0276513671801326,0.935996604063172,0.0278311891859868,0.708094194173796,0.947178144119824,0.0171964855580154,0.0415292895045143,0.0905094068370065,0.10377829518363,0.0261844962738836,0.960904095547306,0.986806483456648,0.0317288676687132,0.0773205383687351,0.0214236491789696,0.0345022660251144,0.955365410340559,0.0287357549892873,0.873113223617725,0.843280348319049,0.950248577878784,0.939317264884267,0.0564512190808837,0.814390555766657,0.0484497353484802,0.141602153815477,0.0138677326082421,0.886789664277608,0.0880755441963367,0.0287364952396749,0.939288023298016,0.96997319330262,0.739953922967884,0.11387321799878,0.954005722441682,0.0856944906737601,0.927614572071895,0.0272196882733372,0.0563738078998099,0.123056617167275,0.760009575812686,0.630300954682608,0.0867590425541742,0.925751436510054,0.871637134607365,0.700698379786793,0.916060560507678,0.918981780402933,0.65559357564686,0.920416360402582,0.634906519824669,0.750767304736339,0.0184259000576386,0.884921281290754
0.0780004587819217,0.0363951927072195,0.811858793350322,0.304918416961221,0.0503366131898699,0.467881002895125,0.874120702582938,0.702031920305664,0.696391151720156,0.592938937017165,0.688107256030001,0.0481187219164183,0.0206582474395719,0.954804305453591,0.852654946727653,0.0443969270661421,0.0285015971305721,0.092069232147009,0.78044534247294,0.0316437550709788,0.472958177590401,0.349593880434566,0.0254754855734704,0.0325304559801889,0.0960348869454795,0.152513878550129,0.027868257620921,0.948118218872906,0.982041804588999,0.0480469619823926,0.086804785317506,0.0221458975891823,0.019618071538701,0.917494917343784,0.0249762164739494,0.828777781029531,0.353481963478465,0.888285015451394,0.868921958685823,0.0579814234415221,0.732900106148283,0.0307639795352544,0.334377539246459,0.0162688223386749,0.591508532220305,0.0480764867891666,0.0329172607786382,0.885373871345121,0.974217424195094,0.673913367478397,0.198260046280146,0.951894166058314,0.114204854545823,0.815682322177372,0.0228284500526966,0.0673817357007431,0.108684700871123,0.541393116487093,0.26798098050314,0.0966935774024191,0.88248900334764,0.834119337034697,0.728538088120747,0.53042714212024,0.594682949245728,0.0157320660782586,0.771694378036413,0.253584677901143,0.508682115598676,0.0237044222265628,0.60715545056739
0.0821352663786082,0.389657776808933,0.676027014899758,0.486050910434732,0.0478608549508518,0.718072415557893,0.944298943572688,0.814323665313622,0.77051499996544,0.730728301095925,0.876022110300983,0.0366950396484347,0.0221192161146391,0.937552653915323,0.922241762061277,0.0659412639052212,0.0278329793489748,0.0442972386363088,0.945115989612459,0.0244887847646989,0.506801741123189,0.822799735809179,0.0180930364754864,0.0343564437905188,0.10979420869193,0.157177480273594,0.0292659053353523,0.946220369482573,0.984873992948849,0.0477871868468173,0.0638297978282992,0.0271338136394847,0.0198555742716038,0.956486730313443,0.0270308680239537,0.85976655346655,0.557646068313913,0.913089761021922,0.922537434009588,0.0654733847630366,0.763243913452548,0.0441092428309645,0.517478447530778,0.0181392796687229,0.39271662289476,0.0717984204280087,0.0323765208506158,0.937138320353337,0.975869734783388,0.745147147124068,0.136037220412322,0.949548424880569,0.105872702703678,0.914124248663122,0.0208434466188154,0.0725418136696689,0.0956482470026343,0.73818817841763,0.6122681694516,0.0784716950235656,0.906010682184431,0.89756536826998,0.756329808164434,0.306301185600084,0.894550960622543,0.0116633477496502,0.93233291245095,0.454090629065611,0.285786814110318,0.0249253934272833,0.561816484821869
0.0888555651278116,0.0361609256493518,0.724656035792433,0.169856913414045,0.0445202357336321,0.564985962941883,0.83700104870509,0.640669340095628,0.713169713546088,0.544138665286549,0.73716427967054,0.0299173500826437,0.0169885873708427,0.763710040366035,0.86756254044739,0.0519114273052697,0.0298259846578713,0.0480379943711305,0.790744861677212,0.0327790188863035,0.317654048682817,0.236549712237007,0.0225731497737658,0.0381080925023674,0.133042148928606,0.094679135609639,0.0257629815677715,0.939217691668538,0.983801476266654,0.0461992259146811,0.0618177269978971,0.0263238608369358,0.0196349914524033,0.934696054612886,0.0217965688613067,0.796187551922267,0.672756379746912,0.903800586863912,0.795414105377142,0.0682155054451075,0.605442652866884,0.0319491022292493,0.297642458190937,0.023769743953447,0.776358142127976,0.0437000182540784,0.030228949693955,0.9370804775231,0.97536913330047,0.729107605018704,0.147380368779424,0.946968596317957,0.117466506030976,0.920370750359697,0.0193405442224291,0.0726171114884033,0.0952152051221623,0.658645871889629,0.389130648061518,0.0802464634570906,0.902833499005682,0.793841897130153,0.578147759845602,0.863836100629187,0.675251574989443,0.0121302235105697,0.902488812705422,0.306766109778643,0.657143927522509,0.023268317457028,0.708961362988571
0.0708351254392931,0.0708858356667351,0.951298828869831,0.591302185232711,0.0529737814277243,0.655015536514056,0.813568517364572,0.784010213059075,0.645515412788347,0.590949963398483,0.774397996436319,0.0356512105419861,0.0208185480291012,0.729563543557451,0.895925723448736,0.0550538283690521,0.0395348189597299,0.068623901057179,0.817391256564791,0.0248004971212042,0.467786442089517,0.515236684384492,0.017389337495422,0.0402342389253948,0.105777432714858,0.179497182482687,0.0258261889780954,0.941171133610376,0.986835297777148,0.0544532585000438,0.0696035760725588,0.0178420709811699,0.0226805614312854,0.928099133910702,0.0259844114327855,0.813946071946341,0.609979669043501,0.879296214781913,0.857853026602572,0.0699327148392187,0.841834907380488,0.0295124931749734,0.457034893147865,0.0173980081317146,0.690711549808906,0.0552912117499745,0.0302017998106623,0.921745429583977,0.976057832619745,0.796124143384655,0.254284752155176,0.947454552227791,0.111478589305286,0.90635701563495,0.0213809413877554,0.0630400248005767,0.126415958273115,0.639563980465665,0.347431909991815,0.10153907497709,0.886446909076916,0.879837822972165,0.745753053402156,0.430484396417636,0.698978060087881,0.0109301163060628,0.88939076714902,0.356360355882992,0.490801759883032,0.0256218926800345,0.626775859207198
0.106860627219286,0.205635432152464,0.954563606001358,0.603637350423893,0.0646818167356424,0.446932079927439,0.9475501698988,0.913055401374002,0.737139716787456,0.644962657941287,0.878571531317627,0.0492711150063371,0.0179061323001747,0.885824787158979,0.948079955380788,0.093447410156412,0.0274960052369688,0.0345847756988659,0.885890201895243,0.0294886394561599,0.430048852807796,0.849597918011127,0.0174457104557219,0.0419376128962338,0.113375744803449,0.0537415510092157,0.0643849060187892,0.919908941735107,0.984830277993011,0.0561916819284808,0.0658868978291626,0.0310004581883512,0.0286508546964006,0.917777695432591,0.032462949160366,0.88928496751518,0.603641523777875,0.945309438726485,0.873964403204377,0.0702423044758081,0.909454802839004,0.0464260430727143,0.160115828955644,0.0169343095102453,0.1705608195638,0.0612386501562747,0.0654787584459817,0.942329408162031,0.961995268044556,0.597451852088714,0.0768410836389095,0.911175850103516,0.100997687417894,0.90731750363126,0.895657036066115,0.0758540996774657,0.119696422626949,0.692324085917339,0.821701628042579,0.057097474562028,0.910950593641187,0.946472193138453,0.795614865124138,0.511205296463271,0.807121538106617,0.014297867375827,0.915258850840691,0.614729468332888,0.647113400889973,0.0231984232438736,0.751101964278726
0.172838045446367,0.0239091754057604,0.956310378338415,0.134472245601102,0.0552871082188633,0.783663398992324,0.95586261871051,0.847547629313446,0.847671583243003,0.809172761781415,0.861345177610155,0.022087663893304,0.0200374001194078,0.93348012212114,0.918835049621818,0.0964326674999162,0.0466657980661227,0.0308566969493364,0.882461219489095,0.0544322546320623,0.239866190140523,0.185848202876668,0.0229574480540772,0.0431112726034957,0.211397783333343,0.0614441784186578,0.0370761402491259,0.945068535253376,0.98626461445742,0.0560815101477165,0.242531991321078,0.0334500251263637,0.0492211140897725,0.942896109637798,0.02993416730532,0.852228508339299,0.406301062907952,0.934190384519691,0.788321940033955,0.0991100139136357,0.869244068535122,0.060033325309294,0.278487440030052,0.017209060879283,0.234923033849242,0.064410167429969,0.0812967982478753,0.932741062235782,0.966284237317903,0.707061729649988,0.102715363630167,0.928509597311885,0.233607494261888,0.855003264719989,0.0756551656051329,0.222274391004823,0.117298127423537,0.755894590597268,0.597729229438445,0.0632723918028158,0.870189028714906,0.890872005725633,0.850572598858489,0.170703460837299,0.857938662617975,0.0175965590821067,0.86636383461268,0.128813967111189,0.194206565856153,0.0324370683898809,0.592487193506399
0.141992151401326,0.0460055542183102,0.94302552138454,0.225412537617661,0.0421084475974113,0.705834693131265,0.809644439688783,0.784177470104433,0.685511103049524,0.552523591460073,0.709747267592885,0.0261887237156421,0.0228919736106524,0.729771478661827,0.876024117132906,0.144017610962049,0.033711968241776,0.0920263546224262,0.698093191498435,0.0465640473839351,0.537996446817293,0.770403152308824,0.0164709522951267,0.0774958648733051,0.167740151686358,0.141946608444879,0.0383933686752709,0.949634969987685,0.986745163998705,0.053643901197452,0.172317371196109,0.0329584049174157,0.0348650153873448,0.933188409593874,0.0339352991639019,0.755699480022071,0.51908300030506,0.888142341275686,0.840433587313037,0.113135075739684,0.819520851722758,0.0467041678278305,0.414014062688447,0.0153246401797397,0.722250895270796,0.059977115846543,0.10466088076595,0.856028240557792,0.966867159876241,0.72629875782506,0.247936573156695,0.896104604931056,0.142188110001812,0.912705967816784,0.0434245933237857,0.210280827615924,0.143157388415825,0.524232244413107,0.4654284175201,0.117084865031432,0.790006379992099,0.856003671962462,0.576018517505979,0.810357475266509,0.678436482812042,0.0148532381819957,0.861133819689032,0.316078516083814,0.649217717539601,0.0308050512489808,0.668545033736436
0.18607662235894,0.0616148165985135,0.833978763020481,0.443680400100436,0.0514666040790992,0.757271966895131,0.745869858582996,0.774021258472867,0.616013786029545,0.504835391494889,0.791095227083884,0.026086021303424,0.0208775037951268,0.845344665397632,0.906687030212683,0.118920102685413,0.0476346701076738,0.0950133737424323,0.800062850355541,0.0581203229266913,0.334989857209834,0.618314629919651,0.0177917760752147,0.057219014108751,0.240679111918965,0.202290415606352,0.0523216226813364,0.933101008756462,0.984196924697811,0.0697631248015506,0.126965236847383,0.0320542990936401,0.0508372918807385,0.928099422932458,0.0412982107909635,0.701915710626292,0.240380115880628,0.79226590891806,0.675660425573184,0.120577025664631,0.819362997796214,0.0615988631894192,0.43151777665391,0.0149645629391395,0.631937070260382,0.0886242970042294,0.0663252720753948,0.925963535294687,0.953963851305717,0.729408717272466,0.213045256120178,0.878712691828481,0.16478209094271,0.759039806602601,0.036384533046525,0.11227707038375,0.155292737146511,0.564450258773579,0.371090228840744,0.110191710871122,0.770763168511458,0.896951762031231,0.688223671914023,0.427919153573887,0.631643002817268,0.0136586892812152,0.822202590088784,0.267748735244287,0.494230859151782,0.0279150960354856,0.688508792402936
0.20805074761278,0.0503720547785555,0.938377274647017,0.402771802911566,0.10288652022998,0.637978883880725,0.896201659219557,0.827045139354776,0.68282844828351,0.564681681806742,0.841067837133974,0.0292701807773005,0.0174967760977776,0.954358203356856,0.897607906199992,0.125397953654498,0.0476192029733255,0.0744556659105616,0.846578940850071,0.0344281095180776,0.322803605711419,0.411986300664843,0.0205448602888473,0.0675779507593321,0.119244874216537,0.173010044913816,0.0420744322387975,0.931433973486612,0.982162636777559,0.112548837718166,0.16276926924985,0.0338021313546834,0.0323863898655246,0.939232120221184,0.0329950438654863,0.877720374131209,0.386338744036344,0.90209191138254,0.86308992495301,0.128058220563107,0.724112285862585,0.0558221982534416,0.578693223132087,0.0148259926393376,0.376572372654577,0.0768436556667848,0.0655672124283478,0.927698016568941,0.959457111877351,0.633893826519721,0.181934253812971,0.873494312847671,0.113694098130586,0.886610776643138,0.670494486875254,0.0828824924633303,0.30545742044096,0.596093214970266,0.441411645154546,0.0818718375846494,0.86326386849668,0.934459279895045,0.695675077090095,0.337198066798033,0.747378641197767,0.0132886264250685,0.873139839984875,0.279889903542871,0.57584631059847,0.0289623933271705,0.767771262578624
0.153779460282739,0.0529344980161913,0.652337580564994,0.322668963053966,0.0561202470296613,0.813011948276484,0.810401725132196,0.843063341966004,0.691771911397539,0.650652827145525,0.817034959774402,0.0225233856986059,0.0211047377355544,0.912185713677573,0.878366610716632,0.0966316137263114,0.0436465858000489,0.111611706843985,0.87044628336745,0.0415809545228553,0.402992016852516,0.371839394192809,0.0179358663137085,0.0483589516020367,0.188472281107243,0.140284166936642,0.0279217358705658,0.932365173443987,0.984178888145261,0.0536894842859764,0.24610229824286,0.0298862130816766,0.049398440196546,0.931379975349619,0.034802082767842,0.752941754917241,0.408527886985521,0.893228398451013,0.783278358281142,0.0769309674574089,0.723177860551652,0.0693304079715815,0.339046969237228,0.0171602209939969,0.501176961800287,0.105134904726797,0.0625394455573698,0.897102506290141,0.970692790850646,0.659189803669589,0.242933289620644,0.902158512383356,0.161892012005536,0.889184190528594,0.0287244810483299,0.238770203369027,0.15688454700511,0.665320875451595,0.338404230385673,0.0947323798721762,0.870126916955453,0.918710308035707,0.708140150233316,0.582264718164177,0.767444149132021,0.0157061055309951,0.871851370224269,0.325592889358286,0.296652858487675,0.0212543033911796,0.574120516439314
0.0924066865338539,0.049067836671764,0.954394466814432,0.204538868870478,0.0509439893903966,0.632796132458519,0.716889572344135,0.685647321340553,0.595475191045856,0.373401589564808,0.718967113010354,0.0902148157093771,0.0215516699462629,0.613994479700835,0.849970613740941,0.0577625416609529,0.0327740510681031,0.124303036403583,0.764964892931215,0.0257201951643491,0.318729848391707,0.708071036370532,0.0277811793436944,0.0325057578064559,0.128061971181595,0.130692268297353,0.0392973176393473,0.941344741996144,0.977730799884178,0.0569033552606184,0.102087516333151,0.0291619933983568,0.0336797335205327,0.898138389551035,0.0316207650606278,0.737445284527955,0.418885850745966,0.803420059722122,0.906747357104511,0.0770694618180549,0.756180983886608,0.0462467373728301,0.436716217033981,0.0190317295477445,0.538241872518648,0.0484449168418611,0.0428042633078306,0.92807123640342,0.961991101551648,0.703582808766445,0.33126563823249,0.90651612183189,0.109456590029667,0.907748048349524,0.247397272959799,0.0771721017851847,0.0823084474250168,0.382747115898044,0.293090371440582,0.126608941554459,0.808496585169364,0.675469020871413,0.549523996972891,0.677050151957383,0.605074233614664,0.0164202757923319,0.866297207819046,0.360825754210167,0.450440254677239,0.0265120297643672,0.618405242053784
0.0971324201053454,0.0350746121471908,0.943700878839536,0.351638356863896,0.0421471304427184,0.748053751414768,0.764121669494773,0.854276695795796,0.776770671014272,0.596287283975248,0.902672475713876,0.0759813952901589,0.0185185586896444,0.874007306724533,0.932800372420081,0.0694471434380241,0.0302843995181588,0.0730829151612892,0.963838369644868,0.0320904522544915,0.177276073005384,0.119687298537371,0.0224756988648838,0.0314348159587608,0.119640171838353,0.136472072216308,0.0347331045005729,0.933201519317006,0.980802085862365,0.0349809084489526,0.102355359282191,0.031022182539317,0.0293405851778272,0.9388515247253,0.0266065302325922,0.834998915003084,0.590304048327782,0.901421085723543,0.910517073027955,0.0761965006514249,0.860205257727245,0.0624100803711651,0.382981875612239,0.0142723572513615,0.476674444785039,0.0472456389613391,0.0502845014455669,0.93052887452032,0.965240665960589,0.806287010018948,0.131491009862291,0.928943661349365,0.0860351421149324,0.914940770296527,0.0313681895587339,0.0618202028757258,0.0731917405992174,0.702022689867365,0.565152095934894,0.0759626380751923,0.920289478945198,0.868296434353472,0.789896342192138,0.300546200827417,0.902774772604962,0.0195634435704963,0.890016733834135,0.372186659466459,0.362849266582566,0.0197884147601218,0.735086185946554
0.100628993365743,0.133907223499805,0.511744541917146,0.369116252685252,0.0355900230674984,0.529976524424655,0.546661128431546,0.804724802569176,0.697608198209463,0.475388614016819,0.754706992788419,0.0955497630385693,0.0191242210819923,0.725976807617614,0.87398480756621,0.0583706653469023,0.0363797530265841,0.0794558135525263,0.748794094127894,0.0343708808078395,0.414558933043992,0.282928120382591,0.0261913384409974,0.0318242710063654,0.111069195902587,0.110081923944618,0.0338509887151947,0.945662410240204,0.970510279792976,0.0321162753635523,0.0725445057470668,0.0206430916845359,0.0278964941552678,0.923480199956509,0.0305213269088827,0.829677506720925,0.310788889891794,0.926845807048819,0.816491323651421,0.0636339135907372,0.761877188151309,0.0385652455672687,0.382970674572753,0.0144411336509205,0.442482928441225,0.0649026636861917,0.0497088839482891,0.92151654416142,0.956493136499212,0.77092342348247,0.143012670296867,0.921817929809975,0.0913661844293809,0.91845744585646,0.0285233802637234,0.0598792502229672,0.0838470975224187,0.518937725765861,0.278745024502138,0.104044637888696,0.860049350868225,0.904036017795475,0.679328227235565,0.443852321440606,0.734829926626317,0.0164840385270804,0.87893991742279,0.173511299231546,0.333258239995839,0.0217470446379587,0.708532894659225
0.0955356077224516,0.334274609821468,0.759490180679254,0.254659432291874,0.0427945965474377,0.759174270777545,0.811511577031031,0.743801920855705,0.625622307764997,0.462110568610139,0.749414247386371,0.0863998814452173,0.015529166575173,0.835253230506028,0.836967713689065,0.0520720020347501,0.0420520276006611,0.0898075559062624,0.62540031395845,0.0304808243945798,0.375438870848745,0.758106826333541,0.0212202177232215,0.0570873721342875,0.10355278772113,0.136645653136722,0.0380909792364425,0.950713926255009,0.976258878881637,0.0343093331398077,0.0773192173335081,0.0273507128689309,0.0363171505795527,0.926427020273911,0.0269145547317864,0.779853260185858,0.642534452032267,0.883936672330617,0.824831051146067,0.0651024673232949,0.674081142459455,0.0572571283554864,0.417006343772537,0.0185725125035459,0.832252176384327,0.0592402320823911,0.0408728357484811,0.911023687874059,0.967983821299161,0.69955358804759,0.241378282745401,0.935841910414259,0.0987174033382333,0.896135916631689,0.0250533039938506,0.0516879575752882,0.085754991973885,0.540881517954189,0.490041768962316,0.107353272720956,0.920083628356605,0.768587396628061,0.683066240111625,0.80665357323426,0.750785168051219,0.01628165852881,0.891641070868686,0.319274110650056,0.549093045341626,0.0239307892557063,0.774895737814036
0.108449159538988,0.0273616929246096,0.72657247782114,0.327033693007746,0.0375099779853309,0.712521016871215,0.912199550211535,0.842015378475503,0.809980993470016,0.620934422066709,0.845544509550152,0.0799185023263772,0.0164405923109856,0.818181372232808,0.902757154414465,0.0526853608927081,0.0342785834323813,0.04891572611855,0.927776739488857,0.033884258171079,0.179144746196237,0.156626675916152,0.0190429586286679,0.0277161959798288,0.0882163921446502,0.0791031262495881,0.0395297580335376,0.936613437293321,0.973449860029325,0.0341756666820104,0.0678779037225568,0.032070521503677,0.0374710986320826,0.940113795406661,0.0255340623878464,0.777987589847335,0.556033774102276,0.943862318041083,0.832601751742876,0.0721839075016089,0.862331559012806,0.0399482604082702,0.229690183473485,0.0163430890002714,0.209809317061968,0.0660732942387651,0.0422279221689147,0.921789484145405,0.961589638153426,0.668475496398276,0.141638975955843,0.90259235472783,0.0964058553571498,0.909418381098859,0.0325046656956759,0.0423665009835399,0.112395343303365,0.728740043170177,0.36454764578302,0.0889880825151853,0.902853575121067,0.848638675341807,0.817517493157232,0.226427176317389,0.82478308250965,0.017125813482775,0.887998248375602,0.192939350247897,0.237601004211731,0.0232142211719502,0.658173477130445
0.0805250157470554,0.0459621188284943,0.432175766243024,0.397597687209314,0.0410178755583614,0.705872908313182,0.730675801396463,0.753647853482549,0.567698844319652,0.331354757501291,0.625911055541588,0.0912162655056387,0.0240042281348374,0.820831688296817,0.850401504299991,0.0501074751254516,0.0294758915799403,0.0789676792605574,0.655317585049306,0.0372279155275151,0.245448593145307,0.296907385823594,0.0226692682205112,0.0320652470941966,0.088336072130911,0.156093440398054,0.0360708642391879,0.928179382949821,0.964833655129366,0.0271856445378184,0.0624253332227129,0.0255174474397132,0.0318634753699705,0.907273290399402,0.0328218897227538,0.774151585739932,0.498858677445591,0.856900330900933,0.736590514048138,0.0595046347657891,0.728305437018499,0.0561779178808445,0.384184782012799,0.0180125190171978,0.632309577874714,0.0689063822460529,0.0379198414370318,0.921620704143513,0.96070314618844,0.694297498211788,0.299586442853296,0.92524735371608,0.08198519943746,0.87012795703565,0.0221215164792603,0.0361321613711083,0.100422153925135,0.464417970058799,0.229440619322316,0.120007378556546,0.814499354895576,0.693219902978054,0.540291416364924,0.823651398258886,0.579267965528816,0.0247959402730979,0.811286183192472,0.48892852170136,0.540247013278264,0.0204018177171832,0.72407263447389
0.103525001935424,0.0294327924546851,0.492715794790789,0.14146678406637,0.0435357367676009,0.354537374772004,0.774503013804823,0.871119441008903,0.843998376141402,0.659974437551792,0.813950500807834,0.0858902044208865,0.0241148266486936,0.783413439350994,0.911522125593603,0.0337112296089224,0.0310178514978058,0.0409443080878186,0.884982612244514,0.034269954580938,0.21679184130923,0.844942232572343,0.0232665500024762,0.0427210341104352,0.0994265518721185,0.0729686402569889,0.0397923747044852,0.94553421675323,0.975609308325635,0.0373462496403003,0.147228791548622,0.0200937932794674,0.0250136069415473,0.924228274935571,0.0268910792859019,0.798719843007208,0.252415165602366,0.821361560052922,0.8665736275896,0.0762104573458676,0.799388484781229,0.0400577795789519,0.166707834452404,0.0147362121656636,0.199393489721013,0.0584480455933479,0.0384245087933575,0.931736382971219,0.962185719891062,0.370340236021083,0.0806040567748516,0.892258980758689,0.0907004564096238,0.893669101186403,0.0277920572656922,0.0418971207020883,0.102525576419085,0.70768472984415,0.486260033323737,0.13836265350023,0.882814529206395,0.747182161648493,0.704442637150734,0.877083276335017,0.883921778822511,0.0202546513727535,0.885255160535418,0.241433481002216,0.446463322953275,0.0236792026015672,0.671600382299933
0.0727351518137404,0.878883548378434,0.392188426969685,0.203955769442817,0.0436006122224915,0.804521767915524,0.783532480682273,0.812978357437524,0.221954152498699,0.788187394063496,0.845740013248806,0.0694634294304145,0.0200245209307038,0.583948825997495,0.936392051259488,0.0551227389811633,0.0325067234095417,0.0481246298698998,0.945402642524475,0.0290426050408293,0.756797134858822,0.523797189751318,0.0293878200256108,0.0300049561044335,0.0957128896493604,0.0580257165049195,0.035413001181957,0.938965483926603,0.978638308914394,0.0445477519768005,0.0518661095051008,0.0238203450413181,0.0466946686348016,0.935352954959969,0.028365702883664,0.903362609498128,0.743810914854057,0.935372855001926,0.539659047891503,0.0661004032602089,0.754491447277245,0.0540150394119864,0.33711258240479,0.0185205885211932,0.635663912546824,0.0878765175471675,0.0395858215580719,0.930634468659065,0.967101612646756,0.827834312187491,0.11489311400875,0.931032963736573,0.0836130435037612,0.865654986065233,0.0261075826907723,0.0446848293135435,0.0681888331525578,0.816795554254364,0.635828881286348,0.0997337805333089,0.921992037624509,0.805357638540239,0.319666688802722,0.922290330654603,0.902649198383395,0.0170952067177322,0.919789879181064,0.24932379739477,0.4463911583366,0.0246346142194016,0.43154249449159
0.0724117407244719,0.315858102625066,0.65920270459998,0.267860957894878,0.0428188050905055,0.509862743699306,0.509990136535686,0.732705049702604,0.62321759020337,0.246593767470812,0.847025875906256,0.0896192372810193,0.0206200796920704,0.790808551438272,0.867902169128349,0.0503754000568314,0.0323830649400238,0.0517655044537437,0.80282852108448,0.0340695862642225,0.255767132134285,0.441165246204641,0.02420963832605,0.0309352700688904,0.109066750797883,0.117810196160595,0.0390713486883179,0.911052351612713,0.980311951175044,0.0338398304273944,0.0741525756497743,0.0244688571650273,0.0283286373653082,0.910339973046956,0.0348813763168737,0.780240019904384,0.490318374233779,0.825571632137918,0.8293689143546,0.0558417551807373,0.598404980437195,0.0392295621676478,0.254460539489734,0.0181167360191722,0.466429693657356,0.0509403917522153,0.0421162210017561,0.91717174621894,0.945321095187185,0.722510897562936,0.204192490282981,0.918343945096306,0.115007685638649,0.857472311460261,0.0260848122649114,0.0573038305978377,0.0845102512951007,0.61127084405046,0.360456378802523,0.0964391767744611,0.828146733998529,0.626116905637951,0.428032832503211,0.785681849281039,0.63338674539144,0.0208293013758254,0.878663276281247,0.482913581343096,0.499804612232517,0.0245132946251334,0.483223144795563
0.0710912734478011,0.0307267426023175,0.531218366326065,0.359932848446453,0.0386447258977003,0.638417718646169,0.863160400280926,0.799162443743263,0.768629621465051,0.631528158944471,0.82077523022163,0.0973823736496479,0.0247609408324762,0.755647621873903,0.924823087912655,0.0450334380453395,0.0292665055931664,0.0465779537984877,0.889194494316714,0.0315937531023252,0.198396658914963,0.0947309669859985,0.0223684091223782,0.0300317289776883,0.0831012224573544,0.0802644251595681,0.0286363436983482,0.944068398755163,0.976531775986659,0.0350993118452391,0.0496636630586819,0.024148566640218,0.0264738377821086,0.937930953544882,0.0310907182899956,0.825792031222854,0.555047631632696,0.913492961850578,0.842583270488219,0.0484237537840495,0.782282295747946,0.0399910924762929,0.369995557624629,0.0227764779402024,0.361333726099246,0.0696539400084909,0.0322169097280992,0.84970468346655,0.954481488770073,0.742775685171801,0.183728340102874,0.9178452286366,0.0982649034332562,0.895161034190501,0.0240755099017117,0.0420126074680396,0.160155021392137,0.633446942373632,0.148464508954516,0.0939200179978694,0.873073051464425,0.788017206366228,0.714461234797477,0.436344642890649,0.732541411587987,0.0176088309313088,0.871926550993929,0.225912295784743,0.326495330449765,0.0232744155816628,0.557376728478127
0.0701120356204849,0.0795205011314001,0.839349390923193,0.482116747719541,0.0416774369648399,0.839545859278848,0.858884253698025,0.861871554096622,0.775008065030908,0.848692696424078,0.854348682555156,0.105831387459759,0.0205580769325318,0.943689228533958,0.931846712372133,0.042388134545327,0.0296965777575697,0.0395881697246328,0.909631220833089,0.0344184477674132,0.588531911382263,0.309147174584977,0.0265753202399596,0.0371498112350669,0.118794634806208,0.126015576663107,0.0258962486940192,0.939632560059781,0.979426094679008,0.0270754451526908,0.0594557580718851,0.0213028450526134,0.0256114967339885,0.945916567850173,0.0280265747915416,0.904722210454559,0.407938141313836,0.939017054248641,0.924918135720323,0.0528288939145011,0.749528920052147,0.0572688901359706,0.220966992119808,0.017723575495371,0.194447372573133,0.066035115443413,0.0346653274138882,0.939392803691024,0.973209149738264,0.854272163509251,0.07560028618643,0.935679084291395,0.0811649053435618,0.872347302016333,0.0211323286933852,0.0449997131587767,0.0705395959480073,0.771094054050362,0.639651105063364,0.0781891795831229,0.927005231961172,0.90885673125432,0.846677284220215,0.420497586359089,0.926449512091686,0.0189691716059176,0.922889777951574,0.135610893099989,0.193627998365605,0.0276469795394396,0.626279140549917
0.183068507348704,0.0682822908484198,0.876507214873549,0.169397587335777,0.0535534173188981,0.660680790900333,0.759846140393866,0.687992741684677,0.62764001592719,0.419374221931158,0.801298936421633,0.064909917449974,0.0220592232819817,0.521201561710782,0.884749487838597,0.100843885802846,0.0361023031695369,0.0461632934592796,0.76783747884479,0.0303521807715113,0.441345747577745,0.316195412546711,0.0240222000688042,0.0465955951154428,0.106836284012149,0.186605045510045,0.0495051977836461,0.923638953184933,0.979728394364325,0.0392517784905838,0.0967318455859167,0.0339112967032407,0.0341396425992859,0.917430837439226,0.0361757825184305,0.891229721655905,0.447212534432324,0.866437163264755,0.84481015875133,0.0782878333463494,0.825410724634176,0.0459366987243086,0.319430261597878,0.0187870692679934,0.530043201854994,0.0914991766541074,0.0554739230247462,0.935243349562954,0.946610101064242,0.549475137176509,0.250523502569945,0.84044421219073,0.123662309006373,0.84118031943412,0.0329778162288842,0.0631008403720571,0.13519390139709,0.530239347859332,0.402940732824627,0.0689226125504255,0.856720403460336,0.715234032553303,0.659643592155494,0.817156211183932,0.781786441944086,0.019810502070854,0.835951668170915,0.281203104129906,0.729047983594778,0.0241047995118053,0.811979271331635
0.0879204957388526,0.872037871466682,0.932700176899145,0.265364945610991,0.0589584843281987,0.218542367782894,0.545307914339313,0.82522529525672,0.874493568190661,0.551000807078085,0.642543790893298,0.0790272628314019,0.0228318668203598,0.950906331732799,0.923137970466736,0.0697770672830348,0.0285735083455682,0.0381929766153905,0.90315304008534,0.0245721179443888,0.773570596365937,0.960137298748533,0.0183448318060356,0.0341804866755419,0.0983657200310025,0.0483875091812615,0.0345764788354532,0.938292461953952,0.975695562137326,0.0334629670713014,0.0599195643333242,0.0267343116051469,0.0273426556673859,0.939829962445492,0.0348110502229068,0.925084811981098,0.791895167429149,0.906790882797064,0.876240925844972,0.0470272122485452,0.838427957862228,0.030742281736266,0.608194941229484,0.0195232266861578,0.483363778242145,0.047300911495738,0.0424166415118808,0.915390674885662,0.971671210946597,0.717969428657317,0.109227558788153,0.943170260528127,0.12275198331452,0.844727786516814,0.0255714221108258,0.0419609373596566,0.097633030787841,0.826669170120129,0.433263808119128,0.092736862501281,0.844610973619717,0.538038261858018,0.417510423569399,0.927976746944732,0.849462126477162,0.0161445295323808,0.891622066311677,0.192348726256309,0.351027833942179,0.0239061765228234,0.1113516957498
0.0712284189669029,0.0337445536639856,0.833556459467535,0.0891527252004949,0.0400189392561569,0.50471349144019,0.722584468251241,0.737494971271759,0.710500599577909,0.625999136707765,0.772153579398003,0.0971983431291325,0.0183703770500991,0.555553775974023,0.89386369644381,0.0425538830569251,0.0276144287302088,0.0634522573666837,0.774064216237254,0.0240227610999534,0.26428967009045,0.0998413195659998,0.0299271303521698,0.0332752683948074,0.0920560128626369,0.0946879060536447,0.0311744024437961,0.912056253081039,0.971053867347821,0.0340142244206782,0.0899530844400552,0.0221781170872156,0.0235438482741198,0.928698159858575,0.0271481147731348,0.791000228132104,0.452459155925787,0.907422481586553,0.839154794298649,0.0624159110920199,0.780346767743076,0.0389485210663545,0.247174480951563,0.0176505107773384,0.454266766696657,0.0422138980562142,0.035556585874108,0.886447193653235,0.957828281820246,0.520315419860031,0.143463505084267,0.916452428867149,0.113274863057918,0.88804348332465,0.021395934386212,0.0457992646019088,0.0731974133241832,0.578636769676677,0.425142809179131,0.0815228339138463,0.83115791947994,0.767801828205482,0.649662408807932,0.576132279916736,0.740571610690074,0.0147246310967731,0.872677929360682,0.478212113955503,0.790369331615067,0.0185085229568772,0.815328021116451
0.0938792463059819,0.0247752648539692,0.911660520678109,0.286113695104193,0.0473677082158803,0.487691807985303,0.456059672639525,0.685258400905071,0.608060861334214,0.314287205179484,0.466200811416178,0.0537054533260294,0.0170875945314454,0.856160599554258,0.807136560352806,0.0594757200273942,0.043933013453831,0.051441756428563,0.42602322406962,0.0401845402513034,0.299793972507266,0.146746371364739,0.0172201736309382,0.0415865184720038,0.129178283082877,0.0944457264335295,0.0288150018628484,0.942923639071736,0.984332437589601,0.0385896265675625,0.0687931878027603,0.0353560112320119,0.0265636817132264,0.945984198720082,0.0355914922725918,0.829319431740497,0.19371665151367,0.869696115304244,0.775449442230386,0.0652618394635798,0.780144899769901,0.0610083052117674,0.445238671870105,0.0137037648048885,0.546530236175705,0.0521782764292735,0.0421265616671085,0.929257281780277,0.9673978227369,0.724792007942142,0.203231073705836,0.933587741003365,0.122033197497538,0.928972378058326,0.173575811987854,0.082599137139357,0.0800956830747206,0.336763360870329,0.209898209954117,0.0693750550486339,0.801042073601233,0.839539897187922,0.773989761610522,0.688344070824672,0.305996312976528,0.0164939399845926,0.857275167393812,0.184081623497958,0.678947485756186,0.0236778358936142,0.824977945743015
0.105128929706128,0.376592322319754,0.850517911715943,0.444441189362624,0.0591269625165156,0.62111370169791,0.729315692851852,0.740831693696023,0.649753147200019,0.416325507550716,0.729171283656671,0.023589491775485,0.0213647674445091,0.784812052306162,0.886548421038949,0.134210870687405,0.0352834979235365,0.065600948111151,0.730455760851156,0.0407890354772608,0.436467992054246,0.682187774537509,0.0166731544884666,0.062892829051061,0.236138161372459,0.152921940152091,0.0341515245392889,0.922588128764142,0.981289713545451,0.0437055813523181,0.119729005441709,0.0335524076630343,0.0363774319360256,0.939850359510908,0.0300456305020089,0.71750027516179,0.43226494132786,0.849451952962319,0.792247872737463,0.0923002171585606,0.755177747032048,0.0605540583767346,0.410564772613309,0.015385483436129,0.662958217361271,0.0819876690215649,0.0704371159315449,0.926226157039893,0.963810219456214,0.684778475573377,0.247780926794243,0.900476695691518,0.16855567241144,0.865639123734768,0.028744160386206,0.156503432730371,0.176345300481476,0.562164322205817,0.334444021757892,0.0802647925435402,0.826040203171399,0.69746492841866,0.663933679060168,0.877224422564604,0.618910886313603,0.0150697476122542,0.75709741341876,0.375977263650912,0.655917145678122,0.0265591645444508,0.76907005885594
0.229118521175575,0.0324925569457721,0.973846395965645,0.309516912349098,0.0467623385489149,0.674339746787067,0.90734091682473,0.863828112716404,0.819322798514732,0.526819358546355,0.845300908853773,0.0249726942212878,0.0203419250423027,0.723977674947797,0.927720682873123,0.0928634200446639,0.0397850715004947,0.0501253570059933,0.8963147956663,0.0415143556484963,0.219462930131599,0.233307607239197,0.0233602401442578,0.0598593440274802,0.150478022306807,0.0534900353991469,0.0415319487339422,0.918656807084132,0.98432817093661,0.0678629038306349,0.254586088301395,0.026402405732095,0.0342329242740765,0.951729286883992,0.0348140757974884,0.860708281920443,0.614533745714725,0.926628968503619,0.821706181212428,0.109301194978423,0.795653728272937,0.0536178008911864,0.212294308099162,0.019461280005107,0.321619999024207,0.148858412420949,0.0863504228941504,0.928730650538499,0.967959000650187,0.735650195528834,0.133873012950305,0.891202298640594,0.130233693144894,0.909395023945217,0.0439832619052563,0.198502335213981,0.200837416449655,0.437489523336071,0.441488974323397,0.0965774442417575,0.889792534031767,0.626796609652733,0.813207391171498,0.351173812398889,0.875128253708571,0.0138449924967669,0.818995573776332,0.290980635072569,0.497206839279246,0.0254822537780356,0.841026306182912
0.0752750507690407,0.0291115848508542,0.889932591125046,0.375696107467353,0.0429251516110646,0.551150423047632,0.684172713450575,0.76582928920911,0.660013967999888,0.507870766408717,0.692715612589259,0.0320806900152896,0.0217569165740404,0.848679935042115,0.881844843364294,0.0670341646677523,0.0284040871483059,0.0539647802303167,0.732785453835243,0.0356612750912021,0.391053606237131,0.239194495738057,0.0146996737656424,0.0517722229084174,0.175008861896376,0.186624431166408,0.0293808818007428,0.937493438220534,0.989114938462563,0.0836708613354558,0.0548378380865206,0.0231655318357194,0.0278427972731113,0.943083511157033,0.0243670989822262,0.869604776903939,0.324003757589694,0.900186321527605,0.826313245742306,0.0620361111716411,0.777554078111247,0.0584779898910854,0.368972107872679,0.0152591361231839,0.53959301454917,0.0416295176811837,0.0384601512123224,0.929898322007403,0.977508135461406,0.737512625582497,0.166465500058425,0.935829352003144,0.157527136070985,0.93468467399371,0.0245173853082093,0.109468041662892,0.137336462477417,0.415771861867701,0.227573475205383,0.100096658978293,0.883740793950718,0.882621390264644,0.73861098581894,0.530448501027129,0.684002021775792,0.0111109105238707,0.845273503244722,0.237232352201669,0.481807848660832,0.0266736878018161,0.60787207720542
0.214314695586907,0.0553772664784798,0.924079345710263,0.202126888795964,0.0587064628844074,0.604362071563212,0.732221622860406,0.736054144012708,0.626100876297421,0.470777854252527,0.606452135394589,0.0400330024296046,0.0183300163292179,0.853202521794276,0.920584704021305,0.134357654570434,0.0374862343633508,0.062196332769955,0.575821968209866,0.0443170587588456,0.417795524481283,0.264685951888946,0.0170453060448537,0.064468021549113,0.140585516239945,0.141046715276397,0.043870666322509,0.935812615288119,0.986479452292808,0.122213055438281,0.118913212358163,0.0321949230352403,0.0339704193647501,0.933772062680325,0.0282201986932008,0.833229221536838,0.42237395597436,0.89518618826502,0.798805143273964,0.0897618779335416,0.798140578378551,0.0640007416418464,0.428679625504039,0.0106792888164792,0.70491856167344,0.0691648290923395,0.061710009033449,0.942322966345797,0.961774580994772,0.706283675156279,0.256194827725548,0.906253203828384,0.114331144891993,0.898145491507851,0.11622330007564,0.106452117283195,0.299586211532744,0.366250467197749,0.338400206954608,0.081581583515474,0.819154148470654,0.897943103596888,0.711481706330575,0.754449814621752,0.499422356617734,0.0129242426896482,0.82807478994512,0.26642913294801,0.793081085578105,0.0224363245529687,0.775270212032374
0.0689402113144845,0.310195508008771,0.916118612011236,0.396405197667317,0.0453715794618697,0.434296925998647,0.39231064690555,0.768172058452539,0.563338454231353,0.395738725333343,0.812541988962557,0.0890656765921986,0.0177485856501962,0.797079002854059,0.796426451326779,0.0449883918399043,0.027651587499026,0.0639315742906799,0.856335974241022,0.0322123773241316,0.377198821246918,0.930136430923601,0.0217742544347188,0.0348562312793955,0.0996358535920397,0.251509612475192,0.032397216146393,0.94092621726356,0.972830393884371,0.0348247238754595,0.0945902522329128,0.0213892717046668,0.0379987321652974,0.928993198687441,0.0326733825755416,0.774544203852257,0.565410556887126,0.739558936583489,0.839973337129206,0.0546765701324679,0.786481597346814,0.040979949536759,0.395733042977736,0.0220458811915172,0.501978804136849,0.0427204035770582,0.0402653802281722,0.909360979322407,0.959897135635714,0.677788759791302,0.233773049489212,0.931375247619875,0.0783666435916651,0.888040096185164,0.0202639262611792,0.0766408526458166,0.0717334714618321,0.51164887851035,0.391048595050274,0.132292918093,0.88349219365931,0.786624789315307,0.576334107423159,0.828303605145948,0.622326445147824,0.0197652424354065,0.844253793559213,0.31879396272271,0.744234273307407,0.0237529526862301,0.834623373872263
0.104548183306489,0.0834847858690415,0.764227731377935,0.220719964944237,0.0405578859450516,0.596284536170953,0.817055150357516,0.81286013467797,0.465706300085568,0.406420066300087,0.723249766241103,0.0910415454462939,0.0184943429524262,0.81599157969278,0.877609346632385,0.0577034442462348,0.028382270639137,0.0724910286584253,0.775938496130239,0.024504395556676,0.58550609521957,0.836675874361146,0.0220874175796662,0.0380733969027134,0.110982062753384,0.156860272352326,0.0398166489268764,0.934993518761584,0.978691516461822,0.0421464926571485,0.0796280362530657,0.0220121320223334,0.0322913317926214,0.941536716403485,0.027698631529442,0.810206988476686,0.736058597872949,0.879794678875924,0.892939124484005,0.0662604735918563,0.60789673051978,0.0455118665043792,0.34331945700095,0.0216791751148889,0.63269198433684,0.0507323001578015,0.0403642364204884,0.920379016268402,0.963818824301255,0.744953698441133,0.201577630797186,0.928179290644668,0.0991337024412809,0.912229778635791,0.0238224022034618,0.0446105628097878,0.0792499019545615,0.568431134922876,0.421083850449213,0.103078340484277,0.894278929763711,0.449271195087371,0.668852242389904,0.750264922636935,0.729278751559725,0.0175371749911599,0.890851985532877,0.36068238541841,0.425287337721196,0.0251535243318724,0.842409181417143
0.0860244421296635,0.0328386055350537,0.891860653486152,0.36643233076841,0.0384696959878762,0.645828596245807,0.798354409346807,0.782052485732786,0.703193055954009,0.627874033826277,0.790892522290156,0.0940553010600535,0.0184330526458123,0.786648557606959,0.919478177549581,0.0589520058379862,0.0342690757310558,0.0508846153255406,0.791273165796776,0.0293122849435313,0.376937855821782,0.859806587799974,0.0253869895256492,0.0293548638421735,0.0845181684484577,0.110007426546615,0.0378091479474868,0.957473761659121,0.972364936567517,0.0334801344140353,0.0623476677092061,0.0236268489569742,0.0239154548316739,0.93294254629462,0.0304780090395842,0.858483078152451,0.635600352490345,0.882775608680894,0.883854951628937,0.0616748673398757,0.728535145386953,0.0526438099641583,0.301726660891199,0.0196823829944452,0.64281744608094,0.0403584110351824,0.0362396515466022,0.928461075843389,0.959262912633083,0.700860879753603,0.159473881002262,0.919612676739723,0.0733175703227311,0.90958579156851,0.025460091458223,0.0424686947832062,0.0685098880515471,0.593367890375705,0.551266049588377,0.0828901251582851,0.913231697924018,0.740098900435688,0.620895120255354,0.824886734919953,0.82540608464633,0.0545647605349287,0.835821804032716,0.293465789663716,0.686986261756632,0.0212195905036475,0.770907164593649
0.0763704331849122,0.0525162222176821,0.827332799322857,0.38201860681528,0.0409892992260261,0.593554741619147,0.661691836602536,0.743520058393997,0.629786580637435,0.352141555233606,0.639858144610512,0.0844753291560638,0.0206142930260205,0.815294972960686,0.849774658343056,0.0593695388103889,0.0312880927243431,0.0757216742367749,0.617861487332494,0.0333278365184867,0.36071143612167,0.519023152460562,0.0234188035205083,0.0494578210485176,0.0899719339032385,0.183463742586661,0.0350427820070071,0.950666709115727,0.975977174655997,0.0324743031084148,0.0797469303165537,0.0278170122277808,0.0330325814752669,0.906691291304012,0.032833855137607,0.72798746295496,0.467908161099369,0.891187403741264,0.826079062856892,0.0595164891941628,0.819329046305378,0.0456455532405065,0.505563753912194,0.0186021968016134,0.661479084075127,0.0514710841618659,0.0453773221955261,0.93034150653512,0.959724691008392,0.693944209328267,0.33267011579325,0.890373113222258,0.116689697943575,0.913783438009493,0.13072993300081,0.0464034450433962,0.0947939941249318,0.461080157175058,0.266220445790905,0.129745356358776,0.830282375832727,0.832796422411218,0.651547720958605,0.615660087898404,0.464233993843161,0.0187890828485615,0.856908063741671,0.35605697330584,0.600807015271535,0.0230081286092323,0.766870389158348
0.0779073496863426,0.269097103794097,0.688414496007963,0.421836986196665,0.0410889528453492,0.605619909371078,0.789916863072808,0.731935061236202,0.646106491662201,0.482451676714731,0.789711566020514,0.0452804138276419,0.0172030591624935,0.735180637374257,0.871932286490521,0.0544059619106801,0.025681392188693,0.0518267544796825,0.831274251536813,0.0250587240666059,0.649484928604499,0.886644287233547,0.0192151994444297,0.0304011520496363,0.127473113546155,0.11061571580275,0.0299465675190325,0.93783504854104,0.981218359591435,0.0288416375477913,0.0746529753173599,0.0222678111221798,0.022158171803361,0.936190742411087,0.025462104686735,0.802365404452558,0.20838925627854,0.835648177653684,0.753409026086936,0.0723811779974253,0.692343285434553,0.0453782339860444,0.314487074960337,0.0154450194968201,0.90540192628546,0.0378369458731951,0.0316714235402899,0.882329137840521,0.968338171890788,0.748100880951429,0.201439048291156,0.942424212812294,0.192533812304,0.897892956369351,0.0181497822492479,0.0590101437010995,0.0618884837495815,0.567440144787468,0.486552177875183,0.0872265280022773,0.87080196134049,0.884501118638951,0.760534685466563,0.85007990592528,0.741152861606776,0.0414177471463736,0.841878615467598,0.464356298170183,0.515394790585747,0.0244395196127312,0.825882913765039
0.0691263695104577,0.0499442303070463,0.871529106514917,0.190434043398301,0.0392936138135637,0.552388998924523,0.877766121453283,0.697918396249968,0.737733008983552,0.333746213477658,0.792654436734275,0.0794899173356112,0.0188924334198223,0.704722903409571,0.848930009329938,0.0531835956451552,0.0273802441754066,0.0802901000717468,0.882708316081703,0.0278708126753308,0.274417825235868,0.755137284620655,0.0185284447641573,0.0291048491189149,0.119554111131739,0.13574537548436,0.0232031432701757,0.946521384166596,0.982689845262527,0.0425907797008225,0.07014075763339,0.0297322156877399,0.0190984205094413,0.92850516686285,0.0268783157529285,0.820189473036093,0.610940391709852,0.794674748954868,0.624224315635352,0.0602853228985843,0.768965099952291,0.0570298735912674,0.306120605174385,0.0135983681257627,0.732769779034757,0.0364701330658876,0.031050831006752,0.942532843806458,0.971546984731189,0.742996766799222,0.21417534994586,0.92124579639236,0.160373667635135,0.924707114316368,0.0207063531421885,0.055945970070929,0.0694292053851774,0.612890651786429,0.326868662421189,0.0804046716721888,0.887750645486382,0.755419831615418,0.686575179094607,0.718405032706734,0.743797057727262,0.0130791027797088,0.861146659862614,0.424419684972185,0.535445040243031,0.0274483293420153,0.597172519891604
0.065938711259332,0.0237699821031756,0.796375443366053,0.303412409271748,0.0402155308381496,0.526131199859759,0.746411399644039,0.710466949302287,0.624342977619864,0.370506470817197,0.605231597239169,0.0621915988479025,0.018026549127817,0.73329976837402,0.806943910956827,0.042933189286487,0.0340120205123208,0.0383559304464165,0.552266607001177,0.0221384789940017,0.503150644484466,0.607348391789075,0.0216838963978601,0.0299764524139915,0.103272614250369,0.121801663750687,0.0300652844990128,0.958329777027613,0.978282822841164,0.02847988353789,0.0624360165877844,0.0228125438137839,0.0212210354082076,0.92139258902852,0.0287978075528961,0.792817651516931,0.351949767647922,0.864478806314288,0.860064890481279,0.0526955684742573,0.758881754885608,0.0404219082329202,0.452556789264534,0.0139489631921217,0.566453299457151,0.0390739126620701,0.0339224900479153,0.941466114571424,0.96323360448264,0.70761816771665,0.200373868592353,0.923941771759114,0.136355854417736,0.938947357690166,0.0232500311994443,0.0453381592267358,0.085050873363694,0.463472597098456,0.304696930688045,0.0937964987024676,0.871626904578827,0.837501200956934,0.558369458433794,0.451854906579279,0.496795918262865,0.0158371553852085,0.710544384288772,0.243771846246134,0.533937352327838,0.027120051759879,0.822577830158102
0.0734820193907897,0.0291767038278487,0.958636828430252,0.255233719672674,0.0518242154037548,0.626500312665537,0.31163889642466,0.748208931809751,0.659148548254485,0.511222593159316,0.665943204670616,0.0541367364673581,0.0259764378902748,0.83499040738728,0.833872041174303,0.0414547515964099,0.0262981212138083,0.0469912625120037,0.737979361098085,0.0233087437554253,0.284068574775034,0.378426896570972,0.0159114739752891,0.0457132967146591,0.101090641959453,0.119065581116633,0.0229069822913968,0.928899263693574,0.972113033196738,0.0387541096802494,0.050473699311589,0.0211934813640369,0.0286248357536153,0.93459255844676,0.0231637060258698,0.80229908936713,0.581408934373099,0.87946843222827,0.891673639624204,0.0460088393971,0.813914868199482,0.0560614606663049,0.559662608660605,0.0175453397854985,0.372027354598004,0.0408860383897379,0.0371235145508502,0.943577679253824,0.961128765010222,0.769930202394109,0.203792381022263,0.936967936076764,0.189461053525642,0.913003157754977,0.0276983827866213,0.0663910075225586,0.0919065323090208,0.547558662786562,0.303075397806178,0.0687762070130684,0.780746341563858,0.855143046165313,0.488034352297035,0.812598869433832,0.508262308795801,0.0126488246840524,0.881991394734717,0.522099924596427,0.411800558809401,0.020546132284642,0.781108220999718
0.0946431163445468,0.0310554107794771,0.823029359861432,0.523058970840835,0.0382951727784145,0.763568389412066,0.891353055837095,0.840725085207212,0.614976620644697,0.748646837774513,0.843996212835866,0.054192348381155,0.0184330177021509,0.853910133108737,0.92103592377282,0.0417708088057255,0.0290663340551098,0.0593526065070892,0.957012870937624,0.0295183790792051,0.249917760411546,0.320176617983297,0.0201046103445034,0.0299260962802754,0.125232907229452,0.123774008465512,0.0245742288474085,0.936420675947616,0.984831994058476,0.0313733008824322,0.0593336197940653,0.0227481785398457,0.02385480033026,0.954722893006192,0.0272241321157605,0.887429354171929,0.598492543727729,0.917534185825418,0.811898991093541,0.057217773611762,0.830172495492655,0.0464292527935981,0.239470245415459,0.0192674359473425,0.330594690511512,0.0422436554153232,0.051856517702388,0.921216117655,0.976422030409766,0.770618966674186,0.110239650206311,0.914697371643571,0.135985437595162,0.868290060986498,0.0285491243868726,0.054377789846771,0.0848761986153465,0.738171536993842,0.396208658762065,0.110657289165521,0.856951500172322,0.77885958046457,0.772646487527477,0.210933091797023,0.799002942110541,0.0133271449198657,0.93171230751943,0.274510765621551,0.347040809648742,0.0208690184795285,0.691224210846327
0.0712516804661655,0.499368750001813,0.601121526448933,0.381960336273806,0.0378018977397783,0.478071517527578,0.700136002052077,0.775823809717624,0.678050394213355,0.541304719582138,0.834984963197196,0.0712274652494619,0.0182929828564041,0.884106905372787,0.817583165909951,0.0382457924905962,0.0291254464327274,0.0502871451402173,0.907527828345856,0.0343586629762073,0.370562653715125,0.315921084263238,0.0226048361474096,0.0393944494352872,0.109092281059447,0.209138673068669,0.0226731200076325,0.929976844174423,0.979271014776535,0.0378798234729344,0.0482572188226569,0.0194115589534572,0.0285686022324475,0.927290083854471,0.0244956177162959,0.804006161124372,0.572134610228194,0.786618037295734,0.706878920132164,0.0536518136299506,0.807525519524249,0.0539072476980709,0.423864959578505,0.0144288826120186,0.432365029968217,0.0482514315134473,0.0478584271500086,0.903773109799688,0.975872588383531,0.750201116134403,0.25520964161368,0.93463463003797,0.148003396815687,0.923431102511563,0.0300348678510105,0.0444438292398959,0.0659292095822776,0.542630377404974,0.486141427413508,0.100423227916677,0.84941603341388,0.875409112379431,0.714261703439783,0.810038013014255,0.726728417268912,0.0157660419568184,0.857926646728329,0.55849430476883,0.449641362369402,0.0219199661191681,0.790406420311883
0.105691082744224,0.148588647842229,0.88315402297576,0.258273224502902,0.0521086348073065,0.498586882105078,0.549231311654315,0.716010193943668,0.45719798958965,0.362591843763268,0.604632763921737,0.057341753456792,0.0197034163609337,0.804614684281843,0.7640412667522,0.0664629821222632,0.0431919828446867,0.0814486827630448,0.627451932414458,0.0383665672549466,0.428296531794453,0.727903747728779,0.0183359461186982,0.0362633684335591,0.125605109954697,0.21943436151182,0.038406348345601,0.934552549705735,0.980406209150247,0.0326322327394048,0.0980258488925892,0.0221750500794961,0.0261265640573673,0.939100198919834,0.0348164467753259,0.775020345694861,0.556991408131594,0.700947152656811,0.646657106740854,0.0715480311600089,0.738090046794651,0.0511620616363534,0.596036765406464,0.0154977979070305,0.622032108806859,0.0728487013352619,0.059862723678227,0.922650210357069,0.933208369091361,0.73392079526667,0.310485293889797,0.889281528511224,0.150731424592855,0.916928776584374,0.027800107332421,0.0614062280380101,0.102240428581987,0.346730278602908,0.243980278041249,0.117835920841818,0.70637986043039,0.863650593244509,0.687953256542592,0.843117995107529,0.358226371877038,0.0185836056836075,0.706999971963343,0.371118302152901,0.831839408902914,0.0235339911359048,0.760793830035202
0.0860604705613052,0.0279393287142225,0.209364418365637,0.126788503311216,0.0493262929169396,0.491973155538536,0.877761528722078,0.595784528716648,0.760539343754297,0.421675719137361,0.841550393333553,0.0481509843609496,0.0254789079716979,0.803574194193473,0.890774462401489,0.0559081325728869,0.0399714847847725,0.0517665108454506,0.939264407189152,0.042052333503266,0.329901468329191,0.22745443374007,0.0188459270900224,0.032230459878995,0.140326261563516,0.090542362683325,0.0247460437617181,0.924932944028733,0.975928520074579,0.0365183365014362,0.116655960837454,0.02061931109626,0.0486969893184983,0.95525393376185,0.0275398183394549,0.81393481727895,0.427426316486128,0.884509893530741,0.740816156222942,0.0656594287623131,0.824386092129953,0.0500944766863794,0.289808142708677,0.0159010653753702,0.390513891048199,0.0563636829166225,0.04610976903946,0.902535067282946,0.95694045360492,0.635823166911582,0.156441497847044,0.935856389506456,0.216120236727455,0.865087072900257,0.0283730709179707,0.0881484374852468,0.16155132301248,0.690870086864776,0.35223976357169,0.0594731406484947,0.869468356021665,0.802793376251435,0.716890014043381,0.783121341186957,0.814593459512003,0.0178459971776257,0.903908969642109,0.245925548208799,0.159650017380294,0.0210725230433553,0.55430391217565
0.0974248736711834,0.3030390927702,0.809625474967785,0.594956777851242,0.0502723928428491,0.67266101745663,0.731083137567779,0.749066573974625,0.673220985893225,0.386989294736887,0.825150521533117,0.0688931003914445,0.02274338008996,0.856707891362866,0.899511173191121,0.0634127674637884,0.0329689325720716,0.0629370017280305,0.813009826078642,0.039128434501322,0.337057780861181,0.410638340766047,0.0189527015194827,0.0428163569395863,0.145723310609578,0.200316325733332,0.0356228695222951,0.941526160184991,0.977351286343451,0.029314840731114,0.126383398945814,0.0202874318643413,0.0323765716925953,0.928610634528506,0.0265173846439976,0.827868003428423,0.462493056083809,0.880564100959455,0.875230649736039,0.0604370665459472,0.788927794786353,0.0437172533979503,0.458956946198093,0.0146433050431745,0.45594910250584,0.0603563554864114,0.0464443968066009,0.93436486250083,0.966882220028405,0.721858642828719,0.203848399191958,0.88785448411181,0.19113767127485,0.905212903400361,0.0262338628214177,0.0888690888247526,0.0621747810855205,0.606326068183308,0.202844691376712,0.119111796213626,0.868899756535764,0.900608169063152,0.745027356391294,0.363843383722849,0.685167248680298,0.0165751811911029,0.8988668400606,0.314467624336565,0.353885027996138,0.0271838459806635,0.612181126701043
0.125199471877663,0.0440734635483991,0.608485893186355,0.0914844096275501,0.0444552347151656,0.51864472111751,0.780113174147692,0.819172435766568,0.749336727507527,0.558638287880938,0.887246044333903,0.063563527860715,0.0233319520649532,0.845816488006936,0.905872686411746,0.0623640932607865,0.0851486183095694,0.0552492977585651,0.941321064174846,0.0298455707698529,0.30827566079193,0.148374565868807,0.0194722789193951,0.0388801382732177,0.135495834976078,0.107104302604135,0.0418392504497342,0.930429288614493,0.980810411374825,0.0375406790328825,0.116341121721395,0.0300268698000548,0.0293419296474326,0.940207318253129,0.0330491262141184,0.794284576694504,0.382362590054029,0.895445179703533,0.858849069957884,0.0691955163134328,0.665771304032437,0.0607863640883568,0.280381887737944,0.0209757408425181,0.222043692694878,0.051784054564188,0.0441248022007906,0.916423276455433,0.957125073856239,0.69683713385301,0.163445462012437,0.902384600877391,0.146810914876196,0.83260687727174,0.0282000035050207,0.11552121104268,0.133007289648069,0.670501109212636,0.460571393844065,0.0788322341847372,0.872814057545242,0.757639966585506,0.745956547149509,0.858137162242376,0.87723968883746,0.0192975209005131,0.873732525926248,0.430979649735168,0.391210233411054,0.022657662655882,0.854071828148376
0.0736435258422449,0.0342757918814191,0.278498429814861,0.349296025318634,0.0555091284253301,0.692822286219454,0.784378850004816,0.712460978092918,0.682157393351725,0.4652244042816,0.765648739551024,0.084870712163816,0.0205426499176296,0.789561621589471,0.890642055408529,0.0545575736346482,0.0303740231089046,0.0643361733150658,0.780371906323969,0.0418572576185178,0.269779005831,0.158961263824957,0.0202948257900534,0.0345855517989712,0.116232158921921,0.150791114831748,0.0347530490044868,0.933466625770035,0.97882863613907,0.0318863120014919,0.062735361445325,0.0247466693497793,0.02663108976761,0.925424249605181,0.028174212703077,0.788837410977643,0.249337635637768,0.914063857919797,0.876011948288983,0.0599769989360819,0.744326671916271,0.0338355519306418,0.265099646215727,0.016932221514445,0.493053536914492,0.0538034680536951,0.0423027111405318,0.917283328155626,0.962949153601745,0.692129065604121,0.106904069769072,0.878288292281733,0.188252205335472,0.896982692696013,0.0258912609531841,0.0586376325077292,0.0655730297246246,0.594558180835024,0.212850496504709,0.091951949472667,0.807849001959968,0.880362097291499,0.725405795323565,0.288022908508856,0.758386456243527,0.0213009930030773,0.911203446308879,0.23656468293579,0.286990254047722,0.0205425286849819,0.569205525933582
0.0816694716882236,0.0308231308904495,0.933167009147577,0.128828757129793,0.0447450905926441,0.717697365478959,0.782619034567397,0.602339192851531,0.647229508698038,0.659902583270926,0.888982576328346,0.0744373650420685,0.0276544900110869,0.371044611793617,0.925734308133694,0.0558916042781715,0.0417689862764871,0.0682490471736103,0.894620214347008,0.0308109288736916,0.289409157005686,0.954906181035575,0.0227439983496875,0.0359891741307244,0.109495284306446,0.103440867405808,0.0427834264450613,0.931706564393625,0.971859137883343,0.0378875027905911,0.0948788753034253,0.0231332741646205,0.0316543708553266,0.930164313309247,0.0325643707474402,0.834341256411733,0.817046951864852,0.899555995074509,0.530624031547566,0.0609015017525045,0.560432125279786,0.0380930130119365,0.247658546608153,0.0153470124115473,0.565097638658408,0.101256783185352,0.0303347788314055,0.927851451946781,0.961187865615437,0.627921481435208,0.140538619678351,0.900625156814333,0.0996929660318298,0.89805861804364,0.0275898167536908,0.0500926597840693,0.0742071266689946,0.653334213133665,0.643446478162148,0.0936475940830968,0.890199552305171,0.516742152391316,0.504004320474523,0.748844420573756,0.855124627380035,0.0140341969766582,0.84732944857179,0.243976827452511,0.333058008353774,0.0222604852987814,0.792538876576977
0.127285655876273,0.0873278121162271,0.945724034915123,0.495898217928577,0.0504577855549572,0.817988297811368,0.732127525372858,0.796498171380539,0.645556065267878,0.393303235362982,0.872262170646003,0.0356576395117171,0.0248741444018441,0.825208708073265,0.89977022711597,0.0580614133416316,0.0388417839930285,0.0918953631993926,0.911466965077375,0.0346201387952352,0.29120288053742,0.278712606374294,0.021490767869,0.0369139421943881,0.123517256174873,0.145712550647533,0.0416916873019862,0.946059812805953,0.972090381925511,0.0344399156631195,0.0734426634551923,0.0338225700764373,0.0346799331447043,0.942729803056715,0.0269830875537187,0.785211977996627,0.653808995017343,0.861024014759834,0.848086675347676,0.0781407553531122,0.752271943967799,0.0432554370826784,0.285631590288076,0.0136489009040172,0.441517346983062,0.0522367878196571,0.0384527984738915,0.874382810234168,0.963991150237618,0.820577766960017,0.294416847474878,0.909393270233961,0.12897040604349,0.851143834693445,0.0302379403516996,0.0575682687052196,0.157183069767276,0.593430007364872,0.34098854494337,0.0941548082224953,0.871759294259467,0.815105575774728,0.619407526631884,0.360687897810281,0.773428736696685,0.0152654903723769,0.792264802423377,0.313457716130271,0.387743117221681,0.0244758041397403,0.664842957921165
0.0819834247139772,0.725644088488665,0.283052937566102,0.331414949482162,0.0574772644376744,0.297378085674027,0.932408175275288,0.798473354437441,0.873520166384146,0.407563688262721,0.900489622837774,0.0713289817002503,0.0199518291610681,0.922849418297166,0.948932219052124,0.0596863500148289,0.0383295973166218,0.0293681566924401,0.950122341164532,0.0349714427123895,0.786023471496584,0.166183372240395,0.0264013309689862,0.0384188368921133,0.114584670849745,0.0493359304329431,0.0345120537153894,0.939118200305014,0.98240521210873,0.0351214724485157,0.0760361934109958,0.018114910301466,0.0235797713626086,0.9534684224481,0.0284477831220807,0.893550196474361,0.271593657628124,0.928620848130723,0.884428753237794,0.0693791655997126,0.713725526930348,0.0542764965603749,0.104796178288145,0.0188520144420419,0.23751446960654,0.17252526043718,0.0571765727205141,0.939086459954136,0.952074919875317,0.800373547954793,0.0716949658239766,0.895915033486178,0.125905041244441,0.88960374206659,0.0248722650479383,0.0710828945548349,0.0624454974574014,0.750406007856609,0.473745817744153,0.0783620685405511,0.890921551258888,0.85297483689639,0.859358041141097,0.483935685855311,0.846587686126695,0.0167811234477678,0.906560179214862,0.0959653662159932,0.164880028846625,0.0228852707702674,0.539550726216971
0.0848878621752692,0.175845511659017,0.349646747469716,0.456987896522074,0.0603970755802429,0.620885819615937,0.626683619337159,0.855829103511196,0.765372534109301,0.772118259934996,0.907265074405343,0.0924036403181783,0.0189262814044417,0.906912254685661,0.902454578870504,0.0493433748474946,0.0357676690974026,0.0367471680984795,0.92853979359219,0.0320212596196709,0.464929370260906,0.279735983913129,0.0192606398846968,0.0455221421676015,0.184796838519058,0.12081867196479,0.0411743330630185,0.943555747858891,0.980155146818865,0.0352806468249105,0.175858995288135,0.0209822279039006,0.0229903834563238,0.942102455834852,0.0279291208132737,0.886292182798163,0.372883279383641,0.888178899168257,0.921630483959836,0.0502533041881726,0.794523507821012,0.0439223602803095,0.178837582740094,0.0170067544238714,0.204068967719532,0.0517705119889074,0.0352628784399017,0.926708633163695,0.958092302905245,0.80382008534849,0.0869703787801615,0.933449092056902,0.190864636694607,0.914110507658027,0.0244420870054273,0.0865773346505006,0.0938978263438636,0.719323884301547,0.469915671008647,0.0707537415252535,0.905994329907316,0.902313891381363,0.847390707228154,0.149642650361164,0.876200169029918,0.0163466678789158,0.877852103386515,0.167904521281422,0.105473892187305,0.0253374607607493,0.554418359399183
0.103075263449902,0.0419261475661423,0.888900548081534,0.313426686847943,0.0523902802809567,0.644880686013645,0.68941654315991,0.765918447965813,0.626164155787721,0.422296237925707,0.754582504378578,0.0398335717366357,0.018115209621658,0.841487052412523,0.870087975420837,0.0687392986249579,0.030407245791517,0.0534574694051127,0.742185768927219,0.0323994580181821,0.318636242673319,0.682745039036999,0.0208028318813285,0.0246710927473917,0.128770721267867,0.120178457921749,0.0386690174533195,0.936462698457955,0.972875991043095,0.0450414268742687,0.0872954532481007,0.0217198013006746,0.031660974476875,0.944359383155866,0.0250693949571405,0.836687718729516,0.355720796961391,0.895007158977705,0.749682965380081,0.0586562798368454,0.76553299483133,0.0527016466300064,0.37971544996052,0.0140914110461737,0.490065193264674,0.0607003327318573,0.0425390984397101,0.931821777034811,0.952240663057624,0.671823803900936,0.150166780674555,0.90065114124596,0.124678117004184,0.921785232455599,0.0280762722909224,0.103354364639083,0.0829220835471642,0.513626993977329,0.340181865397505,0.077919217776841,0.855220722271577,0.751699223937103,0.781301001884761,0.473957842327862,0.609713860111127,0.0190871291331916,0.812829527645663,0.199738353924362,0.469137315267094,0.0261913484148753,0.636208778884633
0.122578609675925,0.0388743840430982,0.711311702766513,0.145360009827279,0.0537980972500092,0.816861282497944,0.929528377993947,0.896351280666646,0.781285887187392,0.747108468659718,0.935475203848768,0.067554402611905,0.0154073902914774,0.828611629548975,0.909814458790895,0.0613198515143964,0.0297336345524968,0.0359289816714463,0.940795245640302,0.0361225242006329,0.160198815488187,0.953535843682213,0.0231860922886066,0.0407008934826964,0.102363680992518,0.0512537978032558,0.0367694446293586,0.953218511845791,0.976038176543672,0.0445088790153934,0.0958887876430957,0.0260022879934223,0.0267316632128371,0.940547935698825,0.0280285194491078,0.848614220160235,0.804421123069982,0.931799258081373,0.893009414248154,0.0579113913789469,0.440310218384568,0.0500524715105834,0.0918705854082627,0.0190621748740451,0.662105948626446,0.0658272310258072,0.0499185504043341,0.934008337577881,0.965194480677696,0.795945005026046,0.10955090434916,0.933328535084991,0.147910875701867,0.87419757301162,0.0264064760870616,0.079959253565439,0.0892864826028795,0.784273623283081,0.622157369725964,0.075939178232724,0.913968631362568,0.549433116974877,0.814670449409609,0.88226273471561,0.894059752457646,0.0196460455000381,0.906495660863692,0.541579401442589,0.307045418896949,0.0187051085383408,0.886417982112457
0.127397392540923,0.39095538882061,0.90180751543547,0.274347210348696,0.0377510591530511,0.715909315496018,0.764882686520919,0.836135800135364,0.591184349508005,0.207686801196313,0.706542220432693,0.0500034576505593,0.0220399444702187,0.70953776573115,0.858701576657454,0.0871133078061163,0.0328151884077872,0.0930928303937076,0.760455697407954,0.0292644396444836,0.387745167593231,0.842848237099444,0.0334049551305453,0.036436012127518,0.122495886682048,0.189546033020438,0.0608977432632472,0.922986282886124,0.968411185181155,0.0479741108483262,0.0779993676648874,0.0227077185587724,0.0279265310237938,0.899485825114249,0.0363519318507517,0.554180899314066,0.431161059180328,0.88139445514402,0.709938260551728,0.0670894888850724,0.751223555814587,0.0335772286515501,0.459135747405732,0.021008994754021,0.671029872823459,0.063868433294939,0.0758306273745327,0.940589301458672,0.956442697268727,0.673626594298933,0.486664361550594,0.881521492656575,0.0957241063799272,0.857569581743486,0.0278462270156934,0.0913786622654096,0.139673471802928,0.40542610866707,0.322196271095873,0.115952709871513,0.70142491610246,0.850646071104543,0.50375961351236,0.817632777499939,0.489984611427438,0.0191427027211325,0.833324592628716,0.376067129506634,0.50912658053679,0.0242412436443213,0.579919369458201
0.181677071025303,0.0394066262406441,0.441793573827469,0.198923252496573,0.0467948910124609,0.567590951422141,0.788629917847322,0.827338020051562,0.649194437009242,0.556269823663843,0.86006673734021,0.0570075251853194,0.0202264613945009,0.844294160831209,0.907688242976999,0.0607284706397981,0.0427676915114156,0.0479047265631892,0.814290619069447,0.0333398367641771,0.266321961552503,0.942104431453946,0.0195882090138806,0.032836358134257,0.158907796107013,0.0899156826234563,0.0390915672328803,0.944696247889441,0.97803671721687,0.0370066456515647,0.0892049678273008,0.0338077807574695,0.0378710341301673,0.946282817323639,0.0382129739600513,0.841506077522936,0.59980952464608,0.933195371470237,0.824502149732742,0.0832147961746911,0.785383030239871,0.0431279644559226,0.217374374189123,0.0181500387310831,0.30018477136827,0.0771643606737468,0.0464790162948831,0.921592442118686,0.957231403313821,0.702772324012793,0.177307232796381,0.897456125139606,0.129585891202853,0.813063828383479,0.0374035400842634,0.0823151870912676,0.0934104083074336,0.681261251494889,0.6255597910989,0.0728393691700147,0.866782165853712,0.787601643651066,0.815254528198189,0.414900608168034,0.862983347788877,0.0172112406904062,0.887019631805369,0.238150506538541,0.267470561027098,0.0284913686738183,0.527518167103914
0.0702856206309701,0.0481437472568981,0.839643422316798,0.499385115736657,0.054547495135062,0.680623108749544,0.781054444319893,0.699770674206091,0.696355542032827,0.542497543234978,0.742314756010823,0.0811163643969241,0.0214802249118054,0.768797774125259,0.900232621372783,0.0644702609441928,0.0391510658351621,0.0501313790018143,0.726045157521254,0.0403085321616688,0.431752864719854,0.345024539474813,0.0253093442323635,0.0253188213828015,0.0895201472101266,0.10221185618947,0.0588789373535767,0.933213946178099,0.975506227656274,0.0329426198354473,0.051118175367688,0.0196297202220443,0.0345307803221963,0.942525516709418,0.0275758769069239,0.857297955607716,0.765415653670569,0.92896727377543,0.85398741422928,0.0629806533077237,0.77631377978038,0.0364312230926452,0.296891560042829,0.0145783204395713,0.858702637825615,0.0514434458668399,0.0493750389613704,0.934948849663017,0.946505287817738,0.730437759507739,0.182770802616402,0.905510075402669,0.106637479828005,0.901452895105601,0.0272961012303117,0.068608903075328,0.0784473878434262,0.516845900977382,0.354705448973858,0.0891585257053363,0.886438761059708,0.827996491252373,0.58861356977209,0.860816644192393,0.676661048237055,0.0210448717531167,0.828847501530757,0.281473049591207,0.86145854940215,0.0217220749118645,0.81196310493356
0.0786579685575187,0.0282769502251332,0.793195905459651,0.127759518559766,0.0490160617896462,0.463718005598073,0.844622280554348,0.750249077661887,0.753454828173247,0.683363363513303,0.881031838743184,0.0574368266807846,0.0217926259819888,0.82567042190024,0.889889571561467,0.0644140583959146,0.0248933047624027,0.0485241445453843,0.904182207535917,0.0288892306864029,0.242366726463087,0.0924619588403018,0.020255819547964,0.031278092906848,0.0996885018763818,0.086446129153556,0.0282798383017382,0.951139363431662,0.976877072899555,0.0480618609881338,0.0882476135229133,0.0294609079202772,0.0245287476537632,0.943102243601386,0.0233568356124474,0.809774939480271,0.225432879821534,0.891748624807098,0.635429216804214,0.0667063245699352,0.712398745712989,0.0386726396957865,0.184545815229906,0.0138482167415851,0.181043383995145,0.0496424077597893,0.0599034579884134,0.915460497670209,0.966462711908934,0.774244642791745,0.117670138751209,0.918025342259609,0.148618754511503,0.887833723942073,0.700186487217899,0.0675894504294009,0.0824830885217018,0.734197839292102,0.418606581621923,0.0688086887796529,0.842857078160868,0.668626716923614,0.758106104992427,0.703516418443325,0.834380754074882,0.0179416909843801,0.902846881477037,0.170833551577526,0.202387775851507,0.0253903340381258,0.807811390548615
0.101446091472033,0.053701340412026,0.69025855778091,0.213900975026596,0.0525578789556318,0.440310700752342,0.935812912832449,0.781494399600003,0.800155559974106,0.705596001478934,0.866472400791009,0.0461520205216919,0.022513389537842,0.946183044678812,0.900351851889045,0.0562023663890875,0.0313473454837175,0.0440156138750394,0.916121099034996,0.0341768336151848,0.498329541016812,0.638367751622903,0.0179718413428151,0.0394933271284168,0.10229437965187,0.0708918286649533,0.0372130741394404,0.940850163581958,0.977426892906559,0.0376084448471801,0.101995610437013,0.0201163772484814,0.0299558273142634,0.942865593109379,0.0392671400937077,0.900512096538892,0.312183168550143,0.916699621926774,0.86805232141174,0.0657568484754749,0.682872578049671,0.0502145657188942,0.319461389777024,0.0181099688001272,0.175493133371051,0.0460366580544483,0.0457278287196536,0.918918720893609,0.96673979057641,0.764955552971529,0.1247936460531,0.921518202710884,0.176713914558561,0.836353544141221,0.0199982884915017,0.0798470480756012,0.0751051746937231,0.764559001343571,0.466265348939852,0.0753973396577444,0.915835015497017,0.704686350895672,0.81369482068222,0.178754890440401,0.877798401738584,0.0176685925332859,0.908922160238075,0.160040559853188,0.226035502777619,0.0300542018001861,0.4162818664184
0.0733151575138362,0.0524164649318353,0.799793113678046,0.360390339859066,0.0354712514891129,0.590508989400216,0.808288816386528,0.813844824054277,0.615221893906963,0.436295315208824,0.784664859587113,0.0845709692806203,0.018246264124319,0.747103637543442,0.828420829066105,0.046521193866555,0.0300744365588684,0.0578903457102879,0.813120850849043,0.03136759873721,0.51740233285963,0.399904130747891,0.0281129597302741,0.0322782447948065,0.0893874920593381,0.15021379977938,0.0351431003068479,0.930402820643023,0.974974441938052,0.0339605038739915,0.065642795700363,0.020966282239001,0.0245535092910503,0.928470729434627,0.0332263050263246,0.853762897502273,0.663008986402344,0.827179681275639,0.611122362697694,0.0635464700854114,0.8131650735215,0.0371489172818597,0.310137334466355,0.023527035298037,0.821231721412685,0.0419464356851464,0.0495658819864311,0.92546285730773,0.956980296499786,0.725793012291697,0.213831738441039,0.91142573408567,0.120971186195978,0.905734178634714,0.0259812497976959,0.0422943252828456,0.069133883410189,0.553504065929118,0.384648131319934,0.103684629216125,0.825295014046575,0.789028254415825,0.599819190217013,0.815314629994932,0.730597020220615,0.0195685568295516,0.873514455207364,0.557618768097889,0.685502380063628,0.0222762991040333,0.656826372533608
0.0800581210423317,0.0407388793306584,0.84923810533918,0.141776964178482,0.0594878043229821,0.644146846982146,0.87843918868759,0.682095381739745,0.768614840810864,0.537722807967647,0.773022746345535,0.039989838166838,0.0241540288638271,0.829060613370976,0.900368729979799,0.0655685502181289,0.0260607665549653,0.0295435939706554,0.792691093019927,0.026683754601553,0.57225543476158,0.697407552249539,0.018953979790145,0.0327893960682761,0.168738994896557,0.0649939009872992,0.0329549262167715,0.934362323624969,0.980455064176294,0.0377544324058005,0.0686154476329669,0.0461915196017142,0.0285085860062352,0.953874125791582,0.031802780469445,0.849938693285289,0.578005358968833,0.9322201389785,0.803258495120709,0.0608550514898778,0.656090149165591,0.0426689377349299,0.178351055719967,0.0164915841293215,0.7577576068098,0.059882021449084,0.0609082328113755,0.799857071432604,0.96079198749292,0.665889667691977,0.082319956117286,0.891617042226549,0.139882839740259,0.906572342801173,0.0248278710863335,0.0705774070122179,0.129663191840373,0.64183728341732,0.431646761350883,0.0747329954122362,0.878107431858032,0.514682344296956,0.517405185372229,0.807054405536407,0.855490619417318,0.0168092966591754,0.824513756781827,0.242483390227488,0.622150280683027,0.0225449900661681,0.725199954385223
0.112112096329025,0.0544386262591429,0.857039287494441,0.221325411100768,0.0579491694976916,0.684076450890693,0.778998254257009,0.704135379312348,0.705204092972747,0.437025937045609,0.721478675727151,0.0753256694386394,0.0183274314813115,0.66092273009972,0.912072311105924,0.0666781047886962,0.0327995396586206,0.0512547133642846,0.659877989210935,0.0333322483412227,0.361029845094431,0.724914573388305,0.0204739133539923,0.0455875902807701,0.17078593321477,0.0932024988551605,0.0398922384737868,0.947508288427206,0.974115851026541,0.0371681268730577,0.132177492280007,0.0306364213779638,0.0299417683045441,0.95372329140731,0.0311830248400973,0.892201181590805,0.410325877181675,0.897962627592564,0.85902732375715,0.0629387008086853,0.697200182137875,0.0618475560893968,0.395385473082322,0.0176921414157663,0.548892687217331,0.0959304513323067,0.0622132456488381,0.900734680313326,0.960711832192983,0.689407106307986,0.251020799574692,0.916252078857933,0.128990526638143,0.910505882833424,0.0305730913382532,0.0800563998655039,0.124206301111767,0.513690362323126,0.26338608653216,0.0788770778223699,0.837670973528801,0.74946777392413,0.752337787468305,0.873297671145166,0.650188164161608,0.0156148839579352,0.854011777065523,0.242094414077319,0.628233705860299,0.0218637542634849,0.855128689413307
0.0620228086368036,0.048771040726751,0.935175078179103,0.243959158408419,0.0434035290530457,0.670571151518029,0.36463898275655,0.72099048187949,0.652772463055015,0.41235586836711,0.460787107878685,0.0598207687265261,0.0180412650908026,0.753449197546091,0.848186632910184,0.0447311767071333,0.0261676051467032,0.0719123019463434,0.506152068107755,0.0336446059799098,0.354552603594561,0.410938813489796,0.0195698763807395,0.0329409973184113,0.117990896180155,0.118269758407204,0.0258278296015755,0.931785470047655,0.977270589432203,0.0332885352416186,0.0820172870522569,0.0219117475433641,0.0244635774258556,0.904066997328773,0.0252760273453585,0.767233387404655,0.352644167927128,0.862373599215494,0.647117508946399,0.0475406035138495,0.655764842757282,0.0556494313195521,0.573336823191123,0.018390083151406,0.718281733028969,0.0532240531198677,0.0298973131137193,0.950017071151761,0.973940075298227,0.709379961131885,0.334958269333623,0.933257289210976,0.130125517340867,0.922044485029734,0.0194203245129152,0.0537871642700295,0.0645502871850296,0.29868440577727,0.132104491124603,0.0809900255187662,0.636889561780778,0.812626888935551,0.681805219582054,0.710938001225006,0.25834989840251,0.0137097446538156,0.672895490885563,0.261053700402031,0.706359040941494,0.0250866159335535,0.75635699663923
0.0888499150521757,0.0265054768638855,0.157967226398512,0.540813753170607,0.0417129795217338,0.905022444593768,0.961263825558485,0.884510618607075,0.826461567708469,0.83922110523243,0.87534345216125,0.06794518035116,0.0174936165947791,0.785194481248148,0.933631788441283,0.0561204409770698,0.0303380040524532,0.0220321433511372,0.952542684777645,0.0258927354161325,0.192520860684109,0.889347730673916,0.0274618015447277,0.0333198999069466,0.100706062740282,0.0680277055392195,0.0486657493300927,0.935639341526132,0.972080214737733,0.0323345824046533,0.0654542308542378,0.0226513511122977,0.0311740794649894,0.494706471142104,0.0297400435294583,0.874955855705637,0.721294047199458,0.926556415739171,0.916539199867297,0.0578945767712263,0.929332896240264,0.0366782765594895,0.314590838259414,0.015065087261511,0.855097009167004,0.0702918249765979,0.0299754094859155,0.812702119819048,0.969326339321205,0.77700854036239,0.161312232364047,0.910388781399531,0.0819364179437627,0.869654271487744,0.024277802331999,0.0490214033820192,0.0905451295924403,0.798297257426853,0.716335646351335,0.0658543089959347,0.906276963622501,0.953191120985534,0.629779910428357,0.482065898997193,0.891972539412605,0.024459827242357,0.919037538867762,0.75955346327486,0.773690374937247,0.0259868199874505,0.862949822806651
0.0560595748782202,0.0193672752706779,0.736446458398018,0.151309411986801,0.0387130250724825,0.921748558222901,0.919391099746519,0.774515928268762,0.789512103479825,0.736814672681749,0.844312241608096,0.0811352931086497,0.021948274322208,0.78164554890623,0.909974688573363,0.0534843636430175,0.0346965237179805,0.0516994379602448,0.908514660015597,0.0305748603384745,0.269489286899127,0.490918225934111,0.0167694448604547,0.0327382377289165,0.123887779166451,0.0854401490975194,0.0249085851313001,0.948720098667438,0.979835634364436,0.036699523005203,0.0525308310860346,0.0202891274684764,0.0276896091891272,0.93252677821992,0.0268923342400858,0.861746933872549,0.426128327283409,0.925596236844665,0.925717618490737,0.070913477587466,0.874048597364245,0.029435834977723,0.326888832195578,0.0135232774230882,0.107322526035044,0.0806295375749775,0.0353395239631471,0.87401028142274,0.97097520594421,0.637269104960324,0.113659429736234,0.949465244492799,0.0982091728959909,0.921450585067407,0.0276635523096723,0.0331652139163076,0.101626996030616,0.743549566862147,0.477383478491988,0.099150433512843,0.898467107914832,0.902628354545781,0.780626890571702,0.87746358284357,0.816408903699156,0.0152724287310705,0.914073540426828,0.53307289816749,0.613356851181004,0.0193618933286382,0.863727089544858
0.0778849268670952,0.036440079555665,0.84193960097364,0.447627170535292,0.041739756181865,0.671639512876849,0.728562038470001,0.763723526248831,0.547235078956026,0.440794735809359,0.639541711719068,0.072413549047491,0.0201270939230751,0.728655999962194,0.857456514652056,0.0546038052003536,0.0334162255953481,0.109044234151917,0.640399220817066,0.0320042762731242,0.325831012701417,0.489229329723522,0.0197415184531969,0.0327659443868295,0.0917984018163273,0.210666998411024,0.0365266707231477,0.926788249096246,0.979147891821752,0.0419311701253248,0.0830064318836696,0.0215515799537694,0.0294987834497076,0.903124305598405,0.0342886309719627,0.821494786817975,0.442690672225136,0.708681402230328,0.802919417854605,0.0674545038142967,0.803267329887655,0.033745370534837,0.40983963179063,0.0150691869708125,0.617215548633667,0.0434195915158447,0.0437057895463784,0.927594839574108,0.963192939011459,0.722714118700461,0.326856867610885,0.912797145096883,0.131199088255442,0.894442582957291,0.027146523839617,0.0571262667351581,0.082769510164895,0.337129726096188,0.289187404894981,0.133307070951395,0.80457449223762,0.820530317982843,0.597842504258154,0.669526607883068,0.569460812079172,0.0158051252965813,0.867609556525098,0.427727826087997,0.572137246242037,0.0229438605926633,0.690384560406958
0.0826549239162877,0.0393620738754787,0.778666462460026,0.293619059485843,0.038596445318604,0.713526027588363,0.633462938722682,0.732064649021016,0.545272108670213,0.33582165853545,0.712615481301482,0.0783060127653718,0.0227256876742476,0.810708272571454,0.843504218069302,0.0451422232709975,0.028739534801776,0.0885112043229865,0.75667150090819,0.0343337690643006,0.377505375174605,0.406633830456404,0.0209951828097333,0.0399294505692846,0.0940002109739879,0.20062174880802,0.0285074547408619,0.934810644314594,0.977806329543152,0.0315409804634316,0.0968149097155336,0.0224961890834689,0.0249146804734995,0.869536447048873,0.0283517820575509,0.707548179899513,0.487851325840214,0.81759420354465,0.829688746375517,0.0589477400878197,0.721317979319764,0.0370960826891967,0.364395218155543,0.0153086480222918,0.574381659311315,0.0505490077099894,0.0363376856552301,0.918256632181899,0.957775927856463,0.712901004878352,0.292139979571311,0.912900627942311,0.0902114526442798,0.89475884833976,0.0267668288525085,0.051157884121899,0.0678933808654084,0.387220460427403,0.255231731970552,0.146079455545019,0.817307943168023,0.681127963100012,0.539876147537376,0.595742276269919,0.503712278382992,0.0168114075398571,0.843172515932479,0.387834275471295,0.531687844315355,0.0218173403532667,0.602700997024379
0.0847336207851667,0.0369346729599369,0.742543639799282,0.141240261916077,0.0391611403583635,0.340136168406218,0.901301930259,0.683279891096845,0.78390288526241,0.57044826529505,0.583239323594697,0.0843376264664542,0.0179116509697735,0.879255501915712,0.742838200786869,0.0523704935652256,0.0347007228940969,0.0359669612296515,0.836473353148872,0.0383215671192963,0.311203800389492,0.472829691441414,0.0213840988423237,0.0381133056468075,0.0871712208131374,0.0870592781699281,0.0331656601832103,0.947275273126134,0.964579326680363,0.0254858296694866,0.0720055668113936,0.0209462438151393,0.0261118947124152,0.932087217421307,0.0446896406047149,0.825245384150295,0.300218744963292,0.891288154023459,0.883891907076953,0.0704959944453625,0.513264284001649,0.0344158303837023,0.338293939789899,0.0197474994801351,0.247025337833759,0.0534919425754233,0.0370330770642953,0.877013385924095,0.957129024255106,0.716887983523347,0.0971929331426997,0.895258259825751,0.0671281304000167,0.784870478621715,0.028934496718633,0.0440543283240335,0.0802134376258001,0.592498458194013,0.240484813287119,0.0830395394620017,0.890355155030158,0.528844684375178,0.761525363289205,0.207998961233506,0.813737542785785,0.0176938731498494,0.88159840943941,0.202556569365168,0.223646039907994,0.0273708263311385,0.392811256701917
0.111429460298243,0.0396832097621376,0.393701809765703,0.172203088601984,0.0386493480818486,0.741318228954292,0.677135338010613,0.908750415736162,0.754317187495819,0.74171857784467,0.887931503193839,0.0746883521970143,0.0157713585466408,0.775120987666264,0.931786616445078,0.054375070837189,0.0338837298359038,0.0723581261498817,0.919606891842691,0.0307265218347351,0.332364011935325,0.530288763157579,0.0191868535789316,0.0364755335580477,0.0938809469555505,0.10201619539023,0.038231021198773,0.944438296652262,0.980612762480236,0.0333157865306087,0.083296118940804,0.0284207901475518,0.0342972950754942,0.927147909117608,0.0373544305541946,0.872067354352578,0.637738912347328,0.939408559057423,0.909961618181674,0.0850505420177111,0.805455580877828,0.0418014477169664,0.23122980603192,0.0199064361164581,0.455067287980662,0.086164100678553,0.0452088198013475,0.795774873534495,0.959440028649662,0.751383666688659,0.229520144046017,0.919408278334723,0.0887410106756265,0.894040200769137,0.034508646777649,0.0570315814060229,0.119588400773857,0.72656035448362,0.528134455184168,0.172916207310038,0.898680059375267,0.777965878763363,0.569297386841903,0.906735060952367,0.836042246222214,0.0125714255792922,0.860468000583407,0.589145309366024,0.643066036631191,0.0216418775824297,0.675969801537781
0.0560414020529877,0.140887852567576,0.740812638103778,0.324275685972472,0.0537180921391944,0.717139209169474,0.817990424694017,0.795846534572186,0.694330337551363,0.544014207909579,0.794846252664919,0.0502060915903754,0.0206532032145315,0.496136921557707,0.89230354104788,0.0568467212838056,0.0249530824481774,0.0994074129716522,0.9180973607012,0.0305454276186003,0.204482931427476,0.80759156718888,0.0191002321414691,0.0318274350352306,0.14882812257354,0.113849971764049,0.0341228173226587,0.942281084880302,0.977824693094635,0.0405938343888208,0.0796971080790263,0.0175232560084244,0.0302405131237742,0.94655941381898,0.0236179017772885,0.818653398563393,0.664152849846919,0.838408691576149,0.92005859465091,0.0386798612555305,0.772082530684497,0.0492800195174267,0.276770194368399,0.0167912454851037,0.574465692922815,0.061780159231626,0.0340184810245904,0.931376693234122,0.976330633842932,0.755248225058031,0.26544103304162,0.935761208342054,0.207744814031682,0.895770001528756,0.0195100355221368,0.0556207004727864,0.0720417169379231,0.607119824899063,0.461918750449621,0.0967567661189139,0.893211390024489,0.64884833418959,0.66780074587661,0.828402674001132,0.559684471069218,0.0146468926558074,0.886140944633048,0.494054471141459,0.492113350443697,0.0229290182392165,0.803364222551499
0.0706509453688382,0.308783420157059,0.919547334875851,0.528384657454255,0.0490983568689819,0.542539547610012,0.947943881538037,0.833965715741888,0.875716100874964,0.283836246049883,0.902680697983247,0.0551670160452199,0.0194131376459289,0.867263344964753,0.941875926283084,0.035579283856958,0.0295731122664929,0.0350779210982517,0.957979642831793,0.0312704322578786,0.850934275470608,0.956999726276509,0.0168435228776537,0.027109050629468,0.0994727998178669,0.0708877900194606,0.0246058970784111,0.945145282218569,0.978470664173226,0.0314082714627804,0.0474570993884298,0.0236503589464577,0.0247067690182251,0.950398129959966,0.0235957420428509,0.799700283081044,0.620598402842816,0.855177911874811,0.934561601594869,0.0433087946082613,0.667854673224415,0.0525021047560588,0.226711692403405,0.0181918973504527,0.0937660219792981,0.0752808339991958,0.0372630261583448,0.935224574297689,0.974364537538504,0.710517099980167,0.0637390377065143,0.951017529344902,0.164000132174818,0.777208767234097,0.0187917967304405,0.051752163087885,0.0710277035108233,0.880925954038582,0.57845050662879,0.0495664227185787,0.918404325576652,0.796796280346473,0.854468302310546,0.865513567361442,0.907065269496688,0.0103218588767967,0.928411419264688,0.402096448998697,0.382647878625624,0.0217150892865249,0.850517415829023
0.0690943323166313,0.0304855901097535,0.645386910643758,0.237534850500732,0.0451445020383105,0.654111545092848,0.865295538531654,0.743303900648906,0.710208583860807,0.649140462814458,0.660212842156876,0.0714295083716194,0.0215486596352566,0.855444021898168,0.841676441315796,0.0457366670192692,0.0287454747573645,0.0334858427967729,0.647353713855897,0.0361909110014699,0.240266636079293,0.403243681065361,0.0276590822748247,0.0308846056550574,0.132266302495172,0.0912523453639699,0.0244487613521789,0.946713356372095,0.985500666199116,0.0339888564356067,0.0824316941038765,0.0293575304213181,0.0256172958737868,0.930531808798902,0.0310993919951323,0.834800743422488,0.504998787271383,0.805250775583283,0.738144232342096,0.0477723628379372,0.793896528027336,0.0636614579085767,0.402622473225867,0.0177137519880929,0.342635861836071,0.0678493985501871,0.0393371714470176,0.911671483483204,0.959260980006286,0.691750913199475,0.165384805256074,0.938172657462225,0.160675944618311,0.904839814325422,0.0210685769418342,0.0593546462895913,0.105897496528023,0.401559859853502,0.349611863066281,0.0745865219728454,0.824729814965391,0.850008534934735,0.666311607313408,0.788747917643039,0.620952726930712,0.015963867162786,0.825002274279782,0.476468918593206,0.597115506603363,0.0214927171836277,0.824192970096372
0.0677897392981915,0.0406251198158152,0.414334980563063,0.384442333779777,0.0448978956960789,0.749999716804516,0.774001356417207,0.868153470785715,0.63992941559447,0.417303274900902,0.800325677447324,0.0642317736352203,0.0205883340277638,0.914275483598767,0.887943813489976,0.056398172801213,0.0292182272367821,0.0705730136542849,0.811629315969373,0.0223207306988305,0.582805128287039,0.59676395668713,0.0182897698411339,0.029231538447468,0.15159778668746,0.114431134403943,0.0297941983063431,0.947178833016414,0.98215069450783,0.0359795477863025,0.0734640298823879,0.02084541860183,0.0251239446303591,0.92628484154798,0.0304820685191201,0.803806358747149,0.257067169371627,0.882007991213927,0.891561337268181,0.0542547795604942,0.825857811801112,0.0525261082542943,0.347283732137889,0.0141848481692833,0.655945475669822,0.0514984340020413,0.0257806655397051,0.919013640310104,0.971266272814153,0.778802053258982,0.277201506999369,0.94288408133611,0.173261951912388,0.919271414891163,0.234805395518551,0.0574136703038128,0.060777112490588,0.550452115545482,0.567154139509342,0.0857633823144231,0.835171521951987,0.851750042316031,0.643375462709164,0.570510666231916,0.735701728258625,0.0154550404793614,0.898681204976135,0.304387927119825,0.364463539904566,0.021594554195089,0.758593687997793
0.0692924893845766,0.0457689696786787,0.609178763628772,0.643099266314555,0.0463620066142723,0.830192558458037,0.798763758641881,0.83618017086186,0.681298420834792,0.561978227049558,0.831915181511705,0.0886659095652976,0.0163748017523561,0.850332081245573,0.891210293270866,0.0436976432286512,0.0275080622978877,0.0479062001430451,0.78829228222181,0.0284965775659425,0.336691061706132,0.91127108946623,0.0212594765748327,0.0418018673511591,0.139589923147929,0.112494695194645,0.0338237861541061,0.933102496141611,0.98081211896986,0.0354547307244949,0.0746805569396986,0.0252188463113442,0.0277731027369378,0.938342896467956,0.0286531960783654,0.858502979286537,0.728949671448785,0.87913864895794,0.868120770107144,0.0428263924395162,0.746298483854439,0.0401935721533328,0.379991000559015,0.0248530601266844,0.382988073539678,0.05973492647892,0.0381659810073111,0.940701874205959,0.966877242516396,0.831874549700528,0.145425164603819,0.931150174750117,0.121752157016041,0.914036787707341,0.213576812526945,0.0638558442676816,0.0723190364212019,0.593548781367005,0.553612684134956,0.0763951190606371,0.812997236030171,0.866325468210966,0.777490350409992,0.318727983472194,0.766758023465641,0.0154253235984631,0.801969712004184,0.231258533404564,0.331522353448685,0.0214534429535132,0.600095744797413
0.0693006650249732,0.511213454307186,0.812649778183358,0.179791751649189,0.0453936788175343,0.634611807727385,0.854132872026484,0.821622851554989,0.696010293956789,0.51595122058885,0.79630044216807,0.0527760694699766,0.0163820521269572,0.800107235039041,0.89114382375314,0.0473822204019147,0.0360990414106136,0.056044792030764,0.858159505045595,0.029658394165705,0.457072023493787,0.537582652278435,0.0156542383856595,0.0390888374634011,0.0928812681143073,0.112339044639536,0.0301008078206165,0.952965319078008,0.983191379129202,0.0315476060533086,0.0845852204285653,0.0203547602933046,0.036523054761699,0.93120275109316,0.0203514150190433,0.837895819126778,0.707498633219445,0.860067899534283,0.904399048179747,0.0565814012456302,0.746388127350827,0.0488229165634235,0.255886935690176,0.0142384873179209,0.752170809443595,0.0407863517897284,0.0368035093262376,0.837906618282786,0.972697452546505,0.689453080791788,0.187304023723726,0.92606710051658,0.165924100281286,0.820709166956767,0.0221950197175934,0.082373093043162,0.0764352975612562,0.643339761410412,0.435420519779984,0.0779922859100028,0.87687050751437,0.835991382000602,0.697762497237709,0.870014527492861,0.729451492709806,0.0130160408394411,0.892102837894218,0.244526760988119,0.475769818997464,0.0272680442433085,0.844009234354074
0.0668653611211706,0.22587390484704,0.46258085802013,0.225797303790004,0.0451790696004816,0.440797603731518,0.687391257868167,0.762973991351629,0.699455544634189,0.415142659369008,0.692685925218388,0.0596368949281884,0.0186356396788445,0.921794236650765,0.813094255344336,0.0434825733585283,0.0236907155293874,0.0674635391518994,0.762935453474729,0.0252274866447234,0.267941720115005,0.445151886031212,0.0205559625515955,0.0419056013968953,0.125902641521882,0.104606516428609,0.0252232891918999,0.945382485220806,0.98304954181965,0.0312372293202825,0.0715395253321212,0.0191267929790959,0.0244081150699515,0.946055239774262,0.0225049826338705,0.824877533115657,0.448731873847723,0.864813161137824,0.870241144951069,0.0505237783828998,0.764107503824261,0.0513304572179907,0.38925599852449,0.0124914481535772,0.345409385120006,0.0392025957409587,0.03264104967483,0.920803563262992,0.967843026529748,0.644795909019715,0.155764360690532,0.926192528096261,0.131455979966997,0.918473584618767,0.0190139399525748,0.0500338694560265,0.066949025365931,0.550068005950699,0.418500628239002,0.0815411069344215,0.900494943233568,0.877488501440949,0.608515203737059,0.646417937450644,0.705705748959249,0.011311699016209,0.866878404088418,0.366100205296887,0.491899673676438,0.0202548995946089,0.82912882139702
0.067432026309871,0.0258831720859011,0.9468164419848,0.304459461155518,0.047641609526281,0.58063984309305,0.677619898318488,0.726715812081209,0.660516909643653,0.36167085995357,0.593529987604994,0.0559039923500878,0.0135079625810354,0.7106654995111,0.862395429906408,0.0633605564731952,0.0303535110902342,0.0943829084911588,0.614103971854038,0.0249944546660039,0.366959439024924,0.545907351235546,0.0187221406687878,0.0355577502780868,0.139912814977622,0.155453204507089,0.0318976512015981,0.952764126474702,0.98433245361033,0.0283805294439528,0.0700020372323232,0.021802615758833,0.0210044923723907,0.930990238357115,0.0306534895607178,0.739961422709069,0.285636446750078,0.783056640852635,0.852596942777334,0.0455918036710847,0.85395945653706,0.0446793901733135,0.360652986439428,0.0157692228487893,0.550989248885584,0.067953878536689,0.0425766431515434,0.903280176321034,0.969490327175575,0.681318634189807,0.206273252993925,0.937790133971945,0.156774586576202,0.905910397640207,0.0213994516859248,0.0526801025556098,0.0638690149590897,0.41266624506409,0.361677993249898,0.0795213102835119,0.742351472224154,0.867582692809009,0.671574574886573,0.856835858636232,0.451865193938395,0.0177996202409692,0.863646326710276,0.412782011090043,0.62184342106128,0.0218228750371648,0.815455042649887
0.059182890130362,0.0904503256091503,0.757074525315569,0.241909406109014,0.0445273070194951,0.696636302789307,0.890579580808904,0.916960282425479,0.805138543958726,0.80202163649538,0.842263720861493,0.0675838995682349,0.0173185209745783,0.680916911386125,0.73288857008528,0.0398662429157812,0.0291262969204896,0.0706812244128273,0.926766055537275,0.0270624452036332,0.498159445963251,0.0635156953941142,0.0203006981931389,0.0340684822125039,0.148364109842356,0.117726361088343,0.0245962547632479,0.945779625616219,0.975477275109521,0.0289230457731393,0.0584607581380812,0.0187609614966504,0.0234461292408612,0.945684235447336,0.0264377187088085,0.849523682579128,0.742726310276611,0.911323483060826,0.863998701092136,0.0502004251435437,0.8795104012636,0.0444012788079949,0.290998414554098,0.0193324354158427,0.607769304244511,0.114992656023044,0.0375844885916251,0.905400114764152,0.969961041221749,0.778097046200228,0.14083459548466,0.930713335683814,0.138991256931898,0.920192306990124,0.384837890701968,0.0786142298065699,0.0880504447343667,0.760854711989774,0.513886639893256,0.082162255183067,0.898643789071002,0.869909627004609,0.783763359664989,0.572104332232135,0.914021865806606,0.0157269659464338,0.920877865234161,0.160579617684901,0.288543596962921,0.020670646079904,0.653845226935114
0.0619287184897871,0.0265445006717784,0.444877717361247,0.270490610953364,0.0462266721339384,0.661848990112409,0.871622864293274,0.739327368290392,0.673727176996951,0.537118286432073,0.694704826555146,0.0462707624388943,0.0168091886480525,0.433323682203213,0.874003318243618,0.0505871275321954,0.0302356526387041,0.0595257029220467,0.678229356389457,0.0286303918607115,0.270695306429532,0.662996917806296,0.0171067330986878,0.028011353750156,0.136767867765392,0.106888705235534,0.0252435946152904,0.942564499814765,0.979684687818668,0.0336146766718583,0.0622138236975121,0.0215598298952735,0.0292843278113382,0.943212268447825,0.0261977092114713,0.824511825126716,0.401348163770584,0.88168180855682,0.823517333643491,0.0419127196883289,0.680272974509753,0.0451163706105535,0.274374846142939,0.0165510194360027,0.502136681939844,0.0567192743014731,0.0352615982306436,0.864329146755104,0.964288613296161,0.69875908649788,0.171228524910765,0.915792011377593,0.191314418861209,0.86852646792967,0.0207351767355209,0.058378920231795,0.0676267619361816,0.53262417982983,0.362167656728174,0.135719109966022,0.798199349461134,0.570739437381229,0.539551205378852,0.808373417874927,0.572204465444079,0.0740225605538427,0.868002152139096,0.421339670264327,0.453183890239268,0.0209407207821107,0.798009851254893
0.0769787639367531,0.858506155896353,0.101711303694705,0.105292955532651,0.0391255583642399,0.686459205919999,0.875984485964563,0.824346032892076,0.480557260207978,0.631424767114089,0.890134454123135,0.0615162069308671,0.0230736498681249,0.897046283505964,0.903560082199867,0.0697429372668434,0.037584770711657,0.0482963110790949,0.948555718693312,0.037770196700612,0.571132267246288,0.657249608974628,0.0230491004461924,0.0374304231937186,0.11042979487778,0.0901116967371331,0.0243148483235624,0.95635976217026,0.983869143964913,0.03058710378887,0.051064783372623,0.0221256413327314,0.0239675158531238,0.94657455559311,0.0314830809578783,0.867661363321752,0.378523911898666,0.921615616810828,0.698642277592933,0.0529751972938032,0.694373163260136,0.0603958868470457,0.382955806594331,0.0132898231281998,0.236585982244334,0.0551228250732626,0.0403789311219111,0.94435977789584,0.967831437883634,0.749987747119035,0.111996431686235,0.934302574717791,0.133420101837422,0.923940545439394,0.346046525294747,0.0441810672967751,0.0697444316908896,0.741312093439191,0.611773896079266,0.0692106062224522,0.900879015646857,0.908416932732151,0.807935438598388,0.404575534904554,0.921208341393752,0.0134383614876914,0.903138418907374,0.157107688631123,0.1168470219511,0.0284282277936991,0.556949244340528
0.0584754746960323,0.028445572517867,0.721916049145952,0.599979803928143,0.0510455625773102,0.518075541627659,0.868475460604985,0.832928738494104,0.751493254654163,0.65261877899196,0.863840934108856,0.0676497144884328,0.0206973795837415,0.950970535630222,0.862485915258792,0.0494245457740952,0.0254191648310669,0.0494883288728156,0.923286301290802,0.0259380224755563,0.402899110113258,0.552792709627272,0.0256127811364894,0.0349016968453304,0.135606179173437,0.101864614176788,0.0282706600590061,0.947382335424429,0.978032886410127,0.0262379243653196,0.0930666418703436,0.0179331129435025,0.0214951840367133,0.950694595877449,0.0277085568247361,0.852245891510337,0.852791301619274,0.8183953253894,0.907658531300195,0.0502228482383882,0.750875271903179,0.0280810362028118,0.294336127464616,0.01880307287526,0.550093380378039,0.0658984775415175,0.0339682679818612,0.873185926024681,0.966297767479058,0.70823372508984,0.109170089937257,0.937691725728896,0.175971308001007,0.789871131198815,0.0216706633723848,0.0532519576253453,0.0951711110315071,0.716697329591429,0.570587537085911,0.0640553366442578,0.911566417836928,0.909194827380224,0.642168862221964,0.758961843388299,0.85434371630036,0.0131454772383757,0.912510871393635,0.587735957055149,0.696446138862247,0.0234001430774187,0.816963317200862
0.0914235639343103,0.087555353877637,0.89529990421461,0.266267775325119,0.0565521665214174,0.638906210960949,0.787398309170551,0.765156194990248,0.622852360379748,0.162370186139752,0.842224017848379,0.0744374481047924,0.0222793524517625,0.780714355415816,0.860857316227694,0.0529764926465192,0.0306118881107854,0.0573126201078312,0.942383039784998,0.034711166616691,0.457808989576682,0.942210590199725,0.0239028666910191,0.0404812151459574,0.192771205797138,0.209260732845577,0.0242064589841527,0.945376989116414,0.977841403038284,0.0333152864589946,0.0645645116891854,0.0223942216371613,0.0364437273805614,0.88156794974331,0.0324417006608859,0.864151284986998,0.662130190983711,0.788439071433687,0.877137207134022,0.0699563502047064,0.767008783835447,0.0547354009008567,0.347252449103286,0.0211736829813512,0.657350908016171,0.0564719991817426,0.0425632037111201,0.837051583660857,0.974509729390576,0.765400356068636,0.2491036006872,0.94374872637884,0.173734470619661,0.883566647587054,0.0236983839797319,0.078419788038804,0.0952281799464532,0.598278619082862,0.418280352884521,0.0898165380961573,0.869603092818783,0.788237078538938,0.47539441033489,0.754527214910435,0.746648463354286,0.0169178417805564,0.882817302747391,0.345994636591649,0.808335278837626,0.0200748955157964,0.8250962190517
0.0611959875849616,0.0268936945240341,0.44062648884737,0.192373170932096,0.0501317211917833,0.786550743329493,0.875035167748614,0.874302915058931,0.77372864813574,0.636900318568143,0.868574757523055,0.0741540553269657,0.0182871562576489,0.897143478373368,0.917608996615269,0.0408998355091727,0.026230329789004,0.0430487344840732,0.940784108062196,0.0315340942138799,0.303939795562154,0.25426668001063,0.0206841313296333,0.0322971152320548,0.138226344071229,0.07726231006865,0.0250669680074147,0.952292559419013,0.984255499267003,0.0281229102336893,0.0826551258528903,0.0216771915083093,0.0238930666778002,0.921690059852056,0.0263957828791315,0.825392222598868,0.477076186400566,0.89432123338784,0.917819555519812,0.0467810014387067,0.863248485340738,0.0440312316087259,0.243165776968807,0.0133096605574824,0.219241155447883,0.0546685046733278,0.0334924896932777,0.927000596465737,0.974658133099614,0.776379787300468,0.144329977267821,0.945802225313263,0.13505293544153,0.913851911052441,0.663060782629872,0.0582924430273212,0.0680424051041573,0.717072195890849,0.622224711895994,0.0716215477449695,0.90640031270702,0.894223719150323,0.797116738844765,0.472279066357175,0.87827516783734,0.0127972989259445,0.905352563982184,0.181247880326395,0.825677936233319,0.0209737291149418,0.859762438083179
0.0546405675048047,0.305097652258425,0.826791114956566,0.142765141377656,0.0435425020622982,0.709380256078609,0.556701239163778,0.782136734815552,0.600572405475757,0.448758311454781,0.703993085769244,0.0588301216911049,0.0190430839535625,0.604454367139073,0.843949916190067,0.0570113479924935,0.0348573496288278,0.0946281762962177,0.700536943901853,0.0265794780738374,0.539826765559519,0.496451690520958,0.0198091603136361,0.0442520557425001,0.122765790914779,0.171194913757307,0.0266834077127529,0.934121505505449,0.977231909314177,0.0438806662454187,0.0665556421313163,0.0206097343871973,0.0208420625161688,0.905844819460987,0.0270802405354789,0.814989342258038,0.472772573501859,0.793957086313643,0.836020484057952,0.0501774301087415,0.769061828769335,0.0810983276139723,0.382252101982998,0.0144331989392188,0.557858048850637,0.0520031833581394,0.0307597856475967,0.894214086199375,0.975084748531528,0.757053034788009,0.348289076979949,0.957582503126801,0.121731887981065,0.883251961720991,0.0223870499090225,0.0569607521326356,0.070744578592327,0.477585422697522,0.321390758500385,0.131936189456398,0.809579166120807,0.679204728201001,0.527400126233785,0.771421595783788,0.490223393124528,0.0128854618800745,0.79131933986826,0.388118337759294,0.889800023745275,0.0229813072010095,0.771371618809655
0.0720746727409241,0.0360975195163942,0.598353414327925,0.418725645273725,0.0703427706456625,0.698684333363143,0.843692781161167,0.799294842285216,0.616888391859107,0.368420284609436,0.639186329605965,0.0703472525715654,0.0186489144058783,0.672027727054422,0.819915751459984,0.0460094249781682,0.0312968394878287,0.0787514300378726,0.713442625826337,0.0324292517793995,0.333254083862536,0.468269840420701,0.0221178422726998,0.0392784708725687,0.141238158824594,0.156275751241395,0.033992830741701,0.954478537378562,0.978362459329074,0.0280974162858468,0.0632748166348144,0.0236592531384125,0.0243493620136321,0.930193968271813,0.0302100832245106,0.802794261066268,0.542994642643179,0.885729613201444,0.873280939010661,0.0652258546546325,0.726089997265229,0.0401656936744517,0.379793591426874,0.0164288066257351,0.569839317819106,0.054101176986952,0.0323737866284808,0.813580765913332,0.965137963885774,0.626078621128222,0.255463143266482,0.919014923713056,0.116848895928442,0.766528823941682,0.0219425353698628,0.0483932492329227,0.0838656809643606,0.466941084372697,0.324591081086624,0.110710389056171,0.846812612713388,0.686163272730559,0.611761133364683,0.665811790034473,0.52252752331557,0.0150773103649468,0.867147243289114,0.276355717470956,0.736197641506678,0.022335253435174,0.786609454928505
0.0769468301923029,0.428695888836264,0.926944668708613,0.272537495827956,0.0576965255360051,0.716414488960908,0.756566083771945,0.82085471777609,0.59015697672002,0.435411787702134,0.831249193843498,0.0637588359182309,0.0171204462553241,0.802236255935683,0.810119789817893,0.0451296514274814,0.0332387363916058,0.0770346341931018,0.88123079316768,0.0376534448623581,0.348287494343009,0.513058504251072,0.016299984734736,0.0306078378931078,0.167717139091249,0.14465848911469,0.0326979331972512,0.923864363731004,0.981441564231883,0.0354252600953735,0.105793118299815,0.0222268110852169,0.0232388707162505,0.904798653378108,0.0280204675714554,0.781984375920355,0.780335245974515,0.790301385599877,0.857067362522351,0.0811483309686609,0.859173468237896,0.058834769559527,0.332849521547297,0.0126124850322257,0.907586541686388,0.0689280195113405,0.0458371362181391,0.837826751854378,0.969006198417227,0.590766313308907,0.271839648477417,0.919404569017666,0.172916880517759,0.872833836573736,0.0225953607334841,0.0668332890364846,0.0706480130425011,0.558060750116276,0.567869821253424,0.100881171567558,0.866709899620506,0.795620875572031,0.683436443042405,0.755630359394659,0.704530876757799,0.0172478134594376,0.864873599579424,0.318720449234136,0.546559337843167,0.0260658187880165,0.785225759316603
0.10296725873406,0.187351431475481,0.917102469033638,0.368247506955288,0.0545756427659959,0.753245941380359,0.663991394349547,0.786590116824953,0.622867843824975,0.416215195313563,0.680487953702944,0.0545624853341205,0.0188394169831087,0.769127912542401,0.845624755854012,0.0472272503814415,0.0318043587646918,0.0655489503707695,0.681898986591828,0.0261365952692484,0.340263296083842,0.370718611350233,0.023816240664843,0.0402221271853933,0.113746096514589,0.191466870758968,0.0290633381546563,0.945884090508418,0.983163745941174,0.0335697070044628,0.0642566079169367,0.0246338567889669,0.0272533136994847,0.898174612726379,0.0277137882851629,0.749793451463601,0.489508164974093,0.739417015248642,0.737905244368338,0.0645692235389225,0.801291539346931,0.0401082415427741,0.473522893842594,0.0142251670334417,0.674845416595799,0.0593668220427965,0.0446798084823959,0.925490830313837,0.971404473754512,0.704813217163656,0.275108133409462,0.938262333261835,0.144103099204697,0.897043055438677,0.0218017831605441,0.0571766963775143,0.0736888007573247,0.453809854862959,0.282317742810321,0.133329457669634,0.80191133509636,0.851396315991327,0.686743843572627,0.759793524677591,0.506070027877672,0.0138438408771146,0.716693674683815,0.273890817157233,0.558887517810094,0.0227398406991988,0.668253515903344
