-0.035,-0.035,-0.035,-0.022,-0.022,-0.022,-0.022,-0.022,-0.022,-0.022,-0.015,-0.011,-0.011,0.307,0.307,0.307,-0.01,-0.023,0.701,0.701,0.701,0.686,0.686,0.686,0.686,0.329,0.329,0.329,0.0,0.0,-0.008,-0.021,-0.714,-0.009,-0.021,-0.021,-0.019,-0.019,0.312,0.312,0.312,0.312,0.312,0.317,0.317,0.343,0.343,-0.012,-0.012,0.298,-0.004,-0.004,-0.33,-0.33,-0.33,0.35,0.35,0.35,0.35,0.35,0.35,-0.355,-0.355,0.139,-0.015,-0.031,-0.031,0.073,0.073,-0.534,0.048,0.048,0.326
-0.814,-0.814,-0.839,0.014,0.04,0.04,0.04,0.04,0.04,0.04,-0.845,-0.86,-0.86,0.014,0.014,0.014,0.0,0.0,0.843,0.843,0.836,0.012,0.012,0.012,0.012,-0.865,-0.865,0.001,0.035,0.035,-0.018,-0.018,-0.018,-0.002,-0.002,-0.002,0.01,0.01,-0.045,-0.045,-0.045,-0.045,-0.045,-0.045,-0.045,0.824,0.824,-0.84,-0.86,-0.83,0.065,0.048,-0.835,-0.835,-0.835,0.014,0.014,0.014,0.014,0.014,0.821,-0.847,-1.29,0.035,0.006,-0.84,-0.84,-0.191,-0.192,-0.192,-0.192,-0.192,-0.186
-0.004,-0.004,-0.004,0.329,0.329,0.329,0.329,0.329,0.329,0.329,-0.028,-0.001,-0.001,-0.021,-0.021,-0.018,-0.023,-0.023,0.545,0.545,0.545,0.545,0.545,0.545,0.545,1.28,1.28,1.62,-0.002,-0.002,0.556,0.556,0.556,-0.02,-0.02,-0.02,-0.02,-0.009,0.553,0.531,0.531,0.511,0.536,0.536,0.536,1.09,1.09,-0.013,-0.013,0.01,0.006,-0.009,0.553,0.553,0.553,0.553,0.553,0.553,0.553,0.553,0.553,-0.595,-0.595,0.488,0.566,0.001,-0.01,0.21,0.21,0.21,0.21,0.21,0.21
-0.827,-0.806,-0.807,-0.183,-0.183,-0.183,-0.183,-0.183,-0.183,-0.183,-0.451,-0.395,-0.395,0.329,0.329,0.329,0.057,0.057,0.116,0.116,0.008,0.008,0.008,0.008,0.008,-0.827,-0.827,0.289,-0.196,-0.207,-0.179,-0.808,-0.167,0.021,0.018,0.018,0.018,0.018,0.0,0.0,0.0,0.003,-0.01,-0.01,-0.01,1.36,1.36,-0.81,-0.81,-0.175,0.075,0.075,-0.813,-0.813,-0.813,0.087,0.087,0.087,0.087,0.087,0.087,-0.82,-0.82,0.021,-0.813,-0.389,-0.389,-0.166,-0.166,-0.166,-0.166,-0.166,-0.166
0.006,0.006,0.006,0.0,0.0,0.0,0.0,0.0,0.0,0.0,-0.001,-0.001,-0.001,-0.002,-0.002,-0.002,-0.006,-0.006,-0.006,-0.006,-0.006,0.007,0.007,0.007,0.007,-0.297,-0.297,0.759,0.003,0.003,-0.014,0.0,0.0,-0.008,-0.008,-0.008,-0.008,-0.008,0.004,0.004,0.004,0.004,0.004,0.004,0.004,0.25,0.287,-0.008,-0.008,0.004,-0.006,-0.006,0.005,0.005,0.005,0.005,0.005,0.005,0.005,0.005,0.005,-0.013,-0.013,-0.016,-0.028,0.005,0.005,0.028,0.028,0.028,0.028,0.028,0.028
0.017,0.017,0.017,0.073,0.073,0.073,0.073,0.073,0.073,0.073,-0.25,-0.25,-0.25,-0.246,-0.246,-0.894,-0.208,-0.243,0.886,0.886,0.868,-0.012,-0.012,-0.012,-0.012,1.02,1.02,1.2,0.0,0.0,-0.069,-0.069,-0.069,-0.081,-0.116,-0.116,-0.116,-0.116,0.033,0.033,0.033,0.033,0.033,0.033,0.033,0.042,0.042,-0.54,-0.54,-0.051,-0.532,-0.543,-0.529,-0.529,-0.529,0.067,0.067,0.067,0.067,0.067,0.067,0.032,0.032,0.022,0.085,-0.251,-0.251,-0.028,-0.028,-0.028,-0.028,-0.028,-0.028
0.189,0.189,-0.601,0.262,0.26,0.26,0.26,0.26,0.26,0.26,0.165,0.152,0.152,-0.224,-0.224,-0.224,-0.149,-0.157,0.878,0.878,0.808,0.189,0.189,0.189,0.189,-0.619,-0.619,1.13,0.346,0.346,0.268,-0.627,-0.627,1.19,-0.575,-0.575,-0.575,-0.575,-0.178,-0.178,-0.178,-0.178,-0.178,-0.178,-0.178,1.03,0.986,-0.628,-0.628,-0.607,0.413,-0.376,-0.116,-0.116,-0.116,-0.116,-0.116,-0.116,-0.116,-0.116,-0.116,-0.62,-0.62,0.238,-0.17,-0.604,-0.604,-0.039,-0.039,-0.039,-0.039,-0.039,-0.039
-0.077,-0.077,-0.077,-0.075,-0.075,-0.075,-0.075,-0.075,-0.075,-0.075,-0.453,-0.482,-0.452,0.159,0.159,0.159,-0.059,-0.106,0.304,0.379,0.379,0.379,0.379,0.379,0.379,0.23,0.224,0.183,0.038,0.036,-0.462,-0.837,-0.114,0.002,-0.006,-0.462,-0.462,-0.006,-0.454,0.176,0.176,0.176,0.176,0.176,0.176,0.861,0.861,0.105,0.108,-0.438,0.144,0.193,0.169,-0.438,-0.438,-0.035,-0.035,-0.035,-0.035,-0.035,-0.035,-0.441,-0.441,0.359,0.0,-0.446,-0.446,-0.218,-0.218,-0.218,-0.218,-0.218,0.247
-0.018,-0.018,-0.004,-0.046,-0.41,-0.41,-0.41,-0.41,-0.41,-0.41,0.01,0.01,0.01,-0.012,-0.395,-0.385,-0.431,0.134,0.358,0.358,0.358,0.703,0.703,0.703,0.703,-0.023,-0.023,0.663,0.35,0.35,0.617,-0.084,-0.084,-0.04,-0.048,-0.048,-0.048,-0.048,0.319,0.276,0.276,0.276,0.276,0.293,0.317,-0.021,-0.014,0.285,0.01,0.0,-0.054,-0.026,0.36,0.36,0.36,0.36,0.36,0.36,0.36,0.36,0.278,-0.393,-0.393,-0.064,-0.415,-0.063,-0.063,-0.217,-0.244,-0.244,-0.244,-0.244,0.254
0.054,0.023,0.071,-0.451,-0.448,-0.448,-0.448,-0.448,-0.448,-0.448,-0.041,-0.921,-0.903,-0.072,-0.248,0.196,0.009,-0.025,0.884,0.884,0.884,-0.046,-0.018,-0.018,-0.018,0.218,0.218,0.874,-0.001,0.026,-0.463,-0.009,-0.009,0.048,0.007,0.112,0.112,0.104,-0.445,-0.445,-0.445,-0.445,-0.445,-0.447,-0.447,1.75,2.6,-0.434,-0.441,-0.429,-0.399,0.038,-0.417,-0.417,-0.417,0.051,0.051,0.051,0.051,0.051,0.051,-0.446,-0.446,0.293,0.002,-0.411,-0.411,-0.002,-0.002,-0.002,-0.002,-0.002,-0.002
0.0,0.0,0.0,0.001,0.009,-0.002,-0.002,-0.002,-0.002,-0.002,-0.011,-0.011,0.024,-0.008,-0.008,-0.008,-0.005,-0.005,0.304,0.304,0.304,0.304,0.304,0.304,0.304,-0.315,-0.315,0.644,0.132,0.132,-0.004,-0.004,-0.004,0.001,0.001,-0.008,-0.008,-0.008,-0.002,-0.002,-0.002,-0.002,-0.002,-0.002,-0.002,0.041,0.041,-0.001,-0.001,0.009,0.004,0.004,-0.306,-0.306,-0.306,0.026,0.026,0.026,0.026,0.026,-0.299,-0.304,-0.304,0.248,0.001,0.491,0.491,0.024,0.024,0.024,0.024,0.024,0.024
-0.453,-0.453,-0.485,-0.024,-0.027,-0.027,-0.027,-0.027,-0.027,-0.027,-0.118,-0.118,-0.118,-0.523,-0.523,-0.523,0.111,0.122,1.03,1.03,1.61,0.536,0.536,0.536,0.536,-1.13,-0.068,1.57,0.079,0.079,-0.005,0.009,0.009,0.131,0.113,0.113,0.113,0.124,-0.05,-0.05,-0.05,-0.05,-0.05,-0.05,-0.05,1.31,1.31,-0.041,-0.041,-0.512,0.518,-0.281,-0.185,-0.185,-0.185,0.78,0.78,0.307,0.307,0.307,0.323,-0.536,-0.536,-0.016,0.028,-0.164,-0.164,0.016,0.016,-0.006,-0.006,-0.006,-0.006
0.003,0.003,0.0,-0.001,-0.001,-0.001,-0.001,-0.001,-0.001,-0.001,-0.005,0.008,0.008,-0.001,-0.001,-0.001,0.001,0.001,0.008,0.008,0.008,0.008,0.008,0.008,0.008,-0.007,-0.007,-0.004,0.003,0.003,-0.006,0.007,0.007,-0.002,-0.007,-0.007,-0.007,-0.007,0.004,0.004,0.004,0.004,0.004,0.004,0.004,0.413,0.413,0.0,0.0,0.003,-0.01,-0.002,0.005,0.005,0.005,0.005,0.005,0.005,0.005,0.005,0.005,-0.002,-0.002,-0.012,-0.009,-0.004,-0.004,0.002,0.002,0.002,0.002,0.002,0.002
-0.029,-0.012,-0.012,0.005,0.005,0.005,0.005,0.005,0.005,0.005,0.004,0.004,0.004,0.004,0.004,0.004,0.005,-0.013,-0.077,-0.047,-0.047,0.004,-0.003,-0.003,-0.003,0.0,0.0,0.0,0.003,0.003,-0.011,-0.025,-0.025,-0.008,0.001,0.001,0.001,0.001,0.41,0.41,0.41,0.41,0.41,0.413,0.413,-0.047,-0.047,-0.003,-0.003,0.002,-0.014,-0.011,-0.007,-0.007,-0.007,-0.007,-0.007,-0.007,-0.007,-0.007,-0.007,-0.012,-0.414,-0.045,-0.05,-0.005,-0.005,0.018,0.018,0.013,0.013,0.013,0.013
0.003,0.003,0.003,-0.002,-0.002,-0.002,-0.002,-0.002,-0.002,-0.002,-0.001,-0.001,-0.001,-0.006,-0.006,-0.004,0.0,0.005,0.002,0.002,0.002,0.002,0.002,0.002,0.002,-0.004,-0.004,-0.004,0.0,0.003,-0.002,-0.003,0.002,-0.011,-0.001,-0.001,-0.001,-0.001,0.001,0.001,0.008,0.008,0.008,-0.008,-0.008,-0.007,-0.007,0.004,-0.004,0.04,-0.004,-0.015,0.006,0.006,0.006,0.006,0.006,0.006,0.006,0.006,0.006,0.0,0.0,0.0,-0.702,-0.008,-0.008,0.021,0.021,0.021,0.021,0.021,0.004
-0.505,-0.505,0.01,-0.218,-0.159,-0.159,-0.159,-0.159,-0.159,-0.159,-0.481,-0.459,-0.459,-0.012,-0.029,-0.058,0.009,0.006,0.508,0.508,0.508,0.501,0.501,0.501,0.501,-0.521,0.491,1.38,-0.497,-0.497,-0.505,-0.505,-0.505,-0.045,0.411,0.411,0.411,0.411,-0.015,-0.015,-0.015,-0.015,-0.015,-0.036,-0.036,0.432,0.432,1.06,0.159,-0.251,0.354,0.354,-0.509,-0.509,-0.509,0.172,0.172,0.172,0.172,0.172,0.172,-0.57,-0.57,0.461,-0.484,0.015,0.015,0.021,0.021,0.021,0.021,0.021,-0.003
-0.042,-0.042,-0.042,0.033,0.033,0.033,0.033,0.033,0.033,0.033,0.009,0.009,0.009,-0.395,-0.239,-0.239,0.007,-0.006,-0.009,-0.009,-0.009,-0.009,0.006,-0.071,-0.071,0.748,0.748,0.748,0.01,0.01,-0.046,-0.046,-0.046,0.001,0.001,0.413,-0.011,0.001,-0.027,-0.027,-0.027,-0.027,-0.027,-0.027,-0.027,0.39,0.39,0.005,0.005,0.01,-0.01,0.005,-0.447,-0.447,-0.447,0.42,0.42,0.42,0.42,0.42,-0.019,-0.443,-0.443,-0.006,0.003,-0.005,-0.005,0.028,0.028,0.028,0.028,0.028,0.028
-0.16,-0.16,-0.167,-0.582,-0.582,0.004,0.055,0.055,0.055,0.055,-0.063,-0.022,-0.022,0.0,0.0,-0.008,0.579,0.012,0.582,0.572,0.545,0.545,0.545,0.545,0.545,0.0,0.0,-0.01,0.039,0.075,-0.226,-0.226,-0.567,-0.231,-0.236,-0.236,-0.233,-0.233,-0.001,0.007,0.007,0.007,0.007,0.007,0.007,1.05,1.0,-0.567,-0.567,-0.534,0.063,0.063,-0.553,-0.553,-0.553,0.083,0.083,0.083,-0.53,0.064,0.064,0.03,-0.59,0.066,0.022,-0.541,-0.541,-0.018,-0.018,-0.052,-0.052,-0.052,-0.052
0.012,0.012,0.0,-0.401,-0.368,-0.368,-0.368,-0.368,-0.368,-0.368,-0.09,-0.086,-0.086,-0.135,-0.146,-0.149,0.261,0.261,0.392,0.392,0.392,0.392,0.392,0.392,0.392,-0.394,-0.394,1.17,-0.375,-0.375,-0.027,-0.024,-0.024,0.166,0.166,0.166,0.166,0.166,0.138,0.138,0.138,0.138,0.138,0.138,0.138,1.34,1.34,-0.376,-0.376,-0.293,0.723,-0.013,0.328,0.328,0.328,0.328,0.328,0.328,0.328,0.328,0.328,0.032,0.032,-0.335,-0.023,0.07,0.07,0.117,0.117,0.117,0.135,0.135,0.097
-0.432,-0.432,-0.004,0.0,0.015,0.015,0.015,0.015,0.015,0.015,0.019,0.011,0.011,-0.362,-0.362,-0.362,0.746,-0.002,0.349,0.349,0.349,0.349,0.348,0.348,0.348,0.546,0.546,0.546,0.011,0.011,-0.377,-0.368,-0.368,0.25,0.25,0.251,0.251,0.251,-0.011,-0.011,-0.011,-0.011,-0.011,-0.011,0.602,0.532,0.515,0.2,0.53,-0.015,-0.078,-0.018,-0.414,-0.414,-0.414,0.303,0.303,0.303,0.303,0.303,-0.737,-0.361,-0.361,0.17,-0.03,-0.072,-0.072,0.016,0.016,0.016,0.016,0.016,-0.006
-0.028,-0.028,-0.028,0.0,0.0,0.0,0.0,0.0,0.0,0.0,-0.11,-0.11,-0.11,-0.271,-0.329,-0.337,-0.165,-0.165,0.897,0.897,0.158,0.158,0.158,0.158,0.158,0.326,0.326,0.443,-0.149,-0.149,0.187,-0.773,-0.054,-0.193,-0.193,-0.193,-0.193,-0.193,0.014,0.014,0.014,0.014,0.033,0.033,0.033,0.29,0.29,2.92,-0.182,0.333,-0.087,-0.095,-0.167,-0.167,-0.167,-0.167,-0.167,-0.167,-0.167,-0.167,-0.167,0.032,0.032,0.021,-0.064,-0.234,-0.087,0.07,0.07,0.07,0.07,0.07,0.07
-0.265,-0.262,-0.242,-0.258,-0.258,-0.258,-0.258,-0.253,-0.253,-0.253,-0.247,-0.277,-0.277,-0.265,-0.265,-0.265,0.086,0.033,0.061,0.061,0.061,0.064,0.064,0.064,0.064,0.033,0.033,0.033,-0.262,-0.262,0.046,0.046,0.046,-0.193,-0.193,-0.193,-0.193,-0.193,0.076,0.076,0.076,0.076,0.076,0.076,0.076,0.264,0.313,-0.187,-0.187,-0.187,-0.26,-0.241,0.052,0.052,0.052,0.052,0.052,0.052,0.052,0.052,0.052,-0.249,-0.249,0.112,-0.291,-0.242,-0.242,-0.052,-0.052,-0.052,-0.052,-0.052,-0.052
0.024,0.011,-0.014,-0.01,-0.01,-0.01,-0.01,-0.01,-0.01,-0.01,-0.021,-0.04,0.015,-0.018,-0.021,-0.021,-0.019,-0.026,0.753,0.724,0.703,0.703,0.703,0.703,0.703,-0.012,-0.012,0.686,0.0,0.011,-0.003,0.001,0.001,-0.02,-0.02,-0.031,-0.031,-0.031,0.021,-0.004,-0.004,-0.004,-0.004,-0.004,0.038,1.37,1.34,-0.809,-0.831,0.015,0.022,0.022,-0.001,-0.792,-0.792,0.739,0.739,0.736,0.736,0.736,0.773,-0.004,-0.004,0.018,0.004,0.031,0.031,0.181,0.181,0.181,0.181,0.181,0.181
0.006,0.006,0.008,-0.002,-0.002,-0.002,-0.002,-0.002,-0.002,-0.002,-0.006,0.039,0.039,0.0,0.0,-0.001,0.005,0.005,0.011,0.011,-0.019,-0.003,-0.003,0.008,0.008,0.0,0.0,-0.006,0.008,0.008,-0.07,-0.053,-0.053,-0.001,0.005,-0.007,-0.007,-0.007,0.01,0.01,0.01,0.01,0.01,0.001,0.001,0.005,0.005,0.001,0.001,0.0,0.003,-0.006,0.009,0.009,0.009,0.009,0.009,0.009,0.009,0.009,0.009,-0.208,-0.208,-0.01,-0.803,-0.001,-0.001,-0.015,-0.015,-0.015,-0.015,-0.015,-0.011
-0.219,-0.219,-0.154,-0.096,-0.096,-0.096,-0.096,-0.096,-0.096,-0.096,-0.149,-0.149,-0.149,-0.159,-0.459,-0.141,-0.188,0.097,0.279,0.279,0.137,0.318,0.318,0.318,0.318,-0.186,-0.186,0.131,0.129,-0.209,-0.172,-0.172,-0.172,0.42,-0.185,-0.187,-0.187,-0.187,0.104,0.104,0.104,0.104,0.104,0.104,0.104,0.478,0.447,-0.17,-0.216,0.0,0.347,0.369,-0.224,-0.224,-0.224,0.093,0.093,0.093,0.093,0.093,0.093,-0.166,-0.166,0.321,-0.174,-0.23,-0.23,-0.108,0.584,0.261,0.261,0.261,0.243
-0.06,-0.076,-0.076,0.168,0.168,0.168,0.168,0.168,0.168,0.168,-0.148,-0.148,-0.148,0.032,0.0,-0.003,-0.101,-0.101,0.474,0.474,0.474,0.474,0.126,0.126,0.126,-0.243,0.129,0.129,-0.007,-0.007,0.211,0.0,0.0,-0.025,-0.025,-0.025,-0.025,-0.025,-0.152,-0.152,-0.152,-0.152,-0.152,-0.152,-0.152,1.46,1.46,-0.571,-0.582,-0.315,0.033,0.043,-0.614,-0.614,-0.614,0.112,0.112,0.112,0.112,0.112,0.112,-0.652,-0.652,0.011,-0.276,0.052,0.052,0.058,0.058,0.058,0.058,0.058,-0.001
-0.079,-0.079,-0.079,0.008,0.008,0.008,0.008,0.008,0.008,0.008,-0.006,-0.006,-0.006,-0.005,-0.001,-0.001,-0.004,-0.004,0.224,0.224,0.224,0.224,0.224,0.224,0.224,-0.014,-0.014,-0.014,0.005,0.016,0.013,0.008,0.008,0.0,0.0,0.0,0.0,0.0,-0.017,-0.017,-0.017,-0.017,-0.017,-0.017,-0.017,0.286,0.279,-0.118,0.003,-0.277,0.0,0.0,-0.278,-0.278,0.011,0.011,0.011,0.011,0.011,0.011,0.011,-0.282,-0.29,0.012,-0.018,0.005,0.005,0.032,0.013,0.007,0.007,0.007,0.007
-0.018,-0.018,0.001,-0.008,-0.008,-0.008,-0.008,-0.008,-0.008,-0.008,0.015,0.015,0.015,-0.012,-0.008,0.002,-0.019,0.006,0.0,0.0,0.0,0.0,0.0,0.0,0.0,-0.002,-0.002,-0.002,-0.011,-0.011,-0.037,-0.006,-0.006,0.008,0.006,0.006,0.006,0.006,0.005,0.005,0.005,0.005,0.005,-0.022,-0.037,-0.008,0.002,0.001,-0.022,-0.015,-0.028,-0.025,-0.029,-0.029,-0.029,-0.026,-0.026,-0.026,-0.026,-0.026,-0.012,0.004,0.004,-0.032,0.002,-0.038,-0.038,-0.009,-0.009,-0.01,-0.01,-0.01,-0.01
-0.006,-0.006,-0.006,0.0,0.0,0.0,0.0,0.0,0.0,0.0,-0.004,-0.004,-0.004,-0.003,-0.689,-0.689,-0.003,-0.004,0.676,0.676,0.676,0.676,0.676,0.676,0.676,0.716,0.716,1.44,0.006,0.006,-0.001,-0.001,-0.001,-0.014,-0.014,-0.014,-0.014,-0.014,0.006,0.006,0.006,0.006,0.006,-0.007,-0.007,0.684,-0.039,-0.003,-0.003,0.004,0.007,0.007,-0.703,-0.703,-0.703,0.685,0.685,0.685,0.685,0.685,0.685,-0.69,-0.69,-0.022,0.005,-0.018,-0.018,0.076,0.076,0.076,0.076,0.076,0.076
-0.044,-0.044,-0.002,-0.004,-0.004,-0.004,-0.004,-0.004,-0.004,-0.004,0.0,0.0,0.0,-0.884,-0.882,-0.013,0.011,0.011,0.897,0.897,0.897,0.897,0.897,0.897,0.897,0.83,0.83,0.84,-0.001,-0.001,-0.025,-0.014,-0.014,-0.009,-0.009,-0.009,-0.009,-0.009,0.063,0.063,0.063,0.063,0.063,0.059,0.059,0.0,0.0,-0.008,-0.008,-0.008,-0.037,-0.028,-0.035,-0.035,-0.035,-0.035,-0.035,-0.035,-0.035,-0.035,-0.035,0.011,0.011,-0.079,-0.011,-0.044,-0.045,0.038,0.074,0.074,0.074,0.074,0.074
-0.045,-0.045,-0.006,-0.004,-0.004,-0.006,-0.023,-0.023,-0.023,-0.023,0.02,0.02,0.02,-0.001,-0.001,-0.001,0.003,0.003,0.73,0.73,0.709,0.731,0.731,0.731,0.731,-0.009,-0.009,-0.009,-0.015,-0.015,-0.021,-0.021,-0.021,-0.065,-0.012,-0.012,-0.007,-0.01,0.703,0.703,0.703,0.703,0.703,0.653,0.653,0.65,0.65,-0.004,-0.033,-0.022,-0.039,-0.039,-0.076,-0.076,-0.076,0.664,0.664,0.664,0.664,0.664,0.682,0.001,0.007,-0.111,-0.05,-0.047,-0.047,0.105,0.071,0.071,0.071,0.071,0.11
-0.034,-0.034,0.006,0.009,0.009,0.009,0.009,0.009,0.009,0.009,0.02,0.02,0.02,0.017,0.017,-0.909,-0.04,-0.925,0.87,0.898,0.846,0.846,0.846,0.846,0.846,-0.004,-0.004,-0.004,0.01,-0.026,-0.021,-0.012,-0.003,0.0,0.0,0.0,0.0,0.0,0.013,0.013,0.013,0.004,0.004,0.004,0.004,0.073,0.073,0.003,-0.005,-0.005,-0.033,-0.028,-0.939,-0.923,-0.923,-0.015,-0.015,-0.015,-0.015,-0.015,-0.008,-0.894,-1.29,-0.056,-0.003,-0.038,-0.038,-0.092,-0.092,-0.092,-0.092,-0.092,-0.092
-0.59,-0.59,-0.039,0.012,0.012,0.012,0.012,0.012,0.012,0.012,0.02,0.02,0.02,-0.577,-0.577,-0.577,0.007,0.017,-0.012,-0.012,-0.021,-0.014,-0.014,-0.014,-0.014,0.487,0.487,0.486,-0.01,-0.016,-0.002,-0.002,-0.002,-0.053,-0.001,0.009,0.009,0.009,0.01,0.01,0.01,0.01,0.01,-0.007,-0.007,-0.009,-0.001,-0.576,-0.576,0.011,-0.002,-0.002,-0.583,-0.588,-0.588,0.008,0.008,0.008,0.008,0.008,0.008,-0.573,-0.569,-0.014,0.488,-0.016,-0.016,0.303,0.303,0.303,0.303,0.303,-0.367
0.002,0.002,0.011,-0.01,0.001,-0.021,-0.021,-0.021,-0.021,-0.021,-0.033,-0.05,-0.05,0.503,0.503,0.505,-0.019,-0.011,0.504,0.504,0.48,0.471,0.471,0.471,0.471,0.593,0.593,0.482,0.016,0.002,-0.013,-0.011,-0.011,0.058,-0.016,-0.511,-0.005,0.004,0.48,0.515,0.515,0.515,0.465,0.508,0.504,1.3,1.3,-0.034,-0.016,0.03,0.028,-0.006,-0.564,-0.556,-0.556,0.029,0.029,0.029,0.029,0.029,0.029,-0.557,-0.557,-0.013,-0.02,0.018,0.018,0.104,0.104,0.104,0.104,0.104,0.099
-0.368,-0.368,-0.368,0.053,0.053,0.053,0.041,0.041,0.041,0.041,0.022,0.016,0.016,-0.42,-0.42,-0.42,-0.008,-0.008,0.869,0.869,0.869,-0.011,-0.012,-0.012,-0.012,-0.833,2.53,-0.055,0.024,0.024,-0.003,0.007,0.007,-0.07,-0.069,-0.069,-0.069,-0.069,-0.019,-0.019,-0.019,-0.019,-0.019,-0.019,-0.075,0.853,0.853,-0.797,-0.797,-0.328,0.316,0.337,-0.794,-0.794,-0.794,0.057,0.057,0.057,0.057,0.057,-0.79,-0.804,-0.804,0.0,-0.302,0.01,0.01,-0.028,-0.028,-0.028,-0.028,-0.028,-0.04
-0.487,-0.487,-0.487,-0.483,-0.483,-0.483,-0.483,-0.483,-0.483,-0.483,0.0,0.0,0.0,-0.014,-0.014,-0.485,-0.009,-0.009,0.859,0.887,0.834,0.834,0.84,0.84,0.84,0.382,0.382,0.415,-0.485,-0.026,0.42,-0.002,-0.002,-0.493,-0.501,-0.501,-0.501,-0.501,0.436,0.001,0.001,0.001,0.001,0.001,0.001,-0.032,0.421,-0.475,-0.497,0.013,0.415,0.416,-0.535,-0.524,-0.524,0.022,0.022,0.022,0.022,0.011,0.011,-0.487,-0.487,0.256,-0.479,-0.026,-0.003,-0.84,0.551,0.551,0.675,0.675,0.675
-0.011,-0.011,-0.004,-0.002,-0.002,-0.002,-0.002,-0.021,-0.021,-0.021,-0.001,-0.001,-0.001,-0.011,-0.017,-0.011,0.393,0.387,0.389,0.389,0.389,0.389,0.389,0.392,0.392,-0.01,-0.01,-0.01,0.004,-0.013,-0.018,-0.005,-0.005,0.001,-0.004,-0.004,-0.004,-0.004,0.381,0.376,0.376,0.376,0.376,0.376,0.376,0.773,0.773,-0.003,-0.043,0.006,-0.002,0.007,-0.029,-0.029,-0.029,0.705,0.705,0.705,0.705,0.761,0.732,0.016,0.016,0.339,-0.026,-0.021,-0.021,0.14,0.14,0.14,0.14,0.14,0.14
0.0,0.0,0.0,-0.004,-0.004,-0.004,-0.004,-0.004,-0.004,-0.004,-0.003,-0.016,-0.016,-0.016,-0.014,-0.014,0.528,0.528,0.973,0.973,0.973,0.973,0.973,0.973,0.973,0.281,0.281,0.288,0.0,0.0,-0.017,-0.017,-0.017,-0.004,-0.004,-0.004,-0.004,-0.004,0.471,0.468,0.468,0.468,0.468,0.468,0.468,1.4,1.4,-0.022,-0.036,-0.007,0.514,0.514,-0.556,-0.556,-0.556,0.456,0.456,0.456,0.456,0.456,0.456,-0.002,-0.002,0.409,0.029,-0.029,-0.029,0.236,0.236,0.236,0.236,0.236,0.24
-0.03,-0.03,-0.002,-0.006,-0.02,-0.02,-0.02,-0.02,-0.02,-0.02,0.006,0.006,0.006,0.02,0.02,0.02,-0.031,-0.007,1.17,1.2,1.2,1.2,1.2,1.2,1.2,-0.017,-0.017,-0.004,-0.007,-0.061,-0.033,-0.018,-0.563,-0.018,-0.01,-0.01,-0.01,-0.01,0.708,0.708,0.708,0.708,0.708,0.708,0.708,0.725,0.725,-0.015,-0.022,-0.028,-0.063,-0.03,-0.055,-0.055,-0.055,-0.055,-0.055,-0.055,-0.055,-0.055,-0.055,0.0,0.0,0.614,-0.037,-0.057,-0.057,0.105,0.105,0.105,0.105,0.105,0.131
-0.025,-0.025,-0.006,-0.007,-0.002,-0.002,-0.002,-0.002,-0.002,-0.002,-0.006,-0.006,-0.006,0.0,0.0,0.0,-0.015,0.0,0.005,0.005,0.005,0.005,0.005,0.005,0.005,-0.004,-0.004,0.003,0.005,-0.046,-0.016,-0.009,-0.009,0.009,-0.018,0.006,0.006,0.006,0.005,0.005,0.005,0.005,0.005,-0.01,-0.01,-0.005,-0.005,0.011,-0.004,-0.017,-0.006,-0.009,-0.016,-0.016,-0.016,-0.016,-0.016,-0.016,-0.016,-0.016,-0.016,0.0,0.0,-0.021,-0.01,-0.015,-0.015,0.005,0.005,0.007,0.007,0.007,0.004
-0.384,-0.384,-0.362,0.017,0.017,0.017,0.017,0.017,0.017,0.017,-0.368,-0.369,-0.369,0.008,0.008,0.008,-0.382,-0.382,0.016,0.016,0.016,0.016,0.016,0.016,0.016,0.018,0.018,0.016,0.027,0.027,0.008,0.015,0.015,0.002,0.002,0.002,0.002,0.002,0.012,0.012,0.012,0.012,0.012,0.012,0.012,0.006,0.006,-0.002,-0.006,-0.361,-0.387,-0.387,-0.38,-0.38,-0.38,0.099,0.099,0.099,0.099,0.099,0.099,-0.365,-0.365,0.0,-0.373,-0.285,-0.285,-0.13,-0.13,-0.13,-0.13,-0.13,-0.13
-0.019,-0.019,0.0,-0.017,-0.017,-0.017,-0.017,-0.017,-0.017,-0.017,-0.008,0.008,0.008,0.841,0.841,0.787,-0.004,0.001,0.859,0.859,0.839,0.837,0.837,0.837,0.837,-0.014,-0.014,-0.038,0.814,0.756,-0.017,0.012,0.013,0.003,-0.023,0.021,-0.016,-0.016,0.84,0.814,0.814,0.814,0.814,0.714,0.714,0.828,0.828,0.013,-0.011,0.006,0.653,0.673,-0.019,-0.019,-0.019,-0.019,-0.019,-0.019,-0.019,-0.019,-0.008,-0.862,-0.862,-0.074,-0.858,-0.032,-0.032,0.185,0.185,0.132,0.132,0.132,0.162
-0.537,-0.537,-0.51,0.004,0.0,0.0,0.0,0.0,0.0,0.0,-0.1,-0.107,-0.107,-0.112,-0.101,-0.975,0.116,0.079,0.104,0.104,0.09,0.119,0.086,0.086,0.086,0.089,0.089,0.074,0.095,0.095,-0.113,-0.096,-0.076,0.075,0.076,0.46,0.46,0.429,0.07,0.07,0.07,0.07,0.07,0.07,0.07,0.203,0.203,0.089,0.051,-0.145,0.406,0.078,-0.402,-0.779,-0.779,0.093,0.093,0.093,0.093,0.093,0.106,-0.751,-0.751,0.013,-0.099,-0.343,-0.343,-0.074,-0.074,-0.074,-0.074,-0.074,-0.074
-0.022,-0.022,0.002,-0.022,-0.014,0.022,-0.974,0.026,0.026,0.026,0.017,0.101,0.101,0.002,0.002,0.009,-0.02,0.046,-0.076,0.025,-0.002,-0.001,0.037,0.034,0.034,0.042,0.042,-0.001,-0.008,-0.062,-0.036,0.002,0.035,-0.134,-0.044,0.015,0.012,0.051,0.013,-0.013,-0.013,-0.013,0.009,-0.023,-0.023,0.051,0.003,0.022,-0.017,0.015,-0.029,-0.011,-0.031,-0.031,-0.031,-0.031,-0.031,-0.031,-0.031,-0.055,-0.066,1.94,-0.007,-0.143,0.008,-0.06,-0.06,0.051,0.051,0.051,0.051,0.051,0.01
-0.005,0.001,0.001,-0.007,-0.007,-0.007,-0.007,-0.007,-0.007,-0.007,0.001,0.001,0.001,-0.016,-0.016,-0.016,-0.007,-0.017,0.58,0.58,0.58,0.58,0.58,0.58,0.58,0.578,0.578,0.578,0.584,0.584,-0.019,-0.019,-0.009,-0.016,-0.004,-0.004,-0.004,0.008,0.573,0.573,0.573,0.573,0.573,0.573,0.573,-0.007,-0.007,0.571,0.599,0.006,-0.006,-0.015,0.002,0.002,0.002,0.002,0.002,0.002,0.002,0.002,0.002,0.004,0.004,-0.01,-0.019,-0.01,-0.01,0.138,0.138,0.135,0.135,0.135,0.135
0.079,0.079,0.079,-0.017,-0.002,-0.002,-0.002,-0.002,-0.002,-0.002,0.013,-0.442,-0.442,-0.014,-0.014,-0.018,0.009,-0.28,0.091,0.091,0.091,0.996,0.979,0.247,0.247,0.024,0.024,0.761,0.245,0.266,-0.019,-0.019,-0.019,-0.013,-0.013,-0.006,-0.016,-0.025,-0.07,-0.07,-0.07,-0.07,-0.07,-0.021,-0.021,-0.025,-0.01,-0.003,-0.011,0.569,-0.007,-0.007,-0.04,-0.04,-0.04,-0.04,-0.04,-0.04,-0.04,-0.04,-0.045,0.012,0.012,-0.043,-0.002,-0.03,-0.03,0.049,0.049,0.049,0.042,0.042,0.042
-0.003,-0.003,0.008,-0.003,-0.004,-0.004,-0.004,-0.004,-0.004,-0.004,0.012,0.012,0.012,0.0,0.0,0.0,0.023,0.027,0.0,0.0,0.0,-0.003,-0.003,-0.003,-0.003,0.002,0.002,0.003,0.003,-0.052,-0.019,0.022,0.018,0.007,0.005,0.024,0.008,0.008,0.002,0.002,0.002,0.002,0.002,-0.013,-0.013,-0.005,-0.005,0.016,-0.013,0.005,-0.006,-0.006,-0.001,-0.001,-0.001,-0.001,-0.001,-0.001,-0.001,-0.001,-0.001,-0.002,-0.002,-0.033,-0.014,-0.009,-0.009,0.009,0.009,0.009,0.009,0.009,0.009
-0.521,-0.521,-0.534,-0.133,-0.133,-0.133,-0.133,-0.133,-0.133,-0.133,-0.315,-0.315,-0.315,0.287,0.287,-0.744,-0.056,-0.077,0.33,0.33,0.09,0.056,0.056,0.056,0.056,-0.461,-0.461,0.201,0.037,0.037,-0.318,-0.305,-0.305,0.024,0.024,0.024,0.024,0.024,-0.303,-0.303,-0.303,-0.303,-0.303,-0.303,-0.303,0.312,0.312,-0.173,-0.173,-0.294,0.311,0.284,-0.646,-0.646,-0.646,0.067,0.067,0.067,0.067,0.067,0.07,-0.658,-0.658,-0.308,-0.336,-0.286,-0.286,0.0,0.0,0.0,0.0,0.0,0.0
0.011,0.011,0.053,0.025,0.025,0.025,0.025,0.025,0.025,0.025,0.002,-0.02,-0.02,0.007,0.003,-0.008,0.007,-0.008,-0.004,-0.004,-0.004,-0.004,-0.004,-0.004,-0.004,-0.009,-0.009,-0.001,0.016,0.016,-0.002,-0.002,-0.002,-0.001,0.002,-0.002,-0.002,-0.002,0.007,-0.002,-0.002,-0.002,0.001,-0.002,-0.002,0.021,0.021,0.004,0.004,0.022,0.009,0.012,0.005,0.019,0.019,0.019,0.019,0.019,0.019,0.019,0.019,0.001,0.001,-0.001,0.012,0.017,0.017,0.012,0.012,0.012,0.012,0.012,0.012
0.018,0.018,0.009,-0.007,-0.009,-0.009,-0.004,-0.004,-0.004,-0.004,-0.014,-0.01,-0.01,-0.008,-0.008,-0.008,-0.008,-0.006,0.441,0.441,0.433,0.431,0.431,0.431,0.431,-0.002,-0.002,-0.002,0.005,0.005,-0.003,-0.003,-0.003,-0.004,-0.004,-0.004,-0.004,-0.004,0.425,0.425,0.425,0.425,0.425,0.417,0.417,-0.017,-0.017,0.0,0.0,0.023,0.01,-0.006,0.01,0.01,0.01,0.01,0.01,0.01,0.01,0.01,0.02,0.001,0.001,-0.007,0.0,0.015,0.015,0.047,0.047,0.047,0.047,0.047,0.04
-0.515,-0.515,-0.515,-0.274,-0.274,-0.274,-0.274,-0.274,-0.274,-0.274,-0.511,-0.527,-0.527,-0.509,-0.509,-0.509,0.585,0.035,0.539,0.539,0.493,0.606,0.606,0.606,0.606,0.001,0.001,0.001,0.039,0.036,0.0,0.039,0.012,-0.529,0.015,-0.545,-0.545,-0.545,0.043,0.043,0.043,0.043,0.043,-0.028,-0.028,-0.006,-0.534,-0.515,-0.515,-0.44,-0.051,0.001,0.437,-0.569,-0.569,-0.009,-0.009,0.492,0.198,0.997,-1.01,-0.541,-0.541,-0.08,-0.532,-0.558,-0.558,-0.123,-0.123,-0.123,-0.123,-0.123,-0.123
0.012,0.012,-0.005,0.549,0.549,0.549,0.549,0.549,0.549,0.549,-0.025,-0.018,0.048,-0.024,-0.024,-0.028,-0.019,-0.019,0.542,0.542,0.542,0.542,0.542,0.542,0.542,-0.018,-0.018,0.562,0.0,0.0,-0.019,-0.019,-0.036,-0.021,-0.021,-0.021,-0.021,-0.021,0.0,0.0,0.0,0.0,0.0,-0.017,-0.017,0.532,0.532,-0.577,-0.577,0.014,0.556,0.566,-0.563,-0.563,-0.563,0.023,0.023,0.023,0.023,0.023,0.023,-0.582,-0.582,0.016,-0.004,0.013,0.013,0.098,0.098,0.098,0.098,0.098,0.098
-0.894,-0.894,-0.958,0.027,0.027,0.027,0.027,0.027,0.027,0.027,-0.045,-0.045,-0.045,-0.019,-0.019,-0.022,0.033,-0.004,0.01,0.01,0.03,0.01,0.01,0.038,0.038,-0.011,-0.011,0.016,0.04,0.04,0.033,0.035,0.027,-0.031,0.057,-0.022,-0.022,-0.001,0.0,0.0,0.0,0.0,0.0,0.039,0.07,1.84,1.84,0.027,0.08,-0.888,0.091,0.091,0.101,0.101,0.101,0.101,0.101,0.101,0.101,0.101,0.101,-0.957,-0.957,0.112,0.037,-0.884,-0.884,-0.013,-0.05,-0.05,-0.05,-0.05,-0.03
0.076,0.016,0.012,-0.001,-0.009,-0.009,-0.009,-0.009,-0.009,-0.009,-0.021,-0.05,-0.05,-0.035,-0.028,-0.055,-0.015,-0.015,0.812,0.812,0.777,0.825,0.788,0.788,0.788,1.11,1.11,1.14,0.05,0.07,-0.002,0.006,0.014,-0.017,-0.017,-0.017,-0.017,-0.017,0.0,0.0,0.0,0.0,0.0,0.019,0.021,3.32,3.32,-0.807,-0.826,-0.791,0.057,0.031,-0.797,-0.797,0.896,0.065,0.065,0.065,0.065,0.065,0.836,-0.817,-0.817,0.023,0.046,0.063,0.063,0.081,0.081,-0.002,-0.002,-0.002,0.042
0.011,0.011,0.0,0.25,0.28,0.28,0.28,0.28,-0.335,-0.335,0.316,0.316,0.316,0.032,-0.034,-0.017,0.223,-0.012,0.281,0.333,0.333,0.312,0.328,0.304,0.304,-0.401,-0.049,1.53,-0.011,-0.007,-0.001,0.121,0.121,0.248,0.237,-0.786,0.257,0.234,-0.018,-0.018,-0.018,-0.018,-0.03,-0.037,-0.037,0.254,0.254,-0.017,-0.014,-0.296,0.279,0.28,-0.324,-0.324,-0.324,0.307,0.307,0.307,0.307,0.307,0.262,-0.345,-0.345,-0.031,-0.06,-0.002,-0.002,0.132,0.132,0.132,0.132,0.132,0.097
0.002,0.002,0.002,-0.006,-0.006,-0.006,-0.006,-0.006,-0.006,-0.006,-0.002,-0.002,-0.002,-0.008,-0.008,-0.634,0.0,-0.009,-0.01,-0.01,-0.01,-0.01,-0.01,-0.01,-0.01,-0.012,-0.012,-0.008,0.0,0.0,-0.008,-0.008,-0.008,-0.026,-0.003,-0.003,-0.003,-0.003,-0.003,-0.003,-0.003,-0.003,-0.003,-0.003,-0.003,0.593,0.593,0.002,0.002,0.009,-0.006,-0.006,0.012,0.012,0.012,0.012,0.012,0.012,0.012,0.012,0.01,0.0,0.0,-0.004,-0.001,0.006,0.006,0.051,0.051,0.051,0.051,0.051,0.051
-0.362,-0.362,-0.356,-0.358,-0.358,-0.358,-0.358,-0.358,-0.358,-0.358,-0.358,-0.318,-0.318,0.012,0.008,0.008,0.316,0.027,0.009,0.019,0.019,0.019,0.019,0.019,0.019,-0.33,-0.33,-0.364,0.009,0.009,-0.238,-0.355,-1.13,0.037,0.037,0.037,0.037,0.037,0.016,0.015,0.015,0.015,0.012,-0.017,-0.017,0.409,0.667,-0.364,-0.364,0.018,0.014,0.014,-0.366,-0.366,-0.366,-0.365,-0.365,-0.365,-0.365,-0.365,-0.366,-0.741,-0.741,-0.01,-0.366,-0.371,-0.371,-0.113,-0.113,-0.113,-0.113,-0.113,-0.113
0.001,0.001,-0.003,-0.011,-0.011,-0.011,-0.011,-0.011,-0.011,-0.011,1.28,-0.678,-0.678,-0.006,-0.006,-0.002,0.002,-0.032,0.012,0.007,0.001,-0.663,-0.011,-0.022,-0.022,-0.014,-0.014,-0.013,-0.009,-0.009,-0.011,0.649,0.654,-0.664,0.0,0.0,0.0,0.0,0.014,0.014,0.014,0.014,0.014,-0.004,-0.004,0.012,0.012,0.012,-0.011,-0.005,-0.026,-0.013,0.004,0.004,0.004,0.004,0.004,0.004,0.004,0.004,0.008,-0.001,-0.001,-0.023,0.015,-0.011,-0.011,0.064,0.064,0.064,0.064,0.064,0.058
-0.034,-0.034,-0.01,0.013,0.013,0.013,0.013,0.017,0.017,0.017,-0.935,-0.939,-0.939,-0.001,-0.001,-0.001,0.0,0.0,-0.005,-0.005,-0.005,-0.005,-0.005,-0.005,-0.005,-0.932,2.66,1.83,0.0,0.0,-0.002,0.007,0.007,-0.027,-0.014,-0.014,-0.014,-0.014,-0.009,-0.009,-0.009,-0.009,-0.009,-0.009,-0.009,-0.013,-0.013,0.001,-0.018,0.007,0.001,0.001,-0.959,-0.959,-0.959,0.853,0.853,0.853,0.853,0.853,0.919,0.042,-0.935,-0.052,0.014,-0.022,-0.022,0.083,0.05,0.05,0.05,0.05,0.078
-0.297,-0.297,-0.297,0.224,0.224,0.224,0.224,0.224,0.224,0.224,0.024,0.024,0.024,-0.359,-0.359,-0.359,0.058,0.046,0.528,0.528,0.514,0.505,0.511,0.511,0.511,-0.342,-0.342,0.093,0.04,0.04,0.049,-0.736,-0.311,-0.314,-0.314,-0.314,-0.314,-0.314,-0.307,-0.309,-0.309,-0.309,-0.309,-0.309,-0.309,0.473,0.473,-0.746,-0.734,-0.73,0.907,0.372,-0.283,-0.283,-0.283,-0.283,-0.283,-0.283,-0.283,-0.295,-0.295,-0.752,-0.752,-0.274,0.075,-0.29,-0.29,-0.524,-0.524,0.161,0.193,0.193,0.193
0.005,0.005,0.005,0.0,0.0,0.0,0.0,0.0,0.0,0.0,-0.001,-0.001,-0.001,-0.009,0.003,-0.001,-0.002,-0.002,-0.001,-0.001,-0.001,-0.001,-0.001,-0.001,-0.001,-0.007,-0.007,-0.007,0.006,0.006,-0.005,0.005,0.005,0.027,0.001,0.001,0.001,0.001,0.0,0.0,0.0,0.0,0.0,0.0,0.0,-0.007,-0.007,0.0,0.0,0.003,-0.022,-0.005,0.002,0.002,0.002,0.002,0.002,0.002,0.002,0.002,0.002,-0.002,-0.002,-0.015,0.001,0.002,0.002,0.006,0.006,0.006,0.006,0.006,0.004
-0.458,-0.458,-0.473,0.008,0.008,0.008,0.008,0.008,0.008,0.008,-0.472,-0.472,-0.472,0.002,0.002,0.002,-0.48,-0.48,0.511,0.491,0.491,0.491,0.491,0.491,0.491,-0.003,-0.003,-0.003,-0.003,-0.003,-0.465,-0.465,-0.465,0.04,0.001,0.001,0.001,0.001,0.008,0.008,0.008,0.008,0.008,0.008,0.008,0.0,0.0,-0.468,-0.469,-0.463,0.04,0.034,0.039,0.039,0.028,0.028,0.028,0.028,0.028,0.028,0.028,-0.473,-0.473,-0.433,0.024,-0.443,-0.443,-0.08,-0.08,-0.08,-0.08,-0.08,-0.08
-0.01,-0.01,-0.002,-0.001,0.001,0.001,0.001,0.001,0.001,0.001,-0.01,-0.01,-0.01,0.0,0.0,-0.005,0.0,0.0,0.002,0.002,0.002,0.002,0.002,0.002,0.002,0.003,0.003,0.003,-0.002,-0.002,0.004,0.004,-0.775,-0.003,-0.003,-0.003,-0.003,-0.003,0.002,0.002,0.002,0.002,0.002,0.002,0.002,-0.003,-0.003,-0.005,-0.02,0.001,0.002,0.002,0.0,0.0,0.0,0.0,0.0,0.0,0.0,0.0,0.0,-0.003,-0.003,-0.001,0.004,0.002,0.002,0.003,0.003,0.003,0.003,0.003,0.003
-0.337,-0.337,-0.381,0.028,0.028,0.028,0.028,0.028,0.028,0.028,-0.563,-0.563,-0.563,-0.409,-0.409,-0.409,0.457,0.422,0.107,0.068,0.056,0.055,0.055,0.055,0.055,-0.823,-0.823,0.917,0.039,0.039,0.014,0.01,0.01,-0.366,-0.346,-0.377,-0.377,-0.377,-0.353,-0.353,-0.353,-0.353,-0.381,-0.363,-0.363,1.41,1.41,-0.794,-0.794,-0.402,0.096,0.096,-0.755,-0.755,-0.755,-0.187,-0.187,-0.187,-0.756,-0.756,-0.756,-1.29,-0.817,-0.084,0.066,0.128,0.128,-0.037,-0.037,-0.037,-0.037,-0.037,-0.037
-0.954,-0.933,0.034,0.007,0.053,0.053,0.053,0.073,0.073,0.073,-1.01,-1.01,-1.01,-0.012,-0.012,-0.012,0.088,-0.003,0.066,0.027,-0.003,0.016,0.016,0.016,0.016,0.02,0.02,-0.017,0.034,0.034,0.008,-1.29,0.075,1.03,-1.01,-1.01,-1.01,-1.04,0.031,0.031,0.031,0.031,0.031,0.031,0.031,0.963,0.997,0.011,0.011,0.056,0.173,0.044,-0.937,-0.951,-0.951,-0.951,-0.951,-0.953,-0.953,-0.953,-0.933,-1.0,-1.0,-0.927,-0.99,-0.957,-0.957,-0.255,-0.255,-0.255,-0.255,-0.255,-0.255
-0.567,-0.567,-0.543,-0.583,-0.553,-0.553,-0.553,-0.553,-0.553,-0.553,-0.52,-1.14,-1.14,-1.06,-0.462,-0.462,0.027,-0.542,0.636,0.636,0.636,0.636,0.636,0.636,0.636,0.013,0.013,0.619,-0.092,-0.179,0.009,0.008,0.008,-0.06,-0.06,-0.06,-0.06,-0.06,0.004,0.014,0.014,0.014,0.014,-0.003,-0.003,1.17,1.17,-0.548,-0.627,-0.046,-0.011,-0.033,-0.616,-0.012,-0.012,-0.012,-0.012,-0.012,-0.012,-0.012,-0.016,-0.568,-0.568,0.045,-0.032,-0.041,-0.041,0.531,0.531,-0.595,-0.595,-0.595,-0.038
-0.027,-0.027,-0.027,0.002,0.002,0.002,0.002,0.002,0.002,0.002,0.015,0.015,0.015,-0.013,-0.013,-0.013,-0.012,-0.008,0.849,0.849,0.826,0.826,0.826,0.826,0.826,0.818,0.818,0.83,-0.035,-0.035,-0.023,-0.023,-0.862,-0.022,-0.093,-0.014,-0.014,-0.014,0.812,0.812,0.812,0.812,0.812,0.794,0.794,0.01,0.01,0.72,0.706,-0.026,-0.109,-0.056,-0.099,-0.099,-0.099,3.66,3.66,-0.109,-0.109,-0.038,-0.065,-0.628,-0.63,0.583,-0.2,-0.08,-0.08,0.137,0.137,0.137,0.137,0.137,0.137
0.013,0.013,0.002,-0.009,-0.002,-0.002,-0.002,-0.002,-0.002,-0.002,-0.01,-0.01,-0.01,-0.014,-0.014,-0.014,-0.006,-0.012,0.805,0.805,0.805,0.807,0.807,0.807,0.807,-0.016,-0.016,-0.016,0.014,0.014,-0.005,-0.005,0.006,-0.005,-0.005,-0.005,-0.005,-0.005,0.789,0.789,0.789,0.789,0.789,0.794,0.794,0.784,0.784,-0.006,-0.004,0.005,-0.01,0.005,0.001,0.001,0.001,0.001,0.001,0.001,0.001,0.001,0.001,0.003,0.003,-0.019,-0.004,0.003,0.003,0.141,0.141,0.141,0.141,0.141,0.141
-0.368,-0.368,-0.384,0.009,-0.004,-0.004,-0.004,-0.004,-0.004,-0.004,-0.015,-0.015,-0.015,0.364,0.364,0.364,0.379,0.379,0.353,0.353,0.353,0.353,0.353,0.353,0.353,-0.009,-0.009,-0.009,-0.38,-0.374,-0.001,0.008,0.008,-0.378,-0.385,-0.395,-0.395,-0.395,0.186,0.186,0.186,0.186,0.186,0.186,-0.018,0.591,0.591,-0.378,-0.389,0.026,0.424,0.415,-0.379,-0.379,-0.379,0.029,0.029,0.029,0.029,0.029,0.029,-0.382,-0.382,0.012,-0.004,-0.37,-0.37,0.026,0.026,0.026,0.026,0.026,0.026
0.004,0.004,-0.001,0.009,0.002,0.002,0.002,0.002,0.002,0.002,0.0,0.0,0.0,-0.002,-0.002,-0.002,0.02,0.02,-0.007,-0.007,-0.007,-0.001,-0.001,-0.001,-0.001,0.69,0.69,0.749,-0.004,-0.004,-0.016,-0.003,-0.003,0.001,-0.009,-0.009,-0.009,-0.009,0.507,0.507,0.507,0.504,0.504,0.504,0.504,-0.019,-0.019,-0.004,-0.004,0.0,-0.011,-0.001,0.001,0.001,0.001,0.001,0.001,0.001,0.001,0.001,0.001,0.174,0.174,0.0,-0.008,-0.009,-0.009,0.087,0.087,0.087,0.087,0.087,0.087
0.009,0.009,0.0,0.006,0.006,0.006,0.006,0.006,0.006,0.006,-0.017,-0.015,-0.015,-0.012,-0.012,-0.035,0.002,0.002,1.17,1.17,1.17,0.011,0.011,0.011,0.011,-0.017,-0.017,1.13,-0.072,-0.072,-0.007,-0.007,-0.007,-0.002,-0.002,-0.002,-0.002,-0.042,0.004,0.004,0.004,0.004,0.004,0.004,0.004,0.132,0.132,-0.001,-0.011,0.014,-0.004,-0.004,-0.583,-0.583,-0.583,0.016,0.016,0.016,0.016,0.016,0.03,-0.022,-0.022,0.001,-0.018,0.004,0.004,0.046,0.046,0.046,0.046,0.046,0.062
0.002,0.002,0.002,-0.002,-0.002,-0.002,-0.002,-0.002,-0.002,-0.002,0.01,-0.009,-0.009,-0.008,-0.008,0.0,0.002,0.003,0.011,0.011,-0.005,-0.005,-0.005,-0.008,-0.008,-0.004,-0.004,-0.011,-0.005,-0.005,-0.015,0.002,0.002,-0.959,0.001,0.001,0.001,0.001,0.002,0.002,0.002,0.002,0.002,0.002,0.002,-0.003,-0.003,0.001,-0.017,0.003,-0.013,-0.013,-0.001,-0.001,-0.001,-0.001,-0.001,-0.001,-0.001,-0.001,-0.001,-0.011,-0.011,-0.013,0.003,-0.007,-0.007,0.005,0.005,0.005,0.005,0.005,0.005
0.005,0.005,0.005,-0.005,-0.005,-0.005,-0.005,-0.005,-0.005,-0.005,0.0,0.0,0.0,-0.005,-0.005,0.0,0.003,-0.003,0.004,0.004,0.004,0.004,-0.002,-0.002,-0.002,-0.015,-0.015,-0.015,0.008,0.008,-0.006,-0.006,-0.006,-0.001,-0.001,-0.001,-0.001,-0.001,0.008,0.01,0.01,0.01,0.001,0.001,0.001,-0.009,-0.009,-0.003,-0.003,0.002,-0.011,-0.011,0.003,0.003,0.003,0.003,0.003,0.003,0.003,0.003,0.003,0.008,0.008,-0.032,-0.759,-0.022,-0.022,0.003,0.003,-0.023,-0.023,-0.023,-0.023
-0.375,-0.336,-0.3,0.0,0.05,0.05,0.05,0.05,0.05,0.05,-0.293,-0.293,-0.293,-0.096,-0.29,-0.311,-0.253,-0.253,0.599,0.618,0.875,0.008,0.008,0.008,0.008,-0.353,-0.353,1.01,0.026,-0.035,-0.09,-0.077,-0.077,0.137,0.137,0.137,0.137,0.137,-0.01,-0.01,-0.01,0.0,0.0,-0.053,-0.102,0.319,0.319,0.276,-0.317,-0.002,-0.03,-0.03,-0.364,-0.364,-0.364,0.303,0.303,0.303,0.303,0.303,0.303,-0.324,-0.311,0.446,-0.314,0.268,0.279,0.024,0.024,0.024,0.024,0.024,-0.005
-0.307,-0.307,-0.244,0.033,0.033,0.033,0.033,0.033,0.033,0.033,-0.354,-0.354,-0.354,-0.233,-0.233,-0.233,0.373,0.373,0.386,0.386,0.363,0.363,0.363,0.363,0.363,0.019,0.019,0.028,-0.132,-0.132,-0.085,-0.085,-0.085,-0.356,-0.336,-0.326,-0.326,-0.326,-0.242,-0.242,-0.242,-0.242,-0.242,-0.242,-0.242,1.24,1.24,0.35,0.35,0.0,0.388,0.388,-0.335,-0.335,-0.335,-0.335,-0.335,-0.335,-0.335,-0.335,-0.335,-0.767,-0.767,0.036,-0.331,-0.343,-0.343,-0.007,-0.007,-0.007,-0.007,-0.007,-0.007
0.015,0.015,-0.006,0.418,0.418,0.418,0.418,0.418,0.418,0.418,-0.023,-0.023,-0.023,-0.48,-0.485,-0.485,-0.011,-0.018,0.0,0.0,0.0,0.0,-0.002,0.021,0.021,0.571,0.571,0.571,0.028,0.045,-0.462,-0.453,-0.453,0.446,-0.475,-0.475,-0.481,-0.471,0.765,-0.074,-0.074,-0.074,-0.074,-0.074,-0.074,0.572,0.572,0.441,0.454,-0.439,0.058,-0.44,0.033,0.033,0.033,0.033,0.033,0.033,0.033,0.033,0.033,-0.958,-0.965,0.04,-0.457,-0.42,-0.42,0.007,0.007,0.007,0.007,0.007,0.007
0.259,0.259,0.676,0.245,0.245,0.245,0.245,0.245,0.245,0.245,0.0,0.0,0.0,-0.252,-0.252,-0.775,0.277,-0.253,0.257,0.257,0.257,-0.267,0.276,-0.226,-0.226,1.16,1.16,1.16,0.272,0.272,-0.206,-0.199,-0.199,0.686,-0.745,-0.751,-0.751,-0.754,-0.249,-0.272,0.224,0.224,0.224,0.234,0.271,0.274,-0.222,-0.195,-0.195,-0.699,-0.171,-0.171,-0.742,-0.724,-0.724,-0.203,-0.203,-0.203,-0.203,-0.203,-0.203,-1.28,-1.28,0.288,-0.167,-0.299,-0.299,-0.207,-0.177,-0.173,-0.173,-0.173,-0.21
0.023,0.023,0.041,0.348,0.336,0.342,0.342,0.343,0.343,0.343,-0.569,-0.569,-0.569,-0.217,-0.217,-0.217,0.523,0.518,1.06,1.06,1.06,1.06,1.08,1.08,1.08,-0.095,-0.095,-0.049,0.892,0.892,-0.011,-0.011,-0.011,0.001,0.001,0.001,0.001,0.001,-0.001,-0.001,-0.001,-0.003,-0.003,-0.003,-0.003,1.41,1.41,0.0,0.018,-0.547,1.15,-0.553,-0.549,-0.549,-0.549,0.042,0.042,-0.543,-0.543,-0.543,0.025,-1.15,-1.15,-0.154,-0.477,-0.548,-0.548,0.033,0.033,0.046,0.046,0.046,0.046
-0.795,-0.795,0.017,-0.834,0.005,0.005,0.005,0.005,0.005,0.005,-0.023,-0.05,-0.05,-0.01,-0.01,-0.04,0.015,-0.012,0.0,0.0,-0.019,-0.034,0.698,0.698,0.698,-0.829,-0.829,0.797,0.029,0.029,0.0,0.017,0.024,0.07,0.026,-0.02,-0.818,0.005,0.028,0.028,0.028,0.028,-0.006,0.018,0.018,0.691,0.691,-0.815,-0.815,0.042,0.073,0.018,-0.808,-0.808,-0.808,0.049,0.049,0.049,0.049,0.049,0.049,-0.803,-0.803,0.015,0.003,0.034,0.034,-0.063,-0.063,-0.063,-0.063,-0.063,-0.083
-0.153,-0.153,-0.164,-0.157,-0.157,-0.157,-0.157,-0.157,-0.157,-0.157,0.399,0.399,0.399,-0.181,-0.181,-0.169,-0.001,-0.023,0.085,0.085,0.023,0.023,0.023,0.023,0.023,0.026,0.026,1.01,-0.177,-0.177,-0.018,-0.402,0.465,0.018,0.017,0.017,0.017,0.017,1.51,0.083,0.083,0.083,0.065,0.085,0.085,0.003,0.013,0.08,-0.429,-0.042,-0.035,-0.002,-0.42,-0.42,0.153,0.036,0.036,0.086,0.086,0.086,0.052,-0.29,-0.29,0.094,0.05,-0.148,-0.148,0.0,0.0,0.0,0.0,0.0,0.001
0.021,0.021,0.021,-0.024,-0.024,-0.024,-0.024,-0.024,-0.024,-0.024,-0.69,-0.69,-0.69,0.002,0.002,0.002,0.001,0.001,0.67,0.67,0.67,0.67,0.67,0.67,0.67,-0.746,-0.746,0.676,0.675,0.687,0.01,0.0,0.0,-0.002,-0.002,-0.005,-0.005,-0.005,0.003,-0.009,-0.009,-0.009,-0.009,-0.009,-0.007,0.692,0.692,-0.697,-0.77,-0.729,-0.008,0.025,-0.74,-0.74,-0.74,0.544,0.544,-0.063,-0.063,-0.063,-0.062,-0.718,-0.718,-0.013,0.013,0.009,0.009,-0.03,-0.03,-0.03,-0.03,-0.03,-0.03
0.003,0.003,0.003,-0.576,-0.575,-0.575,-0.575,-0.58,-0.58,-0.58,-0.134,-0.134,-0.134,0.804,0.804,0.804,-0.046,-0.057,1.71,1.71,1.26,1.26,1.26,1.26,1.26,-0.016,-0.016,-0.06,-0.016,0.061,-0.056,-0.032,-0.032,-0.545,-0.545,-0.559,-0.559,-0.559,-0.055,-0.055,-0.038,-0.038,-0.038,-0.038,-0.038,2.09,2.06,-0.159,-0.14,0.032,0.555,0.51,-0.513,-0.509,-0.509,0.055,0.055,0.044,0.044,0.044,0.044,-1.12,-1.06,0.035,0.459,-0.49,-0.49,-0.072,-0.072,-0.072,-0.072,-0.072,0.373
-0.014,-0.014,0.007,-0.044,-0.044,-0.044,-0.044,-0.044,-0.044,-0.044,0.391,0.391,0.391,-0.033,-0.033,-0.033,-0.007,-0.021,0.872,0.872,0.372,0.354,0.354,0.354,0.354,1.75,1.75,-0.018,0.03,0.03,0.011,0.011,0.011,0.016,0.022,-0.001,-0.001,-0.001,0.013,0.0,0.0,0.0,0.0,0.0,0.0,1.24,1.23,-0.316,-0.316,-0.506,0.026,0.05,-0.602,-0.602,-0.602,0.099,0.099,0.099,0.099,0.099,0.099,-0.621,-1.29,0.047,0.024,0.133,0.133,-0.276,-0.276,-0.276,0.28,0.28,0.309
-0.164,-0.164,-0.191,0.282,0.282,0.282,0.282,0.282,0.282,0.282,0.266,0.266,0.266,-0.221,-0.221,-0.221,0.223,0.223,0.302,0.302,0.281,0.359,0.359,0.359,0.359,0.709,0.709,0.287,0.309,0.339,-0.206,-0.19,-0.19,-0.197,-0.197,-0.197,-0.197,-0.197,0.164,0.164,0.164,0.164,0.164,0.117,0.117,1.62,1.57,-0.196,-0.196,-0.171,0.023,0.043,-0.182,-0.182,-0.182,-0.177,-0.177,-0.177,-0.177,-0.177,-0.178,-0.723,-0.723,0.295,-0.207,-0.155,-0.155,0.011,0.011,0.011,0.011,0.011,0.0
-0.337,-0.291,0.051,0.018,0.018,0.018,0.018,0.018,0.018,0.018,-0.271,-0.275,-0.275,-0.291,-0.276,-0.276,0.049,0.056,0.571,0.571,0.537,0.537,0.537,0.537,0.54,0.306,0.306,0.304,0.055,0.055,-0.025,-0.046,-0.046,-0.011,0.01,-0.007,-0.007,-0.007,-0.133,-0.133,-0.133,-0.133,-0.133,-0.133,-0.204,-0.014,-0.014,-0.202,-0.202,0.0,0.024,0.022,-0.667,-0.667,-0.667,3.66,3.66,0.03,0.03,0.03,0.044,-0.62,-0.62,-0.013,-0.299,0.0,0.0,-0.042,-0.042,-0.042,-0.042,-0.042,0.04
-0.391,-0.391,0.043,-0.01,-0.01,-0.01,-0.01,-0.01,-0.01,-0.01,-0.055,-0.055,-0.055,0.032,0.032,0.031,-0.053,-0.053,0.02,0.02,0.02,0.02,0.02,0.02,0.02,-0.024,-0.024,-0.029,0.084,0.084,0.053,-0.391,-0.391,-0.021,-0.021,-0.021,-0.021,-0.021,0.0,0.0,0.0,0.0,0.0,0.0,0.0,-0.008,-0.008,0.042,0.053,-0.339,0.016,0.016,-0.028,-0.028,-0.028,-0.028,-0.028,-0.028,-0.028,-0.028,-0.028,-0.393,-0.393,-0.024,0.061,0.054,0.054,-0.031,-0.031,-0.031,-0.031,-0.031,-0.031
0.01,0.01,0.01,-0.004,-0.004,-0.004,-0.004,-0.004,-0.004,-0.004,0.441,0.496,0.496,-0.016,-0.02,-0.02,-0.006,-0.016,0.0,0.0,0.0,0.0,0.0,0.0,0.0,0.748,0.748,2.96,0.456,0.456,0.343,-0.011,-0.011,0.009,0.009,-0.013,-0.013,0.002,0.009,0.009,0.009,0.009,-0.016,-0.005,0.047,0.418,0.418,-0.002,0.004,-0.036,0.058,0.012,-0.495,-0.504,-0.504,0.626,0.626,0.081,0.081,0.081,-0.493,-0.326,-0.326,0.026,0.006,0.018,0.018,0.049,0.049,0.049,0.049,0.049,0.025
-0.178,-0.178,-0.178,0.184,0.184,0.184,0.184,0.184,0.184,0.184,-0.194,-0.17,-0.17,-0.189,-0.189,-0.189,0.095,0.108,1.12,1.12,1.33,0.0,0.0,0.0,0.0,0.143,0.143,0.664,-0.485,-0.485,-0.042,-0.042,-0.193,0.181,0.181,0.181,0.181,0.181,0.384,0.379,0.379,0.379,-0.187,-0.187,-0.187,0.757,0.757,-0.184,-0.497,0.071,0.132,0.12,-0.496,-0.778,-0.778,0.133,0.133,0.133,0.133,0.133,0.133,-0.504,-0.504,0.293,-0.191,-0.174,-0.174,0.021,0.021,0.021,0.021,0.021,0.003
-0.021,-0.021,-0.04,0.005,0.027,0.022,0.022,0.022,0.022,0.022,0.023,0.023,0.023,-0.326,-0.326,-1.24,-0.007,0.096,0.216,0.216,0.216,0.052,0.05,0.05,0.05,-0.268,-0.268,0.908,-0.057,-0.057,0.0,0.003,0.003,0.009,0.007,0.007,0.007,0.007,0.043,0.043,0.043,0.043,-0.066,0.023,0.023,0.592,0.592,-0.269,-0.319,-0.426,0.054,0.054,-0.498,-0.498,-0.498,0.127,0.127,0.127,0.127,0.113,0.113,-0.548,-0.548,-0.251,-0.262,-0.051,-0.051,-0.009,-0.009,-0.009,-0.009,-0.009,-0.009
-0.472,-0.472,-0.434,0.037,0.037,0.037,0.037,0.037,0.037,0.037,-0.483,-0.483,-0.483,-0.541,-0.514,-0.51,0.55,0.043,1.15,1.15,1.09,0.02,0.02,0.02,0.02,-0.546,-0.546,0.52,-0.015,-0.016,0.503,-0.514,-0.532,0.024,0.013,0.018,-0.007,-0.007,-1.04,-0.176,-0.124,-0.22,-0.515,-0.293,-0.55,0.976,0.976,-0.506,-0.529,-0.519,-0.015,0.0,-0.562,-0.532,-0.532,0.013,0.013,0.013,0.013,0.013,0.013,-0.526,-0.526,-0.552,-0.54,-0.435,-0.435,-0.108,-0.108,-0.108,-0.108,-0.108,-0.108
0.027,0.027,0.002,-0.014,-0.014,-0.014,-0.014,-0.014,-0.014,-0.014,-0.065,-0.065,-0.065,-0.04,-0.04,-0.04,0.339,0.325,1.15,1.15,1.14,1.14,1.14,1.14,1.14,0.574,0.574,0.605,0.004,0.004,-0.021,-0.014,-0.014,-0.019,-0.012,-0.037,-0.037,-0.037,-0.006,-0.006,-0.006,-0.006,-0.006,-0.006,-0.006,2.47,2.47,-0.044,-0.054,0.003,0.446,0.446,0.001,0.001,0.001,0.001,0.001,0.001,0.001,0.001,0.001,-0.627,-0.627,0.016,-0.082,0.015,0.015,0.171,0.171,0.171,0.171,0.171,0.171
-1.08,-1.08,0.011,0.057,0.057,0.057,0.057,0.057,0.057,0.057,-0.537,-0.537,-0.537,0.041,0.041,0.041,-0.508,-0.514,-0.547,-0.547,-0.547,-0.547,-0.547,-0.547,-0.547,0.009,0.009,0.009,0.059,0.059,-0.553,-0.538,-0.538,-0.548,-0.548,-0.548,-0.548,-0.548,0.048,0.048,0.048,0.048,0.048,0.048,0.048,0.065,0.065,0.057,0.052,-0.567,0.083,0.064,-0.524,-0.524,-0.524,-0.524,-0.524,-0.524,-0.524,-0.524,-0.524,-1.08,-1.08,-0.005,0.035,0.044,0.044,-0.231,-0.231,-0.231,-0.231,-0.231,-0.252
0.001,0.001,0.015,-0.035,-0.017,-0.017,-0.017,-0.017,-0.017,-0.017,-0.048,-0.048,-0.048,0.012,-0.088,-0.158,0.0,0.0,0.12,0.12,0.08,0.079,0.071,0.071,0.071,-0.023,-0.023,0.063,0.008,0.008,0.008,-0.002,-0.002,0.008,-0.008,-0.014,-0.014,-0.014,-0.157,-0.075,-0.075,-0.075,-0.075,-0.075,-0.075,1.12,1.12,-0.994,-0.994,-0.012,0.078,0.124,-1.04,-1.02,-1.02,0.06,0.06,0.06,0.06,0.06,0.06,-1.03,-1.01,0.019,0.007,0.002,0.002,-0.029,-0.029,-0.029,-0.029,-0.029,-0.038
0.024,0.024,0.009,-0.001,-0.001,-0.001,-0.001,-0.001,-0.001,-0.001,0.726,0.675,0.675,-0.008,-0.008,-0.008,-0.686,-0.686,0.021,0.021,0.021,0.016,0.016,0.016,0.016,-0.697,-0.697,1.58,0.025,0.025,0.014,-0.685,-0.685,-0.635,0.004,0.004,0.004,0.003,-0.018,0.006,0.006,0.006,0.006,0.031,-0.019,-0.002,-0.002,0.014,0.014,-0.671,0.092,0.068,-0.675,-0.675,-0.675,0.057,0.057,0.057,0.057,0.059,0.059,-0.688,-0.688,0.062,0.791,0.054,0.054,-0.059,-0.059,-0.092,-0.092,-0.092,-0.092
0.006,0.006,0.001,-0.009,-0.005,-0.005,-0.005,-0.005,-0.005,-0.005,-0.01,-0.01,-0.01,0.065,0.065,0.065,1.12,1.13,1.19,1.19,1.24,1.22,1.22,1.22,1.22,-0.018,-0.018,-0.032,0.0,0.0,-0.014,-0.014,-0.014,-0.01,-0.01,-0.01,-0.01,-0.01,1.2,1.2,1.2,1.2,1.2,1.2,1.2,2.5,2.43,-0.01,-0.01,-0.002,1.24,1.24,0.002,0.002,0.002,0.002,0.002,0.002,0.002,0.002,0.002,-0.015,-0.015,-0.03,-0.026,0.008,0.008,0.376,0.371,0.371,0.371,0.371,0.376
-0.064,-0.064,-0.018,-0.026,-0.026,-0.026,-0.026,-0.026,-0.026,-0.026,-0.015,-0.015,-0.015,0.425,0.425,0.425,0.406,0.419,0.845,0.864,0.864,0.864,0.864,0.864,0.864,0.882,0.882,1.72,-0.11,-0.11,-0.025,-0.037,-0.037,0.335,0.321,0.321,0.321,0.321,-0.026,-0.026,-0.026,-0.026,-0.026,-0.026,-0.026,0.0,0.0,-0.03,-0.03,-0.025,0.854,0.891,-0.49,-0.49,-0.49,0.409,0.409,0.409,0.409,0.409,0.409,-0.466,-0.466,0.302,-0.466,-0.035,-0.035,1.2,1.2,-0.259,-0.259,-0.259,-0.263
-0.445,-0.445,-0.445,0.027,0.027,0.027,0.027,0.027,0.027,0.027,-0.429,-0.429,-0.429,-0.436,-0.436,-0.436,0.027,0.027,0.455,0.455,0.405,0.464,0.464,0.444,0.444,-0.193,-0.193,0.364,0.003,0.003,-0.002,0.562,-0.451,0.009,0.0,-0.122,-0.122,-0.122,-0.434,0.021,0.008,0.035,-0.418,-0.027,-0.037,0.084,0.084,0.029,-0.436,0.015,-0.021,0.425,-0.467,-0.467,-0.467,-0.002,-0.002,-0.003,-0.003,-0.003,-0.003,-1.14,-0.919,-0.077,-0.129,-0.03,-0.03,-0.008,-0.008,-0.008,-0.008,-0.008,-0.165
-0.89,-0.89,0.014,0.012,0.012,0.012,0.012,0.012,0.012,0.012,-0.786,-0.786,0.986,-0.808,-0.808,-0.808,-0.025,0.014,0.043,0.043,0.043,0.043,0.043,0.043,0.043,1.7,-0.045,3.14,-0.01,-0.01,-0.016,0.0,0.0,-0.866,0.782,0.816,-0.806,-0.004,0.013,0.013,0.013,0.013,0.013,0.0,0.0,-0.014,0.824,0.792,0.792,-0.011,0.765,-0.016,-0.887,-0.857,-0.857,0.768,0.768,0.768,0.768,0.768,0.088,-0.833,-0.833,-0.109,-0.833,-0.041,-0.041,-0.315,-0.29,-0.29,-0.29,-0.29,-0.324
-0.592,-0.592,-0.595,0.045,0.04,0.03,0.03,0.03,0.03,0.03,0.005,-0.024,-0.024,-0.624,-0.612,-0.623,0.012,0.0,1.24,0.582,1.19,-0.625,0.023,-0.001,-0.558,-0.66,-0.66,1.2,-0.596,-0.596,-0.035,-0.036,-0.036,0.021,0.015,0.002,0.002,0.002,0.01,-0.006,-0.006,-0.006,-0.006,-0.001,-0.001,0.654,0.654,-0.564,-0.594,0.082,0.051,0.04,-0.609,-0.609,-0.609,0.08,0.08,-0.575,-0.575,0.055,0.069,-0.601,-0.601,0.582,-0.062,-0.562,-0.562,-0.06,-0.06,-0.06,-0.06,-0.06,-0.06
0.0,0.0,0.022,0.023,0.023,0.023,0.023,0.023,0.023,0.023,-0.626,-0.644,-0.644,-0.622,-0.622,-0.632,0.033,0.012,0.034,0.034,0.015,0.013,0.013,0.013,0.013,-0.607,-0.607,3.66,0.019,-0.674,-0.648,-0.627,-0.627,-0.63,-0.63,-0.598,-0.635,0.012,0.022,0.022,0.022,0.022,0.022,0.022,0.022,0.011,0.011,0.017,0.017,-0.636,0.014,0.0,-0.644,-0.644,-0.644,-0.644,-0.644,-0.644,-0.644,-0.644,-0.644,-1.27,-1.27,-0.065,-0.635,-0.024,-0.024,-0.514,-0.523,-0.523,-0.533,-0.533,1.13
-0.335,-0.335,-0.339,-0.374,-0.351,-0.351,-0.351,-0.352,-0.352,-0.352,-0.15,-0.15,-0.15,-0.001,0.017,0.366,0.013,-0.363,0.116,0.116,0.109,0.104,0.104,0.104,0.104,0.296,0.296,0.29,0.0,0.0,-0.357,0.01,0.01,-0.355,-0.355,-0.355,-0.355,-0.355,0.011,-0.34,-0.34,-0.34,-0.351,-0.351,-0.351,0.354,0.354,-0.355,-0.355,-0.331,0.022,0.014,-0.346,-0.346,-0.346,0.033,0.033,0.033,0.033,0.033,0.033,-0.719,-0.719,0.013,0.022,-0.343,-0.347,-0.11,-0.11,-0.11,-0.11,-0.11,-0.11
-0.457,-0.457,-0.455,0.013,0.013,0.013,0.013,0.013,0.013,0.013,-0.454,-0.454,-0.454,0.133,0.15,0.145,-0.002,0.414,0.428,0.428,0.306,0.294,0.294,0.294,0.294,0.466,0.466,0.466,0.013,0.033,0.003,0.003,0.003,-0.446,-0.446,-0.446,-0.446,-0.463,-0.025,-0.025,-0.025,-0.025,-0.025,-0.025,-0.025,0.443,0.443,-0.077,-0.077,-0.316,0.011,0.011,-0.442,-0.442,-0.442,0.202,3.66,0.153,0.153,0.153,-0.435,-0.438,-0.438,-0.014,-0.316,0.026,0.026,0.0,0.0,0.0,0.0,0.0,0.0
-0.007,-0.007,-0.007,0.004,0.043,0.012,0.012,0.012,0.012,0.012,-0.009,-0.045,-0.045,-0.011,-0.011,-0.011,0.008,-0.011,0.47,0.031,0.456,0.456,0.456,0.456,0.456,-0.018,-0.018,-0.018,-0.045,-0.085,-0.018,-0.491,-0.517,0.362,0.442,0.442,0.442,0.442,0.0,0.0,0.0,0.0,0.0,0.0,0.0,0.436,0.436,-0.013,-0.013,-0.003,-0.029,-0.015,-0.562,-0.562,-0.562,1.22,1.22,1.22,1.22,1.22,1.22,-0.526,-0.526,-0.085,-0.023,0.415,0.415,0.112,0.092,0.092,0.092,0.092,0.07
-0.695,-0.745,0.031,0.022,0.022,0.022,0.022,-0.737,-0.737,-0.737,0.013,-0.051,-0.051,-0.009,-0.009,0.0,0.008,-0.768,0.838,0.701,0.734,0.696,0.696,0.013,0.013,-0.741,0.023,0.003,0.028,0.047,-0.772,-1.29,0.033,0.465,0.011,0.0,-0.005,0.008,-0.009,-0.014,-0.014,-0.014,-0.014,0.014,0.708,-0.033,-0.007,0.0,0.048,0.017,0.323,0.043,-0.732,-0.732,-0.732,0.014,0.014,0.014,0.014,0.014,0.011,-1.21,-0.732,0.057,0.034,0.051,0.051,-0.108,-0.108,-0.084,-0.084,-0.084,-0.11
0.023,0.023,-0.356,0.002,0.002,0.002,0.002,0.002,0.002,0.002,-0.023,-0.023,-0.023,0.001,0.001,0.001,-0.007,-0.016,0.008,0.008,0.002,-0.007,-0.007,-0.007,-0.007,-0.096,-0.096,0.545,-0.005,0.031,-0.011,0.003,0.003,-0.005,-0.003,-0.013,-0.013,-0.013,0.546,0.546,0.546,0.546,0.546,0.546,0.546,-0.012,-0.011,0.002,0.002,0.014,0.011,0.011,0.012,0.012,0.012,0.012,0.012,0.012,0.012,0.012,0.012,-0.001,-0.001,0.004,-0.003,0.021,0.001,0.071,0.071,0.071,0.071,0.071,0.071
0.004,0.004,0.004,-0.002,-0.002,-0.002,-0.002,-0.002,-0.002,-0.002,0.0,-0.01,-0.001,-0.003,-0.003,0.0,0.001,-0.001,0.0,0.0,0.0,-0.002,-0.002,-0.002,-0.002,0.476,0.476,0.482,0.004,0.002,-0.002,-0.002,-0.002,-0.001,-0.002,-0.002,-0.002,-0.005,0.005,0.005,0.005,0.005,0.005,0.005,0.005,-0.027,-0.027,-0.004,-0.002,0.008,-0.019,-0.011,0.005,0.005,0.005,0.005,0.005,0.005,0.005,0.005,0.005,-0.004,-0.004,0.0,-0.001,-0.004,-0.004,0.031,0.031,0.031,0.031,0.031,0.012
0.072,0.072,0.032,0.012,0.012,0.012,0.012,0.012,-0.002,-0.002,-0.021,-0.021,0.061,0.616,0.602,0.602,0.017,-0.003,0.665,0.644,0.644,-0.004,-0.004,-0.004,-0.004,-0.015,-0.015,-0.016,0.163,0.163,0.021,0.018,0.018,0.016,0.043,-0.003,-0.64,0.015,0.0,0.0,0.0,0.0,0.0,0.035,0.035,0.593,0.593,-0.662,-0.658,-0.632,0.699,0.055,-0.625,-0.61,-0.61,0.047,0.047,0.047,0.047,0.047,0.076,-0.66,-0.66,0.042,0.034,-0.622,-0.622,0.527,0.527,-0.329,-0.329,-0.329,-0.329
0.468,-0.021,-0.03,-0.164,-0.91,0.104,0.104,-0.557,-0.23,-0.23,-0.103,-0.121,-0.121,-0.225,-0.233,-0.221,0.517,-0.165,0.311,0.311,0.142,0.142,0.142,0.142,0.142,-0.233,-0.233,0.7,0.193,0.454,-0.177,0.038,0.038,-0.207,-0.102,-0.102,-0.102,-0.102,0.2,-0.114,-0.114,-0.114,-0.114,-0.114,-0.114,-0.149,-0.521,0.11,-0.228,-0.227,-0.148,0.194,-0.25,-0.25,-0.227,-0.227,-0.227,0.079,0.079,0.079,-0.233,0.578,0.578,-0.223,-0.229,-0.002,-0.002,0.326,-0.211,-0.211,-0.211,-0.211,-0.194
0.032,0.032,0.005,-0.007,-0.01,-0.01,0.024,0.024,0.024,0.024,-0.008,-0.014,-0.014,-0.014,-0.014,-0.885,0.0,-0.003,0.008,0.008,-0.011,-0.003,-0.005,-0.005,-0.005,0.807,0.807,0.818,0.004,0.023,-0.007,-0.007,0.058,0.0,0.0,-0.021,-0.021,-0.019,0.016,0.016,0.016,0.016,0.001,-0.003,-0.003,0.798,0.798,0.005,0.008,0.015,0.023,-0.007,0.032,0.026,0.026,0.026,0.026,0.026,0.026,0.022,0.022,-0.009,-0.009,0.005,-0.002,0.008,0.008,0.087,0.087,0.087,0.087,0.087,0.062
-0.054,-0.054,0.0,0.046,0.046,0.046,0.046,0.046,0.046,0.046,-0.084,-0.084,-0.084,-0.101,-0.101,-0.091,0.274,0.274,0.606,0.606,0.606,0.801,0.801,0.801,0.801,0.605,0.605,0.605,0.115,0.115,0.406,-1.07,0.403,-0.084,-0.084,-0.098,-0.098,-0.098,-0.075,-0.075,-0.075,-0.075,-0.075,-0.075,-0.075,0.563,0.385,-0.074,-0.07,-0.078,0.242,0.242,-0.065,-0.065,-0.065,-0.065,-0.065,-0.065,-0.065,-0.065,-0.065,-0.425,-0.425,-0.082,-0.086,-0.11,-0.11,0.136,0.136,0.136,0.136,0.136,0.122
-0.386,-0.386,-0.386,0.412,0.412,0.412,0.412,-0.816,-0.816,-0.816,-0.384,-0.4,-0.4,0.016,0.016,0.016,-0.005,0.0,0.021,0.021,0.021,0.008,0.008,0.008,0.008,-0.391,-0.391,-0.397,0.023,0.036,0.018,-0.385,-0.379,-0.38,-0.387,-0.391,-0.391,-0.394,0.03,0.009,0.009,0.009,0.009,0.009,0.009,0.014,0.014,-0.386,-0.396,-0.374,-0.381,-0.38,-0.377,-0.377,-0.377,-0.377,-0.377,-0.377,-0.377,-0.377,-0.377,-0.798,-0.798,-0.023,-0.385,-0.371,-0.371,-0.127,-0.127,-0.127,-0.127,-0.127,-0.127
-0.029,-0.029,0.006,0.0,0.0,0.0,0.0,0.0,0.0,0.0,0.018,0.001,0.001,-0.828,-0.828,-0.985,0.001,-0.004,0.006,0.006,0.006,0.029,-0.001,-0.001,-0.001,0.01,0.01,0.01,0.0,-0.035,-0.022,-0.017,-0.017,-0.021,-0.507,-0.485,-0.485,-0.52,0.008,0.008,0.008,0.008,0.008,-0.027,-0.027,0.013,0.013,-0.004,-0.031,-0.008,-0.029,-0.018,-0.023,-0.023,-0.023,-0.023,-0.023,-0.023,-0.023,-0.023,-0.02,0.002,0.002,-0.039,-0.005,-0.03,-0.03,-0.048,-0.048,-0.048,-0.048,-0.048,-0.062
-0.01,-0.01,0.0,0.014,0.014,0.014,0.014,0.014,0.014,0.014,-0.699,-0.708,-0.708,-0.03,-0.03,-0.03,0.0,0.004,0.711,0.711,0.019,0.02,0.02,0.02,0.02,0.76,-0.684,0.732,0.001,0.001,-0.007,-0.003,-0.007,0.001,-0.009,-0.009,-0.009,-0.009,0.001,0.001,0.001,0.001,-0.006,-0.006,-0.006,1.44,1.42,-0.669,-0.669,0.0,-0.037,0.007,-0.72,-0.72,-0.72,-0.005,-0.005,-0.005,-0.005,-0.005,-0.005,-0.707,-1.16,-0.023,-0.004,-0.002,-0.002,-0.003,-0.003,-0.003,-0.003,-0.003,-0.003
-0.085,-0.863,-0.137,-0.863,-0.863,-0.863,-0.85,-0.85,-0.85,-0.85,0.343,-0.691,-0.691,-0.87,-0.867,-0.897,-0.151,0.388,0.032,0.032,0.037,0.016,0.016,0.016,0.016,3.4,1.73,0.871,-0.117,-0.094,-0.154,-0.158,-0.125,0.052,0.043,-0.01,-0.01,0.036,-0.018,0.009,0.009,0.009,0.009,0.009,0.009,0.0,0.0,-0.204,-0.127,0.2,-0.105,-0.129,-0.846,-0.846,-0.846,0.037,0.037,0.037,0.037,0.037,0.47,-0.837,-0.837,0.006,0.058,-0.842,-0.842,-0.864,3.39,-0.039,-0.039,-0.039,0.812
0.008,0.008,-0.676,0.002,-0.002,-0.002,-0.002,-0.002,-0.002,-0.002,-0.006,-0.006,-0.006,-0.007,-0.007,-0.007,-0.002,-0.002,0.021,0.021,0.021,0.021,0.017,0.017,0.017,0.756,0.756,0.75,0.052,0.052,-0.005,-0.005,-0.005,-0.011,-0.001,-0.001,-0.001,-0.001,0.066,0.066,0.066,0.066,0.066,0.066,0.066,-0.012,-0.012,0.029,0.02,0.032,-0.001,-0.012,-0.001,-0.001,-0.001,-0.001,-0.001,-0.001,-0.001,-0.001,0.018,-0.006,-0.006,-0.016,0.024,-0.005,-0.005,0.051,0.051,0.051,0.051,0.051,0.051
-0.357,-0.357,-0.252,-0.39,-0.39,-0.39,-0.39,-0.39,-0.39,-0.39,-0.839,-0.374,-0.374,0.049,0.049,0.037,-0.017,-0.345,0.021,0.021,-0.002,-0.001,-0.001,-0.001,-0.001,0.237,0.237,0.262,0.069,0.069,-0.382,0.051,0.492,-0.069,-0.069,-0.069,-0.069,-0.099,-0.017,-0.017,-0.017,-0.017,-0.017,-0.017,-0.017,0.191,0.191,0.034,0.018,-0.028,0.163,0.163,-0.409,-0.409,-0.409,0.028,0.028,0.028,0.028,0.028,0.472,-0.409,-0.409,-0.123,-0.315,-0.405,-0.405,-0.038,-0.038,-0.052,-0.052,-0.052,-0.052
-0.755,-0.755,0.755,0.005,-0.013,-0.013,-0.013,-0.013,-0.013,-0.013,-0.043,-0.034,-0.034,-0.032,-0.817,-0.04,0.52,0.497,0.755,0.755,0.755,0.755,0.755,0.755,0.755,0.471,0.471,0.472,0.028,0.028,0.0,0.0,0.0,-0.003,-0.008,-0.016,-0.016,-0.016,-0.006,-0.006,-0.006,-0.006,-0.006,-0.002,-0.002,1.48,1.48,-0.232,-0.232,0.008,0.025,0.023,-0.781,-0.781,-0.781,0.034,0.034,0.034,0.034,0.034,0.034,-0.787,-0.787,0.033,0.004,0.043,0.043,0.124,0.124,0.09,0.09,0.09,0.09
0.0,0.0,0.0,-0.002,-0.002,-0.002,-0.002,-0.002,-0.002,-0.002,-0.04,-0.04,-0.04,-0.007,-0.007,-0.007,-0.013,-0.013,0.794,0.794,0.794,0.794,0.791,0.791,0.791,0.453,0.453,1.04,0.008,0.008,-0.004,0.005,0.005,-0.007,-0.022,-0.01,-0.01,-0.01,0.028,0.028,0.028,0.028,0.023,0.023,0.023,0.048,0.039,-0.004,-0.004,-0.22,-0.007,-0.007,-0.344,-0.344,-0.344,0.244,0.244,0.244,0.244,0.244,0.244,-0.303,-0.303,0.71,0.679,-0.017,-0.017,0.085,0.085,0.085,0.085,0.085,0.085
0.027,0.027,0.02,-0.007,-0.007,-0.007,-0.007,-0.007,-0.007,-0.007,-0.026,-0.05,-0.05,0.757,0.798,0.763,-0.006,-0.021,0.782,0.782,0.736,0.736,0.736,0.771,0.771,0.772,0.772,3.66,0.001,0.001,-0.017,-0.017,-0.017,-0.02,-0.02,-0.02,-0.02,-0.02,0.775,0.778,0.778,0.778,0.771,0.789,0.789,0.574,0.574,-0.015,-0.003,0.009,0.057,0.0,0.024,0.024,0.024,0.024,0.024,0.024,0.024,0.024,0.024,-0.01,-0.01,0.033,-0.044,0.024,0.024,0.188,0.188,0.188,0.188,0.188,0.188
0.004,0.004,0.004,0.003,0.003,0.003,0.003,0.003,0.003,0.003,0.003,0.003,0.003,-0.004,-0.004,-0.851,0.0,0.0,0.0,0.0,0.0,0.0,0.0,0.0,0.0,-0.011,-0.011,-0.002,0.0,-0.018,-0.008,-0.008,-0.008,-0.001,-0.001,0.001,0.001,0.001,0.165,0.165,0.165,0.165,0.165,0.156,0.156,0.002,0.002,-0.001,-0.001,-0.003,-0.01,-0.009,-0.009,-0.009,-0.009,-0.009,-0.009,-0.009,-0.009,-0.009,-0.006,-0.003,-0.003,-0.02,-0.005,-0.016,-0.016,0.012,0.012,0.012,0.012,0.012,0.012
-0.318,-0.318,-0.309,-0.328,-0.328,-0.328,-0.328,-0.328,-0.328,-0.328,-0.362,-0.362,-0.362,-0.01,-0.01,-0.01,0.086,-0.373,0.411,0.424,0.394,0.398,0.398,0.398,0.398,-0.459,-0.459,0.301,0.203,0.203,0.01,0.001,-0.014,-0.048,-0.048,-0.048,-0.048,-0.048,0.045,0.045,0.045,0.045,0.045,0.012,0.012,0.667,0.667,-0.062,-0.067,0.032,0.014,0.0,-0.396,-0.392,-0.392,0.786,0.786,-0.31,-0.31,-0.31,-0.31,-0.353,-0.34,0.026,-0.146,-0.329,-0.329,-0.035,-0.035,-0.035,-0.035,-0.035,-0.035
-0.222,-0.222,-0.222,0.223,0.222,0.222,0.222,0.222,0.222,0.222,-0.259,-0.265,-0.265,0.641,-0.26,-0.272,0.001,0.011,1.76,1.76,1.76,0.038,0.038,0.038,0.038,-0.758,-0.758,1.94,-0.251,-0.251,-0.248,-0.238,-0.238,0.174,0.174,0.174,0.174,0.174,0.029,0.029,0.029,0.029,0.029,0.029,0.029,1.12,1.12,-0.691,-0.706,-0.241,0.446,0.438,-0.719,-0.719,-0.719,0.211,0.211,0.211,0.211,0.211,0.211,-0.704,-0.704,0.197,-0.258,-0.246,-0.246,0.013,0.013,0.013,0.013,0.013,0.013
-0.211,-0.211,-0.211,0.067,0.067,0.067,0.067,0.067,0.067,0.067,-0.084,-0.084,-0.084,-0.205,-0.205,-0.205,0.023,0.023,0.299,0.299,0.284,0.284,0.286,0.286,0.286,-0.436,-0.436,0.434,-0.205,-0.245,0.002,0.002,0.01,-0.001,-0.001,-0.001,-0.001,-0.001,0.013,0.013,0.013,0.013,0.013,0.004,0.004,0.437,0.908,-0.219,-0.251,-0.207,0.415,0.44,-0.47,-0.47,-0.47,0.083,0.083,0.083,0.083,0.083,0.083,-0.425,-0.425,-0.026,-0.224,-0.192,-0.066,0.005,0.005,0.005,0.005,0.005,0.005
-0.587,-0.587,-0.54,0.52,-0.015,-0.015,-0.015,-0.015,-0.015,-0.015,-0.517,-1.1,-1.1,0.63,-0.007,-0.002,-0.564,-0.553,-0.001,-0.001,-0.02,-0.012,-0.012,-0.004,-0.578,0.489,0.489,1.58,-0.019,-0.017,0.319,-0.195,0.375,-0.027,-0.027,-0.023,-0.023,-0.023,0.494,0.494,0.494,0.494,0.494,0.494,0.494,0.235,0.229,0.154,0.153,0.133,0.458,0.42,-0.593,-0.593,-0.593,3.12,3.12,-0.057,-0.057,-0.571,-0.023,-0.551,-0.551,-0.061,-0.562,-0.046,-0.046,0.013,0.013,0.013,0.013,0.013,0.001
-0.201,-0.201,-0.251,0.004,0.004,0.004,0.004,0.004,0.004,0.004,0.003,0.003,0.003,-0.014,-0.014,-0.014,-0.232,-0.232,0.559,0.559,0.52,0.482,0.482,0.482,0.482,0.25,0.25,0.25,0.003,0.003,-0.006,-0.006,-0.002,-0.006,-0.006,-0.006,-0.006,-0.006,0.253,0.253,0.253,0.253,0.253,0.253,0.253,0.173,0.173,-0.263,-0.263,-0.004,-0.013,-0.013,-0.001,-0.001,-0.001,-0.001,-0.001,-0.001,-0.001,-0.001,-0.001,-0.021,-0.021,0.199,0.16,-0.109,-0.109,0.031,0.031,0.031,0.031,0.031,0.031
-0.382,-0.348,-0.349,-0.005,-0.005,-0.005,-0.005,-0.005,-0.005,-0.005,-0.348,-0.348,-0.348,0.065,0.065,-0.809,-0.277,-0.269,0.537,0.537,0.505,0.527,0.527,0.486,0.486,0.598,0.598,0.616,0.094,0.094,0.081,0.102,0.102,-0.35,-0.357,-0.357,-0.357,-0.357,-0.346,-0.346,-0.346,-0.346,-0.346,-0.346,-0.346,0.092,0.092,-0.354,-0.354,-0.356,0.066,0.066,-0.828,-0.828,-0.828,0.095,0.095,0.095,0.095,0.095,0.095,-1.14,-1.12,0.06,-0.351,0.019,0.019,-0.071,-0.071,-0.071,-0.071,-0.071,-0.071
-0.001,-0.001,-0.001,0.027,0.027,0.027,0.027,0.027,0.027,0.027,0.01,0.01,0.01,-0.013,-0.013,-0.013,-0.013,-0.013,0.739,0.739,0.717,0.717,0.717,0.717,0.717,-0.018,-0.018,-0.018,0.747,0.747,-0.004,-0.004,-0.004,0.0,-0.773,-0.005,-0.005,-0.005,-0.004,-0.004,-0.004,-0.004,-0.004,0.005,0.005,-0.008,-0.008,-0.008,0.0,0.001,0.049,0.007,0.003,0.003,0.003,0.003,0.003,0.003,0.003,0.003,0.003,-0.01,-0.01,0.028,0.0,-0.362,-0.362,0.064,0.064,0.064,0.064,0.064,0.05
0.008,-0.897,0.001,0.005,0.005,0.005,0.005,0.005,0.005,0.005,-0.018,-0.043,1.08,-0.023,-0.023,-0.062,-0.009,-0.004,-0.01,-0.01,-0.01,-0.024,-0.024,-0.024,-0.024,0.81,0.81,0.798,0.003,0.003,-0.012,0.001,-0.003,0.021,-0.025,-0.025,-0.025,-0.025,0.006,0.006,0.006,0.006,0.006,0.0,0.0,0.804,0.758,-0.868,-0.911,0.016,0.015,0.009,-0.882,-0.878,-0.878,0.89,0.89,0.89,0.89,0.89,0.89,-0.877,-0.877,0.01,0.002,0.022,0.022,0.03,0.03,0.03,0.03,0.03,0.031
-0.322,-0.322,-0.322,-0.328,-0.328,-0.328,-0.328,-0.328,-0.328,-0.328,0.003,0.003,0.003,0.0,0.0,0.0,0.029,0.029,0.016,0.016,0.016,0.004,0.004,0.004,0.004,0.012,0.012,0.012,-0.326,-0.326,-0.329,-0.332,-0.332,-0.327,-0.336,-0.336,-0.336,-0.336,-0.027,-0.027,-0.311,-0.311,-0.18,-0.179,-0.179,0.027,0.027,-0.33,-0.332,-0.314,0.051,0.051,-0.296,-0.296,-0.296,-0.296,-0.296,-0.296,-0.296,-0.296,-0.308,-0.35,-0.35,0.079,-0.325,-0.302,-0.302,-0.106,-0.106,-0.106,-0.106,-0.106,-0.106
-0.408,-0.376,0.202,-0.032,-0.032,-0.032,-0.032,-0.032,-0.032,-0.032,-0.375,-0.375,-0.375,0.044,0.044,0.044,0.473,-0.06,0.142,0.142,1.11,0.042,0.041,0.028,0.028,-0.437,-0.437,0.484,-0.104,-0.104,-0.068,-0.068,-0.068,0.149,0.149,0.149,0.149,0.066,0.0,0.0,0.0,0.0,0.0,0.0,-0.051,0.229,0.229,0.041,0.041,-0.317,-0.037,-0.037,-0.398,-0.397,-0.397,0.22,0.22,0.22,0.22,0.22,0.22,-0.376,-0.376,0.171,-0.111,0.13,0.141,-0.006,-0.006,-0.006,-0.006,-0.006,-0.006
-0.001,-0.001,-0.001,0.0,0.0,0.0,0.0,0.0,0.0,0.0,0.001,0.001,0.001,-0.006,-0.006,0.002,0.003,0.003,-0.004,-0.004,-0.005,-0.005,-0.005,-0.005,-0.005,-0.002,-0.002,-0.002,0.003,0.003,-0.02,0.002,0.002,-0.004,0.0,0.0,0.0,0.0,0.002,0.002,0.002,0.002,0.011,0.001,0.001,-0.004,-0.004,0.001,0.001,0.006,-0.016,-0.012,0.003,0.003,0.003,0.003,0.003,0.003,0.003,0.003,0.003,-0.002,-0.002,-0.021,0.001,-0.014,-0.014,0.003,0.003,0.003,0.003,0.003,-0.017
0.025,0.025,0.007,-0.004,-0.004,-0.004,-0.004,-0.004,-0.004,-0.004,-0.008,-0.013,-0.013,0.001,0.001,-0.001,0.01,0.002,0.021,0.021,-0.01,0.009,-0.007,-0.007,-0.007,0.857,0.857,0.876,0.004,0.013,-0.016,0.009,0.009,-0.016,-0.009,-0.009,-0.009,-0.009,0.022,0.0,0.0,0.0,0.0,0.0,-0.053,-0.012,-0.012,0.003,-0.012,0.016,0.016,-0.01,0.021,0.021,0.021,0.021,0.021,0.021,0.021,0.021,0.021,-0.004,-0.004,0.006,-0.01,0.005,0.005,0.057,0.057,0.057,0.057,0.057,0.024
-0.009,-0.009,0.001,0.001,0.001,0.001,0.001,0.001,0.001,0.001,0.0,0.0,0.0,0.017,0.017,0.017,0.003,0.003,0.019,0.019,0.019,0.019,0.019,0.019,0.019,-0.004,-0.004,-0.004,0.0,0.0,-0.003,-0.003,-0.003,-0.002,-0.002,-0.002,-0.002,-0.002,0.003,0.003,0.003,0.003,0.003,0.003,0.003,0.026,0.026,-0.003,-0.003,-0.002,-0.005,-0.005,-0.008,-0.008,-0.008,-0.008,-0.008,-0.008,-0.008,-0.008,-0.008,-0.006,-0.006,-0.022,-0.006,-0.013,-0.013,0.002,0.002,0.002,0.002,0.002,0.002
-0.472,-0.472,-0.472,-0.498,-0.498,-0.498,-0.498,-0.498,-0.498,-0.498,-0.012,-0.027,0.511,-0.007,-0.007,-0.007,0.011,0.011,0.039,0.005,0.005,0.004,0.004,0.004,0.004,0.514,0.514,0.525,0.0,0.0,0.024,0.024,-1.04,0.047,-0.499,-0.499,-0.499,-0.508,0.499,0.021,0.021,0.021,0.021,0.021,0.021,1.71,1.62,-0.986,-0.478,-0.462,0.108,0.07,-0.448,-0.459,-0.459,0.09,0.09,0.09,0.09,0.09,0.09,-0.485,-0.485,0.102,-0.58,-0.453,-0.453,0.357,-0.219,-0.219,-0.219,-0.219,-0.219
0.002,0.002,0.002,-0.003,-0.003,0.003,0.003,0.003,0.003,0.003,0.0,0.0,0.0,-0.002,-0.002,-0.666,0.003,0.003,0.015,0.015,0.015,0.015,0.015,0.015,0.015,0.001,0.001,0.001,0.001,-0.002,0.0,0.0,0.0,0.004,0.004,-0.001,-0.001,-0.001,0.002,0.002,0.002,0.002,0.002,-0.012,-0.012,-0.011,-0.011,-0.004,-0.004,0.0,-0.012,-0.012,-0.007,-0.007,-0.007,-0.007,-0.007,-0.007,-0.007,-0.007,-0.007,-0.007,-0.007,-0.027,-0.007,-0.009,-0.009,-0.004,-0.004,-0.004,-0.004,-0.004,-0.004
0.021,0.021,-0.063,0.066,0.066,0.066,0.066,0.066,0.066,0.066,-0.006,-0.006,-0.006,-0.004,-0.704,-0.702,-0.007,-0.007,0.67,0.67,0.641,0.652,0.652,0.652,0.652,0.562,0.562,0.64,-0.004,-0.635,-0.007,-0.007,-0.007,-0.006,-0.006,-0.006,-0.006,-0.006,-0.034,-0.034,-0.034,-0.034,-0.034,-0.034,-0.034,0.616,0.616,-0.631,-0.647,-0.471,0.019,0.019,-0.679,-0.679,-0.679,0.055,0.055,0.055,0.055,0.055,0.035,-0.683,-0.683,0.034,-0.06,0.017,0.017,0.074,0.074,0.029,0.029,0.029,0.029
-0.035,-0.009,0.005,0.0,0.0,0.0,0.0,0.0,0.0,0.0,0.014,0.014,0.014,-0.014,-0.014,0.0,-0.009,0.007,0.509,0.509,0.486,0.507,0.498,0.498,0.498,0.477,0.477,0.495,-0.014,-0.014,-0.027,-0.021,-0.021,0.01,-0.015,-0.015,-0.008,-0.008,2.69,0.001,0.001,0.001,0.001,-0.025,-0.025,0.494,0.494,-0.009,-0.013,-0.023,0.442,0.378,-0.028,-0.028,-0.028,-0.028,-0.028,-0.028,-0.028,-0.028,-0.028,-0.004,-0.004,-0.021,-0.498,-0.037,-0.037,0.08,0.08,0.08,0.08,0.08,0.08
-0.017,-0.017,-0.017,0.008,0.008,0.008,0.008,0.008,0.008,0.008,0.014,0.014,0.014,-0.006,-0.006,-0.006,-0.004,-0.011,0.0,0.0,0.0,0.0,0.0,0.0,0.0,0.788,0.788,0.811,-0.023,-0.023,-0.017,-0.017,-0.017,-0.011,-0.011,-0.004,-0.004,-0.004,-0.011,-0.011,-0.011,-0.011,-0.011,-0.011,-0.011,0.077,0.077,-0.013,-0.029,-0.025,-0.031,-0.031,-0.122,-0.086,-0.086,-0.063,-0.063,-0.063,-0.063,-0.063,-0.055,0.006,0.006,-0.083,-0.018,-0.058,-0.058,0.097,0.097,0.097,0.097,0.097,0.097
-0.476,-0.476,0.008,-0.002,0.0,0.0,0.0,0.0,0.0,0.0,-0.014,-0.014,-0.014,-0.501,-0.501,-0.509,-0.005,-0.001,0.527,0.527,0.492,0.476,0.476,-0.001,-0.001,0.417,0.417,0.458,-0.48,0.01,-0.003,-0.003,-0.489,-0.005,-0.005,-0.005,-0.005,-0.005,-0.01,0.421,0.421,0.421,0.421,0.427,0.427,0.637,0.505,-0.479,-0.479,-0.472,0.02,0.02,-0.487,0.009,0.009,0.009,0.009,0.009,0.009,0.009,-0.485,-0.472,-0.472,0.471,0.011,-0.472,-0.472,0.045,0.045,0.045,0.045,0.045,0.045
-0.178,-0.178,-0.158,-0.622,-0.622,-0.622,-0.622,-0.622,-0.622,-0.622,-0.153,-0.63,-0.114,-0.179,-0.179,-0.642,0.25,0.263,0.706,0.706,0.706,0.706,0.706,0.706,0.706,0.526,0.526,0.538,-0.621,-0.621,-0.187,-0.177,-0.177,0.251,0.266,0.266,0.248,0.248,-0.17,-0.17,-0.17,-0.17,-0.17,-0.17,-0.17,0.518,0.518,-0.165,-0.165,0.049,0.233,0.25,-0.651,-0.651,-0.651,0.217,0.217,0.217,0.217,0.217,0.217,-0.619,-0.619,-0.083,-0.633,-0.196,-0.196,0.0,0.0,0.0,0.0,0.0,0.0
0.262,-0.407,-0.381,-0.044,-0.023,0.37,-0.024,0.354,-0.036,-0.036,-0.426,-0.426,-0.426,-0.442,-0.399,-0.399,0.271,0.259,1.01,1.01,0.661,0.661,0.568,0.718,0.718,-0.779,-0.018,1.28,0.277,-0.293,-0.024,-0.024,-0.024,-0.015,-0.015,-0.015,-0.015,-0.005,-0.054,-0.054,-0.054,-0.054,-0.054,-0.09,-0.09,1.32,1.32,-0.007,-0.007,-0.307,0.308,0.01,-0.471,-0.471,-0.471,0.288,0.288,0.288,0.288,0.288,0.288,-0.393,-0.383,0.179,-0.164,-0.012,-0.012,0.096,0.096,0.078,0.078,0.078,0.071
-0.099,-0.099,-0.099,-0.047,0.0,0.0,0.0,0.0,0.0,0.0,-0.257,-0.259,-0.259,-0.3,-0.3,0.047,-1.06,0.013,0.598,0.598,0.598,-0.264,-0.264,-0.264,-0.264,0.063,0.063,1.68,0.077,0.091,-0.266,-0.266,-0.266,0.083,0.083,0.083,0.083,0.114,0.0,0.017,-0.35,-0.35,-0.35,-0.35,-0.35,0.375,0.375,0.077,0.071,-0.554,0.075,0.075,-0.627,-0.627,-0.627,1.76,1.76,-0.567,0.174,0.174,0.174,-0.625,-0.625,0.14,0.079,-0.224,-0.224,-0.05,0.022,-0.013,-0.013,-0.013,-0.013
-0.352,-0.352,-0.352,-0.293,0.0,0.0,0.0,0.0,0.0,0.0,-0.344,-0.344,-0.344,-0.32,-0.32,-0.32,0.05,0.05,0.482,0.487,0.487,-0.191,-0.191,-0.191,-0.191,-0.33,-0.33,0.053,-0.308,-0.308,-0.286,-0.279,-0.279,0.052,0.039,0.039,0.039,0.039,0.032,0.032,0.032,0.032,0.032,0.032,0.032,0.612,0.612,0.014,0.014,0.048,-0.325,-0.293,-0.379,-0.379,-0.379,0.392,0.392,0.392,0.392,0.392,0.392,-0.347,-0.347,-0.012,-0.331,0.049,0.049,-0.086,-0.086,-0.086,-0.086,-0.086,-0.086
-0.518,-0.518,0.0,0.001,0.001,0.001,0.001,0.001,0.001,0.001,-0.017,-0.534,-0.534,-0.009,-0.017,-0.007,0.323,-0.015,-0.002,-0.002,-0.002,-0.002,-0.002,-0.002,-0.002,-0.005,-0.005,0.634,0.021,0.021,0.005,-0.531,0.016,0.45,-0.522,-0.529,-0.529,-0.529,0.443,-0.002,-0.002,-0.002,-0.002,-0.002,-0.002,0.307,0.307,0.001,0.02,0.008,0.028,0.028,0.028,0.028,0.028,0.028,0.028,0.028,0.028,0.028,0.028,-0.522,-0.522,0.021,0.018,-0.511,-0.511,-0.039,-0.039,-0.039,-0.039,-0.039,-0.039
-0.027,-0.027,-0.027,0.0,0.0,0.0,0.0,0.0,0.0,0.0,-0.043,-0.043,-0.043,0.367,0.367,0.367,0.395,0.411,1.29,1.29,1.14,0.423,0.407,0.407,0.407,0.778,0.778,0.759,-0.035,-0.051,0.357,0.356,0.37,-0.002,-0.002,-0.002,-0.002,-0.002,0.345,0.345,0.345,0.345,0.345,0.345,0.345,1.13,1.13,-0.038,-0.046,-0.035,0.329,0.371,-0.03,-0.03,-0.03,-0.03,-0.03,-0.03,-0.03,-0.03,-0.028,-0.094,-0.091,0.685,-0.466,-0.1,-0.1,0.179,0.179,0.179,0.179,0.179,0.154
0.012,0.01,0.0,0.001,0.001,0.001,0.001,0.001,0.001,0.001,-0.004,-0.004,-0.004,-0.005,-0.005,-0.005,-0.004,-0.004,0.011,0.011,-0.005,-0.005,-0.005,-0.005,-0.005,0.695,0.695,0.695,-0.005,0.007,-0.001,-0.001,-0.001,-0.004,-0.004,-0.004,-0.004,-0.009,-0.002,-0.002,-0.002,-0.002,0.003,0.003,0.003,-0.005,-0.005,-0.003,-0.005,0.003,0.0,-0.001,0.007,0.007,0.007,0.007,0.007,0.007,0.007,0.007,0.003,0.001,0.001,0.018,0.0,0.008,0.008,0.075,0.075,0.075,0.075,0.075,0.076
-0.131,-0.131,0.487,-0.865,-0.85,-0.85,-0.85,-0.827,-0.827,-0.827,-0.245,-0.3,-0.3,-0.263,-0.251,-0.251,0.231,0.263,1.82,1.82,1.82,0.597,0.597,0.597,0.597,0.49,0.49,2.02,0.482,0.482,0.768,-0.201,-0.201,-0.193,-0.224,-0.224,-0.224,-0.224,-0.21,-0.21,-0.21,-0.21,-0.21,-0.21,-0.21,2.4,2.55,0.0,0.039,-0.17,-0.054,-0.11,-0.162,-0.162,-0.162,-0.162,-0.162,-0.162,-0.162,-0.162,-0.184,-0.894,-0.894,0.462,-0.225,-0.134,-0.148,0.135,0.135,0.135,0.135,0.135,0.14
-0.101,-0.101,0.349,0.017,0.017,0.017,0.017,0.072,0.072,0.072,-0.105,-0.105,-0.105,-0.135,-0.135,-0.142,0.233,0.253,1.03,1.03,1.02,0.53,0.528,0.528,0.528,0.653,0.653,1.22,0.472,0.493,-0.152,-0.141,-0.141,-0.22,-0.22,-0.22,-0.23,-0.23,0.017,0.017,0.017,0.017,0.017,0.017,0.017,1.28,1.28,0.263,0.26,-0.119,0.009,-0.042,-0.224,-0.224,-0.224,-0.224,-0.224,-0.224,-0.224,-0.224,-0.224,-0.726,-0.726,0.002,-0.147,-0.088,-0.057,0.129,0.129,0.102,0.102,0.102,0.102
-0.024,0.0,0.0,0.294,0.318,0.318,0.318,0.318,0.318,0.318,-0.217,-0.217,-0.217,-0.022,-0.022,-0.022,-0.017,-0.011,0.782,0.782,0.746,0.004,0.004,0.004,0.004,-0.259,-0.259,0.367,0.271,0.228,-0.026,-0.026,-0.026,0.116,0.116,0.116,0.116,0.116,-0.025,-0.025,-0.025,-0.025,-0.025,-0.025,-0.025,0.715,0.715,-0.398,-0.398,-0.386,0.291,0.291,-0.397,-0.397,-0.397,0.175,0.175,0.175,0.175,0.175,0.175,-0.404,-0.404,0.026,0.245,-0.026,-0.026,0.044,0.044,0.044,0.044,0.044,0.044
0.0,0.0,0.0,0.509,0.509,0.509,0.509,0.509,0.509,0.509,-0.013,-0.013,-0.013,0.504,0.502,0.479,-0.012,-0.013,0.511,0.511,0.511,0.511,0.495,0.495,0.495,0.497,0.497,0.497,-0.005,-0.005,-0.024,-0.011,-0.011,-0.016,-0.02,-0.025,-0.04,-0.04,-0.002,-0.002,-0.002,-0.002,-0.002,-0.002,-0.002,0.497,0.497,-0.004,-0.004,0.518,-0.006,-0.006,0.015,0.015,0.015,0.015,0.015,0.015,0.015,0.015,0.003,-0.004,-0.004,0.511,-0.013,0.004,0.004,0.209,0.209,0.209,0.209,0.209,0.209
-0.002,-0.002,0.0,0.0,0.0,0.0,0.0,0.0,0.0,0.0,-0.002,0.013,0.013,-0.002,-0.002,-0.002,0.019,0.019,0.009,0.009,0.009,0.009,0.009,0.009,0.009,0.0,0.0,0.0,0.001,0.001,-0.001,-0.001,-0.001,-0.007,-0.005,-0.005,-0.005,-0.005,0.002,0.002,0.002,0.002,0.002,0.002,0.002,-0.01,-0.01,-0.003,-0.003,0.0,-0.011,-0.011,0.001,0.001,0.001,0.001,0.001,0.001,0.001,0.001,0.001,-0.005,-0.005,-0.018,-0.005,-0.001,-0.001,0.011,0.011,0.011,0.011,0.011,-0.009
-0.336,-0.336,-0.376,-0.22,-0.22,-0.22,-0.22,-0.22,-0.22,-0.22,-0.367,-0.754,-0.754,-0.378,-0.378,-0.378,-0.042,-0.042,0.337,0.337,0.337,0.341,0.341,0.341,0.341,0.074,0.074,0.121,0.231,0.183,0.324,0.0,-0.019,-0.393,-0.393,-0.393,-0.393,-0.393,-0.222,-0.222,-0.222,-0.222,-0.222,-0.222,-0.222,0.928,0.925,-0.384,-0.384,-0.386,-0.111,0.133,0.1,0.1,0.1,0.1,0.1,0.1,0.1,0.1,0.1,-0.715,-0.715,0.219,-0.374,0.126,0.126,-0.027,-0.027,-0.027,-0.027,-0.027,-0.028
-0.118,-0.118,-0.118,0.133,0.133,0.133,0.133,0.133,0.133,0.133,-0.117,-0.117,-0.117,-0.284,-0.284,-0.284,-0.082,-0.081,0.171,0.171,0.171,0.172,0.172,0.172,0.172,0.138,0.138,0.138,0.073,0.059,-0.118,-0.124,-0.124,0.127,0.119,0.119,0.119,0.119,-0.11,-0.11,-0.11,-0.11,-0.11,-0.11,-0.11,0.416,0.416,-0.221,-0.221,-0.148,0.135,0.135,-0.415,-0.415,-0.415,0.148,0.148,0.148,0.148,0.148,0.148,-0.422,-0.422,0.11,-0.413,-0.075,-0.075,0.007,0.007,0.007,0.007,0.007,0.0
0.035,0.035,0.006,0.002,0.0,0.0,0.0,0.0,0.0,0.0,-0.033,-0.033,-0.033,0.018,0.018,0.018,-0.018,-0.035,0.261,0.261,0.261,0.261,0.261,0.261,0.261,-0.015,-0.015,-0.024,0.018,0.018,0.009,0.009,0.009,-0.01,-0.024,-0.024,-0.024,-0.024,-0.014,-0.014,-0.014,-0.014,-0.014,-0.014,-0.014,0.924,0.924,-0.001,-0.001,-0.746,-0.089,-0.019,0.005,0.005,0.005,0.005,0.005,0.005,0.005,0.005,0.005,-0.731,-0.731,-0.028,0.003,-0.002,-0.002,0.001,0.001,0.001,0.001,0.001,-0.001
-0.037,-0.037,-0.037,0.055,0.055,0.055,0.055,0.055,0.055,0.055,0.0,0.0,0.0,-0.024,-0.024,-0.024,0.003,0.003,0.005,0.005,-0.002,0.003,0.003,0.003,0.003,0.629,0.629,0.69,-0.011,-0.011,-0.021,-0.021,-0.021,0.479,0.578,0.578,0.578,0.578,0.606,0.592,0.592,0.592,0.592,0.592,0.592,-0.019,-0.019,-0.022,-0.047,-0.031,-0.04,-0.026,-0.773,-0.773,-0.773,0.629,0.629,-0.075,-0.075,-0.016,0.0,-0.515,-0.515,0.554,-0.024,-0.066,-0.066,0.128,0.128,0.128,0.128,0.128,0.128
-0.018,-0.018,-0.004,0.0,0.0,0.0,0.0,0.0,0.0,0.0,-0.007,-0.007,-0.007,0.257,0.257,0.131,-0.003,-0.057,0.486,0.486,0.486,0.478,0.266,0.266,0.266,0.183,0.183,0.183,0.259,0.259,-0.015,-0.015,-0.015,-0.017,-0.017,-0.017,-0.017,-0.017,0.009,0.009,0.009,0.009,0.009,0.0,0.0,0.28,0.28,-0.01,-0.022,-0.019,0.271,0.271,-0.322,-0.322,-0.322,0.29,0.29,0.29,0.29,0.29,0.29,-0.011,-0.011,-0.011,-0.009,0.05,0.05,0.125,0.109,0.113,0.113,0.113,0.113
0.007,0.007,0.007,-0.002,-0.002,-0.002,-0.002,-0.002,-0.002,-0.002,-0.017,-0.008,-0.008,-0.01,-0.01,-0.01,-0.004,-0.008,0.376,0.376,0.376,0.381,0.366,0.366,0.366,0.341,0.341,0.355,0.002,0.002,-0.006,-0.005,-0.005,-0.006,-0.006,-0.006,-0.006,-0.006,0.002,0.002,0.002,0.002,0.002,0.002,0.002,0.557,0.557,0.003,-0.006,0.009,-0.002,-0.002,0.014,0.014,0.014,0.014,0.014,0.014,0.014,0.014,0.014,0.0,0.0,0.006,0.003,0.008,0.008,0.059,0.059,0.047,0.047,0.047,0.047
-0.151,-0.151,-0.151,-0.088,-0.074,-0.074,-0.074,-0.074,-0.074,-0.074,-0.159,-0.159,-0.159,-0.16,-0.16,-0.16,0.199,0.185,0.082,0.082,0.082,0.077,0.077,0.077,0.077,1.22,1.2,1.2,-0.135,-0.135,-0.138,-0.138,-0.138,0.074,0.074,0.074,0.074,0.074,0.124,0.124,0.124,0.124,0.124,0.124,0.124,0.549,0.549,-0.136,-0.136,0.022,-0.13,-0.114,-0.615,-0.615,-0.615,0.07,0.07,0.07,0.07,0.07,0.07,-0.606,-0.606,0.221,0.055,0.075,0.072,0.021,0.021,0.021,0.021,0.021,0.0
-0.007,-0.007,0.0,-0.015,0.0,0.0,0.0,0.0,0.0,0.0,0.004,-0.012,-0.012,-0.006,-0.006,-0.005,-0.01,0.009,0.087,0.087,0.087,0.085,0.085,0.085,0.085,-0.004,-0.004,-0.004,-0.003,-0.003,-0.009,-0.009,-0.009,-0.01,-0.01,-0.01,-0.01,-0.01,0.745,0.745,0.745,0.745,0.745,0.744,0.744,0.001,0.001,-0.001,-0.001,0.002,-0.016,-0.016,-0.02,-0.02,-0.02,0.0,0.0,0.0,0.0,0.0,0.0,0.343,0.343,-0.011,-0.006,-0.009,-0.009,0.058,0.058,0.058,0.058,0.058,0.047
-0.039,-0.793,0.009,0.011,0.005,0.005,0.005,0.005,0.005,0.005,-0.572,-0.572,-0.572,0.019,0.019,0.028,0.0,-0.32,0.145,0.145,0.145,0.145,0.145,0.145,0.145,3.65,1.12,0.013,0.0,0.0,-0.006,-0.008,-0.008,0.008,-0.789,-0.749,-0.749,-0.767,-0.743,0.5,0.5,1.2,-0.213,-0.258,-0.258,0.732,0.732,-0.004,-0.028,-0.003,-0.748,0.475,-0.64,-0.64,-0.64,-0.02,-0.02,-0.02,-0.02,-0.02,-0.02,-0.753,-0.753,-0.05,-0.003,-0.036,-0.036,-0.193,-0.144,-0.181,-0.181,-0.181,-0.181
-0.001,-0.001,0.004,0.0,0.0,0.0,0.0,0.0,0.0,0.0,0.001,0.001,0.001,-0.001,-0.001,-0.001,-0.001,-0.001,0.013,0.013,0.013,0.013,0.013,0.013,0.013,-0.005,-0.005,-0.005,0.002,-0.011,-0.011,0.001,0.001,0.002,0.002,0.002,0.002,-0.01,0.007,0.007,0.007,0.003,0.003,0.003,0.003,-0.002,-0.002,-0.002,-0.002,0.001,-0.006,-0.006,0.001,0.001,0.001,0.001,0.001,0.001,0.001,0.001,0.001,-0.004,-0.004,-0.011,-0.005,-0.006,-0.006,0.02,0.02,0.02,0.02,0.02,0.012
-0.042,-0.042,0.009,0.032,0.032,0.032,0.032,0.032,-0.96,-0.96,-0.939,-0.083,-0.083,0.025,-0.93,0.072,0.046,-0.931,-0.005,0.051,0.003,0.039,0.026,-0.015,-0.967,-0.159,-0.159,0.05,0.015,-0.123,0.014,-0.953,0.033,-1.03,0.0,1.04,1.04,-0.025,0.051,0.051,0.051,0.051,0.051,-0.055,-0.055,-0.955,-1.29,0.05,-0.053,-0.022,-0.065,-0.018,-1.01,-1.01,-1.01,0.311,0.311,0.311,0.311,0.863,0.863,-0.944,-0.944,-0.178,0.016,-0.09,-0.09,-0.776,-0.776,-0.776,-0.776,-0.776,0.416
-0.117,-0.117,-0.117,-0.094,-0.094,-0.094,-0.094,-0.094,-0.094,-0.094,-0.053,-0.053,-0.053,0.052,0.052,0.052,-0.174,-0.174,0.401,0.401,0.401,0.401,0.401,0.401,0.401,0.597,0.597,2.43,-0.171,-0.171,-0.13,-0.112,-0.123,0.0,0.0,0.0,0.0,0.0,0.054,0.054,0.054,0.054,0.054,0.054,0.054,0.3,0.308,-0.165,-0.165,-0.282,0.019,0.019,-0.364,-0.364,-0.364,0.578,0.578,0.578,0.578,0.578,0.578,-0.423,-0.423,0.173,-0.062,0.212,0.212,0.05,0.05,0.05,0.05,0.05,0.05
-0.036,-0.036,0.061,-0.311,-0.303,-0.303,-0.303,-0.303,-0.303,-0.303,-0.294,-0.31,-0.31,0.0,0.0,-0.339,0.025,0.025,0.418,0.418,0.412,0.393,0.393,0.393,0.393,0.38,0.38,0.026,0.018,-0.022,-0.332,-0.33,-0.33,0.211,0.195,0.193,0.193,0.193,-0.356,0.297,0.297,0.257,-0.372,0.016,0.016,0.629,0.629,0.024,0.024,-0.604,0.0,0.0,0.0,0.0,0.0,0.0,0.0,0.0,0.0,0.0,0.0,-0.669,-0.669,-0.024,-0.647,-0.364,-0.369,-0.056,-0.056,-0.056,-0.056,-0.056,-0.056
-0.076,-0.076,-0.076,-0.211,-0.211,-0.211,-0.211,-0.211,-0.211,-0.211,-0.214,-0.214,-0.214,0.362,0.369,0.369,-0.218,-0.218,0.386,0.386,0.386,0.386,0.386,0.386,0.386,0.01,0.01,0.03,-0.192,-0.192,0.332,0.234,0.234,-0.219,-0.219,-0.219,-0.219,-0.219,0.366,0.366,0.366,0.366,0.366,0.366,0.366,1.16,1.16,0.243,0.269,-0.204,-0.194,-0.181,0.328,0.328,0.328,0.328,0.328,0.328,0.328,0.328,0.328,-0.21,-0.21,0.043,-0.209,-0.216,-0.216,0.042,0.042,0.042,0.042,0.042,0.027
-0.196,-0.196,-0.188,0.264,0.264,0.264,0.264,0.264,0.264,0.264,0.005,0.005,0.005,-0.066,-0.066,-0.066,-0.008,-0.008,0.513,0.513,0.513,0.513,0.513,0.513,0.513,0.209,0.209,0.209,-0.214,-0.214,-0.011,-0.215,-0.215,0.032,0.023,0.017,0.017,0.017,-0.464,0.017,0.017,0.017,0.017,0.017,0.017,0.802,0.771,-0.47,-0.47,-0.206,0.575,0.545,-0.739,-0.739,-0.739,0.042,0.042,0.042,0.042,0.042,0.042,-0.469,-0.469,-0.081,0.014,0.296,0.296,0.0,0.0,0.0,0.0,0.0,0.0
-0.712,-0.707,0.016,0.018,0.019,0.019,0.019,0.019,0.019,0.019,0.0,0.0,0.0,-0.088,-0.088,-0.094,0.001,0.005,0.025,0.025,0.022,0.022,0.022,0.022,0.022,-0.089,-0.089,-0.084,0.023,0.023,-0.082,-0.081,-0.066,-0.08,-0.08,-0.08,-0.08,-0.08,-0.079,-0.086,-0.086,-0.086,-0.086,-0.086,-0.086,0.008,0.008,-0.087,-0.063,-0.171,0.039,0.039,-0.059,-0.059,-0.059,-0.059,-0.059,-0.059,-0.059,-0.059,-0.059,-0.715,-0.715,-0.057,-0.075,-0.047,-0.047,-0.06,-0.06,-0.06,-0.06,-0.06,-0.06
0.022,0.022,0.009,-0.007,0.0,0.0,0.0,0.0,0.0,0.0,-0.026,0.014,0.662,-0.01,-0.01,-0.024,0.008,-0.008,0.005,0.005,0.005,-0.011,-0.011,-0.011,-0.011,-0.672,-0.672,0.634,0.008,0.008,0.007,0.002,0.002,-0.675,0.002,-0.005,-0.005,-0.005,-0.003,-0.003,-0.003,-0.003,-0.003,-0.003,-0.003,0.715,0.715,-0.661,-0.658,0.024,0.034,0.025,-0.654,-0.654,-0.654,0.03,0.03,0.03,0.03,0.03,0.639,-0.631,-0.631,0.018,-0.022,0.006,0.006,-0.007,-0.007,-0.022,-0.022,-0.022,-0.022
-0.023,-0.02,-0.021,0.0,0.0,0.0,0.0,0.0,0.0,0.0,-0.019,-0.037,-0.037,0.409,-0.476,-0.466,0.412,0.412,0.407,0.407,0.417,0.417,0.417,0.417,0.417,-0.013,-0.013,2.75,-0.035,-0.035,0.392,-0.449,0.41,-0.022,-0.032,-0.032,-0.032,-0.032,-0.026,-0.026,-0.026,-0.026,-0.026,-0.022,-0.022,1.26,1.25,0.389,0.366,-0.045,0.397,0.412,-0.507,-0.507,-0.507,0.404,0.404,0.404,0.404,0.404,0.404,-0.917,-0.917,0.272,0.727,-0.044,-0.044,0.186,0.186,0.186,0.186,0.186,0.186
-0.814,-0.814,-0.833,0.03,0.03,0.03,0.03,0.03,0.03,0.03,-0.566,-0.567,-0.567,-0.029,-0.023,-0.023,0.005,0.025,0.008,0.008,0.008,0.008,0.008,0.008,0.008,-0.858,-0.858,0.789,0.024,0.024,0.118,-0.032,-0.032,-0.046,0.0,0.0,0.0,-0.011,0.014,0.014,0.014,0.014,0.009,0.009,0.009,0.821,0.821,-0.742,-0.732,0.011,0.032,0.032,-0.799,-0.826,-0.826,0.04,0.04,0.04,0.04,0.04,0.037,-0.841,-0.841,0.699,0.027,-0.822,-0.822,-0.074,-0.074,-0.123,-0.123,-0.123,-0.134
0.0,0.0,0.0,-0.02,-0.02,-0.02,-0.02,-0.02,-0.02,-0.02,-0.036,-0.036,-0.036,-0.051,-0.051,-0.051,0.129,0.129,0.924,0.924,0.81,0.81,0.643,0.677,0.677,2.07,2.07,3.54,-0.056,-0.056,-0.033,-0.033,-0.031,-0.012,0.666,0.666,0.666,0.666,0.013,0.013,0.013,0.013,0.01,-0.009,-0.009,0.699,0.699,-0.023,-0.023,-0.033,0.027,0.027,-0.789,-0.789,-0.789,0.742,0.742,0.742,0.742,0.742,0.742,-0.773,-0.773,0.046,0.009,-0.012,-0.012,0.469,0.469,0.007,0.007,0.007,0.007
-0.294,-0.294,0.013,-0.289,-0.289,-0.289,-0.289,-0.289,-0.289,-0.289,-0.282,-0.288,-0.288,0.016,0.016,0.016,-0.217,-0.216,0.017,0.017,0.017,0.017,0.017,0.017,0.017,0.293,0.293,0.293,-0.289,-0.289,0.01,0.01,0.01,-0.297,-0.297,-0.297,-0.297,-0.297,0.865,0.282,0.282,0.282,0.282,0.282,0.282,0.027,0.027,-0.008,-0.008,-0.29,-0.301,-0.293,0.0,0.0,0.0,0.0,0.0,0.0,0.0,0.0,0.0,-0.29,-0.29,0.074,0.01,-0.297,-0.297,-0.09,-0.09,-0.09,-0.09,-0.09,-0.09
-0.002,-0.002,-0.002,-0.014,0.004,0.004,0.004,0.004,0.004,0.004,0.005,0.005,0.005,0.0,0.0,0.001,0.003,0.009,0.004,0.004,0.004,0.004,0.004,0.004,0.004,-0.003,-0.003,-0.003,-0.001,-0.001,0.002,0.002,0.002,-0.003,-0.003,-0.002,-0.002,-0.002,0.007,0.007,0.007,0.007,0.007,0.0,0.0,-0.001,-0.001,0.001,0.001,0.0,-0.014,-0.002,-0.003,-0.003,-0.003,-0.003,-0.003,-0.003,-0.003,-0.003,-0.003,-0.001,-0.001,-0.021,-0.002,-0.016,-0.016,0.009,0.005,0.005,0.005,0.005,0.005
-0.01,-0.01,0.007,0.014,0.014,0.014,0.014,0.014,0.014,0.014,0.0,0.01,0.01,-0.003,-0.003,-0.003,-0.008,0.009,-0.004,-0.004,0.0,0.027,0.0,-0.019,-0.019,-0.016,-0.016,-0.002,0.0,0.0,-0.006,-0.578,0.007,-0.046,-0.014,-0.014,-0.014,-0.014,0.003,0.002,0.002,0.002,0.002,-0.008,-0.04,1.46,1.46,-0.825,-0.833,0.004,-0.018,0.792,-0.83,-0.83,-0.83,0.725,0.725,0.725,0.725,0.76,0.751,-0.818,-0.818,-0.045,-0.009,-0.023,-0.023,-0.018,-0.018,-0.018,-0.032,-0.032,-0.032
0.025,-0.371,-0.004,-0.11,-0.415,-0.091,-0.091,-0.091,-0.366,-0.366,-0.308,-0.308,-0.308,0.002,0.002,0.002,-0.005,-0.005,0.287,0.287,0.287,0.287,0.287,0.287,0.287,-0.303,-0.303,0.119,0.011,0.011,0.24,-0.29,-0.29,-0.288,0.207,0.207,0.207,0.207,-0.004,-0.004,-0.004,-0.004,0.001,0.001,0.001,1.11,1.07,-0.002,0.01,0.045,0.025,0.012,-0.261,-0.261,-0.261,-0.261,-0.261,-0.261,0.038,-0.271,-0.269,0.0,0.0,0.025,-0.013,-0.263,-0.263,0.009,0.009,0.009,0.009,0.009,0.009
-0.459,-0.459,-0.452,-0.391,-0.391,-0.391,-0.391,-0.391,-0.391,-0.391,-0.09,-0.09,-0.09,-0.027,0.001,-0.498,0.517,-0.248,0.513,0.513,0.382,0.405,0.392,0.436,0.436,-0.483,-0.483,0.42,-0.093,-0.129,-0.48,0.018,0.026,-0.542,0.0,0.0,0.0,0.0,0.079,0.02,0.02,0.02,0.02,0.02,0.02,0.54,0.54,-0.475,-0.475,-0.409,0.339,-0.504,-0.431,-0.91,-0.426,0.429,0.429,0.429,0.429,0.429,0.429,0.009,0.009,0.319,-0.002,-0.446,-0.446,0.271,0.271,0.247,0.247,0.247,-0.44
-0.74,-0.74,0.037,-0.214,-0.214,-0.214,-0.214,-0.214,-0.214,-0.214,-0.364,-0.368,0.012,-0.109,-0.109,-0.109,0.006,0.006,0.723,0.723,0.004,0.004,0.004,0.004,0.004,-0.011,-0.011,-0.001,0.001,0.001,0.008,-0.743,-0.74,0.686,-0.751,-0.751,-0.751,-0.751,0.002,0.006,0.006,0.006,0.006,0.006,0.006,0.677,0.677,-0.008,0.025,-0.044,0.047,0.04,-0.005,-0.005,-0.005,-0.005,-0.005,-0.005,-0.005,-0.005,-0.005,-0.41,-0.41,0.0,0.012,-0.741,-0.741,-0.045,-0.045,-0.045,-0.064,-0.064,-0.034
0.051,0.051,-0.011,-0.026,-0.016,-0.016,-0.016,-0.016,-0.034,-0.034,-0.054,-0.047,-0.047,0.517,-0.068,-0.068,0.567,0.527,1.09,1.09,1.09,1.09,1.09,1.09,1.09,1.58,1.58,1.57,0.01,0.01,-0.039,-0.018,-0.018,-0.039,-0.045,-0.045,-0.045,-0.061,-0.013,-0.022,-0.022,-0.022,-0.022,-0.022,-0.013,1.56,1.52,0.555,0.569,0.613,-0.009,1.14,-0.622,-0.622,-0.622,0.622,0.622,0.622,0.622,0.622,0.622,-0.653,-0.653,0.024,-0.03,0.018,0.018,0.269,0.269,0.269,0.269,0.269,0.246
0.035,-0.54,0.006,-0.009,-0.009,-0.009,-0.009,-0.009,-0.009,-0.009,-0.014,-0.014,-0.014,-0.012,-0.012,-0.012,-0.01,-0.01,0.001,0.001,-0.006,-0.006,-0.006,0.014,0.014,-0.57,-0.57,0.665,0.005,0.005,0.005,0.005,0.005,0.0,0.0,0.0,0.0,0.0,-0.002,-0.002,-0.002,-0.002,-0.002,-0.002,-0.002,0.045,0.071,-0.001,-0.003,-0.054,0.016,0.016,-0.576,-0.576,-0.576,0.025,0.025,0.025,0.025,0.025,0.025,-0.571,-0.571,-0.546,0.005,0.017,0.017,0.002,0.002,0.002,0.002,0.002,0.003
0.116,0.116,0.116,0.096,0.096,0.096,0.096,0.096,0.096,0.096,-0.4,-0.41,-0.41,-0.328,-0.328,0.063,-0.212,-0.141,0.744,0.744,0.386,0.384,0.384,0.384,0.384,1.5,1.5,1.74,-0.374,-0.374,-0.164,-0.164,-0.171,0.241,1.27,0.214,0.214,0.214,-0.032,-0.043,-0.043,-0.043,-0.043,-0.043,-0.071,0.421,0.421,-0.067,-0.068,-0.364,0.0,0.0,-0.379,-0.379,-0.379,0.061,0.061,0.061,0.061,0.061,0.061,-0.604,-0.604,0.021,0.247,-0.162,-0.162,0.054,0.054,0.054,0.054,0.054,0.034
0.0,0.0,0.0,0.005,0.005,0.005,0.005,0.005,0.005,0.005,0.01,0.01,0.01,0.002,0.002,0.002,-0.001,0.012,0.004,0.004,0.004,0.004,0.004,0.004,0.004,-0.005,-0.005,-0.005,-0.005,-0.005,-0.008,-0.001,-0.001,-0.005,-0.005,-0.005,-0.005,-0.005,0.007,0.007,0.007,0.007,0.007,-0.001,-0.001,0.002,0.002,0.0,0.0,-0.005,-0.02,-0.012,-0.007,-0.007,-0.007,-0.007,-0.007,-0.007,-0.007,-0.007,-0.007,-0.004,-0.004,-0.024,-0.005,-0.016,-0.023,0.009,0.009,0.009,0.009,0.009,0.009
-0.072,-0.072,0.365,0.003,0.003,0.003,0.003,0.003,0.003,0.003,-0.011,-0.011,-0.011,-0.45,-0.45,-0.45,0.324,-0.05,0.446,0.446,0.439,0.439,0.439,0.439,0.439,-0.951,-0.951,0.868,0.019,0.019,-0.435,-0.421,-0.421,-0.044,-0.044,0.038,0.061,0.052,0.0,0.0,0.0,0.0,0.0,0.0,0.0,0.624,0.624,0.006,0.0,-0.47,0.01,0.433,-0.487,-0.487,-0.487,-0.015,-0.015,-0.015,-0.015,-0.015,-0.015,-0.966,-0.946,-0.014,0.055,-0.033,-0.033,0.018,0.018,0.018,0.018,0.018,0.027
-0.214,-0.214,-0.19,0.1,0.1,0.1,0.1,0.1,0.1,0.1,0.005,0.005,0.005,-0.026,-0.026,-0.026,-0.017,-0.017,0.29,0.29,0.29,0.29,0.281,0.281,0.281,0.4,0.4,0.4,-0.016,-0.017,0.119,0.119,0.119,-0.148,-0.153,-0.153,-0.153,-0.153,0.114,0.114,0.114,0.114,0.114,0.091,0.091,0.315,0.315,-0.351,-0.351,-0.027,-0.041,-0.041,-0.372,-0.372,-0.372,0.244,0.244,0.244,0.244,0.244,0.244,-0.382,-0.382,-0.023,-0.088,-0.025,-0.025,0.044,0.044,0.044,0.044,0.044,0.03
0.003,0.003,0.003,0.0,0.0,0.0,0.0,0.0,0.0,0.0,0.0,0.0,0.0,0.001,0.001,0.001,0.003,-0.006,0.0,0.0,0.0,0.0,0.0,0.0,0.0,-0.003,-0.003,-0.006,-0.001,-0.001,0.0,0.0,0.0,0.004,-0.002,-0.002,-0.002,-0.002,0.006,0.006,0.006,0.006,0.006,0.006,0.006,-0.004,-0.004,-0.002,-0.01,0.002,-0.006,-0.006,0.003,0.003,0.003,0.003,0.003,0.003,0.003,0.003,0.003,-0.004,-0.004,-0.022,-0.006,-0.007,-0.007,0.016,0.016,0.016,0.016,0.016,-0.007
0.028,0.028,-0.007,-0.004,-0.004,-0.004,-0.004,0.0,0.0,0.0,0.0,-0.007,-0.007,0.0,0.0,0.0,-0.001,-0.001,-0.002,-0.002,-0.002,-0.003,-0.003,-0.003,-0.003,0.013,0.013,0.013,0.251,0.251,-0.015,-0.015,-0.015,-0.016,-0.016,-0.007,-0.007,-0.007,0.257,0.257,0.257,0.257,0.257,0.257,0.257,0.028,0.028,-0.014,-0.014,-0.023,-0.034,-0.034,-0.033,-0.033,-0.033,-0.033,-0.033,-0.033,-0.033,-0.033,-0.033,0.267,0.267,-0.044,-0.023,-0.044,-0.044,0.052,0.052,0.052,0.052,0.052,0.052
0.002,0.002,0.002,-0.001,-0.001,-0.001,-0.001,-0.001,-0.001,-0.001,0.002,0.002,0.002,0.003,0.003,0.003,0.001,0.001,0.003,0.003,-0.001,-0.001,-0.001,-0.001,-0.001,-0.008,-0.008,-0.003,0.001,0.001,0.0,0.0,0.0,0.0,0.0,0.0,0.0,0.0,0.004,0.004,0.004,0.004,0.004,0.004,0.004,-0.01,-0.01,0.004,-0.004,0.003,-0.003,-0.01,-0.001,-0.001,-0.001,-0.001,-0.001,-0.001,-0.001,-0.001,-0.001,-0.006,-0.006,-0.023,-0.005,-0.006,-0.006,-0.002,-0.002,-0.002,-0.002,-0.002,-0.002
-0.004,-0.004,-0.002,-0.007,-0.459,0.002,0.002,0.002,0.002,0.002,0.0,0.0,0.0,0.002,0.01,-0.001,0.002,0.005,0.0,0.0,0.0,-0.006,-0.006,-0.006,-0.006,-0.016,-0.016,-0.012,-0.008,-0.008,-0.012,0.003,0.003,0.003,-0.007,-0.007,-0.007,-0.007,0.431,0.431,0.431,0.431,0.431,0.42,0.39,0.427,0.427,0.007,0.007,0.004,0.004,-0.016,-0.002,-0.002,-0.002,-0.002,-0.002,-0.002,-0.002,-0.002,-0.002,-0.006,-0.006,-0.035,-0.004,-0.017,-0.017,-0.628,-0.628,0.523,0.523,0.523,0.595
-0.157,-0.157,-0.208,-0.651,-0.225,-0.188,-0.188,-0.188,-0.188,-0.188,0.055,0.039,0.039,0.117,0.117,-0.68,0.157,0.126,-0.208,-0.212,-0.233,-0.233,-0.233,-0.233,-0.233,0.101,0.101,0.11,0.053,0.084,0.068,0.075,0.082,0.091,0.06,0.06,0.06,0.06,-0.255,-0.255,-0.255,-0.255,-0.255,-0.258,-0.258,1.97,1.97,-0.625,-0.64,-0.596,0.206,0.168,-0.613,-0.616,-0.616,-0.233,-0.233,-0.233,-0.233,-0.233,-0.233,-0.637,-1.2,0.205,0.132,-0.612,-0.612,-0.083,-0.083,-0.083,-0.083,-0.083,-0.083
-0.066,-0.066,-0.028,0.539,0.539,0.539,0.483,0.483,0.483,0.483,-0.055,-0.055,-0.055,-0.054,-0.054,-0.082,-0.142,0.062,1.87,1.87,1.87,0.449,0.449,0.449,0.449,-0.036,-0.036,0.649,1.26,1.22,0.359,0.359,0.168,0.035,0.074,0.074,0.074,0.074,-0.027,-0.833,-0.082,-0.082,-0.082,-0.132,-0.132,0.876,0.867,-0.048,-0.005,-0.161,-0.093,-0.069,-0.873,-0.062,-0.062,-0.068,-0.068,-0.068,-0.068,-0.068,-0.001,-0.839,-0.839,0.588,-0.844,-0.233,-0.233,0.132,0.132,0.132,0.132,0.132,0.125
-0.789,0.001,0.001,0.006,0.006,0.006,0.006,0.006,0.006,0.006,0.009,0.009,0.009,0.0,0.0,0.0,0.002,0.002,0.009,0.009,0.009,0.009,0.009,0.009,0.009,-0.007,-0.007,-0.007,-0.007,-0.007,-0.019,-0.008,-0.008,-0.006,-0.006,-0.006,-0.015,-0.015,0.0,0.0,0.0,0.0,0.0,0.0,0.0,0.111,0.111,-0.01,-0.027,-0.016,-0.024,-0.024,-0.017,-0.017,-0.017,-0.017,-0.017,-0.017,-0.017,-0.017,-0.011,-0.209,-0.209,-0.008,-0.02,-0.028,-0.028,-0.011,-0.011,-0.011,-0.011,-0.011,-0.011
-0.31,-0.31,-0.211,0.297,0.297,0.297,0.297,0.297,0.297,0.297,-0.257,-0.257,-0.257,-0.307,-0.307,-0.307,0.509,0.495,0.342,0.342,0.328,0.328,0.328,0.328,0.328,-0.269,-0.269,0.413,-0.095,-0.095,-0.012,-0.004,-0.004,0.365,0.318,0.318,0.318,0.318,-0.073,-0.073,-0.073,-0.073,-0.073,-0.073,-0.098,0.494,0.466,-0.342,-0.342,-0.299,0.159,0.143,-0.04,-0.04,-0.04,-0.04,-0.04,-0.04,-0.04,-0.04,-0.04,-0.705,-0.705,-0.153,-0.034,0.0,-0.124,0.048,0.048,0.048,0.048,0.048,0.048
-0.1,-0.1,-0.118,0.008,0.008,0.038,0.038,0.038,0.038,0.038,-0.512,-0.024,-0.024,-0.455,-0.455,-0.462,0.051,0.021,0.493,0.502,0.002,0.002,0.002,0.002,0.002,-0.935,-0.426,0.825,0.035,0.093,-0.451,-0.433,-0.433,-0.426,-0.426,-0.442,-0.442,-0.442,-0.447,3.16,0.51,-0.399,-0.435,-0.424,-0.474,0.021,0.021,-0.432,-0.432,-0.418,0.029,0.019,-0.407,-0.407,-0.407,-0.407,-0.407,-0.407,-0.407,-0.407,-0.41,-0.447,-0.447,-0.394,-0.422,-0.419,-0.391,-0.134,-0.134,-0.134,-0.134,-0.134,-0.134
-0.25,-0.25,-0.25,0.0,0.0,0.0,0.0,0.0,0.0,0.0,-0.196,-0.196,-0.196,-0.229,-0.229,-0.257,0.198,0.421,0.785,0.785,0.785,0.785,0.785,0.785,0.785,0.395,0.395,0.384,0.24,0.24,-0.447,-0.447,-0.447,0.352,0.371,0.371,0.371,0.371,-0.021,-0.028,-0.028,-0.028,-0.028,-0.028,-0.028,0.601,0.601,-0.455,-0.491,-0.426,-0.003,-0.003,0.002,0.002,0.002,0.002,0.002,0.002,0.002,0.002,0.002,-0.391,-0.391,0.232,-0.004,-0.002,-0.002,0.02,0.02,0.009,0.009,0.009,0.007
0.059,0.059,0.056,0.01,0.01,0.01,0.01,0.01,0.01,0.01,-0.359,-0.359,-0.359,-0.369,-0.369,-0.369,0.027,0.027,0.45,0.45,0.45,0.45,0.45,0.45,0.45,-0.805,0.806,0.828,-0.353,-0.353,0.019,0.033,0.033,0.039,-0.374,-0.357,-0.372,-0.372,-0.255,0.015,-0.254,-0.254,-0.254,-0.254,-0.254,0.534,0.534,-0.354,-0.354,-0.086,-0.002,-0.002,-0.349,-0.349,-0.349,-0.34,-0.34,-0.34,-0.34,-0.34,-0.34,-0.773,-0.773,-0.349,-0.644,-0.357,-0.357,-0.055,-0.055,-0.055,-0.055,-0.055,-0.059
-0.584,-0.572,-0.553,0.004,0.004,0.004,0.004,0.011,0.011,0.011,-0.544,-0.544,-0.544,0.0,0.0,0.0,0.013,0.008,0.003,0.021,0.0,0.0,-0.006,-0.006,-0.006,-0.016,-0.016,-0.016,-0.124,-0.124,-0.022,-0.022,-0.572,0.381,-0.582,-0.579,-0.579,-0.579,0.001,0.001,0.001,0.001,0.001,0.001,0.001,0.273,0.312,0.004,0.004,0.013,-0.013,0.003,-0.585,-0.585,-0.585,0.014,0.014,0.014,0.014,0.014,0.023,-0.566,-0.566,-0.022,0.0,-0.586,-0.586,-0.118,-0.118,-0.118,-0.118,-0.118,-0.118
-0.562,-0.562,0.026,0.144,0.144,0.144,0.144,0.144,0.144,0.144,-0.003,0.002,0.002,-0.017,-0.017,-0.017,-0.035,-0.039,0.04,0.04,0.032,0.032,0.032,0.032,0.032,0.001,0.001,0.001,0.002,0.004,-0.007,-0.001,-0.001,-0.032,-0.032,-0.034,-0.034,-0.034,0.0,0.0,0.0,0.0,0.0,0.0,0.0,0.082,0.082,0.0,0.0,0.011,-0.019,-0.029,0.002,0.002,0.002,0.002,0.002,0.002,0.002,0.002,0.002,-0.529,-0.529,0.005,-0.029,-0.018,-0.018,-0.004,-0.004,-0.004,-0.004,-0.004,-0.004
0.027,0.0,-0.07,-0.493,-0.493,-0.493,-0.493,-0.488,-0.488,-0.488,0.121,0.125,0.125,-0.022,-0.154,-0.155,0.739,-0.148,0.196,0.196,0.196,-0.405,-0.405,-0.405,-0.405,-0.188,2.19,0.437,0.067,0.067,-0.137,-0.148,-0.127,0.067,0.067,0.031,0.031,0.031,0.149,0.149,0.149,0.149,0.149,0.149,0.149,0.152,0.152,-0.154,-0.154,-0.131,-0.394,-0.372,-0.481,-0.481,-0.481,0.765,0.765,0.765,0.765,0.765,0.835,-0.269,-0.269,0.119,-0.149,-0.383,-0.388,-0.047,-0.047,-0.047,-0.076,-0.076,-0.038
-0.419,-0.419,0.0,0.029,0.029,0.029,0.029,0.029,0.029,0.029,-0.087,-0.087,-0.087,0.101,0.101,0.111,-0.092,-0.092,0.466,0.466,0.455,0.455,0.455,0.455,0.455,-0.04,-0.04,0.697,-0.07,-0.07,-0.389,-0.401,-0.401,-0.065,-0.065,-0.065,-0.065,-0.065,0.222,0.222,0.222,0.222,0.222,0.222,0.222,1.22,0.432,-0.394,-0.394,-0.384,0.441,0.441,-0.431,-0.431,-0.431,0.431,0.431,0.431,0.431,0.418,0.418,-0.424,-0.424,-0.008,-0.226,-0.412,-0.412,-0.023,-0.023,-0.037,-0.037,-0.037,-0.006
-0.041,-0.041,0.007,-0.005,-0.005,-0.005,-0.005,-0.005,-0.005,-0.005,0.015,0.015,0.015,-0.022,0.0,0.0,-0.007,-0.007,-0.005,-0.005,-0.033,-0.006,-0.006,-0.006,-0.006,0.698,0.698,0.698,-0.017,-0.017,-0.018,-0.018,-0.018,-0.022,-0.026,-0.016,-0.016,-0.031,0.714,0.692,0.692,0.692,0.692,0.692,0.692,0.674,0.674,-0.012,-0.059,-0.024,-0.045,-0.045,-0.043,-0.043,-0.043,-0.043,-0.043,-0.043,-0.043,-0.043,-0.043,-0.011,-0.011,-0.107,-0.03,-0.063,-0.063,0.155,0.155,0.138,0.138,0.138,0.138
0.019,0.019,0.009,0.004,0.004,0.004,0.004,0.004,0.004,0.004,-0.008,-0.008,0.052,-0.011,0.007,0.005,0.007,0.012,0.906,0.906,0.945,0.114,0.114,0.114,0.114,-0.608,0.991,2.26,-0.581,-0.581,0.0,0.0,0.011,0.004,0.002,0.002,0.002,0.002,0.003,0.003,0.003,0.003,0.003,0.003,0.003,-0.01,-0.01,-0.566,-0.6,-0.034,0.355,0.355,-0.285,-0.285,-0.285,0.183,0.183,0.183,0.183,0.183,-0.386,-0.577,-0.577,-0.016,-0.016,0.006,0.006,-0.018,-0.031,-0.025,-0.025,-0.025,-0.025
0.105,0.107,0.008,0.019,0.019,0.019,0.019,0.019,0.019,0.019,-0.093,-0.093,-0.093,-0.039,-0.009,-0.071,0.001,-0.036,0.002,0.002,0.008,-0.016,-0.016,-0.016,-0.016,-0.83,-0.83,0.765,0.051,0.051,0.052,-1.19,0.098,0.034,-0.767,-0.807,-0.807,-0.807,0.0,0.0,0.0,0.0,0.0,0.0,0.0,1.74,1.74,-0.014,0.034,-0.745,0.076,0.071,-0.776,-0.776,-0.776,3.66,3.66,1.46,0.456,0.456,0.456,-0.804,-0.822,0.049,0.07,-0.748,-0.748,-0.004,-0.004,-0.004,-0.047,-0.047,-0.035
-0.736,-0.736,-0.736,0.008,0.005,0.005,0.005,0.005,0.005,0.005,-0.041,-0.041,-0.041,-0.01,-0.01,-0.824,-0.012,-0.012,0.77,0.77,0.725,0.74,0.74,0.74,0.74,-0.016,-0.016,-0.002,0.027,0.035,0.011,0.011,0.011,0.004,0.004,0.004,0.004,0.004,0.004,0.004,0.004,0.004,0.004,0.004,0.004,0.712,0.712,0.014,0.014,-0.772,0.044,0.044,-0.778,-0.778,-0.778,0.045,0.045,0.045,0.045,0.045,0.05,-0.805,-0.805,0.028,0.007,0.083,0.083,-0.023,-0.023,-0.023,-0.023,-0.023,-0.023
0.001,0.001,0.001,0.012,0.012,0.012,0.012,0.012,0.012,0.012,-0.252,-0.252,-0.252,0.019,0.019,0.08,-0.2,-0.169,0.017,0.017,0.011,0.359,0.359,0.359,0.359,-0.036,-0.036,0.014,0.012,0.012,0.006,-0.1,-0.1,-0.087,-0.501,-0.042,-0.042,0.007,0.013,0.013,0.013,0.013,0.013,-0.009,-0.009,0.38,0.372,-0.101,-0.101,-0.258,-0.071,0.0,-0.694,-0.694,-0.694,-0.085,-0.085,-0.085,-0.085,-0.085,-0.075,-0.765,-0.765,-0.032,0.021,-0.1,0.452,-0.045,-0.045,-0.045,-0.045,-0.045,-0.045
0.033,0.033,-0.001,-0.045,-0.018,-0.018,-0.018,-0.018,-0.018,-0.018,-0.05,-0.071,-0.647,0.352,0.352,0.352,0.0,-0.01,0.513,0.513,0.513,0.513,0.505,0.505,0.505,-0.063,-0.063,-0.008,0.51,0.51,0.371,0.209,0.209,-0.026,-0.026,0.434,0.434,0.434,-0.311,-0.719,-0.312,-0.312,-0.312,-0.235,-0.188,0.071,0.066,0.011,0.011,-0.492,0.077,0.013,-0.464,-0.464,-0.464,-0.464,-0.464,-0.464,-0.464,-0.464,-0.464,-0.716,-0.716,0.045,-0.042,-0.492,-0.492,0.017,0.017,0.017,0.017,0.017,0.017
0.0,0.0,-0.068,-0.108,-0.108,-0.108,-0.108,-0.92,-0.92,-0.92,-0.136,-0.165,-0.165,-0.005,0.002,-0.024,0.751,0.644,0.855,0.713,0.689,0.693,0.706,0.706,0.706,1.04,1.04,1.02,0.755,0.755,0.655,0.721,0.736,-0.087,-0.087,-0.132,-0.149,-0.149,-0.103,-0.103,-0.103,-0.091,-0.091,-0.099,-0.099,1.41,1.41,-0.09,-0.096,-0.063,-0.088,-0.111,-0.016,-0.051,-0.051,-0.025,-0.025,-0.025,-0.025,-0.025,-0.025,-0.131,-0.131,-0.027,-0.113,-0.048,-0.048,0.269,0.269,0.246,0.246,0.246,0.238
-0.798,-0.784,0.01,0.009,0.009,0.009,0.009,0.009,0.009,0.009,-0.708,-0.736,-0.736,0.013,-0.736,-0.748,0.029,0.029,0.703,0.703,0.69,0.719,0.719,0.719,0.719,0.663,0.663,0.665,-0.006,-0.006,-0.019,-0.014,-0.014,-0.008,-0.008,-0.008,-0.008,-0.008,0.655,0.655,0.655,0.655,0.661,-0.022,-0.022,0.024,0.024,0.047,-0.016,0.634,-0.815,-0.034,-0.794,-0.794,-0.794,-0.038,-0.038,-0.038,-0.038,-0.038,-0.788,-0.747,-0.747,-0.118,-0.031,-0.027,-0.075,-0.074,-0.074,-0.074,-0.074,-0.074,-0.074
0.001,0.001,0.004,0.002,0.002,0.002,0.002,0.002,0.002,0.002,-0.011,-0.011,-0.011,-0.009,0.014,-0.002,0.0,-0.004,0.017,0.017,0.0,0.0,0.0,0.0,0.0,-0.011,-0.011,-0.005,0.001,0.001,-0.008,0.003,0.003,0.0,0.0,0.0,0.0,-0.009,0.003,0.003,0.003,0.003,0.003,0.003,0.003,0.0,0.0,0.002,0.002,-0.002,-0.014,-0.014,0.004,0.004,0.004,0.004,0.004,0.004,0.004,0.004,0.004,-0.01,-0.01,-0.034,0.009,-0.007,-0.007,-0.015,-0.015,-0.015,-0.015,-0.015,-0.015
0.009,0.009,-0.001,-0.001,-0.001,-0.001,-0.001,-0.001,-0.001,-0.001,0.0,0.0,0.0,-0.012,-0.006,-0.396,-0.005,-0.005,0.368,0.368,0.368,0.368,0.368,0.368,0.368,-0.009,-0.009,-0.009,0.003,0.003,-0.002,-0.002,-0.002,0.009,0.0,0.0,0.0,0.0,0.0,0.0,0.0,0.0,0.0,0.0,0.0,0.361,0.361,0.001,0.006,0.004,0.003,0.003,0.01,0.01,0.01,0.01,0.01,0.01,0.01,0.01,0.01,-0.005,-0.005,0.007,-0.002,0.024,0.011,0.04,0.04,0.04,0.04,0.04,0.04
-0.731,-0.731,0.001,0.011,0.011,0.011,0.011,0.011,0.011,0.011,0.017,0.013,0.013,-0.005,0.006,0.006,0.0,0.0,0.002,0.011,-0.005,0.003,0.003,0.007,0.007,-0.007,-0.007,-0.013,-0.001,-0.001,0.0,0.0,0.0,-0.012,-0.012,-0.012,-0.012,-0.012,0.006,0.006,0.006,0.006,0.006,0.006,0.006,-0.006,-0.006,0.006,-0.003,-0.005,-0.009,-0.009,-0.736,-0.736,-0.736,0.004,0.004,0.004,0.004,0.004,0.004,-0.739,-0.739,-0.003,-0.001,-0.003,-0.003,-0.013,-0.013,-0.013,-0.013,-0.013,-0.013
0.007,0.007,-0.551,0.113,0.113,0.119,0.119,0.119,0.119,0.119,-0.447,-0.447,-0.447,-0.004,-0.578,-0.008,0.777,1.28,1.1,1.1,1.1,1.1,1.1,1.1,1.1,-0.031,-0.031,-0.035,0.626,0.626,-0.034,-0.034,-0.018,0.0,-0.554,-0.005,-0.005,-0.005,-0.047,-0.049,-0.049,-0.049,-0.049,-0.053,-0.053,0.582,0.582,-0.547,-0.549,0.551,0.014,0.014,-0.55,-0.55,-0.55,0.012,0.012,0.012,0.012,0.012,0.012,-1.29,-1.02,-0.015,0.132,0.0,0.0,0.038,0.006,0.03,0.03,0.03,0.03
-0.003,-0.003,-0.007,-0.002,-0.002,-0.002,-0.002,-0.002,-0.002,-0.002,-0.002,-0.002,-0.002,-0.009,-0.009,-0.009,-0.006,-0.006,0.002,0.002,-0.001,-0.001,0.007,0.007,0.007,-0.001,-0.001,-0.001,0.0,0.0,-0.006,0.002,0.002,0.002,0.002,0.002,0.002,0.002,-0.003,-0.003,-0.003,-0.003,-0.003,-0.003,-0.003,0.004,0.004,0.001,0.003,-0.003,0.012,0.012,-0.006,-0.006,-0.006,-0.006,-0.006,-0.006,-0.006,-0.006,-0.006,0.009,0.009,0.002,0.009,0.002,0.002,0.056,0.056,0.056,0.056,0.056,0.056
0.013,0.013,0.0,0.01,0.01,0.01,0.01,0.01,0.01,0.01,-0.004,-0.004,-0.004,-0.006,-0.006,-0.006,0.0,0.0,-0.001,-0.001,-0.001,-0.001,-0.001,-0.001,-0.001,-0.018,-0.018,-0.018,0.011,0.011,0.007,0.007,0.007,0.003,-0.012,-0.012,-0.012,-0.015,0.008,0.008,0.008,0.008,0.008,0.008,-0.032,2.02,2.02,-0.838,-0.851,0.022,0.016,0.012,-0.825,-0.825,-0.825,0.028,0.028,0.028,0.028,0.028,0.028,-0.855,-0.855,0.011,0.006,-0.025,-0.025,-0.004,-0.004,-0.004,-0.004,-0.004,-0.004
-0.054,-0.054,-0.016,-0.017,-0.017,-0.017,-0.017,-0.017,-0.017,-0.017,0.001,0.001,0.001,0.0,0.0,0.0,-0.007,-0.025,2.09,2.09,2.09,-0.02,0.559,0.559,0.559,-0.667,-0.667,1.11,-0.009,-0.009,-0.03,-0.016,-0.593,0.465,0.465,0.464,0.464,0.464,-0.006,-0.006,-0.006,-0.006,-0.006,-0.02,-0.02,0.535,0.534,0.005,-0.028,-0.013,-0.055,0.568,-0.548,-0.548,-0.548,0.086,0.086,0.051,0.051,0.072,0.072,-0.003,-0.646,0.494,0.552,-0.036,0.556,0.195,0.195,0.195,0.195,0.195,0.187
0.002,0.002,0.002,-0.002,-0.002,-0.002,-0.002,-0.002,-0.002,-0.002,0.0,0.0,0.0,-0.003,-0.003,-0.775,-0.003,-0.003,0.004,0.0,0.0,0.0,0.0,0.0,0.0,-0.778,-0.778,0.871,0.0,0.013,0.0,0.0,0.0,0.012,-0.002,-0.002,-0.002,-0.002,0.071,0.071,0.071,0.071,0.071,0.071,0.071,0.062,0.062,0.0,0.0,0.006,0.005,0.004,0.009,0.009,0.009,0.009,0.009,0.009,0.009,0.009,0.009,0.001,0.001,0.017,0.001,0.071,0.071,0.017,0.017,0.017,0.017,0.017,0.007
-0.479,-0.474,0.41,-0.024,-0.024,-0.024,-0.024,-0.024,-0.024,-0.024,-0.036,-0.036,-0.036,0.42,0.42,0.42,0.411,0.411,0.423,0.423,0.423,0.421,0.421,0.421,0.421,-0.028,-0.028,-0.028,0.427,0.427,-0.029,-0.009,-0.009,-0.021,-0.021,-0.021,-0.021,-0.021,0.409,0.409,0.409,0.409,0.409,0.409,0.409,-0.034,-0.034,0.422,0.422,-0.487,0.0,0.0,0.422,0.422,0.422,0.422,0.422,0.422,0.422,0.422,0.422,-0.493,-0.493,-0.024,0.433,0.002,0.002,0.109,0.109,0.109,0.109,0.109,0.118
-0.039,-0.039,-0.039,-0.348,-0.348,-0.348,-0.348,-0.348,-0.348,-0.348,-0.02,-0.02,-0.02,-0.018,-0.018,-0.018,-0.601,-0.595,0.61,0.61,0.617,0.617,0.617,0.617,0.617,0.035,0.035,0.035,0.032,0.032,0.032,0.031,0.031,0.082,3.66,-0.557,-0.557,-0.573,0.153,0.033,0.033,0.033,0.033,0.033,0.033,-0.558,-0.533,-0.019,-0.019,0.087,-0.032,-0.033,-0.618,-0.618,-0.618,0.262,0.262,0.262,0.262,-0.593,-0.564,-0.618,-1.29,0.036,-0.057,0.042,0.022,-0.194,-0.194,-0.194,-0.194,-0.194,-0.194
-0.699,-0.699,-0.316,0.028,0.032,0.032,0.032,0.032,0.032,0.032,-0.195,-0.195,-0.195,-0.332,-0.332,-0.332,0.027,0.0,1.23,1.23,1.2,-0.033,-0.033,-0.033,-0.033,-0.75,-0.75,0.986,0.012,0.012,-0.049,-0.049,-0.049,0.334,-0.365,0.348,0.348,0.348,-0.025,-0.025,-0.062,-0.062,-0.062,-0.062,-0.062,-0.694,-0.7,-0.003,-0.003,0.043,0.071,0.071,-0.721,-0.721,-0.721,0.025,0.025,0.025,0.025,0.024,0.024,-0.723,-0.723,-0.007,-0.335,0.001,0.001,-0.039,-0.039,-0.039,-0.039,-0.039,-0.039
0.652,0.652,0.559,-0.049,-0.049,-0.049,-0.049,-0.049,-0.088,-0.088,-0.085,-0.598,-0.051,-0.047,-0.047,-0.06,-0.488,0.515,1.57,1.57,1.57,1.44,1.6,1.6,1.6,0.533,0.533,0.566,1.01,1.12,0.606,-0.609,-0.609,-0.598,-0.605,-0.627,-0.607,-0.615,-0.545,-0.545,-0.545,-0.545,-0.545,-0.545,-0.545,3.44,3.66,-0.61,0.018,-0.578,0.158,0.084,-0.549,-0.549,-0.549,-0.549,-0.549,-0.549,-0.549,-0.549,-0.549,-0.617,-0.617,0.786,0.002,0.693,0.693,0.048,0.048,0.048,0.048,0.048,0.04
0.022,0.022,0.016,0.013,0.013,0.013,0.013,0.013,-0.584,-0.584,0.403,0.403,0.403,-0.589,-0.589,-0.605,0.002,-0.016,-0.001,-0.001,-0.001,-0.001,-0.001,-0.001,-0.001,-0.096,3.66,-0.115,0.013,0.013,0.026,0.014,0.014,-0.01,-0.01,-0.01,-0.02,-0.001,-1.19,0.021,0.021,0.021,0.021,0.021,0.021,0.69,0.662,-0.586,-0.597,-0.562,0.02,0.601,-0.584,-0.584,-0.584,0.598,0.598,0.598,0.598,0.598,0.598,-0.435,-1.21,-0.577,-1.2,-0.598,-0.598,-0.091,-0.091,-0.091,-0.091,-0.091,-0.091
-0.815,-0.815,-0.001,-0.01,-0.01,-0.01,-0.01,-0.01,-0.01,-0.01,-0.016,-0.016,-0.016,-0.025,-0.026,-0.026,-0.023,-0.023,0.004,0.004,0.004,0.004,0.004,0.004,0.004,0.009,0.009,0.787,0.033,0.033,0.001,0.037,0.037,0.0,0.0,0.0,0.0,0.0,0.756,0.756,0.756,0.756,0.756,0.76,0.815,0.896,0.852,0.003,0.074,0.033,0.063,0.046,0.039,0.039,0.039,0.039,0.039,0.039,0.039,0.039,0.039,-0.016,-0.016,0.017,-0.845,0.065,0.065,0.56,0.56,-0.201,-0.201,-0.201,-0.201
-0.065,-0.149,-0.149,0.03,0.03,0.03,0.03,0.03,0.03,0.03,-0.038,-0.015,-0.015,-0.031,-0.031,-0.027,0.072,0.002,0.723,0.723,0.723,0.723,0.71,0.816,0.816,0.436,0.436,1.05,-0.129,-0.129,0.062,-0.527,0.06,0.181,0.036,0.036,0.036,0.022,-0.017,0.018,0.018,0.018,0.02,0.02,0.02,0.776,0.776,0.039,0.059,-0.726,0.178,0.101,-0.709,-0.709,-0.709,-0.699,-0.699,-0.699,-0.699,-0.699,0.035,-0.756,-0.756,0.174,0.849,0.065,0.065,-0.012,-0.012,-0.012,-0.012,-0.012,-0.012
0.002,0.002,0.002,0.002,0.002,0.002,0.002,0.002,0.002,0.002,-0.004,-0.004,-0.004,0.016,0.016,-0.583,0.0,0.0,-0.004,-0.004,-0.004,-0.004,-0.004,-0.004,-0.004,-0.006,-0.006,-0.006,0.0,0.0,-0.006,-0.006,-0.006,0.001,0.001,0.001,0.001,0.001,0.522,0.52,0.52,0.52,0.52,0.52,0.52,0.0,0.0,-0.001,-0.001,0.001,-0.009,-0.009,-0.014,-0.014,-0.014,-0.004,-0.004,-0.004,-0.004,-0.004,-0.004,-0.002,-0.002,-0.021,-0.01,-0.01,-0.01,0.042,0.025,0.025,0.025,0.025,0.025
-0.024,0.019,-0.001,0.085,0.088,0.101,0.101,-0.728,-0.728,-0.728,0.009,0.009,0.009,-0.012,0.01,0.013,0.025,0.023,-0.029,1.56,0.749,0.039,0.777,0.777,0.777,-0.01,-0.01,-0.012,-0.004,-0.004,-0.017,0.009,0.009,0.001,0.01,0.014,-0.814,-0.06,-0.771,0.02,0.02,0.02,0.04,0.0,0.0,0.739,-0.788,-0.788,-0.01,0.004,-0.015,-0.025,-0.771,-0.771,-0.771,0.09,0.09,0.09,0.09,0.09,-0.809,-0.809,-0.809,-0.014,-0.805,-0.025,-0.039,-0.075,-0.075,-0.075,-0.075,-0.075,-0.085
-0.049,-0.049,-0.8,0.023,0.023,0.023,0.023,0.023,0.02,0.02,-0.822,-0.822,-0.822,-0.012,-0.012,-0.012,0.015,0.015,0.011,0.011,0.011,0.011,0.011,0.011,0.011,0.76,0.76,0.764,-0.066,0.002,-0.122,-0.122,-0.122,-0.827,-0.833,-0.833,-0.833,-0.833,-0.147,-0.147,-0.147,-0.147,-0.147,-0.147,-0.147,2.22,2.28,-0.1,-0.1,0.017,0.028,0.017,-0.811,-0.811,-0.811,-0.767,3.66,-0.755,-0.755,-0.805,0.033,-0.822,-1.29,-0.782,0.018,0.017,0.017,-0.065,-0.065,-0.065,-0.059,-0.059,-0.059
-0.013,-0.013,-0.013,1.45,1.43,1.43,1.43,1.43,0.715,0.715,-0.06,-0.06,-0.06,0.016,0.016,-0.842,-0.007,-0.035,0.718,0.718,0.718,0.718,0.718,0.677,0.677,-0.052,-0.052,-0.052,0.009,0.009,0.02,-0.033,-0.023,-0.034,-0.034,-0.034,-0.034,0.617,0.524,0.519,0.519,0.516,0.516,0.517,0.517,0.756,0.756,-0.042,-0.054,0.01,0.0,0.0,-0.251,-0.251,-0.251,0.196,0.196,0.196,0.196,0.196,0.196,-0.262,-0.262,0.033,-0.051,-0.031,-0.031,0.34,0.34,0.34,0.34,0.34,0.34
-0.607,-0.607,-0.606,-0.012,-0.012,-0.012,-0.012,-0.012,-0.012,-0.012,-0.124,-0.114,-0.114,-0.04,-0.04,-0.04,-0.504,0.457,0.579,0.579,0.555,1.08,1.08,1.08,1.08,0.553,0.553,0.553,0.039,0.039,0.005,0.005,0.005,0.0,-0.001,-0.001,-0.001,-0.001,0.014,-0.002,-0.002,-0.002,-0.002,-0.002,-0.002,0.592,0.553,0.012,-0.58,-0.544,0.054,0.054,0.068,0.068,0.068,0.068,0.068,0.068,0.068,0.068,0.068,-0.623,-0.623,0.077,-0.6,0.087,0.087,0.033,0.033,0.033,0.033,0.033,0.031
-0.025,-0.025,0.003,-0.482,-0.482,-0.482,-0.482,-0.482,-0.482,-0.482,-0.003,-0.003,-0.003,-0.002,-0.002,-0.002,0.458,0.455,0.482,0.482,0.45,0.45,0.45,0.45,0.45,-0.029,-0.029,-0.012,0.0,0.0,-0.017,-0.004,-0.004,-0.007,-0.007,-0.016,-0.016,-0.017,0.422,0.422,0.415,0.415,0.415,0.396,0.396,0.864,0.862,0.321,0.318,-0.033,0.401,0.442,-0.117,-0.117,-0.117,-0.117,-0.117,-0.117,-0.117,-0.117,-0.083,-0.484,-0.484,0.319,-0.499,-0.114,-0.114,0.102,0.102,0.102,0.102,0.102,0.102
-0.046,-0.046,-0.036,-0.581,-0.04,-0.036,0.504,0.504,-0.062,-0.062,-0.086,-0.086,-0.086,0.355,0.355,0.355,0.0,0.0,1.21,1.21,1.21,1.21,1.21,1.21,1.21,0.135,0.135,0.135,-0.532,-0.532,-0.163,-0.163,-0.667,0.317,0.298,0.298,0.298,-0.156,-0.138,-0.138,-0.138,-0.138,-0.159,-0.159,-0.159,1.73,1.67,-0.575,-0.575,-0.55,0.433,0.433,-0.563,-0.563,-0.563,0.446,0.446,0.446,0.446,0.446,0.446,-0.582,-0.582,0.417,-0.081,-0.09,-0.09,0.092,0.092,0.092,0.092,0.092,0.098
0.005,0.005,0.016,-0.003,-0.003,-0.003,-0.003,-0.003,-0.003,-0.003,0.0,0.0,0.0,-0.003,-0.003,-0.003,0.0,0.0,-0.001,-0.001,-0.001,-0.001,-0.001,-0.001,-0.001,-0.003,-0.003,-0.019,0.003,0.003,-0.011,0.007,0.014,0.002,0.002,0.002,0.002,0.002,0.004,0.004,0.004,0.004,0.004,0.004,0.004,-0.006,-0.006,0.003,0.003,0.013,-0.012,0.005,0.003,0.003,0.003,0.003,0.003,0.003,0.003,0.003,0.003,-0.002,-0.002,-0.022,0.015,0.0,0.0,0.029,0.029,0.029,0.029,0.029,0.032
-0.014,-0.014,-0.392,0.05,0.05,0.05,0.05,0.05,0.05,0.05,-0.013,-0.013,-0.013,-0.408,-0.408,-0.045,-0.024,-0.024,0.985,0.985,0.985,-0.016,-0.016,-0.016,-0.016,-0.405,-0.405,3.11,-0.021,-0.04,-0.06,-0.066,-0.066,-0.046,0.301,0.301,0.301,0.301,0.326,0.313,0.313,0.313,0.313,0.313,0.313,0.01,0.01,0.333,0.335,-0.376,-0.008,-0.008,0.0,0.0,0.0,0.0,0.0,0.0,0.0,0.0,0.0,-0.382,-0.382,-0.361,0.309,0.332,-0.027,0.134,0.134,0.134,0.134,0.134,0.134
-0.027,-0.027,0.545,0.0,0.0,0.0,0.0,0.0,0.0,0.0,-0.023,-0.047,-0.047,-0.175,-0.175,-0.175,0.508,0.0,1.11,1.11,1.22,0.312,0.312,0.312,0.312,-0.068,-0.068,0.676,-0.022,-0.022,0.365,-0.027,-0.027,-0.065,-0.033,-0.033,-0.033,-0.051,1.02,1.02,1.02,-0.037,-0.029,-0.064,-0.064,-0.008,-0.008,-0.018,-0.018,-0.025,-0.634,0.778,-0.043,-0.043,-0.043,-0.043,-0.043,-0.043,-0.043,-0.043,-0.043,-0.581,-0.805,-0.055,-0.119,-0.061,-0.061,0.091,0.091,0.091,0.091,0.091,0.091
-0.377,-0.377,-0.829,-0.338,-0.338,-0.338,-0.338,-0.338,-0.338,-0.338,-0.704,-0.704,-0.704,0.14,0.035,-0.486,0.31,0.279,0.869,0.907,0.905,0.905,0.905,0.905,0.905,-0.604,-0.604,0.63,0.103,0.102,0.006,-0.02,-0.02,0.073,0.077,0.088,0.088,-0.415,-0.247,-0.247,-0.247,-0.247,-0.31,-0.34,-0.443,1.43,1.43,-0.343,-0.4,-0.374,-0.38,0.55,-0.371,-0.371,-0.371,-0.371,-0.371,-0.371,-0.371,-0.371,-0.371,-0.855,-0.855,0.072,-0.379,-0.386,-0.373,-0.465,-0.465,-0.049,-0.049,-0.049,0.613
-0.013,-0.624,0.14,-0.007,0.004,0.004,-0.085,-0.085,-0.085,-0.085,-0.004,-0.004,-0.004,-0.572,0.006,-0.004,-0.005,0.002,0.007,0.007,0.003,0.007,0.007,0.007,0.007,0.0,0.0,0.0,0.002,0.002,-0.003,-0.52,-0.574,0.006,-0.004,-0.552,-0.552,-0.003,-0.55,0.003,0.003,0.003,0.003,0.004,0.004,0.0,-0.005,0.0,0.0,0.0,0.002,0.004,-0.142,-0.142,-0.142,-0.013,-0.013,-0.013,-0.616,-0.003,-0.003,0.003,-1.19,-0.02,0.003,-0.012,-0.012,-0.039,-0.039,-0.039,-0.039,-0.039,-0.039
-0.004,-0.004,-0.004,-0.001,-0.001,-0.001,-0.001,-0.001,-0.001,-0.001,0.0,0.0,0.0,-0.001,0.001,-0.001,-0.005,-0.005,-0.01,-0.01,0.0,0.0,0.0,0.0,0.0,0.526,-0.552,0.526,0.002,0.002,0.0,0.0,0.0,-0.061,-0.005,0.0,0.0,0.0,0.501,0.501,0.501,0.501,0.501,0.501,0.501,0.009,0.009,0.0,0.0,0.003,-0.001,-0.001,-0.009,-0.009,-0.009,-0.009,-0.009,-0.009,-0.009,-0.009,-0.009,0.006,0.006,-0.038,-0.005,-0.009,-0.009,0.048,0.048,0.048,0.057,0.057,0.055
0.02,0.014,0.002,0.013,-0.001,-0.001,-0.001,-0.005,-0.005,-0.005,-0.011,-0.011,-0.011,-0.008,-0.008,-0.008,-0.007,0.0,-0.002,-0.002,-0.002,-0.002,-0.002,-0.002,-0.002,0.223,0.223,0.223,0.007,0.007,-0.005,-0.005,-0.005,-0.031,-0.007,-0.007,-0.007,-0.007,0.005,0.005,0.005,0.005,0.005,0.005,0.005,0.795,0.795,0.006,0.013,0.003,0.002,-0.015,0.018,0.018,0.018,0.018,0.018,0.018,0.018,0.018,0.018,0.034,0.034,0.019,-0.013,0.009,0.009,-0.021,-0.021,-0.021,-0.021,-0.021,0.113
-0.068,-0.068,0.003,-0.063,-0.063,-0.063,-0.063,-0.063,-0.063,-0.063,-0.066,-0.066,-0.066,-0.037,-0.037,-0.037,0.036,0.036,-0.066,-0.066,-0.066,-0.066,-0.066,-0.066,-0.066,0.053,0.053,0.053,0.0,0.0,0.037,0.037,0.043,-0.077,-0.065,-0.065,-0.065,-0.065,0.128,0.128,0.128,0.128,0.128,0.128,0.128,0.026,0.026,-0.068,-0.081,-0.171,0.034,0.034,-0.031,-0.031,-0.031,-0.031,-0.031,-0.031,-0.031,-0.031,-0.031,-0.066,-0.066,0.024,-0.186,0.033,0.033,-0.006,-0.006,-0.006,-0.006,-0.006,-0.006
-0.322,-0.322,-0.107,0.421,0.421,0.466,0.466,0.466,0.466,0.466,-0.031,-0.217,-0.217,-0.534,-0.534,-0.534,0.456,-0.461,0.526,0.526,0.526,0.526,0.598,0.598,0.598,-0.238,-0.238,-0.238,0.002,0.002,0.108,0.094,0.102,0.02,0.02,0.02,0.02,0.02,0.014,0.014,0.014,0.014,0.014,-0.195,-0.195,-0.154,-0.154,0.224,0.384,-0.379,0.211,0.211,0.185,0.185,0.185,0.171,0.171,0.984,-0.44,-0.44,-0.44,-0.56,-0.56,-0.031,-0.205,-0.196,-0.196,-0.019,-0.019,-0.019,-0.019,-0.019,-0.019
-0.659,-0.659,0.018,-0.002,-0.002,-0.002,-0.002,-0.002,-0.002,-0.002,-0.012,-0.012,-0.012,-0.003,-0.003,-0.003,0.014,0.007,0.029,0.029,0.026,0.026,0.026,0.026,0.026,0.0,0.0,0.0,0.011,0.011,0.003,0.003,0.003,-0.008,-0.008,-0.008,-0.008,-0.008,0.007,0.007,0.007,0.007,0.007,0.012,0.012,0.306,0.306,-0.303,-0.301,0.01,0.014,0.014,0.025,0.025,0.025,0.025,0.025,0.025,0.025,0.025,0.025,-0.309,-0.309,0.029,-0.284,0.03,0.03,-0.015,-0.015,-0.015,-0.015,-0.015,-0.015
0.053,0.053,-0.53,0.01,0.01,0.01,0.01,0.01,0.01,0.01,-0.114,-0.128,-0.128,-0.051,-0.051,-0.079,0.035,0.014,0.0,0.0,0.0,0.0,0.0,0.0,0.0,0.258,0.258,0.359,0.016,0.016,-0.053,-0.137,-0.137,-0.053,-0.053,-0.035,-0.035,-0.035,-0.245,-0.245,-0.245,-0.245,-0.245,-0.245,-0.245,0.515,0.515,0.023,0.025,-0.531,0.04,0.04,-0.538,-0.538,-0.538,0.051,0.051,0.051,0.051,0.051,0.051,-0.545,-0.545,0.007,-0.517,-0.546,-0.546,-0.066,-0.066,-0.066,-0.066,-0.066,-0.066
-0.452,-0.452,-0.452,0.002,0.002,0.002,0.002,0.002,0.002,0.002,-0.449,-0.468,-0.468,0.013,0.013,0.005,-0.01,-0.01,0.452,0.452,0.452,0.445,0.445,0.445,0.445,-0.006,-0.006,-0.006,0.009,0.009,0.0,0.005,0.005,-0.024,-0.015,-0.021,-0.021,-0.021,-0.001,-0.001,-0.001,-0.001,-0.001,-0.001,-0.001,0.441,0.441,0.006,0.006,-0.453,-0.011,0.003,-0.005,-0.005,-0.005,-0.005,-0.005,-0.005,-0.005,-0.005,-0.005,-0.454,-0.984,-0.041,-0.464,-0.007,-0.007,-0.022,-0.022,-0.022,-0.022,-0.022,-0.022
-0.008,-0.008,0.009,-0.009,-0.009,-0.009,0.007,0.007,0.007,0.007,0.007,0.007,0.007,0.001,0.001,0.002,-0.002,0.007,0.007,0.007,-0.016,0.002,0.002,0.002,0.002,-0.002,-0.002,-0.002,-0.003,-0.003,-0.011,0.001,0.001,-0.002,-0.002,-0.002,-0.002,-0.002,0.002,0.002,0.002,0.002,0.002,0.002,0.002,0.002,0.002,-0.006,-0.006,-0.002,-0.018,-0.016,-0.008,-0.008,-0.008,-0.008,-0.008,-0.008,-0.008,-0.008,-0.008,-0.003,-0.003,-0.026,-0.007,-0.017,-0.017,-0.007,-0.007,-0.007,-0.007,-0.007,-0.007
0.0,0.0,-0.052,-0.047,-0.047,-0.047,-0.047,-0.047,-0.047,-0.047,-0.146,-0.146,-0.146,0.142,0.142,-0.305,-0.054,-0.054,0.751,0.751,0.862,0.867,0.867,0.867,0.867,-0.082,-0.082,0.86,0.378,0.378,-0.047,-0.047,-0.034,-0.054,-0.054,-0.054,-0.054,-0.054,-0.04,-0.505,-0.033,-0.033,-0.033,-0.033,-0.033,0.895,0.895,-0.044,-0.044,0.169,-0.008,-0.035,-0.514,-0.514,-0.514,0.001,0.001,0.001,0.001,-0.013,-0.012,0.413,-0.058,0.002,-0.048,0.004,0.004,0.02,0.02,0.227,0.227,0.227,0.227
0.015,0.015,0.015,0.05,0.05,0.05,0.05,0.05,0.05,0.05,-0.536,-0.536,-0.536,0.042,0.042,0.042,0.095,0.095,0.11,0.11,0.11,0.11,0.11,0.11,0.11,0.035,0.035,0.038,0.01,-0.013,0.136,-0.067,-0.067,0.0,0.0,-0.008,-0.008,-0.008,-0.046,-0.046,-0.046,-0.046,-0.046,-0.046,-0.046,1.94,1.94,-0.657,-0.693,-0.675,0.037,0.037,-0.693,-0.693,-0.693,-0.033,-0.033,-0.033,-0.033,-0.033,-0.033,-0.706,-0.706,-0.115,-0.235,-0.006,-0.006,-0.131,-0.131,-0.131,-0.131,-0.131,-0.014
-0.129,-0.129,-0.129,0.166,0.166,0.166,0.166,0.166,0.166,0.166,-0.364,-0.364,-0.364,-0.39,-0.39,-0.392,0.212,0.202,0.304,0.304,0.304,0.304,0.304,0.304,0.304,0.675,0.675,0.692,-0.273,-0.273,-0.138,-0.138,-0.138,0.074,0.074,0.074,0.074,0.074,-0.133,-0.133,-0.133,-0.133,-0.133,-0.153,-0.153,0.713,0.581,-0.018,-0.009,-0.138,0.305,0.305,-0.292,-0.292,-0.292,-0.292,-0.292,-0.292,-0.292,0.083,0.083,-0.393,-0.393,-0.125,0.003,-0.129,-0.129,0.0,0.0,0.0,0.0,0.0,0.0
-0.064,-0.064,-0.064,-0.148,-0.148,-0.148,-0.148,-0.148,-0.148,-0.148,-0.497,-0.497,-0.497,-0.059,-0.059,-0.053,0.31,0.306,0.724,0.724,0.724,0.724,0.724,0.724,0.724,-0.171,-0.171,0.245,0.265,0.265,-0.099,-0.085,-0.085,0.335,0.275,0.253,0.253,0.258,-0.081,-0.081,-0.081,-0.081,-0.081,-0.12,-0.12,0.814,0.814,-0.517,-0.54,-0.066,0.818,0.31,-0.53,-0.53,-0.53,0.022,0.022,0.022,0.022,0.022,0.023,-0.54,-0.543,-0.49,-1.02,-0.519,-0.519,-0.17,-0.17,-0.17,0.185,0.185,-0.41
-0.438,-0.438,-0.424,0.267,0.267,0.267,0.267,0.267,0.267,0.267,-0.428,-0.44,-0.44,-0.459,-0.459,0.369,0.031,0.058,0.783,0.783,0.783,0.783,0.783,0.783,0.783,-0.055,3.66,0.125,-0.115,-0.115,-0.005,-0.005,-0.005,0.224,0.224,0.224,0.224,0.224,0.013,0.013,0.013,0.013,0.013,0.013,0.013,0.686,0.686,-0.439,-0.447,-0.392,-0.447,-0.446,-0.02,-0.02,-0.02,0.411,0.411,0.411,0.411,0.411,0.411,-0.445,-0.445,-0.009,-0.026,-0.031,-0.031,0.034,0.034,0.034,0.034,0.034,0.04
0.077,0.077,-0.459,0.086,0.086,0.086,0.086,0.086,0.086,0.086,-0.448,-0.484,-0.484,-0.043,-0.043,-0.043,0.061,0.114,0.47,0.47,0.937,-0.051,-0.051,-0.051,-0.051,-0.056,-0.056,-0.056,0.053,0.044,0.324,-0.379,-0.379,-0.02,-0.019,0.509,0.489,0.489,-0.194,-0.194,-0.194,-0.194,-0.194,0.289,0.289,0.945,0.945,-0.477,-0.477,-0.469,0.014,0.368,-0.091,-0.091,-0.091,-0.091,-0.091,-0.091,-0.091,-0.091,-0.091,-0.48,-0.48,0.032,-0.109,-0.501,-0.501,-0.018,-0.018,-0.018,-0.018,-0.018,-0.018
-0.013,-0.013,-0.013,0.007,0.007,0.007,0.007,0.007,0.007,0.007,-0.017,-0.017,-0.017,0.0,0.0,0.0,0.011,0.011,0.012,0.012,0.012,0.012,0.012,0.012,0.012,-0.005,-0.005,-0.005,0.468,0.468,-0.003,-0.003,-0.01,-0.033,-0.003,-0.003,-0.003,-0.003,0.006,0.006,0.006,0.006,0.006,-0.019,-0.019,0.089,0.089,-0.018,-0.02,-0.002,-0.018,-0.018,-0.019,-0.019,-0.019,-0.019,-0.019,-0.019,-0.019,-0.019,-0.019,-0.033,-0.033,-0.031,-0.007,-0.025,-0.025,0.029,0.029,0.029,0.029,0.029,0.029
-0.007,-0.007,-0.134,0.012,0.012,0.012,0.012,-0.014,-0.014,-0.014,-0.038,-0.058,-0.058,-0.024,-0.711,-0.059,-0.03,-0.03,0.589,0.589,0.54,0.54,0.54,0.54,0.54,-0.422,-0.422,1.12,0.0,0.045,0.001,-0.033,-0.052,-0.036,-0.036,-0.036,-0.036,-0.036,-0.008,-0.008,-0.008,-0.008,-0.008,-0.008,-0.046,1.33,1.33,-0.155,-0.11,0.105,0.429,0.373,-0.633,-0.633,-0.633,-0.633,-0.633,-0.633,-0.633,-0.01,0.034,-0.727,-0.727,0.109,-0.35,-0.627,-0.627,0.125,0.125,0.125,0.125,0.125,0.125
0.009,0.009,0.009,-0.001,-0.001,-0.001,-0.001,-0.001,-0.001,-0.001,-0.008,-0.008,-0.008,-0.004,-0.004,-0.004,-0.001,-0.001,0.621,0.604,0.604,0.604,0.604,0.604,0.604,-0.008,-0.008,-0.008,0.006,0.006,-0.001,-0.001,-0.001,-0.003,-0.003,-0.002,-0.002,-0.01,-0.004,-0.004,-0.004,-0.004,-0.004,-0.004,-0.004,1.08,1.08,-0.002,0.005,0.012,0.004,0.004,0.012,0.012,0.012,0.012,0.012,0.012,0.012,0.012,0.012,-0.007,-0.007,0.023,-0.062,0.015,0.015,0.074,0.074,0.074,0.074,0.074,0.074
0.01,0.01,0.01,0.002,0.002,0.002,0.002,0.002,0.002,0.002,-0.013,-0.013,-0.013,-0.014,-0.014,-0.014,0.694,-0.01,1.35,0.694,1.28,-0.029,-0.029,-0.029,-0.029,-0.009,-0.009,-0.009,0.017,0.017,0.005,0.006,0.006,0.004,-0.005,-0.013,-0.013,-0.016,-0.017,-0.017,-0.017,-0.017,-0.017,-0.007,-0.007,2.46,2.45,-0.735,-0.021,0.007,-0.04,0.016,0.005,0.005,0.005,0.005,0.005,0.005,0.005,0.005,0.005,-0.757,-0.757,0.01,-0.017,0.004,0.004,0.091,0.091,0.081,0.081,0.081,0.081
-0.406,-0.406,-0.442,0.011,0.011,0.011,0.011,0.011,0.011,0.011,-1.02,-1.01,-1.01,-0.477,-0.477,-0.477,0.029,0.012,0.017,0.017,0.017,0.017,0.017,0.017,0.017,-0.988,-0.988,1.26,-0.449,-0.418,0.02,0.035,0.013,0.067,0.007,0.007,-0.022,-0.022,0.005,0.005,0.005,0.005,0.001,0.001,0.001,0.453,0.453,-0.45,-0.45,-0.436,0.064,0.064,-0.978,-1.29,-0.942,-0.397,-0.397,-0.397,-0.397,-0.397,-0.407,-0.441,-0.441,-0.393,-0.45,-0.433,-0.414,-0.139,-0.139,-0.139,-0.139,-0.139,-0.139
-0.14,-0.14,-0.187,0.05,0.05,0.05,0.05,0.05,0.05,0.05,-0.103,-0.103,-0.103,-0.18,-0.166,-0.166,0.575,-0.147,0.381,0.381,0.381,0.16,0.16,0.16,0.16,0.046,0.046,0.046,-0.388,-0.388,-0.212,-0.064,-0.064,-0.042,-0.042,-0.042,-0.042,-0.055,0.01,0.01,0.01,0.01,0.01,0.01,0.01,1.77,1.77,-0.207,-0.219,0.12,-0.035,0.14,0.0,0.0,0.0,0.0,0.0,0.0,0.0,0.0,0.0,-0.218,-0.218,-0.21,0.292,-0.228,-0.228,0.057,0.057,0.057,0.057,0.057,0.059
-0.535,-0.526,-0.524,0.01,0.01,0.01,0.01,0.01,0.01,0.01,-0.53,-0.536,-0.536,-0.02,-0.02,-0.024,0.0,0.0,0.495,0.495,0.495,0.482,0.482,0.482,0.482,-0.54,-0.54,0.478,0.011,0.011,0.012,0.012,0.012,-0.013,-0.013,-0.013,-0.013,-0.013,0.01,0.007,0.007,0.007,0.007,-0.025,-0.01,0.48,0.48,0.002,0.002,0.017,0.016,0.016,-0.53,-0.53,-0.53,0.021,0.021,0.021,0.021,0.021,0.021,-0.527,-0.527,-0.001,0.023,0.017,0.017,-0.03,-0.03,-0.03,-0.03,-0.03,-0.03
-0.019,-0.019,-0.019,0.006,0.006,0.006,0.006,0.006,-0.023,-0.023,-0.031,-0.042,-0.042,-0.04,-0.04,-0.04,-0.039,-0.03,0.991,0.991,1.71,-0.033,-0.033,-0.033,-0.033,-0.571,-0.571,2.44,0.002,-0.019,0.482,0.998,0.998,0.442,0.454,-0.026,-0.049,0.505,-0.027,0.962,0.962,0.962,-0.025,-0.025,1.02,0.952,0.952,-0.029,-0.029,0.52,-0.028,-0.025,0.418,0.418,0.418,0.418,0.418,0.418,0.418,0.437,0.437,-0.089,-0.124,0.454,-0.037,-0.037,-0.037,0.12,0.12,0.12,0.12,0.12,0.12
0.003,0.003,0.001,-0.001,-0.001,-0.001,-0.001,-0.001,-0.001,-0.001,-0.001,-0.001,-0.001,0.0,0.0,0.0,0.0,0.0,0.004,0.004,0.004,0.004,0.004,0.004,0.004,0.145,0.145,0.145,-0.003,-0.003,-0.001,-0.001,-0.001,-0.003,-0.003,-0.003,-0.003,-0.003,0.004,0.004,0.004,0.004,0.004,0.004,0.004,-0.003,-0.003,0.001,0.001,-0.011,-0.003,-0.003,0.004,0.004,0.004,0.004,0.004,0.004,0.004,0.004,0.004,-0.006,-0.006,0.004,-0.002,0.005,0.005,0.007,0.007,0.007,0.007,0.007,0.007
0.0,0.0,0.0,-0.002,-0.002,-0.002,-0.002,-0.002,-0.002,-0.002,-0.002,-0.002,-0.002,-0.003,-0.003,-0.003,-0.002,-0.002,0.004,0.004,-0.002,-0.002,-0.002,-0.002,-0.002,0.147,0.147,0.147,0.001,0.001,0.0,0.0,0.0,-0.002,-0.002,-0.002,-0.005,-0.005,0.0,0.0,0.0,0.0,0.0,0.0,0.0,-0.002,-0.002,0.0,0.0,0.006,-0.005,-0.005,0.003,0.003,0.003,0.003,0.003,0.003,0.003,0.003,0.003,-0.004,-0.004,0.006,0.003,0.0,0.0,0.009,0.009,0.009,0.009,0.009,0.005
0.027,0.027,0.001,-0.001,-0.001,-0.001,-0.001,-0.001,-0.001,-0.001,-0.019,-0.019,-0.019,-0.026,-0.026,-0.026,-0.009,-0.009,0.659,0.659,0.659,0.659,0.659,0.659,0.659,-0.763,-0.763,1.91,0.0,0.0,-0.008,-0.008,-0.008,-0.038,-0.038,-0.038,-0.038,-0.038,0.652,0.652,0.652,0.652,0.652,0.652,0.652,1.41,1.41,0.006,0.006,-0.01,0.689,0.689,-0.739,-0.739,-0.739,0.015,0.015,0.015,0.015,0.015,0.015,-0.733,-0.733,0.016,-0.015,0.011,0.011,0.128,0.128,0.128,0.128,0.128,0.122
0.002,0.002,0.002,0.0,0.0,0.0,0.0,0.0,0.0,0.0,0.398,0.415,0.415,-0.017,-0.017,-0.023,-0.015,-0.015,0.439,0.439,0.417,0.417,0.417,0.417,0.417,-0.041,-0.041,2.16,-0.002,-0.002,-0.484,-0.484,-0.484,0.412,0.412,0.412,0.412,0.412,0.066,0.066,0.066,0.066,0.066,0.066,0.066,-0.035,-0.035,0.694,0.694,-0.467,0.469,0.47,-0.475,-0.48,-0.48,0.481,0.481,0.481,0.481,0.481,0.481,-0.483,-0.483,0.017,-0.056,0.006,0.006,0.106,0.106,0.106,0.106,0.106,0.106
0.002,0.002,0.009,-0.009,0.018,-0.001,-0.001,-0.001,-0.001,-0.001,0.013,0.004,0.004,-0.022,-0.002,-0.002,0.005,0.001,-0.026,0.0,0.0,-0.006,-0.006,-0.006,-0.006,-0.014,-0.014,-0.007,0.0,0.0,-0.042,0.007,0.007,0.001,0.001,0.001,0.001,0.001,0.01,-0.001,-0.001,0.017,0.017,-0.03,-0.03,-0.008,-0.008,-0.002,-0.002,0.006,-0.026,-0.026,0.002,0.002,0.002,0.002,0.002,0.002,0.002,0.002,0.002,-0.005,-0.005,-0.042,-0.013,-0.014,-0.014,0.021,-0.013,-0.013,-0.013,-0.013,-0.013
-0.038,-0.038,0.002,-0.015,-0.015,-0.015,-0.015,-0.015,-0.015,-0.015,-0.008,-0.008,-0.008,-0.022,-0.022,-0.022,0.342,0.346,0.409,0.409,0.409,0.409,0.409,0.409,0.409,0.823,0.823,1.02,-0.016,-0.016,-0.022,-0.019,-0.019,-0.006,-0.006,-0.006,-0.006,-0.006,0.001,0.001,0.001,0.009,0.009,-0.001,-0.001,1.12,0.331,-0.02,-0.02,0.0,0.341,0.355,-0.44,-0.44,-0.44,0.352,0.352,0.352,0.352,0.352,0.369,-0.389,-0.389,0.305,-0.017,-0.003,-0.003,0.174,0.174,0.174,0.174,0.174,0.176
-0.243,-0.243,-0.243,0.025,0.025,0.025,0.025,0.025,0.025,0.025,-0.243,-0.243,-0.243,0.004,0.004,0.004,0.011,0.011,0.146,0.146,0.146,0.146,0.146,0.165,0.165,0.0,0.0,0.0,0.003,0.003,-0.246,-0.52,-0.245,-0.244,-0.244,-0.25,-0.25,-0.25,-0.236,-0.236,-0.236,-0.236,-0.236,-0.242,-0.242,0.057,0.057,-0.26,-0.26,-0.228,0.012,0.012,-0.527,-0.527,-0.527,0.016,0.016,0.016,0.016,0.016,0.016,-0.52,-0.52,-0.013,-0.511,-0.25,-0.25,-0.117,-0.117,-0.117,-0.117,-0.117,-0.117
-0.287,-0.323,-0.33,-0.073,-0.073,-0.073,-0.073,-0.073,-0.073,-0.073,0.002,0.002,0.002,-0.385,-0.385,-0.374,0.022,0.017,0.79,0.79,0.758,0.405,0.405,0.405,0.405,-0.783,-0.783,1.35,0.069,0.069,0.063,-0.338,-0.324,-0.32,-0.347,-1.11,-0.355,-0.355,-0.338,-0.338,-0.338,-0.338,-0.338,-0.338,-0.338,0.195,0.195,0.068,0.098,-0.739,0.095,0.086,-0.743,-0.726,-0.726,0.463,0.463,0.463,0.463,0.463,0.463,-0.774,-0.774,-0.305,-0.373,-0.141,-0.141,-0.088,-0.088,-0.088,-0.088,-0.088,-0.088
0.003,0.003,0.003,0.0,0.0,0.0,0.0,0.0,0.0,0.0,-0.003,-0.003,-0.003,-0.002,-0.002,-0.002,-0.002,-0.001,0.013,0.013,0.013,0.013,0.013,0.013,0.013,-0.004,-0.004,-0.004,0.009,0.009,-0.001,-0.001,-0.001,0.001,0.001,0.001,0.001,0.001,0.007,0.008,0.008,0.008,0.008,0.006,0.006,0.004,0.004,-0.002,0.0,0.002,0.009,-0.001,0.003,0.003,0.003,0.003,0.003,0.003,0.003,0.003,0.003,-0.001,-0.001,-0.005,-0.002,-0.001,-0.001,0.002,0.002,0.002,0.002,0.002,0.002
-0.918,0.022,-0.005,0.011,0.011,0.017,0.017,0.017,0.017,0.017,-0.005,0.011,0.011,-0.021,-0.021,-0.021,0.005,0.008,0.017,0.017,0.005,-0.01,-0.01,-0.01,-0.01,-0.063,-0.063,-0.006,0.005,0.008,-0.862,-1.29,-0.839,0.002,-0.001,-0.001,-0.001,-0.001,0.001,0.001,0.001,-0.087,-0.087,0.023,0.023,0.025,0.025,0.015,-0.889,0.041,0.047,0.036,0.001,0.001,0.001,0.077,0.077,0.077,0.077,0.077,-0.856,0.002,-0.888,0.005,0.001,0.034,0.034,-0.103,-0.103,-0.103,-0.103,-0.103,-0.103
-0.015,-0.015,-0.015,0.108,0.108,0.108,0.108,0.108,0.108,0.108,0.002,0.002,0.002,-0.002,-0.002,-0.002,-0.003,-0.016,0.114,0.114,0.114,0.11,0.116,0.116,0.116,-0.011,-0.011,-0.011,0.104,0.104,-0.009,-0.547,-0.003,-0.01,-0.01,-0.01,-0.01,-0.01,0.31,0.31,0.31,0.31,0.299,0.297,0.3,0.001,0.001,0.0,0.0,0.0,0.09,0.107,-0.041,-0.041,-0.041,-0.041,-0.041,-0.041,-0.041,-0.041,0.005,-0.002,-0.002,-0.007,-0.006,0.001,0.001,0.047,0.047,0.047,0.047,0.047,0.047
0.006,0.006,0.003,-0.004,-0.004,-0.004,0.003,0.003,0.003,0.003,-0.003,-0.003,-0.003,-0.006,-0.006,-0.006,-0.005,0.009,0.0,0.0,0.0,-0.023,-0.023,-0.023,-0.023,-0.007,-0.007,-0.007,0.004,0.002,0.001,0.001,0.001,-0.004,-0.004,-0.004,-0.004,-0.004,0.004,0.004,0.004,0.004,0.004,0.004,0.004,0.589,0.589,-0.001,-0.001,0.01,0.005,-0.004,0.002,0.002,0.002,0.002,0.002,0.002,0.002,0.002,0.002,0.0,0.0,-0.003,-0.006,-0.003,-0.003,0.013,0.013,0.013,0.013,0.013,0.013
0.0,0.0,0.004,-0.005,-0.005,-0.005,-0.005,-0.005,-0.005,-0.005,0.0,0.0,0.0,0.0,0.0,0.0,0.004,0.002,-0.002,-0.002,-0.002,-0.004,-0.004,-0.004,-0.004,-0.005,-0.005,-0.006,0.007,-0.025,-0.019,0.0,0.004,0.004,-0.002,-0.002,-0.002,-0.002,0.006,0.006,0.006,0.006,0.006,0.006,0.006,0.0,0.0,0.001,0.001,0.005,-0.035,-0.011,-0.023,0.004,0.004,0.004,0.004,0.004,0.004,0.004,0.004,-0.002,-0.002,-0.022,0.03,-0.016,-0.016,-0.001,-0.001,-0.001,-0.001,-0.001,-0.001
-0.32,-0.416,-0.466,-0.076,0.354,0.354,0.354,0.354,0.354,0.354,0.317,-0.94,-0.94,0.669,0.632,0.564,0.521,0.015,0.832,0.829,0.753,0.461,0.526,0.526,0.526,1.14,3.2,0.667,-0.019,-0.019,-0.472,-0.457,-0.457,0.0,0.023,0.225,-0.476,0.252,-0.069,-0.069,-0.069,-0.069,-0.069,-0.067,-0.067,0.454,-0.19,0.678,-0.031,-0.426,-0.357,-0.047,-0.432,-0.432,-0.432,0.31,0.31,0.31,0.31,0.31,0.329,-0.479,-0.479,0.072,-0.459,-0.398,-0.398,0.066,0.066,0.066,0.066,0.066,0.026
-0.014,-0.014,-0.014,-0.004,0.0,0.0,0.0,0.0,0.0,0.0,-0.005,-0.005,-0.005,0.149,0.149,0.149,-0.053,-0.053,0.264,0.264,0.264,0.264,0.264,0.264,0.264,0.219,0.219,0.219,-0.002,-0.002,-0.003,-0.003,-0.003,-0.013,-0.013,-0.013,-0.013,-0.013,0.122,0.122,0.122,0.122,0.122,0.126,0.126,0.25,0.25,0.133,0.133,-0.028,-0.006,-0.006,0.007,0.007,0.007,0.007,0.007,0.007,0.007,0.007,0.007,-0.136,-0.136,0.135,-0.006,0.036,0.036,0.06,0.06,0.06,0.06,0.06,0.06
0.002,0.002,0.002,-0.001,-0.001,-0.001,-0.001,-0.001,-0.001,-0.001,-0.006,-0.006,-0.006,-0.002,-0.002,-0.002,-0.003,-0.01,-0.004,-0.004,-0.004,-0.004,-0.017,-0.017,-0.017,-0.006,-0.006,-0.011,0.001,0.001,0.0,0.0,0.0,-0.001,-0.001,-0.001,-0.001,-0.001,0.002,0.002,0.002,0.002,0.002,0.002,0.002,-0.017,-0.017,0.001,0.014,0.014,0.006,0.006,0.01,0.01,0.01,0.01,0.01,0.01,0.01,0.01,0.01,-0.009,0.001,0.008,0.001,0.001,0.001,0.044,0.044,0.044,0.044,0.044,0.044
-0.541,-0.538,0.355,0.39,0.39,0.39,0.39,0.39,0.39,0.39,-0.109,-0.109,-0.109,-0.573,-0.573,0.07,0.249,-0.195,0.244,0.244,0.244,0.244,0.244,0.244,0.244,-0.299,-0.299,0.774,0.152,0.152,-0.131,-0.131,-0.131,-0.001,-0.001,-0.001,-0.001,-0.001,3.66,0.347,0.347,0.743,1.72,0.07,0.07,0.248,0.736,-0.134,-0.134,-0.114,-0.026,-0.026,0.173,0.173,0.173,0.173,0.173,0.173,0.173,0.173,0.028,0.126,-0.559,0.021,-0.27,-0.432,-0.432,0.051,0.051,0.051,0.051,0.051,0.051
-0.409,-0.409,-0.409,0.0,0.0,0.012,0.012,0.012,0.012,0.012,-0.327,-0.327,-0.327,-0.114,-0.114,-0.114,0.001,-1.06,0.523,0.523,0.523,0.523,0.508,0.508,0.508,0.26,0.26,0.264,0.011,0.011,-0.032,-0.002,-0.002,-0.328,-0.328,-0.328,-0.328,-0.328,-0.023,-0.023,-0.023,-0.023,-0.023,-0.023,-0.023,1.41,1.42,-0.316,-0.43,0.005,-0.334,-0.33,0.022,0.022,0.022,0.022,0.022,0.022,0.022,0.022,0.022,-0.425,-0.425,-0.009,-0.421,-0.425,-0.425,0.027,0.027,0.027,0.027,0.027,0.003
0.003,0.003,0.003,-0.005,-0.005,-0.005,-0.005,-0.005,-0.005,-0.005,0.004,-0.018,-0.018,-0.003,-0.003,-0.003,0.001,0.001,-0.03,-0.001,-0.001,-0.001,0.0,0.0,0.0,-0.009,-0.009,-0.009,0.0,0.0,-0.001,-0.001,-0.001,0.003,0.003,0.003,0.003,0.003,0.006,0.006,0.006,0.006,0.006,-0.002,-0.002,0.0,0.0,-0.001,-0.001,0.008,-0.015,-0.015,-0.006,-0.006,-0.006,-0.006,-0.006,-0.006,-0.006,-0.006,-0.006,-0.001,-0.001,-0.014,-0.008,-0.006,-0.006,0.005,0.005,0.005,0.005,0.005,0.005
-0.752,-0.752,-0.742,-0.751,-0.751,-0.751,-0.751,-0.751,-0.751,-0.751,-0.738,-0.738,-0.738,0.007,0.007,0.007,0.021,-0.766,0.704,0.704,0.704,0.704,0.681,0.681,0.681,0.011,0.011,0.008,-0.754,0.016,0.025,0.025,0.025,0.002,0.004,0.005,0.005,0.003,-0.003,-0.003,-0.003,-0.003,-0.003,-0.038,-0.038,0.041,0.041,0.034,0.025,0.037,0.001,0.017,-0.764,-0.764,-0.764,-0.029,-0.029,-0.029,-0.029,-0.029,-0.755,-0.157,-0.157,-0.004,-0.471,-0.766,-0.766,-0.146,-0.146,-0.146,-0.146,-0.146,-0.146
-0.032,-0.032,0.006,-0.058,-0.058,-0.058,-0.058,-0.058,-0.058,-0.058,0.01,0.01,0.01,-0.008,-0.008,-0.008,0.003,0.003,0.727,0.793,0.793,0.795,0.763,0.763,0.763,-0.003,-0.003,-0.003,0.49,0.49,0.566,-0.624,-0.624,-0.032,-0.054,-0.037,-0.037,-0.043,-0.623,0.004,0.004,0.004,0.004,-0.009,0.002,0.87,0.87,-0.626,-0.635,0.0,-0.004,-0.004,-0.635,-0.635,-0.635,0.565,0.565,0.565,0.565,0.565,0.565,-0.626,-0.626,0.308,-0.631,-0.078,-0.078,0.049,0.049,0.049,0.049,0.049,0.034
-0.438,-0.438,-0.43,-0.408,-0.408,-0.408,-0.408,-0.408,-0.408,-0.408,-0.415,-0.396,-0.396,-0.438,-0.438,-0.438,0.043,-0.011,0.086,0.086,0.055,0.064,0.055,0.055,0.055,0.007,0.007,0.071,0.019,0.001,0.005,0.005,0.031,0.03,0.009,-0.011,-0.011,0.02,0.029,0.029,0.029,0.029,0.029,0.04,-0.064,0.791,0.791,0.015,0.008,0.0,0.836,-0.071,-0.915,-0.888,-0.888,-0.421,-0.421,-0.421,-0.421,-0.466,-0.419,-0.859,-0.859,-0.042,-0.868,-0.666,-0.666,-0.073,-0.073,-0.115,-0.115,-0.115,-0.115
-0.031,-0.031,-0.023,-0.013,-0.013,-0.013,-0.013,-0.013,-0.013,-0.013,-0.508,-0.508,-0.508,-0.034,-0.034,-0.053,0.462,0.462,0.031,0.031,0.031,0.031,0.031,0.031,0.031,0.491,0.491,0.491,-0.009,-0.035,-0.004,-0.989,0.0,0.459,0.459,0.459,0.459,0.459,-0.065,-0.065,-0.065,-0.065,-0.065,-0.091,-0.11,0.345,0.345,0.492,0.475,-0.534,-0.043,-0.043,-0.562,-0.562,-0.562,0.399,0.399,0.399,0.399,0.399,1.46,-0.046,-0.046,0.415,0.919,-0.581,-0.581,0.098,0.098,0.098,0.098,0.098,0.098
0.057,0.057,0.072,0.066,0.066,0.066,0.066,0.066,0.066,0.066,-0.003,-0.003,-0.003,-0.018,-0.04,-0.039,-0.003,-0.003,-0.009,-0.009,-0.009,-0.009,-0.029,-0.007,-0.007,0.934,0.934,0.919,-0.001,-0.001,-0.026,-0.012,-0.012,0.002,0.002,-0.009,-0.009,-0.009,-0.032,-0.032,-0.032,-0.032,-0.032,-0.032,-0.032,0.909,0.909,-0.001,-0.027,0.001,-0.004,0.0,-1.0,-0.953,-0.953,0.947,0.947,0.947,0.947,0.947,0.947,-0.997,-0.953,-0.021,-0.021,-0.02,-0.022,0.096,0.096,0.096,0.096,0.096,0.096
0.01,0.01,0.01,0.058,0.058,0.058,0.058,0.058,0.058,0.058,0.002,0.002,0.002,-0.849,-0.849,-0.849,-0.005,0.0,0.839,0.839,0.839,0.446,0.446,0.446,0.446,0.776,0.776,0.828,0.0,0.0,-0.012,-0.012,-0.012,-0.01,-0.01,-0.01,-0.01,-0.01,0.077,0.077,0.077,-0.054,-0.407,-0.051,-0.051,1.56,1.56,0.007,-0.011,0.103,-0.028,-0.015,-0.857,-0.857,-0.857,-0.012,-0.012,-0.012,-0.012,-0.012,-0.012,-0.844,-0.844,-0.05,-0.015,-0.828,-0.037,-0.025,-0.027,-0.027,-0.027,-0.027,-0.027
0.004,0.004,0.004,-0.001,-0.001,-0.001,-0.001,-0.001,-0.001,-0.001,0.0,0.0,0.0,-0.002,-0.002,-0.002,0.002,0.002,0.001,0.001,0.001,-0.006,-0.006,-0.006,-0.006,-0.002,-0.002,-0.002,0.006,0.006,0.001,0.0,0.0,-0.005,-0.005,-0.005,-0.005,-0.005,0.002,0.002,0.002,0.002,0.002,0.002,0.002,-0.005,-0.005,0.005,-0.003,0.006,-0.002,-0.002,-0.018,0.002,0.002,0.002,0.002,0.002,0.002,0.002,0.002,-0.003,-0.003,-0.013,-0.002,-0.004,-0.004,0.021,0.021,0.021,0.033,0.033,0.007
-0.042,-0.042,-0.069,0.083,0.134,0.134,0.134,0.134,0.134,0.134,-0.147,-0.147,-0.147,-0.118,-0.118,-0.118,0.395,-0.085,0.172,0.18,0.16,0.16,0.16,0.16,0.16,-0.097,-0.097,-0.08,0.369,0.384,0.358,0.323,0.321,0.095,0.095,0.095,0.077,0.117,0.259,0.259,0.259,0.259,0.259,0.259,0.259,1.85,1.68,-0.081,-0.087,-0.523,-0.127,0.353,-0.546,-0.531,-0.531,-0.531,-0.531,-0.531,-0.531,-0.531,-0.531,-0.591,-0.591,0.346,0.368,-0.555,-0.318,0.434,0.434,-0.43,-0.43,-0.43,0.0
0.283,0.253,0.265,-0.182,-0.182,-0.182,-0.182,-0.182,-0.182,-0.182,-0.652,-0.652,-0.652,-0.162,-0.139,-0.17,0.269,0.278,0.278,0.278,0.278,0.278,0.278,-0.688,-0.688,-1.14,2.4,1.41,-0.077,-0.077,-0.186,-0.182,-0.149,0.214,-0.198,-0.198,-0.198,-0.198,-0.16,-0.181,-0.181,-0.181,-0.181,-0.181,-0.217,0.686,0.701,-0.169,-0.195,-0.664,-0.197,-0.171,-0.656,-0.656,-0.656,0.27,0.27,0.27,0.27,0.27,0.282,-0.646,-0.646,-0.203,0.278,0.722,2.92,0.0,0.0,0.0,0.0,0.0,0.0
-0.356,-0.356,-0.384,0.032,0.032,0.032,0.032,0.032,0.032,0.032,-0.482,-0.482,-0.482,0.005,0.022,-0.018,0.024,0.02,-0.064,-0.064,-0.076,-0.049,-0.049,-0.049,-0.049,0.028,0.028,0.031,-0.854,0.052,-0.438,-0.398,-0.398,0.042,0.011,0.011,0.011,0.011,-0.389,0.459,0.459,0.454,-0.391,-0.385,-0.385,0.819,0.819,-0.755,-0.733,0.058,0.063,0.083,-0.843,-0.843,-0.843,0.056,0.056,0.056,0.056,0.056,0.067,-0.866,-0.866,-0.815,-0.855,0.033,0.033,1.22,1.22,-0.742,-0.742,-0.742,-0.756
-0.371,-0.371,-0.355,-0.371,-0.361,-0.361,-0.37,-0.37,-0.37,-0.37,-0.363,-0.363,-0.363,0.005,0.005,0.005,0.037,0.051,0.046,0.046,0.005,0.026,0.026,0.026,0.026,0.005,0.005,0.007,-0.367,-0.367,0.007,0.018,0.043,-0.009,-0.009,0.738,0.738,0.738,0.034,0.034,0.034,0.028,0.028,0.016,0.016,0.786,0.786,-0.787,-0.806,-0.785,-0.41,-0.387,-0.81,-0.81,-0.81,0.023,0.023,0.023,0.023,0.023,0.023,-0.81,-0.81,-0.014,0.014,-0.011,-0.011,-0.149,-0.149,-0.149,-0.149,-0.149,-0.149
